"anio_acci","nro_acci","fecha","desc_dia","fecha_aprox","hora_aprox","desc_ruta","km","cant_participantes","desc_participante","calle_avenida_km","total","heridos_leves","heridos_graves","heridos_gravisimos","ilesos","fallecidos","sin_datos","posicion_XY","desc_tipo_via","desc_ruta_ori","desc_loc","desc_dpto","desc_tipo_calzada","desc_tipo_banquina","desc_unidad_regional","desc_lugar_calzada","desc_zona","desc_prioridad","desc_estado_semaforo","desc_lugar_via","desc_estado_via","desc_estado_visibilidad","desc_luminosidad","desc_estado_clima","desc_tipo_colision","desc_tipo_atropello","desc_tipo_hecho","desc_pres_calzada","desc_senializacion","desc_separacion_via","desc_restriccion"
2016,136,1/12/2016,"Martes",0,15:30:00,,"0.0",2,"Automóvil,Automóvil","Rodriguez Y Av. Ntra.Sra.del Rosario",3,1,0,0,2,0,0,,"Calle",,"ROSARIO","Rosario","Asfalto","Pavimento","II","Dentro","Urbana","Ninguna","S/D","Intersección","Bueno","Buena","Diurna","Buen Tiempo","Lateral","S/D","Colisión","S/D","S/D","Ninguna","Sin restricción"
2016,137,1/17/2016,"Domingo",0,9:30:00,,"0.0",2,"Moto/Ciclomotor,Automóvil","Av. Arijon Y Bv. Oroño",2,0,1,0,1,0,0,,"Calle",,"ROSARIO","Rosario","Asfalto","Pavimento","II","Dentro","Urbana","Ninguna","Intermitente","Intersección","Bueno","Buena","Diurna","Buen Tiempo","Lateral","S/D","Colisión","S/D","S/D","Ninguna","Sin restricción"
2016,138,1/20/2016,"Miercoles",0,16:50:00,,"0.0",2,"Moto/Ciclomotor,Automóvil","Madre Cabrini Y Mariano Moreno",3,2,0,0,1,0,0,,"Calle",,"ROSARIO","Rosario","Asfalto","S/D","II","Dentro","Urbana","Ninguna","S/D","Intersección","Bueno","Buena","Diurna","Buen Tiempo","Lateral","S/D","Colisión","S/D","S/D","Ninguna","Sin restricción"
2016,139,1/20/2016,"Miercoles",0,2:10:00,,"0.0",1,"Automóvil","Av. Arijon Y Arengreen",1,1,0,0,0,0,0,,"Calle",,"ROSARIO","Rosario","Asfalto","Pavimento","II","Dentro","Urbana","Ninguna","S/D","Recta","Bueno","Buena","Nocturna","Buen Tiempo","Contra objeto fijo","S/D","Colisión","S/D","S/D","Ninguna","Sin restricción"
2016,140,1/1/2016,"Viernes",0,17:30:00,,"0.0",1,"Moto/Ciclomotor","Pje. 525 Y Buenos Aires",2,2,0,0,0,0,0,,"Calle",,"ROSARIO","Rosario","Asfalto","No existe","II","Dentro","Urbana","S/D","No existe","Recta","Deteriorada","Buena","Atardecer","Buen Tiempo","Atropello animal","S/D","Colisión","Ninguna","Horizontal","S/D","Sin restricción"
2016,141,1/4/2016,"Lunes",0,12:40:00,,"0.0",1,"Moto/Ciclomotor","12 de Octubre Y Velez Sarsfield",1,1,0,0,0,0,0,,"Calle",,"SANTA FE","La Capital","Tierra","No existe","I","Dentro","Urbana","S/D","No existe","Intersección","Bueno","Buena","Diurna","Buen Tiempo","Contra objeto fijo","S/D","Colisión","Otro","S/D","S/D","S/D"
2016,142,1/25/2016,"Lunes",0,19:45:00,,"0.0",2,"Automóvil,Moto/Ciclomotor","Avenida Nuestra Señora del Luj Y Frutos",2,1,0,0,1,0,0,,"Avenida",,"SANTO TOMÉ","La Capital","Asfalto","S/D","I","Dentro","Urbana","S/D","S/D","Intersección","Bueno","Buena","Atardecer","Buen Tiempo","Lateral","S/D","Colisión","S/D","S/D","S/D","S/D"
2016,143,1/22/2016,"Viernes",0,,,"0.0",1,"Moto/Ciclomotor","12 de septiembre Y Azcuenaga",2,2,0,0,0,0,0,,"Calle",,"SANTO TOMÉ","La Capital","Asfalto","S/D","I","Dentro","Urbana","S/D","No existe","Intersección","Bueno","Buena","Diurna","Buen Tiempo","Contra objeto fijo","S/D","Colisión","S/D","S/D","S/D","S/D"
2016,144,4/26/2016,"Martes",0,0:55:00,"Ruta Nacional 168","478.0",1,"Automóvil"," ",1,0,0,0,0,1,0,"-31.652281, -60.614329","Ruta",168,"SANTA FE","La Capital","Hormigón","No existe","I","Dentro","Urbana","S/D","No existe","Puente","S/D","S/D","Nocturna","S/D","S/D","S/D","Inmersión,Despiste","S/D","S/D","Línea divisoria pintada","Sin restricción"
2016,145,4/14/2016,"Jueves",0,2:50:00,"Ruta Nacional 11","0.0",2,"Moto/Ciclomotor,Automóvil","PUENTE CARRETERO ",2,0,0,0,1,1,0,"-31.667025, -60.748564","Ruta",11,"SANTA FE","La Capital","Asfalto","No existe","I","Dentro","Urbana","S/D","No existe","Puente","Con baches","Buena","Nocturna","Buen Tiempo","Contra objeto fijo","S/D","Colisión","Ninguna","Horizontal,Vertical","Cordón divisorio","Sin restricción"
2016,146,1/21/2016,"Jueves",0,12:50:00,,"0.0",2,"Moto/Ciclomotor,Automóvil","Santiago Y Catamarca",3,2,0,0,1,0,0,,"Calle",,"ROSARIO","Rosario","Asfalto","Pavimento","II","Dentro","Urbana","Ninguna","No existe","Intersección","Bueno","Buena","Diurna","Buen Tiempo","Lateral","S/D","Colisión","S/D","S/D","Ninguna","Sin restricción"
2016,147,1/25/2016,"Lunes",0,10:15:00,,"0.0",2,"Camión,Camión","Av. Uriburu Y Av. Circunvalacion",2,1,0,0,1,0,0,,"Avenida",,"ROSARIO","Rosario","Asfalto","Pavimento","II","Dentro","Urbana","Ninguna","No existe","Recta","Bueno","Buena","Diurna","Buen Tiempo","Otro","S/D","Colisión","Otro","S/D","Vegetación","Sin restricción"
2016,148,1/30/2016,"Sabado",0,10:00:00,,"0.0",2,"Automóvil,Moto/Ciclomotor","San Martin Y Esteban de Luca",2,1,0,0,1,0,0,,"Calle",,"ROSARIO","Rosario","Asfalto","No existe","II","Dentro","Urbana","Ninguna","No existe","Intersección","Bueno","Buena","Diurna","Buen Tiempo","De alcance","S/D","Colisión","Ninguna","Faltante","Ninguna","Sin restricción"
2016,149,1/29/2016,"Viernes",0,19:30:00,,"0.0",2,"Pickup/Utilitario,Automóvil","Ayolas Y España",2,1,0,0,1,0,0,,"Calle",,"ROSARIO","Rosario","Asfalto","No existe","II","Dentro","Urbana","Ninguna","No existe","Intersección","Bueno","Buena","Atardecer","Buen Tiempo","De alcance","S/D","Colisión","Ninguna","Faltante","Ninguna","Sin restricción"
2016,150,1/20/2016,"Miercoles",0,15:25:00,,"0.0",2,"Moto/Ciclomotor,Automóvil","Bv. Segui Y Bv. Oroño",2,1,0,0,1,0,0,,"Calle",,"ROSARIO","Rosario","Asfalto","No existe","II","Dentro","Urbana","S/D","Funciona","Intersección","Bueno","Buena","Diurna","Buen Tiempo","Lateral","S/D","Colisión","Ninguna","Horizontal","S/D","Sin restricción"
2016,151,1/19/2016,"Martes",0,13:50:00,,"0.0",2,"Automóvil,Automóvil","Biedma Y Pueyrredon",2,1,0,0,1,0,0,,"Calle",,"ROSARIO","Rosario","Asfalto","No existe","II","Dentro","Urbana","S/D","No existe","Intersección","Bueno","Buena","Diurna","Buen Tiempo","Lateral","S/D","Colisión","Ninguna","Faltante","S/D","Sin restricción"
2016,152,1/17/2016,"Domingo",0,9:50:00,,"0.0",2,"Moto/Ciclomotor,Automóvil","Dorrego Y Bv. Segui",2,0,1,0,1,0,0,,"Avenida",,"ROSARIO","Rosario","Asfalto","S/D","II","Dentro","Urbana","S/D","No existe","Intersección","Bueno","Buena","Diurna","Buen Tiempo","Lateral","S/D","Colisión","Ninguna","Faltante","Cordón divisorio,Vegetación","S/D"
2016,153,1/15/2016,"Viernes",0,20:30:00,,"0.0",2,"Moto/Ciclomotor,Taxi/Remis","Av. Corrientes Y Av. Uriburu",2,1,0,0,1,0,0,,"Avenida",,"ROSARIO","Rosario","Asfalto","No existe","II","Dentro","Urbana","Ninguna","No existe","Intersección","Bueno","Buena","Nocturna","Buen Tiempo","Lateral","S/D","Colisión","Ninguna","Faltante","Ninguna","Sin restricción"
2016,154,1/14/2016,"Jueves",0,3:50:00,,"0.0",2,"Moto/Ciclomotor,Automóvil","San Martin Y Bv. Segui",2,1,0,0,1,0,0,,"Avenida",,"ROSARIO","Rosario","Asfalto","No existe","II","Dentro","Urbana","Ninguna","Intermitente","Intersección","Bueno","Buena","Nocturna","Buen Tiempo","Lateral","S/D","Colisión","Ninguna","Horizontal","S/D","S/D"
2016,155,1/13/2016,"Miercoles",0,20:15:00,,"0.0",2,"Automóvil,Moto/Ciclomotor","Mariano Moreno Y Garibaldi",4,2,0,0,2,0,0,,"Calle",,"ROSARIO","Rosario","Asfalto","No existe","II","Dentro","Urbana","Ninguna","No existe","Intersección","Bueno","Buena","Nocturna","Buen Tiempo","Lateral","S/D","Colisión","Ninguna","Faltante","Ninguna","Sin restricción"
2016,156,1/13/2016,"Miercoles",0,17:40:00,,"0.0",2,"Automóvil,Moto/Ciclomotor","Bv. Segui Y Santiago",2,1,0,0,1,0,0,,"Avenida",,"ROSARIO","Rosario","Asfalto","No existe","II","Dentro","Urbana","Ninguna","No existe","Intersección","Bueno","Buena","Diurna","Buen Tiempo","Lateral","S/D","Colisión","Ninguna","S/D","Ninguna","Sin restricción"
2016,157,1/11/2016,"Lunes",0,18:00:00,,"0.0",2,"Moto/Ciclomotor,Automóvil","España Y Amenabar",3,2,0,0,1,0,0,,"Calle",,"ROSARIO","Rosario","Asfalto","No existe","II","Dentro","Urbana","S/D","No existe","Intersección","Bueno","Buena","Diurna","Buen Tiempo","Lateral","S/D","Colisión","Ninguna","Faltante","S/D","Sin restricción"
2016,158,1/29/2016,"Viernes",0,11:15:00,,"0.0",2,"Pickup/Utilitario,Moto/Ciclomotor","San Martin Y Garay",2,1,0,0,1,0,0,,"Calle",,"ROSARIO","Rosario","Asfalto","No existe","II","Dentro","Urbana","Semáforo","Funciona","Intersección","Bueno","Buena","Diurna","Buen Tiempo","De alcance","S/D","Colisión","S/D","Horizontal","Ninguna","Sin restricción"
2016,159,1/27/2016,"Miercoles",0,9:50:00,,"0.0",2,"Automóvil,Bicicleta","Pte.Quintana Y Mitre",2,1,0,0,1,0,0,,"Calle",,"ROSARIO","Rosario","Asfalto","No existe","II","Dentro","Urbana","Ninguna","No existe","Intersección","Bueno","Buena","Diurna","Buen Tiempo","De alcance","S/D","Atropello","S/D","Faltante","Ninguna","Sin restricción"
2016,160,1/26/2016,"Martes",0,12:50:00,,"0.0",2,"Automóvil,Moto/Ciclomotor","Bv. Oroño 4200",3,2,0,0,1,0,0,,"Calle",,"ROSARIO","Rosario","Asfalto","No existe","II","Dentro","Urbana","Ninguna","No existe","Intersección","Bueno","Buena","Diurna","Buen Tiempo","De alcance","S/D","Colisión","S/D","Faltante","Ninguna","Sin restricción"
2016,161,1/26/2016,"Martes",0,16:00:00,,"0.0",2,"Pickup/Utilitario,Moto/Ciclomotor","Centeno Y Italia",3,2,0,0,1,0,0,,"Calle",,"ROSARIO","Rosario","Asfalto","No existe","II","Dentro","Urbana","Ninguna","No existe","Intersección","Bueno","Buena","Diurna","Buen Tiempo","De alcance","S/D","Colisión","S/D","Faltante","Ninguna","Sin restricción"
2016,162,1/1/2016,"Viernes",1,22:30:00,,"0.0",2,"Moto/Ciclomotor,Moto/Ciclomotor","Bv. Segui Y Laprida",4,4,0,0,0,0,0,,"Calle",,"ROSARIO","Rosario","Asfalto","No existe","II","Dentro","Urbana","Ninguna","No existe","Recta","Bueno","Buena","Nocturna,Con luz artificial","Buen Tiempo","De alcance","S/D","Colisión","Ninguna","S/D","S/D","Sin restricción"
2016,163,1/26/2016,"Martes",0,16:30:00,,"0.0",2,"Automóvil,Moto/Ciclomotor","Mitre Y Av. Uriburu",2,1,0,0,1,0,0,,"Calle",,"ROSARIO","Rosario","Asfalto","No existe","II","Dentro","Urbana","Ninguna","No existe","Intersección","Bueno","Buena","Diurna","Buen Tiempo","De alcance","S/D","Colisión","S/D","Faltante","Ninguna","Sin restricción"
2016,164,1/1/2016,"Viernes",0,6:30:00,,"0.0",1,"Moto/Ciclomotor","Av Gral San Martin ",1,1,0,0,0,0,0,,"Calle",,"VILLA GOBERNADOR GÁLVEZ","Rosario","Asfalto","No existe","II","Dentro","Urbana","Ninguna","No existe","Intersección","Bueno","Buena","Amanecer","Buen Tiempo","S/D","S/D","Vuelco","Ninguna","Faltante","Ninguna","Sin restricción"
2016,165,1/28/2016,"Jueves",0,21:10:00,,"0.0",2,"Automóvil,Moto/Ciclomotor","JB ALBERDI 1567",3,2,0,0,1,0,0,,"Calle",,"PUEBLO ESTHER","Rosario","Asfalto","Ripio","II","S/D","Urbana","Ninguna","No existe","Recta","Bueno","Buena","Nocturna","Buen Tiempo","Lateral","S/D","Atropello","Ninguna","Faltante","Ninguna","Sin restricción"
2016,166,1/25/2016,"Lunes",0,18:00:00,"Ruta Provincial 21","0.0",2,"Automóvil,Automóvil"," ",3,1,0,0,1,0,1,,"Ruta",21,"PUEBLO ESTHER","Rosario","Asfalto","Ripio","II","S/D","Rural","Ninguna","No existe","Recta","Bueno","Buena","Diurna","Buen Tiempo","Frontal","S/D","Colisión","Ninguna","Faltante","Ninguna","Sin restricción"
2016,167,1/24/2016,"Domingo",0,7:30:00,,"0.0",2,"Automóvil,Moto/Ciclomotor","Italia Y Amenabar",4,1,0,0,3,0,0,,"Calle",,"ROSARIO","Rosario","Asfalto","No existe","II","Dentro","Urbana","Ninguna","No existe","Intersección","Bueno","Buena","Diurna","Buen Tiempo","De alcance","S/D","Colisión","S/D","Faltante","Ninguna","Sin restricción"
2016,168,1/21/2016,"Jueves",0,19:00:00,,"0.0",1,"Transporte de Pasajeros Urbano (> 8 asientos)","CORDOBA Y ALBERDI",2,1,0,0,1,0,0,,"Calle",,"PUEBLO ESTHER","Rosario","Asfalto","Ripio","II","S/D","Urbana","Ninguna","Funciona","Recta","Bueno","Buena","Diurna","Buen Tiempo","Otro","S/D","Caída ocupante","Ninguna","Faltante","Ninguna","Sin restricción"
2016,169,1/23/2016,"Sabado",0,1:40:00,,"0.0",2,"Taxi/Remis,Taxi/Remis","San Martin Y Bv. Segui",2,1,0,0,1,0,0,,"Calle",,"ROSARIO","Rosario","Asfalto","No existe","II","Dentro","Urbana","Semáforo","Funciona","Recta","Bueno","Buena","Nocturna","Buen Tiempo","De alcance","S/D","Colisión","S/D","Horizontal","Ninguna","Sin restricción"
2016,170,1/19/2016,"Martes",0,17:10:00,,"0.0",2,"Moto/Ciclomotor,Automóvil","ALBERDI Y CORDOBA",2,1,0,0,1,0,0,,"Calle",,"PUEBLO ESTHER","Rosario","Asfalto","Ripio","II","S/D","Urbana","Ninguna","No existe","Recta","Bueno","Buena","Diurna","Buen Tiempo","Otro","S/D","Colisión","Ninguna","Faltante","Ninguna","Sin restricción"
2016,171,1/17/2016,"Domingo",0,2:00:00,,"0.0",2,"Moto/Ciclomotor,Automóvil","JD PERON Y IRIGOYEN",2,1,0,0,1,0,0,,"Calle",,"PUEBLO ESTHER","Rosario","Asfalto","Ripio","II","S/D","Urbana","Ninguna","No existe","Recta","Bueno","Buena","Nocturna","Buen Tiempo","Otro","S/D","Colisión","Ninguna","Faltante","Ninguna","Sin restricción"
2016,172,1/22/2016,"Viernes",0,11:45:00,,"0.0",2,"Bicicleta,Automóvil","Av. Corrientes Y Biedma",2,1,0,0,1,0,0,,"Calle",,"ROSARIO","Rosario","Asfalto","No existe","II","Dentro","Urbana","Ninguna","No existe","Intersección","Bueno","Buena","Diurna","Buen Tiempo","Lateral","S/D","Atropello","S/D","Faltante","Ninguna","Sin restricción"
2016,173,1/21/2016,"Jueves",0,19:30:00,,"0.0",2,"Automóvil,Automóvil","San Martin 3200",2,1,0,0,1,0,0,,"Calle",,"ROSARIO","Rosario","Asfalto","No existe","II","Dentro","Urbana","Semáforo","Funciona","Recta","Bueno","Buena","Atardecer","Buen Tiempo","De alcance","S/D","Colisión","S/D","Horizontal","Ninguna","Sin restricción"
2016,174,1/1/2016,"Viernes",0,11:55:00,,"0.0",2,"Otros,Bicicleta","12 de Octubre Y J J Paso",2,1,0,0,0,0,1,,"Calle",,"SANTA FE","La Capital","Ripio","No existe","I","Dentro","Urbana","Ninguna","No existe","Intersección","Bueno","Buena","Nocturna","Buen Tiempo","S/D","S/D","Atropello","S/D","Faltante","Ninguna","Sin restricción"
2016,175,1/17/2016,"Domingo",0,22:00:00,"Ruta Nacional 11","0.0",2,"Moto/Ciclomotor,Automóvil","Victoria Ocampo ",2,2,0,0,0,0,0,,"Ruta",11,"SANTO TOMÉ","La Capital","Ripio","No existe","I","Dentro","Urbana","Ninguna","No existe","Intersección","Bueno","Reducida","Nocturna","Buen Tiempo","Lateral","S/D","Colisión","S/D","S/D","S/D","Sin restricción"
2016,176,1/3/2016,"Domingo",0,10:30:00,,"0.0",3,"Moto/Ciclomotor,Automóvil,Automóvil","ALBERDI Y SAN JUAN",3,1,0,0,2,0,0,,"Calle",,"PUEBLO ESTHER","Rosario","Asfalto","S/D","II","Dentro","Urbana","S/D","S/D","Intersección","Bueno","Buena","Diurna","Buen Tiempo","Múltiple","S/D","Colisión","Ninguna","S/D","S/D","Sin restricción"
2016,177,1/11/2016,"Lunes",0,10:30:00,,"0.0",2,"Moto/Ciclomotor,Automóvil","Av. Corrientes Y Galvez",3,2,0,0,1,0,0,,"Calle",,"ROSARIO","Rosario","Asfalto","S/D","II","Dentro","Urbana","S/D","No existe","Intersección","Bueno","Buena","Diurna","Buen Tiempo","Lateral","S/D","Colisión","Ninguna","S/D","Ninguna","S/D"
2016,178,1/8/2016,"Viernes",0,11:55:00,,"0.0",2,"Automóvil,Moto/Ciclomotor","Bv. Segui Y Entre Rios",2,1,0,0,1,0,0,,"Avenida",,"ROSARIO","Rosario","Asfalto","No existe","II","Dentro","Urbana","Ninguna","No existe","Intersección","Bueno","Buena","Diurna","Buen Tiempo","Lateral","S/D","Colisión","Ninguna","Faltante","S/D","Sin restricción"
2016,179,1/8/2016,"Viernes",0,11:00:00,,"101.0",2,"Automóvil,Moto/Ciclomotor","Dorrego Y Bv. Segui",3,2,0,0,1,0,0,,"Avenida",,"ROSARIO","Rosario","Asfalto","S/D","II","Dentro","Urbana","S/D","S/D","Intersección","Bueno","Buena","Diurna","Buen Tiempo","Lateral","S/D","Colisión","Ninguna","S/D","S/D","Sin restricción"
2016,180,1/7/2016,"Jueves",0,19:30:00,,"0.0",2,"Bicicleta,Automóvil","Entre Rios Y Centeno",2,1,0,0,1,0,0,,"Calle",,"ROSARIO","Rosario","Asfalto","No existe","II","Dentro","Urbana","S/D","No existe","Intersección","Bueno","Buena","Atardecer","Buen Tiempo","S/D","S/D","Atropello","Ninguna","Faltante","S/D","S/D"
2016,181,1/4/2016,"Lunes",0,12:50:00,,"0.0",2,"Moto/Ciclomotor,Taxi/Remis","Bv. Segui Y Dorrego",2,1,0,0,1,0,0,,"Calle",,"ROSARIO","Rosario","Asfalto","No existe","II","Dentro","Urbana","Ninguna","No existe","Intersección","Bueno","Buena","Diurna","Buen Tiempo","De alcance","S/D","Colisión","Ninguna","Faltante","Ninguna","Sin restricción"
2016,182,1/28/2016,"Jueves",0,,,"0.0",2,"Pickup/Utilitario,Automóvil","Ayacucho Y Anchorena",2,1,0,0,1,0,0,,"Calle",,"ROSARIO","Rosario","Asfalto","S/D","II","Dentro","Urbana","S/D","S/D","Intersección","Bueno","S/D","S/D","Buen Tiempo","Lateral","S/D","Colisión","Ninguna","S/D","Ninguna","Sin restricción"
2016,183,1/22/2016,"Viernes",0,19:15:00,,"0.0",2,"Moto/Ciclomotor,Automóvil","Olegario V.Andrade Y Av. Castro Barros",2,1,0,0,1,0,0,,"Calle",,"ROSARIO","Rosario","Asfalto","Pavimento","II","Dentro","Urbana","Ninguna","No existe","Intersección","Bueno","S/D","Atardecer","Buen Tiempo","Lateral","S/D","Colisión","Ninguna","Faltante","Ninguna","Sin restricción"
2016,184,1/15/2016,"Viernes",0,18:00:00,,"0.0",2,"Moto/Ciclomotor,Tracción animal / Carro","Av. Ntra.Sra.del Rosario 400",2,1,0,0,1,0,0,,"Avenida",,"ROSARIO","Rosario","Asfalto","Pavimento","II","S/D","Urbana","Ninguna","Funciona","Intersección","Bueno","Buena","Diurna","Buen Tiempo","Lateral","S/D","Colisión","Ninguna","Faltante","Ninguna","Sin restricción"
2016,185,1/13/2016,"Miercoles",0,0:00:00,,"0.0",2,"Automóvil,Moto/Ciclomotor","Av. Arijon Y Av. Castro Barros",2,1,0,0,1,0,0,,"Avenida",,"ROSARIO","Rosario","Asfalto","Pavimento","II","S/D","Urbana","Señal Pare","No existe","Intersección","Bueno","Buena","Nocturna,Con luz artificial","Buen Tiempo","S/D","S/D","Colisión","Ninguna","Faltante","Ninguna","S/D"
2016,186,1/8/2016,"Viernes",0,7:20:00,,"0.0",2,"Moto/Ciclomotor,Automóvil","Ayacucho Y Centenario",2,1,0,0,1,0,0,,"Calle",,"ROSARIO","Rosario","S/D","S/D","II","Dentro","Urbana","Ninguna","No existe","Intersección","S/D","S/D","Diurna","Lluvia","S/D","S/D","Colisión","S/D","S/D","Ninguna","Sin restricción"
2016,187,1/8/2016,"Viernes",0,1:30:00,,"0.0",2,"Moto/Ciclomotor,Automóvil","Av. Bermudez 529",2,1,0,0,1,0,0,,"Avenida",,"ROSARIO","Rosario","Asfalto","Pavimento","II","S/D","Urbana","Ninguna","No funciona","Intersección","Bueno","Reducida","Nocturna","Buen Tiempo","Lateral","S/D","Colisión","Ninguna","Faltante","Ninguna","Sin restricción"
2016,188,1/7/2016,"Jueves",0,7:25:00,,"0.0",2,"Bicicleta,Automóvil","Reg.11 de Infanteria Y Gral. J.M.Paz",2,1,0,0,1,0,0,,"Calle",,"ROSARIO","Rosario","Asfalto","Pavimento","II","S/D","Urbana","Ninguna","S/D","Intersección","Bueno","Buena","Diurna","Buen Tiempo","S/D","S/D","Atropello","Ninguna","Faltante","Ninguna","Sin restricción"
2016,189,3/20/2016,"Domingo",0,6:25:00,"Ruta Nacional 33","608.0",2,"Pickup/Utilitario,Pickup/Utilitario"," ",3,0,0,0,0,3,0,"-33.8325092,-62.2082567","Ruta",33,"SAN EDUARDO","General López","Asfalto","Natural","VIII","Dentro","S/D","Ninguna","No existe","Curva","Bueno","Buena","Amanecer","Otro","Frontal","S/D","Colisión","S/D","Vertical","Línea divisoria pintada","Sin restricción"
2016,190,1/11/2016,"Lunes",0,16:35:00,,"0.0",2,"Moto/Ciclomotor,Automóvil","J.M.de Rosas Y Ocampo",4,1,0,0,3,0,0,,"Calle",,"ROSARIO","Rosario","Asfalto","No existe","II","Dentro","Urbana","Ninguna","No existe","Intersección","Bueno","Buena","Diurna","Buen Tiempo","Lateral","S/D","Colisión","Ninguna","Faltante","Ninguna","Sin restricción"
2016,191,4/24/2016,"Domingo",0,21:35:00,,"0.0",2,"Automóvil,Automóvil","Av. Arijon Y Av. Bermudez",10,6,0,0,2,2,0,"-33.002846, -60.642530","Avenida",,"ROSARIO","Rosario","Asfalto","No existe","II","Dentro","Urbana","Ninguna","No existe","Intersección","Con baches","Reducida","Nocturna","Otro","Otro","S/D","Colisión","Ninguna","Faltante","Línea divisoria pintada","Sin restricción"
2016,192,1/15/2016,"Viernes",0,14:50:00,,"0.0",2,"Automóvil,Moto/Ciclomotor","Riobamba Y Beruti",2,1,0,0,1,0,0,,"Calle",,"ROSARIO","Rosario","Asfalto","No existe","II","Dentro","Urbana","Ninguna","No existe","Intersección","Bueno","Buena","Diurna","Buen Tiempo","Lateral","S/D","Colisión","Ninguna","Faltante","Ninguna","Sin restricción"
2016,193,4/16/2016,"Sabado",0,13:00:00,,"0.0",2,"Moto/Ciclomotor,Automóvil","Bv. Segui Y San Nicolas",2,0,0,0,1,1,0,"-32.972932, -60.680538","Calle",,"ROSARIO","Rosario","Asfalto","No existe","II","S/D","Urbana","Semáforo","Funciona","Intersección","Bueno","Buena","Diurna","Buen Tiempo","Frontal","S/D","Colisión","Ninguna","Faltante","Cordón divisorio","Sin restricción"
2016,194,1/25/2016,"Lunes",0,16:25:00,,"0.0",2,"Moto/Ciclomotor,Automóvil","La Paz Y Chacabuco",2,1,0,0,1,0,0,,"Calle",,"ROSARIO","Rosario","Asfalto","No existe","II","Dentro","Urbana","Ninguna","No existe","Intersección","Bueno","Buena","Atardecer","Buen Tiempo","De alcance","S/D","Colisión","Ninguna","Faltante","Ninguna","Sin restricción"
2016,195,4/9/2016,"Sabado",0,4:30:00,"Ruta Provincial 21","21.0",2,"Moto/Ciclomotor,Automóvil"," ",5,0,1,0,2,2,0,"-33.164196, -60.499454","Ruta",21,"ARROYO SECO","Rosario","Asfalto","Natural","II","Dentro","Rural","Ninguna","No existe","Recta","Bueno","Reducida","Nocturna","Lluvia","De alcance","S/D","Colisión,Incendio","S/D","Faltante","Ninguna","Sin restricción"
2016,196,1/14/2016,"Jueves",0,12:00:00,"Ruta Provincial 2","48.0",2,"Pickup/Utilitario,Moto/Ciclomotor"," ",2,1,0,0,1,0,0,,"Ruta",2,"LAGUNA PAIVA","La Capital","Ripio","Natural","I","Dentro","Rural","Ninguna","No existe","Intersección","Ahuellamiento","Buena","Diurna","Buen Tiempo","Lateral","S/D","Colisión","Ninguna","Faltante","Ninguna","Sin restricción"
2016,197,1/16/2016,"Sabado",0,2:15:00,,"0.0",2,"Moto/Ciclomotor,Automóvil","Av San Martin Y Rivadavia",3,3,0,0,0,0,0,,"Avenida",,"LAGUNA PAIVA","La Capital","Asfalto","No existe","I","Dentro","Urbana","Ninguna","No existe","Intersección","Bueno","Buena","Nocturna,Con luz artificial","Buen Tiempo","Lateral","S/D","Colisión","Ninguna","Horizontal,Vertical","Vegetación","Sin restricción"
2016,198,4/2/2016,"Sabado",0,23:30:00,,"0.0",2,"Moto/Ciclomotor,Automóvil","Sarmiento Y Irigoyen",3,1,1,0,0,1,0,"-32.731578, -60.735722","Calle",,"SAN LORENZO","San Lorenzo","Asfalto","S/D","XVII","S/D","Urbana","S/D","S/D","Intersección","S/D","S/D","Nocturna","S/D","S/D","S/D","S/D","S/D","S/D","S/D","S/D"
2016,199,1/16/2016,"Sabado",0,19:00:00,"Ruta Secundaria 80-s","0.0",1,"Moto/Ciclomotor","RTA 80 S Y ALTURA BALNEARIO",2,2,0,0,0,0,0,,"Ruta","80-s","LAGUNA PAIVA","La Capital","Tierra","No existe","I","Dentro","Rural","Ninguna","No existe","Recta","Deteriorada","Buena,Reducida polvo","Amanecer","Buen Tiempo","S/D","S/D","Caída ocupante","Ninguna","Faltante","Ninguna","Sin restricción"
2016,200,4/23/2016,"Sabado",0,22:30:00,"Autopista Nacional Rosario -Cordoba","33.2",1,"Automóvil"," ",1,0,0,0,0,1,0,"-32.896286, -61.058969","Autopista","Rosario -Cordoba","CARCARAÑÁ","San Lorenzo","Asfalto","Natural","XVII","S/D","S/D","Ninguna","No existe","Recta","Bueno","Reducida","Nocturna","Buen Tiempo","S/D","S/D","Otro","Ninguna","S/D","Ninguna","Sin restricción"
2016,201,4/23/2016,"Sabado",0,16:00:00,"Ruta Nacional 34","0.0",1,"Pickup/Utilitario","RN34 ALTURA ACCESO BUENOS AIRES ",3,1,1,0,0,1,0,"-32.050674, -61.590175","Ruta",34,"CAÑADA ROSQUÍN","San Martín","Asfalto","Ripio","XVIII","Dentro","Rural","Ninguna","No existe","Intersección","Bueno","Buena","Diurna","Buen Tiempo","Lateral","S/D","Colisión","Ninguna","S/D","Línea divisoria pintada","Sin restricción"