"anio_acci","nro_acci","fecha","desc_dia","fecha_aprox","hora_aprox","desc_ruta","km","cant_participantes","desc_participante","calle_avenida_km","total","heridos_leves","heridos_graves","heridos_gravisimos","ilesos","fallecidos","sin_datos","posicion_XY","desc_tipo_via","desc_ruta_ori","desc_loc","desc_dpto","desc_tipo_calzada","desc_tipo_banquina","desc_unidad_regional","desc_lugar_calzada","desc_zona","desc_prioridad","desc_estado_semaforo","desc_lugar_via","desc_estado_via","desc_estado_visibilidad","desc_luminosidad","desc_estado_clima","desc_tipo_colision","desc_tipo_atropello","desc_tipo_hecho","desc_pres_calzada","desc_senializacion","desc_separacion_via","desc_restriccion"
2016,202,1/16/2016,"Sabado",0,21:40:00,"Ruta Secundaria 80-s","0.0",2,"Automóvil,Moto/Ciclomotor","RTA. 80 S Y ALTURA BALNEARIO",3,2,0,0,1,0,0,,"Ruta","80-s","LAGUNA PAIVA","La Capital","Tierra","No existe","I","Dentro","Rural","Ninguna","No existe","Intersección","Deteriorada","Reducida polvo","Nocturna","Buen Tiempo","Lateral","S/D","Colisión","Ninguna","Faltante","Ninguna","Sin restricción"
2016,203,1/17/2016,"Domingo",0,20:10:00,,"0.0",2,"Automóvil,Moto/Ciclomotor","Av L de la Torre Y La Rioja",2,1,0,0,1,0,0,,"Avenida",,"LAGUNA PAIVA","La Capital","Asfalto","Natural","I","Dentro","Urbana","Ninguna","No existe","Intersección","Con baches","Buena","Atardecer","Buen Tiempo","Lateral","S/D","Colisión","Ninguna","Faltante","Línea divisoria pintada","Sin restricción"
2016,204,1/1/2016,"Viernes",0,23:20:00,,"0.0",2,"Moto/Ciclomotor,Automóvil","Brigadier Estanislao Lopez Y Cordoba",2,1,0,0,1,0,0,,"Calle",,"MONTE VERA","La Capital","Ripio","No existe","I","Dentro","Urbana","Ninguna","No existe","Intersección","Bueno","Buena","Nocturna,Con luz artificial","Buen Tiempo","Lateral","S/D","Colisión","Ninguna","S/D","Ninguna","Sin restricción"
2016,205,1/6/2016,"Miercoles",0,19:50:00,,"0.0",2,"Pickup/Utilitario,Moto/Ciclomotor","Rio Negro Y Baldaccini",6,3,0,0,3,0,0,,"Calle",,"MONTE VERA","La Capital","Ripio","No existe","I","Dentro","Urbana","Ninguna","No existe","Intersección","Bueno","Buena","Atardecer","Buen Tiempo","Lateral","S/D","Colisión","Ninguna","S/D","Ninguna","Sin restricción"
2016,206,1/14/2016,"Jueves",0,21:20:00,"Ruta Provincial 5","0.0",2,"Moto/Ciclomotor,Bicicleta","RTA PROV. N&#186;5 Y 700MTS HACA CARDINAL OESTE. DE LA RTA. PROV. 2",2,2,0,0,0,0,0,,"Ruta",5,"MONTE VERA","La Capital","Asfalto","Natural","I","Dentro","Rural","Ninguna","No existe","Recta","Bueno","Buena","Nocturna,Con luz artificial","Buen Tiempo","S/D","S/D","Atropello","Ninguna","S/D","Ninguna","Sin restricción"
2016,207,1/24/2016,"Domingo",0,8:00:00,,"0.0",2,"Automóvil,Bicicleta","P Gozzarelli Y La Pampa",2,1,0,0,1,0,0,,"Calle",,"MONTE VERA","La Capital","Ripio","No existe","I","Dentro","Urbana","Ninguna","No existe","Intersección","Bueno","Buena","Diurna","Buen Tiempo","S/D","S/D","Atropello","Ninguna","S/D","Ninguna","Sin restricción"
2016,208,1/28/2016,"Jueves",0,19:30:00,,"0.0",2,"Bicicleta,Automóvil","L.N.Alem Y Riobamba",2,1,0,0,1,0,0,,"Calle",,"ROSARIO","Rosario","Asfalto","No existe","II","Dentro","Urbana","Señal Pare","No existe","Intersección","Bueno","Buena","Diurna","Buen Tiempo","Lateral","S/D","Atropello","S/D","Vertical","Ninguna","Sin restricción"
2016,209,1/28/2016,"Jueves",0,12:30:00,,"0.0",2,"Moto/Ciclomotor,Automóvil","Viamonte Y Laprida",2,1,0,0,1,0,0,,"Calle",,"ROSARIO","Rosario","Asfalto","No existe","II","Dentro","Urbana","Ninguna","No existe","Intersección","Bueno","Buena","Diurna","Buen Tiempo","De alcance","S/D","Colisión","Ninguna","Faltante","Ninguna","Sin restricción"
2016,210,1/1/2016,"Viernes",0,16:00:00,,"0.0",2,"Moto/Ciclomotor,Otros","Bv. 27 De Febrero 880",2,1,0,0,1,0,0,,"Calle",,"ROSARIO","Rosario","Asfalto","No existe","II","Dentro","Urbana","Ninguna","No existe","Intersección","Bueno","Buena","Diurna","Buen Tiempo","Lateral","S/D","Colisión","S/D","Vertical","Ninguna","Sin restricción"
2016,211,1/2/2016,"Sabado",0,2:30:00,,"0.0",2,"Automóvil,Moto/Ciclomotor","Bv. 27 De Febrero Y Buenos Aires",3,2,0,0,1,0,0,,"Calle",,"ROSARIO","Rosario","Asfalto","No existe","II","Dentro","Urbana","Ninguna","Funciona","Intersección","Bueno","Buena","Diurna","Buen Tiempo","Lateral","S/D","Colisión","S/D","S/D","Ninguna","Sin restricción"
2016,212,1/3/2016,"Domingo",0,6:30:00,,"0.0",2,"Moto/Ciclomotor,Otros","L.N.Alem Y Pasco",2,0,1,0,1,0,0,,"Calle",,"ROSARIO","Rosario","Asfalto","No existe","II","Dentro","Urbana","Señal Pare","No existe","Intersección","Bueno","Buena","Amanecer","Buen Tiempo","Lateral","S/D","Colisión","S/D","Vertical","Cordón divisorio","Sin restricción"
2016,213,1/4/2016,"Lunes",0,15:35:00,,"0.0",2,"Automóvil,Automóvil","Chacabuco Y Riobamba",2,1,0,0,1,0,0,,"Calle",,"ROSARIO","Rosario","Asfalto","No existe","II","Dentro","Urbana","Ninguna","No existe","Intersección","Bueno","Buena","Diurna","Buen Tiempo","Lateral","S/D","Colisión","S/D","Faltante","Ninguna","Sin restricción"
2016,214,1/5/2016,"Martes",0,16:35:00,,"0.0",2,"Moto/Ciclomotor,Taxi/Remis","L.N.Alem Y Riobamba",3,2,0,0,1,0,0,,"Calle",,"ROSARIO","Rosario","Hormigón","No existe","II","Dentro","Urbana","Señal Pare","No existe","Intersección","Bueno","Buena","Diurna","Buen Tiempo","Lateral","S/D","Colisión","S/D","Vertical","Ninguna","Sin restricción"
2016,215,1/1/2016,"Viernes",0,22:20:00,"Ruta Nacional 168","0.0",2,"Automóvil,Moto/Ciclomotor"," ",2,1,0,0,1,0,0,,"Ruta",168,"LA GUARDIA","La Capital","Asfalto","Pavimento","I","Fuera","Urbana","Ninguna","No existe","Curva","Bueno","Buena","Nocturna","Buen Tiempo","Lateral","S/D","Colisión","Ninguna","Vertical","Guardarrail","Sin restricción"
2016,216,1/6/2016,"Miercoles",0,20:15:00,,"0.0",2,"Automóvil,Automóvil","Av. Francia Y Sanchez de Bustamante",2,1,0,0,1,0,0,,"Avenida",,"ROSARIO","Rosario","Asfalto","Natural","II","Dentro","Urbana","Ninguna","No existe","Intersección","Bueno","Buena","Diurna","Buen Tiempo","Frontal","S/D","Colisión","S/D","Faltante","Ninguna","Sin restricción"
2016,217,1/13/2016,"Miercoles",0,16:30:00,,"0.0",2,"Peatón,Automóvil","Av. Arijon Y Av. Ovidio Lagos",2,1,0,0,1,0,0,,"S/D",,"ROSARIO","Rosario","Asfalto","S/D","II","Dentro","Urbana","Semáforo","Funciona","Rotonda","Bueno","Buena","Diurna","Buen Tiempo","S/D","S/D","Atropello","S/D","Vertical","Ninguna","Sin restricción"
2016,218,1/18/2016,"Lunes",0,15:45:00,"Ruta Provincial Brigadier E.López","102.0",2,"Camión,Camión"," ",3,1,1,0,1,0,0,,"Ruta","Brigadier E.López","AROCENA","San Jerónimo","Asfalto","Natural","XV","Dentro","Rural","Ninguna","No existe","Recta","Bueno","Buena","Diurna","Buen Tiempo","Otro","S/D","Colisión","Ninguna","Faltante","Línea divisoria pintada","Sin restricción"
2016,219,1/14/2016,"Jueves",0,18:00:00,,"0.0",2,"Automóvil,Automóvil","Av. Francia Y Av. Ntra.Sra.del Rosario",3,1,0,0,2,0,0,,"Avenida",,"ROSARIO","Rosario","Asfalto","Pavimento","II","Dentro","Urbana","Semáforo","Funciona","Intersección","Bueno","Buena","Diurna","Buen Tiempo","Frontal","S/D","Colisión","S/D","Vertical","Ninguna","Sin restricción"
2016,220,1/19/2016,"Martes",0,22:15:00,,"0.0",2,"Automóvil,Moto/Ciclomotor","Av. Ovidio Lagos Y Av. Circunvalacion",2,1,0,0,1,0,0,,"Avenida",,"ROSARIO","Rosario","Asfalto","Natural","II","Dentro","Urbana","Semáforo","No funciona","Intersección","Bueno","Buena","Nocturna","Buen Tiempo","Frontal","S/D","Colisión","S/D","Vertical","Ninguna","Sin restricción"
2016,221,1/18/2016,"Lunes",0,7:20:00,,"0.0",1,"Moto/Ciclomotor","J.M.de Rosas 7800",1,1,0,0,0,0,0,,"Calle",,"ROSARIO","Rosario","Asfalto","Natural","II","Dentro","Urbana","Ninguna","No existe","Recta","Bueno","Buena","Diurna","Buen Tiempo","S/D","S/D","Vuelco","S/D","Faltante","Ninguna","Sin restricción"
2016,222,1/26/2016,"Martes",0,5:50:00,,"0.0",2,"Automóvil,Automóvil","Av. Circunvalacion Y Av. Ovidio Lagos",2,1,0,0,1,0,0,,"Avenida",,"ROSARIO","Rosario","Asfalto","S/D","II","Dentro","Urbana","Semáforo","Funciona","Intersección","Bueno","Buena","Diurna","Buen Tiempo","De alcance","S/D","Colisión","S/D","Vertical","Ninguna","Sin restricción"
2016,223,1/15/2016,"Viernes",0,23:00:00,,"0.0",2,"Automóvil,Bicicleta","Bv. Rondeau Y Perez Galdos",2,1,0,0,1,0,0,,"Avenida",,"ROSARIO","Rosario","Asfalto","No existe","II","Dentro","Urbana","Semáforo","No existe","Recta","Bueno","Buena","Nocturna","Buen Tiempo","S/D","S/D","Atropello","Ninguna","Horizontal","Cordón divisorio","Sin restricción"
2016,224,1/6/2016,"Miercoles",0,20:05:00,,"0.0",2,"Automóvil,Automóvil","Laprida Y Viamonte",4,3,0,0,1,0,0,,"Calle",,"ROSARIO","Rosario","Asfalto","S/D","II","Dentro","Urbana","Semáforo","S/D","Intersección","Bueno","S/D","Diurna","Buen Tiempo","Lateral","S/D","Colisión","S/D","Horizontal","Ninguna","Sin restricción"
2016,225,1/8/2016,"Viernes",0,18:30:00,,"0.0",2,"Moto/Ciclomotor,Automóvil","Necochea Y La Paz",3,0,2,0,1,0,0,,"Calle",,"ROSARIO","Rosario","Asfalto","No existe","II","Dentro","Urbana","Señal Pare","No existe","Intersección","Bueno","Buena","Diurna","Buen Tiempo","Lateral","S/D","Colisión","S/D","Vertical","Ninguna","Sin restricción"
2016,226,1/20/2016,"Miercoles",0,0:00:00,,"0.0",2,"Automóvil,Moto/Ciclomotor","Bv. Rondeau Y Herrera",4,1,0,0,3,0,0,,"Avenida",,"ROSARIO","Rosario","Asfalto","No existe","II","Dentro","Urbana","Marca Vial","Funciona","Intersección","Bueno","Buena","Nocturna","Buen Tiempo","De alcance","S/D","Colisión","Ninguna","Horizontal,Vertical","Cordón divisorio","Sin restricción"
2016,227,1/5/2016,"Martes",0,11:30:00,,"0.0",2,"Automóvil,Moto/Ciclomotor","Av. Provincias Unidas Y Schweitzer",2,1,0,0,1,0,0,,"Calle",,"ROSARIO","Rosario","Asfalto","S/D","II","Dentro","Urbana","S/D","S/D","Recta","S/D","S/D","Diurna","S/D","S/D","S/D","Colisión","S/D","S/D","S/D","S/D"
2016,228,1/8/2016,"Viernes",0,19:45:00,,"0.0",2,"Automóvil,Otros","Av. Provincias Unidas Y J.J.Paso",3,1,0,0,2,0,0,,"Calle",,"ROSARIO","Rosario","Asfalto","S/D","II","Dentro","Urbana","S/D","S/D","S/D","Bueno","S/D","Diurna","S/D","S/D","S/D","Colisión","S/D","S/D","S/D","S/D"
2016,229,1/11/2016,"Lunes",0,21:45:00,,"0.0",2,"Moto/Ciclomotor,Moto/Ciclomotor","Av. Genova Y Garzon",2,1,0,0,1,0,0,,"Calle",,"ROSARIO","Rosario","Asfalto","S/D","II","Dentro","Urbana","S/D","S/D","Recta","Bueno","S/D","Nocturna","S/D","S/D","S/D","Colisión","S/D","S/D","S/D","S/D"
2016,230,1/20/2016,"Miercoles",0,,,"0.0",2,"Automóvil,Bicicleta","Casiano Casas Y Uriarte",2,1,0,0,1,0,0,,"Calle",,"ROSARIO","Rosario","Asfalto","No existe","II","Dentro","Urbana","Ninguna","No existe","Recta","Bueno","Buena","Diurna","Buen Tiempo","De alcance","S/D","Colisión","S/D","Faltante","Ninguna","Sin restricción"
2016,231,1/19/2016,"Martes",0,7:00:00,,"0.0",2,"Moto/Ciclomotor,Pickup/Utilitario","Dr.Casal Y Miller",2,1,0,0,1,0,0,,"Avenida",,"ROSARIO","Rosario","Asfalto","No existe","II","Dentro","Urbana","S/D","S/D","Recta","Bueno","Buena","Amanecer","Buen Tiempo","De alcance","S/D","Colisión","Ninguna","S/D","Cordón divisorio","Sin restricción"
2016,232,1/17/2016,"Domingo",0,21:30:00,,"0.0",2,"Moto/Ciclomotor,Otros","Av. Sorrento Y Traful",2,1,0,0,0,0,1,,"Calle",,"ROSARIO","Rosario","Asfalto","No existe","II","Dentro","Urbana","Semáforo","Funciona","Curva","S/D","Buena","Nocturna","Otro","De alcance","S/D","Colisión","S/D","Horizontal","Línea divisoria pintada","Sin restricción"
2016,233,1/22/2016,"Viernes",0,6:00:00,,"0.0",2,"Automóvil,Bicicleta","Bv. Avellaneda Y Av. Luis Carballo",2,1,0,0,1,0,0,,"S/D",,"ROSARIO","Rosario","S/D","S/D","II","S/D","Urbana","S/D","S/D","S/D","S/D","S/D","Diurna","S/D","S/D","S/D","Atropello","S/D","S/D","S/D","S/D"
2016,234,1/14/2016,"Jueves",0,10:05:00,,"0.0",2,"Automóvil,Moto/Ciclomotor","French y Berutti Y Guemes",5,3,1,0,1,0,0,,"Calle",,"CORONDA","San Jerónimo","Tierra","Natural","XV","Dentro","Urbana","Ninguna","No existe","Intersección","Bueno","Buena","Diurna","Buen Tiempo","Frontal","S/D","Colisión","S/D","Vertical","Ninguna","Sin restricción"
2016,235,1/30/2016,"Sabado",0,20:55:00,,"0.0",2,"Bicicleta,Moto/Ciclomotor","Av Paganini Y 1ro de Mayo",2,1,1,0,0,0,0,,"Avenida",,"BARRANCAS","San Jerónimo","Asfalto","No existe","XV","S/D","Urbana","Ninguna","No existe","Recta","Bueno","Buena","Nocturna,Con luz artificial","Buen Tiempo","Otro","S/D","Atropello","Ninguna","Faltante","Línea divisoria pintada","Sin restricción"
2016,236,1/20/2016,"Miercoles",0,15:30:00,"Ruta Nacional 11","0.0",2,"Automóvil,Moto/Ciclomotor","RTA. 11 Y AROMOS",3,2,0,0,1,0,0,,"Ruta",11,"SAUCE VIEJO","La Capital","Asfalto","S/D","I","Dentro","Urbana","Ninguna","No existe","Intersección","Bueno","Buena","Diurna","Buen Tiempo","Lateral","S/D","Colisión","S/D","S/D","Línea divisoria pintada","Sin restricción"
2016,237,1/19/2016,"Martes",0,11:45:00,,"0.0",2,"Automóvil,Moto/Ciclomotor","A Rossi 800",2,1,0,0,1,0,0,,"Calle",,"SANTA ROSA DE CALCHINES","Garay","Asfalto","Pavimento","VII","S/D","Urbana","Ninguna","No existe","Intersección","Bueno","Buena","Diurna","Buen Tiempo","Lateral","S/D","Colisión","Ninguna","Faltante","Ninguna","Sin restricción"
2016,238,1/26/2016,"Martes",0,22:30:00,"Ruta Nacional 11","0.0",2,"Moto/Ciclomotor,Automóvil","RTA. NAC. 11 Y CALLE N&#186;8",3,0,0,1,0,2,0,"-31.789627, -60.858198","Ruta",11,"SAUCE VIEJO","La Capital","Asfalto","Natural","I","Dentro","Urbana","Señal Ceda el Paso","No existe","Recta","Bueno","Buena","Nocturna,Con luz artificial","Buen Tiempo","Frontal","S/D","Colisión","S/D","Vertical","Línea divisoria pintada","Sin restricción"
2016,239,1/19/2016,"Martes",0,21:45:00,"Ruta Nacional 11","0.0",2,"Moto/Ciclomotor,Automóvil","RP 5  Y RN 11",2,1,0,0,1,0,0,,"Ruta",11,"RECREO","La Capital","Asfalto","Natural","I","S/D","Urbana","Ninguna","No existe","Intersección","Bueno","Buena","Nocturna,Con luz artificial","Buen Tiempo","Lateral","S/D","Colisión","Ninguna","Horizontal","Línea divisoria pintada","Sin restricción"
2016,240,1/20/2016,"Miercoles",0,19:20:00,"Ruta Nacional 11","0.0",2,"Peatón,Automóvil","RTA.NAC.11 Y ARTIGAS",2,1,0,0,1,0,0,,"Ruta",11,"RECREO","La Capital","Asfalto","Natural","I","Fuera","Urbana","Ninguna","No existe","Recta","Bueno","Buena","Nocturna,Con luz artificial","Buen Tiempo","S/D","S/D","Otro","Ninguna","Horizontal","Línea divisoria pintada","Sin restricción"
2016,241,1/28/2016,"Jueves",0,11:00:00,"Ruta Nacional 11","481.0",2,"Automóvil,Moto/Ciclomotor"," ",2,1,0,0,1,0,0,,"Ruta",11,"RECREO","La Capital","Asfalto","Natural","I","S/D","Urbana","Ninguna","No existe","Recta","Bueno","Buena","Diurna","Buen Tiempo","De alcance","S/D","Colisión","Ninguna","Vertical","Línea divisoria pintada","Sin restricción"
2016,242,1/15/2016,"Viernes",0,11:00:00,"Ruta Nacional 11","481.0",2,"Automóvil,Camión Chasis","Los Pinos ",3,1,1,0,1,0,0,,"Ruta",11,"RECREO","La Capital","Asfalto","Natural","I","Dentro","Urbana","Ninguna","No existe","Intersección","Bueno","Buena","Diurna","Buen Tiempo","Lateral","S/D","Colisión","Ninguna","Vertical","Ninguna","Sin restricción"
2016,243,1/15/2016,"Viernes",0,20:00:00,"Ruta Nacional 11","492.0",2,"Moto/Ciclomotor,Automóvil","Ruta Nacional 11 Y Juan M. de Rosas",2,0,1,0,1,0,0,,"Ruta",11,"CANDIOTI","La Capital","Asfalto","Natural","I","S/D","Urbana","Ninguna","No existe","Intersección","Bueno","Buena","Nocturna,Con luz artificial","Buen Tiempo","Otro","S/D","Colisión","Ninguna","Faltante","Ninguna","Sin restricción"
2016,244,1/2/2016,"Sabado",0,15:30:00,,"0.0",2,"Automóvil,Pickup/Utilitario","Av Blas Parera Y Pje Malaquias Mendez",3,1,0,0,2,0,0,,"Calle",,"SANTA FE","La Capital","Asfalto","No existe","I","S/D","Urbana","Semáforo","Funciona","Intersección","Bueno","Buena","Diurna","Buen Tiempo","Frontal","S/D","Colisión","Ninguna","Faltante","Ninguna","Sin restricción"
2016,245,1/9/2016,"Sabado",0,11:00:00,,"0.0",2,"Camión,Automóvil","Av Blas Parera Y Gorriti",2,1,0,0,1,0,0,,"Avenida",,"SANTA FE","La Capital","Asfalto","No existe","I","S/D","Urbana","Semáforo","Funciona","Intersección","Bueno","Buena","Diurna","Buen Tiempo","De alcance","S/D","Colisión","Ninguna","Faltante","Ninguna","Sin restricción"
2016,246,1/12/2016,"Martes",0,11:30:00,,"0.0",2,"Moto/Ciclomotor,Pickup/Utilitario","Av Blas Parera Y Callejon Mendez",2,1,0,0,1,0,0,,"Calle",,"SANTA FE","La Capital","Asfalto","No existe","I","S/D","Urbana","Semáforo","Funciona","Intersección","Bueno","Buena","Diurna","Buen Tiempo","S/D","S/D","Caída ocupante","Ninguna","Faltante","Ninguna","Sin restricción"
2016,247,1/16/2016,"Sabado",0,21:40:00,,"0.0",2,"Automóvil,Moto/Ciclomotor","Av Blas Parera Y Gorriti",2,1,0,0,1,0,0,,"Avenida",,"SANTA FE","La Capital","Asfalto","No existe","I","S/D","Urbana","Semáforo","Intermitente","Intersección","Bueno","Buena","Nocturna","Buen Tiempo","Lateral","S/D","Colisión","Ninguna","Faltante","Ninguna","Sin restricción"
2016,248,1/1/2016,"Viernes",0,23:30:00,,"0.0",2,"Moto/Ciclomotor,Automóvil","Larrea Y Chiclana",3,2,0,0,1,0,0,,"Calle",,"SANTA FE","La Capital","Asfalto,Tierra","Natural","I","Dentro","Urbana","Ninguna","No existe","Intersección","Deteriorada","Reducida","Nocturna,Con luz artificial","Buen Tiempo","Lateral","S/D","Colisión","Material Suelto","Faltante","Ninguna","Sin restricción"
2016,249,1/4/2016,"Lunes",0,19:35:00,,"0.0",2,"Moto/Ciclomotor,Moto/Ciclomotor","Av Blas Parera Y J Castelli",2,1,0,0,1,0,0,,"Avenida",,"SANTA FE","La Capital","Hormigón","Pavimento","I","Dentro","Urbana","Semáforo","Funciona","Intersección","Bueno","Buena","Atardecer,Con luz artificial","Buen Tiempo","Lateral","S/D","Colisión","S/D","Horizontal,Vertical","Cordón divisorio","Sin restricción"
2016,250,1/9/2016,"Sabado",0,11:00:00,,"0.0",2,"Pickup/Utilitario,Pickup/Utilitario","Av Blas Parera Y Estanislao Zeballos",3,1,0,0,2,0,0,,"Avenida",,"SANTA FE","La Capital","Hormigón","Pavimento","I","Dentro","Urbana","Semáforo","Funciona","Intersección","Bueno","Buena","Diurna","Buen Tiempo","Lateral","S/D","Colisión","S/D","Horizontal,Vertical","Cordón divisorio","Sin restricción"
2016,251,1/9/2016,"Sabado",0,12:40:00,,"0.0",2,"Moto/Ciclomotor,Automóvil","Beruti Y Javier de la Rosa",4,2,0,0,2,0,0,,"Calle",,"SANTA FE","La Capital","Hormigón","Pavimento","I","Dentro","Urbana","Ninguna","No existe","Intersección","Deteriorada","Buena","Diurna","Buen Tiempo","Lateral","S/D","Colisión","Material Suelto","Vertical","Ninguna","Sin restricción"
2016,252,1/9/2016,"Sabado",0,16:00:00,,"0.0",2,"Moto/Ciclomotor,Automóvil","Av Blas Parera Y Azcuenaga",2,1,0,0,1,0,0,,"Avenida",,"SANTA FE","La Capital","Hormigón","Pavimento","I","Dentro","Urbana","Ninguna","No existe","Intersección","Bueno","Buena","Diurna","Buen Tiempo","Lateral","S/D","Colisión","S/D","Horizontal,Vertical","Cordón divisorio","Sin restricción"
2016,253,1/9/2016,"Sabado",0,16:10:00,,"0.0",2,"Automóvil,Moto/Ciclomotor","Av Blas Parera Y J P Lopez",2,1,0,0,1,0,0,,"Avenida",,"SANTA FE","La Capital","Hormigón,Tierra","Pavimento","I","Dentro","Urbana","Semáforo","Funciona","Intersección","Bueno","Buena","Diurna","Buen Tiempo","Lateral","S/D","Colisión","Material Suelto","Vertical","Cordón divisorio","Desvío Provisorio,Reparación de Vía"
2016,254,1/11/2016,"Lunes",0,12:30:00,,"0.0",2,"Pickup/Utilitario,Moto/Ciclomotor","Larrea Y Irigoyen Freyre",2,1,0,0,1,0,0,,"Calle",,"SANTA FE","La Capital","Tierra","Natural","I","Dentro","Urbana","Ninguna","No existe","Intersección","Ahuellamiento","Buena","Diurna","Buen Tiempo","Lateral","S/D","Colisión","Material Suelto","Faltante","Ninguna","Sin restricción"
2016,255,1/11/2016,"Lunes",0,12:30:00,,"0.0",2,"Moto/Ciclomotor,Pickup/Utilitario","Av Peñaloza Y Vieytes",2,1,0,0,1,0,0,,"Avenida",,"SANTA FE","La Capital","Hormigón","Pavimento","I","Dentro","Urbana","Ninguna","No existe","Intersección","Bueno","Buena","Diurna","Buen Tiempo","Lateral","S/D","Colisión","S/D","Faltante","Cordón divisorio","Sin restricción"
2016,256,1/13/2016,"Miercoles",0,10:30:00,,"0.0",2,"Moto/Ciclomotor,Automóvil","Av Peñaloza Y Estanislao Zeballos",2,1,0,0,1,0,0,,"Avenida",,"SANTA FE","La Capital","Hormigón","Pavimento","I","Dentro","Urbana","Semáforo","Funciona","Intersección","Bueno","Buena","Diurna","Buen Tiempo","Lateral","S/D","Colisión","S/D","Horizontal,Vertical","Cordón divisorio","Sin restricción"
2016,257,1/17/2016,"Domingo",0,21:45:00,,"0.0",2,"Moto/Ciclomotor,Automóvil","Alberti Y Chiclana",2,1,0,0,1,0,0,,"Calle",,"SANTA FE","La Capital","Tierra","Natural","I","S/D","Urbana","Ninguna","No existe","Intersección","Deteriorada","Buena","Nocturna","Buen Tiempo","Lateral","S/D","Colisión","S/D","Faltante","Ninguna","Sin restricción"
2016,258,1/18/2016,"Lunes",0,14:00:00,,"0.0",2,"Moto/Ciclomotor,Automóvil","Av Peñaloza Y Gorostiaga",3,1,0,0,2,0,0,,"Avenida",,"SANTA FE","La Capital","Hormigón","Pavimento","I","Dentro","Urbana","Ninguna","No existe","Intersección","Bueno","Buena","Diurna","Buen Tiempo","Lateral","S/D","Colisión","S/D","Vertical","Cordón divisorio","Sin restricción"
2016,259,1/21/2016,"Jueves",0,9:30:00,,"0.0",2,"Moto/Ciclomotor,Automóvil","Gorriti Y Bernardo de Irigoyen",3,1,0,0,2,0,0,,"Avenida",,"SANTA FE","La Capital","Hormigón","Pavimento","I","Dentro","Urbana","Ninguna","No existe","Intersección","Bueno","Buena","Diurna","Buen Tiempo","Lateral","S/D","Colisión","S/D","Vertical","Cordón divisorio","Sin restricción"
2016,260,1/21/2016,"Jueves",0,13:30:00,,"0.0",2,"Moto/Ciclomotor,Automóvil","Av Blas Parera Y Vieytes",2,1,0,0,1,0,0,,"Avenida",,"SANTA FE","La Capital","Hormigón","Pavimento","I","Dentro","Urbana","Semáforo","Funciona","Intersección","Otro","Buena","Diurna","Buen Tiempo","Lateral","S/D","Colisión","Material Suelto","Horizontal,Vertical","Cordón divisorio","Reparación de Vía"
2016,261,1/21/2016,"Jueves",0,19:30:00,,"0.0",2,"Moto/Ciclomotor,Transporte de Pasajeros Urbano (> 8 asientos)","Estanislao Zeballos Y Juan Diaz de Solis",2,1,0,0,1,0,0,,"Calle",,"SANTA FE","La Capital","Hormigón","Pavimento","I","Dentro","Urbana","Ninguna","No existe","Intersección","Deteriorada","Buena","Atardecer","Buen Tiempo","Lateral","S/D","Colisión","Agua","Faltante","Ninguna","Sin restricción"
2016,262,1/22/2016,"Viernes",0,22:35:00,,"0.0",2,"Moto/Ciclomotor,Moto/Ciclomotor","Beruti Y Chiclana",2,2,0,0,0,0,0,,"Calle",,"SANTA FE","La Capital","Asfalto","Natural","I","Dentro","Urbana","Ninguna","No existe","Intersección","Deteriorada","Reducida","Nocturna,Con luz artificial","Buen Tiempo","Lateral","S/D","Colisión","Material Suelto","Faltante","Ninguna","Sin restricción"
2016,263,1/22/2016,"Viernes",0,17:30:00,,"0.0",2,"Moto/Ciclomotor,Automóvil","Av Blas Parera Y Larrea",2,1,0,0,1,0,0,,"Avenida",,"SANTA FE","La Capital","Hormigón","Pavimento","I","Dentro","Urbana","Semáforo","Funciona","Intersección","Bueno","Buena","Diurna","Buen Tiempo","De alcance","S/D","Colisión","Material Suelto","Horizontal,Vertical","Cordón divisorio","Reparación de Vía"
2016,264,1/5/2016,"Martes",0,23:25:00,,"0.0",2,"Moto/Ciclomotor,Moto/Ciclomotor","Mariano Candioti Y Rca Oriental del Uruguay",4,2,0,0,2,0,0,,"Calle",,"SANTO TOMÉ","La Capital","Asfalto","No existe","I","Dentro","Urbana","Ninguna","No existe","Intersección","Bueno","Buena","Nocturna","Buen Tiempo","Otro","S/D","Colisión","Otro","Faltante","S/D","Sin restricción"
2016,265,1/26/2016,"Martes",0,9:45:00,,"0.0",2,"Moto/Ciclomotor,Automóvil","Cafferata Y Juan Diaz de Solis",2,1,0,0,1,0,0,,"Calle",,"SANTA FE","La Capital","Asfalto","No existe","I","Dentro","Urbana","Ninguna","No existe","Recta","Bueno","Buena","Diurna","Buen Tiempo","De alcance","S/D","Colisión","Ninguna","Faltante","Ninguna","Sin restricción"