"anio_acci","nro_acci","fecha","desc_dia","fecha_aprox","hora_aprox","desc_ruta","km","cant_participantes","desc_participante","calle_avenida_km","total","heridos_leves","heridos_graves","heridos_gravisimos","ilesos","fallecidos","sin_datos","posicion_XY","desc_tipo_via","desc_ruta_ori","desc_loc","desc_dpto","desc_tipo_calzada","desc_tipo_banquina","desc_unidad_regional","desc_lugar_calzada","desc_zona","desc_prioridad","desc_estado_semaforo","desc_lugar_via","desc_estado_via","desc_estado_visibilidad","desc_luminosidad","desc_estado_clima","desc_tipo_colision","desc_tipo_atropello","desc_tipo_hecho","desc_pres_calzada","desc_senializacion","desc_separacion_via","desc_restriccion"
2016,266,1/11/2016,"Lunes",0,23:15:00,,"0.0",2,"Bicicleta,Automóvil","Jose De San Martin Y Martin de Pueyrredon",2,1,0,0,1,0,0,,"Calle",,"SANTO TOMÉ","La Capital","Ripio","No existe","I","S/D","Urbana","Ninguna","No existe","Intersección","Bueno","Buena","Nocturna","Buen Tiempo","S/D","S/D","Atropello","Ninguna","Faltante","Ninguna","Sin restricción"
2016,267,1/20/2016,"Miercoles",0,19:45:00,,"0.0",2,"Moto/Ciclomotor,Automóvil","Pres Domingo Faustino Sarmient Y Martin de Pueyrredon",2,1,0,0,1,0,0,,"Calle",,"SANTO TOMÉ","La Capital","Asfalto","No existe","I","S/D","Urbana","Ninguna","No existe","Intersección","Bueno","Buena","Atardecer","Buen Tiempo","Frontal","S/D","Colisión","Ninguna","Faltante","Ninguna","Sin restricción"
2016,268,1/27/2016,"Miercoles",0,22:30:00,,"0.0",2,"Moto/Ciclomotor,Moto/Ciclomotor","3 de febrero 1700",3,2,0,0,1,0,0,,"Calle",,"SANTO TOMÉ","La Capital","Tierra","No existe","I","Dentro","Urbana","Ninguna","No existe","Recta","Deteriorada","Buena","Nocturna,Con luz artificial","Buen Tiempo","Lateral","S/D","Colisión","Ninguna","Faltante","Ninguna","Sin restricción"
2016,269,1/31/2016,"Domingo",0,18:45:00,,"0.0",2,"Moto/Ciclomotor,Moto/Ciclomotor","Grl Enrique Mosconi Y Obispo Gelabert",3,3,0,0,0,0,0,,"Calle",,"SANTO TOMÉ","La Capital","Ripio","No existe","I","S/D","Urbana","Ninguna","No existe","Intersección","Bueno","Buena","Diurna","Buen Tiempo","Lateral","S/D","Colisión","Ninguna","S/D","Ninguna","Sin restricción"
2016,270,1/12/2016,"Martes",0,21:00:00,,"0.0",2,"Moto/Ciclomotor,Automóvil","Balcarce Y Cornelio de Saavedra",2,1,0,0,1,0,0,,"Calle",,"SANTO TOMÉ","La Capital","Asfalto","No existe","I","Dentro","Urbana","Ninguna","No existe","Recta","Bueno","Buena","Diurna","Buen Tiempo","Otro","S/D","Colisión","Otro","Faltante","S/D","Sin restricción"
2016,271,1/5/2016,"Martes",0,14:00:00,,"0.0",2,"Moto/Ciclomotor,Automóvil","Reg 12 de Infanteria Y Av Peñaloza",2,1,0,0,1,0,0,,"Avenida",,"SANTA FE","La Capital","Asfalto","S/D","I","S/D","Urbana","Semáforo","S/D","Intersección","Bueno","Buena","Diurna","Buen Tiempo","Lateral","S/D","Colisión","Otro","S/D","S/D","Sin restricción"
2016,272,1/21/2016,"Jueves",0,1:00:00,"Ruta Nacional 11","0.0",1,"Moto/Ciclomotor"," ",1,1,0,0,0,0,0,,"Ruta",11,"SAUCE VIEJO","La Capital","Asfalto","Natural","I","Dentro","Urbana","Señal Ceda el Paso","No existe","Recta","Bueno","Buena","Nocturna","Buen Tiempo","S/D","S/D","Vuelco","S/D","Faltante","Línea divisoria pintada","Sin restricción"
2016,273,1/29/2016,"Viernes",0,22:00:00,,"0.0",2,"Moto/Ciclomotor,Taxi/Remis","Av Peñaloza Y Javier de la Rosa",3,2,0,0,1,0,0,,"Calle",,"SANTA FE","La Capital","Asfalto","No existe","I","S/D","Urbana","Semáforo","Funciona","Intersección","Bueno","Buena","Nocturna,Con luz artificial","Buen Tiempo","Lateral","S/D","Colisión","S/D","Faltante","Cordón divisorio","Sin restricción"
2016,274,1/9/2016,"Sabado",0,20:50:00,,"0.0",2,"Moto/Ciclomotor,Otros","Defensa Y Juan Diaz de Solis",2,1,0,0,1,0,0,,"Calle",,"SANTA FE","La Capital","Tierra","Natural","I","Dentro","Urbana","Ninguna","No existe","Cruce","Deteriorada","Reducida","Nocturna","Buen Tiempo","S/D","S/D","Colisión","Otro","Faltante","Ninguna","Sin restricción"
2016,275,1/3/2016,"Domingo",0,9:10:00,,"0.0",2,"Automóvil,Automóvil","Teniente Loza 6200",2,1,0,0,1,0,0,,"Calle",,"SANTA FE","La Capital","Asfalto","No existe","I","S/D","Urbana","Ninguna","No existe","Recta","Bueno","Buena","Diurna","Buen Tiempo","De alcance","S/D","Colisión","Otro","Horizontal","Ninguna","Sin restricción"
2016,276,1/5/2016,"Martes",0,17:00:00,,"0.0",2,"Moto/Ciclomotor,Automóvil","Teniente Loza Y 12 de Octubre",2,1,0,0,1,0,0,,"Calle",,"SANTA FE","La Capital","Asfalto","No existe","I","S/D","Urbana","Ninguna","No existe","Recta","Bueno","Buena","Diurna","Buen Tiempo","De alcance","S/D","Colisión","Otro","S/D","Ninguna","Sin restricción"
2016,277,1/16/2016,"Sabado",0,12:15:00,,"0.0",2,"Moto/Ciclomotor,Moto/Ciclomotor","12 de Octubre Y Chaco",3,1,0,0,2,0,0,,"Calle",,"SANTA FE","La Capital","Asfalto","No existe","I","S/D","Urbana","Ninguna","No existe","Recta","Bueno","Buena","Diurna","Buen Tiempo","De alcance","S/D","Colisión","Otro","Horizontal","Ninguna","Sin restricción"
2016,278,1/26/2016,"Martes",0,18:38:00,,"0.0",2,"Bicicleta,Automóvil","Av Blas Parera Y Cafferata",2,1,0,0,1,0,0,,"Calle",,"SANTA FE","La Capital","S/D","No existe","I","S/D","Urbana","Ninguna","No existe","Intersección","Con baches","Buena","Diurna","Buen Tiempo","S/D","S/D","Atropello","Otro","Faltante","Ninguna","Sin restricción"
2016,279,1/24/2016,"Domingo",0,,,"0.0",1,"Moto/Ciclomotor","Av Circunvalación Y Teniente Loza",1,1,0,0,0,0,0,,"S/D",,"SANTA FE","La Capital","Hormigón","S/D","I","S/D","Rural","Ninguna","S/D","Recta","Bueno","S/D","S/D","Buen Tiempo","Otro","S/D","Caída ocupante","Otro","S/D","S/D","Sin restricción"
2016,280,1/23/2016,"Sabado",0,10:20:00,,"0.0",2,"Bicicleta,Moto/Ciclomotor","Teniente Loza Y Fray Domingo de Oro",2,1,0,0,0,0,1,,"Calle",,"SANTA FE","La Capital","S/D","S/D","I","S/D","Urbana","Ninguna","S/D","Cruce","Bueno","S/D","Diurna","Otro","De alcance","S/D","Colisión","Otro","Horizontal","Ninguna","Sin restricción"
2016,281,1/14/2016,"Jueves",0,23:25:00,,"0.0",2,"Automóvil,Automóvil","25 de mayo Y Jose De San Martin",4,4,0,0,0,0,0,,"Calle",,"SANTO TOMÉ","La Capital","Asfalto","No existe","I","Dentro","Urbana","Semáforo","Funciona","Intersección","Bueno","Buena","Nocturna,Con luz artificial","Buen Tiempo","De alcance","S/D","Colisión","S/D","Faltante","Ninguna","Sin restricción"
2016,282,1/18/2016,"Lunes",0,17:20:00,,"0.0",2,"Automóvil,Automóvil","Combatientes de Malvinas Y Fray de Aroca",2,2,0,0,0,0,0,,"S/D",,"SANTA FE","La Capital","Asfalto","No existe","I","S/D","Urbana","Ninguna","No existe","Cruce","Bueno","Buena","Diurna","Buen Tiempo","De alcance","S/D","Colisión","Otro","S/D","Ninguna","Sin restricción"
2016,283,1/3/2016,"Domingo",0,,,"0.0",2,"Moto/Ciclomotor,Automóvil"," ",3,2,0,0,1,0,0,,"Calle",,"SANTA FE","La Capital","Asfalto","No existe","I","Dentro","S/D","Ninguna","No existe","Recta","S/D","Buena","Diurna","Buen Tiempo","De alcance","S/D","Colisión","S/D","S/D","Ninguna","Sin restricción"
2016,284,1/19/2016,"Martes",0,22:20:00,,"0.0",2,"Moto/Ciclomotor,Pickup/Utilitario","Avenida Nuestra Señora del Luj 2300",2,1,0,0,1,0,0,,"Calle",,"SANTO TOMÉ","La Capital","Asfalto","No existe","I","Dentro","Urbana","Semáforo","Funciona","Recta","S/D","Buena","Nocturna,Con luz artificial","Buen Tiempo","Lateral","S/D","Colisión","S/D","Faltante","Ninguna","Sin restricción"
2016,285,1/19/2016,"Martes",0,12:00:00,,"0.0",2,"Moto/Ciclomotor,Pickup/Utilitario","Av Gral Lopez Y Centenera",2,1,0,0,1,0,0,,"Calle",,"SANTA FE","La Capital","Asfalto","No existe","I","Dentro","Urbana","Ninguna","No existe","Intersección","Resbaladiza","Buena","Diurna","Viento Fuerte","De alcance","S/D","Colisión","Agua","Faltante","Ninguna","Sin restricción"
2016,286,1/21/2016,"Jueves",0,20:15:00,,"0.0",2,"Taxi/Remis,Moto/Ciclomotor","Nicolas Avellaneda Y Sabroso Hilario",3,2,0,0,1,0,0,,"Calle",,"SANTO TOMÉ","La Capital","Asfalto","No existe","I","Dentro","Urbana","Ninguna","No existe","Intersección","Deteriorada","Reducida polvo","Atardecer","Buen Tiempo","Lateral","S/D","Colisión","Agua","Faltante","Ninguna","Sin restricción"
2016,287,1/19/2016,"Martes",0,19:45:00,,"0.0",2,"Automóvil,Moto/Ciclomotor","Libertad Y Jose De San Martin",2,1,0,0,1,0,0,,"Calle",,"SANTO TOMÉ","La Capital","Asfalto","No existe","I","Dentro","Urbana","Ninguna","No existe","Intersección","Bueno","Buena","Atardecer","Buen Tiempo","Frontal","S/D","Colisión","Agua","Faltante","Ninguna","Sin restricción"
2016,288,1/5/2016,"Martes",0,9:10:00,,"0.0",2,"Pickup/Utilitario,Automóvil","Teniente Loza 6200",2,1,0,0,1,0,0,,"Calle",,"SANTA FE","La Capital","Asfalto","No existe","I","S/D","Urbana","Ninguna","No existe","Recta","Bueno","Buena","Diurna","Buen Tiempo","De alcance","S/D","Colisión","Otro","S/D","Ninguna","Sin restricción"
2016,289,1/21/2016,"Jueves",0,22:00:00,,"0.0",2,"Automóvil,Moto/Ciclomotor","Avenida Nuestra Señora del Luj Y Juan Antonio Alvarez de Arenal",2,1,0,0,1,0,0,,"Calle",,"SANTO TOMÉ","La Capital","Asfalto","No existe","I","Dentro","Urbana","Semáforo","Funciona","Intersección","Bueno","Reducida polvo","Nocturna,Con luz artificial","Viento Fuerte","Lateral","S/D","Colisión","S/D","Faltante","Ninguna","Sin restricción"
2016,290,1/29/2016,"Viernes",0,16:15:00,,"0.0",2,"Moto/Ciclomotor,Automóvil","Av Blas Parera Y Combatientes de Malvinas",4,2,0,0,2,0,0,,"S/D",,"SANTA FE","La Capital","Asfalto","S/D","I","S/D","S/D","Ninguna","S/D","Intersección","Bueno","S/D","Diurna","Buen Tiempo","De alcance","S/D","Colisión","Otro","Horizontal","Ninguna","Sin restricción"
2016,291,1/29/2016,"Viernes",0,3:00:00,,"0.0",2,"Moto/Ciclomotor,Automóvil","Pres Domingo Faustino Sarmient Y  Saavedra Miguel de Cervantes",2,1,0,0,1,0,0,,"Calle",,"SANTO TOMÉ","La Capital","Asfalto","No existe","I","Dentro","Urbana","Ninguna","No existe","Intersección","Bueno","Buena","Nocturna,Con luz artificial","Buen Tiempo","De alcance","S/D","Colisión","Material Suelto","Faltante","Ninguna","Sin restricción"
2016,292,1/22/2016,"Viernes",0,8:40:00,,"0.0",2,"Vehículo Oficial,Pickup/Utilitario","San Luis 900",3,2,0,0,1,0,0,,"Calle",,"ROSARIO","Rosario","Asfalto","S/D","II","Dentro","Urbana","Semáforo","Funciona","Recta","Bueno","Buena","Diurna","Buen Tiempo","S/D","S/D","Colisión","S/D","S/D","Cordón divisorio","Sin restricción"
2016,293,1/7/2016,"Jueves",0,10:50:00,,"0.0",1,"Transporte de Pasajeros Urbano (> 8 asientos)","San Luis Y J.M.de Rosas",2,1,0,0,1,0,0,,"Calle",,"ROSARIO","Rosario","S/D","S/D","II","Dentro","Urbana","S/D","S/D","Intersección","Bueno","Buena","Diurna","S/D","S/D","S/D","Caída ocupante","S/D","S/D","Cordón divisorio","S/D"
2016,294,1/6/2016,"Miercoles",0,17:25:00,,"0.0",2,"Pickup/Utilitario,Automóvil","Rivadavia Y Alberdi",2,1,0,0,1,0,0,,"Calle",,"SANTA FE","La Capital","Asfalto","S/D","I","Dentro","Urbana","S/D","S/D","Intersección","Bueno","Buena","Diurna","S/D","Lateral","S/D","Colisión","S/D","S/D","S/D","S/D"
2016,295,1/1/2016,"Viernes",0,7:40:00,,"0.0",2,"Automóvil,Automóvil","Defensa Y Pavon",3,2,0,0,1,0,0,,"Calle",,"SANTA FE","La Capital","Asfalto","S/D","I","Dentro","Urbana","S/D","S/D","Intersección","Bueno","Buena","Diurna","S/D","Lateral","S/D","Colisión","S/D","S/D","S/D","S/D"
2016,296,1/1/2016,"Viernes",0,4:40:00,,"0.0",2,"Moto/Ciclomotor,Automóvil","Tacuari Y Boneo",3,2,0,0,1,0,0,,"Calle",,"SANTA FE","La Capital","Asfalto","S/D","I","Dentro","Urbana","S/D","S/D","Intersección","Bueno","Buena","Nocturna,Con luz artificial","S/D","Lateral","S/D","Colisión","S/D","S/D","S/D","S/D"
2016,297,1/11/2016,"Lunes",0,9:00:00,"Ruta Provincial 62","0.0",1,"Moto/Ciclomotor","ESTANCIA LA MARTINA ",1,0,1,0,0,0,0,,"Ruta",62,"HELVECIA","Garay","Asfalto","Natural","VII","Dentro","Urbana","Ninguna","No existe","Recta","Bueno","Buena","Diurna","Buen Tiempo","Atropello animal","S/D","Colisión","S/D","Faltante","Ninguna","Sin restricción"
2016,298,1/15/2016,"Viernes",0,0:20:00,,"0.0",2,"Moto/Ciclomotor,Moto/Ciclomotor","Av Peñaloza Y Larrea",3,0,1,2,0,0,0,,"Avenida",,"SANTA FE","La Capital","Asfalto","No existe","I","S/D","Urbana","Ninguna","No existe","Recta","Bueno","Buena","Nocturna","Buen Tiempo","Frontal","S/D","Colisión","Otro","S/D","Ninguna","Sin restricción"
2016,299,1/6/2016,"Miercoles",0,9:15:00,,"0.0",2,"Automóvil,Moto/Ciclomotor","Azcuenaga ",3,1,0,0,0,0,2,,"Calle",,"SANTA FE","La Capital","Asfalto","No existe","I","S/D","Urbana","Ninguna","No existe","Intersección","Bueno","Buena","Diurna","Buen Tiempo","Lateral","S/D","Colisión","Otro","Horizontal","Línea divisoria pintada","Sin restricción"
2016,300,1/2/2016,"Sabado",0,,,"0.0",2,"Moto/Ciclomotor,Moto/Ciclomotor","Estrada Y Risso",2,1,0,0,1,0,0,,"Calle",,"SANTA FE","La Capital","Asfalto","No existe","I","S/D","Urbana","Ninguna","No existe","Intersección","Bueno","Buena","Diurna","Buen Tiempo","Frontal","S/D","Colisión","Otro","Faltante","Ninguna","Sin restricción"
2016,301,1/26/2016,"Martes",0,16:40:00,,"0.0",2,"Moto/Ciclomotor,Automóvil","Av Blas Parera 6700",2,1,0,0,1,0,0,,"Avenida",,"SANTA FE","La Capital","Hormigón","Pavimento","I","Dentro","Urbana","Semáforo","Funciona","Recta","Otro","Reducida","Diurna","Buen Tiempo","Lateral","S/D","Colisión","Material Suelto","Horizontal,Vertical","Cordón divisorio","Reparación de Vía"
2016,302,1/26/2016,"Martes",0,19:45:00,,"0.0",2,"Moto/Ciclomotor,Automóvil","Estrada Y Alberti",2,1,0,0,1,0,0,,"Calle",,"SANTA FE","La Capital","Asfalto","Pavimento","I","Dentro","Urbana","Ninguna","No existe","Intersección","Bueno","Buena","Atardecer,Con luz artificial","Buen Tiempo","Lateral","S/D","Colisión","Agua","Faltante","Ninguna","Sin restricción"
2016,303,1/26/2016,"Martes",0,22:00:00,,"0.0",2,"Moto/Ciclomotor,Moto/Ciclomotor","Av Blas Parera Y Beruti",3,3,0,0,0,0,0,,"Avenida",,"SANTA FE","La Capital","Hormigón","Pavimento","I","Dentro","Urbana","Ninguna","No existe","Intersección","Bueno","Buena","Nocturna,Con luz artificial","Buen Tiempo","Lateral","S/D","Colisión","S/D","Horizontal,Vertical","Cordón divisorio","Sin restricción"
2016,304,1/31/2016,"Domingo",0,12:00:00,,"0.0",2,"Moto/Ciclomotor,Automóvil","Don Guanella Y Aguado",3,2,0,0,1,0,0,,"Calle",,"SANTA FE","La Capital","Asfalto","Natural","I","Dentro","Urbana","Ninguna","No existe","Intersección","Deteriorada","Buena","Diurna","Buen Tiempo","Lateral","S/D","Colisión","Material Suelto","Faltante","Ninguna","Sin restricción"
2016,305,1/24/2016,"Domingo",0,23:45:00,"Ruta Provincial 21","287.0",2,"Automóvil,Automóvil"," ",5,5,0,0,0,0,0,,"Ruta",21,"ALVEAR","Rosario","Asfalto","Natural","II","Dentro","Rural","Ninguna","No existe","Recta","Bueno","S/D","Nocturna","Buen Tiempo","Frontal","S/D","Colisión","Otro","S/D","Línea divisoria pintada","Sin restricción"
2016,306,1/31/2016,"Domingo",0,1:15:00,,"0.0",2,"Moto/Ciclomotor,Moto/Ciclomotor","Av Brasil Y J Buffa",3,3,0,0,0,0,0,,"Avenida",,"RAFAELA","Castellanos","Asfalto","S/D","V","Dentro","Urbana","Ninguna","S/D","Recta","Bueno","Buena","Nocturna,Con luz artificial","Buen Tiempo","Frontal","S/D","Colisión","S/D","Horizontal","Línea divisoria pintada","Accidente Previo"
2016,307,1/30/2016,"Sabado",0,,,"0.0",2,"Bicicleta,Moto/Ciclomotor","500 Millas Argentinas ",2,0,2,0,0,0,0,,"Avenida",,"RAFAELA","Castellanos","Hormigón","S/D","V","S/D","Urbana","S/D","No existe","Recta","Bueno","Buena","Diurna","Buen Tiempo","Lateral","S/D","Colisión","Ninguna","Faltante","S/D","S/D"
2016,308,1/27/2016,"Miercoles",0,11:40:00,,"0.0",2,"Automóvil,Moto/Ciclomotor","Simon Bolivar 255",2,2,0,0,0,0,0,,"Calle",,"RAFAELA","Castellanos","Asfalto","No existe","V","S/D","Urbana","Ninguna","No existe","Recta","Bueno","Buena","Diurna","Buen Tiempo","Lateral","S/D","Colisión","S/D","Horizontal","S/D","Sin restricción"
2016,309,1/11/2016,"Lunes",0,,,"0.0",2,"Automóvil,Camión","Blas Parera Y Av Luis Fanti",2,1,0,0,1,0,0,,"Avenida",,"RAFAELA","Castellanos","Hormigón","No existe","V","S/D","Urbana","S/D","No existe","Curva","Bueno","Buena","Diurna","Buen Tiempo","Frontal","S/D","Colisión","Ninguna","Faltante","S/D","S/D"
2016,310,1/25/2016,"Lunes",0,6:55:00,"Ruta Provincial 90","0.0",1,"Pickup/Utilitario","RTA N&#186;90 Y ACCESO ALVEAR Y MITRE",6,1,0,0,5,0,0,,"Ruta",90,"ALCORTA","Constitución","Asfalto","Natural","VI","Dentro","Rural","S/D","No existe","Recta","Bueno","Buena","Diurna","Otro","Contra objeto fijo","S/D","Despiste","Agua","Faltante","S/D","Sin restricción"
2016,311,1/16/2016,"Sabado",0,18:30:00,,"0.0",1,"Pickup/Utilitario"," ",1,1,0,0,0,0,0,,"Camino Rural",,"EMPALME VILLA CONSTITUCIÓN","Constitución","Tierra","No existe","VI","Dentro","Rural","Ninguna","No existe","Recta","Con baches","Reducida polvo","Atardecer","Buen Tiempo","S/D","S/D","Vuelco","S/D","Faltante","Ninguna","Sin restricción"
2016,312,1/19/2016,"Martes",0,14:00:00,"Ruta Nacional 34","172.0",2,"Camión,Camión"," ",2,1,0,0,1,0,0,,"Ruta",34,"SAN VICENTE.","Castellanos","Hormigón","Ripio","V","Dentro","Rural","Ninguna","No existe","Curva","Bueno","Buena","Atardecer","Buen Tiempo","De alcance","S/D","Colisión","Ninguna","Horizontal","Ninguna","Accidente Previo"
2016,313,1/13/2016,"Miercoles",0,19:42:00,,"0.0",2,"Moto/Ciclomotor,Automóvil","Doldan Y Europa",2,1,0,0,1,0,0,,"Calle",,"SANTA FE","La Capital","Asfalto","S/D","I","S/D","Urbana","Ninguna","S/D","Intersección","Bueno","Buena","Diurna","Buen Tiempo","Lateral","S/D","Colisión","S/D","S/D","Ninguna","Sin restricción"
2016,314,1/22/2016,"Viernes",0,,,"0.0",2,"Moto/Ciclomotor,Automóvil","Santiago del Estero ",2,1,0,0,1,0,0,,"Calle",,"VILLA CONSTITUCIÓN","Constitución","Asfalto","Pavimento","VI","Dentro","Urbana","Ninguna","No existe","Intersección","Bueno","Buena","Diurna","Buen Tiempo","Lateral","S/D","Colisión","Ninguna","Faltante","Ninguna","Sin restricción"
2016,315,1/22/2016,"Viernes",0,,,"0.0",2,"Moto/Ciclomotor,Otros","Acevedo Y Colon",2,1,0,0,1,0,0,,"Calle",,"VILLA CONSTITUCIÓN","Constitución","Asfalto","Pavimento","VI","Dentro","Urbana","Ninguna","No existe","Intersección","Bueno","Buena","Diurna","Buen Tiempo","Lateral","S/D","Colisión","Ninguna","Faltante","Ninguna","Sin restricción"
2016,316,1/21/2016,"Jueves",0,,,"0.0",2,"Moto/Ciclomotor,Automóvil","Pbro D Segundo ",2,1,0,0,1,0,0,,"Avenida",,"VILLA CONSTITUCIÓN","Constitución","Asfalto","Pavimento","VI","Dentro","Urbana","Ninguna","No existe","Recta","Bueno","Buena","Diurna","Buen Tiempo","Lateral","S/D","Colisión","Ninguna","Faltante","Ninguna","Sin restricción"
2016,317,1/18/2016,"Lunes",0,,,"0.0",2,"Moto/Ciclomotor,Automóvil","San Luis Y J M Segui",2,1,0,0,1,0,0,,"Calle",,"VILLA CONSTITUCIÓN","Constitución","Asfalto","Pavimento","VI","Dentro","Urbana","Ninguna","No existe","Intersección","Deteriorada","Buena","Diurna","Buen Tiempo","Lateral","S/D","Colisión","S/D","Faltante","Ninguna","Sin restricción"
2016,318,1/20/2016,"Miercoles",0,,,"0.0",2,"Moto/Ciclomotor,Automóvil","Hipolito Irigoyen Y Simon Bolivar",2,1,0,0,1,0,0,,"Calle",,"VILLA CONSTITUCIÓN","Constitución","Asfalto","Pavimento","VI","Dentro","Urbana","Ninguna","No existe","Intersección","Bueno","Buena","Diurna","Buen Tiempo","Lateral","S/D","Colisión","S/D","Faltante","Ninguna","Sin restricción"
2016,319,1/12/2016,"Martes",0,,,"0.0",2,"Automóvil,Automóvil","Moreno Y Formosa",5,3,0,0,2,0,0,,"Calle",,"VILLA CONSTITUCIÓN","Constitución","Asfalto","Pavimento","VI","Dentro","Urbana","Ninguna","No existe","Intersección","Bueno","Buena","Diurna","Buen Tiempo","Lateral","S/D","Colisión","S/D","Faltante","Ninguna","Sin restricción"
2016,320,1/8/2016,"Viernes",0,,,"0.0",2,"Moto/Ciclomotor,Automóvil","Catamarca Y Independencia",3,1,0,0,2,0,0,,"Calle",,"VILLA CONSTITUCIÓN","Constitución","Asfalto","Pavimento","VI","Dentro","Urbana","Ninguna","No existe","Intersección","Bueno","Buena","Diurna","Buen Tiempo","Lateral","S/D","Colisión","S/D","Faltante","Ninguna","Sin restricción"
2016,321,1/8/2016,"Viernes",0,,,"0.0",2,"Camión,Moto/Ciclomotor","Presidente Peron Y Pbro D Segundo",2,1,0,0,1,0,0,,"Calle",,"VILLA CONSTITUCIÓN","Constitución","Asfalto","Pavimento","VI","Dentro","Urbana","Semáforo","Funciona","Intersección","Bueno","Buena","Diurna","Buen Tiempo","Lateral","S/D","Colisión","S/D","Horizontal","Ninguna","Sin restricción"
2016,322,1/3/2016,"Domingo",0,21:25:00,,"0.0",2,"Moto/Ciclomotor,Automóvil","Acevedo Y Belgrano",2,1,0,0,1,0,0,,"Calle",,"VILLA CONSTITUCIÓN","Constitución","Asfalto","Pavimento","VI","Dentro","Urbana","Ninguna","No existe","Intersección","Bueno","Buena","Diurna","Buen Tiempo","Lateral","S/D","Colisión","S/D","Faltante","Ninguna","Sin restricción"
2016,323,1/18/2016,"Lunes",0,21:30:00,,"0.0",2,"Moto/Ciclomotor,Otros","Cordoba Y Juan Jose de Urquiza",3,2,0,0,1,0,0,,"Calle",,"VILLA CONSTITUCIÓN","Constitución","Asfalto","Pavimento","VI","Dentro","Urbana","Ninguna","No existe","Intersección","Bueno","Buena","Nocturna","Buen Tiempo","Lateral","S/D","Colisión","S/D","Faltante","Ninguna","Sin restricción"
2016,324,1/18/2016,"Lunes",0,19:50:00,,"0.0",2,"Automóvil,Automóvil","14 de Febrero Y Moreno",2,1,0,0,1,0,0,,"Calle",,"VILLA CONSTITUCIÓN","Constitución","Asfalto","Pavimento","VI","Dentro","Urbana","Ninguna","No existe","Intersección","Bueno","Buena","Diurna","Buen Tiempo","Lateral","S/D","Colisión","S/D","Faltante","Ninguna","Sin restricción"
2016,325,1/19/2016,"Martes",0,16:50:00,,"0.0",2,"Moto/Ciclomotor,Pickup/Utilitario","Cordoba Y Rivadavia",2,1,0,0,1,0,0,,"Calle",,"VILLA CONSTITUCIÓN","Constitución","Asfalto","Pavimento","VI","Dentro","Urbana","Ninguna","No existe","Intersección","Bueno","Buena","Diurna","Buen Tiempo","Lateral","S/D","Colisión","S/D","Faltante","Ninguna","Sin restricción"
2016,326,1/19/2016,"Martes",0,12:30:00,,"0.0",2,"Bicicleta,Automóvil","Colon Y Acevedo",2,1,0,0,1,0,0,,"Calle",,"VILLA CONSTITUCIÓN","Constitución","Asfalto","Pavimento","VI","Dentro","Urbana","Ninguna","No existe","Intersección","Bueno","Buena","Diurna","Buen Tiempo","Lateral","S/D","Atropello","S/D","Faltante","Ninguna","Sin restricción"
2016,327,1/18/2016,"Lunes",0,,,"0.0",2,"Moto/Ciclomotor,Automóvil","Simon Bolivar Y Catamarca",2,1,0,0,1,0,0,,"Calle",,"VILLA CONSTITUCIÓN","Constitución","Asfalto","Pavimento","VI","Dentro","Urbana","Ninguna","No existe","Intersección","Bueno","Buena","Diurna","Buen Tiempo","Lateral","S/D","Colisión","S/D","Faltante","Ninguna","Sin restricción"
2016,328,1/27/2016,"Miercoles",0,,,"0.0",2,"Moto/Ciclomotor,Otros","Santiago del Estero Y Alberdi",2,1,0,0,1,0,0,,"Calle",,"VILLA CONSTITUCIÓN","Constitución","Asfalto","Pavimento","VI","Dentro","Urbana","Ninguna","No existe","Intersección","Bueno","Buena","Diurna","Buen Tiempo","Lateral","S/D","Colisión","S/D","Faltante","Ninguna","Sin restricción"
2016,329,1/23/2016,"Sabado",0,3:15:00,,"0.0",2,"Moto/Ciclomotor,Automóvil","Independencia ",2,1,0,0,1,0,0,,"Calle",,"VILLA CONSTITUCIÓN","Constitución","Asfalto","Pavimento","VI","Dentro","Urbana","Ninguna","No existe","Intersección","Bueno","Buena","Diurna","Buen Tiempo","Lateral","S/D","Colisión","S/D","Faltante","Ninguna","Sin restricción"
2016,330,1/27/2016,"Miercoles",0,23:30:00,,"0.0",2,"Otros,Moto/Ciclomotor","Independencia ",2,1,0,0,0,0,1,,"Calle",,"VILLA CONSTITUCIÓN","Constitución","Asfalto","Pavimento","VI","Dentro","Urbana","Ninguna","No existe","Intersección","Bueno","Buena","Diurna","Buen Tiempo","Lateral","S/D","Colisión","S/D","Faltante","Ninguna","Sin restricción"