"anio_acci","nro_acci","fecha","desc_dia","fecha_aprox","hora_aprox","desc_ruta","km","cant_participantes","desc_participante","calle_avenida_km","total","heridos_leves","heridos_graves","heridos_gravisimos","ilesos","fallecidos","sin_datos","posicion_XY","desc_tipo_via","desc_ruta_ori","desc_loc","desc_dpto","desc_tipo_calzada","desc_tipo_banquina","desc_unidad_regional","desc_lugar_calzada","desc_zona","desc_prioridad","desc_estado_semaforo","desc_lugar_via","desc_estado_via","desc_estado_visibilidad","desc_luminosidad","desc_estado_clima","desc_tipo_colision","desc_tipo_atropello","desc_tipo_hecho","desc_pres_calzada","desc_senializacion","desc_separacion_via","desc_restriccion"
2016,331,1/25/2016,"Lunes",0,7:15:00,"Autopista Nacional Gral. Juan Jose Valle","282.0",2,"Automóvil,Moto/Ciclomotor"," ",2,1,0,0,1,0,0,,"Autopista","Gral. Juan Jose Valle","ALVEAR","Rosario","Asfalto","Natural","II","S/D","Rural","Ninguna","No existe","Recta","Bueno","Buena","Diurna","Buen Tiempo","Lateral","S/D","Colisión","Otro","S/D","Vegetación","Sin restricción"
2016,332,1/11/2016,"Lunes",0,20:15:00,,"0.0",2,"Bicicleta,Automóvil","Centenario 1900",2,1,0,0,1,0,0,,"Calle",,"SANTO TOMÉ","La Capital","Asfalto","No existe","I","Dentro","Urbana","Ninguna","No existe","Recta","Bueno","Buena","Con luz artificial","Buen Tiempo","S/D","S/D","Atropello","Ninguna","Faltante","Ninguna","Sin restricción"
2016,333,1/11/2016,"Lunes",0,21:30:00,,"0.0",2,"Pickup/Utilitario,Moto/Ciclomotor","Jose De San Martin Y Cornelio de Saavedra",2,1,0,0,1,0,0,,"Calle",,"SANTO TOMÉ","La Capital","Asfalto","No existe","I","Dentro","Urbana","Ninguna","No existe","Intersección","Bueno","Buena","Nocturna,Con luz artificial","Buen Tiempo","De alcance","S/D","Colisión","Ninguna","Faltante","Ninguna","Sin restricción"
2016,334,1/12/2016,"Martes",0,9:30:00,,"0.0",2,"Automóvil,Moto/Ciclomotor","Jose De San Martin 3300",3,1,0,0,2,0,0,,"Calle",,"SANTO TOMÉ","La Capital","Ripio","Ripio","I","Dentro","Urbana","Ninguna","No existe","Recta","Con baches","Reducida polvo","Diurna","Buen Tiempo","De alcance","S/D","Colisión","Material Suelto","Faltante","Vegetación","Sin restricción"
2016,335,1/3/2016,"Domingo",0,10:10:00,"Ruta Provincial 1","94.0",1,"Moto/Ciclomotor"," ",1,0,1,0,0,0,0,,"Ruta",1,"HELVECIA","Garay","Asfalto","Natural","VII","S/D","Urbana","S/D","No existe","Recta","Bueno","Buena","Diurna","Buen Tiempo","Otro","S/D","Caída ocupante","Ninguna","Faltante","Ninguna","Sin restricción"
2016,336,1/25/2016,"Lunes",0,15:05:00,"Ruta Nacional 11","634.0",2,"Camión,Pickup/Utilitario"," ",5,1,1,0,3,0,0,,"Ruta",11,"LA CRIOLLA","San Justo","Asfalto","Ripio","XVI","Dentro","Urbana","Marca Vial","No existe","Curva","Bueno","Buena","Diurna","Buen Tiempo","De alcance","S/D","Colisión","Ninguna","Vertical","Línea divisoria pintada","Sin restricción"
2016,337,1/3/2016,"Domingo",0,20:30:00,,"0.0",1,"Moto/Ciclomotor","J Gauna Y Italia",1,1,0,0,0,0,0,,"Calle",,"SAN JUSTO","San Justo","Tierra","No existe","XVI","S/D","Urbana","Ninguna","S/D","Intersección","Bueno","S/D","Nocturna","Buen Tiempo","Otro","S/D","Caída ocupante","Ninguna","Faltante","Ninguna","Sin restricción"
2016,338,1/31/2016,"Domingo",0,12:00:00,"Ruta Provincial 5","0.0",1,"Automóvil"," ",3,3,0,0,0,0,0,,"Ruta",5,"LARRECHEA","San Jerónimo","Ripio","Natural","XV","Fuera","Rural","Ninguna","No existe","Recta","Bueno","Buena","Diurna","Buen Tiempo","S/D","S/D","Vuelco","S/D","Vertical","Vegetación","Sin restricción"
2016,339,1/2/2016,"Sabado",0,10:10:00,,"0.0",2,"Moto/Ciclomotor,Taxi/Remis","Bordabehere Y Sunchales",2,1,0,0,1,0,0,,"Calle",,"ROSARIO","Rosario","Asfalto","No existe","II","S/D","Urbana","Ninguna","No existe","Recta","Bueno","S/D","Diurna","Buen Tiempo","Contra objeto fijo","S/D","Colisión","S/D","Faltante","Ninguna","Sin restricción"
2016,340,1/22/2016,"Viernes",0,11:50:00,,"0.0",2,"Bicicleta,Automóvil","Tucuman Y Crespo",2,1,0,0,1,0,0,,"Calle",,"ROSARIO","Rosario","Asfalto","No existe","II","S/D","Urbana","Ninguna","No existe","Recta","Bueno","Buena","Diurna","Buen Tiempo","Otro","S/D","Otro","Ninguna","Faltante","Ninguna","Sin restricción"
2016,341,1/29/2016,"Viernes",0,14:40:00,,"0.0",2,"Automóvil,Moto/Ciclomotor","Av. Ovidio Lagos Y Santa Fe",2,1,0,0,1,0,0,,"Calle",,"ROSARIO","Rosario","Asfalto","S/D","II","S/D","Urbana","Semáforo","Funciona","Recta","Bueno","Buena","Diurna","Buen Tiempo","Otro","S/D","Colisión","S/D","S/D","Ninguna","Sin restricción"
2016,342,1/4/2016,"Lunes",0,15:30:00,"Ruta Nacional 11","0.0",2,"Automóvil,Automóvil","Hungria ",5,3,0,2,0,0,0,,"Ruta",11,"SAUCE VIEJO","La Capital","Asfalto","S/D","I","S/D","S/D","S/D","S/D","S/D","S/D","S/D","Diurna","Buen Tiempo","S/D","S/D","Colisión","S/D","S/D","S/D","S/D"
2016,343,1/26/2016,"Martes",0,14:15:00,,"0.0",2,"Moto/Ciclomotor,Camión","Amenabar Y Galvez",2,1,0,0,1,0,0,,"Calle",,"SANTA TERESA","Constitución","Asfalto","No existe","VI","Dentro","Urbana","Ninguna","No existe","Intersección","Bueno","Buena","Diurna","Buen Tiempo","Lateral","S/D","Colisión","S/D","Faltante","Ninguna","Sin restricción"
2016,344,1/27/2016,"Miercoles",0,11:20:00,,"0.0",2,"Moto/Ciclomotor,Automóvil","Sarmiento Y Hernandarias",2,1,0,0,1,0,0,,"Calle",,"SANTA TERESA","Constitución","Asfalto","No existe","VI","Dentro","Urbana","Ninguna","No existe","Intersección","Bueno","Buena","Diurna","Buen Tiempo","Lateral","S/D","Colisión","S/D","Faltante","Ninguna","Sin restricción"
2016,345,1/28/2016,"Jueves",0,,,"0.0",2,"Moto/Ciclomotor,Moto/Ciclomotor","9 de julio Y Rivadavia",2,2,0,0,0,0,0,,"Calle",,"SANTA TERESA","Constitución","Tierra","No existe","VI","Dentro","Urbana","Ninguna","No existe","Intersección","Deteriorada","Buena","Diurna","Buen Tiempo","Lateral","S/D","Colisión","S/D","Faltante","Ninguna","Sin restricción"
2016,346,1/28/2016,"Jueves",0,16:40:00,,"0.0",2,"Automóvil,Moto/Ciclomotor","Almirante Guillermo Brown Y Claveles",3,1,0,0,1,0,1,,"Calle",,"SAUCE VIEJO","La Capital","Tierra,Ripio","Ripio","I","Dentro","Urbana","S/D","No existe","S/D","Bueno","Buena","Diurna","Buen Tiempo","Frontal","S/D","Colisión","S/D","Faltante","S/D","S/D"
2016,347,1/23/2016,"Sabado",0,22:55:00,"Ruta Nacional 11","0.0",2,"Automóvil,Transporte de Pasajeros Larga Distancia (Piso  y  1/2)"," ",8,5,0,0,2,0,1,,"Ruta",11,"SAUCE VIEJO","La Capital","Asfalto","No existe","I","S/D","S/D","Ninguna","No existe","Recta","Bueno","Buena","Nocturna","Buen Tiempo","Lateral","S/D","Colisión","S/D","S/D","Línea divisoria pintada","Sin restricción"
2016,348,1/22/2016,"Viernes",0,9:41:00,,"0.0",2,"Bicicleta,Automóvil","Gorriti 828",2,1,0,0,0,0,1,,"Calle",,"ROSARIO","Rosario","Asfalto","S/D","II","Dentro","Urbana","S/D","S/D","Recta","S/D","S/D","Diurna","S/D","S/D","S/D","Atropello","S/D","S/D","S/D","S/D"
2016,349,1/2/2016,"Sabado",0,,,"0.0",2,"Automóvil,Automóvil","Juan Jose de Urquiza Y Lisandro de la Torre",2,1,0,0,1,0,0,,"Calle",,"VILLA CONSTITUCIÓN","Constitución","Asfalto","S/D","VI","Dentro","Urbana","Ninguna","S/D","Intersección","Bueno","S/D","S/D","Buen Tiempo","Lateral","S/D","Colisión","S/D","Faltante","Ninguna","Sin restricción"
2016,350,1/31/2016,"Domingo",0,12:00:00,"Ruta Secundaria 50-s","0.0",1,"Automóvil"," ",3,3,0,0,0,0,0,,"Ruta","50-s","LARRECHEA","San Jerónimo","Ripio","Natural","XV","Dentro","Rural","Ninguna","No existe","Recta","Bueno","Buena","Diurna","Buen Tiempo","S/D","S/D","Vuelco","S/D","Vertical","Vegetación","Sin restricción"
2016,351,1/22/2016,"Viernes",0,13:00:00,,"0.0",2,"Moto/Ciclomotor,Automóvil","Junin Y Bahia Blanca Bis",2,1,0,0,1,0,0,,"S/D",,"ROSARIO","Rosario","Asfalto","S/D","II","S/D","S/D","S/D","S/D","Intersección","S/D","S/D","Diurna","S/D","S/D","S/D","Colisión","S/D","S/D","S/D","S/D"
2016,352,1/16/2016,"Sabado",0,7:30:00,,"0.0",1,"Automóvil","Alberdi Y Gorriti",3,0,0,0,0,0,3,,"Calle",,"ROSARIO","Rosario","Asfalto","S/D","II","Dentro","Urbana","S/D","S/D","S/D","S/D","S/D","Diurna","S/D","S/D","S/D","Colisión","S/D","S/D","S/D","S/D"
2016,353,1/27/2016,"Miercoles",0,,,"0.0",2,"Moto/Ciclomotor,Automóvil","Acevedo Y Luis Pasteur",2,1,0,0,1,0,0,,"Calle",,"VILLA CONSTITUCIÓN","Constitución","Asfalto","S/D","VI","Dentro","Urbana","Ninguna","S/D","Intersección","Bueno","S/D","S/D","Buen Tiempo","Lateral","S/D","Colisión","S/D","Faltante","Ninguna","Sin restricción"
2016,354,1/10/2016,"Domingo",0,8:00:00,,"0.0",2,"Moto/Ciclomotor,Moto/Ciclomotor","Edison Y Brigadier Estanislao Lopez",3,3,0,0,0,0,0,,"Calle",,"RAFAELA","Castellanos","Asfalto","No existe","V","Dentro","Urbana","Ninguna","No existe","Intersección","Bueno","Buena","Nocturna","Buen Tiempo","Lateral","S/D","Colisión","Ninguna","Faltante","Barrera de hormigón","Sin restricción"
2016,355,1/30/2016,"Sabado",0,,,"0.0",2,"Bicicleta,Pickup/Utilitario","Presidente Peron Y Martin Miguel de Guemes",2,1,0,0,1,0,0,,"Calle",,"VILLA CONSTITUCIÓN","Constitución","Asfalto","Pavimento","VI","Dentro","Urbana","Ninguna","No existe","Intersección","Bueno","Buena","Diurna","Buen Tiempo","Lateral","S/D","Atropello","S/D","Faltante","Ninguna","Sin restricción"
2016,356,1/11/2016,"Lunes",0,19:00:00,,"0.0",2,"Moto/Ciclomotor,Pickup/Utilitario","Rosario Y F Lorenzatti",4,1,0,0,3,0,0,,"Calle",,"RAFAELA","Castellanos","Asfalto","Pavimento","V","Dentro","Urbana","Ninguna","No existe","Recta","Bueno","Buena","Diurna","Buen Tiempo","Frontal","S/D","Colisión","Ninguna","Faltante","Ninguna","S/D"
2016,357,1/21/2016,"Jueves",0,10:00:00,,"0.0",2,"Moto/Ciclomotor,Automóvil","Chubut Y Martin Miguel de Guemes",2,1,0,0,1,0,0,,"Calle",,"VILLA CONSTITUCIÓN","Constitución","Asfalto","No existe","VI","Dentro","Urbana","Ninguna","No existe","Intersección","Bueno","Buena","Diurna","Buen Tiempo","Lateral","S/D","Colisión","S/D","Faltante","Ninguna","Sin restricción"
2016,358,1/26/2016,"Martes",0,18:30:00,"Autopista Nacional Gral. Juan Jose Valle","239.0",2,"Camión,Pickup/Utilitario"," ",3,1,0,0,2,0,0,,"Autopista","Gral. Juan Jose Valle","VILLA CONSTITUCIÓN","Constitución","Asfalto","Ripio","VI","Dentro","Rural","Ninguna","No existe","Recta","Bueno","Buena","Diurna","Buen Tiempo","S/D","S/D","Colisión","S/D","Faltante","Ninguna","Sin restricción"
2016,359,1/12/2016,"Martes",0,8:00:00,,"0.0",2,"Pickup/Utilitario,Moto/Ciclomotor","Av Dr E Salva ",3,1,2,0,0,0,0,,"Avenida",,"RAFAELA","Castellanos","Asfalto","Pavimento","V","S/D","Urbana","Ninguna","No existe","Intersección","Bueno","Buena","Diurna","Buen Tiempo","Frontal","S/D","Colisión","Ninguna","S/D","S/D","Accidente Previo"
2016,360,1/31/2016,"Domingo",0,1:15:00,,"0.0",2,"Moto/Ciclomotor,Moto/Ciclomotor","Av Brasil Y J Buffa",3,3,0,0,0,0,0,,"Avenida",,"RAFAELA","Castellanos","Asfalto","S/D","V","Dentro","Urbana","Ninguna","S/D","Recta","Bueno","Buena","Nocturna","Buen Tiempo","Frontal","S/D","Colisión","S/D","Horizontal","Línea divisoria pintada","S/D"
2016,361,1/13/2016,"Miercoles",0,19:32:00,,"0.0",2,"Automóvil,Moto/Ciclomotor","Comodoro Rivadavia Y Independencia",2,1,0,0,1,0,0,,"Calle",,"VILLA CONSTITUCIÓN","Constitución","Asfalto","Pavimento","VI","Dentro","Urbana","Ninguna","No existe","Intersección","Bueno","Buena","Atardecer","Buen Tiempo","S/D","S/D","Colisión","S/D","Faltante","Ninguna","Sin restricción"
2016,362,1/25/2016,"Lunes",0,,,"0.0",2,"Automóvil,Moto/Ciclomotor","Tierra del Fuego ",2,1,0,0,1,0,0,,"Calle",,"VILLA CONSTITUCIÓN","Constitución","Asfalto","Pavimento","VI","Dentro","Urbana","Ninguna","No existe","Intersección","Bueno","Buena","Atardecer","Buen Tiempo","S/D","S/D","Colisión","S/D","Faltante","Ninguna","Sin restricción"
2016,363,1/31/2016,"Domingo",1,,,"0.0",2,"Moto/Ciclomotor,Automóvil","Calle 18 Y Calle 63",2,1,0,0,0,0,1,,"Calle",,"SAUCE VIEJO","La Capital","Tierra","S/D","I","Dentro","Urbana","S/D","S/D","Recta","Con baches","S/D","S/D","S/D","S/D","S/D","Colisión","S/D","S/D","S/D","S/D"
2016,364,1/14/2016,"Jueves",0,10:30:00,,"0.0",2,"Camión,Otros","Mariano Candioti Y Carlos Chapearouge",2,0,0,0,0,0,2,,"Calle",,"SANTO TOMÉ","La Capital","Asfalto","S/D","I","Dentro","Urbana","S/D","S/D","Intersección","Bueno","S/D","S/D","S/D","S/D","S/D","Colisión","S/D","S/D","S/D","S/D"
2016,365,1/25/2016,"Lunes",0,17:00:00,,"0.0",2,"Automóvil,Automóvil","Bv. Avellaneda Y Av. Luis Carballo",6,1,0,0,1,0,4,,"Calle",,"ROSARIO","Rosario","Asfalto","S/D","II","Dentro","Urbana","S/D","S/D","Intersección","S/D","S/D","Diurna","S/D","S/D","S/D","Colisión","S/D","S/D","S/D","S/D"
2016,366,1/9/2016,"Sabado",0,20:00:00,,"0.0",2,"Automóvil,Automóvil","Bv H Irigoyen Y Las Heras",2,1,0,0,1,0,0,,"Avenida",,"RAFAELA","Castellanos","Asfalto","No existe","V","Dentro","Urbana","Ninguna","No existe","Intersección","Bueno","Buena","Atardecer","Buen Tiempo","Lateral","S/D","Colisión","Ninguna","Faltante","Ninguna","Sin restricción"
2016,367,1/16/2016,"Sabado",0,10:15:00,,"0.0",2,"Pickup/Utilitario,Moto/Ciclomotor","Bv Santa Fe Y P Harrys",2,1,0,0,1,0,0,,"Avenida",,"RAFAELA","Castellanos","Asfalto","No existe","V","Dentro","Urbana","Ninguna","No existe","Intersección","Bueno","Buena","Diurna","Buen Tiempo","De alcance","S/D","Colisión","Ninguna","Faltante","Ninguna","Sin restricción"
2016,368,1/4/2016,"Lunes",0,7:50:00,,"0.0",2,"Moto/Ciclomotor,Pickup/Utilitario","Alvear Y Castellanos",2,1,0,0,1,0,0,,"Calle",,"SANTA FE","La Capital","Hormigón","S/D","I","Dentro","Urbana","S/D","S/D","Intersección","Bueno","Buena","Diurna","Buen Tiempo","Lateral","S/D","Colisión","Ninguna","S/D","Ninguna","Sin restricción"
2016,369,1/2/2016,"Sabado",0,2:15:00,,"0.0",2,"Moto/Ciclomotor,Automóvil","Av 7 Jefes 4300",2,1,0,0,1,0,0,,"Avenida",,"SANTA FE","La Capital","Hormigón","S/D","I","Dentro","Urbana","S/D","S/D","Recta","Bueno","Buena","Nocturna,Con luz artificial","Buen Tiempo","Lateral","S/D","Colisión","Ninguna","S/D","Cordón divisorio","Sin restricción"
2016,370,1/21/2016,"Jueves",0,22:30:00,"Ruta Provincial 70","0.0",2,"Moto/Ciclomotor,Moto/Ciclomotor","Ruta Provincial 70 ",3,1,1,0,1,0,0,,"Ruta",70,"BELLA ITALIA","Castellanos","Asfalto","Natural","V","Dentro","Rural","Ninguna","No existe","Recta","Bueno","Buena","Nocturna,Con luz artificial","Buen Tiempo","Lateral","S/D","Colisión","Ninguna","Faltante","Línea divisoria pintada","Sin restricción"
2016,371,1/22/2016,"Viernes",0,10:30:00,,"0.0",2,"Moto/Ciclomotor,Automóvil","Av A del Valle Y Pedro de Vega",2,1,0,0,1,0,0,,"Avenida",,"SANTA FE","La Capital","Hormigón","No existe","I","Dentro","Urbana","Semáforo","Funciona","Intersección","Bueno","Buena","Diurna","Buen Tiempo","Lateral","S/D","Colisión","Ninguna","Vertical","Ninguna","Sin restricción"
2016,372,1/18/2016,"Lunes",0,11:00:00,,"0.0",2,"Moto/Ciclomotor,Pickup/Utilitario","San Jeronimo Y Iturraspe",2,1,0,0,1,0,0,,"Calle",,"SANTA FE","La Capital","Hormigón","No existe","I","Dentro","Urbana","Ninguna","No existe","Intersección","Con baches","Buena","Diurna","Buen Tiempo","Lateral","S/D","Colisión","Ninguna","Faltante","Línea divisoria pintada","Sin restricción"
2016,373,1/25/2016,"Lunes",0,10:35:00,,"0.0",2,"Moto/Ciclomotor,Automóvil","Estanislao Zeballos Y San Jeronimo",3,1,1,0,1,0,0,,"Calle",,"SANTA FE","La Capital","Asfalto,Hormigón","No existe","I","Dentro","Urbana","Ninguna","No existe","Intersección","Con baches","Buena","Diurna","Buen Tiempo","Lateral","S/D","Colisión","Ninguna","Faltante","Ninguna","Sin restricción"
2016,374,1/26/2016,"Martes",0,18:30:00,,"0.0",2,"Automóvil,Moto/Ciclomotor","Av A del Valle Y Domingo Silva",2,1,0,0,1,0,0,,"Avenida",,"SANTA FE","La Capital","Hormigón","No existe","I","Dentro","Urbana","Ninguna","No existe","Intersección","Con baches","Buena","Diurna","Buen Tiempo","Lateral","S/D","Colisión","Ninguna","Vertical","Línea divisoria pintada","Sin restricción"
2016,375,1/27/2016,"Miercoles",0,8:30:00,,"0.0",2,"Automóvil,Moto/Ciclomotor","Av A del Valle Y J M Zuviria",2,1,0,0,1,0,0,,"Avenida",,"SANTA FE","La Capital","Hormigón","S/D","I","Dentro","Urbana","Semáforo","S/D","Intersección","Con baches","S/D","Diurna","Buen Tiempo","Lateral","S/D","Colisión","Ninguna","Vertical","Línea divisoria pintada","Sin restricción"
2016,376,1/27/2016,"Miercoles",0,18:30:00,,"0.0",2,"Moto/Ciclomotor,Pickup/Utilitario","Av A del Valle Y Quintana",4,3,0,0,1,0,0,,"Avenida",,"SANTA FE","La Capital","Hormigón","No existe","I","Dentro","Urbana","Ninguna","No existe","Intersección","Con baches","Buena","Diurna","Buen Tiempo","Lateral","S/D","Colisión","Ninguna","Faltante","Ninguna","Sin restricción"
2016,377,1/29/2016,"Viernes",0,11:50:00,,"0.0",2,"Moto/Ciclomotor,Pickup/Utilitario","Av A del Valle Y Salvador del Carril",2,1,0,0,1,0,0,,"Avenida",,"SANTA FE","La Capital","Hormigón","No existe","I","Dentro","Urbana","Semáforo","Funciona","Recta","Con baches","Buena","Diurna","Buen Tiempo","De alcance","S/D","Colisión","Ninguna","Vertical","Línea divisoria pintada","Sin restricción"
2016,378,1/6/2016,"Miercoles",0,7:30:00,,"0.0",2,"Bicicleta,Automóvil","Dr Zavalla 1954",2,1,0,0,1,0,0,,"Calle",,"SANTA FE","La Capital","Asfalto","No existe","I","Dentro","Urbana","Ninguna","No existe","Recta","Con baches","Buena","Diurna","Buen Tiempo","Contra objeto fijo","S/D","Otro","Ninguna","Faltante","Ninguna","Sin restricción"
2016,379,1/10/2016,"Domingo",0,7:15:00,"Ruta Provincial 2","111.0",2,"Bicicleta,Moto/Ciclomotor","Cno San Roque Y Chubut",2,0,0,0,1,1,0,"-30.783305,-60.589128","Ruta",2,"SAN JUSTO","San Justo","Asfalto","S/D","XVI","Dentro","Urbana","S/D","S/D","Intersección","S/D","S/D","Diurna","S/D","S/D","Ciclista","Atropello","S/D","S/D","S/D","S/D"
2016,380,1/25/2016,"Lunes",0,,"Ruta Provincial 21","0.0",2,"Automóvil,Moto/Ciclomotor","RTA.21 Y TIERRA DEL FUEGO",2,1,0,0,1,0,0,,"Ruta",21,"VILLA CONSTITUCIÓN","Constitución","Asfalto","Pavimento","VI","Dentro","Urbana","Ninguna","No existe","Intersección","Bueno","Buena","Atardecer","Buen Tiempo","S/D","S/D","Colisión","Ninguna","Faltante","Ninguna","Sin restricción"
2016,381,1/12/2016,"Martes",0,15:15:00,,"0.0",1,"Cuatriciclo","Moreno Y San Carlos",1,0,0,0,0,1,0,"-32.752444444444,-60.7325","Calle",,"SAN LORENZO","San Lorenzo","S/D","S/D","XVII","Dentro","Urbana","S/D","S/D","Intersección","Resbaladiza","S/D","Diurna","Lluvia","S/D","S/D","Caída ocupante","Agua","S/D","S/D","S/D"
2016,382,1/13/2016,"Miercoles",0,19:30:00,,"0.0",2,"Automóvil,Moto/Ciclomotor","Comodoro Rivadavia Y Independencia",2,1,0,0,1,0,0,,"Avenida",,"VILLA CONSTITUCIÓN","Constitución","Asfalto","Pavimento","VI","Dentro","Urbana","Ninguna","No existe","Intersección","Bueno","Buena","Atardecer","Buen Tiempo","Otro","S/D","Colisión","Ninguna","Faltante","Ninguna","Sin restricción"
2016,383,1/26/2016,"Martes",0,18:30:00,"Autopista Nacional Gral. Juan Jose Valle","239.0",2,"Camión,Pickup/Utilitario"," ",3,1,0,0,2,0,0,,"Autopista","Gral. Juan Jose Valle","VILLA CONSTITUCIÓN","Constitución","Asfalto","Ripio","VI","Dentro","Rural","Ninguna","No existe","Recta","Bueno","Buena","Diurna","Buen Tiempo","S/D","S/D","Colisión","Ninguna","Faltante","Ninguna","Sin restricción"
2016,384,1/14/2016,"Jueves",0,4:30:00,"Autopista Nacional Rosario -Cordoba","298.0",2,"Camión,Bicicleta"," ",2,0,0,0,1,1,0,"-32.9491196,-60.7323615","Autopista","Rosario -Cordoba","ROSARIO","Rosario","S/D","S/D","II","Dentro","Rural","S/D","S/D","Recta","S/D","S/D","S/D","S/D","S/D","S/D","Atropello","S/D","S/D","S/D","S/D"
2016,385,1/21/2016,"Jueves",0,10:00:00,,"0.0",2,"Moto/Ciclomotor,Automóvil","Chubut Y Martin Miguel de Guemes",2,1,0,0,1,0,0,,"Calle",,"VILLA CONSTITUCIÓN","Constitución","Asfalto,Tierra","No existe","VI","Dentro","Urbana","Ninguna","No existe","Intersección","Bueno","Buena","Diurna","Buen Tiempo","Lateral","S/D","Colisión","Ninguna","Faltante","Ninguna","Sin restricción"
2016,386,1/30/2016,"Sabado",0,,,"0.0",2,"Bicicleta,Automóvil","Presidente Peron Y Martin Miguel de Guemes",2,1,0,0,1,0,0,,"Calle",,"VILLA CONSTITUCIÓN","Constitución","Asfalto","Pavimento","VI","Dentro","Urbana","Ninguna","No existe","Intersección","Bueno","Buena","Diurna","Buen Tiempo","S/D","S/D","Atropello","Ninguna","Faltante","Ninguna","Sin restricción"
2016,387,1/27/2016,"Miercoles",0,,,"0.0",2,"Moto/Ciclomotor,Automóvil","Acevedo Y Luis Pasteur",2,1,0,0,1,0,0,,"Calle",,"VILLA CONSTITUCIÓN","Constitución","Asfalto","S/D","VI","Dentro","Urbana","Ninguna","S/D","Intersección","Bueno","S/D","S/D","Buen Tiempo","Lateral","S/D","Colisión","Ninguna","Faltante","Ninguna","Sin restricción"
2016,388,1/2/2016,"Sabado",0,,,"0.0",2,"Automóvil,Automóvil","Juan Jose de Urquiza Y Lisandro de la Torre",2,1,0,0,1,0,0,,"Calle",,"VILLA CONSTITUCIÓN","Constitución","Asfalto","S/D","VI","S/D","Urbana","Ninguna","S/D","Intersección","Bueno","S/D","S/D","Buen Tiempo","Lateral","S/D","Colisión","Ninguna","Faltante","Ninguna","Sin restricción"
2016,389,1/6/2016,"Miercoles",0,18:30:00,,"0.0",2,"Bicicleta,Automóvil","Juan de Garay Y Av Freyre",2,1,0,0,1,0,0,,"Calle",,"SANTA FE","La Capital","Asfalto","No existe","I","Dentro","Urbana","Ninguna","No existe","Intersección","Con baches","Buena","Diurna","Otro","Otro","S/D","Atropello","Ninguna","Faltante","Ninguna","Sin restricción"
2016,390,1/8/2016,"Viernes",0,16:30:00,,"0.0",2,"Moto/Ciclomotor,Automóvil","Juan de Garay Y Av Freyre",2,1,0,0,1,0,0,,"Calle",,"SANTA FE","La Capital","Asfalto","No existe","I","S/D","Urbana","Ninguna","No existe","Recta","Con baches","Buena","Diurna","Buen Tiempo","Otro","S/D","Colisión","Ninguna","Faltante","Ninguna","Sin restricción"
2016,391,1/8/2016,"Viernes",0,19:35:00,,"0.0",2,"Moto/Ciclomotor,Automóvil","San Lorenzo 2015",2,1,0,0,1,0,0,,"Calle",,"SANTA FE","La Capital","S/D","S/D","I","Dentro","Urbana","S/D","S/D","S/D","S/D","S/D","Atardecer","S/D","S/D","S/D","Colisión","S/D","S/D","S/D","S/D"
2016,392,1/14/2016,"Jueves",0,17:40:00,,"0.0",2,"Moto/Ciclomotor,Moto/Ciclomotor","Pasco 1683",2,0,0,0,1,1,0,"-32.958111111111,-60.649583333333","Calle",,"ROSARIO","Rosario","S/D","S/D","II","Dentro","Urbana","S/D","S/D","Recta","S/D","S/D","Diurna","S/D","S/D","S/D","Colisión","S/D","S/D","S/D","S/D"
2016,393,1/13/2016,"Miercoles",0,21:20:00,"Ruta Nacional 33","0.0",2,"Pickup/Utilitario,Peatón"," ",2,0,0,0,1,1,0,"-34.269271, -62.688017","Ruta",33,"RUFINO","General López","S/D","S/D","VIII","Dentro","Urbana","S/D","S/D","Recta","S/D","S/D","Nocturna","S/D","S/D","S/D","Atropello","S/D","S/D","S/D","S/D"
2016,394,1/27/2016,"Miercoles",0,16:50:00,,"0.0",2,"Moto/Ciclomotor,Pickup/Utilitario","Alberdi Y ",2,1,0,0,1,0,0,,"Calle",,"ROSARIO","Rosario","Asfalto","S/D","II","Dentro","Urbana","S/D","S/D","Intersección","S/D","S/D","Diurna","S/D","S/D","S/D","Colisión","S/D","S/D","S/D","S/D"
2016,396,1/7/2016,"Jueves",0,12:50:00,,"0.0",3,"Moto/Ciclomotor,Automóvil,Pickup/Utilitario","J Zanetti Y Acu±a",3,0,1,0,2,0,0,,"Calle",,"RAFAELA","Castellanos","Hormigón","No existe","V","Dentro","Urbana","Ninguna","No existe","Intersección","Bueno","Buena","Diurna","Buen Tiempo","Múltiple","S/D","Colisión","S/D","Faltante","Ninguna","Sin restricción"
2016,397,1/7/2016,"Jueves",0,16:30:00,,"0.0",2,"Moto/Ciclomotor,Pickup/Utilitario","Bv G L Lhemann Y Sarmiento",2,0,1,0,1,0,0,,"Calle",,"RAFAELA","Castellanos","Asfalto","No existe","V","Dentro","Urbana","Ninguna","Funciona","Intersección","Bueno","Buena","Diurna","Buen Tiempo","Frontal","S/D","Colisión","S/D","S/D","Ninguna","Sin restricción"
2016,398,1/5/2016,"Martes",0,7:00:00,,"0.0",2,"Automóvil,Moto/Ciclomotor","E Oliber Y San Luis",2,1,0,0,1,0,0,,"Calle",,"RAFAELA","Castellanos","Asfalto","S/D","V","Dentro","Urbana","Ninguna","S/D","Intersección","Bueno","Buena","Diurna","Buen Tiempo","Lateral","S/D","Colisión","S/D","Faltante","Ninguna","Sin restricción"