"anio_acci","nro_acci","fecha","desc_dia","fecha_aprox","hora_aprox","desc_ruta","km","cant_participantes","desc_participante","calle_avenida_km","total","heridos_leves","heridos_graves","heridos_gravisimos","ilesos","fallecidos","sin_datos","posicion_XY","desc_tipo_via","desc_ruta_ori","desc_loc","desc_dpto","desc_tipo_calzada","desc_tipo_banquina","desc_unidad_regional","desc_lugar_calzada","desc_zona","desc_prioridad","desc_estado_semaforo","desc_lugar_via","desc_estado_via","desc_estado_visibilidad","desc_luminosidad","desc_estado_clima","desc_tipo_colision","desc_tipo_atropello","desc_tipo_hecho","desc_pres_calzada","desc_senializacion","desc_separacion_via","desc_restriccion"
2016,399,1/5/2016,"Martes",0,21:30:00,,"0.0",2,"Peatón,Moto/Ciclomotor","Melvis Jones 152",2,0,1,0,1,0,0,,"Calle",,"RAFAELA","Castellanos","S/D","No existe","V","Dentro","Urbana","Paso Peatonal","No existe","Plaza","Bueno","Buena","Nocturna,Con luz artificial","Buen Tiempo","De alcance","S/D","Atropello","S/D","Faltante","Ninguna","Sin restricción"
2016,400,1/2/2016,"Sabado",0,21:50:00,,"0.0",2,"Moto/Ciclomotor,Automóvil","Av Brasil Y Guemes",2,1,0,0,1,0,0,,"Calle",,"RAFAELA","Castellanos","Hormigón","No existe","V","Dentro","Urbana","Ninguna","No existe","Intersección","Bueno","Buena","Nocturna","Buen Tiempo","Lateral","S/D","Colisión","S/D","Faltante","Ninguna","Sin restricción"
2016,401,1/8/2016,"Viernes",0,19:30:00,,"0.0",2,"Bicicleta,Automóvil","Victor Manuel Y Reconquista",2,1,0,0,1,0,0,,"Calle",,"RAFAELA","Castellanos","Asfalto","No existe","V","Dentro","Urbana","Ninguna","No existe","Intersección","S/D","Buena","Atardecer","Buen Tiempo","Lateral","S/D","Atropello","S/D","Faltante","Ninguna","Sin restricción"
2016,402,1/16/2016,"Sabado",0,9:10:00,,"0.0",2,"Peatón,Automóvil","Av Gral Lopez Y Saavedra",2,1,0,0,1,0,0,,"Avenida",,"SANTA FE","La Capital","S/D","S/D","I","Dentro","Urbana","S/D","S/D","S/D","S/D","S/D","Diurna","S/D","S/D","S/D","Atropello","S/D","S/D","S/D","S/D"
2016,403,1/16/2016,"Sabado",0,16:20:00,,"0.0",2,"Moto/Ciclomotor,Automóvil","J J Paso Y Dr Zavalla",2,1,0,0,1,0,0,,"S/D",,"SANTA FE","La Capital","S/D","S/D","I","S/D","S/D","S/D","S/D","S/D","S/D","S/D","Diurna","S/D","S/D","S/D","S/D","S/D","S/D","S/D","S/D"
2016,404,1/12/2016,"Martes",0,22:20:00,,"0.0",1,"Otros","Uruguay 3400",1,1,0,0,0,0,0,,"Calle",,"SANTA FE","La Capital","S/D","S/D","I","Dentro","Urbana","S/D","S/D","S/D","S/D","S/D","Nocturna","S/D","S/D","S/D","Otro","S/D","S/D","S/D","S/D"
2016,405,1/13/2016,"Miercoles",0,22:35:00,,"0.0",2,"Moto/Ciclomotor,Automóvil","3 de Febrero Y San Lorenzo",2,1,0,0,1,0,0,,"Calle",,"SANTA FE","La Capital","S/D","S/D","I","Dentro","Urbana","S/D","S/D","S/D","S/D","S/D","Nocturna","S/D","S/D","S/D","Colisión","S/D","S/D","S/D","S/D"
2016,406,1/18/2016,"Lunes",0,19:30:00,,"0.0",2,"Pickup/Utilitario,Moto/Ciclomotor","3 de Febrero Y San Lorenzo",3,2,0,0,1,0,0,,"Calle",,"SANTA FE","La Capital","S/D","S/D","I","Dentro","Urbana","S/D","S/D","S/D","S/D","S/D","Atardecer","S/D","S/D","S/D","S/D","S/D","S/D","S/D","S/D"
2016,407,1/19/2016,"Martes",0,15:25:00,,"0.0",2,"Pickup/Utilitario,Moto/Ciclomotor","Intendente Manuel Irigoyen ",2,1,0,0,0,0,1,,"Avenida",,"SANTA FE","La Capital","S/D","S/D","I","Dentro","Urbana","S/D","S/D","S/D","S/D","S/D","Diurna","S/D","S/D","S/D","S/D","S/D","S/D","S/D","S/D"
2016,408,1/15/2016,"Viernes",0,9:45:00,,"0.0",2,"Moto/Ciclomotor,Automóvil","PUENTE CARRETERO ",2,1,0,0,1,0,0,,"Calle",,"SANTA FE","La Capital","Asfalto","No existe","I","Dentro","Urbana","Ninguna","No existe","Recta","Con baches","Buena","Diurna","S/D","De alcance","S/D","Colisión","S/D","Faltante","Ninguna","Sin restricción"
2016,409,1/20/2016,"Miercoles",0,15:00:00,,"0.0",2,"Automóvil,Moto/Ciclomotor","Moreno Y Av Freyre",2,0,1,0,0,0,1,,"Calle",,"SANTA FE","La Capital","S/D","S/D","I","Dentro","Urbana","S/D","S/D","S/D","S/D","S/D","Diurna","S/D","S/D","S/D","S/D","S/D","S/D","S/D","S/D"
2016,410,1/15/2016,"Viernes",0,18:00:00,,"0.0",2,"Automóvil,Automóvil","PUENTE CARRETERO ",4,1,0,0,1,0,2,,"Calle",,"SANTA FE","La Capital","Asfalto","Pavimento","I","Dentro","Urbana","Ninguna","No existe","Puente","Con baches","Buena","Diurna","Buen Tiempo","De alcance","S/D","Colisión","S/D","Faltante","Ninguna","Sin restricción"
2016,411,1/13/2016,"Miercoles",0,11:00:00,,"0.0",2,"Automóvil,Moto/Ciclomotor","Bolivar Y Vera Mujica",2,1,0,0,1,0,0,,"Calle",,"SANTA FE","La Capital","Asfalto","Pavimento","I","Dentro","Urbana","Ninguna","No existe","Intersección","Bueno","Buena","Diurna","Buen Tiempo","Lateral","S/D","Colisión","Ninguna","Faltante","Ninguna","Sin restricción"
2016,412,1/20/2016,"Miercoles",0,20:30:00,"Ruta Nacional A012","9.5",2,"Pickup/Utilitario,Camión"," ",2,0,0,0,1,1,0,"-33.090661, -60.732787","Ruta","A012","ROSARIO","Rosario","S/D","S/D","II","Dentro","Urbana","S/D","S/D","Recta","S/D","S/D","Atardecer","S/D","S/D","S/D","Colisión","S/D","S/D","S/D","S/D"
2016,413,1/30/2016,"Sabado",1,18:10:00,,"0.0",2,"Moto/Ciclomotor,Moto/Ciclomotor","Domingo Silva Y Candioti",2,2,0,0,0,0,0,,"Calle",,"SANTA FE","La Capital","Asfalto","No existe","I","Dentro","Urbana","S/D","S/D","Intersección","Bueno","Buena","Diurna","Buen Tiempo","Lateral","S/D","Colisión","Ninguna","S/D","Ninguna","Sin restricción"
2016,414,1/16/2016,"Sabado",0,11:50:00,,"0.0",2,"Moto/Ciclomotor,Automóvil","Candioti Y Calchines",2,1,0,0,1,0,0,,"Calle",,"SANTA FE","La Capital","Asfalto","No existe","I","Dentro","Urbana","S/D","S/D","Intersección","Bueno","Buena","Diurna","Buen Tiempo","Lateral","S/D","Colisión","Ninguna","S/D","Ninguna","Sin restricción"
2016,415,1/19/2016,"Martes",0,6:47:00,,"0.0",2,"Moto/Ciclomotor,Automóvil"," ",2,1,0,0,1,0,0,,"S/D",,"SANTA FE","La Capital","Hormigón","No existe","I","S/D","Urbana","Ninguna","No existe","Puente","Bueno","Buena","Diurna","Buen Tiempo","Lateral","S/D","Colisión","Ninguna","S/D","Guardarrail","Sin restricción"
2016,416,1/26/2016,"Martes",0,8:30:00,,"0.0",2,"Moto/Ciclomotor,Camión","Bv Galvez Y San Luis",2,1,0,0,1,0,0,,"Avenida",,"SANTA FE","La Capital","Asfalto","No existe","I","Dentro","Urbana","Semáforo","Funciona","Intersección","Bueno","Buena","Diurna","Buen Tiempo","Lateral","S/D","Colisión","Ninguna","S/D","Vegetación","Sin restricción"
2016,417,1/26/2016,"Martes",0,19:37:00,,"0.0",3,"Automóvil,Automóvil,Automóvil","Av Leandro Alem 1700",4,1,0,0,3,0,0,,"Avenida",,"SANTA FE","La Capital","Asfalto","No existe","I","Dentro","Urbana","Ninguna","Funciona","Recta","Bueno","Buena","Atardecer","Buen Tiempo","Múltiple","S/D","Colisión","Ninguna","S/D","Barrera de alto impacto","Sin restricción"
2016,418,1/20/2016,"Miercoles",0,20:00:00,,"0.0",2,"Moto/Ciclomotor,Automóvil","Monseñor Zaspe Y Av Freyre",3,2,0,0,1,0,0,,"Calle",,"SANTA FE","La Capital","S/D","S/D","I","Dentro","Urbana","S/D","S/D","S/D","S/D","S/D","Diurna","S/D","S/D","S/D","S/D","S/D","S/D","S/D","S/D"
2016,419,1/21/2016,"Jueves",0,9:20:00,,"0.0",2,"Automóvil,Moto/Ciclomotor","Av Gral Lopez Y Francia",4,2,0,0,2,0,0,,"Calle",,"SANTA FE","La Capital","S/D","S/D","I","Dentro","Urbana","S/D","S/D","S/D","S/D","S/D","Diurna","S/D","S/D","S/D","S/D","S/D","S/D","S/D","S/D"
2016,420,1/23/2016,"Sabado",0,12:15:00,,"0.0",2,"Automóvil,Moto/Ciclomotor","J J Paso Y Dr Zavalla",2,1,0,0,1,0,0,,"Calle",,"SANTA FE","La Capital","S/D","S/D","I","Dentro","Urbana","S/D","S/D","S/D","S/D","S/D","Diurna","S/D","S/D","S/D","S/D","S/D","S/D","S/D","S/D"
2016,421,1/23/2016,"Sabado",0,16:45:00,,"0.0",2,"Moto/Ciclomotor,Moto/Ciclomotor","Intendente Manuel Irigoyen ",4,4,0,0,0,0,0,,"Calle",,"SANTA FE","La Capital","S/D","S/D","I","Dentro","Urbana","S/D","S/D","S/D","S/D","S/D","Diurna","S/D","S/D","S/D","S/D","S/D","S/D","S/D","S/D"
2016,422,1/26/2016,"Martes",0,9:30:00,,"0.0",2,"Automóvil,Automóvil","J J Paso Y Av Urquiza",2,1,0,0,1,0,0,,"Calle",,"SANTA FE","La Capital","S/D","S/D","I","Dentro","Urbana","S/D","S/D","S/D","S/D","S/D","Diurna","S/D","S/D","S/D","Colisión","S/D","S/D","S/D","S/D"
2016,423,1/30/2016,"Sabado",0,8:50:00,,"0.0",1,"Pickup/Utilitario","San Lorenzo Y Monseñor Zaspe",2,1,0,0,0,0,1,,"Calle",,"SANTA FE","La Capital","S/D","S/D","I","Dentro","Urbana","S/D","S/D","S/D","S/D","S/D","Diurna","S/D","S/D","S/D","S/D","S/D","S/D","S/D","S/D"
2016,424,1/31/2016,"Domingo",0,,,"0.0",2,"Moto/Ciclomotor,Otros","Moreno Y Av Mosconi",3,1,0,0,2,0,0,,"Calle",,"SANTA FE","La Capital","S/D","S/D","I","Dentro","Urbana","S/D","S/D","S/D","S/D","Buena","Diurna","S/D","S/D","S/D","Colisión","S/D","S/D","S/D","S/D"
2016,425,1/28/2016,"Jueves",0,15:00:00,,"0.0",2,"Moto/Ciclomotor,Automóvil","Pavon Y Riobamba",2,1,0,0,1,0,0,,"Calle",,"SANTA FE","La Capital","Asfalto","S/D","I","Dentro","Urbana","S/D","S/D","Intersección","Bueno","Buena","Diurna","S/D","Lateral","S/D","Colisión","S/D","S/D","S/D","S/D"
2016,426,1/23/2016,"Sabado",0,22:45:00,,"0.0",2,"Moto/Ciclomotor,Automóvil","Reg 12 de Infanteria Y Gdor Candioti",2,1,0,0,1,0,0,,"Calle",,"SANTA FE","La Capital","Asfalto","S/D","I","Dentro","Urbana","S/D","S/D","Intersección","Bueno","Buena","Nocturna,Con luz artificial","S/D","S/D","S/D","Colisión","S/D","S/D","S/D","S/D"
2016,427,1/18/2016,"Lunes",0,16:20:00,,"0.0",2,"Automóvil,Moto/Ciclomotor","Larrea Y Belgrano",2,1,0,0,1,0,0,,"Calle",,"SANTA FE","La Capital","Asfalto","S/D","I","Dentro","Urbana","S/D","S/D","Intersección","Bueno","Buena","Diurna","S/D","Lateral","S/D","Colisión","S/D","S/D","S/D","S/D"
2016,428,1/12/2016,"Martes",0,9:10:00,,"0.0",2,"Automóvil,Moto/Ciclomotor","French Y Av A del Valle",2,0,1,0,1,0,0,,"Calle",,"SANTA FE","La Capital","Asfalto","S/D","I","Dentro","Urbana","S/D","S/D","Intersección","Bueno","Buena","Diurna","S/D","Frontal","S/D","Colisión","S/D","S/D","S/D","S/D"
2016,429,1/13/2016,"Miercoles",0,12:30:00,,"0.0",2,"Moto/Ciclomotor,Automóvil","Av Leandro Alem Y Gdor Candioti",2,1,0,0,1,0,0,,"Avenida",,"SANTA FE","La Capital","Hormigón","No existe","I","S/D","Urbana","Semáforo","Funciona","Intersección","Bueno","Buena","Diurna","Buen Tiempo","Lateral","S/D","Colisión","Ninguna","S/D","S/D","Sin restricción"
2016,430,1/10/2016,"Domingo",0,6:20:00,,"0.0",2,"Moto/Ciclomotor,Automóvil","Av Almte Brown 3500",2,1,0,0,1,0,0,,"Avenida",,"SANTA FE","La Capital","Asfalto","S/D","I","Dentro","Urbana","S/D","S/D","Intersección","Bueno","Buena","Diurna","Buen Tiempo","Lateral","S/D","Colisión","Ninguna","S/D","S/D","Sin restricción"
2016,431,1/7/2016,"Jueves",0,14:16:00,,"0.0",2,"Moto/Ciclomotor,Pickup/Utilitario","Domingo Silva 2300",2,1,0,0,1,0,0,,"Calle",,"SANTA FE","La Capital","Asfalto","No existe","I","Dentro","Urbana","S/D","S/D","Intersección","Bueno","Buena","Diurna","Buen Tiempo","Lateral","S/D","Colisión","Ninguna","S/D","Ninguna","Sin restricción"
2016,432,1/10/2016,"Domingo",0,23:30:00,,"0.0",2,"Moto/Ciclomotor,Automóvil","Piedras Y Espora",3,2,0,0,1,0,0,,"Calle",,"SANTA FE","La Capital","Asfalto","S/D","I","Dentro","Urbana","S/D","S/D","Intersección","Bueno","Buena","Nocturna,Con luz artificial","S/D","Lateral","S/D","Colisión","S/D","S/D","S/D","S/D"
2016,433,1/29/2016,"Viernes",0,20:00:00,,"0.0",2,"Automóvil,Bicicleta","Av Los Colonizadores Y Ingeniero Gadda",2,1,0,0,1,0,0,,"Calle",,"ESPERANZA","Las Colonias","Asfalto","Pavimento","XI","Dentro","Urbana","Ninguna","No existe","Intersección","Bueno","Buena","Nocturna","Buen Tiempo","S/D","S/D","Atropello","S/D","S/D","S/D","Sin restricción"
2016,434,1/8/2016,"Viernes",0,3:45:00,,"0.0",2,"Moto/Ciclomotor,Automóvil"," ",2,1,0,0,1,0,0,,"Avenida",,"SANTA FE","La Capital","Asfalto","No existe","I","Dentro","Urbana","S/D","S/D","Curva","Bueno","Buena","Nocturna,Con luz artificial","Buen Tiempo","S/D","S/D","Otro","Ninguna","S/D","S/D","Sin restricción"
2016,435,1/5/2016,"Martes",0,19:16:00,,"0.0",2,"Moto/Ciclomotor,Automóvil","Callejon Aguirre 1700",2,1,0,0,1,0,0,,"Calle",,"SANTA FE","La Capital","Tierra","No existe","I","Dentro","Urbana","Ninguna","No existe","Recta","Con baches","Reducida polvo","Atardecer","Otro","De alcance","S/D","Colisión","Ninguna","Faltante","Ninguna","Sin restricción"
2016,436,1/8/2016,"Viernes",0,6:00:00,,"0.0",2,"Moto/Ciclomotor,Automóvil","Piedrabuena ",2,1,0,0,0,0,1,,"Calle",,"ALVEAR","Rosario","Asfalto","No existe","II","Dentro","Urbana","Ninguna","No existe","Intersección","Bueno","Buena","Amanecer","Buen Tiempo","Lateral","S/D","Colisión","Ninguna","Faltante","Ninguna","Sin restricción"
2016,437,1/4/2016,"Lunes",0,12:10:00,,"0.0",2,"Automóvil,Moto/Ciclomotor","Aaron Castellanos 2000",2,1,0,0,1,0,0,,"Calle",,"ESPERANZA","Las Colonias","Asfalto","Pavimento","XI","Dentro","Urbana","Ninguna","No existe","Intersección","Bueno","Buena","Diurna","Buen Tiempo","Lateral","S/D","Colisión","S/D","S/D","Ninguna","Sin restricción"
2016,438,1/12/2016,"Martes",0,11:45:00,,"0.0",2,"Moto/Ciclomotor,Automóvil","Simon de Iriondo 3600",5,2,0,0,3,0,0,,"Calle",,"ESPERANZA","Las Colonias","Asfalto","Pavimento","XI","S/D","Urbana","Ninguna","No existe","Intersección","Bueno","Buena","Diurna","Buen Tiempo","Lateral","S/D","Colisión","Ninguna","Faltante","Ninguna","Sin restricción"
2016,439,1/4/2016,"Lunes",0,12:20:00,,"0.0",2,"Automóvil,Moto/Ciclomotor","Castelli 2500",2,1,0,0,1,0,0,,"Calle",,"ESPERANZA","Las Colonias","Asfalto","Pavimento","XI","Dentro","Urbana","Ninguna","No existe","Intersección","Bueno","Buena","Diurna","Buen Tiempo","Lateral","S/D","Colisión","S/D","Horizontal","Ninguna","Sin restricción"
2016,440,1/9/2016,"Sabado",0,8:50:00,,"0.0",2,"Pickup/Utilitario,Moto/Ciclomotor","Soler Y Domingo Faustino Sarmiento",2,0,1,0,1,0,0,,"Calle",,"ESPERANZA","Las Colonias","Asfalto","S/D","XI","S/D","Urbana","Ninguna","No existe","Intersección","S/D","Buena","Diurna","Buen Tiempo","Frontal","S/D","Colisión","S/D","S/D","Ninguna","Sin restricción"
2016,441,1/4/2016,"Lunes",0,21:00:00,"Ruta Provincial 6","57.7",1,"Pickup/Utilitario"," ",1,1,0,0,0,0,0,,"Ruta",6,"ESPERANZA","Las Colonias","Asfalto","Natural","XI","S/D","Rural","S/D","No existe","Curva","Bueno","Reducida","Diurna","Lluvia","S/D","S/D","Vuelco","Agua","S/D","Línea divisoria pintada","S/D"
2016,442,1/21/2016,"Jueves",0,10:00:00,,"0.0",2,"Bicicleta,Automóvil","Mariano Moreno Y Leandro N Alem",3,1,1,0,1,0,0,,"Calle",,"ESPERANZA","Las Colonias","Asfalto","Pavimento","XI","Dentro","Urbana","Ninguna","No existe","Intersección","Bueno","Buena","Diurna","Buen Tiempo","Otro","S/D","Atropello","S/D","S/D","S/D","Sin restricción"
2016,443,1/20/2016,"Miercoles",0,19:50:00,,"0.0",2,"Moto/Ciclomotor,Automóvil","French Y San Martin",3,1,0,0,2,0,0,,"Calle",,"SANTA FE","La Capital","Asfalto","No existe","I","S/D","Urbana","Ninguna","No existe","Intersección","Bueno","Reducida","Atardecer,Con luz artificial","Otro","Lateral","S/D","Colisión","Ninguna","Faltante","Ninguna","Sin restricción"
2016,444,1/29/2016,"Viernes",0,19:50:00,,"0.0",2,"Moto/Ciclomotor,Automóvil","Los Nogales Y Las Acacias",2,1,0,0,1,0,0,,"Calle",,"SANTA FE","La Capital","Asfalto,Tierra","No existe","I","Dentro","Urbana","Ninguna","No existe","Intersección","Con baches","Reducida","Atardecer,Con luz artificial","Otro","Lateral","S/D","Colisión","Ninguna","Horizontal","Ninguna","Sin restricción"
2016,445,1/19/2016,"Martes",0,16:00:00,,"0.0",2,"Moto/Ciclomotor,Automóvil","25 de Mayo Y French",3,2,0,0,1,0,0,,"Calle",,"SANTA FE","La Capital","Asfalto","No existe","I","Dentro","Urbana","Ninguna","No existe","Intersección","Bueno","Buena","Diurna","Buen Tiempo","Lateral","S/D","Colisión","Ninguna","Horizontal","Ninguna","Sin restricción"
2016,446,1/4/2016,"Lunes",0,13:00:00,,"0.0",2,"Moto/Ciclomotor,Automóvil","Sarmiento Y Gorriti",2,1,0,0,1,0,0,,"Calle",,"SANTA FE","La Capital","Asfalto","No existe","I","Dentro","Urbana","Ninguna","No existe","Intersección","Deteriorada","Buena","Diurna","Buen Tiempo","Lateral","S/D","Colisión","S/D","Horizontal","Ninguna","Sin restricción"
2016,447,1/18/2016,"Lunes",0,18:00:00,,"0.0",2,"Moto/Ciclomotor,Moto/Ciclomotor","Gorriti Y Sarmiento",4,2,0,0,2,0,0,,"Calle",,"SANTA FE","La Capital","Asfalto","No existe","I","Dentro","Urbana","Ninguna","S/D","Intersección","Deteriorada","Buena","Diurna","Buen Tiempo","Lateral","S/D","Colisión","S/D","Horizontal","Ninguna","Sin restricción"
2016,448,1/2/2016,"Sabado",0,18:15:00,,"0.0",2,"Moto/Ciclomotor,Pickup/Utilitario","Gdor Candioti 4700",2,1,0,0,1,0,0,,"Calle",,"SANTA FE","La Capital","S/D","S/D","I","Dentro","Urbana","S/D","S/D","S/D","S/D","S/D","Diurna","S/D","S/D","S/D","Colisión","S/D","S/D","S/D","S/D"
2016,449,1/3/2016,"Domingo",0,5:50:00,,"0.0",2,"Peatón,Moto/Ciclomotor","Av Almte Brown ",2,2,0,0,0,0,0,,"Calle",,"SANTA FE","La Capital","Asfalto","No existe","I","Dentro","Urbana","Ninguna","No existe","Recta","Bueno","Reducida","Amanecer","Buen Tiempo","S/D","S/D","Atropello","S/D","S/D","Ninguna","Sin restricción"
2016,450,5/13/2016,"Viernes",0,13:55:00,,"0.0",1,"Moto/Ciclomotor","Salvador del Carril 1600",2,1,0,0,1,0,0,,"Calle",,"SANTA FE","La Capital","S/D","S/D","I","Dentro","Urbana","S/D","S/D","S/D","S/D","S/D","Diurna","S/D","S/D","S/D","Colisión","S/D","S/D","S/D","S/D"
2016,451,1/6/2016,"Miercoles",0,4:45:00,,"0.0",1,"Automóvil","Rivadavia 5700",3,3,0,0,0,0,0,,"Calle",,"SANTA FE","La Capital","S/D","S/D","I","Dentro","Urbana","S/D","S/D","Recta","S/D","S/D","Nocturna","S/D","Contra objeto fijo","S/D","Colisión","S/D","S/D","S/D","S/D"
2016,452,1/6/2016,"Miercoles",0,10:50:00,,"0.0",2,"Moto/Ciclomotor,Pickup/Utilitario","Agustin Delgado Y Lavalle",2,1,0,0,1,0,0,,"Calle",,"SANTA FE","La Capital","Asfalto","No existe","I","Dentro","Urbana","Ninguna","No existe","Intersección","Bueno","Buena","Diurna","Buen Tiempo","Lateral","S/D","Colisión","S/D","S/D","Ninguna","Sin restricción"
2016,453,1/7/2016,"Jueves",0,12:30:00,,"0.0",2,"Automóvil,Moto/Ciclomotor","Pedro Ferre Y Las Heras",2,1,0,0,1,0,0,,"Calle",,"SANTA FE","La Capital","Asfalto","No existe","I","Dentro","Urbana","Ninguna","S/D","Intersección","Bueno","Buena","Diurna","Buen Tiempo","Lateral","S/D","Colisión","S/D","S/D","Ninguna","Sin restricción"
2016,454,1/7/2016,"Jueves",0,10:45:00,,"0.0",2,"Automóvil,Camión","Av Gral Paz Y Huergo",3,2,0,0,1,0,0,,"Calle",,"SANTA FE","La Capital","Asfalto","No existe","I","Dentro","Urbana","Ninguna","No existe","Intersección","Bueno","Buena","Diurna","Buen Tiempo","De alcance","S/D","Colisión","S/D","S/D","Línea divisoria pintada","Sin restricción"
2016,455,1/7/2016,"Jueves",0,22:15:00,,"0.0",2,"Taxi/Remis,Automóvil","Av A del Valle Y Huella",5,3,0,0,2,0,0,,"Calle",,"SANTA FE","La Capital","Asfalto","No existe","I","Dentro","Urbana","Ninguna","No existe","Intersección","Bueno","Reducida","Nocturna","Buen Tiempo","De alcance","S/D","Colisión","S/D","S/D","Ninguna","Sin restricción"
2016,456,1/8/2016,"Viernes",0,15:30:00,,"0.0",2,"Moto/Ciclomotor,Automóvil","Lavalle Y Salvador del Carril",2,1,0,0,1,0,0,,"Calle",,"SANTA FE","La Capital","S/D","S/D","I","Dentro","Urbana","S/D","S/D","S/D","S/D","S/D","Diurna","S/D","S/D","S/D","S/D","S/D","S/D","S/D","S/D"
2016,457,1/10/2016,"Domingo",0,3:40:00,,"0.0",2,"Moto/Ciclomotor,Taxi/Remis","Salvador del Carril Y Velez Sarsfield",3,1,0,0,2,0,0,,"Calle",,"SANTA FE","La Capital","Asfalto","No existe","I","Dentro","Urbana","Ninguna","No existe","Intersección","Bueno","Reducida","Nocturna","Buen Tiempo","Lateral","S/D","Colisión","S/D","S/D","Ninguna","Sin restricción"
2016,458,1/2/2016,"Sabado",0,16:00:00,,"0.0",1,"Automóvil","La Rioja Y 9 de Julio",2,1,0,0,1,0,0,,"Calle",,"SANTA FE","La Capital","Asfalto","Natural","I","Dentro","Urbana","S/D","No existe","Intersección","Deteriorada","Buena","Diurna","Buen Tiempo","Lateral","S/D","Colisión","S/D","Faltante","S/D","S/D"
2016,459,1/8/2016,"Viernes",0,15:00:00,,"0.0",2,"Moto/Ciclomotor,Automóvil","Pje Ingenieros 7900",2,1,0,0,1,0,0,,"Calle",,"SANTA FE","La Capital","Tierra","Pavimento","I","Dentro","Urbana","S/D","No existe","Recta","Deteriorada","S/D","Diurna","Buen Tiempo","Lateral","S/D","Colisión","Otro","Faltante","S/D","S/D"
2016,460,1/16/2016,"Sabado",0,14:00:00,,"0.0",2,"Automóvil,Moto/Ciclomotor","Av Galicia Y Guemes",3,2,0,0,1,0,0,,"Calle",,"SANTA FE","La Capital","Asfalto","No existe","I","Dentro","Urbana","Ninguna","No existe","Intersección","Bueno","Buena","Diurna","Buen Tiempo","Lateral","S/D","Colisión","S/D","S/D","Ninguna","Sin restricción"
2016,461,1/9/2016,"Sabado",0,0:45:00,,"0.0",2,"Automóvil,Moto/Ciclomotor","Gorriti 3600",2,1,0,0,1,0,0,,"Avenida",,"SANTA FE","La Capital","Asfalto","Pavimento","I","Dentro","Urbana","S/D","No existe","Intersección","Bueno","Buena","Nocturna,Con luz artificial","Buen Tiempo","Lateral","S/D","Colisión","S/D","Faltante","S/D","S/D"
2016,462,1/16/2016,"Sabado",0,22:05:00,,"0.0",2,"Moto/Ciclomotor,Moto/Ciclomotor","Salvador del Carril Y Republica de Siria",2,1,0,0,1,0,0,,"Calle",,"SANTA FE","La Capital","Asfalto","No existe","I","Dentro","Urbana","Ninguna","No existe","Recta","Bueno","Reducida","Nocturna","Buen Tiempo","S/D","S/D","Colisión","S/D","S/D","Ninguna","Sin restricción"
2016,463,1/16/2016,"Sabado",0,9:00:00,,"0.0",2,"Pickup/Utilitario,Moto/Ciclomotor","Av A del Valle Y Gorriti",2,1,0,0,1,0,0,,"Avenida",,"SANTA FE","La Capital","Asfalto","Pavimento","I","Dentro","Urbana","S/D","Funciona","Intersección","Bueno","Buena","Diurna","Buen Tiempo","Lateral","S/D","Colisión","S/D","Vertical","S/D","S/D"
2016,464,1/19/2016,"Martes",0,17:00:00,,"0.0",2,"Automóvil,Moto/Ciclomotor","San Lorenzo 8000",2,1,0,0,1,0,0,,"Calle",,"SANTA FE","La Capital","Tierra","Natural","I","Dentro","Urbana","S/D","No existe","Recta","Con baches","Buena","Diurna","Buen Tiempo","Frontal","S/D","Colisión","Material Suelto","Faltante","S/D","S/D"
2016,465,1/24/2016,"Domingo",0,18:50:00,,"0.0",2,"Automóvil,Moto/Ciclomotor","San Lorenzo Y French",2,1,0,0,1,0,0,,"Calle",,"SANTA FE","La Capital","Tierra","Natural","I","Dentro","Urbana","S/D","No existe","Intersección","Con baches","Buena","Diurna","Buen Tiempo","Lateral","S/D","Colisión","S/D","Faltante","S/D","S/D"
2016,466,1/21/2016,"Jueves",0,17:00:00,,"0.0",2,"Moto/Ciclomotor,Moto/Ciclomotor","Bv Pte Roca Y 3 de Febrero",2,1,0,0,1,0,0,,"Avenida",,"RAFAELA","Castellanos","Asfalto","Pavimento","V","Fuera","Urbana","Ninguna","No existe","Intersección","Bueno","Buena","Diurna","Buen Tiempo","Lateral","S/D","Colisión","S/D","Faltante","Ninguna","Sin restricción"
2016,467,1/22/2016,"Viernes",0,17:15:00,,"0.0",2,"Automóvil,Moto/Ciclomotor","Av Dr E Salva Y Rosario",2,1,0,0,1,0,0,,"Avenida",,"RAFAELA","Castellanos","Asfalto","Pavimento","V","Dentro","Urbana","Ninguna","Funciona","Intersección","Bueno","Buena","Diurna","Buen Tiempo","Lateral","S/D","Colisión","S/D","Faltante","Ninguna","Sin restricción"
2016,468,1/22/2016,"Viernes",0,2:20:00,,"0.0",2,"Moto/Ciclomotor,Automóvil","Bv H Irigoyen Y Mayor M P Lotufo",2,1,0,0,1,0,0,,"Calle",,"RAFAELA","Castellanos","Hormigón","No existe","V","S/D","S/D","Ninguna","No existe","Intersección","Bueno","Buena","Nocturna","Buen Tiempo","Lateral","S/D","Colisión","Agua","S/D","Cordón divisorio","Sin restricción"
2016,469,1/16/2016,"Sabado",0,,,"0.0",2,"Moto/Ciclomotor,Automóvil","Av Luis Fanti Y Ituzaingo",3,2,0,0,1,0,0,,"S/D",,"RAFAELA","Castellanos","Hormigón","No existe","V","S/D","S/D","Ninguna","No existe","Intersección","Bueno","Buena","Diurna","Buen Tiempo","Lateral","S/D","Colisión","Otro","S/D","Cordón divisorio","Sin restricción"