"anio_acci","nro_acci","fecha","desc_dia","fecha_aprox","hora_aprox","desc_ruta","km","cant_participantes","desc_participante","calle_avenida_km","total","heridos_leves","heridos_graves","heridos_gravisimos","ilesos","fallecidos","sin_datos","posicion_XY","desc_tipo_via","desc_ruta_ori","desc_loc","desc_dpto","desc_tipo_calzada","desc_tipo_banquina","desc_unidad_regional","desc_lugar_calzada","desc_zona","desc_prioridad","desc_estado_semaforo","desc_lugar_via","desc_estado_via","desc_estado_visibilidad","desc_luminosidad","desc_estado_clima","desc_tipo_colision","desc_tipo_atropello","desc_tipo_hecho","desc_pres_calzada","desc_senializacion","desc_separacion_via","desc_restriccion"
2016,470,1/15/2016,"Viernes",0,19:30:00,,"0.0",2,"Bicicleta,Automóvil","Balcarce Y Parana",2,0,1,0,1,0,0,,"Calle",,"SANTA FE","La Capital","Asfalto","Pavimento","V","Dentro","S/D","Ninguna","No existe","Recta","Bueno","Buena","Nocturna","Buen Tiempo","S/D","S/D","Atropello","S/D","Faltante","Ninguna","Sin restricción"
2016,471,1/10/2016,"Domingo",0,5:00:00,,"0.0",2,"Automóvil,Moto/Ciclomotor","Simon Bolivar Y Arenales",3,1,0,0,2,0,0,,"Calle",,"RAFAELA","Castellanos","Hormigón","No existe","V","S/D","Urbana","Ninguna","No existe","Intersección","Bueno","Buena","Nocturna","Buen Tiempo","Lateral","S/D","Colisión","Ninguna","Faltante","Cordón divisorio","Sin restricción"
2016,472,1/27/2016,"Miercoles",0,11:40:00,,"0.0",2,"Automóvil,Moto/Ciclomotor","Simon Bolivar 255",2,2,0,0,0,0,0,,"S/D",,"RAFAELA","Castellanos","Asfalto","Pavimento","V","S/D","S/D","Ninguna","No existe","Recta","Bueno","Buena","Diurna","Buen Tiempo","Lateral","S/D","Colisión","S/D","S/D","S/D","Sin restricción"
2016,473,1/4/2016,"Lunes",0,16:20:00,,"0.0",2,"Moto/Ciclomotor,Automóvil","Estanislao Zeballos Y Av Urquiza",2,1,0,0,1,0,0,,"Calle",,"SANTA FE","La Capital","Asfalto","No existe","I","Dentro","Urbana","Ninguna","No existe","Intersección","Bueno","Buena","Diurna","Buen Tiempo","Lateral","S/D","Colisión","S/D","Vertical","Ninguna","Sin restricción"
2016,474,1/8/2016,"Viernes",0,18:00:00,,"0.0",2,"Moto/Ciclomotor,Automóvil","9 de Julio Y Estanislao Zeballos",3,2,0,0,1,0,0,,"Calle",,"SANTA FE","La Capital","Asfalto","No existe","I","Dentro","Urbana","Ninguna","No existe","Intersección","Bueno","Buena","Atardecer","Buen Tiempo","De alcance","S/D","Colisión","S/D","Vertical","Ninguna","Sin restricción"
2016,475,1/9/2016,"Sabado",0,14:00:00,,"0.0",2,"Peatón,Automóvil","San Jeronimo Y Martin Zapata",2,1,0,0,1,0,0,,"Calle",,"SANTA FE","La Capital","Asfalto","No existe","I","Dentro","Urbana","Ninguna","No existe","Intersección","Bueno","Buena","Diurna","Buen Tiempo","De alcance","S/D","Atropello","S/D","Vertical","Ninguna","Sin restricción"
2016,476,1/9/2016,"Sabado",0,20:40:00,,"0.0",2,"Moto/Ciclomotor,Automóvil","9 de Julio Y Estanislao Zeballos",3,1,0,0,2,0,0,,"Calle",,"SANTA FE","La Capital","Asfalto","No existe","I","Dentro","Urbana","Ninguna","No existe","Intersección","Bueno","Buena","Nocturna,Con luz artificial","Buen Tiempo","Lateral","S/D","Colisión","S/D","Vertical","Ninguna","Sin restricción"
2016,477,1/11/2016,"Lunes",0,15:20:00,,"0.0",2,"Moto/Ciclomotor,Automóvil","J P Lopez Y 4 de Enero",2,1,0,0,1,0,0,,"Calle",,"SANTA FE","La Capital","Asfalto","No existe","I","Dentro","Urbana","Ninguna","No existe","Intersección","Bueno","Buena","Diurna","Buen Tiempo","Lateral","S/D","Colisión","S/D","Vertical","Ninguna","Sin restricción"
2016,478,1/13/2016,"Miercoles",0,13:30:00,,"0.0",2,"Automóvil,Moto/Ciclomotor","San Martin Y Hernandarias",2,1,0,0,1,0,0,,"Calle",,"SANTA FE","La Capital","Asfalto","No existe","I","Dentro","Urbana","Ninguna","No existe","Intersección","Bueno","Buena","Diurna","Buen Tiempo","Lateral","S/D","Colisión","S/D","Vertical","Ninguna","Sin restricción"
2016,479,1/14/2016,"Jueves",0,0:05:00,,"0.0",2,"Automóvil,Automóvil","Av A del Valle Y Iturraspe",5,1,0,0,4,0,0,,"Calle",,"SANTA FE","La Capital","Asfalto","No existe","II","Dentro","Urbana","Ninguna","No existe","Intersección","Bueno","Buena","Nocturna,Con luz artificial","Buen Tiempo","Lateral","S/D","Colisión","S/D","Vertical","S/D","Sin restricción"
2016,480,1/14/2016,"Jueves",0,16:00:00,,"0.0",2,"Moto/Ciclomotor,Pickup/Utilitario","Av A del Valle Y Iturraspe",2,1,0,0,1,0,0,,"Calle",,"SANTA FE","La Capital","Asfalto","No existe","I","Dentro","Urbana","Ninguna","No existe","Intersección","Bueno","Buena","Diurna","Buen Tiempo","Lateral","S/D","Colisión","S/D","Vertical","Ninguna","Sin restricción"
2016,481,1/14/2016,"Jueves",0,21:30:00,,"0.0",2,"Moto/Ciclomotor,Automóvil","San Jeronimo Y Padre Catena",2,1,0,0,1,0,0,,"Calle",,"SANTA FE","La Capital","Asfalto","No existe","I","Dentro","Urbana","Ninguna","No existe","Intersección","Bueno","Buena","Nocturna,Con luz artificial","Buen Tiempo","Lateral","S/D","Colisión","S/D","Vertical","Ninguna","Sin restricción"
2016,482,1/15/2016,"Viernes",0,20:00:00,,"0.0",2,"Moto/Ciclomotor,Pickup/Utilitario","Av A del Valle Y Av Galicia",2,1,0,0,0,0,1,,"Calle",,"SANTA FE","La Capital","Asfalto","No existe","I","Dentro","Urbana","Semáforo","S/D","Intersección","Bueno","Buena","Nocturna,Con luz artificial","Buen Tiempo","De alcance","S/D","Colisión","S/D","Vertical","Ninguna","Sin restricción"
2016,483,1/17/2016,"Domingo",0,0:50:00,,"0.0",2,"Peatón,Taxi/Remis","Av Facundo Zuviria Y Padre Catena",2,1,0,0,1,0,0,,"Calle",,"SANTA FE","La Capital","Asfalto","No existe","I","Dentro","Urbana","Ninguna","Funciona","Intersección","Bueno","Buena","Nocturna,Con luz artificial","Buen Tiempo","S/D","S/D","Atropello","S/D","Vertical","Ninguna","Sin restricción"
2016,484,1/1/2016,"Viernes",0,23:45:00,,"0.0",2,"Pickup/Utilitario,Peatón","La Paz Y Oroño",2,0,1,0,1,0,0,,"Calle",,"SAN CRISTÓBAL","San Cristóbal","Tierra","No existe","XIII","Dentro","Urbana","Ninguna","No existe","Intersección","Bueno","Buena","Diurna","Buen Tiempo","De alcance","S/D","Atropello","S/D","Faltante","S/D","Sin restricción"
2016,485,1/19/2016,"Martes",0,8:20:00,,"0.0",1,"Tractor","Santiago del Estero 1500",1,1,0,0,0,0,0,,"Calle",,"SUARDI","San Cristóbal","Tierra","No existe","XIII","Dentro","Rural","Ninguna","No existe","Recta","Bueno","Buena","Diurna","Buen Tiempo","S/D","S/D","Vuelco","S/D","S/D","Ninguna","Sin restricción"
2016,486,1/11/2016,"Lunes",0,15:00:00,,"0.0",2,"Moto/Ciclomotor,Transporte de Pasajeros Urbano (> 8 asientos)","Sarmiento Y J Castelli",2,1,0,0,1,0,0,,"Calle",,"SANTA FE","La Capital","Asfalto","No existe","I","Dentro","Urbana","Ninguna","No existe","Intersección","Bueno","Buena","Diurna","Buen Tiempo","Lateral","S/D","Colisión","S/D","S/D","Ninguna","Sin restricción"
2016,487,1/12/2016,"Martes",0,20:40:00,,"0.0",2,"Moto/Ciclomotor,Taxi/Remis","J Castelli Y Mitre",2,1,0,0,1,0,0,,"Calle",,"SANTA FE","La Capital","Asfalto","No existe","I","Dentro","Urbana","Ninguna","No existe","Intersección","Bueno","Reducida","Nocturna","Buen Tiempo","Lateral","S/D","Colisión","S/D","S/D","Ninguna","Sin restricción"
2016,488,1/15/2016,"Viernes",0,10:20:00,,"0.0",2,"Moto/Ciclomotor,Automóvil","Pedro de Vega Y Mitre",2,1,0,0,1,0,0,,"Calle",,"SANTA FE","La Capital","Asfalto","No existe","I","Dentro","Urbana","Ninguna","No existe","Recta","Bueno","Reducida","Nocturna","Buen Tiempo","Lateral","S/D","Colisión","S/D","S/D","Ninguna","Sin restricción"
2016,489,1/31/2016,"Domingo",0,,,"0.0",2,"Moto/Ciclomotor,Otros","Moreno Y Av Mosconi",3,1,0,0,2,0,0,,"Calle",,"SANTA FE","La Capital","S/D","S/D","I","Dentro","Urbana","S/D","S/D","S/D","S/D","S/D","S/D","S/D","S/D","S/D","Colisión","S/D","S/D","S/D","S/D"
2016,490,1/2/2016,"Sabado",0,13:15:00,,"0.0",2,"Moto/Ciclomotor,Pickup/Utilitario","Av Brasil Y J A Alvarez",2,1,0,0,1,0,0,,"S/D",,"RAFAELA","Castellanos","Hormigón","No existe","V","S/D","Urbana","Ninguna","No existe","Intersección","Bueno","Buena","Diurna","Buen Tiempo","Lateral","S/D","Colisión","Ninguna","Faltante","Ninguna","Sin restricción"
2016,491,1/28/2016,"Jueves",0,16:30:00,,"0.0",2,"Pickup/Utilitario,Moto/Ciclomotor","San Martin Y 9 de Julio",2,1,0,0,1,0,0,,"Calle",,"MARIA JUANA","Castellanos","Asfalto","S/D","V","Dentro","Urbana","Ninguna","No existe","Intersección","Bueno","Buena","Diurna","Buen Tiempo","Lateral","S/D","Colisión","S/D","Faltante","Cordón divisorio","Sin restricción"
2016,492,1/14/2016,"Jueves",0,21:00:00,,"0.0",2,"Automóvil,Moto/Ciclomotor","Bv H Irigoyen ",2,1,0,0,1,0,0,,"Calle",,"RAFAELA","Castellanos","Hormigón","No existe","V","Dentro","Urbana","Ninguna","No existe","Recta","Bueno","Buena","Nocturna","Buen Tiempo","De alcance","S/D","Colisión","Ninguna","Faltante","Ninguna","Sin restricción"
2016,493,1/29/2016,"Viernes",0,9:40:00,"Ruta Provincial 70","0.0",2,"Moto/Ciclomotor,Automóvil","R Casabella ",2,1,0,0,1,0,0,,"Ruta",70,"RAFAELA","Castellanos","Asfalto","S/D","V","Dentro","Urbana","Ninguna","No existe","Intersección","Bueno","Buena","Diurna","Buen Tiempo","Lateral","S/D","Colisión","S/D","Faltante","Cordón divisorio,Vegetación","Sin restricción"
2016,494,1/29/2016,"Viernes",0,17:50:00,"Ruta Provincial 70","0.0",2,"Moto/Ciclomotor,Automóvil","R Casabella ",3,1,0,0,2,0,0,,"Ruta",70,"RAFAELA","Castellanos","Asfalto","Natural","V","Dentro","Urbana","Ninguna","No existe","Intersección","Bueno","Buena","Atardecer","Buen Tiempo","Lateral","S/D","Colisión","S/D","Faltante","Vegetación","Sin restricción"
2016,495,1/31/2016,"Domingo",0,5:40:00,,"0.0",2,"Moto/Ciclomotor,Otros","Bv Pte Roca Y M Oliber",2,1,0,0,1,0,0,,"Calle",,"RAFAELA","Castellanos","Asfalto","Natural","V","Dentro","Urbana","Ninguna","No existe","Intersección","Bueno","Buena","Diurna","Buen Tiempo","Lateral","S/D","Colisión","S/D","Faltante","Vegetación","Sin restricción"
2016,496,1/29/2016,"Viernes",0,17:50:00,"Ruta Provincial 70","0.0",2,"Moto/Ciclomotor,Automóvil","R Casabella ",3,1,0,0,2,0,0,,"Ruta",70,"RAFAELA","Castellanos","Asfalto","Natural","V","Dentro","Urbana","Ninguna","No existe","Intersección","Bueno","Buena","Atardecer","Buen Tiempo","Lateral","S/D","Colisión","S/D","Faltante","Vegetación","Sin restricción"
2016,497,1/7/2016,"Jueves",0,,,"0.0",2,"Automóvil,Automóvil","Velez Sarfield Y A Lincoln",2,0,0,0,0,0,2,,"Calle",,"RAFAELA","Castellanos","Asfalto","No existe","V","Dentro","Urbana","Ninguna","No existe","Intersección","Bueno","Buena","Atardecer","Buen Tiempo","Lateral","S/D","Colisión","S/D","Horizontal,Vertical","S/D","Sin restricción"
2016,498,1/9/2016,"Sabado",0,19:00:00,,"0.0",2,"Pickup/Utilitario,Moto/Ciclomotor","Av Los Alamos Y Los Ceibos",3,2,0,0,1,0,0,,"Calle",,"RAFAELA","Castellanos","Asfalto","Natural","V","Dentro","Urbana","Ninguna","No existe","Intersección","Bueno","Buena","Atardecer","Buen Tiempo","Lateral","S/D","Colisión","S/D","S/D","Cordón divisorio","Sin restricción"
2016,499,1/13/2016,"Miercoles",0,0:40:00,,"0.0",2,"Automóvil,Peatón","M Oliber Y Av Luis Fanti",2,0,0,0,0,0,2,,"Calle",,"RAFAELA","Castellanos","Asfalto","Natural","V","Dentro","Urbana","S/D","No existe","Intersección","Bueno","Buena","Nocturna","S/D","S/D","S/D","Atropello","S/D","Vertical","S/D","S/D"
2016,500,1/14/2016,"Jueves",0,22:05:00,,"0.0",1,"Moto/Ciclomotor","ZONA RURAL ",1,1,0,0,0,0,0,,"Calle",,"RAFAELA","Castellanos","Tierra","No existe","V","Dentro","Urbana","Ninguna","No existe","Recta","Bueno","Reducida","Nocturna","Buen Tiempo","S/D","S/D","S/D","S/D","Faltante","Ninguna","Sin restricción"
2016,501,1/23/2016,"Sabado",0,8:50:00,,"0.0",2,"Bicicleta,Automóvil","Av Ing J R Basoolo Y Las araucarias",2,1,0,0,1,0,0,,"Calle",,"RAFAELA","Castellanos","Asfalto","No existe","V","Dentro","Urbana","Ninguna","No existe","Intersección","Bueno","Buena","Diurna","Buen Tiempo","Frontal","S/D","Atropello","S/D","Faltante","Ninguna","Sin restricción"
2016,502,1/24/2016,"Domingo",0,20:10:00,,"0.0",2,"Automóvil,Automóvil","Necochea Y Angel Cassanello",4,2,0,0,2,0,0,,"Calle",,"SANTA FE","La Capital","Asfalto","No existe","I","Dentro","Urbana","Ninguna","No existe","Intersección","Bueno","Reducida","Nocturna,Con luz artificial","Buen Tiempo","Lateral","S/D","Colisión","S/D","Faltante","Ninguna","Sin restricción"
2016,503,1/25/2016,"Lunes",0,19:15:00,,"0.0",2,"Moto/Ciclomotor,Automóvil","Av Almte Brown 5200",2,1,0,0,1,0,0,,"Calle",,"SANTA FE","La Capital","Asfalto","No existe","I","Dentro","Urbana","Ninguna","No existe","Recta","Bueno","Buena","Diurna","Buen Tiempo","S/D","S/D","Colisión","S/D","S/D","Ninguna","Sin restricción"
2016,504,1/25/2016,"Lunes",0,21:00:00,,"0.0",2,"Moto/Ciclomotor,Pickup/Utilitario","Luciano Torrent Y Alberdi",2,1,0,0,1,0,0,,"Calle",,"SANTA FE","La Capital","Asfalto","No existe","I","Dentro","Urbana","Ninguna","No existe","Intersección","Bueno","Reducida","Nocturna","Buen Tiempo","Lateral","S/D","Colisión","Ninguna","S/D","Ninguna","Sin restricción"
2016,505,1/31/2016,"Domingo",0,1:15:00,,"0.0",2,"Transporte de Pasajeros Urbano (> 8 asientos),Moto/Ciclomotor","Guemes Y Pje Calcena",3,2,0,0,1,0,0,,"Calle",,"SANTA FE","La Capital","Asfalto","No existe","I","Dentro","Urbana","S/D","No existe","Recta","Bueno","Buena","Nocturna","Buen Tiempo","Lateral","S/D","Colisión","Ninguna","S/D","Ninguna","S/D"
2016,506,1/20/2016,"Miercoles",0,9:00:00,,"0.0",2,"Moto/Ciclomotor,Pickup/Utilitario","Av A del Valle Y Gorriti",2,1,0,0,1,0,0,,"Avenida",,"SANTA FE","La Capital","Asfalto","No existe","I","S/D","Urbana","Ninguna","No existe","Intersección","Bueno","Buena","Diurna","Buen Tiempo","Lateral","S/D","Colisión","Ninguna","S/D","Ninguna","Sin restricción"
2016,507,1/12/2016,"Martes",0,13:00:00,,"0.0",2,"Moto/Ciclomotor,Moto/Ciclomotor","Av Pte Peron Y Peru",2,2,0,0,0,0,0,,"Avenida",,"SANTA FE","La Capital","Asfalto","S/D","I","Dentro","Urbana","Semáforo","Funciona","Intersección","Bueno","Buena","Diurna","Buen Tiempo","Lateral","S/D","Colisión","S/D","S/D","Cordón divisorio","Sin restricción"
2016,508,1/21/2016,"Jueves",0,2:00:00,,"0.0",2,"Automóvil,Moto/Ciclomotor","Laprida ",3,2,0,0,1,0,0,,"Calle",,"SANTA FE","La Capital","Asfalto","No existe","I","S/D","Urbana","Ninguna","No existe","Intersección","Bueno","Reducida","Nocturna","Buen Tiempo","De alcance","S/D","Colisión","Ninguna","S/D","Ninguna","Sin restricción"
2016,509,1/4/2016,"Lunes",0,8:00:00,,"0.0",2,"Automóvil,Moto/Ciclomotor","Suipacha Y Roque Saenz Peña",2,1,0,0,1,0,0,,"Calle",,"SANTA FE","La Capital","Asfalto","No existe","I","Dentro","Urbana","Ninguna","No existe","Intersección","Bueno","Buena","Amanecer","Buen Tiempo","Lateral","S/D","Colisión","Ninguna","Faltante","Cordón divisorio","Sin restricción"
2016,510,1/20/2016,"Miercoles",0,13:20:00,,"0.0",2,"Automóvil,Automóvil","R Godoy Y Mitre",2,1,0,0,1,0,0,,"Calle",,"SANTA FE","La Capital","Asfalto","No existe","I","S/D","Urbana","Ninguna","No existe","Intersección","Bueno","Buena","Diurna","Buen Tiempo","Lateral","S/D","Colisión","Ninguna","S/D","Ninguna","Sin restricción"
2016,511,1/22/2016,"Viernes",0,19:30:00,,"0.0",2,"Bicicleta,Automóvil","Av A del Valle Y J Castelli",2,1,0,0,1,0,0,,"Avenida",,"SANTA FE","La Capital","Asfalto","No existe","I","S/D","Urbana","Ninguna","No existe","Recta","Bueno","Buena","Diurna","Buen Tiempo","S/D","S/D","Atropello","Ninguna","S/D","Ninguna","Sin restricción"
2016,512,1/7/2016,"Jueves",0,16:00:00,,"0.0",2,"Automóvil,Moto/Ciclomotor","Av Pte Peron Y Bv Pellegrini",2,1,0,0,1,0,0,,"Avenida",,"SANTA FE","La Capital","Asfalto","No existe","I","Dentro","Urbana","Semáforo","Funciona","Intersección","Bueno","Buena","Diurna","Buen Tiempo","Lateral","S/D","Colisión","Ninguna","Horizontal","Cordón divisorio","Sin restricción"
2016,513,1/21/2016,"Jueves",0,16:25:00,,"0.0",2,"Pickup/Utilitario,Moto/Ciclomotor","Av Pte Peron Y Salvador Caputo",2,1,0,0,1,0,0,,"Avenida",,"SANTA FE","La Capital","Asfalto","No existe","I","Dentro","Urbana","S/D","No existe","Intersección","Bueno","Buena","Diurna","Buen Tiempo","Lateral","S/D","Colisión","Ninguna","Horizontal","Cordón divisorio","S/D"
2016,514,1/25/2016,"Lunes",0,19:00:00,,"0.0",2,"Automóvil,Moto/Ciclomotor","Roque Saenz Peña Y Naciones Unidas",2,1,0,0,1,0,0,,"Calle",,"SANTA FE","La Capital","Asfalto","No existe","I","Dentro","Urbana","Ninguna","No existe","Intersección","Bueno","Buena","Atardecer","Buen Tiempo","Lateral","S/D","Colisión","Ninguna","Faltante","Cordón divisorio","Sin restricción"
2016,515,1/25/2016,"Lunes",0,15:00:00,,"0.0",2,"Automóvil,Moto/Ciclomotor","Av Pte Peron Y Salvador Caputo",2,1,0,0,1,0,0,,"Avenida",,"SANTA FE","La Capital","Asfalto","No existe","I","Dentro","Urbana","S/D","No existe","Intersección","Bueno","Buena","Diurna","Buen Tiempo","Lateral","S/D","Colisión","Ninguna","Horizontal","Cordón divisorio","S/D"
2016,516,1/26/2016,"Martes",0,,,"0.0",2,"Moto/Ciclomotor,Pickup/Utilitario","Hipolito Yrigoyen Y Belgrano",2,1,0,0,1,0,0,,"Calle",,"SANTA FE","La Capital","Asfalto","No existe","XIII","Dentro","Urbana","S/D","No existe","Intersección","Bueno","Buena","S/D","Buen Tiempo","Lateral","S/D","Colisión","Ninguna","Faltante","S/D","S/D"
2016,517,1/22/2016,"Viernes",0,,,"0.0",2,"Moto/Ciclomotor,Pickup/Utilitario","Hipolito Irigoyen Y Pueyrredon",4,3,0,0,1,0,0,,"Calle",,"SAN CRISTÓBAL","San Cristóbal","Asfalto","No existe","XIII","Dentro","Urbana","S/D","No existe","Intersección","Bueno","Buena","S/D","Buen Tiempo","Lateral","S/D","Colisión","Ninguna","Faltante","Ninguna","S/D"
2016,518,1/22/2016,"Viernes",0,10:30:00,,"0.0",2,"Moto/Ciclomotor,Automóvil","Urquiza Y Brown",2,0,1,0,1,0,0,,"Calle",,"SAN CRISTÓBAL","San Cristóbal","Ripio","No existe","XIII","Dentro","Urbana","Ninguna","No existe","Intersección","Bueno","Buena","Diurna","Buen Tiempo","Lateral","S/D","Colisión","Ninguna","Faltante","Ninguna","Sin restricción"
2016,519,1/13/2016,"Miercoles",0,19:40:00,,"0.0",2,"Moto/Ciclomotor,Camión","Hipolito Irigoyen Y Sarmiento",3,2,0,0,1,0,0,,"Calle",,"SAN CRISTÓBAL","San Cristóbal","Asfalto","No existe","XIII","Dentro","Urbana","Ninguna","No existe","Intersección","Bueno","Reducida","Atardecer","Buen Tiempo","De alcance","S/D","Colisión","Ninguna","Faltante","Ninguna","Sin restricción"
2016,520,1/17/2016,"Domingo",0,23:20:00,"Ruta Secundaria 69-s","0.0",1,"Automóvil"," ",2,2,0,0,0,0,0,,"Ruta","69-s","MOISÉS VILLE","San Cristóbal","Asfalto","Natural","XIII","Fuera","Rural","Ninguna","No existe","Recta","Bueno","Reducida","Nocturna","Buen Tiempo","Contra objeto fijo","S/D","Despiste","Ninguna","Faltante","Ninguna","Sin restricción"
2016,521,1/28/2016,"Jueves",0,19:30:00,,"0.0",2,"Moto/Ciclomotor,Pickup/Utilitario","Av Gral Paz Y Quintana",2,1,0,0,1,0,0,,"Avenida",,"SANTA FE","La Capital","Asfalto","No existe","I","Dentro","Urbana","S/D","No existe","Intersección","Bueno","Buena","Atardecer","Buen Tiempo","Lateral","S/D","Colisión","Ninguna","S/D","Ninguna","Sin restricción"
2016,522,1/26/2016,"Martes",0,14:40:00,"Ruta Secundaria 69-s","0.0",2,"Transporte de Pasajeros Larga Distancia (Piso  y  1/2),Moto/Ciclomotor"," ",2,1,0,0,1,0,0,,"Ruta","69-s","MOISÉS VILLE","San Cristóbal","Asfalto","Natural","XIII","Dentro","Rural","Ninguna","No existe","Recta","Bueno","Buena","Diurna","Buen Tiempo","Lateral","S/D","Colisión","Ninguna","Faltante","Ninguna","Sin restricción"
2016,523,1/2/2016,"Sabado",0,16:00:00,,"0.0",2,"Peatón,Automóvil","La Rioja Y 9 de Julio",2,1,0,0,1,0,0,,"Calle",,"SANTA FE","La Capital","Asfalto","Natural","I","Dentro","Urbana","S/D","No existe","Intersección","Deteriorada","Buena","Diurna","Buen Tiempo","S/D","S/D","Atropello","S/D","Faltante","S/D","S/D"
2016,524,1/8/2016,"Viernes",0,15:00:00,,"0.0",2,"Automóvil,Moto/Ciclomotor","Pje Ingenieros 7900",2,1,0,0,1,0,0,,"Calle",,"SANTA FE","La Capital","Tierra","Natural","I","Dentro","Urbana","S/D","No existe","Recta","Deteriorada","S/D","Diurna","Buen Tiempo","Lateral","S/D","Colisión","Otro","Faltante","S/D","S/D"
2016,525,1/9/2016,"Sabado",0,0:45:00,,"0.0",2,"Automóvil,Moto/Ciclomotor","Gorriti 3600",2,1,0,0,1,0,0,,"Avenida",,"SANTA FE","La Capital","Asfalto","Pavimento","I","Dentro","Urbana","S/D","No existe","Intersección","Bueno","Buena","Nocturna,Con luz artificial","Buen Tiempo","Lateral","S/D","Colisión","S/D","Faltante","S/D","S/D"
2016,526,1/4/2016,"Lunes",0,17:50:00,,"0.0",2,"Moto/Ciclomotor,Automóvil","Sarmiento Y Hipolito Irigoyen",2,1,0,0,1,0,0,,"Calle",,"SAN CRISTÓBAL","San Cristóbal","Asfalto","No existe","XIII","Dentro","Urbana","Ninguna","No existe","Intersección","Bueno","Buena","Diurna","Buen Tiempo","Lateral","S/D","Colisión","Ninguna","Faltante","S/D","Sin restricción"
2016,527,1/7/2016,"Jueves",0,21:45:00,,"0.0",2,"Moto/Ciclomotor,Moto/Ciclomotor","Ingeniero Sajaroff Y Moreno",2,2,0,0,0,0,0,,"Calle",,"MOISÉS VILLE","San Cristóbal","Asfalto","Natural","XIII","Dentro","Urbana","S/D","No existe","Intersección","Bueno","Buena","Nocturna","Buen Tiempo","Lateral","S/D","Colisión","Ninguna","Vertical","S/D","S/D"
2016,528,1/27/2016,"Miercoles",0,22:40:00,,"0.0",2,"Moto/Ciclomotor,Automóvil","Avellaneda Y Agustin Delgado",2,1,0,0,1,0,0,,"Calle",,"SANTA FE","La Capital","Asfalto","No existe","I","Dentro","Urbana","S/D","No existe","Intersección","Bueno","Reducida","Nocturna","S/D","Lateral","S/D","Colisión","Ninguna","S/D","S/D","Sin restricción"
2016,529,1/28/2016,"Jueves",0,18:20:00,,"0.0",2,"Moto/Ciclomotor,Automóvil","Republica de Siria Y Salvador del Carril",2,1,0,0,1,0,0,,"Calle",,"SANTA FE","La Capital","Asfalto","No existe","I","Dentro","Urbana","S/D","No existe","Intersección","Bueno","Buena","Diurna","Buen Tiempo","Lateral","S/D","Colisión","Ninguna","S/D","Ninguna","Sin restricción"
2016,530,1/28/2016,"Jueves",0,23:30:00,,"0.0",2,"Moto/Ciclomotor,Automóvil","Pje Calcena Y Laprida",3,2,0,0,1,0,0,,"Calle",,"SANTA FE","La Capital","Asfalto","No existe","I","Dentro","Urbana","S/D","No existe","Intersección","Bueno","Buena","Nocturna","Buen Tiempo","Lateral","S/D","Colisión","Ninguna","S/D","S/D","S/D"
2016,531,1/10/2016,"Domingo",0,22:00:00,,"0.0",2,"Moto/Ciclomotor,Automóvil","J B Justo 800",2,1,0,0,1,0,0,,"Calle",,"SAN CRISTÓBAL","San Cristóbal","Asfalto","No existe","XIII","Dentro","Urbana","Marca Vial","No existe","Paso a Nivel FFCC","Con baches","Buena","Nocturna","Buen Tiempo","Lateral","S/D","Colisión","S/D","Horizontal","Ninguna","Sin restricción"
2016,532,1/10/2016,"Domingo",0,9:30:00,"Ruta Provincial 2","17.0",1,"Moto/Ciclomotor"," ",2,1,0,0,1,0,0,,"Ruta",2,"SAN CRISTÓBAL","San Cristóbal","Asfalto","Natural","XIII","Fuera","Urbana","Ninguna","No existe","Recta","Bueno","Buena","Diurna","Buen Tiempo","S/D","S/D","Caída ocupante","Ninguna","Faltante","Ninguna","Sin restricción"
2016,533,4/5/2016,"Martes",0,20:00:00,,"0.0",2,"Automóvil,Moto/Ciclomotor","Bv. Rondeau 4100",2,0,0,0,1,1,0,"-32.876888888889,-60.697666666667","Avenida",,"ROSARIO","Rosario","Asfalto,Hormigón","S/D","II","Dentro","Urbana","S/D","S/D","Recta","Bueno","Buena","Nocturna","Lluvia","Contra objeto fijo","S/D","Colisión","Agua","S/D","S/D","S/D"
2016,534,4/22/2016,"Viernes",0,20:00:00,,"0.0",1,"Moto/Ciclomotor","P.Araoz 700",1,0,0,0,0,1,0,"-32.873027777778,-60.697222222222","Calle",,"ROSARIO","Rosario","Asfalto","Pavimento","II","S/D","S/D","S/D","S/D","Curva","Bueno","Buena","Atardecer","S/D","S/D","S/D","S/D","Ninguna","S/D","S/D","S/D"
2016,535,5/18/2016,"Miercoles",0,3:10:00,,"0.0",2,"Taxi/Remis,Vehículo Oficial","ROUILLON Y BV. SEGUI",3,2,0,0,0,1,0,"-32.970833333333,-60.701055555556","Calle",,"ROSARIO","Rosario","Asfalto","No existe","II","Dentro","Urbana","Semáforo","Intermitente","Intersección","Bueno","Buena","Nocturna","Otro","Lateral","S/D","Colisión","Ninguna","Vertical","Ninguna","Sin restricción"