"anio_acci","nro_acci","fecha","desc_dia","fecha_aprox","hora_aprox","desc_ruta","km","cant_participantes","desc_participante","calle_avenida_km","total","heridos_leves","heridos_graves","heridos_gravisimos","ilesos","fallecidos","sin_datos","posicion_XY","desc_tipo_via","desc_ruta_ori","desc_loc","desc_dpto","desc_tipo_calzada","desc_tipo_banquina","desc_unidad_regional","desc_lugar_calzada","desc_zona","desc_prioridad","desc_estado_semaforo","desc_lugar_via","desc_estado_via","desc_estado_visibilidad","desc_luminosidad","desc_estado_clima","desc_tipo_colision","desc_tipo_atropello","desc_tipo_hecho","desc_pres_calzada","desc_senializacion","desc_separacion_via","desc_restriccion"
2016,680,1/6/2016,"Miercoles",0,17:00:00,,"0.0",2,"Moto/Ciclomotor,Automóvil","Camilo Aldao Y Garay",2,0,1,0,1,0,0,,"Calle",,"ROSARIO","Rosario","Asfalto","S/D","II","S/D","Urbana","S/D","S/D","Recta","Resbaladiza","Buena","Diurna","Buen Tiempo","Lateral","S/D","Colisión","S/D","S/D","S/D","Sin restricción"
2016,681,1/5/2016,"Martes",0,10:20:00,,"0.0",2,"Transporte de Pasajeros Urbano (> 8 asientos),Otros","Bv. Segui Y P.L.Funes",2,1,0,0,1,0,0,,"Calle",,"ROSARIO","Rosario","S/D","S/D","II","S/D","Urbana","S/D","No existe","S/D","S/D","Buena","Diurna","Buen Tiempo","S/D","S/D","Colisión","S/D","S/D","S/D","S/D"
2016,682,1/18/2016,"Lunes",0,13:00:00,,"0.0",2,"Moto/Ciclomotor,Pickup/Utilitario","Galindo ",2,0,0,0,0,0,2,,"Calle",,"FUNES","Rosario","Asfalto","Natural","II","Dentro","Urbana","Ninguna","No existe","Recta","Bueno","Buena","Diurna","Buen Tiempo","S/D","S/D","Colisión","S/D","Faltante","Ninguna","Sin restricción"
2016,683,1/30/2016,"Sabado",0,20:30:00,,"0.0",1,"Otros","Moreno ",2,1,0,0,1,0,0,,"Calle",,"FUNES","Rosario","Asfalto","Natural","II","Dentro","Urbana","Ninguna","No existe","Recta","Bueno","Buena","Diurna","Buen Tiempo","Contra objeto fijo","S/D","Colisión","S/D","S/D","Ninguna","Sin restricción"
2016,684,2/13/2016,"Sabado",0,13:15:00,,"0.0",2,"Moto/Ciclomotor,Automóvil","Candioti 4045",2,1,0,0,1,0,0,,"Calle",,"SANTA FE","La Capital","Asfalto","No existe","I","Dentro","Urbana","Ninguna","No existe","Recta","Bueno","Buena","Diurna","Buen Tiempo","Lateral","S/D","Colisión","Ninguna","S/D","Ninguna","Sin restricción"
2016,685,1/11/2016,"Lunes",0,18:55:00,,"0.0",2,"Moto/Ciclomotor,Pickup/Utilitario","Irigoyen Y Sargento Cabral",2,0,0,0,0,0,2,,"Calle",,"FUNES","Rosario","Tierra","S/D","II","Dentro","Urbana","Ninguna","No existe","Curva","Bueno","Buena","Diurna","Buen Tiempo","Lateral","S/D","Colisión","S/D","Faltante","Ninguna","Sin restricción"
2016,686,2/16/2016,"Martes",0,9:30:00,,"0.0",2,"Moto/Ciclomotor,Automóvil","Alberdi Y Bv Galvez",2,1,0,0,1,0,0,,"Avenida",,"SANTA FE","La Capital","Asfalto","No existe","I","Dentro","Urbana","Semáforo","Funciona","Intersección","Bueno","Buena","Diurna","Buen Tiempo","Frontal","S/D","Colisión","Ninguna","S/D","Ninguna","Sin restricción"
2016,687,2/17/2016,"Miercoles",0,19:50:00,,"0.0",2,"Automóvil,Bicicleta","Pres Domingo Faustino Sarmient Y 13 de diciembre",2,1,0,0,1,0,0,,"Calle",,"SANTO TOMÉ","La Capital","Asfalto","No existe","I","Dentro","Urbana","Ninguna","No existe","Intersección","Bueno","Buena","Atardecer","Buen Tiempo","Lateral","S/D","Atropello","S/D","Faltante","Ninguna","Sin restricción"
2016,688,2/10/2016,"Miercoles",0,12:30:00,,"0.0",1,"Moto/Ciclomotor","Pres Domingo Faustino Sarmient Y 3 de febrero",1,1,0,0,0,0,0,,"Calle",,"SANTO TOMÉ","La Capital","Asfalto","No existe","I","Dentro","Urbana","Ninguna","No existe","Intersección","Bueno","Buena","Diurna","Buen Tiempo","Atropello animal","S/D","Colisión","S/D","S/D","Ninguna","Sin restricción"
2016,689,2/19/2016,"Viernes",0,8:00:00,,"0.0",2,"Moto/Ciclomotor,Automóvil","Bv Galvez Y Velez Sarsfield",2,1,0,0,0,0,1,,"Avenida",,"SANTA FE","La Capital","Asfalto","No existe","I","Dentro","Urbana","Ninguna","Funciona","Intersección","Bueno","Buena","Diurna","Buen Tiempo","Frontal","S/D","Colisión","Ninguna","S/D","Ninguna","Sin restricción"
2016,690,2/3/2016,"Miercoles",0,22:35:00,,"0.0",2,"Moto/Ciclomotor,Bicicleta","Roque Saenz Peña 3500",2,2,0,0,0,0,0,,"Calle",,"SANTO TOMÉ","La Capital","Ripio","No existe","I","Dentro","Urbana","Ninguna","No existe","Recta","Bueno","Buena","Nocturna","Buen Tiempo","Lateral","S/D","Atropello","S/D","Faltante","Ninguna","Sin restricción"
2016,691,2/20/2016,"Sabado",0,2:00:00,,"0.0",2,"Automóvil,Automóvil","Bv Galvez Y Republica de Siria",2,1,0,0,1,0,0,,"Avenida",,"SANTA FE","La Capital","Asfalto","No existe","I","Dentro","Urbana","Ninguna","Funciona","Intersección","Bueno","Buena","Nocturna","Buen Tiempo","Frontal","S/D","Colisión","Ninguna","S/D","Ninguna","Sin restricción"
2016,692,2/15/2016,"Lunes",0,19:30:00,,"0.0",2,"Bicicleta,Automóvil","Roverano Y Juan Jose Paso",2,1,0,0,0,0,1,,"Calle",,"SANTO TOMÉ","La Capital","Tierra","S/D","I","Dentro","Urbana","Ninguna","No existe","Recta","Con baches","Reducida","Nocturna","Buen Tiempo","S/D","S/D","Atropello","S/D","Faltante","Ninguna","Sin restricción"
2016,693,2/20/2016,"Sabado",0,10:00:00,,"0.0",2,"Moto/Ciclomotor,Transporte de Pasajeros Urbano (> 8 asientos)"," ",2,1,0,0,1,0,0,,"Calle",,"SANTA FE","La Capital","Asfalto","No existe","I","Dentro","Urbana","Ninguna","No existe","Puente","Bueno","Buena","Diurna","Buen Tiempo","Lateral","S/D","Caída ocupante","Ninguna","S/D","Ninguna","Sin restricción"
2016,694,2/1/2016,"Lunes",0,6:30:00,"Ruta Nacional 11","0.0",1,"Automóvil"," ",5,3,0,0,2,0,0,,"Ruta",11,"SAUCE VIEJO","La Capital","Asfalto","Natural","I","Dentro","Urbana","S/D","No existe","Recta","Bueno","Buena","Amanecer","S/D","S/D","S/D","Vuelco","S/D","Horizontal","S/D","S/D"
2016,695,2/20/2016,"Sabado",0,16:30:00,,"0.0",2,"Moto/Ciclomotor,Pickup/Utilitario","Av Almte Brown ",2,1,0,0,1,0,0,,"Avenida",,"SANTA FE","La Capital","Asfalto","No existe","I","Dentro","Urbana","Ninguna","No existe","Recta","Bueno","Buena","Diurna","Buen Tiempo","S/D","S/D","Colisión","Ninguna","S/D","Ninguna","Sin restricción"
2016,696,2/28/2016,"Domingo",0,,,"0.0",2,"Moto/Ciclomotor,Pickup/Utilitario","Fray C Rodriguez Y Bolivar",2,1,0,0,1,0,0,,"Calle",,"SANTA FE","La Capital","Asfalto","Pavimento","I","Dentro","Urbana","Ninguna","No existe","Intersección","Bueno","Buena","Diurna","Buen Tiempo","Lateral","S/D","Colisión","S/D","Faltante","Ninguna","Sin restricción"
2016,697,2/7/2016,"Domingo",0,5:40:00,,"0.0",2,"Moto/Ciclomotor,Moto/Ciclomotor","Cochabamba ",3,2,0,0,1,0,0,,"Calle",,"SANTA FE","La Capital","Asfalto","No existe","I","Dentro","Urbana","Ninguna","No existe","Curva","Bueno","Buena","Amanecer","Buen Tiempo","Lateral","S/D","Colisión","S/D","S/D","Ninguna","Sin restricción"
2016,698,2/8/2016,"Lunes",0,2:40:00,,"0.0",2,"Moto/Ciclomotor,Automóvil","Bv Galvez Y Las Heras",2,1,0,0,1,0,0,,"Calle",,"SANTA FE","La Capital","Asfalto","No existe","I","Dentro","Urbana","S/D","S/D","Intersección","Bueno","Buena","Nocturna","Buen Tiempo","Frontal","S/D","Colisión","S/D","S/D","Ninguna","Sin restricción"
2016,699,2/10/2016,"Miercoles",0,13:10:00,,"0.0",2,"Bicicleta,Moto/Ciclomotor","Guemes Y Pedro Centeno",2,1,0,0,1,0,0,,"Calle",,"SANTA FE","La Capital","Asfalto","No existe","I","Dentro","Urbana","Ninguna","No existe","Intersección","Bueno","Buena","Diurna","Buen Tiempo","Frontal","S/D","Atropello","S/D","S/D","Ninguna","Sin restricción"
2016,700,2/13/2016,"Sabado",0,,,"0.0",2,"Moto/Ciclomotor,Automóvil","Gdor Candioti Y Calchines",2,1,0,0,1,0,0,,"Calle",,"SANTA FE","La Capital","Asfalto","No existe","I","Dentro","Urbana","Ninguna","No existe","Intersección","Bueno","Buena","S/D","Buen Tiempo","Frontal","S/D","Colisión","S/D","S/D","Ninguna","Sin restricción"
2016,701,2/13/2016,"Sabado",0,13:00:00,,"0.0",2,"Moto/Ciclomotor,Automóvil","Gdor Candioti Y Castellanos",2,1,0,0,1,0,0,,"Calle",,"SANTA FE","La Capital","Asfalto","No existe","I","Dentro","Urbana","Ninguna","No existe","Intersección","Bueno","Buena","Diurna","Buen Tiempo","Frontal","S/D","Colisión","S/D","S/D","Ninguna","Sin restricción"
2016,702,2/21/2016,"Domingo",0,3:40:00,,"0.0",2,"Moto/Ciclomotor,Automóvil","Sarmiento Y Pedro Centeno",3,2,0,0,1,0,0,,"Calle",,"SANTA FE","La Capital","Asfalto","No existe","I","Dentro","Urbana","Ninguna","No existe","Intersección","Bueno","Buena","Nocturna","Buen Tiempo","Frontal","S/D","Colisión","Ninguna","S/D","Ninguna","Sin restricción"
2016,703,2/22/2016,"Lunes",0,12:30:00,,"0.0",2,"Taxi/Remis,Pickup/Utilitario","Bv Galvez 2300",3,1,0,0,2,0,0,,"Avenida",,"SANTA FE","La Capital","Asfalto","No existe","I","Dentro","Urbana","Ninguna","Funciona","Recta","Bueno","Buena","Diurna","Buen Tiempo","Frontal","S/D","Colisión","Ninguna","S/D","Ninguna","Sin restricción"
2016,704,2/16/2016,"Martes",0,10:25:00,,"0.0",2,"Automóvil,Moto/Ciclomotor","General Estanislao Lopez Y Avenida 9 de Julio",3,0,2,0,1,0,0,,"Calle",,"ANGÉLICA","Castellanos","Asfalto","No existe","V","Dentro","Urbana","Ninguna","No existe","Intersección","Bueno","Buena","Diurna","Buen Tiempo","Lateral","S/D","Colisión","S/D","S/D","Ninguna","Sin restricción"
2016,705,2/14/2016,"Domingo",0,6:30:00,,"0.0",2,"Moto/Ciclomotor,Automóvil","Bv Galvez Y Velez Sarsfield",2,1,0,0,1,0,0,,"Calle",,"SANTA FE","La Capital","Asfalto","No existe","I","Dentro","Urbana","Ninguna","No funciona","Intersección","Bueno","Buena","Diurna","Buen Tiempo","Frontal","S/D","Colisión","Ninguna","S/D","Ninguna","Sin restricción"
2016,706,1/11/2016,"Lunes",0,,,"0.0",1,"Otros"," ",1,1,0,0,0,0,0,,"Calle",,"SOLDINI","Rosario","Ripio","No existe","II","Dentro","Urbana","Ninguna","No existe","Recta","Bueno","Buena","Nocturna","Buen Tiempo","S/D","S/D","Vuelco","S/D","Faltante","Ninguna","Sin restricción"
2016,707,2/25/2016,"Jueves",0,22:35:00,,"0.0",2,"Moto/Ciclomotor,Automóvil","Candioti Y Juan Del Campillo",3,1,0,0,2,0,0,,"Calle",,"SANTA FE","La Capital","Asfalto","No existe","I","Dentro","Urbana","Ninguna","No existe","Intersección","Bueno","Buena","Nocturna","Buen Tiempo","Frontal","S/D","Colisión","Ninguna","S/D","Ninguna","Sin restricción"
2016,708,1/7/2016,"Jueves",0,8:30:00,"Ruta Nacional 33","766.0",1,"Moto/Ciclomotor"," ",1,1,0,0,0,0,0,,"Ruta",33,"ZAVALLA","Rosario","Asfalto","Natural","II","Dentro","Rural","Otra Señal","No existe","Recta","Bueno","S/D","Diurna","Buen Tiempo","Contra objeto fijo","S/D","Colisión","S/D","S/D","Ninguna","Sin restricción"
2016,709,2/14/2016,"Domingo",0,18:50:00,,"0.0",2,"Moto/Ciclomotor,Bicicleta","Jose y Ricardo Armando 1530",2,1,1,0,0,0,0,,"Calle",,"RAFAELA","Castellanos","Asfalto","Pavimento","V","Dentro","Urbana","Ninguna","No existe","Recta","Bueno","Buena","Atardecer","Buen Tiempo","Lateral","S/D","Atropello","S/D","Faltante","Ninguna","Sin restricción"
2016,710,2/1/2016,"Lunes",0,17:15:00,,"0.0",2,"Moto/Ciclomotor,Automóvil","A Lincoln 187",2,0,0,0,0,0,2,,"Calle",,"RAFAELA","Castellanos","Asfalto","No existe","V","Dentro","Urbana","Ninguna","No existe","Recta","Bueno","Buena","Diurna","Buen Tiempo","Lateral","S/D","Colisión","S/D","Faltante","Cordón divisorio","Sin restricción"
2016,711,2/2/2016,"Martes",0,17:30:00,,"0.0",2,"Camión,Moto/Ciclomotor","Cervantes Y Balcarce",3,1,0,0,1,0,1,,"Calle",,"RAFAELA","Castellanos","Asfalto","S/D","V","S/D","S/D","Ninguna","No existe","Intersección","Bueno","Buena","Diurna","Buen Tiempo","Lateral","S/D","Colisión","S/D","Faltante","Ninguna","Sin restricción"
2016,712,2/24/2016,"Miercoles",0,19:10:00,,"0.0",2,"Moto/Ciclomotor,Automóvil","San Martin Y Rivadavia",2,1,0,0,1,0,0,,"Calle",,"MARIA JUANA","Castellanos","Asfalto","S/D","V","Dentro","Urbana","Ninguna","S/D","Intersección","Bueno","Buena","Atardecer","Buen Tiempo","Lateral","S/D","Colisión","Ninguna","S/D","Ninguna","Sin restricción"
2016,713,1/16/2016,"Sabado",0,15:00:00,,"0.0",2,"Automóvil,Bicicleta"," ",2,1,0,0,1,0,0,,"Calle",,"ROSARIO","Rosario","Asfalto","S/D","II","Dentro","Urbana","S/D","S/D","Recta","Bueno","Buena","Diurna","Buen Tiempo","S/D","S/D","Atropello","S/D","S/D","S/D","S/D"
2016,714,1/3/2016,"Domingo",0,20:00:00,,"0.0",2,"Moto/Ciclomotor,Automóvil"," ",4,0,0,0,0,0,4,,"Calle",,"ROSARIO","Rosario","S/D","S/D","II","Dentro","Urbana","S/D","S/D","S/D","S/D","S/D","Nocturna","S/D","S/D","S/D","Colisión","S/D","S/D","S/D","S/D"
2016,715,1/6/2016,"Miercoles",0,21:15:00,,"0.0",2,"Moto/Ciclomotor,Automóvil","Tarragona Y J.B.Justo",3,2,0,0,1,0,0,,"Calle",,"ROSARIO","Rosario","S/D","S/D","II","Dentro","Urbana","S/D","S/D","S/D","S/D","Buena","Nocturna","S/D","S/D","S/D","Colisión","S/D","S/D","S/D","S/D"
2016,716,1/9/2016,"Sabado",0,3:40:00,,"0.0",2,"Automóvil,Automóvil","Av. Jorge Newbery Y Av. Circunvalacion",2,0,0,0,1,0,1,,"Calle",,"ROSARIO","Rosario","S/D","S/D","II","Dentro","Urbana","S/D","S/D","Intersección","S/D","S/D","Nocturna","S/D","S/D","S/D","Colisión","S/D","S/D","S/D","S/D"
2016,717,2/2/2016,"Martes",0,17:20:00,,"0.0",2,"Moto/Ciclomotor,Moto/Ciclomotor","San Martin Y Juan Del Campillo",2,1,0,0,1,0,0,,"Calle",,"SANTA FE","La Capital","Hormigón","No existe","I","Dentro","Urbana","Ninguna","No existe","Intersección","Bueno","Buena","Diurna","Buen Tiempo","Lateral","S/D","Colisión","Ninguna","Faltante","Ninguna","Sin restricción"
2016,718,2/3/2016,"Miercoles",0,21:00:00,,"0.0",2,"Pickup/Utilitario,Moto/Ciclomotor","Av A del Valle Y Padilla",2,1,0,0,1,0,0,,"Avenida",,"SANTA FE","La Capital","Hormigón","No existe","I","Dentro","Urbana","Ninguna","No existe","Intersección","Bueno,Con baches","Buena","Nocturna,Con luz artificial","Buen Tiempo","Lateral","S/D","Colisión","Ninguna","Faltante","Ninguna","Sin restricción"
2016,719,2/4/2016,"Jueves",0,7:15:00,,"0.0",2,"Automóvil,Moto/Ciclomotor","San Jeronimo Y Quintana",2,1,0,0,1,0,0,,"Calle",,"SANTA FE","La Capital","Hormigón","No existe","I","Dentro","Urbana","Ninguna","No existe","Intersección","Con baches","Buena","Diurna","Buen Tiempo","Lateral","S/D","Colisión","Ninguna","Faltante","Ninguna","Sin restricción"
2016,720,2/4/2016,"Jueves",0,19:30:00,,"0.0",2,"Pickup/Utilitario,Pickup/Utilitario","Domingo Silva Y San Jeronimo",2,1,0,0,1,0,0,,"Calle",,"SANTA FE","La Capital","Hormigón","No existe","I","Dentro","Urbana","Ninguna","No existe","Intersección","Bueno","Buena","Diurna","Buen Tiempo","Lateral","S/D","Colisión","Ninguna","Faltante","Ninguna","Sin restricción"
2016,721,2/23/2016,"Martes",0,15:30:00,,"0.0",2,"Automóvil,Moto/Ciclomotor","San Martin Y Juan Del Campillo",3,2,0,0,1,0,0,,"Calle",,"SANTA FE","La Capital","Hormigón","No existe","II","Dentro","Urbana","Ninguna","No existe","Intersección","Bueno","Buena","Diurna","Buen Tiempo","Lateral","S/D","Colisión","Ninguna","Faltante","Ninguna","Sin restricción"
2016,722,2/24/2016,"Miercoles",0,11:20:00,,"0.0",2,"Moto/Ciclomotor,Automóvil","Av A del Valle Y Risso",2,1,0,0,0,0,1,,"Avenida",,"SANTA FE","La Capital","Asfalto","No existe","I","Dentro","Urbana","Ninguna","No existe","Intersección","Otro","Buena","Diurna","Buen Tiempo","Lateral","S/D","Colisión","Ninguna","Faltante","Ninguna","Sin restricción"
2016,723,2/24/2016,"Miercoles",0,18:20:00,,"0.0",2,"Moto/Ciclomotor,Taxi/Remis","Hernandarias Y San Jeronimo",2,1,0,0,1,0,0,,"Calle",,"SANTA FE","La Capital","Asfalto","No existe","I","Dentro","Urbana","Ninguna","No existe","Intersección","Bueno","Buena","Diurna","Otro","Lateral","S/D","Colisión","Ninguna","Faltante","Ninguna","Sin restricción"
2016,724,2/4/2016,"Jueves",0,19:40:00,,"0.0",2,"Moto/Ciclomotor,Automóvil","J Castelli Y 1ro de Mayo",3,2,0,0,1,0,0,,"Calle",,"SANTA FE","La Capital","Asfalto","No existe","I","Dentro","Urbana","Ninguna","No existe","Intersección","Bueno","Buena","Diurna","Buen Tiempo","Lateral","S/D","Colisión","S/D","Faltante","Línea divisoria pintada","Sin restricción"
2016,725,2/24/2016,"Miercoles",0,21:30:00,,"0.0",2,"Bicicleta,Automóvil","Av A del Valle Y Alberdi",2,1,0,0,1,0,0,,"Avenida",,"SANTA FE","La Capital","Hormigón","No existe","I","Dentro","Urbana","Ninguna","No existe","Recta","Bueno","Buena","Nocturna,Con luz artificial","Buen Tiempo","S/D","S/D","Atropello","Ninguna","Faltante","Ninguna","Sin restricción"
2016,726,2/6/2016,"Sabado",0,7:40:00,,"0.0",2,"Automóvil,Moto/Ciclomotor","Av Facundo Zuviria Y Estanislao Zeballos",2,1,0,0,1,0,0,,"Calle",,"SANTA FE","La Capital","Hormigón","No existe","I","Dentro","Urbana","Semáforo","Funciona","Intersección","Bueno","Buena","Diurna","Buen Tiempo","Lateral","S/D","Colisión","S/D","Vertical","Línea divisoria pintada","Sin restricción"
2016,727,2/5/2016,"Viernes",0,,,"0.0",2,"Moto/Ciclomotor,Pickup/Utilitario","Zavalia Y Amenabar",3,2,0,0,1,0,0,,"Avenida",,"SANTA FE","La Capital","Asfalto","No existe","I","S/D","Urbana","Ninguna","No existe","Intersección","Con baches","Buena","S/D","Buen Tiempo","Lateral","S/D","Colisión","Ninguna","S/D","Línea divisoria pintada","Sin restricción"
2016,728,2/7/2016,"Domingo",0,8:30:00,,"0.0",2,"Moto/Ciclomotor,Automóvil","Av A del Valle Y Angel Cassanello",2,1,0,0,1,0,0,,"Calle",,"SANTA FE","La Capital","Hormigón","No existe","I","Dentro","Urbana","Semáforo","Funciona","Intersección","Bueno","Buena","Diurna","Buen Tiempo","Lateral","S/D","Colisión","S/D","Vertical","Línea divisoria pintada","Sin restricción"
2016,729,2/10/2016,"Miercoles",0,20:30:00,,"0.0",2,"Moto/Ciclomotor,Automóvil","Quintana Y Pje Ingenieros",3,2,0,0,1,0,0,,"Calle",,"SANTA FE","La Capital","Asfalto","No existe","I","Dentro","Urbana","Ninguna","No existe","Recta","Bueno","Buena","Atardecer","Buen Tiempo","De alcance","S/D","Colisión","S/D","Faltante","Ninguna","Sin restricción"
2016,730,2/6/2016,"Sabado",0,22:00:00,,"0.0",2,"Moto/Ciclomotor,Automóvil"," ",4,2,0,0,2,0,0,,"S/D",,"SANTA FE","La Capital","Asfalto","Pavimento","I","S/D","Urbana","Ninguna","No existe","Puente","Con baches","Buena","Nocturna","Buen Tiempo","Frontal","S/D","Colisión","Ninguna","S/D","Línea divisoria pintada","Sin restricción"
2016,731,2/11/2016,"Jueves",0,22:00:00,,"0.0",2,"Moto/Ciclomotor,Automóvil","Rivadavia Y J P Lopez",3,2,0,0,1,0,0,,"Calle",,"SANTA FE","La Capital","Asfalto","No existe","I","Dentro","Urbana","Ninguna","No existe","Intersección","Bueno","Buena","Nocturna,Con luz artificial","Buen Tiempo","Lateral","S/D","Colisión","S/D","Faltante","Ninguna","Sin restricción"
2016,732,2/13/2016,"Sabado",0,20:50:00,,"0.0",2,"Moto/Ciclomotor,Taxi/Remis","Av A del Valle Y Alberti",4,3,0,0,1,0,0,,"Calle",,"SANTA FE","La Capital","Hormigón","No existe","I","Dentro","Urbana","Ninguna","No existe","Intersección","Bueno","Buena","Atardecer","Buen Tiempo","Lateral","S/D","Colisión","S/D","Faltante","Ninguna","Sin restricción"
2016,733,2/14/2016,"Domingo",0,1:30:00,,"0.0",2,"Bicicleta,Automóvil","Estanislao Zeballos Y 9 de Julio",2,1,0,0,1,0,0,,"Calle",,"SANTA FE","La Capital","Asfalto","No existe","I","Dentro","Urbana","Ninguna","No existe","Recta","Bueno","Buena","Nocturna,Con luz artificial","Buen Tiempo","Lateral","S/D","Atropello","S/D","Faltante","Línea divisoria pintada","Sin restricción"
2016,734,2/16/2016,"Martes",0,8:10:00,,"0.0",2,"Moto/Ciclomotor,Automóvil","Padilla Y Pje Ingenieros",2,1,0,0,1,0,0,,"Calle",,"SANTA FE","La Capital","Hormigón","Pavimento","I","Dentro","Urbana","Ninguna","No existe","Intersección","Bueno","Buena","Diurna","Buen Tiempo","Lateral","S/D","Colisión","S/D","Faltante","Ninguna","Sin restricción"
2016,735,2/8/2016,"Lunes",0,12:00:00,,"0.0",2,"Bicicleta,Moto/Ciclomotor","Zavalia Y Av Gral Lopez",2,1,0,0,1,0,0,,"Avenida",,"SANTA FE","La Capital","Asfalto","No existe","I","Dentro","Urbana","Ninguna","No existe","Recta","Con baches","Buena","Diurna","Buen Tiempo","S/D","S/D","Atropello","Ninguna","Faltante","S/D","Sin restricción"
2016,736,2/10/2016,"Miercoles",0,,,"0.0",2,"Automóvil,Automóvil","Av Gral Lopez Y Francia",4,2,0,0,2,0,0,,"Avenida",,"SANTA FE","La Capital","Asfalto","No existe","I","S/D","Urbana","Paso Peatonal","No existe","Recta","Bueno","Buena","S/D","Buen Tiempo","Frontal","S/D","Colisión","Ninguna","Faltante","Cordón divisorio","Sin restricción"
2016,737,2/16/2016,"Martes",0,21:00:00,,"0.0",2,"Moto/Ciclomotor,Automóvil","Pedro Ferre Y 9 de Julio",2,1,0,0,1,0,0,,"Calle",,"SANTA FE","La Capital","Asfalto","No existe","I","Dentro","Urbana","Ninguna","No existe","Intersección","Bueno","Buena","Nocturna,Con luz artificial","Buen Tiempo","Lateral","S/D","Colisión","S/D","Faltante","Ninguna","Sin restricción"
2016,738,2/17/2016,"Miercoles",0,22:50:00,,"0.0",2,"Bicicleta,Automóvil","Av A del Valle Y Vieytes",2,1,0,0,1,0,0,,"Calle",,"SANTA FE","La Capital","Asfalto","No existe","I","Dentro","Urbana","Ninguna","No existe","Intersección","Bueno","Buena","Nocturna,Con luz artificial","Buen Tiempo","Lateral","S/D","Atropello","S/D","Faltante","Ninguna","Sin restricción"
2016,739,2/15/2016,"Lunes",0,12:20:00,,"0.0",2,"Moto/Ciclomotor,Automóvil","San Jeronimo Y Pje Parpal",3,2,0,0,1,0,0,,"Calle",,"SANTA FE","La Capital","Hormigón","No existe","I","Dentro","Urbana","Ninguna","No existe","Intersección","Bueno","Buena","Diurna","Buen Tiempo","Lateral","S/D","Colisión","S/D","Faltante","Ninguna","Sin restricción"
2016,740,2/18/2016,"Jueves",0,21:15:00,,"0.0",2,"Automóvil,Moto/Ciclomotor","Av A del Valle Y Espora",2,1,0,0,1,0,0,,"Calle",,"SANTA FE","La Capital","Hormigón","No existe","I","Dentro","Urbana","Ninguna","No existe","Intersección","Bueno","Buena","Nocturna,Con luz artificial","S/D","Lateral","S/D","Colisión","S/D","Faltante","Ninguna","Sin restricción"
2016,741,2/19/2016,"Viernes",0,17:15:00,,"0.0",2,"Automóvil,Moto/Ciclomotor","Av A del Valle Y Juan Del Campillo",2,1,0,0,1,0,0,,"Calle",,"SANTA FE","La Capital","Hormigón","No existe","I","Dentro","Urbana","Semáforo","No existe","Intersección","Bueno","Reducida","Diurna","Buen Tiempo","S/D","S/D","Colisión","Agua","Vertical","Línea divisoria pintada","Sin restricción"
2016,742,2/20/2016,"Sabado",0,18:00:00,,"0.0",2,"Automóvil,Moto/Ciclomotor","Alberti Y Av Urquiza",2,1,0,0,1,0,0,,"Calle",,"SANTA FE","La Capital","Asfalto","No existe","I","Dentro","Urbana","Ninguna","No existe","Intersección","Bueno","Buena","Diurna","Buen Tiempo","Lateral","S/D","Colisión","S/D","Faltante","Ninguna","Sin restricción"
2016,743,2/22/2016,"Lunes",0,10:30:00,,"0.0",1,"Camión","Pedro Alejandro Vittori Y Pedro Diaz Colodrero",2,1,0,0,1,0,0,,"Calle",,"SANTA FE","La Capital","Hormigón","No existe","I","Dentro","Urbana","Ninguna","No existe","Recta","Bueno","Buena","Diurna","Buen Tiempo","S/D","S/D","Vuelco","S/D","Faltante","Línea divisoria pintada","Sin restricción"
2016,744,2/22/2016,"Lunes",0,23:00:00,,"0.0",2,"Moto/Ciclomotor,Automóvil","Alberti Y 1ro de Mayo",2,1,0,0,1,0,0,,"Calle",,"SANTA FE","La Capital","Asfalto","No existe","I","Dentro","Urbana","Ninguna","No existe","Intersección","Con baches","Buena","Nocturna,Con luz artificial","Buen Tiempo","Lateral","S/D","Colisión","S/D","Faltante","Ninguna","Sin restricción"
2016,745,2/11/2016,"Jueves",0,11:55:00,,"0.0",2,"Moto/Ciclomotor,Otros","Av Freyre Y Corrientes",2,1,0,0,1,0,0,,"Avenida",,"SANTA FE","La Capital","Asfalto","No existe","I","S/D","Urbana","Semáforo","Funciona","Recta","Bueno","Buena","Diurna","Buen Tiempo","Lateral","S/D","Colisión","Ninguna","Vertical","Cordón divisorio","Sin restricción"