"anio_acci","nro_acci","fecha","desc_dia","fecha_aprox","hora_aprox","desc_ruta","km","cant_participantes","desc_participante","calle_avenida_km","total","heridos_leves","heridos_graves","heridos_gravisimos","ilesos","fallecidos","sin_datos","posicion_XY","desc_tipo_via","desc_ruta_ori","desc_loc","desc_dpto","desc_tipo_calzada","desc_tipo_banquina","desc_unidad_regional","desc_lugar_calzada","desc_zona","desc_prioridad","desc_estado_semaforo","desc_lugar_via","desc_estado_via","desc_estado_visibilidad","desc_luminosidad","desc_estado_clima","desc_tipo_colision","desc_tipo_atropello","desc_tipo_hecho","desc_pres_calzada","desc_senializacion","desc_separacion_via","desc_restriccion"
2016,746,2/11/2016,"Jueves",0,12:00:00,,"0.0",2,"Moto/Ciclomotor,Pickup/Utilitario","Dr Zavalla Y Monseñor Zaspe",2,1,0,0,1,0,0,,"Avenida",,"SANTA FE","La Capital","Asfalto","No existe","I","S/D","Urbana","Ninguna","Funciona","Intersección","Bueno","Buena","Diurna","Buen Tiempo","Frontal","S/D","Colisión","S/D","Faltante","Cordón divisorio","Sin restricción"
2016,747,2/15/2016,"Lunes",0,12:00:00,,"0.0",2,"Bicicleta,Automóvil","Av Mosconi Y Juan de Garay",2,0,0,0,1,1,0,"-31.648528, -60.730165","Avenida",,"SANTA FE","La Capital","Asfalto","No existe","I","S/D","Urbana","Ninguna","No existe","Recta","Bueno","Buena","Diurna","Buen Tiempo","S/D","S/D","Atropello","Ninguna","Faltante","Línea divisoria pintada","Sin restricción"
2016,748,2/18/2016,"Jueves",0,13:00:00,,"0.0",2,"Automóvil,Taxi/Remis","San Juan Y Entre Rios",2,1,0,0,1,0,0,,"S/D",,"SANTA FE","La Capital","Asfalto","No existe","I","S/D","S/D","Ninguna","No existe","Intersección","Bueno","Buena","Diurna","Buen Tiempo","S/D","S/D","Colisión","Ninguna","Faltante","S/D","Sin restricción"
2016,749,2/19/2016,"Viernes",0,9:00:00,,"0.0",2,"Moto/Ciclomotor,Automóvil","3 de Febrero Y San Lorenzo",2,1,0,0,1,0,0,,"Avenida",,"SANTA FE","La Capital","Asfalto","No existe","I","S/D","Urbana","Ninguna","No existe","Intersección","S/D","Reducida","Diurna","Lluvia","Lateral","S/D","Colisión","Agua","Faltante","Ninguna","Sin restricción"
2016,750,2/20/2016,"Sabado",0,,,"0.0",2,"Moto/Ciclomotor,Automóvil","Corrientes Y San Jose",2,0,1,0,1,0,0,,"S/D",,"SANTA FE","La Capital","Asfalto","No existe","I","S/D","S/D","Ninguna","No existe","Recta","Con baches","Buena","S/D","Buen Tiempo","Otro","S/D","Colisión","Ninguna","Faltante","Ninguna","Sin restricción"
2016,751,2/4/2016,"Jueves",0,16:00:00,,"0.0",2,"Bicicleta,Automóvil","Calchines Y Alvear",2,1,0,0,1,0,0,,"Calle",,"SANTA FE","La Capital","Asfalto","No existe","I","Dentro","Urbana","Ninguna","No existe","Intersección","Bueno","Buena","Diurna","Buen Tiempo","S/D","S/D","Atropello","Ninguna","S/D","Ninguna","Sin restricción"
2016,752,2/2/2016,"Martes",0,20:40:00,,"0.0",2,"Automóvil,Moto/Ciclomotor","Santa Fe Y Vera Mujica",2,1,0,0,1,0,0,,"Calle",,"ROSARIO","Rosario","Asfalto","No existe","II","Dentro","Urbana","Semáforo","Funciona","Recta","Bueno","Buena","Nocturna","Buen Tiempo","S/D","S/D","Colisión","S/D","Vertical","Ninguna","Sin restricción"
2016,753,2/4/2016,"Jueves",0,9:55:00,,"0.0",2,"Automóvil,Automóvil","Av. Ovidio Lagos Y Santa Fe",2,1,0,0,1,0,0,,"Calle",,"ROSARIO","Rosario","Asfalto","No existe","II","Dentro","Urbana","Semáforo","Funciona","Recta","Bueno","Buena","Diurna","Buen Tiempo","S/D","S/D","Colisión","Ninguna","Horizontal","Ninguna","Sin restricción"
2016,755,2/9/2016,"Martes",0,6:30:00,,"0.0",2,"Moto/Ciclomotor,Automóvil","Callao Y Jujuy",2,1,0,0,1,0,0,,"Calle",,"ROSARIO","Rosario","Hormigón","No existe","II","Dentro","Urbana","Semáforo","Funciona","Recta","S/D","Buena","Amanecer","Buen Tiempo","S/D","S/D","Colisión","S/D","Vertical","Ninguna","Sin restricción"
2016,756,2/6/2016,"Sabado",0,13:40:00,,"0.0",2,"Pickup/Utilitario,Moto/Ciclomotor","Pavlov Y Washington",2,1,0,0,1,0,0,,"Calle",,"ROSARIO","Rosario","Asfalto","No existe","II","Dentro","Urbana","Ninguna","No existe","Intersección","Bueno","Buena","Diurna","Buen Tiempo","Frontal","S/D","Colisión","Ninguna","Faltante","Ninguna","Sin restricción"
2016,757,2/9/2016,"Martes",0,14:20:00,,"0.0",2,"Automóvil,Moto/Ciclomotor","Esquivel Y F.Netri",3,0,2,0,1,0,0,,"Calle",,"ROSARIO","Rosario","Asfalto","No existe","II","Dentro","Urbana","Ninguna","No existe","Recta","Otro","Buena","Diurna","Buen Tiempo","Frontal","S/D","Colisión","Ninguna","Faltante","Ninguna","Sin restricción"
2016,758,2/10/2016,"Miercoles",0,9:30:00,,"0.0",2,"Moto/Ciclomotor,Automóvil","Rodriguez Y Brown",2,1,0,0,1,0,0,,"Calle",,"ROSARIO","Rosario","Asfalto","No existe","II","Dentro","Urbana","Ninguna","No existe","Recta","S/D","Buena","Diurna","Buen Tiempo","S/D","S/D","Colisión","S/D","Faltante","Ninguna","Sin restricción"
2016,759,2/24/2016,"Miercoles",0,10:30:00,,"0.0",2,"Moto/Ciclomotor,Moto/Ciclomotor","Bv. Rondeau Y Gurruchaga",2,1,0,0,1,0,0,,"Calle",,"ROSARIO","Rosario","Asfalto","No existe","II","Dentro","Urbana","Semáforo","Funciona","Intersección","Bueno","Buena","Diurna","Buen Tiempo","Frontal","S/D","Colisión","Ninguna","Vertical","Ninguna","Sin restricción"
2016,760,2/12/2016,"Viernes",0,14:30:00,,"0.0",2,"Automóvil,Automóvil","San Nicolas Y San Lorenzo",3,1,0,0,2,0,0,,"Calle",,"ROSARIO","Rosario","Asfalto","No existe","II","Dentro","Urbana","Ninguna","No existe","Recta","S/D","Buena","Diurna","Buen Tiempo","S/D","S/D","Colisión","S/D","Faltante","Ninguna","Sin restricción"
2016,761,2/13/2016,"Sabado",0,13:00:00,,"0.0",2,"Automóvil,Moto/Ciclomotor","San Lorenzo Y Crespo",3,2,0,0,1,0,0,,"Calle",,"ROSARIO","Rosario","Asfalto","No existe","II","Dentro","Urbana","Ninguna","No existe","Intersección","Bueno","Buena","Diurna","Buen Tiempo","S/D","S/D","Colisión","S/D","Vertical","S/D","Sin restricción"
2016,762,2/15/2016,"Lunes",0,2:15:00,,"0.0",2,"Moto/Ciclomotor,Automóvil","Alberdi Y Almafuerte",3,2,0,0,1,0,0,,"Calle",,"ROSARIO","Rosario","Asfalto","S/D","II","S/D","Urbana","Semáforo","S/D","Recta","Bueno","S/D","Diurna","Buen Tiempo","Lateral","S/D","Colisión","S/D","Horizontal","Barrera de hormigón","Sin restricción"
2016,763,2/9/2016,"Martes",0,10:50:00,,"0.0",2,"Bicicleta,Automóvil","Av. Frondizi A 1100",2,1,0,0,1,0,0,,"Calle",,"ROSARIO","Rosario","Asfalto","Pavimento","II","S/D","Urbana","Semáforo","No existe","Recta","Bueno","Buena","Diurna","Buen Tiempo","Frontal","S/D","Atropello","S/D","Horizontal","Barrera de hormigón","Sin restricción"
2016,764,2/15/2016,"Lunes",0,9:15:00,,"0.0",2,"Pickup/Utilitario,Automóvil","San Lorenzo Y Alsina",2,1,0,0,1,0,0,,"Calle",,"ROSARIO","Rosario","Asfalto","No existe","II","Dentro","Urbana","Ninguna","No existe","Recta","Bueno","Buena","Diurna","Buen Tiempo","S/D","S/D","Colisión","S/D","Faltante","Ninguna","Sin restricción"
2016,765,2/20/2016,"Sabado",0,8:20:00,,"0.0",1,"Automóvil"," ",1,1,0,0,0,0,0,,"S/D",,"SAN JERÓNIMO SUR","San Lorenzo","Asfalto","No existe","XVII","S/D","S/D","S/D","S/D","Curva","Bueno","Buena","Diurna","Buen Tiempo","S/D","S/D","Vuelco","S/D","S/D","Línea divisoria pintada","S/D"
2016,766,2/20/2016,"Sabado",0,15:45:00,,"0.0",2,"Automóvil,Pickup/Utilitario","San Nicolas Y San Lorenzo",3,2,0,0,1,0,0,,"Calle",,"ROSARIO","Rosario","Asfalto","No existe","II","Dentro","Urbana","Ninguna","No existe","Recta","S/D","Buena","Diurna","Buen Tiempo","S/D","S/D","Colisión","S/D","Faltante","Ninguna","Sin restricción"
2016,767,2/4/2016,"Jueves",0,10:00:00,,"0.0",2,"Automóvil,Otros","Av San Martin Y Bv Oroño",4,0,0,0,2,0,2,,"Avenida",,"SAN LORENZO","San Lorenzo","S/D","S/D","XVII","S/D","S/D","S/D","S/D","Intersección","S/D","S/D","Diurna","S/D","De alcance","S/D","Colisión","S/D","S/D","S/D","S/D"
2016,768,2/21/2016,"Domingo",0,19:30:00,,"0.0",2,"Moto/Ciclomotor,Automóvil","Tucuman Y Santiago",2,1,0,0,1,0,0,,"Calle",,"ROSARIO","Rosario","Hormigón","No existe","II","Dentro","Urbana","Ninguna","No existe","Recta","S/D","Buena","Atardecer","Buen Tiempo","S/D","S/D","Colisión","S/D","Faltante","Ninguna","Sin restricción"
2016,769,2/26/2016,"Viernes",0,1:30:00,,"0.0",2,"Taxi/Remis,Moto/Ciclomotor","Vera Mujica Y Urquiza",2,1,0,0,1,0,0,,"Calle",,"ROSARIO","Rosario","Asfalto","No existe","II","Dentro","Urbana","Semáforo","Funciona","Recta","S/D","Buena","Nocturna","Buen Tiempo","S/D","S/D","Colisión","S/D","Vertical","Ninguna","Sin restricción"
2016,770,2/28/2016,"Domingo",0,17:20:00,,"0.0",2,"Transporte de Pasajeros Urbano (> 8 asientos),Automóvil","San Nicolas Y San Lorenzo",2,1,0,0,1,0,0,,"Calle",,"ROSARIO","Rosario","S/D","No existe","II","Dentro","Urbana","Ninguna","No existe","Recta","Bueno","Buena","Diurna","Buen Tiempo","S/D","S/D","Colisión","S/D","Faltante","Ninguna","Sin restricción"
2016,771,2/14/2016,"Domingo",0,6:30:00,,"0.0",2,"Moto/Ciclomotor,Automóvil","Cordoba Y Falucho",2,1,0,0,1,0,0,,"Calle",,"PUERTO SAN MARTÍN","San Lorenzo","Asfalto","No existe","XVII","Dentro","Urbana","Ninguna","No existe","Intersección","Bueno","Buena","Diurna","Buen Tiempo","Lateral","S/D","Colisión","S/D","Horizontal","Ninguna","Sin restricción"
2016,772,2/14/2016,"Domingo",0,22:30:00,"Ruta Nacional 11","0.0",2,"Moto/Ciclomotor,Camión","Cordoba ",4,1,0,0,3,0,0,,"Ruta",11,"PUERTO SAN MARTÍN","San Lorenzo","Asfalto","Natural","XVII","Dentro","Urbana","Ninguna","No existe","Intersección","Bueno","Buena","Nocturna","Buen Tiempo","De alcance","S/D","Colisión","S/D","Horizontal","Ninguna","Sin restricción"
2016,773,2/20/2016,"Sabado",0,17:40:00,,"0.0",2,"Moto/Ciclomotor,Camión","Dorrego 343",2,1,0,0,1,0,0,,"Calle",,"FRAY LUIS BELTRÁN","San Lorenzo","Hormigón","No existe","XVII","Dentro","Urbana","Ninguna","S/D","Intersección","Bueno","Buena","Diurna","Buen Tiempo","Frontal","S/D","Colisión","S/D","Faltante","Ninguna","Sin restricción"
2016,774,2/13/2016,"Sabado",0,21:30:00,"Ruta Nacional 11","0.0",2,"Moto/Ciclomotor,Automóvil"," ",2,1,0,0,1,0,0,,"Ruta",11,"FRAY LUIS BELTRÁN","San Lorenzo","Asfalto","Ripio","XVII","Dentro","Urbana","Ninguna","No existe","Recta","Bueno","Buena","Nocturna,Con luz artificial","Buen Tiempo","Frontal","S/D","Colisión","S/D","Faltante","Ninguna","Sin restricción"
2016,775,2/23/2016,"Martes",0,19:00:00,"Ruta Nacional 11","0.0",2,"Automóvil,Moto/Ciclomotor"," ",2,1,0,0,1,0,0,,"Ruta",11,"FRAY LUIS BELTRÁN","San Lorenzo","Asfalto","Natural","XVII","Dentro","Urbana","Ninguna","No existe","Recta","Bueno","Buena","Diurna","Buen Tiempo","Lateral","S/D","Colisión","S/D","Faltante","Ninguna","Sin restricción"
2016,776,2/1/2016,"Lunes",0,10:50:00,"Ruta Nacional 11","0.0",2,"Moto/Ciclomotor,Automóvil","Avenida Nuestra Señora del Luj Y Avenida Ejercito Argentino",2,1,0,0,1,0,0,,"Ruta",11,"SANTO TOMÉ","La Capital","Asfalto","No existe","I","Dentro","Urbana","Semáforo","Funciona","Intersección","Bueno","Buena","Diurna","Buen Tiempo","Lateral","S/D","Colisión","S/D","Faltante","Ninguna","Sin restricción"
2016,777,2/4/2016,"Jueves",0,14:35:00,,"0.0",2,"Moto/Ciclomotor,Automóvil","Paula Albarracin de Sarmiento Y Mariano Moreno",2,1,0,0,1,0,0,,"Calle",,"SANTO TOMÉ","La Capital","Asfalto","No existe","I","Dentro","Urbana","Ninguna","No existe","Intersección","Bueno","Buena","Diurna","Buen Tiempo","De alcance","S/D","Colisión","S/D","Faltante","Ninguna","Sin restricción"
2016,778,2/24/2016,"Miercoles",0,11:30:00,,"0.0",2,"Automóvil,Peatón","Bv Estanislao Lopez Y Almte Brown",2,1,0,0,1,0,0,,"Calle",,"ROLDÁN","San Lorenzo","Hormigón","No existe","XVII","Dentro","Urbana","Ninguna","No existe","Intersección","Bueno","Buena","Diurna","Buen Tiempo","S/D","S/D","Atropello","S/D","Vertical","Ninguna","Sin restricción"
2016,779,2/26/2016,"Viernes",0,20:35:00,"Ruta Nacional A012","35.0",3,"Camión,Automóvil,Moto/Ciclomotor"," ",3,0,1,0,1,1,0,"-32.973911, -60.908977","Ruta","A012","ROLDÁN","San Lorenzo","Asfalto","Natural","XVII","Dentro","Urbana","Ninguna","No existe","Recta","Bueno","Reducida","Nocturna","Buen Tiempo","Múltiple","S/D","Colisión","S/D","Vertical","Ninguna","Sin restricción"
2016,780,2/20/2016,"Sabado",0,20:30:00,,"0.0",2,"Moto/Ciclomotor,Moto/Ciclomotor","Reconquista Y Sarmiento",2,2,0,0,0,0,0,,"Calle",,"PUERTO SAN MARTÍN","San Lorenzo","Asfalto","No existe","XVII","Dentro","Urbana","Ninguna","No existe","Intersección","Bueno","Buena","Atardecer","Buen Tiempo","Lateral","S/D","Colisión","S/D","Horizontal","Ninguna","Sin restricción"
2016,781,2/18/2016,"Jueves",0,18:45:00,,"0.0",2,"Moto/Ciclomotor,Moto/Ciclomotor","Cordoba Y Junin",3,3,0,0,0,0,0,,"Calle",,"PUERTO SAN MARTÍN","San Lorenzo","Asfalto","No existe","XVII","Dentro","Urbana","Ninguna","No existe","Intersección","Bueno","Buena","Diurna","Buen Tiempo","Lateral","S/D","Colisión","S/D","Horizontal","Ninguna","Sin restricción"
2016,782,2/14/2016,"Domingo",0,20:00:00,"Ruta Nacional 11","0.0",2,"Moto/Ciclomotor,Automóvil","La Paz ",3,2,0,0,1,0,0,,"Ruta",11,"PUERTO SAN MARTÍN","San Lorenzo","Asfalto","Natural","XVII","Dentro","Urbana","Ninguna","No existe","Intersección","Ahuellamiento","Buena","Atardecer","Buen Tiempo","De alcance","S/D","Colisión","S/D","Horizontal","Ninguna","Sin restricción"
2016,783,2/6/2016,"Sabado",0,22:00:00,,"0.0",2,"Moto/Ciclomotor,Automóvil","Cordoba 1700",3,1,0,0,2,0,0,,"Calle",,"PUERTO SAN MARTÍN","San Lorenzo","Asfalto","No existe","XVII","Dentro","Urbana","Ninguna","No existe","Recta","Bueno","Buena","Nocturna","Buen Tiempo","Frontal","S/D","Colisión","S/D","Horizontal","Ninguna","Sin restricción"
2016,784,2/4/2016,"Jueves",0,18:40:00,,"0.0",2,"Automóvil,Moto/Ciclomotor","Dalmacio Velez Sarfield Y Av 7 de marzo",3,1,0,0,2,0,0,,"Calle",,"SANTO TOMÉ","La Capital","Asfalto","No existe","I","Dentro","Urbana","Ninguna","No existe","Intersección","Bueno","Buena","Diurna","Buen Tiempo","De alcance","S/D","Colisión","S/D","Faltante","Ninguna","Sin restricción"
2016,785,2/10/2016,"Miercoles",0,20:30:00,"Ruta Nacional 19","0.0",2,"Moto/Ciclomotor,Automóvil","Buenos Aires ",2,1,0,0,1,0,0,,"Ruta",19,"SANTO TOMÉ","La Capital","Asfalto","Pavimento","I","Dentro","Urbana","Semáforo","Funciona","Intersección","Bueno","Buena","Nocturna","Viento Fuerte","Lateral","S/D","Colisión","Agua","Faltante","Ninguna","Sin restricción"
2016,786,2/11/2016,"Jueves",0,16:35:00,,"0.0",2,"Automóvil,Moto/Ciclomotor","25 de Mayo Y Sargento Cabral",2,1,0,0,1,0,0,,"Calle",,"SANTA FE","La Capital","Asfalto","No existe","I","Dentro","Urbana","Ninguna","No existe","Intersección","Bueno","Reducida p/ objetos","Diurna","Buen Tiempo","De alcance","S/D","Colisión","Fluidos","Faltante","Ninguna","Sin restricción"
2016,787,2/7/2016,"Domingo",0,5:15:00,,"0.0",2,"Taxi/Remis,Tren","Genaro Roldan ",5,1,0,0,4,0,0,,"S/D",,"SAN LORENZO","San Lorenzo","S/D","S/D","XVII","S/D","S/D","S/D","S/D","Paso a Nivel FFCC","S/D","S/D","Amanecer","S/D","S/D","S/D","Colisión","S/D","S/D","S/D","S/D"
2016,788,2/7/2016,"Domingo",0,0:00:00,,"0.0",2,"Automóvil,Peatón","Avenida Alberdi ",2,0,1,0,1,0,0,,"Calle",,"ROLDÁN","San Lorenzo","Hormigón","No existe","XVII","Dentro","Urbana","Ninguna","No existe","Recta","Bueno","Reducida","Nocturna","Buen Tiempo","S/D","S/D","Atropello","Ninguna","Faltante","Ninguna","S/D"
2016,789,2/16/2016,"Martes",0,16:45:00,,"0.0",2,"Pickup/Utilitario,Moto/Ciclomotor","Pres Domingo Faustino Sarmient 2800",2,1,0,0,1,0,0,,"Calle",,"SANTO TOMÉ","La Capital","Asfalto","No existe","I","Dentro","Urbana","Semáforo","Funciona","Recta","Deteriorada","Reducida polvo","Diurna","Buen Tiempo","Lateral","S/D","Colisión","S/D","Faltante","Ninguna","Sin restricción"
2016,790,2/19/2016,"Viernes",0,7:35:00,,"0.0",2,"Transporte de Pasajeros Urbano (> 8 asientos),Pickup/Utilitario","Jose De San Martin Y Libertad",5,2,0,0,3,0,0,,"Calle",,"SANTO TOMÉ","La Capital","Asfalto","No existe","I","Dentro","Urbana","Ninguna","No existe","Intersección","Bueno","Buena","Diurna","Viento Fuerte","Lateral","S/D","Colisión","S/D","Faltante","Línea divisoria pintada","Sin restricción"
2016,791,2/10/2016,"Miercoles",0,19:30:00,,"0.0",2,"Moto/Ciclomotor,Bicicleta","Rivadavia Y Bv San Martin",2,1,0,0,1,0,0,,"Calle",,"ROLDÁN","San Lorenzo","Hormigón","No existe","XVII","Dentro","Urbana","Ninguna","No existe","Intersección","Bueno","Buena","Atardecer","Buen Tiempo","S/D","S/D","Atropello","S/D","Faltante","Ninguna","Sin restricción"
2016,792,2/12/2016,"Viernes",0,12:10:00,"Ruta Nacional A012","46.0",2,"Camión,Camión"," ",2,1,1,0,0,0,0,,"Ruta","A012","ROLDÁN","San Lorenzo","Asfalto","Natural","XVII","Dentro","Rural","Ninguna","No existe","Recta","Bueno","Buena","Diurna","Buen Tiempo","Lateral","S/D","Colisión","S/D","Faltante","Ninguna","Sin restricción"
2016,793,2/22/2016,"Lunes",0,21:20:00,,"0.0",2,"Automóvil,Automóvil","Av 7 de marzo Y Mariano Candioti",7,5,0,0,2,0,0,,"Calle",,"SANTO TOMÉ","La Capital","Asfalto","No existe","I","Dentro","Urbana","Policía de tránsito","No existe","Intersección","Bueno","Buena","Nocturna,Con luz artificial","Viento Fuerte","De alcance","S/D","Colisión","S/D","Faltante","Ninguna","Sin restricción"
2016,794,2/5/2016,"Viernes",0,15:00:00,,"0.0",2,"Automóvil,Moto/Ciclomotor","Larrea Y Avenida Alberdi",2,1,0,0,1,0,0,,"Calle",,"ROLDÁN","San Lorenzo","Hormigón","No existe","XVII","Dentro","Urbana","Ninguna","No existe","Intersección","Bueno","Buena","Diurna","Buen Tiempo","Lateral","S/D","Colisión","S/D","Faltante","Ninguna","Sin restricción"
2016,795,2/24/2016,"Miercoles",0,9:50:00,,"0.0",2,"Bicicleta,Otros","Sebastian Gaboto Y Cordoba",2,1,0,0,1,0,0,,"Calle",,"SANTA FE","La Capital","Asfalto","No existe","I","Dentro","Urbana","Ninguna","No existe","Intersección","Deteriorada","Buena","Diurna","Buen Tiempo","Frontal","S/D","Atropello","S/D","Faltante","Ninguna","Sin restricción"
2016,796,2/1/2016,"Lunes",0,23:50:00,,"0.0",2,"Moto/Ciclomotor,Automóvil","Gdor Candioti Y Ayacucho",2,1,0,0,1,0,0,,"Calle",,"SANTA FE","La Capital","Asfalto","S/D","I","Dentro","Urbana","S/D","S/D","Intersección","Bueno","Buena","Nocturna,Con luz artificial","S/D","S/D","S/D","Colisión","S/D","S/D","S/D","S/D"
2016,797,2/27/2016,"Sabado",0,14:30:00,,"0.0",2,"Moto/Ciclomotor,Moto/Ciclomotor","Av A del Valle Y Reg 12 de Infanteria",2,1,0,0,1,0,0,,"Calle",,"SANTA FE","La Capital","Asfalto","S/D","I","Dentro","Urbana","S/D","S/D","Intersección","Bueno","Buena","Diurna","S/D","S/D","S/D","Colisión","S/D","S/D","S/D","S/D"
2016,798,2/24/2016,"Miercoles",0,14:05:00,,"0.0",2,"Automóvil,Moto/Ciclomotor","Belgrano Y Av Galicia",2,2,0,0,0,0,0,,"Calle",,"SANTA FE","La Capital","Asfalto","S/D","I","Dentro","Urbana","S/D","S/D","Intersección","Bueno","Buena","Diurna","S/D","Frontal","S/D","Colisión","S/D","S/D","S/D","S/D"
2016,799,2/20/2016,"Sabado",0,21:45:00,,"0.0",2,"Moto/Ciclomotor,Automóvil","Reg 12 de Infanteria Y Alberdi",3,2,0,0,1,0,0,,"Calle",,"SANTA FE","La Capital","Asfalto","S/D","I","Dentro","Urbana","S/D","S/D","Intersección","Bueno","Buena","Nocturna,Con luz artificial","S/D","Lateral","S/D","Colisión","S/D","S/D","S/D","S/D"
2016,800,2/5/2016,"Viernes",0,14:55:00,"Autopista Nacional Rosario -Cordoba","320.0",1,"Automóvil"," ",2,1,1,0,0,0,0,,"Autopista","Rosario -Cordoba","ROLDÁN","San Lorenzo","Asfalto","Natural","XVII","Dentro","Rural","Ninguna","No existe","Recta","Bueno","Buena","Diurna","Buen Tiempo","Otro","S/D","Vuelco","S/D","Vertical","Ninguna","Sin restricción"
2016,801,2/17/2016,"Miercoles",0,15:10:00,,"0.0",2,"Automóvil,Automóvil","Hernandarias 448",2,1,0,0,1,0,0,,"Calle",,"SANTA FE","La Capital","Asfalto","S/D","I","Dentro","Urbana","S/D","S/D","Intersección","Bueno","Buena","Diurna","Buen Tiempo","Contra objeto fijo","S/D","Colisión","S/D","S/D","S/D","S/D"
2016,802,2/29/2016,"Lunes",0,12:45:00,,"0.0",2,"Automóvil,Moto/Ciclomotor","Buenos Aires Y San Luis",2,1,0,0,1,0,0,,"Calle",,"SANTO TOMÉ","La Capital","Asfalto","No existe","I","Dentro","Urbana","Ninguna","No existe","Intersección","Con baches","Reducida polvo","Diurna","Buen Tiempo","De alcance","S/D","Colisión","Agua","Faltante","Ninguna","Sin restricción"
2016,803,2/27/2016,"Sabado",0,21:25:00,,"0.0",2,"Moto/Ciclomotor,Automóvil","Pasaje Juan Mena de Dios Y Libertad",2,1,0,0,1,0,0,,"Calle",,"SANTO TOMÉ","La Capital","Asfalto","No existe","I","Dentro","Urbana","Ninguna","No existe","Intersección","Deteriorada","Buena","Nocturna,Con luz artificial","Buen Tiempo","S/D","S/D","Colisión","Ninguna","Faltante","Ninguna","Sin restricción"
2016,804,2/29/2016,"Lunes",0,8:30:00,,"0.0",2,"Automóvil,Moto/Ciclomotor","Av 7 de marzo Y J Macia",2,1,0,0,1,0,0,,"Avenida",,"SANTO TOMÉ","La Capital","Asfalto","No existe","I","Dentro","Urbana","Semáforo","Funciona","Intersección","Bueno","Buena","Diurna","Buen Tiempo","De alcance","S/D","Colisión","Ninguna","Faltante","Línea divisoria pintada","Sin restricción"
2016,805,2/24/2016,"Miercoles",0,13:00:00,,"0.0",2,"Automóvil,Bicicleta","Cristobal Colon Y Centenario",2,1,0,0,1,0,0,,"Calle",,"SANTO TOMÉ","La Capital","Asfalto","No existe","I","Dentro","Urbana","Ninguna","No existe","Intersección","Deteriorada","Buena","Diurna","Buen Tiempo","Otro","S/D","Atropello","Ninguna","Faltante","Ninguna","Sin restricción"
2016,806,2/17/2016,"Miercoles",0,22:05:00,,"0.0",2,"Automóvil,Moto/Ciclomotor","Av San Martin Y Italia",3,2,0,0,1,0,0,,"Calle",,"SAN LORENZO","San Lorenzo","Asfalto","S/D","XVII","Dentro","Urbana","S/D","S/D","Intersección","S/D","Buena","S/D","S/D","S/D","S/D","Colisión","S/D","S/D","S/D","S/D"
2016,807,2/17/2016,"Miercoles",0,18:30:00,,"0.0",2,"Automóvil,Peatón","Bv B Mitre Y Clemente Albelo",2,1,0,0,1,0,0,,"Calle",,"SAN LORENZO","San Lorenzo","Tierra","S/D","XVII","Dentro","Urbana","S/D","S/D","Intersección","S/D","S/D","Diurna","S/D","S/D","S/D","Atropello","S/D","S/D","S/D","S/D"
2016,808,2/4/2016,"Jueves",0,18:30:00,,"0.0",3,"Moto/Ciclomotor,Automóvil,Camión","Estanislao Zeballos 4150",3,0,1,0,2,0,0,,"Calle",,"SANTA FE","La Capital","Hormigón","Pavimento","I","Dentro","Urbana","Ninguna","No existe","Recta","Bueno","Buena","Diurna","Buen Tiempo","Lateral","S/D","Colisión","S/D","Vertical","Ninguna","Sin restricción"
2016,809,2/7/2016,"Domingo",0,2:30:00,,"0.0",2,"Peatón,Moto/Ciclomotor","Av Blas Parera Y French",2,1,0,0,1,0,0,,"Avenida",,"SANTA FE","La Capital","Hormigón","Pavimento","I","Dentro","Urbana","Semáforo","Funciona","Intersección","Bueno","Buena","Nocturna,Con luz artificial","Buen Tiempo","S/D","S/D","Atropello","S/D","Horizontal","Cordón divisorio","Sin restricción"
2016,810,2/10/2016,"Miercoles",0,16:10:00,,"0.0",2,"Automóvil,Pickup/Utilitario","Estrada Y Espora",3,1,0,0,2,0,0,,"Calle",,"SANTA FE","La Capital","S/D","Pavimento","I","Dentro","Urbana","Ninguna","No existe","Intersección","Deteriorada","Buena","Diurna","Buen Tiempo","Lateral","S/D","Colisión","Material Suelto","Vertical","Ninguna","Sin restricción"
2016,811,2/25/2016,"Jueves",0,12:00:00,,"0.0",2,"Pickup/Utilitario,Bicicleta","Av San Martin Y Eva Peron",2,1,0,0,1,0,0,,"Calle",,"SAN LORENZO","San Lorenzo","Asfalto","S/D","XVII","Dentro","Urbana","S/D","S/D","Intersección","Bueno","S/D","Diurna","S/D","S/D","S/D","Atropello","S/D","S/D","S/D","S/D"
2016,812,2/25/2016,"Jueves",0,21:20:00,,"0.0",2,"Bicicleta,Pickup/Utilitario","Dorrego Y Cayetano Silva",2,1,0,0,1,0,0,,"Calle",,"SAN LORENZO","San Lorenzo","Asfalto","S/D","XVII","Dentro","Urbana","S/D","S/D","Intersección","Bueno","S/D","Nocturna","S/D","S/D","S/D","Atropello","S/D","S/D","S/D","S/D"
2016,813,2/5/2016,"Viernes",0,13:30:00,,"0.0",1,"Moto/Ciclomotor","Salta Y Juan Bautista Alberdi",1,1,0,0,0,0,0,,"Calle",,"SANTO TOMÉ","La Capital","Asfalto","No existe","I","Dentro","Urbana","Ninguna","No existe","Intersección","Bueno","Buena","Diurna","Buen Tiempo","S/D","S/D","Caída ocupante","S/D","Faltante","Ninguna","Sin restricción"