"anio_acci","nro_acci","fecha","desc_dia","fecha_aprox","hora_aprox","desc_ruta","km","cant_participantes","desc_participante","calle_avenida_km","total","heridos_leves","heridos_graves","heridos_gravisimos","ilesos","fallecidos","sin_datos","posicion_XY","desc_tipo_via","desc_ruta_ori","desc_loc","desc_dpto","desc_tipo_calzada","desc_tipo_banquina","desc_unidad_regional","desc_lugar_calzada","desc_zona","desc_prioridad","desc_estado_semaforo","desc_lugar_via","desc_estado_via","desc_estado_visibilidad","desc_luminosidad","desc_estado_clima","desc_tipo_colision","desc_tipo_atropello","desc_tipo_hecho","desc_pres_calzada","desc_senializacion","desc_separacion_via","desc_restriccion"
2016,814,2/11/2016,"Jueves",0,5:15:00,,"0.0",2,"Moto/Ciclomotor,Pickup/Utilitario","Av Peñaloza Y Estanislao Zeballos",2,1,0,0,1,0,0,,"Avenida",,"SANTA FE","La Capital","Hormigón","Pavimento","I","Dentro","Urbana","Semáforo","Funciona","Intersección","Bueno","Buena","Nocturna","Buen Tiempo","Lateral","S/D","Colisión","S/D","Horizontal,Vertical","Cordón divisorio","Sin restricción"
2016,815,2/24/2016,"Miercoles",0,23:00:00,,"0.0",2,"Moto/Ciclomotor,Automóvil","Av A del Valle Y Alberti",2,1,0,0,1,0,0,,"Calle",,"SANTA FE","La Capital","Asfalto","No existe","I","Dentro","Urbana","Ninguna","No existe","Intersección","Bueno","Buena","Nocturna,Con luz artificial","Buen Tiempo","Lateral","S/D","Colisión","S/D","Vertical","Ninguna","Sin restricción"
2016,816,2/11/2016,"Jueves",0,8:30:00,,"0.0",2,"Bicicleta,Automóvil","Av Peñaloza Y J Castelli",2,1,0,0,1,0,0,,"Avenida",,"SANTA FE","La Capital","Hormigón","Pavimento","I","Dentro","Urbana","Semáforo","Funciona","Intersección","Bueno","Buena","Diurna","Buen Tiempo","S/D","S/D","Atropello","S/D","Vertical","Cordón divisorio","Sin restricción"
2016,817,2/25/2016,"Jueves",0,22:00:00,,"0.0",2,"Moto/Ciclomotor,Otros","Regis Martinez Y Av Peñaloza",2,1,0,0,1,0,0,,"Calle",,"SANTA FE","La Capital","Asfalto","No existe","I","Dentro","Urbana","Ninguna","S/D","Intersección","Bueno","Buena","Nocturna","Buen Tiempo","Lateral","S/D","Colisión","S/D","Vertical","Ninguna","Sin restricción"
2016,818,2/19/2016,"Viernes",0,8:15:00,,"0.0",2,"Moto/Ciclomotor,Automóvil","Av Facundo Zuviria Y Derqui",2,1,0,0,1,0,0,,"Calle",,"SANTA FE","La Capital","Asfalto","No existe","I","Dentro","Urbana","Semáforo","Funciona","Intersección","S/D","Buena","Diurna","Lluvia","Lateral","S/D","Colisión","Agua","Vertical","Barrera de hormigón","Sin restricción"
2016,819,2/10/2016,"Miercoles",0,19:30:00,,"0.0",2,"Moto/Ciclomotor,Automóvil","Estanislao Zeballos Y Dr Zavalla",4,2,0,0,2,0,0,,"Calle",,"SANTA FE","La Capital","Asfalto","No existe","I","Dentro","Urbana","Ninguna","No existe","Recta","Bueno","Buena","Diurna","Buen Tiempo","Lateral","S/D","Colisión","S/D","Faltante","Ninguna","Sin restricción"
2016,820,2/13/2016,"Sabado",0,13:40:00,,"0.0",2,"Moto/Ciclomotor,Automóvil","Av Peñaloza Y Alberti",2,1,0,0,1,0,0,,"Avenida",,"SANTA FE","La Capital","Hormigón","Pavimento","I","Dentro","Urbana","Ninguna","No existe","Intersección","Bueno","Buena","Diurna","Buen Tiempo","Lateral","S/D","Colisión","S/D","Faltante","Cordón divisorio","Sin restricción"
2016,821,2/6/2016,"Sabado",0,8:00:00,,"0.0",2,"Moto/Ciclomotor,Automóvil","Gdor Mariano Cabal Y Vera Mujica",2,1,0,0,1,0,0,,"Calle",,"SANTA FE","La Capital","Asfalto","Pavimento","I","Dentro","Urbana","Ninguna","No existe","Intersección","Bueno","Buena","Amanecer","Buen Tiempo","Lateral","S/D","Colisión","S/D","Faltante","Ninguna","Sin restricción"
2016,822,2/21/2016,"Domingo",0,6:00:00,"Ruta Nacional 11","501.0",1,"Automóvil"," ",1,1,0,0,0,0,0,,"Ruta",11,"NELSON","La Capital","Asfalto","Natural","I","Dentro","Urbana","Ninguna","No existe","Curva","Bueno","S/D","Amanecer","Lluvia","S/D","S/D","Vuelco","Agua","S/D","Ninguna","Sin restricción"
2016,823,2/13/2016,"Sabado",0,20:30:00,,"0.0",2,"Moto/Ciclomotor,Automóvil","Juan Diaz de Solis Y J P Lopez",2,1,0,0,1,0,0,,"Calle",,"SANTA FE","La Capital","Asfalto","No existe","I","Dentro","Urbana","Ninguna","No existe","Intersección","Deteriorada","Reducida","Nocturna","Buen Tiempo","Lateral","S/D","Colisión","Material Suelto","Faltante","Ninguna","Sin restricción"
2016,824,2/22/2016,"Lunes",0,16:30:00,,"0.0",2,"Moto/Ciclomotor,Automóvil","J Castelli 4340",2,2,0,0,0,0,0,,"Calle",,"SANTA FE","La Capital","Hormigón","Pavimento","I","Dentro","Urbana","Ninguna","No existe","Recta","Bueno","Buena","Diurna","Buen Tiempo","Lateral","S/D","Colisión","S/D","Vertical","Ninguna","Sin restricción"
2016,825,2/17/2016,"Miercoles",0,12:15:00,,"0.0",1,"Transporte de Pasajeros Larga Distancia (> 8 asientos)","Av Blas Parera Y Vieytes",2,1,0,0,1,0,0,,"Avenida",,"SANTA FE","La Capital","Hormigón","Pavimento","I","Dentro","Urbana","Semáforo","Funciona","Intersección","Otro","Reducida","Diurna","Buen Tiempo","S/D","S/D","Caída ocupante","Material Suelto","Horizontal,Vertical","Cordón divisorio","Reparación de Vía"
2016,826,2/26/2016,"Viernes",0,0:30:00,,"0.0",1,"Vehículo Oficial","Hernandarias Y Gdor Servando Bayo",2,1,0,0,1,0,0,,"Calle",,"SANTA FE","La Capital","Asfalto","Natural","I","Dentro","Urbana","S/D","No existe","Intersección","Deteriorada","Reducida","Nocturna","Buen Tiempo","Contra objeto fijo","S/D","Colisión","S/D","Faltante","Ninguna","Sin restricción"
2016,827,2/18/2016,"Jueves",0,1:55:00,,"0.0",2,"Moto/Ciclomotor,Automóvil","Estanislao Zeballos Y Sebastian Gaboto",2,1,0,0,1,0,0,,"Calle",,"SANTA FE","La Capital","Asfalto","Pavimento","I","Dentro","Urbana","Ninguna","No existe","Intersección","Bueno","Buena","Nocturna","Buen Tiempo","Lateral","S/D","Colisión","S/D","Vertical","Ninguna","Sin restricción"
2016,828,2/22/2016,"Lunes",0,11:20:00,,"0.0",2,"Moto/Ciclomotor,Moto/Ciclomotor","Av Blas Parera Y Pje Boedo",2,1,0,0,1,0,0,,"Avenida",,"SANTA FE","La Capital","Hormigón","Pavimento","I","Dentro","Urbana","Ninguna","No existe","Intersección","Resbaladiza","Buena","Diurna","Buen Tiempo","Lateral","S/D","Colisión","Material Suelto","Vertical","Cordón divisorio","Reparación de Vía"
2016,829,2/11/2016,"Jueves",0,23:45:00,,"0.0",2,"Moto/Ciclomotor,Moto/Ciclomotor","Av Santa Fe ",3,3,0,0,0,0,0,,"Avenida",,"NELSON","La Capital","Asfalto","Natural","I","Dentro","Urbana","Ninguna","No existe","Intersección","S/D","S/D","Nocturna","Buen Tiempo","Lateral","S/D","Colisión","Ninguna","S/D","Ninguna","Sin restricción"
2016,830,2/3/2016,"Miercoles",0,21:45:00,,"0.0",2,"Moto/Ciclomotor,Automóvil","Av Peñaloza Y Pedro de Vega",5,4,0,0,1,0,0,,"Avenida",,"SANTA FE","La Capital","Hormigón","Pavimento","I","Dentro","Urbana","S/D","No existe","Intersección","Bueno","Buena","Nocturna","S/D","Lateral","S/D","Colisión","Material Suelto","S/D","S/D","S/D"
2016,831,2/27/2016,"Sabado",0,10:00:00,,"0.0",2,"Automóvil,Moto/Ciclomotor","25 de mayo Y Pasaje Almte Guillermo Brown",2,1,0,0,1,0,0,,"Calle",,"SANTO TOMÉ","La Capital","Asfalto","No existe","I","Dentro","Urbana","Ninguna","No existe","Intersección","Bueno","Buena","Diurna","Buen Tiempo","Lateral","S/D","Colisión","Ninguna","Faltante","Ninguna","Sin restricción"
2016,832,2/27/2016,"Sabado",0,10:20:00,,"0.0",2,"Moto/Ciclomotor,Automóvil","Avenida General Bartolome Mitr 2700",2,1,0,0,1,0,0,,"Avenida",,"SANTO TOMÉ","La Capital","Asfalto","No existe","I","Dentro","Urbana","Ninguna","No existe","Recta","Bueno","Buena","Diurna","Buen Tiempo","Lateral","S/D","Colisión","Ninguna","Faltante","Ninguna","S/D"
2016,833,2/10/2016,"Miercoles",0,16:55:00,,"0.0",2,"Automóvil,Moto/Ciclomotor","Teniente Loza Y Lucio Victor Mansilla",3,1,0,0,2,0,0,,"Calle",,"SANTA FE","La Capital","Asfalto","No existe","I","Dentro","Urbana","Ninguna","No existe","Intersección","Bueno","Buena","Diurna","Buen Tiempo","De alcance","S/D","Colisión","S/D","Faltante","Ninguna","Sin restricción"
2016,834,2/4/2016,"Jueves",0,23:30:00,,"0.0",2,"Moto/Ciclomotor,Moto/Ciclomotor","Fray de Aroca Y Pje Supisiche",4,1,0,0,3,0,0,,"Calle",,"SANTA FE","La Capital","Asfalto","S/D","I","Dentro","Urbana","Ninguna","S/D","Intersección","Bueno","S/D","Nocturna","S/D","De alcance","S/D","Colisión","Material Suelto","Faltante","Ninguna","Sin restricción"
2016,835,2/2/2016,"Martes",0,21:00:00,,"0.0",2,"Peatón,Automóvil","12 de Octubre Y Combatientes de Malvinas",2,2,0,0,0,0,0,,"Calle",,"SANTA FE","La Capital","S/D","No existe","I","Dentro","Urbana","Ninguna","No existe","Intersección","Bueno","Buena","Nocturna","Buen Tiempo","De alcance","S/D","Atropello","S/D","Faltante","Ninguna","Sin restricción"
2016,836,2/11/2016,"Jueves",0,22:20:00,,"0.0",2,"Automóvil,Moto/Ciclomotor","Av A del Valle Y Av Galicia",2,1,0,0,1,0,0,,"Calle",,"SANTA FE","La Capital","Asfalto","S/D","I","Dentro","Urbana","S/D","S/D","Intersección","Bueno","Buena","Nocturna,Con luz artificial","S/D","Lateral","S/D","Colisión","S/D","S/D","S/D","S/D"
2016,837,2/1/2016,"Lunes",0,12:00:00,,"0.0",2,"Bicicleta,Pickup/Utilitario","Av Blas Parera Y Boneo",2,1,0,0,1,0,0,,"Calle",,"SANTA FE","La Capital","Hormigón","Pavimento","I","Dentro","Urbana","Ninguna","No existe","Intersección","Bueno","Buena","Diurna","Buen Tiempo","Lateral","S/D","Atropello","S/D","S/D","Cordón divisorio","Sin restricción"
2016,838,2/9/2016,"Martes",0,22:00:00,,"0.0",2,"Automóvil,Moto/Ciclomotor","Av Galicia Y Belgrano",3,1,0,0,1,0,1,,"Calle",,"SANTA FE","La Capital","Asfalto","S/D","I","Dentro","Urbana","S/D","S/D","Intersección","Bueno","Buena","Nocturna,Con luz artificial","S/D","Lateral","S/D","Colisión","S/D","S/D","S/D","S/D"
2016,839,2/5/2016,"Viernes",0,20:15:00,,"0.0",2,"Automóvil,Moto/Ciclomotor","Espora Y Las Heras",3,1,0,0,2,0,0,,"Calle",,"SANTA FE","La Capital","Asfalto","S/D","I","Dentro","Urbana","S/D","S/D","Intersección","Bueno","Buena","Atardecer","S/D","Lateral","S/D","Colisión","S/D","S/D","S/D","S/D"
2016,840,2/3/2016,"Miercoles",0,13:15:00,,"0.0",3,"Moto/Ciclomotor,Automóvil,Automóvil","Salvador del Carril Y Alvear",3,1,0,0,2,0,0,,"Calle",,"SANTA FE","La Capital","Asfalto","No existe","I","Dentro","Urbana","Ninguna","No existe","Intersección","Bueno","Buena","Diurna","Buen Tiempo","Múltiple","S/D","Colisión","S/D","Vertical","Ninguna","Sin restricción"
2016,841,2/11/2016,"Jueves",0,15:45:00,"Ruta Nacional 11","0.0",2,"Moto/Ciclomotor,Automóvil","Juan de Garay ",2,1,0,0,1,0,0,,"Ruta",11,"RECREO","La Capital","Hormigón","Natural","I","Dentro","Urbana","Ninguna","No existe","Intersección","Bueno","Buena","Diurna","Buen Tiempo","Lateral","S/D","Colisión","Ninguna","Horizontal,Vertical","Cordón divisorio,Línea divisoria pintada","Sin restricción"
2016,842,2/7/2016,"Domingo",0,16:40:00,,"0.0",2,"Moto/Ciclomotor,Automóvil","Av Mitre Y Belgrano",3,2,0,0,1,0,0,,"Avenida",,"RECREO","La Capital","Asfalto","Natural","I","S/D","Urbana","Ninguna","No existe","Intersección","Bueno","Buena","Diurna","Buen Tiempo","De alcance","S/D","Colisión","Ninguna","Vertical","Cordón divisorio","Sin restricción"
2016,843,5/23/2016,"Lunes",0,22:00:00,"Ruta Nacional 11","371.5",2,"Moto/Ciclomotor,Camión"," ",3,1,0,0,1,1,0,"-32.396431, -60.925669","Ruta",11,"MACIEL","San Jerónimo","Asfalto","Natural","XV","Dentro","S/D","Ninguna","No existe","Recta","Bueno","Buena","Nocturna","Buen Tiempo","De alcance","S/D","Colisión","Otro","Faltante","Línea divisoria pintada","Sin restricción"
2016,844,5/28/2016,"Sabado",0,7:30:00,"Autopista Nacional Rosario -Cordoba","32.0",1,"Automóvil"," ",1,0,0,0,0,1,0,"-32.896083, -61.060063","Autopista","Rosario -Cordoba","SAN JERÓNIMO SUR","San Lorenzo","Asfalto","No existe","XVII","Dentro","Rural","S/D","No existe","Otro","Bueno","Buena","Diurna","S/D","S/D","S/D","S/D","S/D","S/D","Vegetación","S/D"
2016,845,2/8/2016,"Lunes",0,18:30:00,,"0.0",2,"Automóvil,Automóvil","Montevideo Y Balcarce",2,1,0,0,1,0,0,,"Calle",,"ROSARIO","Rosario","Asfalto","S/D","II","Dentro","Urbana","S/D","S/D","Intersección","Bueno","Buena","Diurna","Buen Tiempo","Lateral","S/D","Colisión","S/D","S/D","S/D","S/D"
2016,846,2/17/2016,"Miercoles",0,8:05:00,,"0.0",2,"Peatón,Bicicleta","Entre Rios Y Mendoza",2,1,0,0,1,0,0,,"Calle",,"ROSARIO","Rosario","Asfalto","S/D","II","Dentro","Urbana","S/D","Funciona","Intersección","Bueno","Buena","Diurna","Buen Tiempo","S/D","S/D","Atropello","S/D","Horizontal,Vertical","S/D","S/D"
2016,847,2/28/2016,"Domingo",0,23:50:00,"Ruta Provincial 21","0.0",2,"Automóvil,Moto/Ciclomotor","27 DE FEBRERO ",3,1,0,0,2,0,0,,"Ruta",21,"PUEBLO ESTHER","Rosario","Ripio","Ripio","II","Dentro","Urbana","Ninguna","No existe","Recta","Bueno","Buena","Nocturna","Buen Tiempo","S/D","S/D","S/D","S/D","Faltante","Ninguna","Sin restricción"
2016,848,2/27/2016,"Sabado",0,19:30:00,"Ruta Provincial 16","0.0",2,"Automóvil,Moto/Ciclomotor","SEBASTIAN ELCANO ",3,1,0,0,2,0,0,,"Ruta",16,"PUEBLO ESTHER","Rosario","Asfalto","Ripio","II","Dentro","Urbana","Ninguna","No existe","Recta","Bueno","Buena","Atardecer","Buen Tiempo","S/D","S/D","S/D","S/D","Faltante","Ninguna","Sin restricción"
2016,849,2/9/2016,"Martes",0,12:00:00,,"0.0",2,"Camión,Peatón","PARQUE SARMIENTO Y PARQUE NORTE",2,1,0,0,1,0,0,,"Calle",,"PUEBLO ESTHER","Rosario","Ripio","Ripio","II","Dentro","Urbana","Ninguna","No existe","Intersección","Bueno","Buena","Diurna","Buen Tiempo","S/D","S/D","Atropello","S/D","Faltante","Ninguna","Sin restricción"
2016,850,2/15/2016,"Lunes",0,16:45:00,,"0.0",2,"Moto/Ciclomotor,Automóvil","Bv. Oroño Y Av. Ntra.Sra.del Rosario",2,1,0,0,1,0,0,,"Avenida",,"ROSARIO","Rosario","Asfalto","No existe","II","Dentro","Urbana","Semáforo","Funciona","Intersección","Bueno","Buena","Diurna","Buen Tiempo","Lateral","S/D","Colisión","S/D","Vertical","Cordón divisorio","Sin restricción"
2016,851,2/7/2016,"Domingo",0,14:00:00,,"0.0",2,"Automóvil,Moto/Ciclomotor","Av Filipini Y Bv San diego",2,1,0,0,1,0,0,,"Calle",,"VILLA GOBERNADOR GÁLVEZ","Rosario","Asfalto","No existe","II","Dentro","Urbana","Ninguna","Funciona","Recta","Bueno","Buena","Diurna","Buen Tiempo","De alcance","S/D","Colisión","S/D","Vertical","Ninguna","Sin restricción"
2016,852,2/18/2016,"Jueves",0,22:00:00,,"0.0",2,"Moto/Ciclomotor,Automóvil","Santiago Y Sanchez de Bustamante",2,1,0,0,1,0,0,,"Calle",,"ROSARIO","Rosario","Asfalto","No existe","II","S/D","Urbana","Ninguna","No existe","Intersección","Bueno","Buena","Nocturna,Con luz artificial","Buen Tiempo","Lateral","S/D","Colisión","S/D","Faltante","Ninguna","Sin restricción"
2016,853,2/7/2016,"Domingo",0,19:30:00,,"0.0",2,"Moto/Ciclomotor,Peatón","Av Filipini Y Mitre",2,1,0,0,1,0,0,,"Calle",,"VILLA GOBERNADOR GÁLVEZ","Rosario","Asfalto","No existe","II","Dentro","Urbana","Ninguna","Funciona","Recta","Bueno","Buena","Diurna","Buen Tiempo","S/D","S/D","Atropello","S/D","Vertical","Ninguna","Sin restricción"
2016,854,2/1/2016,"Lunes",0,,,"0.0",2,"Bicicleta,Moto/Ciclomotor","Bv. Avellaneda Y Montevideo",2,1,0,0,1,0,0,,"Calle",,"ROSARIO","Rosario","Asfalto","S/D","II","Dentro","Urbana","S/D","S/D","Intersección","S/D","S/D","S/D","S/D","S/D","S/D","Atropello","S/D","S/D","S/D","S/D"
2016,855,2/13/2016,"Sabado",0,0:00:00,,"0.0",2,"Automóvil,Peatón","Tierra del Fuego ",2,0,1,0,1,0,0,,"Calle",,"VILLA GOBERNADOR GÁLVEZ","Rosario","Asfalto","No existe","II","Dentro","Urbana","Ninguna","No existe","Recta","Resbaladiza","Reducida","Nocturna","Buen Tiempo","De alcance","S/D","Atropello","Agua","Faltante","Ninguna","Sin restricción"
2016,856,2/2/2016,"Martes",0,7:45:00,,"0.0",2,"Pickup/Utilitario,Moto/Ciclomotor","Av. Pellegrini Y San Nicolas",3,2,0,0,1,0,0,,"Avenida",,"ROSARIO","Rosario","Asfalto","S/D","II","Dentro","Urbana","S/D","S/D","Intersección","S/D","Buena","Diurna","Buen Tiempo","Lateral","S/D","Colisión","S/D","S/D","S/D","S/D"
2016,857,2/12/2016,"Viernes",0,10:15:00,,"0.0",2,"Peatón,Automóvil","Av. Arijon Y Pueyrredon",2,1,0,0,1,0,0,,"Avenida",,"ROSARIO","Rosario","Asfalto","S/D","II","S/D","Urbana","Semáforo","S/D","Intersección","Bueno","S/D","Diurna","Buen Tiempo","Otro","S/D","Atropello","S/D","Vertical","Línea divisoria pintada","Sin restricción"
2016,858,2/20/2016,"Sabado",0,12:30:00,,"0.0",2,"Moto/Ciclomotor,Moto/Ciclomotor","Calafate Y Bolivar",2,1,0,0,1,0,0,,"Calle",,"VILLA GOBERNADOR GÁLVEZ","Rosario","Asfalto","Pavimento","II","Dentro","Urbana","Ninguna","No existe","Intersección","Bueno","Buena","Diurna","S/D","S/D","S/D","Colisión","S/D","S/D","Ninguna","Sin restricción"
2016,859,1/23/2016,"Sabado",0,12:30:00,,"0.0",2,"Peatón,Automóvil","Juan B Justo 2700",2,1,0,0,1,0,0,,"Calle",,"VILLA GOBERNADOR GÁLVEZ","Rosario","S/D","S/D","II","Dentro","Urbana","Ninguna","S/D","S/D","S/D","S/D","Diurna","S/D","S/D","S/D","Atropello","S/D","S/D","S/D","Sin restricción"
2016,860,2/27/2016,"Sabado",0,,,"0.0",2,"Automóvil,Moto/Ciclomotor","Tucuman Y Av. Corrientes",2,1,0,0,1,0,0,,"Calle",,"ROSARIO","Rosario","S/D","S/D","II","Dentro","Urbana","S/D","S/D","Intersección","S/D","S/D","S/D","S/D","Lateral","S/D","Colisión","S/D","S/D","S/D","S/D"
2016,861,2/29/2016,"Lunes",0,20:40:00,,"0.0",2,"Moto/Ciclomotor,Automóvil","Pje. M.Suarez Y Av. Arijon",3,1,0,0,2,0,0,,"Avenida",,"ROSARIO","Rosario","Asfalto","No existe","II","Dentro","Urbana","Ninguna","No existe","Intersección","Bueno","Buena","Nocturna,Con luz artificial","Buen Tiempo","Lateral","S/D","Colisión","S/D","Vertical","Línea divisoria pintada","Sin restricción"
2016,862,2/28/2016,"Domingo",0,0:00:00,,"0.0",2,"Moto/Ciclomotor,Moto/Ciclomotor","Bv. Avellaneda Y E.Zeballos",2,1,0,0,0,0,1,,"Avenida",,"ROSARIO","Rosario","Asfalto","S/D","II","Dentro","Urbana","S/D","S/D","S/D","S/D","S/D","Nocturna","S/D","S/D","S/D","Colisión","S/D","S/D","S/D","S/D"
2016,863,2/25/2016,"Jueves",0,23:00:00,,"0.0",2,"Automóvil,Moto/Ciclomotor","Catamarca Y Bv. Oroño",2,1,0,0,1,0,0,,"Avenida",,"ROSARIO","Rosario","S/D","S/D","II","Dentro","Urbana","S/D","S/D","Intersección","S/D","Buena","Nocturna","Buen Tiempo","Lateral","S/D","Colisión","S/D","S/D","S/D","S/D"
2016,864,2/26/2016,"Viernes",0,3:45:00,,"0.0",2,"Automóvil,Automóvil","Cordoba Y Av. Francia",3,1,0,0,2,0,0,,"Avenida",,"ROSARIO","Rosario","Asfalto","S/D","II","Dentro","Urbana","S/D","S/D","S/D","S/D","S/D","Nocturna","S/D","S/D","S/D","Colisión","S/D","S/D","S/D","S/D"
2016,865,2/15/2016,"Lunes",0,12:30:00,,"0.0",2,"Automóvil,Peatón","Av. Wheelwright Y Pte.Roca",2,1,0,0,1,0,0,,"Avenida",,"ROSARIO","Rosario","S/D","S/D","II","Dentro","Urbana","S/D","S/D","Intersección","S/D","Buena","Diurna","Buen Tiempo","S/D","S/D","Atropello","S/D","S/D","S/D","S/D"
2016,866,2/18/2016,"Jueves",0,7:40:00,,"0.0",2,"Pickup/Utilitario,Moto/Ciclomotor","Ricchieri Y Rioja",2,1,0,0,1,0,0,,"Calle",,"ROSARIO","Rosario","Asfalto","S/D","II","S/D","Urbana","S/D","S/D","S/D","S/D","S/D","Diurna","S/D","S/D","S/D","Colisión","S/D","S/D","S/D","S/D"
2016,867,2/29/2016,"Lunes",0,20:15:00,,"0.0",2,"Moto/Ciclomotor,Automóvil","Av. Ovidio Lagos Y Amenabar",2,1,0,0,1,0,0,,"Avenida",,"ROSARIO","Rosario","Asfalto","S/D","II","Dentro","Urbana","S/D","S/D","Recta","Bueno","Buena","Nocturna,Con luz artificial","Buen Tiempo","Lateral","S/D","Colisión","S/D","S/D","Cordón divisorio","S/D"
2016,868,2/24/2016,"Miercoles",0,,,"0.0",2,"Otros,Moto/Ciclomotor","Av. Ovidio Lagos Y Rioja",2,1,0,0,0,0,1,,"S/D",,"ROSARIO","Rosario","Asfalto","S/D","II","Dentro","Urbana","S/D","S/D","S/D","S/D","S/D","S/D","S/D","S/D","S/D","Colisión","S/D","S/D","S/D","S/D"
2016,869,2/18/2016,"Jueves",0,18:30:00,,"0.0",2,"Bicicleta,Pickup/Utilitario","Cordoba 4600",2,1,0,0,1,0,0,,"Calle",,"ROSARIO","Rosario","Asfalto","S/D","II","Dentro","Urbana","S/D","S/D","S/D","S/D","S/D","Atardecer","S/D","S/D","S/D","Atropello","S/D","S/D","S/D","S/D"
2016,870,3/10/2016,"Jueves",0,18:10:00,,"0.0",2,"Moto/Ciclomotor,Automóvil","Bv. Oroño ",2,1,0,0,1,0,0,,"Avenida",,"ROSARIO","Rosario","Asfalto","S/D","II","Dentro","Urbana","S/D","S/D","Rotonda","Bueno","Buena","Atardecer","Buen Tiempo","Lateral","S/D","Colisión","S/D","Vertical","S/D","S/D"
2016,871,2/7/2016,"Domingo",0,18:00:00,,"0.0",2,"Moto/Ciclomotor,Automóvil","Santiago Y San Luis",2,1,0,0,1,0,0,,"Calle",,"ROSARIO","Rosario","Asfalto","S/D","II","Dentro","Urbana","S/D","S/D","S/D","S/D","S/D","Atardecer","S/D","S/D","S/D","Colisión","S/D","S/D","S/D","S/D"
2016,872,2/1/2016,"Lunes",0,11:50:00,,"0.0",2,"Moto/Ciclomotor,Pickup/Utilitario","Khantuta Y Paraguay",2,1,0,0,1,0,0,,"Calle",,"ROSARIO","Rosario","Asfalto","No existe","II","Dentro","Urbana","Ninguna","No existe","Recta","Deteriorada","Buena","Diurna","Otro","Otro","S/D","Colisión","Ninguna","Horizontal","Ninguna","Sin restricción"
2016,873,2/1/2016,"Lunes",0,20:20:00,,"0.0",2,"Moto/Ciclomotor,Automóvil","España Y J.M.de Rosas",3,2,0,0,1,0,0,,"Calle",,"ROSARIO","Rosario","Asfalto","No existe","II","Dentro","Urbana","Ninguna","No existe","Intersección","Bueno","Buena","Nocturna","Otro","Otro","S/D","Colisión","Ninguna","Horizontal","Ninguna","Sin restricción"
2016,874,2/4/2016,"Jueves",0,16:00:00,,"0.0",2,"Moto/Ciclomotor,Automóvil","Pte.Roca Y Padre R. Giaccone",3,2,0,0,1,0,0,,"Calle",,"ROSARIO","Rosario","Asfalto","No existe","II","Dentro","Urbana","Otra Señal","No existe","Intersección","Bueno","Buena","Diurna","Otro","Otro","S/D","Colisión","Ninguna","Horizontal","Ninguna","Sin restricción"
2016,875,2/21/2016,"Domingo",0,11:30:00,,"0.0",2,"Transporte de Pasajeros Urbano (> 8 asientos),Automóvil","Sarmiento Y San Luis",2,1,0,0,1,0,0,,"Calle",,"ROSARIO","Rosario","Asfalto","No existe","II","Dentro","Urbana","S/D","S/D","Intersección","Bueno","Buena","Diurna","Buen Tiempo","Lateral","S/D","Colisión","S/D","S/D","Cordón divisorio","Sin restricción"
2016,876,2/5/2016,"Viernes",0,14:20:00,,"0.0",2,"Bicicleta,Transporte de Pasajeros Urbano (> 8 asientos)","San Martin ",2,1,0,0,1,0,0,,"Avenida",,"ROSARIO","Rosario","Asfalto","No existe","II","Dentro","Urbana","Ninguna","Funciona","Intersección","Bueno","Buena","Diurna","Otro","S/D","S/D","Atropello","Ninguna","Vertical","Línea divisoria pintada","Sin restricción"
2016,877,2/22/2016,"Lunes",0,17:50:00,,"0.0",2,"Transporte de Pasajeros Urbano (> 8 asientos),Peatón","Entre Rios Y San Luis",2,1,0,0,1,0,0,,"Calle",,"ROSARIO","Rosario","S/D","S/D","II","Dentro","Urbana","Semáforo","Funciona","Intersección","S/D","Buena","Diurna","Buen Tiempo","S/D","S/D","Atropello","S/D","Vertical","S/D","S/D"
2016,878,2/20/2016,"Sabado",0,7:40:00,,"0.0",2,"Pickup/Utilitario,Moto/Ciclomotor","Montevideo Y Ayacucho",2,1,0,0,1,0,0,,"Calle",,"ROSARIO","Rosario","Asfalto","S/D","II","Dentro","Urbana","S/D","S/D","Intersección","Bueno","Buena","Diurna","S/D","Lateral","S/D","Colisión","S/D","S/D","Cordón divisorio","S/D"
2016,879,2/12/2016,"Viernes",0,17:10:00,,"0.0",2,"Bicicleta,Pickup/Utilitario","9 De Julio 900",2,1,0,0,1,0,0,,"Calle",,"ROSARIO","Rosario","Asfalto","S/D","II","Dentro","Urbana","S/D","S/D","Recta","Bueno","Buena","Diurna","S/D","S/D","S/D","Atropello","S/D","S/D","Cordón divisorio","S/D"
2016,880,2/10/2016,"Miercoles",0,12:10:00,,"0.0",2,"Automóvil,Taxi/Remis","Av. Pellegrini 500",2,1,0,0,1,0,0,,"Calle",,"ROSARIO","Rosario","Asfalto","S/D","II","Dentro","Urbana","Semáforo","Funciona","Recta","Bueno","Buena","Diurna","Buen Tiempo","De alcance","S/D","Colisión","S/D","S/D","Cordón divisorio","Sin restricción"
2016,881,2/8/2016,"Lunes",0,11:30:00,,"0.0",2,"Vehículo Oficial,Automóvil","San Juan Y Buenos Aires",2,1,0,0,1,0,0,,"Calle",,"ROSARIO","Rosario","Asfalto","S/D","II","Dentro","Urbana","S/D","S/D","Intersección","Bueno","Buena","Diurna","S/D","Lateral","S/D","Colisión","S/D","S/D","Cordón divisorio","S/D"