"anio_acci","nro_acci","fecha","desc_dia","fecha_aprox","hora_aprox","desc_ruta","km","cant_participantes","desc_participante","calle_avenida_km","total","heridos_leves","heridos_graves","heridos_gravisimos","ilesos","fallecidos","sin_datos","posicion_XY","desc_tipo_via","desc_ruta_ori","desc_loc","desc_dpto","desc_tipo_calzada","desc_tipo_banquina","desc_unidad_regional","desc_lugar_calzada","desc_zona","desc_prioridad","desc_estado_semaforo","desc_lugar_via","desc_estado_via","desc_estado_visibilidad","desc_luminosidad","desc_estado_clima","desc_tipo_colision","desc_tipo_atropello","desc_tipo_hecho","desc_pres_calzada","desc_senializacion","desc_separacion_via","desc_restriccion"
2016,950,2/12/2016,"Viernes",0,18:00:00,,"0.0",2,"Moto/Ciclomotor,Pickup/Utilitario","Av. Avellaneda B Y Garibaldi",2,1,0,0,1,0,0,,"Calle",,"ROSARIO","Rosario","Asfalto","Pavimento","II","Dentro","Urbana","Semáforo","Funciona","Intersección","Bueno","Buena","Diurna","Buen Tiempo","De alcance","S/D","Colisión","S/D","Vertical","Cordón divisorio","Sin restricción"
2016,951,2/12/2016,"Viernes",0,17:00:00,,"0.0",2,"Automóvil,Automóvil","Av. Ovidio Lagos 6700",4,1,0,0,3,0,0,,"Calle",,"ROSARIO","Rosario","Asfalto","Pavimento","II","Dentro","Urbana","Semáforo","Funciona","Recta","Bueno","Buena","Diurna","Buen Tiempo","Lateral","S/D","Colisión","S/D","Vertical","Cordón divisorio","Sin restricción"
2016,952,2/12/2016,"Viernes",0,8:30:00,,"0.0",2,"Peatón,Pickup/Utilitario","Av. Ntra.Sra.del Rosario 3450",2,1,0,0,1,0,0,,"Calle",,"ROSARIO","Rosario","Asfalto","No existe","II","Dentro","Urbana","Ninguna","No existe","Recta","Bueno","Buena","Diurna","Buen Tiempo","Lateral","S/D","Atropello","S/D","Faltante","Ninguna","Sin restricción"
2016,953,2/13/2016,"Sabado",0,13:20:00,,"0.0",2,"Automóvil,Automóvil"," ",2,1,0,0,1,0,0,,"Calle",,"ROSARIO","Rosario","Asfalto","No existe","II","Dentro","Urbana","Ninguna","No existe","Intersección","Bueno","Buena","Diurna","Buen Tiempo","Lateral","S/D","Colisión","S/D","S/D","S/D","Sin restricción"
2016,954,2/14/2016,"Domingo",0,13:00:00,,"0.0",2,"Bicicleta,Moto/Ciclomotor"," ",3,1,0,0,2,0,0,,"Calle",,"ROSARIO","Rosario","Asfalto","No existe","II","Dentro","Urbana","S/D","No existe","Intersección","Bueno","Buena","Diurna","Buen Tiempo","S/D","S/D","Atropello","S/D","S/D","S/D","S/D"
2016,955,2/20/2016,"Sabado",0,14:00:00,,"0.0",2,"Moto/Ciclomotor,Automóvil","Av. Ovidio Lagos Y Viamonte",3,1,0,0,2,0,0,,"Calle",,"ROSARIO","Rosario","Asfalto","Pavimento","II","Dentro","Urbana","Semáforo","Funciona","Intersección","Bueno","Buena","Diurna","Buen Tiempo","Frontal","S/D","Colisión","S/D","Vertical","Cordón divisorio","Sin restricción"
2016,956,2/20/2016,"Sabado",0,5:45:00,,"0.0",2,"Automóvil,Automóvil","Av. Circunvalacion Y Av. Ovidio Lagos",2,1,0,0,1,0,0,,"Calle",,"ROSARIO","Rosario","Asfalto","Pavimento","II","Dentro","Urbana","Ninguna","No existe","Recta","Bueno","Buena","Nocturna","Buen Tiempo","De alcance","S/D","Colisión","S/D","Faltante","Cordón divisorio","Sin restricción"
2016,957,2/26/2016,"Viernes",0,7:30:00,,"0.0",2,"Moto/Ciclomotor,Pickup/Utilitario","Camino Piamonte Y Mar Chiquita",3,2,0,0,1,0,0,,"Calle",,"ROSARIO","Rosario","Asfalto","Pavimento","II","Dentro","Urbana","Semáforo","Funciona","Recta","Bueno","Buena","Diurna","Buen Tiempo","De alcance","S/D","Colisión","S/D","Vertical","Cordón divisorio","Sin restricción"
2016,958,1/25/2016,"Lunes",0,8:10:00,"Ruta Nacional 9","0.0",2,"Bicicleta,Automóvil","Ruta Nacional 9 Y San Sebastian",2,1,0,0,1,0,0,,"Ruta",9,"FUNES","Rosario","Asfalto","S/D","II","Dentro","Urbana","S/D","S/D","Intersección","Bueno","Buena","Diurna","Buen Tiempo","S/D","S/D","Atropello","S/D","S/D","S/D","S/D"
2016,959,2/19/2016,"Viernes",0,,"Ruta Nacional 9","0.0",2,"Automóvil,Automóvil","Ruta Nacional 9 Y Cochet",4,1,0,0,3,0,0,,"Ruta",9,"FUNES","Rosario","Asfalto","No existe","II","S/D","Urbana","S/D","No existe","Recta","Bueno","Buena","Nocturna","Buen Tiempo","S/D","S/D","Colisión","S/D","Horizontal","Línea divisoria pintada","Sin restricción"
2016,961,3/27/2016,"Domingo",0,7:30:00,,"0.0",2,"Moto/Ciclomotor,Automóvil","Belgrano Y Santiago del Estero",2,1,0,0,1,0,0,,"Calle",,"VILLA CONSTITUCIÓN","Constitución","Asfalto","Pavimento","VI","Dentro","Urbana","S/D","No existe","Intersección","S/D","Buena","Diurna","Buen Tiempo","Lateral","S/D","Colisión","S/D","S/D","Ninguna","Sin restricción"
2016,962,2/25/2016,"Jueves",0,,,"0.0",2,"Moto/Ciclomotor,Transporte de Pasajeros Urbano (> 8 asientos)","Colon Y Cerrito",2,1,0,0,1,0,0,,"Calle",,"ROSARIO","Rosario","Asfalto","No existe","II","Dentro","Urbana","S/D","No existe","Intersección","Bueno","Buena","S/D","Buen Tiempo","Lateral","S/D","Colisión","S/D","S/D","S/D","S/D"
2016,963,2/26/2016,"Viernes",0,7:50:00,,"0.0",2,"Peatón,Automóvil","Buenos Aires Y La Paz",2,1,0,0,1,0,0,,"Calle",,"ROSARIO","Rosario","Asfalto","No existe","II","Dentro","Urbana","Semáforo","Funciona","Intersección","Bueno","Buena","Diurna","Buen Tiempo","S/D","S/D","Atropello","Agua","Horizontal","S/D","S/D"
2016,964,2/4/2016,"Jueves",0,10:40:00,,"0.0",2,"Bicicleta,Automóvil","L.N.Alem Y Cochabamba",2,1,0,0,1,0,0,,"Calle",,"ROSARIO","Rosario","Asfalto","No existe","II","Dentro","Urbana","Señal Pare","No existe","Intersección","Bueno","Buena","Diurna","Buen Tiempo","S/D","S/D","Atropello","S/D","Vertical","Ninguna","Sin restricción"
2016,965,2/20/2016,"Sabado",0,12:30:00,,"0.0",2,"Otros,Moto/Ciclomotor","Av Fuerza Aerea 2700",2,1,0,0,0,0,1,,"Calle",,"FUNES","Rosario","S/D","S/D","II","Dentro","Urbana","S/D","S/D","S/D","S/D","S/D","Diurna","S/D","S/D","S/D","Colisión","S/D","S/D","S/D","S/D"
2016,966,2/21/2016,"Domingo",0,21:15:00,"Ruta Nacional Rosario -Cordoba","306.0",2,"Automóvil,Automóvil"," ",5,1,0,0,4,0,0,,"Ruta","Rosario -Cordoba","FUNES","Rosario","Asfalto","Natural","II","Dentro","Urbana","S/D","No existe","Recta","Bueno","S/D","Nocturna","Buen Tiempo","De alcance","S/D","Colisión","S/D","Horizontal","S/D","Sin restricción"
2016,967,2/25/2016,"Jueves",0,21:40:00,,"0.0",2,"Automóvil,Moto/Ciclomotor","Varela Y Peron",3,1,0,0,2,0,0,,"Calle",,"FUNES","Rosario","S/D","S/D","II","Dentro","Urbana","Ninguna","S/D","S/D","S/D","S/D","Nocturna","Lluvia","Lateral","S/D","Colisión","S/D","S/D","Ninguna","Sin restricción"
2016,968,2/15/2016,"Lunes",0,14:16:00,,"0.0",2,"Automóvil,Automóvil","Av. Ntra.Sra.del Rosario Y Lituania",2,1,0,0,1,0,0,,"Avenida",,"ROSARIO","Rosario","Asfalto","No existe","II","Dentro","Urbana","S/D","No existe","Intersección","Bueno","Buena","Diurna","Buen Tiempo","Lateral","S/D","Colisión","S/D","S/D","S/D","S/D"
2016,969,2/20/2016,"Sabado",0,19:00:00,"Ruta Nacional Rosario -Cordoba","311.0",2,"Automóvil,Otros"," ",2,1,0,0,1,0,0,,"Ruta","Rosario -Cordoba","FUNES","Rosario","Asfalto","Pavimento","II","Dentro","Rural","S/D","S/D","Recta","Bueno","S/D","Diurna","Buen Tiempo","S/D","S/D","Colisión","S/D","S/D","Línea divisoria pintada","Sin restricción"
2016,970,2/21/2016,"Domingo",0,17:30:00,,"0.0",2,"Peatón,Moto/Ciclomotor","Roullon 4000",2,1,0,0,1,0,0,,"Calle",,"ROSARIO","Rosario","S/D","No existe","II","Dentro","Urbana","Ninguna","No existe","Recta","S/D","Buena","Atardecer","S/D","S/D","S/D","Atropello","S/D","Faltante","Ninguna","Sin restricción"
2016,971,2/16/2016,"Martes",0,23:50:00,,"0.0",2,"Moto/Ciclomotor,Automóvil","Bv. Segui Y Camilo Aldao",2,1,0,0,1,0,0,,"Calle",,"ROSARIO","Rosario","S/D","Ripio","II","Dentro","Urbana","Ninguna","No existe","Intersección","S/D","Buena","Nocturna","Buen Tiempo","Lateral","S/D","Colisión","S/D","Faltante","Ninguna","Sin restricción"
2016,972,2/15/2016,"Lunes",0,19:00:00,,"0.0",2,"Moto/Ciclomotor,Automóvil","Tte.Agneta Y Amenabar",2,1,0,0,1,0,0,,"Calle",,"ROSARIO","Rosario","S/D","No existe","II","Dentro","Urbana","Ninguna","No existe","Intersección","S/D","Buena","Atardecer","S/D","Lateral","S/D","Colisión","S/D","Faltante","Ninguna","Sin restricción"
2016,973,2/12/2016,"Viernes",0,10:30:00,,"0.0",2,"Peatón,Moto/Ciclomotor","Godoy Cruz Y Camilo Aldao",2,0,1,0,1,0,0,,"Calle",,"ROSARIO","Rosario","Asfalto","No existe","II","Dentro","Urbana","Ninguna","No existe","Intersección","S/D","Buena","Diurna","Buen Tiempo","Lateral","S/D","Atropello","S/D","Faltante","Ninguna","Sin restricción"
2016,974,2/6/2016,"Sabado",0,11:00:00,"Ruta Nacional A012","0.0",2,"Automóvil,Automóvil"," ",6,4,0,0,2,0,0,,"Ruta","A012","PIÑERO","Rosario","Asfalto","Natural","II","Dentro","Urbana","Señal Pare","No existe","Cruce","Bueno","Buena","Diurna","Buen Tiempo","Lateral","S/D","Colisión","S/D","Faltante","Línea divisoria pintada","Sin restricción"
2016,975,2/7/2016,"Domingo",0,17:30:00,"Ruta Provincial 18","3.0",2,"Automóvil,Automóvil"," ",3,1,0,0,2,0,0,,"Ruta",18,"PIÑERO","Rosario","Asfalto","No existe","II","Dentro","Rural","Ninguna","No existe","Recta","Bueno","Buena","Diurna","Buen Tiempo","Frontal","S/D","Colisión","S/D","Faltante","Línea divisoria pintada","Sin restricción"
2016,976,2/20/2016,"Sabado",0,23:00:00,"Ruta Provincial 14","0.0",2,"Automóvil,Camión"," ",2,1,0,0,1,0,0,,"Ruta",14,"PIÑERO","Rosario","Asfalto","No existe","II","Dentro","Rural","Señal Pare","No existe","Cruce","Bueno","Buena","Nocturna","Buen Tiempo","Lateral","S/D","Colisión","S/D","Faltante","Línea divisoria pintada","Sin restricción"
2016,977,2/25/2016,"Jueves",0,8:30:00,"Ruta Provincial 14","0.0",3,"Automóvil,Automóvil,Vehículo Oficial"," ",6,4,0,0,2,0,0,,"Ruta",14,"PIÑERO","Rosario","Asfalto","No existe","II","Dentro","Rural","Otra Señal","No existe","Cruce","Bueno","Buena","Diurna","Buen Tiempo","Múltiple","S/D","Colisión","S/D","Faltante","Línea divisoria pintada","Sin restricción"
2016,978,2/11/2016,"Jueves",0,13:10:00,"Ruta Provincial 14","33.0",2,"Automóvil,Automóvil"," ",3,1,2,0,0,0,0,,"Ruta",14,"PUEBLO MUÑOZ","Rosario","Asfalto","Natural","II","Dentro","Urbana","Otra Señal","No existe","Recta","Deteriorada","Buena","Diurna","Buen Tiempo","Frontal","S/D","Colisión","S/D","Vertical","Línea divisoria pintada","Sin restricción"
2016,979,2/18/2016,"Jueves",0,21:20:00,,"0.0",2,"Moto/Ciclomotor,Automóvil","Av. Uriburu Y L.N.Alem",3,2,0,0,1,0,0,,"Avenida",,"ROSARIO","Rosario","Asfalto","No existe","II","Dentro","Urbana","Señal Pare","No existe","Intersección","Bueno","Buena","Nocturna","Buen Tiempo","Lateral","S/D","Colisión","S/D","S/D","S/D","Sin restricción"
2016,980,2/20/2016,"Sabado",0,8:20:00,,"0.0",2,"Moto/Ciclomotor,Automóvil","Anchorena Y Pavon",2,1,0,0,1,0,0,,"Calle",,"ROSARIO","Rosario","Asfalto","No existe","II","Dentro","Urbana","Señal Pare","No existe","Intersección","Bueno","Buena","Diurna","Buen Tiempo","Lateral","S/D","Colisión","S/D","S/D","S/D","S/D"
2016,981,2/27/2016,"Sabado",0,22:45:00,,"0.0",2,"Moto/Ciclomotor,Moto/Ciclomotor","Marco Polo 500",2,1,0,0,1,0,0,,"Calle",,"ROSARIO","Rosario","S/D","S/D","II","Dentro","Urbana","S/D","No existe","Recta","S/D","Buena","Nocturna","Buen Tiempo","De alcance","S/D","Colisión","S/D","S/D","S/D","S/D"
2016,982,2/6/2016,"Sabado",0,17:10:00,,"0.0",2,"Moto/Ciclomotor,Automóvil","Bv. 27 De Febrero Y Laprida",2,1,0,0,1,0,0,,"Avenida",,"ROSARIO","Rosario","Asfalto","No existe","II","Dentro","Urbana","Otra Señal","Funciona","Intersección","Bueno","Buena","Diurna","Buen Tiempo","De alcance","S/D","Colisión","Ninguna","Vertical","Cordón divisorio","Sin restricción"
2016,983,2/6/2016,"Sabado",0,1:20:00,,"0.0",2,"Automóvil,Transporte de Pasajeros Larga Distancia (> 8 asientos)","La Paz Y Esmeralda",4,1,0,0,3,0,0,,"Calle",,"ROSARIO","Rosario","Asfalto","No existe","II","Dentro","Urbana","Ninguna","No existe","Intersección","Bueno","Buena","Nocturna","Buen Tiempo","De alcance","S/D","Colisión","Ninguna","Faltante","Ninguna","Sin restricción"
2016,984,2/2/2016,"Martes",0,20:10:00,,"0.0",2,"Moto/Ciclomotor,Moto/Ciclomotor","Av. Central 9300",2,2,0,0,0,0,0,,"Avenida",,"ROSARIO","Rosario","Asfalto","Natural","II","Dentro","Urbana","Ninguna","No existe","Recta","Bueno","Buena","Diurna","Buen Tiempo","Lateral","S/D","Colisión","Ninguna","S/D","Ninguna","Sin restricción"
2016,985,2/15/2016,"Lunes",0,12:40:00,,"0.0",2,"Moto/Ciclomotor,Automóvil","Ayacucho Y Reg.11 de Infanteria",2,0,1,0,1,0,0,,"Avenida",,"ROSARIO","Rosario","Asfalto","No existe","II","Dentro","Urbana","Ninguna","No existe","Intersección","Bueno","Buena","Diurna","Buen Tiempo","Lateral","S/D","Colisión","S/D","S/D","Línea divisoria pintada","Sin restricción"
2016,986,2/1/2016,"Lunes",0,20:00:00,,"0.0",2,"Peatón,Moto/Ciclomotor","24 De Setiembre Y J.M.de Rosas",2,1,0,0,1,0,0,,"Calle",,"ROSARIO","Rosario","Asfalto","No existe","II","Dentro","Urbana","Ninguna","No existe","Recta","Bueno","Buena","Nocturna,Con luz artificial","Buen Tiempo","Otro","S/D","Atropello","Ninguna","Faltante","Ninguna","Sin restricción"
2016,987,2/2/2016,"Martes",0,13:00:00,,"0.0",2,"Moto/Ciclomotor,Automóvil","Gaboto Y Laprida",2,1,0,0,1,0,0,,"Calle",,"ROSARIO","Rosario","Asfalto","No existe","II","Dentro","Urbana","Ninguna","No existe","Intersección","Bueno","Buena","Diurna","Buen Tiempo","Lateral","S/D","Colisión","Ninguna","Faltante","Ninguna","Sin restricción"
2016,988,2/3/2016,"Miercoles",0,12:00:00,,"0.0",2,"Moto/Ciclomotor,Automóvil","Amenabar Y L.N.Alem",3,1,0,0,2,0,0,,"Calle",,"ROSARIO","Rosario","Asfalto","No existe","II","Dentro","Urbana","Ninguna","No existe","Intersección","Bueno","Buena","Diurna","Buen Tiempo","Lateral","S/D","Colisión","Ninguna","Faltante","Ninguna","Sin restricción"
2016,989,2/6/2016,"Sabado",0,23:45:00,,"0.0",2,"Moto/Ciclomotor,Automóvil","J.M.de Rosas Y Dr.Rivas",2,1,0,0,1,0,0,,"Calle",,"ROSARIO","Rosario","Asfalto","No existe","II","Dentro","Urbana","Ninguna","No existe","Intersección","Con baches","Buena","Nocturna,Con luz artificial","Buen Tiempo","Lateral","S/D","Colisión","S/D","Faltante","Ninguna","Sin restricción"
2016,990,2/27/2016,"Sabado",0,23:30:00,,"0.0",2,"Moto/Ciclomotor,Moto/Ciclomotor","Edmundo Rosas 10200",3,0,0,3,0,0,0,,"Calle",,"SANTA FE","La Capital","S/D","No existe","I","Dentro","Urbana","Ninguna","No existe","Recta","S/D","Buena","Nocturna","Buen Tiempo","Frontal","S/D","Colisión","S/D","S/D","Ninguna","Sin restricción"
2016,991,2/7/2016,"Domingo",0,12:00:00,,"0.0",2,"Moto/Ciclomotor,Moto/Ciclomotor","Necochea Y Garibaldi",2,0,2,0,0,0,0,,"Calle",,"ROSARIO","Rosario","Asfalto","No existe","II","Dentro","Urbana","Ninguna","No existe","Intersección","Bueno","Buena","Diurna","Buen Tiempo","Lateral","S/D","Colisión","S/D","Faltante","Ninguna","Sin restricción"
2016,992,2/17/2016,"Miercoles",0,8:15:00,,"0.0",2,"Automóvil,Moto/Ciclomotor","Av. Casiano Casas 2000",2,1,0,0,1,0,0,,"Calle",,"ROSARIO","Rosario","Asfalto","No existe","II","Dentro","Urbana","Ninguna","S/D","Recta","Bueno","Buena","Diurna","Buen Tiempo","Lateral","S/D","Colisión","S/D","Faltante","Ninguna","Sin restricción"
2016,993,2/5/2016,"Viernes",0,22:30:00,,"0.0",2,"Automóvil,Peatón","Pje Norte Y Cafferata",2,1,0,0,1,0,0,,"Calle",,"SANTA FE","La Capital","Asfalto","No existe","I","Dentro","Urbana","Ninguna","No existe","Intersección","Bueno","Buena","Nocturna","Buen Tiempo","S/D","S/D","Atropello","S/D","Faltante","Ninguna","Sin restricción"
2016,994,2/6/2016,"Sabado",0,,,"0.0",2,"Automóvil,Pickup/Utilitario","Ecuador Y Derqui",2,1,0,0,1,0,0,,"Calle",,"ROSARIO","Rosario","Asfalto","No existe","II","Dentro","Urbana","S/D","S/D","Intersección","Bueno","Buena","Diurna","Buen Tiempo","Lateral","S/D","Colisión","S/D","S/D","S/D","Sin restricción"
2016,995,2/7/2016,"Domingo",0,,,"0.0",2,"Moto/Ciclomotor,Pickup/Utilitario","Bv. Rondeau Y Matheu",3,2,0,0,1,0,0,,"Avenida",,"ROSARIO","Rosario","Asfalto","S/D","II","Dentro","Urbana","S/D","S/D","Intersección","Bueno","Buena","Nocturna","Buen Tiempo","Lateral","S/D","Colisión","S/D","S/D","S/D","S/D"
2016,996,2/5/2016,"Viernes",0,12:40:00,,"0.0",2,"Automóvil,Automóvil","Av. Pellegrini Y Magallanes",2,1,0,0,1,0,0,,"Calle",,"ROSARIO","Rosario","Asfalto","No existe","II","Dentro","Urbana","S/D","Funciona","Intersección","Bueno","Buena","Diurna","Buen Tiempo","S/D","S/D","Colisión","S/D","S/D","S/D","S/D"
2016,997,2/16/2016,"Martes",0,11:35:00,,"0.0",2,"Automóvil,Automóvil","Magallanes Y White",2,1,0,0,1,0,0,,"Calle",,"ROSARIO","Rosario","Asfalto","S/D","II","Dentro","Urbana","S/D","S/D","Intersección","Bueno","Buena","Diurna","Buen Tiempo","Lateral","S/D","Colisión","S/D","S/D","S/D","S/D"
2016,998,2/18/2016,"Jueves",0,11:10:00,,"0.0",2,"Moto/Ciclomotor,Automóvil","Mendoza Y Larrea",2,1,0,0,1,0,0,,"Calle",,"ROSARIO","Rosario","Asfalto","S/D","II","Dentro","Urbana","S/D","S/D","Intersección","Bueno","Buena","Diurna","S/D","S/D","S/D","Colisión","S/D","S/D","S/D","S/D"
2016,999,2/20/2016,"Sabado",0,19:20:00,,"0.0",2,"Moto/Ciclomotor,Automóvil","Av. Pellegrini Y Solis",2,1,0,0,1,0,0,,"Calle",,"ROSARIO","Rosario","Asfalto","No existe","II","Dentro","Urbana","S/D","S/D","Intersección","Bueno","Buena","Atardecer","Buen Tiempo","Lateral","S/D","Colisión","S/D","S/D","S/D","Sin restricción"
2016,1000,2/18/2016,"Jueves",0,2:00:00,,"0.0",2,"Peatón,Automóvil","A.Maza 4000",2,1,0,0,1,0,0,,"Calle",,"ROSARIO","Rosario","Asfalto","S/D","II","Dentro","Urbana","Policía de tránsito","S/D","Intersección","Bueno","Buena","Nocturna","Buen Tiempo","S/D","S/D","Atropello","S/D","S/D","S/D","Sin restricción"
2016,1001,2/18/2016,"Jueves",0,11:20:00,,"0.0",2,"Moto/Ciclomotor,Pickup/Utilitario","Bv. 27 De Febrero Y Necochea",2,1,0,0,1,0,0,,"Calle",,"ROSARIO","Rosario","Asfalto","No existe","II","Dentro","Urbana","Semáforo","Funciona","Intersección","Bueno","Buena","Diurna","Buen Tiempo","De alcance","S/D","Colisión","S/D","Horizontal","Cordón divisorio","Sin restricción"
2016,1002,2/28/2016,"Domingo",0,1:50:00,,"0.0",1,"Automóvil"," ",3,2,0,0,1,0,0,,"S/D",,"ROSARIO","Rosario","S/D","Pavimento","II","S/D","S/D","Semáforo","Funciona","S/D","S/D","Buena","Nocturna","Buen Tiempo","S/D","S/D","Colisión","S/D","Vertical","Línea divisoria pintada","Sin restricción"
2016,1003,2/29/2016,"Lunes",0,5:45:00,,"0.0",2,"Moto/Ciclomotor,Otros","J.J.Paso Y Av. Provincias Unidas",2,1,0,0,0,0,1,,"Avenida",,"ROSARIO","Rosario","Asfalto","S/D","II","Dentro","Urbana","S/D","No existe","Recta","Bueno","Buena","Nocturna","Buen Tiempo","S/D","S/D","Colisión","S/D","S/D","S/D","Sin restricción"
2016,1004,2/19/2016,"Viernes",0,,,"0.0",2,"Bicicleta,Moto/Ciclomotor","Bv. 27 De Febrero Y J.M.de Rosas",2,1,0,0,1,0,0,,"Calle",,"ROSARIO","Rosario","Asfalto","No existe","II","Dentro","Urbana","Ninguna","No existe","Intersección","Bueno","Buena","S/D","Buen Tiempo","Lateral","S/D","Atropello","S/D","Faltante","Vegetación","Sin restricción"
2016,1005,2/22/2016,"Lunes",0,10:00:00,,"0.0",2,"Transporte de Pasajeros Larga Distancia (> 8 asientos),Camión","1 de Mayo Y Cerrito",4,2,1,0,0,0,1,,"Calle",,"ROSARIO","Rosario","Asfalto","No existe","II","Dentro","Urbana","Señal Pare","No existe","Intersección","Bueno","Buena","Diurna","Buen Tiempo","De alcance","S/D","Colisión","S/D","Vertical","Ninguna","Sin restricción"
2016,1006,2/23/2016,"Martes",0,11:05:00,,"0.0",2,"Moto/Ciclomotor,Automóvil","Colon Y Ocampo",2,1,0,0,1,0,0,,"Calle",,"ROSARIO","Rosario","Asfalto","No existe","II","Dentro","Urbana","Otra Señal","No existe","Intersección","Bueno","Buena","Diurna","Buen Tiempo","S/D","S/D","Colisión","S/D","Faltante","Ninguna","Sin restricción"
2016,1007,2/9/2016,"Martes",0,18:30:00,,"0.0",2,"Pickup/Utilitario,Automóvil","L.N.Alem Y Riobamba",5,2,1,0,2,0,0,,"Calle",,"ROSARIO","Rosario","Asfalto","No existe","II","Dentro","Urbana","Señal Pare","No existe","Intersección","Bueno","Buena","Diurna","Buen Tiempo","Frontal","S/D","Colisión","S/D","Vertical","Ninguna","S/D"
2016,1008,2/15/2016,"Lunes",0,8:30:00,,"0.0",2,"Moto/Ciclomotor,Taxi/Remis","Ayacucho Y Cerrito",2,1,0,0,1,0,0,,"Calle",,"ROSARIO","Rosario","Asfalto","No existe","II","Dentro","Urbana","Otra Señal","No existe","Intersección","Bueno","Buena","Diurna","Buen Tiempo","De alcance","S/D","Colisión","S/D","Faltante","Ninguna","Sin restricción"
2016,1009,2/16/2016,"Martes",0,,,"0.0",2,"Moto/Ciclomotor,Otros","Bv. 27 De Febrero Y J.M.de Rosas",2,1,0,0,1,0,0,,"Calle",,"ROSARIO","Rosario","Asfalto","No existe","II","Dentro","Urbana","Ninguna","No existe","Intersección","Bueno","Buena","S/D","Buen Tiempo","Lateral","S/D","Colisión","S/D","Faltante","Vegetación","Sin restricción"
2016,1010,2/18/2016,"Jueves",0,0:20:00,,"0.0",2,"Automóvil,Automóvil","Av. Pellegrini Y Necochea",3,1,0,0,2,0,0,,"Calle",,"ROSARIO","Rosario","Asfalto","No existe","II","Dentro","Urbana","Semáforo","Funciona","Intersección","Bueno","Buena","Nocturna,Con luz artificial","Buen Tiempo","S/D","S/D","Colisión","S/D","Horizontal","Cordón divisorio","Sin restricción"
2016,1011,3/24/2016,"Jueves",0,16:50:00,"Ruta Provincial Brigadier E.López","126.0",1,"Pickup/Utilitario"," ",2,2,0,0,0,0,0,,"Ruta","Brigadier E.López","DESVÍO ARIJÓN","San Jerónimo","Asfalto","Pavimento","XV","Dentro","Urbana","Ninguna","No existe","S/D","Ahuellamiento","Buena","Diurna","Buen Tiempo","S/D","S/D","Vuelco","S/D","S/D","Vegetación","Sin restricción"
2016,1012,2/11/2016,"Jueves",0,10:20:00,,"0.0",2,"Moto/Ciclomotor,Automóvil","Av Mitre Y Belgrano",3,1,0,0,2,0,0,,"Calle",,"RECREO","La Capital","Asfalto","Natural","I","Dentro","Urbana","Ninguna","No existe","Intersección","Bueno","Buena","Diurna","Buen Tiempo","De alcance","S/D","Colisión","S/D","Vertical","Cordón divisorio","Sin restricción"
2016,1013,2/18/2016,"Jueves",0,13:35:00,"Ruta Nacional 11","0.0",2,"Automóvil,Moto/Ciclomotor"," ",3,1,0,0,2,0,0,,"Ruta",11,"RECREO","La Capital","S/D","S/D","I","Dentro","Urbana","S/D","S/D","S/D","S/D","S/D","Diurna","S/D","S/D","S/D","Colisión","S/D","S/D","S/D","S/D"
2016,1014,2/23/2016,"Martes",0,20:20:00,,"0.0",2,"Moto/Ciclomotor,Transporte de Pasajeros Urbano (> 8 asientos)","Pbro Martinez Y Belgrano",2,1,0,0,1,0,0,,"Calle",,"RECREO","La Capital","Asfalto","Natural","I","Dentro","Urbana","Ninguna","No existe","Intersección","Bueno","Buena","Nocturna,Con luz artificial","Buen Tiempo","De alcance","S/D","Colisión","S/D","Vertical","Ninguna","Sin restricción"
2016,1015,2/18/2016,"Jueves",0,0:30:00,,"0.0",2,"Moto/Ciclomotor,Moto/Ciclomotor","Av. Genova Y Sarratea Bis",4,3,0,0,1,0,0,,"Avenida",,"ROSARIO","Rosario","Asfalto","S/D","II","Dentro","Urbana","S/D","S/D","Intersección","Bueno","Buena","Nocturna","Buen Tiempo","Lateral","S/D","Colisión","S/D","S/D","S/D","Sin restricción"
2016,1016,2/19/2016,"Viernes",0,10:32:00,,"0.0",2,"Moto/Ciclomotor,Pickup/Utilitario","Av. Circunvalacion Y J.J.Paso",2,0,1,0,1,0,0,,"Avenida",,"ROSARIO","Rosario","Asfalto","Pavimento","II","Dentro","Urbana","Ninguna","Intermitente","Recta","S/D","Reducida","Diurna","Lluvia","De alcance","S/D","Colisión","Agua","Horizontal","Barrera de hormigón","Sin restricción"
2016,1017,2/20/2016,"Sabado",0,15:00:00,,"0.0",2,"Automóvil,Moto/Ciclomotor","Av. Genova Y Acevedo Bis",2,0,1,0,1,0,0,,"Avenida",,"ROSARIO","Rosario","Asfalto","Pavimento","II","Dentro","Urbana","S/D","No existe","Intersección","Bueno","Buena","Atardecer","Buen Tiempo","Lateral","S/D","Colisión","S/D","S/D","S/D","Sin restricción"
2016,1018,2/21/2016,"Domingo",0,22:00:00,,"0.0",2,"Automóvil,Moto/Ciclomotor","Juan Bautista Alberdi Y Juan XXIII",3,1,0,0,2,0,0,,"Calle",,"PEREZ","Rosario","S/D","No existe","II","Dentro","Urbana","S/D","No existe","Intersección","S/D","Buena","Nocturna","S/D","Lateral","S/D","Colisión","S/D","Faltante","S/D","Sin restricción"