"anio_acci","nro_acci","fecha","desc_dia","fecha_aprox","hora_aprox","desc_ruta","km","cant_participantes","desc_participante","calle_avenida_km","total","heridos_leves","heridos_graves","heridos_gravisimos","ilesos","fallecidos","sin_datos","posicion_XY","desc_tipo_via","desc_ruta_ori","desc_loc","desc_dpto","desc_tipo_calzada","desc_tipo_banquina","desc_unidad_regional","desc_lugar_calzada","desc_zona","desc_prioridad","desc_estado_semaforo","desc_lugar_via","desc_estado_via","desc_estado_visibilidad","desc_luminosidad","desc_estado_clima","desc_tipo_colision","desc_tipo_atropello","desc_tipo_hecho","desc_pres_calzada","desc_senializacion","desc_separacion_via","desc_restriccion"
2016,1019,2/21/2016,"Domingo",0,21:40:00,,"0.0",2,"Automóvil,Moto/Ciclomotor","Av de las Americas Y Juan XXIII",2,1,0,0,1,0,0,,"Avenida",,"PEREZ","Rosario","S/D","No existe","II","Dentro","Urbana","S/D","No existe","Intersección","S/D","Buena","Nocturna","Buen Tiempo","Lateral","S/D","Colisión","S/D","Faltante","S/D","S/D"
2016,1020,2/19/2016,"Viernes",0,18:40:00,"Ruta Nacional 33","0.0",2,"Transporte de Pasajeros Urbano (> 8 asientos),Peatón","Ruta Nac 33 Y Leandro Alem",2,1,0,0,1,0,0,,"Ruta",33,"PEREZ","Rosario","S/D","S/D","II","Dentro","Urbana","S/D","S/D","Intersección","S/D","Buena","Atardecer","Buen Tiempo","S/D","S/D","Atropello","S/D","S/D","S/D","S/D"
2016,1021,2/13/2016,"Sabado",0,20:45:00,"Ruta Nacional A012","25.0",2,"Camión,Automóvil"," ",2,1,0,0,1,0,0,,"Ruta","A012","ZAVALLA","Rosario","Asfalto","Natural","II","Dentro","Urbana","Ninguna","No existe","Recta","Bueno","Buena","Nocturna","Buen Tiempo","De alcance","S/D","Colisión","S/D","Vertical","Cordón divisorio","Sin restricción"
2016,1022,2/23/2016,"Martes",0,7:30:00,"Ruta Nacional A012","30.0",2,"Camión,Camión"," ",2,1,0,0,1,0,0,,"Ruta","A012","ZAVALLA","Rosario","Asfalto","Pavimento","II","Dentro","Urbana","Ninguna","No existe","Recta","Bueno","Buena","Diurna","Buen Tiempo","Frontal","S/D","Colisión","Ninguna","S/D","Cordón divisorio","Sin restricción"
2016,1023,2/6/2016,"Sabado",0,20:00:00,,"0.0",2,"Moto/Ciclomotor,Moto/Ciclomotor","Anibal Maffei ",2,2,0,0,0,0,0,,"Camino Rural",,"ARROYO SECO","Rosario","Tierra","Ripio","II","Dentro","Rural","Ninguna","No existe","Puente","Con baches,Deteriorada","Buena","Diurna","Buen Tiempo","Lateral","S/D","Colisión","S/D","Faltante","Ninguna","Sin restricción"
2016,1024,2/2/2016,"Martes",0,13:00:00,,"0.0",2,"Moto/Ciclomotor,Automóvil","Juan B Justo Bis Y Bernardino Rivadavia",2,1,0,0,1,0,0,,"Calle",,"ARROYO SECO","Rosario","Hormigón","Pavimento","II","Dentro","Urbana","Ninguna","No existe","Intersección","Bueno","Buena","Diurna","Buen Tiempo","Lateral","S/D","Colisión","S/D","S/D","Ninguna","Sin restricción"
2016,1025,2/4/2016,"Jueves",0,19:00:00,,"0.0",2,"Moto/Ciclomotor,Moto/Ciclomotor","Velez Sarsfield Y Junin",3,3,0,0,0,0,0,,"Calle",,"ROSARIO","Rosario","S/D","No existe","II","Dentro","Urbana","Ninguna","No existe","Intersección","S/D","Buena","Atardecer","Buen Tiempo","Lateral","S/D","Colisión","S/D","Faltante","Ninguna","Sin restricción"
2016,1026,2/11/2016,"Jueves",0,8:30:00,,"0.0",2,"Moto/Ciclomotor,Automóvil","Solis Y Tucuman",2,1,0,0,1,0,0,,"Calle",,"ROSARIO","Rosario","S/D","No existe","II","Dentro","Urbana","Ninguna","No existe","Intersección","S/D","Buena","Diurna","Buen Tiempo","Lateral","S/D","Colisión","S/D","Faltante","S/D","Sin restricción"
2016,1027,2/26/2016,"Viernes",0,16:25:00,,"0.0",2,"Automóvil,Bicicleta","3 de Febrero Y Domingo Faustino Sarmiento",2,1,0,0,1,0,0,,"Calle",,"VENADO TUERTO","General López","Asfalto","No existe","VIII","Dentro","Urbana","S/D","No existe","Intersección","Bueno","Buena","Diurna","S/D","S/D","S/D","Atropello","S/D","S/D","S/D","S/D"
2016,1028,2/10/2016,"Miercoles",0,11:30:00,,"0.0",2,"Bicicleta,Automóvil","Italia Y Marconico",2,1,0,0,1,0,0,,"Calle",,"VENADO TUERTO","General López","Asfalto","No existe","VIII","Dentro","Urbana","S/D","No existe","Recta","Bueno","Buena","Diurna","S/D","S/D","S/D","Atropello","S/D","S/D","S/D","S/D"
2016,1029,2/5/2016,"Viernes",0,8:30:00,,"0.0",2,"Moto/Ciclomotor,Automóvil","Ayala Gauna Y Pje. Mazzaglia",2,0,1,0,1,0,0,,"Calle",,"ROSARIO","Rosario","S/D","No existe","II","Dentro","Urbana","S/D","S/D","Intersección","S/D","Buena","Diurna","Buen Tiempo","Lateral","S/D","Colisión","S/D","S/D","S/D","S/D"
2016,1030,2/19/2016,"Viernes",0,,"Ruta Nacional 33","636.0",2,"Automóvil,Moto/Ciclomotor"," ",2,0,1,0,1,0,0,,"Ruta",33,"VENADO TUERTO","General López","Asfalto","Natural","VIII","Dentro","Urbana","S/D","No existe","Recta","Bueno","Buena","Diurna","S/D","S/D","S/D","Colisión","S/D","S/D","S/D","S/D"
2016,1031,2/18/2016,"Jueves",0,20:00:00,,"0.0",2,"Moto/Ciclomotor,Automóvil","Donado Y Pje. 1447",2,1,0,0,1,0,0,,"Calle",,"ROSARIO","Rosario","S/D","S/D","II","Dentro","Urbana","S/D","S/D","Intersección","S/D","Buena","Diurna","Buen Tiempo","Lateral","S/D","Colisión","S/D","S/D","S/D","S/D"
2016,1032,2/15/2016,"Lunes",0,7:30:00,,"0.0",2,"Bicicleta,Automóvil","Liniers Santiago Y Entre Rios",2,1,0,0,1,0,0,,"Calle",,"VENADO TUERTO","General López","Asfalto","No existe","VIII","Dentro","Urbana","S/D","No existe","Intersección","Bueno","Buena","Diurna","S/D","S/D","S/D","Atropello","S/D","S/D","S/D","S/D"
2016,1033,2/9/2016,"Martes",0,21:30:00,,"0.0",2,"Moto/Ciclomotor,Automóvil","J.B.Justo Y Mariano Cabal Bis",3,2,0,0,1,0,0,,"Calle",,"ROSARIO","Rosario","Asfalto","S/D","II","Dentro","Urbana","S/D","No existe","Intersección","Bueno","Buena","Diurna","Buen Tiempo","Lateral","S/D","Colisión","S/D","S/D","S/D","S/D"
2016,1034,2/14/2016,"Domingo",0,5:55:00,,"0.0",2,"Pickup/Utilitario,Automóvil","Gral Jose de San Martin Y Bartolome Mitre",3,2,0,0,1,0,0,,"Calle",,"VENADO TUERTO","General López","Asfalto","No existe","VIII","Dentro","Urbana","S/D","No existe","Intersección","Resbaladiza","S/D","Nocturna","S/D","S/D","S/D","Colisión","Agua","S/D","S/D","S/D"
2016,1035,2/17/2016,"Miercoles",0,0:20:00,,"0.0",2,"Automóvil,Moto/Ciclomotor","Av. Genova Y Garzon",2,0,1,0,1,0,0,,"Calle",,"ROSARIO","Rosario","Asfalto","No existe","II","Dentro","Urbana","S/D","No existe","Intersección","Bueno","Buena","Diurna","S/D","S/D","S/D","Colisión","S/D","S/D","S/D","S/D"
2016,1036,2/10/2016,"Miercoles",0,13:40:00,"Ruta Nacional 11","0.0",2,"Moto/Ciclomotor,Camión","Tierra del Fuego ",2,1,0,0,1,0,0,,"Ruta",11,"RECREO","La Capital","Asfalto","Natural","I","Dentro","Urbana","Ninguna","No existe","Intersección","Bueno","Buena","Diurna","Buen Tiempo","De alcance","S/D","Colisión","S/D","Vertical","Ninguna","Sin restricción"
2016,1037,2/28/2016,"Domingo",0,6:30:00,"Ruta Nacional 11","0.0",2,"Moto/Ciclomotor,Pickup/Utilitario"," ",3,1,0,0,2,0,0,,"Ruta",11,"RECREO","La Capital","Asfalto","Natural","I","Dentro","Urbana","Ninguna","No existe","Recta","Bueno","Reducida","Nocturna,Con luz artificial","Buen Tiempo","Frontal","S/D","Colisión","S/D","Vertical","Línea divisoria pintada","Sin restricción"
2016,1038,2/24/2016,"Miercoles",0,22:05:00,,"0.0",2,"Moto/Ciclomotor,Moto/Ciclomotor","Santa Rosa ",4,4,0,0,0,0,0,,"Calle",,"SANTA ROSA DE CALCHINES","Garay","Asfalto","Pavimento","VII","Dentro","Urbana","Ninguna","No existe","Intersección","Bueno","Buena","Nocturna,Con luz artificial","Buen Tiempo","De alcance","S/D","Colisión","S/D","Faltante","Ninguna","Sin restricción"
2016,1039,2/28/2016,"Domingo",0,10:00:00,,"0.0",2,"Peatón,Automóvil","San Martin Y Castelli",2,1,0,0,1,0,0,,"Calle",,"ESPERANZA","Las Colonias","Asfalto","Pavimento","XI","Dentro","Urbana","Ninguna","No existe","Intersección","Bueno","Buena","Diurna","Buen Tiempo","Lateral","S/D","Atropello","S/D","S/D","S/D","Sin restricción"
2016,1040,2/12/2016,"Viernes",0,15:45:00,"Ruta Nacional 33","0.0",2,"Pickup/Utilitario,Moto/Ciclomotor"," ",2,0,1,0,1,0,0,,"Ruta",33,"MURPHY","General López","Asfalto","Pavimento","VIII","Dentro","Urbana","Marca Vial","No existe","Intersección","Bueno","Buena","Diurna","Buen Tiempo","Lateral","S/D","Colisión","S/D","Vertical","Línea divisoria pintada","Sin restricción"
2016,1041,2/2/2016,"Martes",0,22:40:00,,"0.0",2,"Pickup/Utilitario,Moto/Ciclomotor","Av San Lorenzo Y Misiones",2,1,0,0,1,0,0,,"Calle",,"CAPITÁN BERMÚDEZ","San Lorenzo","Asfalto","Pavimento","XVII","Dentro","Urbana","Ninguna","No existe","Intersección","Bueno","Buena","Nocturna","Buen Tiempo","Frontal","S/D","Colisión","S/D","Faltante","Ninguna","Sin restricción"
2016,1042,2/4/2016,"Jueves",0,13:30:00,,"0.0",2,"Automóvil,Moto/Ciclomotor","Av San Lorenzo Y Misiones",2,0,0,0,1,0,1,,"Calle",,"CAPITÁN BERMÚDEZ","San Lorenzo","Asfalto","Pavimento","XVII","Dentro","Urbana","Ninguna","No existe","Intersección","Bueno","Buena","Diurna","Buen Tiempo","Lateral","S/D","Colisión","S/D","Faltante","Ninguna","Sin restricción"
2016,1043,2/5/2016,"Viernes",0,20:10:00,,"0.0",2,"Automóvil,Moto/Ciclomotor","Rivadavia Bernardino Y Rioja",2,1,0,0,0,0,1,,"Calle",,"CAPITÁN BERMÚDEZ","San Lorenzo","Asfalto","No existe","XVII","Dentro","Urbana","Ninguna","No existe","Intersección","Bueno","Buena","Nocturna","Buen Tiempo","S/D","S/D","Colisión","S/D","Faltante","Ninguna","Sin restricción"
2016,1044,2/6/2016,"Sabado",0,12:00:00,,"0.0",2,"Pickup/Utilitario,Moto/Ciclomotor","Av San Lorenzo Y Paraguay",2,0,0,0,0,0,2,,"Calle",,"CAPITÁN BERMÚDEZ","San Lorenzo","Asfalto","No existe","XVII","Dentro","Urbana","Ninguna","No existe","Intersección","Bueno","Buena","Diurna","Buen Tiempo","Lateral","S/D","Colisión","S/D","Faltante","Ninguna","Sin restricción"
2016,1045,1/6/2016,"Miercoles",0,13:40:00,,"0.0",2,"Automóvil,Moto/Ciclomotor","M Guemes Y Maipu",2,0,0,0,0,0,2,,"Calle",,"CAPITÁN BERMÚDEZ","San Lorenzo","Asfalto","Ripio","XVII","Dentro","Urbana","Ninguna","No existe","Intersección","Bueno","Buena","Diurna","Buen Tiempo","S/D","S/D","Colisión","S/D","Faltante","Ninguna","Sin restricción"
2016,1046,2/20/2016,"Sabado",0,10:00:00,,"0.0",2,"Automóvil,Moto/Ciclomotor","C Escalada 128",2,0,0,0,0,0,2,,"Calle",,"CAPITÁN BERMÚDEZ","San Lorenzo","Asfalto","Pavimento","XVII","Dentro","Urbana","Ninguna","No existe","Recta","Bueno","Buena","Diurna","Buen Tiempo","Lateral","S/D","Colisión","S/D","Faltante","S/D","Sin restricción"
2016,1047,2/1/2016,"Lunes",0,18:30:00,,"0.0",2,"Camión,Moto/Ciclomotor","Av. Eudoro Carrasco Y Solis",3,1,1,0,1,0,0,,"Avenida",,"ROSARIO","Rosario","Asfalto","Pavimento","II","Dentro","Urbana","S/D","No existe","Intersección","Bueno","Buena","Diurna","Buen Tiempo","Lateral","S/D","Colisión","Otro","S/D","S/D","S/D"
2016,1048,2/21/2016,"Domingo",0,2:10:00,,"0.0",2,"Moto/Ciclomotor,Otros","San Roque Y Centenario",2,0,0,0,0,0,2,,"Calle",,"CAPITÁN BERMÚDEZ","San Lorenzo","Asfalto","Pavimento","XVII","Dentro","Urbana","Ninguna","No existe","Intersección","Bueno","Buena","Nocturna","Buen Tiempo","Lateral","S/D","Colisión","S/D","Faltante","Ninguna","Sin restricción"
2016,1049,2/2/2016,"Martes",0,10:00:00,,"0.0",2,"Bicicleta,Taxi/Remis","J.J.Paso Y Olavarria Bis",2,1,0,0,1,0,0,,"Calle",,"ROSARIO","Rosario","Asfalto","No existe","II","Dentro","Urbana","S/D","Funciona","Intersección","S/D","Buena","Diurna","Buen Tiempo","S/D","S/D","Atropello","S/D","S/D","S/D","S/D"
2016,1050,2/3/2016,"Miercoles",0,18:00:00,,"0.0",2,"Pickup/Utilitario,Taxi/Remis","Reg 12 de Infanteria Y Av A del Valle",2,1,0,0,1,0,0,,"Avenida",,"SANTA FE","La Capital","Asfalto","Pavimento","I","Dentro","Urbana","S/D","Funciona","Intersección","Bueno","Buena","Diurna","Buen Tiempo","Lateral","S/D","Colisión","S/D","Vertical","S/D","S/D"
2016,1051,2/3/2016,"Miercoles",0,18:10:00,,"0.0",2,"Moto/Ciclomotor,Automóvil","Saavedra Y Gorriti",2,1,0,0,1,0,0,,"Calle",,"SANTA FE","La Capital","Asfalto,Tierra","Natural","I","Dentro","Urbana","S/D","No existe","Intersección","Bueno","Buena","Diurna","Buen Tiempo","Lateral","S/D","Colisión","S/D","S/D","S/D","Sin restricción"
2016,1052,2/5/2016,"Viernes",0,6:40:00,,"0.0",1,"Automóvil","Gorriti Y San Jose",2,2,0,0,0,0,0,,"Calle",,"SANTA FE","La Capital","Asfalto","S/D","I","Dentro","Urbana","S/D","S/D","Recta","Bueno","Buena","Amanecer,Con luz artificial","Buen Tiempo","Contra objeto fijo","S/D","Colisión","S/D","S/D","S/D","S/D"
2016,1053,2/8/2016,"Lunes",0,7:25:00,,"0.0",2,"Automóvil,Moto/Ciclomotor","Av Facundo Zuviria Y Gorriti",2,1,0,0,1,0,0,,"Avenida",,"SANTA FE","La Capital","Asfalto","Pavimento","I","Dentro","Urbana","S/D","No existe","Intersección","Bueno","Buena","Diurna","Buen Tiempo","Lateral","S/D","Colisión","S/D","Vertical","S/D","S/D"
2016,1054,2/10/2016,"Miercoles",0,19:00:00,,"0.0",1,"Moto/Ciclomotor","Dr Zavalla Y French",1,1,0,0,0,0,0,,"Calle",,"SANTA FE","La Capital","Tierra,Ripio","Natural","I","Dentro","Urbana","S/D","No existe","Intersección","Con baches,Deteriorada","Reducida polvo","Nocturna,Con luz artificial","Buen Tiempo","S/D","S/D","Caída ocupante","Material Suelto","Faltante","S/D","S/D"
2016,1055,2/18/2016,"Jueves",0,17:00:00,,"0.0",2,"Moto/Ciclomotor,Pickup/Utilitario","Azcuenaga Y Av Facundo Zuviria",2,1,0,0,1,0,0,,"Avenida",,"SANTA FE","La Capital","Asfalto","Pavimento","I","Dentro","Urbana","S/D","S/D","Intersección","Bueno","Buena","Diurna","Buen Tiempo","Lateral","S/D","Colisión","S/D","Faltante","S/D","S/D"
2016,1056,2/26/2016,"Viernes",0,18:20:00,,"0.0",2,"Pickup/Utilitario,Moto/Ciclomotor","Cordoba Y Salta",2,1,0,0,1,0,0,,"Calle",,"MONTES DE OCA","Belgrano","Asfalto","Pavimento","III","Dentro","Urbana","Ninguna","No existe","Intersección","Resbaladiza","Buena","Nocturna,Con luz artificial","Buen Tiempo","S/D","S/D","Colisión","S/D","Vertical","Ninguna","Sin restricción"
2016,1057,2/6/2016,"Sabado",0,16:00:00,,"0.0",2,"Automóvil,Moto/Ciclomotor","Av Blas Parera Y Piedrabuena",2,1,0,0,1,0,0,,"Calle",,"SANTA FE","La Capital","Asfalto","No existe","I","Dentro","Urbana","Ninguna","No existe","Intersección","Bueno","Buena","Diurna","Buen Tiempo","De alcance","S/D","Colisión","S/D","Faltante","Ninguna","Sin restricción"
2016,1058,2/24/2016,"Miercoles",0,22:00:00,,"0.0",2,"Moto/Ciclomotor,Automóvil","Calle 28 Y Calle 11",3,1,0,0,2,0,0,,"Calle",,"LAS PAREJAS","Belgrano","Asfalto","Pavimento","III","Dentro","Urbana","Ninguna","No existe","Intersección","Bueno","Buena","Nocturna","Buen Tiempo","Frontal","S/D","Colisión","S/D","Faltante","Ninguna","Sin restricción"
2016,1059,2/11/2016,"Jueves",0,4:00:00,"Ruta Nacional 9","391.0",2,"Transporte de Pasajeros Larga Distancia (Doble Piso),Automóvil"," ",50,3,0,0,47,0,0,,"Ruta",9,"TORTUGAS","Belgrano","Asfalto","Natural","III","Dentro","Urbana","Ninguna","No existe","Recta","Bueno","Buena","Nocturna","Buen Tiempo","De alcance","S/D","Colisión","S/D","S/D","Ninguna","Sin restricción"
2016,1060,2/17/2016,"Miercoles",0,5:50:00,"Ruta Nacional 178","0.0",2,"Automóvil,Moto/Ciclomotor","Calle 11 ",3,1,0,0,2,0,0,,"Ruta",178,"LAS PAREJAS","Belgrano","Asfalto","Pavimento","III","Dentro","Rural","Semáforo","Funciona","Recta","Bueno","Reducida","Nocturna","Buen Tiempo","Frontal","S/D","Colisión","Agua","Vertical","Ninguna","Sin restricción"
2016,1061,2/3/2016,"Miercoles",0,16:10:00,,"0.0",2,"Bicicleta,Automóvil","Roque Saenz Peña 3200",2,1,0,0,1,0,0,,"Calle",,"SANTA FE","La Capital","Asfalto","No existe","I","Dentro","Urbana","Ninguna","No existe","Recta","Bueno","Buena","Diurna","Buen Tiempo","S/D","S/D","Atropello","Ninguna","Faltante","Cordón divisorio,Vegetación","Sin restricción"
2016,1062,2/25/2016,"Jueves",0,17:40:00,,"0.0",2,"Moto/Ciclomotor,Moto/Ciclomotor","Bv Pellegrini Y Av Pte Peron",2,1,0,0,1,0,0,,"Avenida",,"SANTA FE","La Capital","Asfalto","No existe","I","Dentro","Urbana","Semáforo","Funciona","Intersección","Bueno","Buena","Diurna","Buen Tiempo","Lateral","S/D","Colisión","Ninguna","Vertical","Cordón divisorio","Sin restricción"
2016,1063,2/16/2016,"Martes",0,1:30:00,,"0.0",2,"Automóvil,Moto/Ciclomotor","Bv. Avellaneda Y Casilda",2,1,0,0,1,0,0,,"Avenida",,"ROSARIO","Rosario","Asfalto","No existe","II","Dentro","Urbana","S/D","Funciona","Intersección","Bueno","Buena","Nocturna","Buen Tiempo","Lateral","S/D","Colisión","Ninguna","S/D","S/D","S/D"
2016,1064,2/14/2016,"Domingo",0,15:50:00,,"0.0",2,"Automóvil,Moto/Ciclomotor","Av. Luis Carballo Y Martinez Estrada",3,2,0,0,1,0,0,,"Avenida",,"ROSARIO","Rosario","Asfalto","No existe","II","Dentro","Urbana","S/D","S/D","Intersección","Bueno","Buena","Diurna","Buen Tiempo","Lateral","S/D","Colisión","Ninguna","S/D","S/D","S/D"
2016,1065,2/14/2016,"Domingo",0,8:00:00,,"0.0",2,"Automóvil,Moto/Ciclomotor","Av. Luis Carballo Y Albert Sabin",2,1,0,0,1,0,0,,"Avenida",,"ROSARIO","Rosario","Asfalto","No existe","II","Dentro","Urbana","S/D","S/D","Intersección","Bueno","Buena","Diurna","Buen Tiempo","Lateral","S/D","Colisión","Ninguna","S/D","S/D","S/D"
2016,1066,2/28/2016,"Domingo",0,1:00:00,,"0.0",2,"Moto/Ciclomotor,Automóvil","San Martin Y Salta",2,1,0,0,1,0,0,,"Calle",,"LAS ROSAS","Belgrano","Asfalto","No existe","III","Dentro","Urbana","Ninguna","No existe","Intersección","Bueno","Buena","Nocturna","Buen Tiempo","Lateral","S/D","Colisión","S/D","Vertical","Cordón divisorio","Sin restricción"
2016,1067,2/29/2016,"Lunes",0,12:45:00,,"0.0",2,"Moto/Ciclomotor,Automóvil","Angel Cassanello Y Alberdi",3,1,0,0,2,0,0,,"Calle",,"SANTA FE","La Capital","Asfalto","No existe","I","Dentro","Urbana","Ninguna","No existe","Intersección","Bueno","Buena","Diurna","Buen Tiempo","Lateral","S/D","Colisión","S/D","S/D","Ninguna","Sin restricción"
2016,1068,2/10/2016,"Miercoles",0,12:00:00,,"0.0",2,"Automóvil,Taxi/Remis","Junin Y Suiza",2,1,0,0,1,0,0,,"Calle",,"ROSARIO","Rosario","Asfalto","No existe","II","Dentro","Urbana","S/D","No existe","Intersección","Bueno","Buena","Diurna","Buen Tiempo","Lateral","S/D","Colisión","Ninguna","Faltante","S/D","Sin restricción"
2016,1069,2/9/2016,"Martes",0,16:30:00,,"0.0",2,"Moto/Ciclomotor,Automóvil","Alberdi 100",2,1,0,0,1,0,0,,"Avenida",,"ROSARIO","Rosario","Asfalto","No existe","II","Dentro","Urbana","S/D","S/D","Intersección","Bueno","Buena","Diurna","Buen Tiempo","Lateral","S/D","Colisión","S/D","S/D","S/D","S/D"
2016,1070,2/29/2016,"Lunes",0,21:15:00,,"0.0",2,"Moto/Ciclomotor,Pickup/Utilitario","Necochea Y Pedro de Vega",2,1,0,0,1,0,0,,"Calle",,"SANTA FE","La Capital","Asfalto","No existe","I","Dentro","Urbana","Ninguna","No existe","Intersección","Bueno","Reducida","Nocturna","Buen Tiempo","Lateral","S/D","Colisión","S/D","S/D","Ninguna","Sin restricción"
2016,1071,2/2/2016,"Martes",0,13:10:00,,"0.0",2,"Moto/Ciclomotor,Moto/Ciclomotor","Av A del Valle Y Alfonsina Storni",3,3,0,0,0,0,0,,"Calle",,"SANTA FE","La Capital","Asfalto","No existe","I","Dentro","Urbana","Ninguna","No existe","Intersección","Bueno","Buena","Diurna","S/D","Lateral","S/D","Colisión","S/D","Vertical","Ninguna","Sin restricción"
2016,1072,2/17/2016,"Miercoles",0,15:50:00,,"0.0",2,"Moto/Ciclomotor,Camión","Necochea Y Gorriti",2,1,0,0,1,0,0,,"Calle",,"SANTA FE","La Capital","Asfalto","No existe","I","Dentro","Urbana","Ninguna","No existe","Intersección","Bueno","Buena","Diurna","Buen Tiempo","Lateral","S/D","Colisión","S/D","Vertical","Ninguna","Sin restricción"
2016,1073,2/21/2016,"Domingo",0,0:25:00,,"0.0",2,"Moto/Ciclomotor,Otros","Av A del Valle 8500",3,2,0,0,1,0,0,,"Calle",,"SANTA FE","La Capital","Asfalto","No existe","I","Dentro","Urbana","Semáforo","Funciona","Recta","Con baches","Buena","Nocturna,Con luz artificial","Buen Tiempo","De alcance","S/D","Colisión","S/D","Horizontal","Ninguna","Sin restricción"
2016,1074,2/24/2016,"Miercoles",0,16:30:00,,"0.0",2,"Peatón,Pickup/Utilitario"," ",2,1,0,0,1,0,0,,"Calle",,"SANTA FE","La Capital","Asfalto","Pavimento","I","Dentro","Urbana","Ninguna","S/D","Recta","Bueno","Buena","Diurna","Buen Tiempo","Lateral","S/D","Colisión","S/D","Horizontal","Cordón divisorio","Sin restricción"
2016,1075,2/8/2016,"Lunes",0,17:00:00,,"0.0",2,"Bicicleta,Automóvil"," ",2,0,1,0,1,0,0,,"Calle",,"SANTA FE","La Capital","Asfalto","No existe","I","Dentro","Urbana","Ninguna","No existe","Recta","Bueno","Buena","Diurna","Buen Tiempo","Lateral","S/D","Atropello","S/D","Horizontal","Línea divisoria pintada","Sin restricción"
2016,1076,2/29/2016,"Lunes",0,14:50:00,,"0.0",2,"Automóvil,Bicicleta","Artigas Y Juan Diaz de Solis",2,1,0,0,1,0,0,,"Calle",,"SANTA FE","La Capital","Asfalto","No existe","I","Dentro","Urbana","Semáforo","Funciona","Recta","Bueno","Buena","Diurna","Buen Tiempo","Lateral","S/D","Atropello","S/D","Vertical","Ninguna","Sin restricción"
2016,1077,2/1/2016,"Lunes",0,16:00:00,,"0.0",2,"Moto/Ciclomotor,Automóvil","Salvador Caputo Y Lamadrid",2,1,0,0,1,0,0,,"Calle",,"SANTA FE","La Capital","Asfalto","No existe","I","Dentro","Urbana","Ninguna","No existe","Intersección","Bueno","Buena","Diurna","Buen Tiempo","Lateral","S/D","Colisión","S/D","Faltante","Cordón divisorio","Sin restricción"
2016,1078,2/21/2016,"Domingo",0,23:50:00,,"0.0",2,"Bicicleta,Automóvil","Av San Lorenzo Y Urquiza",2,0,0,0,0,0,2,,"Calle",,"CAPITÁN BERMÚDEZ","San Lorenzo","Asfalto","Pavimento","XVII","Dentro","Urbana","Ninguna","No existe","Intersección","Bueno","Buena","Nocturna","Buen Tiempo","Lateral","S/D","Atropello","S/D","Faltante","Ninguna","Sin restricción"
2016,1079,2/23/2016,"Martes",0,14:45:00,,"0.0",2,"Otros,Automóvil","Colon ",2,1,0,0,1,0,0,,"Calle",,"CAPITÁN BERMÚDEZ","San Lorenzo","Asfalto","Pavimento","XVII","Dentro","Urbana","Ninguna","No existe","Intersección","Bueno","Buena","Diurna","Buen Tiempo","Lateral","S/D","Colisión","S/D","Faltante","Ninguna","Sin restricción"
2016,1080,2/5/2016,"Viernes",0,14:15:00,,"0.0",2,"Automóvil,Moto/Ciclomotor","Av. Caseros Bis Y Francia F",2,1,0,0,1,0,0,,"Calle",,"ROSARIO","Rosario","Asfalto","No existe","II","Dentro","Urbana","S/D","S/D","Intersección","Bueno","Buena","Diurna","Buen Tiempo","Lateral","S/D","Colisión","Ninguna","S/D","S/D","S/D"
2016,1081,2/28/2016,"Domingo",0,19:30:00,,"0.0",2,"Moto/Ciclomotor,Bicicleta","Pje Ingenieros Y French",2,1,0,0,1,0,0,,"Calle",,"SANTA FE","La Capital","Asfalto","Natural","I","Dentro","Urbana","S/D","No existe","Intersección","Deteriorada","Buena","Atardecer","Buen Tiempo","Lateral","S/D","Atropello","S/D","Faltante","S/D","S/D"
2016,1082,2/9/2016,"Martes",0,15:00:00,,"0.0",2,"Moto/Ciclomotor,Taxi/Remis","Tte.Agneta ",2,1,0,0,1,0,0,,"Calle",,"ROSARIO","Rosario","Hormigón","No existe","II","Dentro","Urbana","S/D","No existe","Intersección","Bueno","Buena","Diurna","Buen Tiempo","Lateral","S/D","Colisión","S/D","Faltante","Ninguna","Sin restricción"
2016,1083,2/3/2016,"Miercoles",0,14:45:00,,"0.0",2,"Moto/Ciclomotor,Automóvil","Rivadavia Y J M Zuviria",2,1,0,0,1,0,0,,"Calle",,"SANTA FE","La Capital","Asfalto","No existe","I","Dentro","Urbana","Ninguna","No existe","Intersección","Bueno","Buena","Diurna","Buen Tiempo","Lateral","S/D","Colisión","S/D","S/D","Ninguna","Sin restricción"
2016,1084,2/6/2016,"Sabado",0,1:00:00,,"0.0",2,"Moto/Ciclomotor,Automóvil","Av Gral Paz Y Gutierrez",3,1,0,0,2,0,0,,"Avenida",,"SANTA FE","La Capital","Asfalto","No existe","I","Dentro","Urbana","S/D","No existe","Intersección","Bueno","Reducida","Nocturna","Buen Tiempo","Lateral","S/D","Colisión","S/D","S/D","S/D","Sin restricción"
2016,1085,2/18/2016,"Jueves",0,11:00:00,,"0.0",2,"Automóvil,Moto/Ciclomotor","Av A del Valle Y Angel Cassanello",2,1,0,0,1,0,0,,"Avenida",,"SANTA FE","La Capital","Asfalto","No existe","I","Dentro","Urbana","Semáforo","Funciona","Intersección","Bueno","Buena","Diurna","Buen Tiempo","Lateral","S/D","Colisión","S/D","S/D","Ninguna","Sin restricción"