"anio_acci","nro_acci","fecha","desc_dia","fecha_aprox","hora_aprox","desc_ruta","km","cant_participantes","desc_participante","calle_avenida_km","total","heridos_leves","heridos_graves","heridos_gravisimos","ilesos","fallecidos","sin_datos","posicion_XY","desc_tipo_via","desc_ruta_ori","desc_loc","desc_dpto","desc_tipo_calzada","desc_tipo_banquina","desc_unidad_regional","desc_lugar_calzada","desc_zona","desc_prioridad","desc_estado_semaforo","desc_lugar_via","desc_estado_via","desc_estado_visibilidad","desc_luminosidad","desc_estado_clima","desc_tipo_colision","desc_tipo_atropello","desc_tipo_hecho","desc_pres_calzada","desc_senializacion","desc_separacion_via","desc_restriccion"
2016,1086,2/19/2016,"Viernes",0,0:50:00,,"0.0",2,"Moto/Ciclomotor,Moto/Ciclomotor","Salvador del Carril Y Pje Olegario Victor Andrade",2,1,0,0,1,0,0,,"Calle",,"SANTA FE","La Capital","Asfalto","No existe","I","Dentro","Urbana","Otra Señal","No existe","Paso a Nivel FFCC","Bueno","Buena","Nocturna","Buen Tiempo","De alcance","S/D","Colisión","S/D","S/D","Ninguna","Sin restricción"
2016,1087,2/21/2016,"Domingo",0,3:30:00,,"0.0",2,"Moto/Ciclomotor,Automóvil","Av Almte Brown Y Bv Muttis",2,1,0,0,1,0,0,,"Calle",,"SANTA FE","La Capital","Asfalto","No existe","I","Dentro","Urbana","Ninguna","No existe","Rotonda","Bueno","Reducida","Nocturna","Buen Tiempo","Lateral","S/D","Colisión","Ninguna","S/D","Línea divisoria pintada","Sin restricción"
2016,1088,2/27/2016,"Sabado",0,17:20:00,,"0.0",2,"Automóvil,Automóvil","Angel Cassanello Y Alberdi",2,1,0,0,1,0,0,,"Calle",,"SANTA FE","La Capital","Asfalto","No existe","I","Dentro","Urbana","Ninguna","No existe","Intersección","Bueno","Buena","Diurna","Buen Tiempo","Lateral","S/D","Colisión","Ninguna","S/D","Ninguna","Sin restricción"
2016,1089,2/27/2016,"Sabado",0,21:40:00,,"0.0",2,"Moto/Ciclomotor,Automóvil","Guemes Y Gutierrez",2,1,0,0,1,0,0,,"Calle",,"SANTA FE","La Capital","Asfalto","No existe","I","Dentro","Urbana","Ninguna","No existe","Intersección","Bueno","Reducida","Nocturna","Buen Tiempo","Lateral","S/D","Colisión","Ninguna","S/D","Ninguna","Sin restricción"
2016,1090,2/28/2016,"Domingo",0,0:40:00,,"0.0",2,"Moto/Ciclomotor,Automóvil","J Castelli 2100",3,1,0,0,2,0,0,,"Calle",,"SANTA FE","La Capital","Asfalto","No existe","I","Dentro","Urbana","S/D","No existe","Intersección","Bueno","Buena","Nocturna","Buen Tiempo","Lateral","S/D","Colisión","Ninguna","S/D","S/D","Sin restricción"
2016,1091,2/28/2016,"Domingo",0,2:45:00,,"0.0",2,"Moto/Ciclomotor,Pickup/Utilitario","Av Almte Brown Y Dolores Alfaro De Vera",2,1,0,0,1,0,0,,"Avenida",,"SANTA FE","La Capital","Asfalto","No existe","I","Dentro","Urbana","Ninguna","No existe","Recta","Bueno","S/D","Nocturna","Buen Tiempo","De alcance","S/D","Colisión","Ninguna","S/D","Ninguna","Sin restricción"
2016,1092,2/10/2016,"Miercoles",0,18:30:00,"Ruta Nacional 178","0.0",2,"Automóvil,Moto/Ciclomotor","Moreno Y Ruta Nac 178",2,1,0,0,1,0,0,,"Ruta",178,"LAS ROSAS","Belgrano","Ripio","Ripio","III","Dentro","Urbana","Ninguna","No existe","Intersección","Bueno","Buena","Diurna","Buen Tiempo","Lateral","S/D","Colisión","Ninguna","Faltante","Cordón divisorio","Sin restricción"
2016,1093,2/6/2016,"Sabado",0,20:45:00,,"0.0",1,"Moto/Ciclomotor"," ",1,1,0,0,0,0,0,,"Calle",,"LAS PAREJAS","Belgrano","Asfalto","No existe","III","Dentro","Urbana","Ninguna","No existe","Intersección","Bueno","Buena","Nocturna,Con luz artificial","Buen Tiempo","S/D","S/D","Caída ocupante","Ninguna","Faltante","Ninguna","Sin restricción"
2016,1094,2/6/2016,"Sabado",0,10:45:00,,"0.0",2,"Moto/Ciclomotor,Pickup/Utilitario","Calle 15 Y Calle 14",3,1,0,0,2,0,0,,"Calle",,"LAS PAREJAS","Belgrano","Asfalto","No existe","III","Dentro","Urbana","Ninguna","No existe","Intersección","Bueno","Buena","Diurna","Buen Tiempo","Lateral","S/D","Colisión","Ninguna","S/D","Ninguna","S/D"
2016,1095,2/12/2016,"Viernes",0,9:20:00,,"0.0",1,"Bicicleta","Avenida 21 Y Calle 16",1,1,0,0,0,0,0,,"Avenida",,"LAS PAREJAS","Belgrano","Asfalto","No existe","III","Dentro","Urbana","S/D","No existe","Recta","Bueno","Buena","Diurna","Buen Tiempo","Contra objeto fijo","S/D","Colisión","Ninguna","Vertical","Cordón divisorio,Vegetación","Sin restricción"
2016,1096,2/13/2016,"Sabado",0,3:20:00,,"0.0",1,"Moto/Ciclomotor","Calle 25 Y Calle 20",2,1,1,0,0,0,0,,"Calle",,"LAS PAREJAS","Belgrano","Asfalto","No existe","III","Dentro","Urbana","Ninguna","No existe","Recta","Bueno","Buena","Nocturna,Con luz artificial","Buen Tiempo","Contra objeto fijo","S/D","Colisión","Agua","Faltante","Ninguna","Sin restricción"
2016,1097,2/13/2016,"Sabado",0,16:55:00,,"0.0",2,"Moto/Ciclomotor,Automóvil","Belgrano 2300",2,1,0,0,1,0,0,,"Calle",,"CORONDA","San Jerónimo","Asfalto","No existe","XV","Dentro","Urbana","Ninguna","No existe","Recta","Bueno","Buena","Diurna","Buen Tiempo","Lateral","S/D","Colisión","S/D","Faltante","Ninguna","Sin restricción"
2016,1098,2/7/2016,"Domingo",0,10:10:00,,"0.0",2,"Bicicleta,Automóvil","Belgrano Y Mitre",2,1,0,0,1,0,0,,"Calle",,"CORONDA","San Jerónimo","Asfalto","No existe","XV","Dentro","Urbana","Ninguna","No existe","Intersección","Bueno","Buena","Diurna","Buen Tiempo","S/D","S/D","Atropello","S/D","Faltante","Ninguna","Sin restricción"
2016,1099,2/8/2016,"Lunes",0,19:00:00,,"0.0",2,"Moto/Ciclomotor,Automóvil","Colon Y Salta",2,1,0,0,1,0,0,,"Calle",,"VILLA CONSTITUCIÓN","Constitución","Asfalto","No existe","VI","Dentro","Urbana","Ninguna","No existe","Intersección","Bueno","Buena","Diurna","Buen Tiempo","Lateral","S/D","Colisión","Ninguna","S/D","Ninguna","Sin restricción"
2016,1100,2/20/2016,"Sabado",0,8:00:00,,"0.0",2,"Moto/Ciclomotor,Otros","Gral Lopez Y Garay",2,1,0,0,1,0,0,,"Calle",,"CORONDA","San Jerónimo","Asfalto","No existe","XV","Dentro","Urbana","Ninguna","No existe","Intersección","Bueno","Buena","Diurna","Buen Tiempo","Lateral","S/D","Colisión","S/D","Faltante","Ninguna","Sin restricción"
2016,1101,2/14/2016,"Domingo",0,10:30:00,,"0.0",2,"Moto/Ciclomotor,Automóvil","Salta Y Simon Bolivar",3,2,0,0,1,0,0,,"Calle",,"VILLA CONSTITUCIÓN","Constitución","Asfalto","No existe","VI","Dentro","Urbana","Ninguna","No existe","Intersección","Bueno","Buena","Diurna","Buen Tiempo","Lateral","S/D","Colisión","Ninguna","Faltante","Ninguna","Sin restricción"
2016,1102,2/3/2016,"Miercoles",0,8:30:00,,"0.0",2,"Pickup/Utilitario,Peatón","San Martin Y Jorge Newbery",2,0,1,0,1,0,0,,"Calle",,"VILLA CONSTITUCIÓN","Constitución","Asfalto","No existe","VI","Dentro","Urbana","Ninguna","No existe","Intersección","Bueno","Buena","Diurna","Buen Tiempo","S/D","S/D","Atropello","S/D","Faltante","Ninguna","Sin restricción"
2016,1103,2/19/2016,"Viernes",0,23:55:00,,"0.0",2,"Moto/Ciclomotor,Automóvil","Presidente Peron Y Belgrano",2,1,0,0,1,0,0,,"Avenida",,"VILLA CONSTITUCIÓN","Constitución","Asfalto","No existe","VI","Dentro","Urbana","Ninguna","No existe","Intersección","Bueno","Buena","Nocturna","Buen Tiempo","Lateral","S/D","Colisión","S/D","Faltante","Ninguna","Sin restricción"
2016,1104,2/23/2016,"Martes",0,10:30:00,,"0.0",2,"Automóvil,Automóvil","Juan Jose de Urquiza Y Catamarca",2,1,0,0,1,0,0,,"Calle",,"VILLA CONSTITUCIÓN","Constitución","Asfalto","No existe","VI","Dentro","Urbana","S/D","No existe","Intersección","Bueno","Buena","Diurna","Buen Tiempo","Lateral","S/D","Colisión","Ninguna","Faltante","S/D","Sin restricción"
2016,1105,2/3/2016,"Miercoles",0,17:50:00,,"0.0",2,"Automóvil,Moto/Ciclomotor","Comodoro Rivadavia Y Manuel Dorrego",3,1,0,0,2,0,0,,"Calle",,"VILLA CONSTITUCIÓN","Constitución","Asfalto","No existe","VI","Dentro","Urbana","Ninguna","No existe","Intersección","Bueno","Buena","Diurna","Buen Tiempo","Frontal","S/D","Colisión","S/D","Faltante","Ninguna","Sin restricción"
2016,1106,2/20/2016,"Sabado",0,23:50:00,,"0.0",2,"Moto/Ciclomotor,Automóvil","Jujuy Y Sarmiento",3,2,0,0,1,0,0,,"Calle",,"VILLA CONSTITUCIÓN","Constitución","Asfalto","No existe","VI","Dentro","Urbana","Ninguna","No existe","Intersección","Bueno","Buena","Nocturna","Buen Tiempo","Lateral","S/D","Colisión","Ninguna","Faltante","Ninguna","Sin restricción"
2016,1107,2/15/2016,"Lunes",0,21:15:00,,"0.0",2,"Moto/Ciclomotor,Automóvil","Chubut 1500",3,2,0,0,1,0,0,,"Calle",,"VILLA CONSTITUCIÓN","Constitución","Asfalto","No existe","VI","Dentro","Urbana","Ninguna","No existe","Intersección","Bueno","Buena","Nocturna,Con luz artificial","Buen Tiempo","Frontal","S/D","Colisión","S/D","Faltante","Ninguna","Sin restricción"
2016,1108,2/10/2016,"Miercoles",0,12:30:00,,"0.0",2,"Automóvil,Moto/Ciclomotor","25 de Mayo Y Urquiza",2,1,0,0,1,0,0,,"Calle",,"EMPALME VILLA CONSTITUCIÓN","Constitución","Hormigón","Pavimento","VI","Dentro","Urbana","Ninguna","No existe","Intersección","Deteriorada","Buena","Diurna","Buen Tiempo","Lateral","S/D","Colisión","Ninguna","Horizontal","Ninguna","Sin restricción"
2016,1109,2/24/2016,"Miercoles",0,18:40:00,,"0.0",2,"Moto/Ciclomotor,Automóvil","Italia Y Moreno",2,1,0,0,1,0,0,,"Calle",,"EMPALME VILLA CONSTITUCIÓN","Constitución","Hormigón","Pavimento","VI","Dentro","Urbana","Ninguna","No existe","Intersección","Deteriorada","Buena","Atardecer","Buen Tiempo","Lateral","S/D","Colisión","S/D","Horizontal","Ninguna","Sin restricción"
2016,1110,2/17/2016,"Miercoles",0,16:00:00,,"0.0",2,"Moto/Ciclomotor,Automóvil","Rivarola Y Mazoratti",2,1,0,0,1,0,0,,"Calle",,"VILLA CONSTITUCIÓN","Constitución","Ripio","No existe","VI","Dentro","Urbana","Ninguna","No existe","Intersección","Bueno","Buena","Diurna","Buen Tiempo","Lateral","S/D","Colisión","S/D","Faltante","Ninguna","Sin restricción"
2016,1111,2/26/2016,"Viernes",0,8:00:00,"Ruta Provincial 21","0.0",2,"Pickup/Utilitario,Moto/Ciclomotor"," ",2,1,0,0,1,0,0,,"Ruta",21,"VILLA CONSTITUCIÓN","Constitución","Asfalto","Pavimento","VI","Dentro","Urbana","Ninguna","No existe","Recta","Bueno","Buena","Diurna","Buen Tiempo","Frontal","S/D","Colisión","S/D","Faltante","Ninguna","Sin restricción"
2016,1112,2/27/2016,"Sabado",0,16:45:00,,"0.0",2,"Moto/Ciclomotor,Bicicleta","Colon Y Jorge Newbery",2,1,0,0,1,0,0,,"Calle",,"VILLA CONSTITUCIÓN","Constitución","Asfalto","No existe","VI","Dentro","Urbana","Ninguna","No existe","Intersección","Bueno","Buena","Diurna","Buen Tiempo","Frontal","S/D","Atropello","S/D","Faltante","Ninguna","Sin restricción"
2016,1113,2/7/2016,"Domingo",0,9:00:00,"Ruta Provincial 21","0.0",1,"Pickup/Utilitario"," ",4,1,0,0,3,0,0,,"Ruta",21,"VILLA CONSTITUCIÓN","Constitución","Asfalto","Natural","VI","Fuera","Rural","Ninguna","No existe","Intersección","Bueno","Buena","Diurna","Lluvia","Contra objeto fijo","S/D","Colisión","Ninguna","Horizontal","Ninguna","Sin restricción"
2016,1114,2/18/2016,"Jueves",0,22:00:00,"Ruta Provincial 2","348.0",2,"Pickup/Utilitario,Moto/Ciclomotor"," ",3,1,1,0,1,0,0,,"Ruta",2,"TOSTADO","9 de Julio","Asfalto","Natural","XII","Dentro","Urbana","Ninguna","No existe","Recta","Bueno","Reducida","Nocturna","Buen Tiempo","Frontal","S/D","Colisión","S/D","S/D","S/D","Sin restricción"
2016,1115,2/21/2016,"Domingo",0,9:40:00,"Ruta Provincial 2","291.0",1,"Automóvil"," ",4,2,2,0,0,0,0,,"Ruta",2,"LOGROÑO","9 de Julio","Asfalto","Natural","XII","Dentro","Urbana","Ninguna","No existe","Recta","Bueno","Buena","Diurna","Buen Tiempo","S/D","S/D","Despiste","S/D","Faltante","S/D","Sin restricción"
2016,1116,2/25/2016,"Jueves",0,12:00:00,"Ruta Provincial 65","14.0",1,"Automóvil"," ",1,1,0,0,0,0,0,,"Ruta",65,"DÍAZ","San Jerónimo","Asfalto","Natural","XV","Dentro","Urbana","Ninguna","No existe","Curva","Con baches","Buena","Diurna","Buen Tiempo","S/D","S/D","Vuelco","S/D","Faltante","Ninguna","Sin restricción"
2016,1117,3/3/2016,"Jueves",0,21:10:00,"Ruta Provincial 21","0.0",2,"Automóvil,Moto/Ciclomotor","Ruta Prov 21 Y Dr Silvestre Begnis",2,1,0,0,1,0,0,,"Ruta",21,"VILLA CONSTITUCIÓN","Constitución","Asfalto","Pavimento","VI","Dentro","Urbana","Ninguna","No existe","Intersección","Bueno","Buena","Con luz artificial","Buen Tiempo","Frontal","S/D","Colisión","Ninguna","S/D","Ninguna","Sin restricción"
2016,1118,2/4/2016,"Jueves",0,12:35:00,,"0.0",2,"Pickup/Utilitario,Cuatriciclo","Chubut Y Simon Bolivar",2,1,0,0,1,0,0,,"Calle",,"VILLA CONSTITUCIÓN","Constitución","Asfalto","No existe","VI","Dentro","Urbana","Ninguna","No existe","Intersección","Bueno","Buena","Diurna","Buen Tiempo","Frontal","S/D","Colisión","Ninguna","Faltante","Ninguna","Sin restricción"
2016,1119,2/2/2016,"Martes",0,,,"0.0",2,"Moto/Ciclomotor,Automóvil","San Juan Y Rivadavia",3,2,0,0,1,0,0,,"Calle",,"VILLA CONSTITUCIÓN","Constitución","Asfalto","S/D","VI","Dentro","Urbana","Ninguna","No existe","Recta","Bueno","Buena","Diurna","Buen Tiempo","Otro","S/D","Otro","Ninguna","Faltante","Ninguna","Sin restricción"
2016,1120,2/12/2016,"Viernes",0,10:00:00,,"0.0",2,"Bicicleta,Automóvil","Independencia Y Catamarca",2,1,0,0,1,0,0,,"Calle",,"VILLA CONSTITUCIÓN","Constitución","Asfalto","No existe","VI","Dentro","Urbana","Ninguna","No existe","Intersección","Bueno","Buena","Diurna","Buen Tiempo","S/D","S/D","Atropello","Ninguna","Faltante","Ninguna","Sin restricción"
2016,1121,6/7/2016,"Martes",0,13:15:00,"Ruta Provincial 90","0.0",2,"Automóvil,Automóvil"," ",4,2,0,0,2,0,0,,"Ruta",90,"SANTA TERESA","Constitución","Asfalto","Pavimento","VI","Dentro","Rural","S/D","No existe","Cruce","Bueno","Buena","Diurna","Buen Tiempo","Lateral","S/D","Colisión","S/D","Faltante","Línea divisoria pintada","Sin restricción"
2016,1122,2/26/2016,"Viernes",0,,,"0.0",2,"Moto/Ciclomotor,Moto/Ciclomotor","12 de Octubre Y Presidente Peron",4,2,0,0,2,0,0,,"Avenida",,"VILLA CONSTITUCIÓN","Constitución","Asfalto","Pavimento","VI","Dentro","Urbana","Ninguna","No existe","Intersección","Bueno","Buena","Diurna","Buen Tiempo","Lateral","S/D","Colisión","Ninguna","Faltante","Ninguna","Sin restricción"
2016,1123,2/16/2016,"Martes",0,3:20:00,,"0.0",1,"Automóvil","ACCESO A EMPALME ",1,1,0,0,0,0,0,,"Calle",,"EMPALME VILLA CONSTITUCIÓN","Constitución","Hormigón","Natural","VI","Dentro","Urbana","Ninguna","No existe","Curva","Con baches","Buena","Nocturna","Buen Tiempo","S/D","S/D","Despiste","S/D","Faltante","Ninguna","Sin restricción"
2016,1124,2/27/2016,"Sabado",0,23:30:00,,"0.0",2,"Moto/Ciclomotor,Automóvil"," ",2,1,0,0,1,0,0,,"Calle",,"CORONDA","San Jerónimo","Asfalto","No existe","XV","Dentro","Urbana","Ninguna","No existe","Intersección","Bueno","Buena","Diurna","Buen Tiempo","Lateral","S/D","Colisión","S/D","Horizontal","Ninguna","Sin restricción"
2016,1125,2/6/2016,"Sabado",0,5:00:00,,"0.0",1,"Moto/Ciclomotor","H Irigoyen 1100",2,1,1,0,0,0,0,,"Calle",,"CORONDA","San Jerónimo","Asfalto","No existe","XV","Dentro","Urbana","Ninguna","No existe","Recta","Bueno","Reducida","Nocturna","Buen Tiempo","S/D","S/D","Caída ocupante","S/D","Faltante","Ninguna","Sin restricción"
2016,1126,2/7/2016,"Domingo",0,,"Ruta Nacional 177","0.0",2,"Moto/Ciclomotor,Automóvil"," ",4,2,0,0,2,0,0,,"Ruta",177,"VILLA CONSTITUCIÓN","Constitución","Asfalto","Pavimento","VI","Dentro","Urbana","Ninguna","No existe","Recta","Bueno","Buena","Diurna","Buen Tiempo","De alcance","S/D","Colisión","Ninguna","Faltante","Ninguna","Sin restricción"
2016,1127,2/6/2016,"Sabado",0,,,"0.0",2,"Bicicleta,Automóvil","Saavedra Y 14 de Febrero",2,1,0,0,1,0,0,,"Avenida",,"VILLA CONSTITUCIÓN","Constitución","Asfalto","Pavimento","VI","Dentro","Urbana","Ninguna","Funciona","Intersección","Bueno","Buena","Diurna","Buen Tiempo","S/D","S/D","Atropello","Ninguna","Vertical","Ninguna","Sin restricción"
2016,1128,2/11/2016,"Jueves",0,20:30:00,,"0.0",2,"Automóvil,Moto/Ciclomotor","Belgrano Y Almafuerte",4,2,0,0,2,0,0,,"Calle",,"CORONDA","San Jerónimo","Asfalto","No existe","XV","Dentro","Urbana","Ninguna","No existe","Intersección","Bueno","Buena","Atardecer","Buen Tiempo","Lateral","S/D","Colisión","S/D","Faltante","Ninguna","Sin restricción"
2016,1129,2/12/2016,"Viernes",0,16:00:00,,"0.0",1,"Moto/Ciclomotor","Manuel Dorrego Y Av. del Trabajo",1,1,0,0,0,0,0,,"Calle",,"VILLA CONSTITUCIÓN","Constitución","Asfalto","Pavimento","VI","Dentro","Urbana","Ninguna","No existe","Recta","Bueno","Buena","Diurna","Buen Tiempo","S/D","S/D","Caída ocupante","S/D","S/D","Ninguna","Sin restricción"
2016,1130,2/5/2016,"Viernes",0,,,"0.0",2,"Moto/Ciclomotor,Camión","Juan Jose de Urquiza Y Cordoba",2,1,0,0,1,0,0,,"Calle",,"VILLA CONSTITUCIÓN","Constitución","Asfalto","No existe","VI","Dentro","Urbana","Ninguna","No existe","Recta","Bueno","Buena","Diurna","Buen Tiempo","S/D","S/D","Colisión","Ninguna","Faltante","Ninguna","Sin restricción"
2016,1131,2/18/2016,"Jueves",0,0:50:00,,"0.0",1,"Pickup/Utilitario","Magallanes Y Brigadier Estanislao Lopez",2,1,0,0,1,0,0,,"Calle",,"GABOTO","San Jerónimo","Ripio","Natural","XV","Dentro","Urbana","Ninguna","No existe","Intersección","Bueno","Buena","Nocturna","Buen Tiempo","S/D","S/D","Vuelco","S/D","Faltante","S/D","Sin restricción"
2016,1132,2/1/2016,"Lunes",0,,,"0.0",2,"Automóvil,Automóvil"," ",2,1,0,0,1,0,0,,"S/D",,"VILLA CONSTITUCIÓN","Constitución","S/D","S/D","VI","S/D","S/D","S/D","S/D","S/D","S/D","S/D","S/D","S/D","S/D","S/D","Colisión","S/D","S/D","S/D","S/D"
2016,1133,2/29/2016,"Lunes",0,,,"0.0",2,"Automóvil,Moto/Ciclomotor","Acevedo Y Rivadavia",3,2,0,0,1,0,0,,"Calle",,"VILLA CONSTITUCIÓN","Constitución","Asfalto","Pavimento","VI","Dentro","Urbana","Ninguna","No existe","Intersección","Bueno","Buena","Diurna","Buen Tiempo","Lateral","S/D","Colisión","Ninguna","Faltante","Ninguna","Sin restricción"
2016,1134,2/2/2016,"Martes",0,,,"0.0",2,"Moto/Ciclomotor,Pickup/Utilitario","Lisandro de la Torre Y Sarmiento",2,1,0,0,1,0,0,,"Calle",,"VILLA CONSTITUCIÓN","Constitución","Asfalto","Pavimento","VI","Dentro","Urbana","Ninguna","No existe","Intersección","Bueno","Buena","Diurna","Buen Tiempo","Lateral","S/D","Colisión","Ninguna","Faltante","Ninguna","Sin restricción"
2016,1135,2/8/2016,"Lunes",0,12:20:00,,"0.0",2,"Bicicleta,Moto/Ciclomotor","Bvard 20 de Junio Y Maipu",2,2,0,0,0,0,0,,"Calle",,"GÁLVEZ","San Jerónimo","Asfalto","No existe","XV","Dentro","Urbana","Ninguna","No existe","Recta","Bueno","Buena","Diurna","Buen Tiempo","Frontal","S/D","Atropello","S/D","S/D","Vegetación","Sin restricción"
2016,1136,2/1/2016,"Lunes",0,,,"0.0",1,"Moto/Ciclomotor","Guillermo Brown Y Salta",1,1,0,0,0,0,0,,"Calle",,"VILLA CONSTITUCIÓN","Constitución","Asfalto","Pavimento","VI","Dentro","Urbana","Ninguna","No existe","Intersección","Bueno","Buena","Diurna","Buen Tiempo","Contra objeto fijo","S/D","Colisión","Ninguna","Faltante","Ninguna","Sin restricción"
2016,1137,2/22/2016,"Lunes",0,16:25:00,"Ruta Provincial 70","0.0",2,"Automóvil,Moto/Ciclomotor","Ruta provincial 70 Y R P A Janssen",3,1,1,0,1,0,0,,"Ruta",70,"ESPERANZA","Las Colonias","Asfalto","No existe","XI","Dentro","Urbana","S/D","Funciona","Intersección","Bueno","Buena","Diurna","Buen Tiempo","De alcance","S/D","Colisión","Ninguna","Vertical","S/D","S/D"
2016,1138,2/3/2016,"Miercoles",0,,,"0.0",2,"Moto/Ciclomotor,Automóvil","Saavedra Y Cordoba",2,1,0,0,1,0,0,,"Avenida",,"VILLA CONSTITUCIÓN","Constitución","Asfalto","Pavimento","VI","Dentro","Urbana","Ninguna","No existe","Intersección","Bueno","Buena","Diurna","Buen Tiempo","Frontal","S/D","Colisión","Ninguna","Faltante","Ninguna","Sin restricción"
2016,1139,2/7/2016,"Domingo",0,12:15:00,"Ruta Secundaria 80-s","0.0",1,"Automóvil"," ",2,2,0,0,0,0,0,,"Ruta","80-s","AROCENA","San Jerónimo","Asfalto","Natural","XV","Dentro","Urbana","Ninguna","No existe","Recta","Bueno","Buena","Diurna","Buen Tiempo","Contra objeto fijo","S/D","Colisión","S/D","Faltante","Línea divisoria pintada","Sin restricción"
2016,1140,2/6/2016,"Sabado",0,,,"0.0",2,"Moto/Ciclomotor,Automóvil","Juan Jose de Urquiza Y 14 de Febrero",3,2,0,0,1,0,0,,"Avenida",,"VILLA CONSTITUCIÓN","Constitución","Asfalto","Pavimento","VI","Dentro","Urbana","Ninguna","No existe","Intersección","Bueno","Buena","Diurna","Buen Tiempo","De alcance","S/D","Colisión","Ninguna","Faltante","Ninguna","Sin restricción"
2016,1141,2/22/2016,"Lunes",0,10:35:00,,"0.0",2,"Automóvil,Bicicleta","General Manuel Belgrano 2300",2,1,0,0,1,0,0,,"Calle",,"ESPERANZA","Las Colonias","Asfalto","No existe","XI","Dentro","Urbana","Ninguna","No existe","Recta","Bueno","Buena","Diurna","Buen Tiempo","S/D","S/D","Atropello","Ninguna","S/D","Ninguna","Sin restricción"
2016,1142,2/19/2016,"Viernes",0,22:30:00,"Ruta Nacional 11","408.0",1,"Moto/Ciclomotor"," ",1,0,1,0,0,0,0,,"Ruta",11,"AROCENA","San Jerónimo","Asfalto","Natural","XV","Dentro","Urbana","Ninguna","No existe","Recta","Bueno","Reducida","Nocturna","Buen Tiempo","Atropello animal","S/D","Colisión","S/D","Horizontal","Línea divisoria pintada","Sin restricción"
2016,1143,2/7/2016,"Domingo",0,,,"0.0",2,"Moto/Ciclomotor,Automóvil","Cordoba Y Rivadavia",3,2,0,0,1,0,0,,"Calle",,"VILLA CONSTITUCIÓN","Constitución","Asfalto","Pavimento","VI","Dentro","Urbana","Ninguna","No existe","Intersección","Bueno","Buena","Diurna","Buen Tiempo","Lateral","S/D","Colisión","Ninguna","Faltante","Ninguna","Sin restricción"
2016,1144,2/13/2016,"Sabado",0,15:40:00,,"0.0",2,"Automóvil,Transporte de Pasajeros Urbano (> 8 asientos)","9 de Julio Y Mariano Moreno",2,1,0,0,1,0,0,,"Calle",,"ESPERANZA","Las Colonias","Asfalto","No existe","XI","Dentro","Urbana","Ninguna","No existe","Intersección","Bueno","Buena","Diurna","Buen Tiempo","Lateral","S/D","Colisión","S/D","Horizontal,Vertical","Ninguna","Sin restricción"
2016,1145,2/14/2016,"Domingo",0,7:30:00,"Ruta Provincial 6","0.0",2,"Pickup/Utilitario,Moto/Ciclomotor"," ",3,1,1,0,1,0,0,,"Ruta",6,"ESPERANZA","Las Colonias","Asfalto","Natural","XI","Dentro","Urbana","Ninguna","No existe","Recta","Bueno","Buena","Amanecer","Buen Tiempo","De alcance","S/D","Colisión","Ninguna","Vertical","S/D","Sin restricción"
2016,1146,2/6/2016,"Sabado",0,,,"0.0",2,"Moto/Ciclomotor,Automóvil","Independencia Y Mendoza",3,2,0,0,1,0,0,,"Calle",,"VILLA CONSTITUCIÓN","Constitución","Asfalto","Pavimento","VI","Dentro","Urbana","Ninguna","No existe","Intersección","Bueno","Buena","Diurna","Buen Tiempo","Lateral","S/D","Colisión","Ninguna","Faltante","Ninguna","Sin restricción"
2016,1147,2/12/2016,"Viernes",0,12:10:00,,"0.0",2,"Moto/Ciclomotor,Automóvil","Manuel Dorrego Y Formosa",4,1,0,0,3,0,0,,"Calle",,"VILLA CONSTITUCIÓN","Constitución","Asfalto","Pavimento","VI","Dentro","Urbana","Ninguna","No existe","Intersección","Bueno","Buena","Diurna","Buen Tiempo","De alcance","S/D","Colisión","S/D","Faltante","Ninguna","Sin restricción"
2016,1148,2/13/2016,"Sabado",0,9:30:00,,"0.0",2,"Automóvil,Moto/Ciclomotor","Dr Galvez Y Nicolas Schneider",2,0,1,0,1,0,0,,"Calle",,"ESPERANZA","Las Colonias","Asfalto","No existe","XI","Dentro","Urbana","Ninguna","No existe","Intersección","Bueno","Buena","Diurna","Buen Tiempo","Lateral","S/D","Colisión","Agua","Vertical","Ninguna","S/D"
2016,1149,2/29/2016,"Lunes",0,20:20:00,,"0.0",2,"Moto/Ciclomotor,Bicicleta","Mariano Moreno Y B Iturraspe",2,2,0,0,0,0,0,,"Calle",,"ESPERANZA","Las Colonias","Asfalto","Pavimento","XI","Dentro","Urbana","Ninguna","No existe","Intersección","Bueno","Buena","Nocturna","Buen Tiempo","S/D","S/D","Atropello","S/D","S/D","S/D","Sin restricción"
2016,1150,2/24/2016,"Miercoles",0,0:45:00,,"0.0",2,"Moto/Ciclomotor,Moto/Ciclomotor","De las Naciones Y Mariano Moreno",5,5,0,0,0,0,0,,"Calle",,"ESPERANZA","Las Colonias","Asfalto","No existe","XI","Dentro","Urbana","Ninguna","No existe","Intersección","Bueno","Buena","Nocturna","Buen Tiempo","S/D","S/D","Caída ocupante,Despiste","S/D","Horizontal,Vertical","Ninguna","Sin restricción"