"anio_acci","nro_acci","fecha","desc_dia","fecha_aprox","hora_aprox","desc_ruta","km","cant_participantes","desc_participante","calle_avenida_km","total","heridos_leves","heridos_graves","heridos_gravisimos","ilesos","fallecidos","sin_datos","posicion_XY","desc_tipo_via","desc_ruta_ori","desc_loc","desc_dpto","desc_tipo_calzada","desc_tipo_banquina","desc_unidad_regional","desc_lugar_calzada","desc_zona","desc_prioridad","desc_estado_semaforo","desc_lugar_via","desc_estado_via","desc_estado_visibilidad","desc_luminosidad","desc_estado_clima","desc_tipo_colision","desc_tipo_atropello","desc_tipo_hecho","desc_pres_calzada","desc_senializacion","desc_separacion_via","desc_restriccion"
2016,1151,2/1/2016,"Lunes",0,17:15:00,,"0.0",2,"Automóvil,Moto/Ciclomotor","A Lincoln 187",2,0,0,0,0,0,2,,"Calle",,"RAFAELA","Castellanos","Asfalto","No existe","V","Dentro","Urbana","Ninguna","No existe","Recta","Bueno","Buena","Diurna","Buen Tiempo","Lateral","S/D","Colisión","Ninguna","Faltante","Cordón divisorio","Sin restricción"
2016,1152,2/28/2016,"Domingo",0,23:55:00,"Ruta Provincial 1","4.3",2,"Moto/Ciclomotor,Automóvil"," ",3,2,0,0,1,0,0,,"Ruta",1,"RINCÓN POTRERO","La Capital","Asfalto","No existe","I","Dentro","Urbana","Ninguna","No existe","Recta","Bueno","Reducida","Nocturna","Buen Tiempo","De alcance","S/D","Colisión","Ninguna","Faltante","Ninguna","Sin restricción"
2016,1153,2/27/2016,"Sabado",0,14:50:00,,"0.0",2,"Moto/Ciclomotor,Automóvil","Callejon Aguirre Y Alsina",2,1,0,0,1,0,0,,"Calle",,"SANTA FE","La Capital","Asfalto","S/D","I","Dentro","Urbana","Ninguna","No existe","Intersección","Bueno","Buena","Diurna","Buen Tiempo","Frontal","S/D","Colisión","S/D","Faltante","Ninguna","Sin restricción"
2016,1154,2/27/2016,"Sabado",0,14:25:00,,"0.0",2,"Moto/Ciclomotor,Moto/Ciclomotor","Aaron Castellanos Y R P A Janssen",2,2,0,0,0,0,0,,"Calle",,"ESPERANZA","Las Colonias","Asfalto","No existe","XI","Dentro","Urbana","S/D","No existe","Intersección","Bueno","Buena","Diurna","Buen Tiempo","Lateral","S/D","Colisión","S/D","Horizontal,Vertical","S/D","Sin restricción"
2016,1155,2/15/2016,"Lunes",0,22:00:00,,"0.0",2,"Moto/Ciclomotor,Moto/Ciclomotor","Juan de Garay Y Juan Baltasar Maciel",2,1,0,0,1,0,0,,"Calle",,"SANTA FE","La Capital","Tierra","No existe","I","Dentro","Urbana","Ninguna","No existe","Intersección","Bueno","Reducida","Nocturna","Buen Tiempo","Lateral","S/D","Colisión","Material Suelto","Faltante","Ninguna","Sin restricción"
2016,1156,2/25/2016,"Jueves",0,21:30:00,,"0.0",2,"Automóvil,Moto/Ciclomotor","Av Blas Parera Y Cogorno",3,2,0,0,1,0,0,,"Calle",,"SANTA FE","La Capital","Asfalto","No existe","I","Dentro","Urbana","Ninguna","No existe","Recta","Bueno","Buena","Nocturna","Buen Tiempo","De alcance","S/D","Colisión","S/D","Faltante","Ninguna","Sin restricción"
2016,1157,2/4/2016,"Jueves",0,9:10:00,,"0.0",2,"Moto/Ciclomotor,Automóvil"," ",2,1,0,0,1,0,0,,"Calle",,"RINCÓN POTRERO","La Capital","Tierra","No existe","I","Dentro","Urbana","Ninguna","No existe","Intersección","Con baches","Buena","Diurna","Buen Tiempo","Lateral","S/D","Colisión","Material Suelto","Faltante","Ninguna","Sin restricción"
2016,1158,2/27/2016,"Sabado",0,21:30:00,,"0.0",2,"Automóvil,Moto/Ciclomotor","Av Blas Parera Y Callejon Mendez",3,2,0,0,1,0,0,,"Calle",,"SANTA FE","La Capital","Asfalto","S/D","I","Dentro","Urbana","Ninguna","S/D","Intersección","Bueno","S/D","Nocturna","Buen Tiempo","De alcance","S/D","Colisión","S/D","Faltante","Ninguna","Sin restricción"
2016,1159,2/10/2016,"Miercoles",0,7:30:00,,"0.0",2,"Moto/Ciclomotor,Automóvil","Domingo Faustino Sarmiento Y 12 de Octubre",2,1,0,0,1,0,0,,"Calle",,"ESPERANZA","Las Colonias","Asfalto","S/D","XI","Dentro","Urbana","Ninguna","No existe","Intersección","Bueno","Buena","Diurna","Buen Tiempo","Lateral","S/D","Colisión","Ninguna","Vertical","Ninguna","Sin restricción"
2016,1160,2/18/2016,"Jueves",0,21:00:00,"Ruta Nacional 11","0.0",2,"Automóvil,Moto/Ciclomotor"," ",2,0,1,0,1,0,0,,"Ruta",11,"SAUCE VIEJO","La Capital","Asfalto","Natural","I","Dentro","Urbana","Ninguna","No existe","Curva","Bueno","Buena","Nocturna","Buen Tiempo","Frontal","S/D","Colisión","S/D","Vertical","Línea divisoria pintada","Sin restricción"
2016,1161,2/7/2016,"Domingo",0,3:50:00,"Ruta Provincial 1","8.0",2,"Automóvil,Moto/Ciclomotor"," ",2,1,0,0,1,0,0,,"Ruta",1,"RINCÓN POTRERO","La Capital","Asfalto","Natural","I","Dentro","Urbana","Ninguna","No existe","Recta","Bueno","Reducida","Nocturna","Buen Tiempo","Lateral","S/D","Colisión","Material Suelto","Faltante","Línea divisoria pintada","Sin restricción"
2016,1162,2/22/2016,"Lunes",0,20:50:00,"Ruta Provincial 1","0.0",2,"Moto/Ciclomotor,Moto/Ciclomotor"," ",3,3,0,0,0,0,0,,"Ruta",1,"CAYASTA","Garay","Asfalto","Natural","VII","Dentro","Urbana","Ninguna","No existe","Intersección","Con baches","Reducida","Nocturna","Buen Tiempo","Lateral","S/D","Colisión","S/D","Faltante","Ninguna","Sin restricción"
2016,1163,2/11/2016,"Jueves",0,21:50:00,"Ruta Nacional 11","0.0",2,"Moto/Ciclomotor,Pickup/Utilitario"," ",2,1,0,0,1,0,0,,"Ruta",11,"SAUCE VIEJO","La Capital","Asfalto","S/D","I","Dentro","Urbana","Ninguna","S/D","Intersección","Bueno","Reducida","Nocturna","Buen Tiempo","S/D","S/D","Colisión","S/D","S/D","Cordón divisorio","Sin restricción"
2016,1164,2/24/2016,"Miercoles",0,7:45:00,"Ruta Nacional 11","0.0",1,"Moto/Ciclomotor"," ",1,0,1,0,0,0,0,,"Ruta",11,"SANTO TOMÉ","La Capital","Tierra","Natural","I","Dentro","Urbana","S/D","No existe","Recta","Con baches","Reducida polvo","Diurna","Buen Tiempo","S/D","S/D","Caída ocupante","S/D","Faltante","S/D","Sin restricción"
2016,1165,2/15/2016,"Lunes",0,18:30:00,"Ruta Provincial 5","0.0",2,"Bicicleta,Pickup/Utilitario"," ",5,1,0,0,4,0,0,,"Ruta",5,"MONTE VERA","La Capital","Hormigón","Natural","I","Dentro","Urbana","Ninguna","No existe","Recta","Bueno","Buena","Diurna","Buen Tiempo","Lateral","S/D","Atropello","S/D","S/D","Ninguna","Sin restricción"
2016,1166,2/24/2016,"Miercoles",0,19:00:00,,"0.0",2,"Moto/Ciclomotor,Automóvil","Av Peñaloza Y Callejon Aguirre",2,1,0,0,1,0,0,,"Avenida",,"SANTA FE","La Capital","Tierra","S/D","I","Dentro","Urbana","S/D","S/D","Intersección","Con baches","Buena","Atardecer","Buen Tiempo","Lateral","S/D","Colisión","S/D","S/D","S/D","S/D"
2016,1167,2/4/2016,"Jueves",0,14:10:00,"Ruta Provincial 6","250.0",2,"Moto/Ciclomotor,Otros"," ",2,1,0,0,0,0,1,,"Ruta",6,"SANTA FE","La Capital","Asfalto","Natural","I","Dentro","Urbana","Ninguna","No existe","Recta","Bueno","Buena","Diurna","Buen Tiempo","Lateral","S/D","Colisión","Ninguna","Faltante","Ninguna","Reparación de Vía"
2016,1168,2/23/2016,"Martes",0,16:00:00,,"0.0",2,"Automóvil,Moto/Ciclomotor","Reg 12 de Infanteria 3900",2,1,0,0,1,0,0,,"Calle",,"SANTA FE","La Capital","Asfalto","S/D","I","Dentro","Urbana","S/D","S/D","Recta","Bueno","Buena","Diurna","Buen Tiempo","De alcance","S/D","Colisión","S/D","S/D","S/D","S/D"
2016,1169,2/28/2016,"Domingo",0,8:20:00,"Ruta Provincial 5","0.0",2,"Automóvil,Automóvil"," ",5,3,0,0,2,0,0,,"Ruta",5,"MONTE VERA","La Capital","Hormigón","Natural","I","Dentro","Urbana","Ninguna","No existe","Recta","Bueno","Buena","Diurna","Buen Tiempo","De alcance","S/D","Colisión","S/D","S/D","Ninguna","Sin restricción"
2016,1170,2/7/2016,"Domingo",0,18:45:00,"Ruta Provincial 1","0.5",2,"Moto/Ciclomotor,Otros"," ",2,1,0,0,0,0,1,,"Ruta",1,"COLASTINE","La Capital","Asfalto","Natural","I","S/D","Urbana","Ninguna","S/D","Recta","Con baches","Buena","Nocturna","Buen Tiempo","Lateral","S/D","Colisión","Ninguna","Faltante","Ninguna","Reparación de Vía"
2016,1171,2/6/2016,"Sabado",0,19:00:00,,"0.0",2,"Moto/Ciclomotor,Pickup/Utilitario","Av San Martin Y Republica de Italia",2,1,0,0,1,0,0,,"Avenida",,"LAGUNA PAIVA","La Capital","Hormigón","No existe","I","Dentro","Urbana","Semáforo","Funciona","Intersección","Bueno","Buena","Atardecer","Buen Tiempo","Lateral","S/D","Colisión","Ninguna","Horizontal,Vertical","Vegetación","Sin restricción"
2016,1172,2/11/2016,"Jueves",0,13:45:00,"Ruta Provincial 1","1.5",2,"Moto/Ciclomotor,Otros"," ",2,1,0,0,0,0,1,,"Ruta",1,"COLASTINE","La Capital","Asfalto","Natural","I","S/D","Urbana","Ninguna","No existe","Recta","Con baches","Buena","Diurna","Buen Tiempo","Lateral","S/D","Colisión","Ninguna","Faltante","Ninguna","Obra en Construcción"
2016,1173,2/24/2016,"Miercoles",0,17:45:00,,"4.5",2,"Bicicleta,Moto/Ciclomotor"," ",2,2,0,0,0,0,0,,"Calle",,"LA GUARDIA","La Capital","Asfalto","Pavimento","I","Dentro","Urbana","Ninguna","No existe","Recta","Bueno","Buena","Diurna","Buen Tiempo","Lateral","S/D","Atropello","S/D","Horizontal","Barrera de hormigón","Sin restricción"
2016,1174,2/15/2016,"Lunes",0,16:00:00,,"0.0",2,"Automóvil,Moto/Ciclomotor","Av San Martin Y Maipu",2,1,0,0,1,0,0,,"Avenida",,"LAGUNA PAIVA","La Capital","Hormigón","No existe","I","Dentro","Urbana","Ninguna","No existe","Intersección","Bueno","Buena","Diurna","Buen Tiempo","Lateral","S/D","Colisión","Ninguna","Horizontal,Vertical","Vegetación","Sin restricción"
2016,1175,2/19/2016,"Viernes",0,4:00:00,,"0.0",2,"Automóvil,Moto/Ciclomotor","Boassi Y Belgrano",3,2,0,0,1,0,0,,"Calle",,"LAGUNA PAIVA","La Capital","Asfalto,Ripio","No existe","I","Dentro","Urbana","Ninguna","No existe","Intersección","Con baches","Buena","Diurna","Buen Tiempo","Lateral","S/D","Colisión","Ninguna","Faltante","Ninguna","Sin restricción"
2016,1176,2/22/2016,"Lunes",0,20:10:00,"Ruta Provincial 1","0.0",2,"Automóvil,Moto/Ciclomotor","SAN MARTIN ",2,1,0,0,1,0,0,,"Ruta",1,"RINCÓN POTRERO","La Capital","Asfalto","No existe","I","Dentro","Urbana","Ninguna","No existe","Intersección","Deteriorada","Buena","Atardecer","Buen Tiempo","Lateral","S/D","Colisión","Material Suelto","Faltante","Ninguna","Sin restricción"
2016,1177,2/21/2016,"Domingo",0,17:30:00,,"0.0",2,"Automóvil,Moto/Ciclomotor","Chacabuco Y Av Cordoba",2,1,0,0,1,0,0,,"Calle",,"LAGUNA PAIVA","La Capital","Asfalto","No existe","I","Dentro","Urbana","Ninguna","No existe","Intersección","Bueno","Buena","Diurna","Buen Tiempo","Lateral","S/D","Colisión","Ninguna","Horizontal","Vegetación","Sin restricción"
2016,1178,2/20/2016,"Sabado",0,21:00:00,,"0.0",2,"Automóvil,Moto/Ciclomotor","Boassi Y Colono",2,1,0,0,1,0,0,,"Calle",,"LAGUNA PAIVA","La Capital","Ripio","No existe","I","Dentro","Urbana","Ninguna","No existe","Intersección","Bueno","Buena","Nocturna","Buen Tiempo","Lateral","S/D","Colisión","Ninguna","Faltante","Ninguna","Sin restricción"
2016,1179,2/6/2016,"Sabado",0,20:10:00,,"0.0",2,"Automóvil,Moto/Ciclomotor","AV. A DEL VALLE  1100",4,3,0,0,1,0,0,,"Calle",,"ANGEL GALLARDO","La Capital","Hormigón","Natural","I","Dentro","Rural","Ninguna","No existe","Recta","Bueno","Buena","Diurna","Buen Tiempo","Lateral","S/D","Colisión","S/D","S/D","Cordón divisorio","Sin restricción"
2016,1180,2/20/2016,"Sabado",0,17:00:00,,"0.0",2,"Peatón,Automóvil","9 de Julio Y Obrero",2,0,1,0,1,0,0,,"Calle",,"LAGUNA PAIVA","La Capital","Hormigón","No existe","I","Dentro","Urbana","Ninguna","No existe","Intersección","Bueno","Buena","Diurna","Buen Tiempo","S/D","S/D","Atropello","Ninguna","Horizontal","Ninguna","Sin restricción"
2016,1181,2/12/2016,"Viernes",0,21:00:00,,"0.0",2,"Moto/Ciclomotor,Transporte de Pasajeros Larga Distancia (> 8 asientos)","Av Blas Parera Y Santa Cruz",2,1,0,0,1,0,0,,"Avenida",,"SANTA FE","La Capital","Asfalto","No existe","I","Dentro","Urbana","Ninguna","No existe","Recta","Bueno","Buena","Nocturna","Buen Tiempo","De alcance","S/D","Colisión","Ninguna","Faltante","Ninguna","Obra en Construcción"
2016,1182,2/16/2016,"Martes",0,18:30:00,,"0.0",2,"Automóvil,Moto/Ciclomotor","Av Blas Parera Y Gorriti",2,1,0,0,1,0,0,,"Avenida",,"SANTA FE","La Capital","Asfalto","No existe","I","Dentro","Urbana","Semáforo","Funciona","Intersección","Bueno","Buena","Atardecer","Buen Tiempo","Lateral","S/D","Colisión","S/D","Faltante","S/D","Sin restricción"
2016,1183,2/13/2016,"Sabado",0,19:00:00,"Ruta Provincial 2","0.0",2,"Pickup/Utilitario,Automóvil"," ",4,3,1,0,0,0,0,,"Ruta",2,"MONTE VERA","La Capital","Hormigón","Natural","I","Dentro","Rural","Ninguna","No existe","Recta","Bueno","Buena","Diurna","Buen Tiempo","De alcance","S/D","Colisión","S/D","S/D","Ninguna","Sin restricción"
2016,1184,2/15/2016,"Lunes",0,19:30:00,,"0.0",2,"Pickup/Utilitario,Moto/Ciclomotor","Baldaccini Y Chaco",4,2,0,0,2,0,0,,"Calle",,"MONTE VERA","La Capital","Asfalto","No existe","I","Dentro","Urbana","Ninguna","No existe","Intersección","Bueno","Buena","Diurna","Buen Tiempo","Lateral","S/D","Colisión","S/D","S/D","Ninguna","Sin restricción"
2016,1185,2/23/2016,"Martes",0,18:40:00,"Ruta Nacional 11","0.0",2,"Moto/Ciclomotor,Pickup/Utilitario","Callejon Mendez 6200",2,1,0,0,1,0,0,,"Ruta",11,"SANTA FE","La Capital","Asfalto","No existe","I","Dentro","Urbana","Ninguna","No existe","Recta","Con baches","Buena","Diurna","Buen Tiempo","De alcance","S/D","Colisión","S/D","Faltante","Ninguna","Sin restricción"
2016,1186,2/20/2016,"Sabado",0,23:30:00,,"0.0",2,"Peatón,Automóvil","Gorriti Y Av Blas Parera",2,1,0,0,1,0,0,,"Avenida",,"SANTA FE","La Capital","Asfalto","No existe","I","Dentro","Urbana","Semáforo","Intermitente","Intersección","Bueno","Reducida","Nocturna","Buen Tiempo","S/D","S/D","Atropello","Ninguna","Faltante","Ninguna","Sin restricción"
2016,1187,2/21/2016,"Domingo",0,9:30:00,"Ruta Provincial 1","999.9",2,"Otros,Moto/Ciclomotor"," ",2,0,0,0,0,0,2,,"Ruta",1,"COLASTINE","La Capital","Asfalto","Ripio","I","Dentro","Urbana","Ninguna","No existe","Recta","Bueno","Buena","Diurna","Buen Tiempo","Lateral","S/D","Colisión","S/D","S/D","Ninguna","Sin restricción"
2016,1188,2/21/2016,"Domingo",0,21:00:00,,"0.0",2,"Automóvil,Moto/Ciclomotor","Av Blas Parera Y Callejon Mendez",3,1,0,0,2,0,0,,"Calle",,"SANTA FE","La Capital","Asfalto","No existe","I","Dentro","Urbana","S/D","Funciona","Recta","Con baches","Buena","Nocturna","Buen Tiempo","Lateral","S/D","Colisión","Material Suelto","Faltante","Ninguna","S/D"
2016,1189,2/29/2016,"Lunes",0,19:15:00,,"0.0",2,"Moto/Ciclomotor,Moto/Ciclomotor","4 de Enero 4100",2,1,0,0,1,0,0,,"Calle",,"SANTA FE","La Capital","Tierra","No existe","I","Dentro","Urbana","Ninguna","No existe","Recta","Bueno","Buena","Atardecer","Buen Tiempo","De alcance","S/D","Colisión","S/D","Faltante","Ninguna","Sin restricción"
2016,1191,2/1/2016,"Lunes",1,,"Ruta Nacional 11","0.0",2,"Pickup/Utilitario,Moto/Ciclomotor","Primera Junta ",2,1,0,0,1,0,0,,"Ruta",11,"SANTO TOMÉ","La Capital","Asfalto","Natural","I","Dentro","Urbana","Ninguna","No existe","Curva","Bueno","Buena","Diurna","Buen Tiempo","Lateral","S/D","Colisión","S/D","S/D","Ninguna","Sin restricción"
2016,1192,2/18/2016,"Jueves",0,15:30:00,,"0.0",1,"Moto/Ciclomotor","Av Blas Parera Y Piedrabuena",3,2,0,0,1,0,0,,"Calle",,"SANTA FE","La Capital","Asfalto","No existe","I","S/D","Urbana","Ninguna","No existe","Recta","Con baches","Buena","Diurna","Buen Tiempo","De alcance","S/D","Colisión","Ninguna","Faltante","Ninguna","Sin restricción"
2016,1193,3/30/2016,"Miercoles",0,9:30:00,,"0.0",2,"Moto/Ciclomotor,Camión","Santa Fe Y Avenida Camilo Aldao",2,1,0,0,1,0,0,,"Calle",,"BELLA ITALIA","Castellanos","Asfalto","Ripio","V","Dentro","Urbana","Ninguna","No existe","Intersección","Bueno","Buena","Diurna","Buen Tiempo","Frontal","S/D","Colisión","S/D","Faltante","Línea divisoria pintada","Sin restricción"
2016,1194,3/9/2016,"Miercoles",0,14:15:00,"Ruta Provincial 2","228.0",1,"Automóvil"," ",3,1,0,0,0,0,2,,"Ruta",2,"LOGROÑO","9 de Julio","Asfalto","Natural","XII","Dentro","Rural","S/D","S/D","Recta","Bueno","Buena","Diurna","Buen Tiempo","S/D","S/D","Vuelco","S/D","S/D","Línea divisoria pintada","S/D"
2016,1196,3/18/2016,"Viernes",0,11:30:00,,"0.0",2,"Moto/Ciclomotor,Automóvil","San Cristobal Y Tito Piedra",3,0,1,0,2,0,0,,"Calle",,"TOSTADO","9 de Julio","Ripio","No existe","XII","Dentro","Urbana","Ninguna","No existe","Intersección","Bueno","Reducida polvo","Diurna","Buen Tiempo","Lateral","S/D","Colisión","S/D","Faltante","Ninguna","Sin restricción"
2016,1197,3/20/2016,"Domingo",0,3:30:00,,"0.0",2,"Automóvil,Moto/Ciclomotor","Avenida San Martin Y Moreno",6,1,2,0,3,0,0,,"Calle",,"TOSTADO","9 de Julio","Asfalto","No existe","XII","Dentro","Urbana","S/D","No existe","Recta","Bueno","S/D","Nocturna","Buen Tiempo","Frontal","S/D","Colisión","S/D","S/D","S/D","S/D"
2016,1198,3/11/2016,"Viernes",0,19:40:00,,"0.0",2,"Moto/Ciclomotor,Automóvil","Carlos Silvestre Begnis Y Julio A Roca",2,0,1,0,1,0,0,,"Calle",,"TOSTADO","9 de Julio","Asfalto","Natural","XII","Dentro","Urbana","Ninguna","No existe","Intersección","Bueno","Reducida","Atardecer","Buen Tiempo","S/D","S/D","Colisión","S/D","Faltante","Ninguna","Sin restricción"
2016,1199,3/12/2016,"Sabado",0,18:00:00,,"0.0",2,"Moto/Ciclomotor,Moto/Ciclomotor","Neuquen Y San Juan",3,3,0,0,0,0,0,,"Calle",,"TOSTADO","9 de Julio","Ripio","Ripio","XII","Dentro","Urbana","Ninguna","No existe","Intersección","Bueno","Buena","Diurna","Buen Tiempo","S/D","S/D","Colisión","S/D","Faltante","Ninguna","Sin restricción"
2016,1200,3/13/2016,"Domingo",0,14:50:00,,"0.0",2,"Moto/Ciclomotor,Pickup/Utilitario","Maipu Y Rivadavia",2,1,0,0,1,0,0,,"Calle",,"LAS ROSAS","Belgrano","Asfalto","No existe","III","Dentro","Urbana","Ninguna","No existe","Intersección","Bueno","Buena","Diurna","Buen Tiempo","Lateral","S/D","Colisión","S/D","Faltante","Ninguna","Sin restricción"
2016,1201,3/31/2016,"Jueves",0,11:00:00,,"0.0",2,"Automóvil,Moto/Ciclomotor","Calle 13 Y Calle 20",2,1,0,0,1,0,0,,"Calle",,"LAS PAREJAS","Belgrano","Asfalto","No existe","III","Dentro","Urbana","Ninguna","No existe","Intersección","Bueno","Buena","Diurna","Buen Tiempo","Lateral","S/D","Colisión","S/D","Vertical","Ninguna","Sin restricción"
2016,1202,3/10/2016,"Jueves",0,20:30:00,,"0.0",2,"Moto/Ciclomotor,Bicicleta","Cortada 17 bis Y Calle 28",2,1,0,0,1,0,0,,"Calle",,"LAS PAREJAS","Belgrano","Asfalto","No existe","III","Dentro","Urbana","Ninguna","No existe","Intersección","Bueno","Buena","Nocturna","Buen Tiempo","Lateral","S/D","Atropello","S/D","Vertical","Ninguna","Sin restricción"
2016,1203,3/4/2016,"Viernes",0,13:30:00,,"0.0",2,"Pickup/Utilitario,Moto/Ciclomotor","Av. Francia Y Aurora",2,1,0,0,1,0,0,,"Calle",,"ROSARIO","Rosario","Asfalto","No existe","II","Dentro","Urbana","Ninguna","No existe","Intersección","Bueno","Buena","Diurna","Buen Tiempo","Lateral","S/D","Colisión","Ninguna","Faltante","Ninguna","Sin restricción"
2016,1204,3/1/2016,"Martes",0,6:00:00,,"0.0",2,"Peatón,Automóvil","Bv. Oroño Y Lamadrid",2,1,0,0,1,0,0,,"Avenida",,"ROSARIO","Rosario","Asfalto","Pavimento","II","Dentro","Urbana","Ninguna","No existe","Intersección","Bueno","Buena","Diurna","Buen Tiempo","S/D","S/D","Atropello","S/D","S/D","Ninguna","Sin restricción"
2016,1205,3/2/2016,"Miercoles",0,9:20:00,,"0.0",2,"Moto/Ciclomotor,Moto/Ciclomotor","Bv. Oroño 5200",2,1,0,0,1,0,0,,"Avenida",,"ROSARIO","Rosario","Asfalto","No existe","II","Dentro","Rural","Ninguna","No existe","Recta","Bueno","Buena","Diurna","Buen Tiempo","Lateral","S/D","Colisión","S/D","S/D","Ninguna","Sin restricción"
2016,1206,3/22/2016,"Martes",0,14:00:00,"Ruta Provincial 21","0.0",2,"Pickup/Utilitario,Camión"," ",4,1,0,0,3,0,0,,"Ruta",21,"GENERAL LAGOS","Rosario","Asfalto","No existe","II","Dentro","Urbana","Ninguna","No existe","Intersección","Bueno","Buena","Diurna","Buen Tiempo","De alcance","S/D","Colisión","S/D","Faltante","Ninguna","Sin restricción"
2016,1207,3/3/2016,"Jueves",0,15:20:00,,"0.0",2,"Moto/Ciclomotor,Automóvil","Mariano Moreno Y Cazadores",3,2,0,0,1,0,0,,"S/D",,"ROSARIO","Rosario","Asfalto","Pavimento","II","S/D","Urbana","Ninguna","No existe","Intersección","Bueno","Buena","Diurna","Buen Tiempo","Lateral","S/D","Colisión","S/D","S/D","Ninguna","Sin restricción"
2016,1208,3/3/2016,"Jueves",0,9:00:00,,"0.0",2,"Bicicleta,Automóvil","Av. Ntra.Sra.del Rosario Y Santiago",2,1,0,0,1,0,0,,"Calle",,"ROSARIO","Rosario","Asfalto","Pavimento","II","Dentro","Urbana","Ninguna","No existe","Intersección","Bueno","Buena","Diurna","Buen Tiempo","S/D","S/D","Atropello","S/D","S/D","Ninguna","Sin restricción"
2016,1209,3/20/2016,"Domingo",0,,"Ruta Provincial 21","0.0",2,"Automóvil,Bicicleta","OROÑO ",4,2,0,0,2,0,0,,"Ruta",21,"PUEBLO ESTHER","Rosario","Asfalto","Ripio","II","Dentro","Urbana","Ninguna","No existe","Recta","Bueno","Buena","Nocturna","Buen Tiempo","S/D","S/D","Atropello","S/D","Faltante","Ninguna","Sin restricción"
2016,1210,3/4/2016,"Viernes",0,12:15:00,,"0.0",2,"Automóvil,Otros","J B ALBERDI  Y URUGUAY",3,1,0,0,0,0,2,,"Calle",,"PUEBLO ESTHER","Rosario","Ripio","No existe","II","Dentro","Urbana","Ninguna","No existe","Intersección","Bueno","Buena","Atardecer","Buen Tiempo","Lateral","S/D","Colisión","S/D","Faltante","Ninguna","Sin restricción"
2016,1211,3/4/2016,"Viernes",0,21:40:00,"Ruta Provincial 16","0.0",1,"Moto/Ciclomotor"," ",1,1,0,0,0,0,0,,"Ruta",16,"PUEBLO ESTHER","Rosario","Asfalto","Ripio","II","Dentro","Urbana","Ninguna","No existe","Recta","Bueno","Buena","Nocturna","Buen Tiempo","S/D","S/D","Caída ocupante","S/D","Faltante","Ninguna","Sin restricción"
2016,1212,3/4/2016,"Viernes",0,11:30:00,,"0.0",2,"Pickup/Utilitario,Pickup/Utilitario","M Cambeira Y Av de Circunvalacion",2,2,0,0,0,0,0,,"Calle",,"VILLA GOBERNADOR GÁLVEZ","Rosario","Asfalto","Natural","II","Dentro","Urbana","Ninguna","No existe","Recta","Bueno","Buena","Diurna","Buen Tiempo","De alcance","S/D","Colisión","S/D","S/D","Barrera de hormigón","Sin restricción"
2016,1213,3/1/2016,"Martes",1,,,"0.0",2,"Otros,Moto/Ciclomotor","Cordoba Y Av Juan Domingo Peron",3,2,0,0,0,0,1,,"Calle",,"VILLA GOBERNADOR GÁLVEZ","Rosario","Asfalto","No existe","II","Dentro","Urbana","Ninguna","No existe","Recta","Bueno","Buena","Nocturna,Con luz artificial","Buen Tiempo","De alcance","S/D","Colisión","S/D","Faltante","Línea divisoria pintada","Sin restricción"
2016,1214,3/20/2016,"Domingo",0,,,"0.0",1,"Automóvil","Av de Circunvalacion ",2,0,0,2,0,0,0,,"Calle",,"VILLA GOBERNADOR GÁLVEZ","Rosario","Asfalto","Natural","II","Dentro","Urbana","Ninguna","No existe","Recta","Bueno","Buena","Nocturna","Buen Tiempo","S/D","S/D","Despiste","S/D","S/D","Barrera de hormigón","Sin restricción"
2016,1215,3/26/2016,"Sabado",0,18:30:00,,"0.0",2,"Moto/Ciclomotor,Automóvil","Corrientes Y Alvear",2,0,1,0,1,0,0,,"Calle",,"VILLA GOBERNADOR GÁLVEZ","Rosario","Asfalto","No existe","II","Dentro","Urbana","Ninguna","No existe","Recta","Con baches","Buena","Atardecer","Buen Tiempo","De alcance","S/D","Colisión","S/D","Faltante","Ninguna","Sin restricción"
2016,1216,3/3/2016,"Jueves",0,11:40:00,,"0.0",2,"Automóvil,Moto/Ciclomotor","AV. RUBINO ",2,1,0,0,1,0,0,,"Calle",,"ALVEAR","Rosario","Asfalto","Ripio","II","Dentro","Urbana","Ninguna","No existe","Recta","Bueno","Buena","Diurna","Buen Tiempo","De alcance","S/D","Colisión","S/D","Faltante","Línea divisoria pintada","Sin restricción"
2016,1217,3/4/2016,"Viernes",0,11:35:00,,"0.0",2,"Bicicleta,Moto/Ciclomotor","Bv San diego 600",2,2,0,0,0,0,0,,"Calle",,"VILLA GOBERNADOR GÁLVEZ","Rosario","Asfalto","No existe","II","Dentro","Urbana","Ninguna","No existe","Recta","Bueno","Buena","Diurna","Buen Tiempo","Lateral","S/D","Atropello","S/D","Faltante","Ninguna","Sin restricción"