"anio_acci","nro_acci","fecha","desc_dia","fecha_aprox","hora_aprox","desc_ruta","km","cant_participantes","desc_participante","calle_avenida_km","total","heridos_leves","heridos_graves","heridos_gravisimos","ilesos","fallecidos","sin_datos","posicion_XY","desc_tipo_via","desc_ruta_ori","desc_loc","desc_dpto","desc_tipo_calzada","desc_tipo_banquina","desc_unidad_regional","desc_lugar_calzada","desc_zona","desc_prioridad","desc_estado_semaforo","desc_lugar_via","desc_estado_via","desc_estado_visibilidad","desc_luminosidad","desc_estado_clima","desc_tipo_colision","desc_tipo_atropello","desc_tipo_hecho","desc_pres_calzada","desc_senializacion","desc_separacion_via","desc_restriccion"
2016,1285,3/19/2016,"Sabado",0,21:00:00,,"0.0",2,"Automóvil,Moto/Ciclomotor","Washington Y Valentin Gomez",3,1,0,0,2,0,0,,"Calle",,"ROSARIO","Rosario","Asfalto","No existe","II","Dentro","Urbana","Ninguna","No existe","Intersección","Bueno","Buena","Nocturna","Buen Tiempo","Frontal","S/D","Colisión","S/D","Faltante","Ninguna","Sin restricción"
2016,1286,3/7/2016,"Lunes",0,17:00:00,,"0.0",2,"Automóvil,Automóvil","Bv. Rondeau Y Martin Fierro",2,1,0,0,1,0,0,,"Calle",,"ROSARIO","Rosario","Asfalto","S/D","II","Dentro","Urbana","S/D","S/D","S/D","Bueno","S/D","Diurna","S/D","S/D","S/D","Colisión","S/D","S/D","S/D","S/D"
2016,1287,3/22/2016,"Martes",0,,,"0.0",2,"Moto/Ciclomotor,Otros","Olive 1400",2,1,0,0,1,0,0,,"Calle",,"ROSARIO","Rosario","Asfalto","S/D","II","Dentro","Urbana","S/D","S/D","Recta","Bueno","S/D","S/D","S/D","Lateral","S/D","Colisión","S/D","Faltante","S/D","Sin restricción"
2016,1288,3/31/2016,"Jueves",0,8:50:00,,"0.0",2,"Automóvil,Otros","Santa Fe ",3,1,0,0,0,0,2,,"Calle",,"ROSARIO","Rosario","Asfalto","S/D","II","Dentro","Urbana","S/D","S/D","Intersección","S/D","S/D","Diurna","S/D","S/D","S/D","Colisión","S/D","S/D","S/D","S/D"
2016,1289,3/23/2016,"Miercoles",0,6:50:00,,"0.0",2,"Automóvil,Automóvil","Mitre Y Galvez",2,1,0,0,1,0,0,,"S/D",,"ROSARIO","Rosario","Asfalto","S/D","II","S/D","S/D","S/D","S/D","Recta","Bueno","Buena","Diurna","Buen Tiempo","Lateral","S/D","Colisión","S/D","S/D","S/D","S/D"
2016,1290,3/28/2016,"Lunes",0,11:00:00,,"0.0",2,"Automóvil,Taxi/Remis","Sarmiento Y Cerrito",3,1,0,0,2,0,0,,"Calle",,"ROSARIO","Rosario","Asfalto","S/D","II","Dentro","Urbana","S/D","S/D","Intersección","Bueno","Buena","Diurna","Buen Tiempo","Lateral","S/D","Colisión","S/D","S/D","S/D","S/D"
2016,1291,3/7/2016,"Lunes",0,13:00:00,,"0.0",2,"Automóvil,Peatón","Cerrito Y Maipu",2,1,0,0,1,0,0,,"Calle",,"ROSARIO","Rosario","Asfalto","No existe","II","Dentro","Urbana","Semáforo","No existe","Intersección","Bueno","Buena","Diurna","Buen Tiempo","Lateral","S/D","Atropello","S/D","Faltante","Ninguna","Sin restricción"
2016,1292,3/7/2016,"Lunes",0,18:00:00,,"0.0",2,"Automóvil,Moto/Ciclomotor","Av. Belgrano 2000",2,1,0,0,1,0,0,,"Calle",,"ROSARIO","Rosario","Asfalto","No existe","II","Dentro","Urbana","Ninguna","No existe","Recta","Bueno","Buena","Diurna","Buen Tiempo","S/D","S/D","Colisión","S/D","Faltante","Ninguna","Sin restricción"
2016,1293,3/11/2016,"Viernes",0,9:30:00,,"0.0",2,"Automóvil,Moto/Ciclomotor","Laprida 1700",2,1,0,0,1,0,0,,"Calle",,"ROSARIO","Rosario","Asfalto","No existe","II","Dentro","Urbana","Ninguna","No existe","Intersección","Bueno","Buena","Diurna","Buen Tiempo","Lateral","S/D","Colisión","S/D","Faltante","Ninguna","Sin restricción"
2016,1294,3/17/2016,"Jueves",0,14:00:00,,"0.0",2,"Moto/Ciclomotor,Moto/Ciclomotor","25 de Mayo Y Sarmiento",2,1,0,0,1,0,0,,"Calle",,"LAGUNA PAIVA","La Capital","Hormigón","S/D","I","Dentro","Urbana","Ninguna","No existe","Intersección","Bueno","Buena","Nocturna","Buen Tiempo","De alcance","S/D","Colisión","S/D","S/D","Ninguna","Sin restricción"
2016,1295,3/21/2016,"Lunes",0,6:50:00,,"0.0",2,"Automóvil,Moto/Ciclomotor","Rivadavia Y Juan B Alberdi",2,1,0,0,1,0,0,,"Calle",,"LAGUNA PAIVA","La Capital","Hormigón","No existe","I","Dentro","Urbana","Ninguna","No existe","Intersección","Bueno","Buena","Amanecer","Buen Tiempo","Lateral","S/D","Colisión","S/D","Vertical","Ninguna","Sin restricción"
2016,1296,3/23/2016,"Miercoles",0,23:30:00,"Ruta Provincial 4","0.0",1,"Moto/Ciclomotor"," ",1,1,0,0,0,0,0,,"Ruta",4,"LAGUNA PAIVA","La Capital","Asfalto","Natural","I","Dentro","Urbana","Ninguna","No existe","Recta","Bueno","Buena","Diurna","Buen Tiempo","S/D","S/D","Caída ocupante","S/D","Vertical","Línea divisoria pintada","Sin restricción"
2016,1297,3/23/2016,"Miercoles",0,10:40:00,,"0.0",2,"Automóvil,Camión","Entre Rios Y Pellegrini",2,1,0,0,1,0,0,,"Calle",,"LAGUNA PAIVA","La Capital","Hormigón","No existe","I","Dentro","Urbana","Ninguna","No existe","Intersección","Bueno","Buena","Amanecer","Buen Tiempo","Lateral","S/D","Colisión","S/D","Faltante","Ninguna","Sin restricción"
2016,1298,3/25/2016,"Viernes",0,4:00:00,,"0.0",2,"Moto/Ciclomotor,Automóvil","Moreno 2500",2,1,0,0,1,0,0,,"Calle",,"LAGUNA PAIVA","La Capital","Asfalto","No existe","I","Dentro","Urbana","Ninguna","No existe","Recta","Bueno","Buena","Nocturna","Buen Tiempo","De alcance","S/D","Colisión","S/D","Vertical","Ninguna","Sin restricción"
2016,1299,3/27/2016,"Domingo",0,19:00:00,,"0.0",2,"Automóvil,Moto/Ciclomotor","Av San Martin Y 9 de Julio",2,1,0,0,1,0,0,,"Calle",,"LAGUNA PAIVA","La Capital","Ripio","No existe","I","Dentro","Urbana","Ninguna","No existe","Intersección","Deteriorada","Buena","Amanecer","Buen Tiempo","Lateral","S/D","Colisión","Material Suelto","Faltante","Vegetación","Sin restricción"
2016,1300,5/22/2016,"Domingo",0,8:25:00,,"0.0",1,"Automóvil","2 de Abril Y Entre Rios",2,1,0,0,0,1,0,"-29.224583333333,-61.767222222222","Calle",,"TOSTADO","9 de Julio","Ripio","Ripio","XII","S/D","Urbana","Ninguna","No existe","Intersección","Bueno","Buena","Diurna","Buen Tiempo","S/D","S/D","Vuelco","Ninguna","Faltante","Ninguna","Sin restricción"
2016,1301,5/19/2016,"Jueves",0,3:30:00,"Ruta Provincial 2","272.0",2,"Camión,Camión"," ",2,0,0,0,1,1,0,"-29.810898, -61.420626","Ruta",2,"ESTEBAN RAMS","9 de Julio","Asfalto","Natural","XII","Dentro","Rural","Ninguna","No existe","Recta","Con baches,Deteriorada","Buena","Nocturna","Buen Tiempo","De alcance","S/D","Colisión","Ninguna","Faltante","Ninguna","Sin restricción"
2016,1302,6/3/2016,"Viernes",0,21:05:00,"Ruta Provincial 13","98.3",2,"Camión,Peatón"," ",2,0,0,0,1,1,0,"-31.674281, -61.762378","Ruta",13,"MARIA JUANA","Castellanos","Asfalto","Natural","V","S/D","Urbana","Ninguna","No existe","Recta","Bueno","Buena","Con luz artificial","Buen Tiempo","S/D","S/D","Atropello","Ninguna","S/D","Línea divisoria pintada","S/D"
2016,1303,6/28/2016,"Martes",0,2:30:00,"Autopista Nacional Gral. Juan Jose Valle","280.0",3,"Transporte de Pasajeros Larga Distancia (Doble Piso),Peatón,Camión"," ",3,0,0,0,2,1,0,"-33.070527, -60.643968","Autopista","Gral. Juan Jose Valle","ALVEAR","Rosario","Asfalto","Natural","II","Dentro","Rural","S/D","No existe","Recta","Bueno","Buena","Nocturna","Buen Tiempo","S/D","S/D","Atropello","S/D","S/D","Línea divisoria pintada","S/D"
2016,1304,6/13/2016,"Lunes",0,0:15:00,"Ruta Provincial 21","0.0",2,"Pickup/Utilitario,Moto/Ciclomotor","RP21 PLAYA MANSA ",3,0,1,0,1,1,0,"-33.178451, -60.482730","Ruta",21,"ARROYO SECO","Rosario","Asfalto","S/D","II","S/D","Rural","Ninguna","S/D","Recta","Con baches,Ahuellamiento","S/D","S/D","Buen Tiempo","De alcance","S/D","Colisión","S/D","Faltante","Ninguna","Sin restricción"
2016,1305,6/16/2016,"Jueves",0,8:20:00,"Ruta Nacional 98","0.0",1,"Camión","RN98 EN EL CRUCE CON RP91S ",1,0,0,0,0,1,0,"-29.220239, -61.758136","Ruta",98,"TOSTADO","9 de Julio","Tierra","Natural","XII","Dentro","Rural","Ninguna","No existe","Cruce","S/D","Reducida","Amanecer","Niebla","S/D","S/D","Vuelco","Ninguna","Faltante","S/D","Sin restricción"
2016,1306,6/28/2016,"Martes",0,15:30:00,"Ruta Secundaria 290-s","0.0",1,"Pickup/Utilitario","RP290S 40 KM AL ESTE DE RN95 ",1,0,0,0,0,1,0,"-28.934817316175,-61.322354511474","Ruta","290-s","SAN BERNARDO","9 de Julio","Tierra","No existe","XII","S/D","Rural","Ninguna","No existe","Recta","Deteriorada","Buena","S/D","Buen Tiempo","S/D","S/D","Inmersión,Vuelco,Despiste","S/D","Faltante","Ninguna","Sin restricción"
2016,1307,3/17/2016,"Jueves",0,10:00:00,,"0.0",2,"Automóvil,Automóvil"," ",2,1,0,0,1,0,0,,"Calle",,"ROSARIO","Rosario","Asfalto","No existe","II","Dentro","Urbana","S/D","No existe","Recta","Bueno","Buena","Diurna","Buen Tiempo","De alcance","S/D","Colisión","S/D","Faltante","Cordón divisorio","Sin restricción"
2016,1308,3/18/2016,"Viernes",0,16:00:00,,"0.0",2,"Automóvil,Automóvil","Bv. 27 De Febrero Y Ayacucho",5,1,0,0,4,0,0,,"Calle",,"ROSARIO","Rosario","Asfalto","No existe","II","Dentro","Urbana","Señal Pare","No existe","Intersección","Bueno","Buena","Diurna","Buen Tiempo","De alcance","S/D","Colisión","S/D","Vertical","Cordón divisorio","Sin restricción"
2016,1309,3/14/2016,"Lunes",0,10:35:00,,"0.0",2,"Automóvil,Automóvil","Mendoza 7500",2,1,0,0,0,0,1,,"S/D",,"ROSARIO","Rosario","Asfalto","Pavimento","II","Dentro","Urbana","Semáforo","Funciona","S/D","Bueno","Buena","Diurna","Buen Tiempo","Otro","S/D","Colisión","Agua","Faltante","S/D","Sin restricción"
2016,1310,3/20/2016,"Domingo",0,15:00:00,,"0.0",2,"Moto/Ciclomotor,Automóvil","La Paz Y Ayacucho",2,1,0,0,1,0,0,,"Calle",,"ROSARIO","Rosario","Asfalto","No existe","II","Dentro","Urbana","Ninguna","No existe","Intersección","Bueno","Buena","Diurna","Buen Tiempo","Lateral","S/D","Colisión","S/D","Vertical","Ninguna","Sin restricción"
2016,1311,3/21/2016,"Lunes",0,12:45:00,,"0.0",2,"Moto/Ciclomotor,Transporte de Pasajeros Urbano (> 8 asientos)","Pasco Y J.M.de Rosas",3,2,0,0,1,0,0,,"Calle",,"ROSARIO","Rosario","Asfalto","No existe","II","Dentro","Urbana","Ninguna","No existe","Intersección","Bueno","Buena","Diurna","Buen Tiempo","Lateral","S/D","Colisión","S/D","Faltante","Ninguna","Sin restricción"
2016,1312,3/28/2016,"Lunes",0,,,"0.0",2,"Pickup/Utilitario,Automóvil","Nicaragua Y Zuviria",2,1,0,0,1,0,0,,"Calle",,"ROSARIO","Rosario","Asfalto","No existe","II","S/D","Urbana","Ninguna","No existe","S/D","Bueno","Buena","Atardecer","Buen Tiempo","Lateral","S/D","Colisión","Ninguna","Faltante","S/D","Sin restricción"
2016,1313,3/21/2016,"Lunes",0,12:50:00,,"0.0",2,"Moto/Ciclomotor,Transporte de Pasajeros Urbano (> 8 asientos)","Bv. 27 De Febrero 800",2,1,0,0,1,0,0,,"Calle",,"ROSARIO","Rosario","Asfalto","No existe","II","Dentro","Urbana","Semáforo","No existe","Recta","Bueno","Buena","Diurna","Buen Tiempo","S/D","S/D","Colisión","S/D","Faltante","Cordón divisorio","Sin restricción"
2016,1314,3/21/2016,"Lunes",0,13:00:00,,"0.0",2,"Moto/Ciclomotor,Automóvil","Nicaragua Y Mendoza",2,1,0,0,1,0,0,,"Calle",,"ROSARIO","Rosario","S/D","Pavimento","II","S/D","Urbana","Ninguna","No existe","S/D","Bueno","Buena","Diurna","Buen Tiempo","Lateral","S/D","Colisión","Ninguna","Faltante","S/D","Sin restricción"
2016,1315,3/25/2016,"Viernes",0,10:30:00,,"0.0",1,"Moto/Ciclomotor","Mendoza Y Bv. Wilde",1,0,0,0,0,0,1,,"Calle",,"ROSARIO","Rosario","Asfalto","Pavimento","II","S/D","S/D","Ninguna","Funciona","Rotonda","Bueno","Buena","Diurna","Buen Tiempo","Contra objeto fijo","S/D","Colisión","Ninguna","Faltante","S/D","Sin restricción"
2016,1316,3/22/2016,"Martes",0,8:30:00,,"0.0",2,"Peatón,Automóvil","La Paz Y Colon",2,1,0,0,1,0,0,,"Calle",,"ROSARIO","Rosario","Asfalto","No existe","II","Dentro","Urbana","Otra Señal","No existe","Intersección","Bueno","Buena","Diurna","Buen Tiempo","Lateral","S/D","Atropello","S/D","Faltante","Ninguna","Sin restricción"
2016,1317,3/12/2016,"Sabado",0,21:30:00,,"0.0",1,"Automóvil","Av. Jorge Newbery Y Sanchez de Loria",5,3,0,0,1,0,1,,"S/D",,"ROSARIO","Rosario","S/D","S/D","II","S/D","Urbana","S/D","S/D","S/D","S/D","S/D","Nocturna","S/D","S/D","S/D","S/D","S/D","S/D","S/D","S/D"
2016,1318,3/23/2016,"Miercoles",0,10:15:00,,"0.0",2,"Taxi/Remis,Moto/Ciclomotor","Ayacucho Y Bv. 27 De Febrero",2,1,0,0,1,0,0,,"Calle",,"ROSARIO","Rosario","Asfalto","No existe","II","Dentro","Urbana","Ninguna","No existe","Intersección","Bueno","Buena","Diurna","Buen Tiempo","Lateral","S/D","Colisión","S/D","Vertical","Ninguna","Sin restricción"
2016,1319,3/6/2016,"Domingo",0,,,"0.0",1,"Moto/Ciclomotor","Av. Circunvalacion Y Av. Jorge Newbery",4,2,0,0,0,0,2,,"S/D",,"ROSARIO","Rosario","S/D","S/D","II","S/D","Urbana","S/D","S/D","S/D","S/D","S/D","S/D","S/D","S/D","S/D","S/D","S/D","S/D","S/D","S/D"
2016,1320,3/4/2016,"Viernes",0,20:00:00,,"0.0",2,"Moto/Ciclomotor,Automóvil","Sarratea Bis Y J.B.Justo",3,0,1,0,1,0,1,,"S/D",,"ROSARIO","Rosario","S/D","S/D","II","S/D","Urbana","S/D","S/D","S/D","S/D","S/D","Nocturna","S/D","S/D","S/D","Colisión","S/D","S/D","S/D","S/D"
2016,1321,3/21/2016,"Lunes",0,,,"0.0",2,"Automóvil,Moto/Ciclomotor","L.N.Alem Y Riobamba",2,1,0,0,1,0,0,,"Calle",,"ROSARIO","Rosario","Asfalto","S/D","II","Dentro","Urbana","S/D","S/D","Intersección","Bueno","S/D","S/D","Buen Tiempo","Lateral","S/D","Colisión","S/D","S/D","S/D","Sin restricción"
2016,1322,3/13/2016,"Domingo",0,12:00:00,,"0.0",2,"Moto/Ciclomotor,Automóvil","Av. Jorge Newbery Y Donado",4,1,0,0,2,0,1,,"S/D",,"ROSARIO","Rosario","Asfalto","S/D","II","S/D","Urbana","S/D","S/D","S/D","S/D","S/D","Diurna","S/D","S/D","S/D","S/D","S/D","S/D","S/D","S/D"
2016,1323,3/20/2016,"Domingo",0,19:00:00,,"0.0",1,,"Velez Sarsfield Y Pje. San Geronimo",2,2,0,0,0,0,0,,"Calle",,"ROSARIO","Rosario","S/D","No existe","II","Dentro","Urbana","Ninguna","No existe","Recta","S/D","Buena","Diurna","S/D","Lateral","S/D","Colisión","S/D","Faltante","Ninguna","Sin restricción"
2016,1324,3/20/2016,"Domingo",0,19:00:00,,"0.0",2,"Bicicleta,Moto/Ciclomotor","Velez Sarsfield Y Pje. San Geronimo",2,2,0,0,0,0,0,,"Calle",,"ROSARIO","Rosario","S/D","No existe","II","Dentro","Urbana","Ninguna","No existe","Recta","S/D","Buena","Diurna","S/D","S/D","S/D","Atropello","S/D","Faltante","Ninguna","Sin restricción"
2016,1325,3/29/2016,"Martes",0,11:30:00,,"0.0",2,"Bicicleta,Automóvil","L.N.Alem Y Riobamba",2,1,0,0,1,0,0,,"Calle",,"ROSARIO","Rosario","Asfalto","No existe","II","Dentro","Urbana","Señal Pare","No existe","Intersección","Bueno","Buena","Diurna","Buen Tiempo","S/D","S/D","Atropello","S/D","Vertical","Ninguna","Sin restricción"
2016,1326,3/24/2016,"Jueves",0,14:20:00,,"0.0",1,"Bicicleta","Av. Francia Y Mendoza",1,1,0,0,0,0,0,,"Calle",,"ROSARIO","Rosario","Asfalto","S/D","II","Dentro","Urbana","S/D","S/D","S/D","S/D","S/D","Diurna","S/D","S/D","S/D","Caída ocupante","S/D","S/D","S/D","S/D"
2016,1327,3/20/2016,"Domingo",0,18:05:00,,"0.0",2,"Moto/Ciclomotor,Automóvil","Garzon Y French",3,1,0,0,2,0,0,,"Calle",,"ROSARIO","Rosario","S/D","No existe","II","Dentro","Urbana","Ninguna","No existe","Intersección","Bueno","Buena","Diurna","Buen Tiempo","Lateral","S/D","Colisión","S/D","Faltante","Ninguna","Sin restricción"
2016,1328,3/23/2016,"Miercoles",0,16:50:00,,"0.0",2,"Moto/Ciclomotor,Automóvil","Alsina Y San Luis",2,1,0,0,1,0,0,,"Calle",,"ROSARIO","Rosario","Asfalto","S/D","II","Dentro","Urbana","S/D","S/D","S/D","S/D","S/D","Diurna","S/D","S/D","S/D","Colisión","S/D","S/D","S/D","S/D"
2016,1329,3/24/2016,"Jueves",0,9:40:00,,"0.0",2,"Moto/Ciclomotor,Automóvil","San Luis Y San Nicolas",3,2,0,0,1,0,0,,"Calle",,"ROSARIO","Rosario","Asfalto","S/D","II","Dentro","Urbana","S/D","S/D","S/D","S/D","S/D","Diurna","S/D","S/D","S/D","Colisión","S/D","S/D","S/D","S/D"
2016,1330,3/24/2016,"Jueves",0,15:00:00,,"0.0",2,"Moto/Ciclomotor,Automóvil","Rioja Y San Nicolas",3,2,0,0,1,0,0,,"Calle",,"ROSARIO","Rosario","Asfalto","S/D","II","Dentro","Urbana","S/D","S/D","S/D","S/D","S/D","Diurna","S/D","S/D","S/D","Colisión","S/D","S/D","S/D","S/D"
2016,1331,3/19/2016,"Sabado",0,11:00:00,,"0.0",2,"Otros,Moto/Ciclomotor","Lavalle Y Av. Pellegrini",2,1,0,0,1,0,0,,"Calle",,"ROSARIO","Rosario","Asfalto","S/D","II","Dentro","Urbana","S/D","S/D","S/D","S/D","S/D","Diurna","S/D","S/D","S/D","Colisión","S/D","S/D","S/D","S/D"
2016,1332,3/20/2016,"Domingo",0,,,"0.0",2,"Transporte de Pasajeros Urbano (> 8 asientos),Automóvil","3 De Febrero Y Lavalle",4,3,0,0,1,0,0,,"Calle",,"ROSARIO","Rosario","Asfalto","S/D","II","Dentro","Urbana","S/D","S/D","S/D","S/D","S/D","S/D","S/D","S/D","S/D","Colisión","S/D","S/D","S/D","S/D"
2016,1333,3/9/2016,"Miercoles",0,7:00:00,,"0.0",2,"Transporte de Pasajeros Urbano (> 8 asientos),Automóvil","Mendoza 4800",2,1,0,0,1,0,0,,"Calle",,"ROSARIO","Rosario","Asfalto","S/D","II","Dentro","Urbana","S/D","S/D","S/D","S/D","S/D","Diurna","S/D","S/D","S/D","Colisión","S/D","S/D","S/D","S/D"
2016,1334,3/10/2016,"Jueves",0,14:40:00,,"0.0",2,"Automóvil,Moto/Ciclomotor","Gutenberg Y Mendoza",3,2,0,0,1,0,0,,"Calle",,"ROSARIO","Rosario","Asfalto","S/D","II","Dentro","Urbana","S/D","S/D","S/D","S/D","S/D","Diurna","S/D","S/D","S/D","Colisión","S/D","S/D","S/D","S/D"
2016,1335,3/6/2016,"Domingo",0,14:00:00,,"0.0",2,"Moto/Ciclomotor,Pickup/Utilitario","Bolivia Y Bahia Blanca Bis",2,1,0,0,1,0,0,,"Calle",,"ROSARIO","Rosario","Asfalto","S/D","II","Dentro","Urbana","S/D","S/D","Intersección","S/D","S/D","Diurna","S/D","S/D","S/D","Colisión","S/D","S/D","S/D","S/D"
2016,1336,3/5/2016,"Sabado",0,22:30:00,,"0.0",2,"Automóvil,Automóvil","Velez Sarsfield 700",4,2,0,0,1,0,1,,"Calle",,"ROSARIO","Rosario","Asfalto","S/D","II","Dentro","Urbana","S/D","S/D","Recta","S/D","S/D","Nocturna","S/D","S/D","S/D","Colisión","S/D","S/D","S/D","S/D"
2016,1337,3/15/2016,"Martes",0,16:10:00,,"0.0",2,"Moto/Ciclomotor,Automóvil","Echeverria Bis Y Pje. Corvalan",2,1,0,0,1,0,0,,"Calle",,"ROSARIO","Rosario","Asfalto","S/D","II","Dentro","Urbana","S/D","S/D","Intersección","S/D","S/D","Diurna","S/D","S/D","S/D","Colisión","S/D","S/D","S/D","S/D"
2016,1338,3/16/2016,"Miercoles",0,10:00:00,,"0.0",2,"Moto/Ciclomotor,Automóvil","Humberto I Y Benzuley",2,1,0,0,1,0,0,,"Calle",,"ROSARIO","Rosario","Asfalto","S/D","II","Dentro","Urbana","S/D","S/D","Intersección","S/D","S/D","Diurna","S/D","S/D","S/D","Colisión","S/D","S/D","S/D","S/D"
2016,1339,3/16/2016,"Miercoles",0,11:45:00,,"0.0",2,"Peatón,Automóvil","Benzuley 168",2,0,1,0,0,0,1,,"Calle",,"ROSARIO","Rosario","S/D","S/D","II","Dentro","Urbana","S/D","S/D","Recta","S/D","S/D","Diurna","S/D","S/D","S/D","Atropello","S/D","S/D","S/D","S/D"
2016,1340,3/29/2016,"Martes",0,7:45:00,,"0.0",2,"Moto/Ciclomotor,Automóvil","Bv. Avellaneda Y Pje. Corvalan",2,1,0,0,1,0,0,,"Calle",,"ROSARIO","Rosario","Asfalto","S/D","II","Dentro","Urbana","S/D","S/D","Intersección","S/D","S/D","Diurna","S/D","S/D","S/D","Colisión","S/D","S/D","S/D","S/D"
2016,1341,6/2/2016,"Jueves",0,12:10:00,"Ruta Provincial 1","10.5",2,"Peatón,Camión"," ",2,0,0,0,1,1,0,"-31.573929, -60.545128","Ruta",1,"ARROYO LEYES","La Capital","Asfalto","Natural","I","Dentro","Rural","Marca Vial","No existe","Recta","Bueno","Buena","Diurna","Buen Tiempo","S/D","S/D","Atropello","S/D","Horizontal","Línea divisoria pintada","Sin restricción"
2016,1342,1/3/2016,"Domingo",0,2:00:00,,"0.0",2,"Moto/Ciclomotor,Moto/Ciclomotor","Arturo Illia Y Comisario Valentin Kaiser",4,0,1,0,0,1,2,"-31.247333333333,-61.513777777778","Calle",,"RAFAELA","Castellanos","Hormigón","No existe","V","Dentro","Urbana","S/D","No existe","Intersección","Bueno","S/D","Nocturna","S/D","Lateral","S/D","Colisión","S/D","Faltante","Ninguna","Sin restricción"
2016,1343,3/22/2016,"Martes",0,13:10:00,,"0.0",1,"Taxi/Remis","Albert Sabin Y Av. Genova",3,2,0,0,1,0,0,,"Avenida",,"ROSARIO","Rosario","Hormigón","S/D","II","Dentro","Urbana","S/D","Funciona","Recta","Bueno","Buena","Diurna","Buen Tiempo","S/D","S/D","Vuelco","Ninguna","Horizontal","Ninguna","S/D"
2016,1344,3/12/2016,"Sabado",0,13:15:00,,"0.0",2,"Moto/Ciclomotor,Automóvil","J.J.Paso Y Dr.Victor Cue Bis",4,2,0,0,1,0,1,,"Calle",,"ROSARIO","Rosario","Asfalto","Pavimento","II","S/D","Urbana","Ninguna","No existe","Recta","Deteriorada","Buena","Diurna","Buen Tiempo","Lateral","S/D","Colisión","Ninguna","Faltante","Ninguna","Sin restricción"
2016,1345,3/1/2016,"Martes",0,21:20:00,,"0.0",2,"Automóvil,Automóvil","Catamarca Y Rodriguez",3,1,0,0,2,0,0,,"Calle",,"ROSARIO","Rosario","Asfalto","S/D","II","S/D","Urbana","Semáforo","Funciona","Recta","Bueno","Buena","Nocturna","Buen Tiempo","Otro","S/D","Colisión","S/D","S/D","Ninguna","Sin restricción"
2016,1346,3/7/2016,"Lunes",0,14:45:00,,"0.0",2,"Moto/Ciclomotor,Automóvil","Cordoba Y Cafferata",3,2,0,0,1,0,0,,"Calle",,"ROSARIO","Rosario","Asfalto","No existe","II","S/D","Urbana","Semáforo","Funciona","Recta","Bueno","Buena","Diurna","Buen Tiempo","Lateral","S/D","Colisión","S/D","Vertical","Ninguna","Sin restricción"
2016,1347,3/8/2016,"Martes",0,18:30:00,,"0.0",2,"Moto/Ciclomotor,Automóvil","San Lorenzo Y Constitucion",2,1,0,0,1,0,0,,"Calle",,"ROSARIO","Rosario","Asfalto","No existe","II","S/D","Urbana","Otra Señal","No existe","Recta","Bueno","Buena","Diurna","Buen Tiempo","Otro","S/D","Colisión","Ninguna","Vertical","Ninguna","Sin restricción"
2016,1348,3/18/2016,"Viernes",0,7:20:00,,"0.0",2,"Automóvil,Automóvil","Urquiza Y Av. Ovidio Lagos",3,2,1,0,0,0,0,,"Calle",,"ROSARIO","Rosario","Asfalto","No existe","II","S/D","Urbana","Semáforo","Funciona","Recta","Bueno","Buena","Diurna","Buen Tiempo","Otro","S/D","Colisión","Ninguna","Vertical","Ninguna","Sin restricción"
2016,1349,3/20/2016,"Domingo",0,21:00:00,,"0.0",2,"Automóvil,Automóvil","Castellanos 400",2,1,0,0,1,0,0,,"Calle",,"ROSARIO","Rosario","Asfalto","No existe","II","S/D","Urbana","Señal Pare","No existe","Recta","Bueno","Buena","Nocturna","Buen Tiempo","Otro","S/D","Colisión","Ninguna","Vertical","Ninguna","Sin restricción"
2016,1350,3/22/2016,"Martes",0,17:45:00,,"0.0",2,"Automóvil,Peatón","Cafferata 200",2,1,0,0,1,0,0,,"Calle",,"ROSARIO","Rosario","Asfalto","No existe","II","S/D","Urbana","Paso Peatonal","No existe","Recta","Bueno","Buena","Diurna","Buen Tiempo","S/D","S/D","Atropello","Ninguna","Faltante","Ninguna","Sin restricción"
2016,1351,3/30/2016,"Miercoles",0,10:20:00,,"0.0",2,"Moto/Ciclomotor,Automóvil","Jujuy Y Ricchieri",2,0,1,0,1,0,0,,"Calle",,"ROSARIO","Rosario","Asfalto","No existe","II","S/D","Urbana","Ninguna","No existe","Recta","Otro","Buena","Diurna","Buen Tiempo","Otro","S/D","Colisión","Ninguna","Faltante","Ninguna","Sin restricción"
2016,1352,3/14/2016,"Lunes",0,13:40:00,,"0.0",2,"Bicicleta,Automóvil","Suipacha Y Rioja",2,1,0,0,1,0,0,,"Calle",,"ROSARIO","Rosario","Asfalto","S/D","II","Dentro","Urbana","S/D","S/D","S/D","S/D","S/D","Diurna","S/D","S/D","S/D","Atropello","S/D","S/D","S/D","S/D"
2016,1353,3/16/2016,"Miercoles",0,10:20:00,,"0.0",2,"Automóvil,Vehículo Oficial","Suipacha Y Montevideo",3,2,0,0,1,0,0,,"Calle",,"ROSARIO","Rosario","Asfalto","S/D","II","Dentro","Urbana","S/D","S/D","S/D","S/D","S/D","Diurna","S/D","S/D","S/D","Colisión","S/D","S/D","S/D","S/D"
2016,1354,3/13/2016,"Domingo",0,,,"0.0",2,"Automóvil,Taxi/Remis","Montevideo Y Pueyrredon",4,3,0,0,1,0,0,,"Calle",,"ROSARIO","Rosario","Asfalto","S/D","II","Dentro","Urbana","S/D","S/D","S/D","S/D","S/D","S/D","S/D","S/D","S/D","Colisión","S/D","S/D","S/D","S/D"
2016,1355,3/22/2016,"Martes",0,23:45:00,,"0.0",2,"Automóvil,Peatón","Carriego Y Mendoza",2,1,0,0,1,0,0,,"Calle",,"ROSARIO","Rosario","Asfalto","S/D","II","Dentro","Urbana","S/D","S/D","S/D","S/D","S/D","S/D","S/D","S/D","S/D","Atropello","S/D","S/D","S/D","S/D"