"anio_acci","nro_acci","fecha","desc_dia","fecha_aprox","hora_aprox","desc_ruta","km","cant_participantes","desc_participante","calle_avenida_km","total","heridos_leves","heridos_graves","heridos_gravisimos","ilesos","fallecidos","sin_datos","posicion_XY","desc_tipo_via","desc_ruta_ori","desc_loc","desc_dpto","desc_tipo_calzada","desc_tipo_banquina","desc_unidad_regional","desc_lugar_calzada","desc_zona","desc_prioridad","desc_estado_semaforo","desc_lugar_via","desc_estado_via","desc_estado_visibilidad","desc_luminosidad","desc_estado_clima","desc_tipo_colision","desc_tipo_atropello","desc_tipo_hecho","desc_pres_calzada","desc_senializacion","desc_separacion_via","desc_restriccion"
2016,1356,3/23/2016,"Miercoles",0,7:30:00,,"0.0",2,"Automóvil,Automóvil","Rio De Janeiro Y San Luis",3,1,0,0,2,0,0,,"Calle",,"ROSARIO","Rosario","Asfalto","S/D","II","S/D","S/D","S/D","S/D","S/D","S/D","S/D","S/D","S/D","S/D","S/D","Colisión","S/D","S/D","S/D","S/D"
2016,1357,3/22/2016,"Martes",0,20:10:00,,"0.0",2,"Peatón,Moto/Ciclomotor","Av. Francia Y 3 De Febrero",2,1,0,0,1,0,0,,"Avenida",,"ROSARIO","Rosario","Asfalto","S/D","II","Dentro","Urbana","S/D","S/D","S/D","S/D","S/D","S/D","S/D","S/D","S/D","Atropello","S/D","S/D","S/D","S/D"
2016,1358,3/22/2016,"Martes",0,18:10:00,,"0.0",2,"Moto/Ciclomotor,Automóvil","Alsina Y 3 De Febrero",2,1,0,0,1,0,0,,"Calle",,"ROSARIO","Rosario","Asfalto","S/D","II","Dentro","Urbana","S/D","S/D","S/D","S/D","S/D","S/D","S/D","S/D","S/D","Colisión","S/D","S/D","S/D","S/D"
2016,1359,3/15/2016,"Martes",0,18:20:00,,"0.0",2,"Pickup/Utilitario,Automóvil","Bv. Avellaneda Y Marcos Paz",3,1,0,0,2,0,0,,"Calle",,"ROSARIO","Rosario","Asfalto","S/D","II","Dentro","Urbana","S/D","S/D","S/D","S/D","S/D","S/D","S/D","S/D","S/D","Colisión","S/D","S/D","S/D","S/D"
2016,1360,3/14/2016,"Lunes",0,20:15:00,,"0.0",2,"Moto/Ciclomotor,Automóvil","9 De Julio Y Iriondo",2,1,0,0,1,0,0,,"S/D",,"ROSARIO","Rosario","Asfalto","S/D","II","Dentro","Urbana","S/D","S/D","S/D","S/D","S/D","S/D","S/D","S/D","S/D","Colisión","S/D","S/D","S/D","S/D"
2016,1361,3/5/2016,"Sabado",0,14:00:00,,"0.0",2,"Moto/Ciclomotor,Automóvil","Mitre 1600",3,1,0,0,2,0,0,,"S/D",,"ROSARIO","Rosario","Asfalto","No existe","II","S/D","S/D","S/D","Funciona","Recta","Bueno","Buena","Diurna","S/D","Frontal","S/D","Colisión","S/D","S/D","S/D","Sin restricción"
2016,1362,3/10/2016,"Jueves",0,11:00:00,,"0.0",2,"Peatón,Pickup/Utilitario","Mariano Moreno 1009",2,1,0,0,1,0,0,,"Calle",,"ROSARIO","Rosario","Asfalto","No existe","II","Dentro","Urbana","Ninguna","No existe","Recta","Bueno","Buena","Diurna","Buen Tiempo","S/D","S/D","Atropello","S/D","Faltante","Cordón divisorio","Sin restricción"
2016,1363,3/16/2016,"Miercoles",0,7:30:00,,"0.0",2,"Automóvil,Peatón","Paraguay Y Mendoza",2,1,0,0,1,0,0,,"Calle",,"ROSARIO","Rosario","Asfalto","No existe","II","Dentro","Urbana","Semáforo","Funciona","Recta","Bueno","Buena","Diurna","Buen Tiempo","S/D","S/D","Atropello","S/D","Vertical","Cordón divisorio","Sin restricción"
2016,1364,3/14/2016,"Lunes",0,1:20:00,,"0.0",2,"Moto/Ciclomotor,Pickup/Utilitario","Montevideo Y Bv. Oroño",2,1,0,0,1,0,0,,"Calle",,"ROSARIO","Rosario","Asfalto","No existe","II","Dentro","Urbana","Semáforo","Funciona","Intersección","Bueno","Buena","Nocturna,Con luz artificial","Buen Tiempo","Lateral","S/D","Colisión","S/D","Vertical","Cordón divisorio","Sin restricción"
2016,1365,6/24/2016,"Viernes",0,11:10:00,,"0.0",3,"Pickup/Utilitario,Moto/Ciclomotor,Moto/Ciclomotor","A Rossi Y Bartolome Mitre",4,1,0,0,2,1,0,"-31.415792, -60.332345","Calle",,"SANTA ROSA DE CALCHINES","Garay","S/D","S/D","VII","Dentro","Urbana","Ninguna","No existe","Intersección","S/D","Buena","Diurna","Buen Tiempo","Múltiple","S/D","Colisión","S/D","S/D","Ninguna","Sin restricción"
2016,1366,3/4/2016,"Viernes",0,0:50:00,,"0.0",2,"Moto/Ciclomotor,Camión","Av. Ovidio Lagos Y Av. Circunvalacion",2,0,1,0,1,0,0,,"Avenida",,"ROSARIO","Rosario","Hormigón","Pavimento","II","Dentro","Urbana","Semáforo","Funciona","Intersección","Bueno","Buena","Nocturna","Buen Tiempo","Lateral","S/D","Colisión","S/D","Vertical","Cordón divisorio","Sin restricción"
2016,1367,3/4/2016,"Viernes",0,13:20:00,,"0.0",2,"Moto/Ciclomotor,Automóvil","Bv. Avellaneda Y Ombu",3,2,0,0,1,0,0,,"Avenida",,"ROSARIO","Rosario","Asfalto","S/D","II","Dentro","Urbana","Ninguna","No existe","Intersección","Bueno","Buena","Diurna","Buen Tiempo","De alcance","S/D","Colisión","S/D","Horizontal","Ninguna","Sin restricción"
2016,1368,3/8/2016,"Martes",0,20:40:00,,"0.0",2,"Automóvil,Automóvil","Patricios Y Buenos Aires",3,3,0,0,0,0,0,,"Calle",,"ROSARIO","Rosario","Asfalto","No existe","II","Dentro","Urbana","Ninguna","No existe","Intersección","Bueno","Buena","Nocturna","Otro","Otro","S/D","Colisión","Ninguna","Horizontal","Ninguna","Sin restricción"
2016,1369,3/6/2016,"Domingo",0,12:30:00,,"0.0",1,"Moto/Ciclomotor","Av. Ovidio Lagos Y Av. Circunvalacion",2,2,0,0,0,0,0,,"Avenida",,"ROSARIO","Rosario","Asfalto","Pavimento","II","Dentro","Urbana","Ninguna","Funciona","Intersección","Bueno","Buena","Diurna","Buen Tiempo","S/D","S/D","Vuelco","S/D","Horizontal","Ninguna","Sin restricción"
2016,1370,3/30/2016,"Miercoles",0,10:55:00,,"0.0",3,"Automóvil,Taxi/Remis,Taxi/Remis","Santa Fe 2315",3,1,0,0,2,0,0,,"Calle",,"ROSARIO","Rosario","S/D","S/D","II","Dentro","Urbana","S/D","S/D","Recta","S/D","S/D","S/D","S/D","Múltiple","S/D","Colisión","S/D","S/D","S/D","Sin restricción"
2016,1371,3/11/2016,"Viernes",0,22:00:00,,"0.0",2,"Peatón,Moto/Ciclomotor","Montecarlo Y Punta Del Indio",2,1,0,0,1,0,0,,"Calle",,"ROSARIO","Rosario","Asfalto","No existe","II","Dentro","Urbana","Ninguna","No existe","Intersección","Bueno","Buena","Nocturna","Buen Tiempo","S/D","S/D","Atropello","S/D","Faltante","Ninguna","Sin restricción"
2016,1372,3/11/2016,"Viernes",0,19:10:00,,"0.0",2,"Moto/Ciclomotor,Automóvil","Av. Francia Y Av. Arijon",3,1,0,0,2,0,0,,"Avenida",,"ROSARIO","Rosario","Asfalto","Pavimento","II","Dentro","Urbana","Semáforo","Funciona","Intersección","Bueno","Buena","Diurna","Buen Tiempo","De alcance","S/D","Colisión","S/D","Vertical","Cordón divisorio","Sin restricción"
2016,1373,3/29/2016,"Martes",0,12:06:00,,"0.0",2,"Automóvil,Pickup/Utilitario","Av. Wheelwright Y Mariano Moreno",2,2,0,0,0,0,0,,"Avenida",,"ROSARIO","Rosario","Asfalto","Pavimento","II","Dentro","Urbana","Ninguna","Funciona","Intersección","Bueno","Buena","Diurna","Buen Tiempo","Frontal","S/D","Colisión","Otro","Vertical","Ninguna","S/D"
2016,1374,3/1/2016,"Martes",0,21:03:00,,"0.0",2,"Moto/Ciclomotor,Moto/Ciclomotor","Av. Illia Y Mariano Moreno",3,2,0,0,1,0,0,,"Avenida",,"ROSARIO","Rosario","Asfalto","Pavimento","II","Dentro","Urbana","Ninguna","No funciona","Intersección","Bueno","Buena","Nocturna","Buen Tiempo","Lateral","S/D","Caída ocupante","Otro","Vertical","Ninguna","Sin restricción"
2016,1375,3/11/2016,"Viernes",0,5:30:00,,"0.0",2,"Moto/Ciclomotor,Camión","Av. Circunvalacion Y Bv. Oroño",2,1,0,0,1,0,0,,"Avenida",,"ROSARIO","Rosario","Asfalto","Pavimento","II","Dentro","Urbana","Ninguna","No existe","Intersección","Bueno","Buena","Diurna","Buen Tiempo","De alcance","S/D","Colisión","S/D","Faltante","Ninguna","Sin restricción"
2016,1376,3/16/2016,"Miercoles",0,9:45:00,,"0.0",2,"Automóvil,Moto/Ciclomotor","Catamarca Y Santiago",2,1,0,0,1,0,0,,"Calle",,"ROSARIO","Rosario","Asfalto","Pavimento","II","Dentro","Urbana","Ninguna","No existe","Intersección","Bueno","Buena","Diurna","Buen Tiempo","Frontal","S/D","Caída ocupante","Otro","Vertical","Ninguna","Sin restricción"
2016,1377,3/23/2016,"Miercoles",0,7:45:00,,"0.0",2,"Moto/Ciclomotor,Automóvil","Calle 2106 Y Calle 2121",2,1,0,0,1,0,0,,"S/D",,"ROSARIO","Rosario","Asfalto","S/D","II","Dentro","Urbana","Ninguna","S/D","Intersección","Bueno","Buena","Diurna","Buen Tiempo","Lateral","S/D","Colisión","S/D","Faltante","Ninguna","Sin restricción"
2016,1378,3/2/2016,"Miercoles",0,8:40:00,,"0.0",1,"Transporte de Pasajeros Urbano (> 8 asientos)","Maipu Y San Lorenzo",3,2,0,0,1,0,0,,"Calle",,"ROSARIO","Rosario","Asfalto","Pavimento","II","Dentro","Urbana","Semáforo","Funciona","Intersección","Bueno","Buena","Diurna","Buen Tiempo","De alcance","S/D","Caída ocupante","Otro","Vertical","Ninguna","Sin restricción"
2016,1379,3/28/2016,"Lunes",0,21:00:00,,"0.0",2,"Moto/Ciclomotor,Automóvil","Av. Ovidio Lagos Y Hilarion de la Quintana",2,0,1,0,1,0,0,,"Avenida",,"ROSARIO","Rosario","Asfalto","Pavimento","II","Dentro","Urbana","Ninguna","No existe","Intersección","Bueno","Buena","Nocturna","Buen Tiempo","Frontal","S/D","Colisión","S/D","Faltante","Cordón divisorio","Sin restricción"
2016,1380,3/31/2016,"Jueves",0,21:45:00,,"0.0",2,"Bicicleta,Automóvil","Bv. Oroño Y Salta",2,1,0,0,1,0,0,,"Avenida",,"ROSARIO","Rosario","Asfalto","Pavimento","II","Dentro","Urbana","Semáforo","Funciona","Intersección","Bueno","Buena","Nocturna","Buen Tiempo","S/D","S/D","Atropello","Otro","Vertical","Ninguna","Sin restricción"
2016,1381,2/21/2016,"Domingo",0,23:00:00,"Ruta Nacional 11","0.0",2,"Moto/Ciclomotor,Automóvil","Lamberto La Fuente ",4,2,0,0,1,1,0,"-31.992953, -60.930307","Ruta",11,"CORONDA","San Jerónimo","Hormigón","S/D","XV","Dentro","Urbana","S/D","S/D","Cruce","S/D","S/D","Nocturna","S/D","S/D","S/D","Colisión","S/D","S/D","S/D","S/D"
2016,1382,3/14/2016,"Lunes",0,8:30:00,"Ruta Nacional 33","848.0",2,"Moto/Ciclomotor,Automóvil","Ruta Nac 33 ",2,1,0,0,1,0,0,,"Ruta",33,"PEREZ","Rosario","S/D","No existe","II","Dentro","Rural","Ninguna","No existe","Intersección","Otro","Buena","Diurna","Otro","Lateral","S/D","Colisión","Otro","Faltante","Línea divisoria pintada","Sin restricción"
2016,1383,3/15/2016,"Martes",0,10:00:00,"Ruta Nacional 33","0.0",2,"Moto/Ciclomotor,Automóvil","Ruta Nac 33 Y Rivadavia",2,1,0,0,1,0,0,,"Ruta",33,"PEREZ","Rosario","S/D","No existe","II","Dentro","Rural","Ninguna","No existe","Intersección","Otro","Buena","Diurna","Otro","Lateral","S/D","Colisión","Otro","Faltante","Línea divisoria pintada","Sin restricción"
2016,1384,3/12/2016,"Sabado",0,17:25:00,,"0.0",2,"Moto/Ciclomotor,Automóvil","Av Belgrano Y Dr Borzone",2,1,0,0,1,0,0,,"S/D",,"PEREZ","Rosario","S/D","No existe","II","S/D","Urbana","Ninguna","No existe","Intersección","Otro","Buena","Atardecer","Otro","Lateral","S/D","Colisión","Otro","S/D","Línea divisoria pintada","Sin restricción"
2016,1385,3/29/2016,"Martes",0,20:35:00,,"0.0",2,"Moto/Ciclomotor,Automóvil","Av. Pellegrini Y Av. Provincias Unidas",2,1,0,0,1,0,0,,"Calle",,"ROSARIO","Rosario","Asfalto","S/D","II","Dentro","Urbana","S/D","Funciona","Intersección","Bueno","Buena","Nocturna","Buen Tiempo","Lateral","S/D","Colisión","S/D","S/D","S/D","S/D"
2016,1386,3/20/2016,"Domingo",0,22:00:00,,"0.0",2,"Moto/Ciclomotor,Automóvil","San Lorenzo Y Campbell",2,1,0,0,1,0,0,,"Calle",,"ROSARIO","Rosario","Asfalto","S/D","II","Dentro","Urbana","S/D","S/D","Intersección","Bueno","Buena","Nocturna","Buen Tiempo","Lateral","S/D","Colisión","S/D","S/D","S/D","S/D"
2016,1387,3/13/2016,"Domingo",0,21:20:00,,"0.0",2,"Bicicleta,Moto/Ciclomotor","P.L.Funes Y Mendoza",2,1,0,0,1,0,0,,"Calle",,"ROSARIO","Rosario","Asfalto","S/D","II","Dentro","Urbana","S/D","S/D","Intersección","Bueno","S/D","Nocturna","Buen Tiempo","S/D","S/D","Atropello","S/D","S/D","S/D","S/D"
2016,1388,3/6/2016,"Domingo",0,7:30:00,,"0.0",2,"Moto/Ciclomotor,Automóvil","Roullon 2800",2,1,0,0,1,0,0,,"Calle",,"ROSARIO","Rosario","Asfalto","No existe","II","Dentro","Urbana","Ninguna","No existe","Intersección","Bueno","Buena","Diurna","Otro","Lateral","S/D","Colisión","Ninguna","Faltante","Ninguna","Sin restricción"
2016,1389,3/6/2016,"Domingo",0,20:00:00,,"0.0",2,"Moto/Ciclomotor,Pickup/Utilitario","Godoy Cruz Y Peru",2,1,0,0,1,0,0,,"Calle",,"ROSARIO","Rosario","Asfalto","No existe","II","Dentro","Urbana","Ninguna","No existe","Intersección","Bueno","Buena","Atardecer","Otro","Lateral","S/D","Colisión","Ninguna","Faltante","Ninguna","Sin restricción"
2016,1390,3/18/2016,"Viernes",0,23:00:00,,"0.0",2,"Moto/Ciclomotor,Automóvil","Roullon Y Uruguay",2,1,0,0,1,0,0,,"S/D",,"ROSARIO","Rosario","Asfalto","No existe","II","S/D","S/D","Ninguna","No existe","Intersección","Otro","Buena","Nocturna","Otro","Lateral","S/D","Colisión","Ninguna","Faltante","Ninguna","Sin restricción"
2016,1391,3/27/2016,"Domingo",0,19:00:00,,"0.0",2,"Moto/Ciclomotor,Automóvil","Gaboto Y P.L.Funes",2,1,0,0,1,0,0,,"Calle",,"ROSARIO","Rosario","Asfalto","No existe","II","Dentro","Urbana","Ninguna","No existe","Intersección","Otro","Buena","Atardecer","Otro","Lateral","S/D","Colisión","Ninguna","Faltante","Ninguna","Sin restricción"
2016,1392,3/30/2016,"Miercoles",0,20:45:00,,"0.0",2,"Automóvil,Moto/Ciclomotor","Sarmiento Y Libertad",2,1,0,0,1,0,0,,"Calle",,"LAGUNA PAIVA","La Capital","Ripio","No existe","I","Dentro","Urbana","Ninguna","No existe","Intersección","Con baches","Buena","Nocturna","Buen Tiempo","Lateral","S/D","Colisión","S/D","Horizontal","Ninguna","Sin restricción"
2016,1393,3/1/2016,"Martes",0,18:35:00,"Ruta Provincial 2","0.0",2,"Moto/Ciclomotor,Pickup/Utilitario"," ",2,1,0,0,1,0,0,,"Ruta",2,"ANGEL GALLARDO","La Capital","Hormigón","S/D","I","Dentro","Rural","Ninguna","No existe","Recta","Bueno","Buena","Diurna","Buen Tiempo","Lateral","S/D","Colisión","S/D","S/D","Ninguna","Sin restricción"
2016,1394,3/22/2016,"Martes",0,19:00:00,,"0.0",2,"Automóvil,Automóvil","Bartolome Mitre gral Y Juarez Celman",3,3,0,0,0,0,0,,"S/D",,"ARROYO SECO","Rosario","Asfalto","S/D","II","Dentro","Urbana","S/D","S/D","Intersección","Bueno","S/D","Diurna","Buen Tiempo","S/D","S/D","Colisión","S/D","S/D","S/D","Sin restricción"
2016,1395,3/18/2016,"Viernes",0,20:30:00,"Ruta Provincial 2","19.0",2,"Automóvil,Automóvil"," ",6,2,2,0,2,0,0,,"Ruta",2,"MONTE VERA","La Capital","Hormigón","Natural","I","Dentro","Urbana","Ninguna","No existe","Recta","Bueno","Buena","Nocturna,Con luz artificial","Buen Tiempo","De alcance","S/D","Colisión","Agua","S/D","Ninguna","Sin restricción"
2016,1396,3/15/2016,"Martes",0,7:30:00,,"0.0",2,"Automóvil,Automóvil","Av. Pellegrini 500",2,1,0,0,1,0,0,,"Calle",,"ROSARIO","Rosario","Asfalto","S/D","II","Dentro","Urbana","Semáforo","Funciona","Recta","Bueno","Buena","Diurna","Buen Tiempo","S/D","S/D","Colisión","S/D","S/D","Cordón divisorio","Sin restricción"
2016,1397,3/26/2016,"Sabado",0,20:15:00,,"0.0",1,"Automóvil"," ",1,1,0,0,0,0,0,,"S/D",,"ARROYO SECO","Rosario","Asfalto","Ripio","II","Fuera","Rural","Ninguna","No existe","Recta","S/D","Buena","Con luz artificial","Buen Tiempo","S/D","S/D","Vuelco","S/D","Faltante","Línea divisoria pintada","Sin restricción"
2016,1398,3/10/2016,"Jueves",0,21:00:00,,"0.0",2,"Moto/Ciclomotor,Automóvil","San Lorenzo Y Mariano Moreno",2,1,0,0,1,0,0,,"Calle",,"ROSARIO","Rosario","Asfalto","Pavimento","II","Dentro","Urbana","Ninguna","No existe","Intersección","Bueno","Buena","Nocturna","Buen Tiempo","Lateral","S/D","Colisión","S/D","Vertical","Ninguna","Sin restricción"
2016,1399,3/11/2016,"Viernes",0,5:00:00,,"0.0",2,"Automóvil,Moto/Ciclomotor","Gral Manuel Belgrano Y 9 de Julio",2,1,0,0,1,0,0,,"Calle",,"ARROYO SECO","Rosario","Asfalto","Pavimento","II","S/D","Urbana","Paso Peatonal","S/D","Recta","Bueno","Buena","Nocturna","Buen Tiempo","Lateral","S/D","Colisión","S/D","Vertical","Ninguna","Sin restricción"
2016,1400,3/28/2016,"Lunes",0,23:45:00,,"0.0",1,"Moto/Ciclomotor"," ",2,2,0,0,0,0,0,,"Camino Rural",,"AROCENA","San Jerónimo","Tierra","No existe","XV","Dentro","Rural","Ninguna","No existe","Recta","Ahuellamiento","Reducida","Nocturna","Buen Tiempo","Otro","S/D","Despiste","Ninguna","Faltante","Ninguna","Sin restricción"
2016,1401,3/27/2016,"Domingo",0,21:20:00,,"0.0",2,"Moto/Ciclomotor,Moto/Ciclomotor","Av San Martin Y Republica de Italia",4,4,0,0,0,0,0,,"Calle",,"LAGUNA PAIVA","La Capital","Hormigón","No existe","I","Dentro","Urbana","Semáforo","Funciona","Intersección","Con baches","Buena","Nocturna,Con luz artificial","Buen Tiempo","Lateral","S/D","Colisión","Ninguna","Horizontal,Vertical","Vegetación","Sin restricción"
2016,1402,3/14/2016,"Lunes",0,14:30:00,,"0.0",2,"Moto/Ciclomotor,Transporte de Pasajeros (H/ 8 asientos)","San Luis 1500",3,1,0,0,2,0,0,,"Calle",,"ROSARIO","Rosario","Asfalto","No existe","II","Dentro","Urbana","Semáforo","Funciona","Recta","Bueno","Buena","Diurna","Buen Tiempo","Frontal","S/D","Colisión","S/D","S/D","Cordón divisorio","Sin restricción"
2016,1403,3/6/2016,"Domingo",0,18:15:00,,"0.0",2,"Automóvil,Bicicleta","Cordoba Y Bv. Oroño",2,1,0,0,1,0,0,,"Calle",,"ROSARIO","Rosario","Asfalto","No existe","II","Dentro","Urbana","Semáforo","Funciona","Intersección","Bueno","Buena","Diurna","Buen Tiempo","Lateral","S/D","Atropello","S/D","Vertical","Cordón divisorio","Sin restricción"
2016,1404,3/16/2016,"Miercoles",0,19:30:00,,"0.0",2,"Moto/Ciclomotor,Automóvil","Entre Rios Y Rioja",3,2,0,0,1,0,0,,"Calle",,"ROSARIO","Rosario","Asfalto","S/D","II","Dentro","Urbana","Ninguna","S/D","Intersección","Bueno","S/D","Diurna","Buen Tiempo","Lateral","S/D","Colisión","S/D","Vertical","Cordón divisorio","Sin restricción"
2016,1405,3/29/2016,"Martes",0,20:55:00,,"0.0",2,"Pickup/Utilitario,Moto/Ciclomotor","Moreno Y Av Pte Peron",2,1,0,0,1,0,0,,"Avenida",,"LAGUNA PAIVA","La Capital","Hormigón","No existe","I","Dentro","Urbana","Ninguna","No existe","Intersección","Bueno","Buena","Atardecer","Buen Tiempo","Frontal","S/D","Colisión","Ninguna","Faltante","Ninguna","Sin restricción"
2016,1406,3/8/2016,"Martes",0,14:31:00,,"0.0",2,"Moto/Ciclomotor,Automóvil","Balcarce Y Rioja",2,1,0,0,1,0,0,,"Calle",,"ROSARIO","Rosario","Asfalto","No existe","II","Dentro","Urbana","Ninguna","No existe","Intersección","Bueno","Buena","Diurna","Buen Tiempo","Lateral","S/D","Colisión","S/D","S/D","Cordón divisorio","Sin restricción"
2016,1407,3/4/2016,"Viernes",0,16:25:00,,"0.0",2,"Automóvil,Taxi/Remis","Av. Pellegrini Y Sarmiento",3,1,0,0,1,0,1,,"Calle",,"ROSARIO","Rosario","Asfalto","S/D","II","Dentro","Urbana","Ninguna","S/D","Recta","Bueno","S/D","Diurna","Buen Tiempo","S/D","S/D","Colisión","S/D","Vertical","Cordón divisorio","Sin restricción"
2016,1408,3/20/2016,"Domingo",0,0:30:00,,"0.0",2,"Automóvil,Automóvil","E.Zeballos Y Alvear",2,1,0,0,1,0,0,,"Calle",,"ROSARIO","Rosario","Asfalto","No existe","II","Dentro","Urbana","Semáforo","Funciona","Recta","Bueno","Buena","Nocturna,Con luz artificial","Buen Tiempo","Lateral","S/D","Colisión","S/D","S/D","Cordón divisorio","Sin restricción"
2016,1409,3/8/2016,"Martes",0,18:00:00,,"0.0",2,"Moto/Ciclomotor,Automóvil","Pje. J.Blanco Y Cabildo",2,1,0,0,1,0,0,,"Calle",,"ROSARIO","Rosario","Asfalto","No existe","II","Dentro","Urbana","Ninguna","No existe","Intersección","Bueno","Buena","Diurna","Buen Tiempo","S/D","S/D","Colisión","S/D","Horizontal","Ninguna","Sin restricción"
2016,1410,3/6/2016,"Domingo",0,21:00:00,,"0.0",2,"Automóvil,Tracción animal / Carro","San Martin ",3,2,0,0,1,0,0,,"Calle",,"ROSARIO","Rosario","Asfalto","No existe","II","Dentro","Urbana","Ninguna","No existe","Recta","Deteriorada","Reducida","Nocturna","Buen Tiempo","S/D","S/D","Colisión","S/D","Faltante","Ninguna","Sin restricción"
2016,1411,2/12/2016,"Viernes",0,8:30:00,,"0.0",2,"Moto/Ciclomotor,Automóvil"," ",3,1,0,0,2,0,0,,"Calle",,"ROSARIO","Rosario","Asfalto","No existe","II","Dentro","Urbana","Ninguna","No existe","Intersección","Bueno","Buena","Diurna","S/D","S/D","S/D","Colisión","S/D","Horizontal","Línea divisoria pintada","Sin restricción"
2016,1412,3/10/2016,"Jueves",0,16:00:00,,"0.0",2,"Automóvil,Moto/Ciclomotor","Av. Pellegrini Y Buenos Aires",2,1,0,0,1,0,0,,"Calle",,"ROSARIO","Rosario","Asfalto","S/D","II","Dentro","Urbana","Semáforo","S/D","Intersección","Bueno","S/D","Diurna","Buen Tiempo","Lateral","S/D","Colisión","S/D","S/D","Cordón divisorio","Sin restricción"
2016,1413,3/27/2016,"Domingo",0,15:30:00,"Ruta Provincial 2","11.4",2,"Pickup/Utilitario,Moto/Ciclomotor"," ",2,1,0,0,1,0,0,,"Ruta",2,"MONTE VERA","La Capital","Hormigón","Ripio","I","Dentro","Rural","Ninguna","No existe","Curva","Bueno","Buena","Diurna","Buen Tiempo","Frontal","S/D","Colisión","Ninguna","S/D","Ninguna","Sin restricción"
2016,1414,3/31/2016,"Jueves",0,15:30:00,"Ruta Provincial 2","11.4",2,"Automóvil,Moto/Ciclomotor"," ",2,1,0,0,1,0,0,,"Ruta",2,"MONTE VERA","La Capital","Hormigón","Natural","I","Dentro","Rural","Ninguna","No existe","Curva","Bueno","Buena","Diurna","Buen Tiempo","Lateral","S/D","Colisión","Ninguna","S/D","Ninguna","Sin restricción"
2016,1415,3/15/2016,"Martes",0,22:00:00,,"0.0",2,"Moto/Ciclomotor,Moto/Ciclomotor","Av Gral Lopez Y La Pampa",3,2,0,0,1,0,0,,"Calle",,"SANTA FE","La Capital","Ripio","No existe","I","Dentro","Urbana","Ninguna","No existe","Intersección","Bueno","Buena","Nocturna,Con luz artificial","Buen Tiempo","Lateral","S/D","Colisión","Ninguna","S/D","Ninguna","Sin restricción"
2016,1416,3/4/2016,"Viernes",0,12:00:00,,"0.0",2,"Automóvil,Moto/Ciclomotor","Pastor Barrios Y Guemes",2,1,0,0,1,0,0,,"Calle",,"LAGUNA PAIVA","La Capital","Asfalto","Natural","I","Dentro","Urbana","Ninguna","No existe","Intersección","Bueno","Buena","Diurna","Buen Tiempo","Lateral","S/D","Colisión","Ninguna","Vertical","Línea divisoria pintada","Sin restricción"
2016,1417,3/16/2016,"Miercoles",0,8:45:00,,"0.0",2,"Pickup/Utilitario,Moto/Ciclomotor","Av San Martin Y Maipu",2,0,1,0,1,0,0,,"Avenida",,"LAGUNA PAIVA","La Capital","Hormigón","No existe","I","Dentro","Urbana","Ninguna","No existe","Intersección","Bueno","Buena","Diurna","Buen Tiempo","Lateral","S/D","Colisión","Ninguna","Horizontal,Vertical","Vegetación","Sin restricción"
2016,1418,3/8/2016,"Martes",0,13:00:00,,"0.0",2,"Pickup/Utilitario,Moto/Ciclomotor"," ",2,1,0,0,1,0,0,,"S/D",,"SANTO TOMÉ","La Capital","Asfalto","No existe","I","S/D","Rural","Ninguna","No existe","Recta","Bueno","Buena","Diurna","Buen Tiempo","Frontal","S/D","Colisión","Ninguna","Faltante","Ninguna","Sin restricción"
2016,1419,3/30/2016,"Miercoles",0,17:20:00,,"0.0",2,"Automóvil,Vehículo Oficial","Jose De San Martin Y Martin de Pueyrredon",3,1,0,0,2,0,0,,"Calle",,"SANTO TOMÉ","La Capital","Ripio","No existe","I","S/D","Urbana","Ninguna","No existe","Intersección","Bueno","Buena","Diurna","Buen Tiempo","Lateral","S/D","Colisión","Ninguna","Faltante","Ninguna","Sin restricción"
2016,1420,3/15/2016,"Martes",0,21:00:00,,"0.0",2,"Moto/Ciclomotor,Moto/Ciclomotor","Saavdra Y Camino viejo a Esperanza",2,1,1,0,0,0,0,,"Calle",,"RECREO","La Capital","Ripio","Natural","I","Dentro","Urbana","Ninguna","No existe","Intersección","S/D","Reducida","Nocturna","Buen Tiempo","Lateral","S/D","Colisión","S/D","Faltante","Ninguna","Sin restricción"
2016,1421,3/14/2016,"Lunes",0,11:30:00,,"0.0",2,"Automóvil,Moto/Ciclomotor","Paula Albarracin de Sarmiento Y 3 de febrero",2,1,0,0,1,0,0,,"Calle",,"SANTO TOMÉ","La Capital","Asfalto","No existe","I","S/D","Urbana","Ninguna","No existe","Intersección","Bueno","Buena","Diurna","Buen Tiempo","Lateral","S/D","Colisión","Ninguna","Faltante","Ninguna","Sin restricción"
2016,1422,3/10/2016,"Jueves",0,20:00:00,,"0.0",2,"Moto/Ciclomotor,Automóvil","Caferata Y Pbro Martinez",2,1,0,0,1,0,0,,"Calle",,"RECREO","La Capital","Ripio","Natural","I","Dentro","Urbana","Ninguna","No existe","Intersección","Deteriorada","Reducida","Nocturna,Con luz artificial","Buen Tiempo","Lateral","S/D","Colisión","S/D","Faltante","Ninguna","Sin restricción"