"anio_acci","nro_acci","fecha","desc_dia","fecha_aprox","hora_aprox","desc_ruta","km","cant_participantes","desc_participante","calle_avenida_km","total","heridos_leves","heridos_graves","heridos_gravisimos","ilesos","fallecidos","sin_datos","posicion_XY","desc_tipo_via","desc_ruta_ori","desc_loc","desc_dpto","desc_tipo_calzada","desc_tipo_banquina","desc_unidad_regional","desc_lugar_calzada","desc_zona","desc_prioridad","desc_estado_semaforo","desc_lugar_via","desc_estado_via","desc_estado_visibilidad","desc_luminosidad","desc_estado_clima","desc_tipo_colision","desc_tipo_atropello","desc_tipo_hecho","desc_pres_calzada","desc_senializacion","desc_separacion_via","desc_restriccion"
2016,1423,3/28/2016,"Lunes",0,7:00:00,"Ruta Nacional 11","478.0",2,"Bicicleta,Moto/Ciclomotor"," ",3,3,0,0,0,0,0,,"Ruta",11,"RECREO","La Capital","Asfalto","S/D","I","Dentro","Urbana","Ninguna","S/D","Recta","Bueno","S/D","Diurna","Buen Tiempo","Lateral","S/D","Atropello","S/D","Horizontal","Línea divisoria pintada","Sin restricción"
2016,1424,3/10/2016,"Jueves",0,16:36:00,"Ruta Nacional 11","517.0",2,"Camión,Camión"," ",3,1,0,0,2,0,0,,"Ruta",11,"LLAMBI CAMPBELL","La Capital","Asfalto","Natural","I","Dentro","Rural","Marca Vial","No existe","Recta","Bueno","Buena","Diurna","Buen Tiempo","S/D","S/D","Colisión","S/D","Horizontal","Línea divisoria pintada","Sin restricción"
2016,1425,3/30/2016,"Miercoles",0,19:15:00,,"0.0",2,"Automóvil,Moto/Ciclomotor","Frutos 3900",2,1,0,0,1,0,0,,"Calle",,"SANTO TOMÉ","La Capital","Tierra","No existe","I","S/D","S/D","Ninguna","No existe","Recta","Bueno","Buena","Diurna","Buen Tiempo","Frontal","S/D","Colisión","S/D","S/D","Ninguna","Sin restricción"
2016,1426,3/23/2016,"Miercoles",0,2:00:00,"Ruta Nacional 11","477.0",2,"Moto/Ciclomotor,Automóvil"," ",3,2,0,0,1,0,0,,"Ruta",11,"RECREO","La Capital","Asfalto","Natural","I","Dentro","Urbana","Ninguna","No existe","Recta","Bueno","Buena","Nocturna,Con luz artificial","Buen Tiempo","Lateral","S/D","Colisión","S/D","Horizontal","Línea divisoria pintada","Sin restricción"
2016,1427,3/2/2016,"Miercoles",0,8:05:00,,"0.0",2,"Moto/Ciclomotor,Automóvil","25 de mayo 1600",3,2,0,0,1,0,0,,"Calle",,"SANTO TOMÉ","La Capital","S/D","No existe","I","Dentro","Urbana","Semáforo","Funciona","Intersección","Bueno","Buena","Diurna","Buen Tiempo","S/D","S/D","Colisión","S/D","S/D","Ninguna","Sin restricción"
2016,1428,3/3/2016,"Jueves",0,15:50:00,,"0.0",2,"Automóvil,Moto/Ciclomotor","Primera Junta 4500",2,2,0,0,0,0,0,,"Calle",,"SANTO TOMÉ","La Capital","Asfalto","Natural","I","Fuera","Urbana","Ninguna","No existe","Curva","Bueno","Buena","Diurna","Buen Tiempo","Lateral","S/D","Colisión","Ninguna","S/D","Ninguna","Sin restricción"
2016,1429,3/29/2016,"Martes",0,23:45:00,,"0.0",2,"Moto/Ciclomotor,Automóvil","General Manuel Belgrano 2000",2,1,0,0,1,0,0,,"Calle",,"SANTO TOMÉ","La Capital","Asfalto","No existe","I","Dentro","Urbana","Ninguna","Funciona","Intersección","Bueno","Buena","Diurna","Buen Tiempo","Lateral","S/D","Colisión","S/D","S/D","Ninguna","Sin restricción"
2016,1430,3/29/2016,"Martes",0,20:55:00,,"36.0",2,"Moto/Ciclomotor,Moto/Ciclomotor"," ",2,1,0,0,1,0,0,,"Calle",,"ARROYO LEYES","La Capital","Tierra","Natural","I","S/D","Urbana","S/D","No existe","Otro","S/D","Reducida","Nocturna","Buen Tiempo","Frontal","S/D","Colisión","Ninguna","Faltante","Línea divisoria pintada","Sin restricción"
2016,1431,3/14/2016,"Lunes",0,20:30:00,"Ruta Provincial 1","0.0",2,"Moto/Ciclomotor,Bicicleta"," ",2,2,0,0,0,0,0,,"Ruta",1,"SAN JOSÉ DEL RINCÓN","La Capital","Asfalto","Natural","I","Dentro","S/D","Ninguna","No existe","Recta","Bueno","Buena","Nocturna","Buen Tiempo","S/D","S/D","Atropello","Ninguna","Vertical","Línea divisoria pintada","Sin restricción"
2016,1432,3/16/2016,"Miercoles",0,,"Ruta Nacional 11","534.0",2,"Automóvil,Camión"," ",3,1,0,0,2,0,0,,"Ruta",11,"EMILIA","La Capital","Asfalto","Natural","I","Dentro","Rural","Marca Vial","No existe","Recta","Bueno","Buena","Diurna","Buen Tiempo","De alcance","S/D","Colisión","S/D","Horizontal","Línea divisoria pintada","Sin restricción"
2016,1433,3/22/2016,"Martes",0,13:00:00,,"0.0",2,"Moto/Ciclomotor,Moto/Ciclomotor","Mariano Candioti Y Carlos Chapearouge",2,2,0,0,0,0,0,,"Calle",,"SANTO TOMÉ","La Capital","Asfalto","Natural","I","Dentro","Urbana","Ninguna","No existe","Recta","Con baches","Buena","Diurna","Buen Tiempo","Lateral","S/D","Colisión","S/D","Faltante","Ninguna","S/D"
2016,1434,3/3/2016,"Jueves",0,18:30:00,,"0.0",2,"Moto/Ciclomotor,Automóvil","Paula Albarracin de Sarmiento Y Jorge Haas Bieler",3,2,0,0,1,0,0,,"Calle",,"SANTO TOMÉ","La Capital","Asfalto","No existe","I","S/D","Urbana","Ninguna","No existe","Intersección","Bueno","Buena","Diurna","Buen Tiempo","Lateral","S/D","Colisión","Ninguna","S/D","Ninguna","Sin restricción"
2016,1435,3/12/2016,"Sabado",0,14:25:00,"Ruta Nacional 11","0.0",2,"Moto/Ciclomotor,Automóvil","Centenario ",3,2,0,0,1,0,0,,"Ruta",11,"SANTO TOMÉ","La Capital","Ripio","Natural","I","Dentro","Urbana","Ninguna","No existe","Recta","Con baches","Buena","Diurna","Buen Tiempo","Lateral","S/D","Colisión","S/D","Faltante","Ninguna","S/D"
2016,1436,3/9/2016,"Miercoles",0,19:45:00,,"0.0",2,"Automóvil,Moto/Ciclomotor"," ",2,1,0,0,1,0,0,,"S/D",,"SANTO TOMÉ","La Capital","Asfalto","No existe","I","S/D","Rural","Ninguna","No existe","Recta","Bueno","Buena","Atardecer","Buen Tiempo","Lateral","S/D","Colisión","Ninguna","Faltante","Ninguna","Sin restricción"
2016,1437,3/16/2016,"Miercoles",0,11:30:00,,"0.0",1,"Otros","4 de enero ",2,1,0,0,1,0,0,,"S/D",,"SANTO TOMÉ","La Capital","Tierra","No existe","I","S/D","Rural","Ninguna","No existe","Recta","Deteriorada","Buena","Diurna","Buen Tiempo","Atropello animal","S/D","Colisión","Ninguna","Faltante","Ninguna","Sin restricción"
2016,1438,3/17/2016,"Jueves",0,20:00:00,,"0.0",1,"Automóvil","Avenida Del Trabajo 2579",2,2,0,0,0,0,0,,"Avenida",,"SANTO TOMÉ","La Capital","Asfalto","No existe","I","Fuera","Urbana","Ninguna","No existe","Recta","Bueno","Buena","Nocturna","Buen Tiempo","Contra objeto fijo","S/D","Colisión","Ninguna","S/D","Ninguna","Sin restricción"
2016,1439,3/25/2016,"Viernes",0,22:05:00,,"0.0",2,"Automóvil,Moto/Ciclomotor","Azcuenaga Y Balcarce",3,2,0,0,1,0,0,,"Calle",,"SANTO TOMÉ","La Capital","Asfalto","No existe","I","Dentro","Urbana","Ninguna","No existe","Intersección","Bueno","Buena","Nocturna","Buen Tiempo","Lateral","S/D","Caída ocupante","Ninguna","S/D","Ninguna","Sin restricción"
2016,1440,3/29/2016,"Martes",0,8:15:00,,"0.0",2,"Moto/Ciclomotor,Automóvil","7 de marzo Y J Macia",2,1,0,0,1,0,0,,"Avenida",,"SANTO TOMÉ","La Capital","Asfalto","S/D","I","Dentro","Urbana","Ninguna","Funciona","Intersección","Bueno","S/D","Diurna","Buen Tiempo","Lateral","S/D","Colisión","Ninguna","Vertical","Ninguna","Sin restricción"
2016,1441,3/2/2016,"Miercoles",0,13:50:00,,"0.0",2,"Transporte de Pasajeros Urbano (> 8 asientos),Automóvil","General Manuel Belgrano Y 9 de julio",3,2,0,0,1,0,0,,"S/D",,"SANTO TOMÉ","La Capital","Asfalto","No existe","I","Dentro","Urbana","S/D","No existe","Intersección","Bueno","S/D","Diurna","Buen Tiempo","Lateral","S/D","Colisión","Ninguna","S/D","Ninguna","Sin restricción"
2016,1442,3/15/2016,"Martes",0,20:30:00,,"0.0",1,"Moto/Ciclomotor","Roverano Y Centenario",1,1,0,0,0,0,0,,"S/D",,"SANTO TOMÉ","La Capital","Tierra","No existe","I","S/D","Urbana","Ninguna","No existe","Intersección","Deteriorada","Buena","Diurna","Buen Tiempo","S/D","S/D","Caída ocupante","S/D","Faltante","Ninguna","Sin restricción"
2016,1443,3/2/2016,"Miercoles",0,21:00:00,,"0.0",1,"Moto/Ciclomotor","Av Blas Parera Y De La Salle",1,1,0,0,0,0,0,,"Calle",,"SANTA FE","La Capital","Asfalto","Natural","I","Dentro","Urbana","Ninguna","No funciona","Recta","S/D","Reducida","Nocturna","Buen Tiempo","S/D","S/D","Vuelco","S/D","S/D","Línea divisoria pintada","Sin restricción"
2016,1444,3/7/2016,"Lunes",0,14:47:00,,"0.0",2,"Automóvil,Moto/Ciclomotor","Av Blas Parera Y Monseñor Rodriguez",2,1,0,0,0,0,1,,"Avenida",,"SANTA FE","La Capital","Asfalto","Natural","I","Dentro","Urbana","Ninguna","Intermitente","Intersección","Bueno","Buena","Diurna","Buen Tiempo","S/D","S/D","Colisión","S/D","Faltante","Ninguna","S/D"
2016,1445,3/21/2016,"Lunes",0,18:00:00,,"0.0",2,"Moto/Ciclomotor,Automóvil","Av Blas Parera Y De La Salle",2,1,0,0,1,0,0,,"Avenida",,"SANTA FE","La Capital","Asfalto","Natural","I","S/D","Urbana","Ninguna","Intermitente","Recta","Bueno","Buena","Diurna","Buen Tiempo","Otro","S/D","Colisión","S/D","Faltante","Ninguna","Sin restricción"
2016,1446,3/15/2016,"Martes",0,9:00:00,,"0.0",2,"Moto/Ciclomotor,Bicicleta","Av Blas Parera Y De La Salle",2,1,0,0,0,0,1,,"Calle",,"SANTA FE","La Capital","Asfalto","S/D","I","Dentro","Urbana","Ninguna","S/D","Intersección","Bueno","Buena","Diurna","Buen Tiempo","S/D","S/D","Atropello","S/D","Faltante","Ninguna","S/D"
2016,1447,3/15/2016,"Martes",0,20:15:00,,"0.0",1,"Taxi/Remis","Av Blas Parera Y De La Salle",2,1,0,0,1,0,0,,"Avenida",,"SANTA FE","La Capital","Asfalto","Natural","I","Dentro","Urbana","Ninguna","Intermitente","Intersección","S/D","Buena","Nocturna","Buen Tiempo","Contra objeto fijo","S/D","Colisión","S/D","S/D","Ninguna","Sin restricción"
2016,1448,3/22/2016,"Martes",0,22:00:00,"Ruta Nacional 11","0.0",2,"Moto/Ciclomotor,Moto/Ciclomotor","Juan de Garay 5700",3,3,0,0,0,0,0,,"Ruta",11,"RECREO","La Capital","Asfalto","Natural","I","Dentro","Urbana","Ninguna","No existe","Recta","Bueno","Buena","Nocturna","Buen Tiempo","Lateral","S/D","Colisión","Ninguna","Horizontal","Línea divisoria pintada","Sin restricción"
2016,1449,3/9/2016,"Miercoles",0,15:30:00,,"0.0",2,"Automóvil,Moto/Ciclomotor","Dr Pio Pandolfo 8700",2,1,0,0,1,0,0,,"Calle",,"SANTA FE","La Capital","Asfalto","No existe","I","S/D","Urbana","Ninguna","No existe","Recta","Bueno","Buena","Diurna","Buen Tiempo","De alcance","S/D","Colisión","Ninguna","Faltante","Ninguna","Sin restricción"
2016,1450,3/11/2016,"Viernes",0,18:50:00,,"0.0",2,"Automóvil,Moto/Ciclomotor","Gorriti Y Alsina",2,1,0,0,1,0,0,,"Calle",,"SANTA FE","La Capital","Asfalto","No existe","I","S/D","Urbana","Ninguna","No existe","Recta","Bueno","Buena","Diurna","Buen Tiempo","Lateral","S/D","Colisión","Ninguna","Faltante","Ninguna","Sin restricción"
2016,1451,3/28/2016,"Lunes",0,11:30:00,,"0.0",2,"Automóvil,Moto/Ciclomotor","Cafferata Y Florencio Varela",3,2,0,0,1,0,0,,"Calle",,"SANTA FE","La Capital","Asfalto","No existe","I","S/D","Urbana","Ninguna","No existe","Intersección","Bueno","Buena","Diurna","Buen Tiempo","De alcance","S/D","Colisión","Ninguna","Faltante","Ninguna","Sin restricción"
2016,1452,3/28/2016,"Lunes",0,7:00:00,"Ruta Provincial 65","105.0",2,"Camión,Automóvil"," ",4,4,0,0,0,0,0,,"Ruta",65,"BOUQUET","Belgrano","Asfalto","Natural","III","Dentro","Urbana","Ninguna","No existe","Curva","Bueno","Reducida","Amanecer","Niebla","Lateral","S/D","Colisión","Ninguna","Faltante","Ninguna","Sin restricción"
2016,1453,3/3/2016,"Jueves",0,19:00:00,,"0.0",2,"Moto/Ciclomotor,Moto/Ciclomotor","Av Blas Parera Y Piedrabuena",3,2,0,0,1,0,0,,"Avenida",,"SANTA FE","La Capital","Asfalto","No existe","I","Dentro","Urbana","S/D","No existe","Recta","Con baches","Buena","Atardecer","Buen Tiempo","Lateral","S/D","Colisión","S/D","Faltante","S/D","S/D"
2016,1454,3/5/2016,"Sabado",0,21:40:00,,"0.0",2,"Automóvil,Moto/Ciclomotor","Cafferata Y Callejon Aguirre",2,1,0,0,1,0,0,,"Calle",,"SANTA FE","La Capital","Asfalto","No existe","I","Dentro","Urbana","Ninguna","No existe","Intersección","Bueno","Buena","Nocturna","Buen Tiempo","Lateral","S/D","Colisión","Ninguna","Faltante","Ninguna","Sin restricción"
2016,1455,3/3/2016,"Jueves",0,15:00:00,,"0.0",2,"Automóvil,Moto/Ciclomotor","Dr Zavalla Y Gorriti",2,1,0,0,1,0,0,,"Avenida",,"SANTA FE","La Capital","Asfalto,Ripio","Pavimento","I","Dentro","Urbana","S/D","No existe","Intersección","Con baches","Buena","Diurna","Buen Tiempo","Lateral","S/D","Colisión","S/D","Faltante","S/D","S/D"
2016,1456,3/4/2016,"Viernes",0,14:00:00,,"0.0",2,"Automóvil,Moto/Ciclomotor","Av Facundo Zuviria Y Romilda L Orsi de Villegas",2,1,0,0,1,0,0,,"Avenida",,"SANTA FE","La Capital","Asfalto","S/D","I","Dentro","Urbana","S/D","No existe","Intersección","Bueno","Buena","Diurna","Buen Tiempo","Lateral","S/D","Colisión","Ninguna","Faltante","S/D","S/D"
2016,1457,3/5/2016,"Sabado",0,16:50:00,,"0.0",2,"Transporte de Pasajeros Urbano (> 8 asientos),Moto/Ciclomotor","Gorriti Y Av Facundo Zuviria",2,1,0,0,1,0,0,,"Avenida",,"SANTA FE","La Capital","Asfalto","Pavimento","I","Dentro","Urbana","S/D","Funciona","Intersección","Bueno","Buena","Diurna","Buen Tiempo","Lateral","S/D","Colisión","S/D","Vertical","S/D","S/D"
2016,1458,3/9/2016,"Miercoles",0,22:15:00,,"0.0",2,"Automóvil,Moto/Ciclomotor","Av A del Valle Y Callejón El Sable",2,1,0,0,1,0,0,,"Avenida",,"SANTA FE","La Capital","Asfalto,Ripio","Pavimento","I","Dentro","Urbana","S/D","No existe","Intersección","Bueno","Reducida","Nocturna,Con luz artificial","Buen Tiempo","Lateral","S/D","Colisión","Material Suelto","Faltante","S/D","S/D"
2016,1459,3/13/2016,"Domingo",0,4:00:00,,"0.0",2,"Automóvil,Moto/Ciclomotor","Av Facundo Zuviria Y Padre Genesio",2,1,0,0,1,0,0,,"Avenida",,"SANTA FE","La Capital","Asfalto","Pavimento","I","Dentro","Urbana","S/D","No existe","Intersección","Bueno","Buena","Nocturna,Con luz artificial","Buen Tiempo","Lateral","S/D","Colisión","S/D","Faltante","S/D","S/D"
2016,1460,3/19/2016,"Sabado",0,12:00:00,,"0.0",2,"Automóvil,Moto/Ciclomotor","Av A del Valle 8600",2,1,0,0,1,0,0,,"Avenida",,"SANTA FE","La Capital","Asfalto","Pavimento","I","Dentro","Urbana","S/D","No existe","Recta","Bueno","Buena","Diurna","Buen Tiempo","De alcance","S/D","Colisión","S/D","Faltante","S/D","S/D"
2016,1461,3/26/2016,"Sabado",0,13:50:00,,"0.0",2,"Pickup/Utilitario,Moto/Ciclomotor","Azcuenaga Y San Lorenzo",2,1,0,0,1,0,0,,"Calle",,"SANTA FE","La Capital","Asfalto,Tierra","Natural","I","Dentro","Urbana","S/D","No existe","Intersección","Deteriorada","Buena","Diurna","Buen Tiempo","Lateral","S/D","Colisión","Material Suelto","Faltante","S/D","S/D"
2016,1462,3/27/2016,"Domingo",0,19:50:00,,"0.0",2,"Automóvil,Moto/Ciclomotor","Reg 12 de Infanteria 3900",2,1,0,0,1,0,0,,"Calle",,"SANTA FE","La Capital","Asfalto","Natural","I","Dentro","Urbana","S/D","S/D","Recta","Con baches,Deteriorada","Buena","Atardecer,Con luz artificial","Buen Tiempo","De alcance","S/D","Colisión","Ninguna","Faltante","S/D","S/D"
2016,1463,3/1/2016,"Martes",0,10:00:00,,"0.0",2,"Pickup/Utilitario,Transporte de Pasajeros (H/ 8 asientos)","Guillermo Benitez Y Belgrano",3,1,0,0,2,0,0,,"Calle",,"LAS ROSAS","Belgrano","Asfalto","No existe","III","Dentro","Urbana","Ninguna","No existe","Intersección","Bueno","Buena","Diurna","Buen Tiempo","Lateral","S/D","Colisión","Ninguna","Faltante","Ninguna","Sin restricción"
2016,1464,3/4/2016,"Viernes",0,8:00:00,"Ruta Provincial 1","999.9",1,"Moto/Ciclomotor"," ",2,1,0,0,1,0,0,,"Ruta",1,"COLASTINE","La Capital","Asfalto","No existe","I","Dentro","Urbana","S/D","S/D","Recta","Bueno","Buena","Diurna","Buen Tiempo","De alcance","S/D","Colisión","S/D","S/D","S/D","S/D"
2016,1465,3/7/2016,"Lunes",0,11:30:00,,"0.0",2,"Moto/Ciclomotor,Pickup/Utilitario","Calle 6 Y Calle 19",3,1,0,0,2,0,0,,"Calle",,"LAS PAREJAS","Belgrano","Asfalto","No existe","III","Dentro","Urbana","Ninguna","No existe","Recta","Bueno","Buena","Diurna","Buen Tiempo","Contra objeto fijo","S/D","Colisión","Ninguna","Faltante","Cordón divisorio","Sin restricción"
2016,1466,3/6/2016,"Domingo",0,6:25:00,,"0.0",1,"Automóvil"," ",2,2,0,0,0,0,0,,"Calle",,"GESSLER","San Jerónimo","Tierra","Natural","XV","Dentro","Rural","Ninguna","No existe","Recta","Ahuellamiento","Buena","Amanecer","Buen Tiempo","S/D","S/D","Vuelco","S/D","Faltante","S/D","Sin restricción"
2016,1467,3/27/2016,"Domingo",0,19:50:00,,"0.0",2,"Pickup/Utilitario,Moto/Ciclomotor","Rivadavia ",2,1,0,0,1,0,0,,"Calle",,"GESSLER","San Jerónimo","Asfalto","Pavimento","XV","Dentro","Urbana","Ninguna","No existe","Intersección","Bueno","Buena","Atardecer","Buen Tiempo","Frontal","S/D","Colisión","S/D","S/D","S/D","Sin restricción"
2016,1468,3/4/2016,"Viernes",0,15:30:00,,"0.0",2,"Moto/Ciclomotor,Automóvil","Belgrano 1900",2,0,1,0,1,0,0,,"Calle",,"CORONDA","San Jerónimo","Asfalto","No existe","XV","Dentro","Urbana","Ninguna","No existe","Recta","Bueno","Buena","Diurna","Buen Tiempo","Frontal","S/D","Colisión","S/D","Horizontal","Línea divisoria pintada","Sin restricción"
2016,1469,3/1/2016,"Martes",0,6:20:00,,"0.0",2,"Moto/Ciclomotor,Moto/Ciclomotor","Pte Hipolito Irigoyen Y America",3,1,1,0,1,0,0,,"Calle",,"PUERTO SAN MARTÍN","San Lorenzo","Asfalto","Natural","XVII","Dentro","Urbana","Ninguna","No existe","Intersección","Ahuellamiento","Buena","Diurna","Buen Tiempo","De alcance","S/D","Colisión","Ninguna","Horizontal","Ninguna","Sin restricción"
2016,1470,3/10/2016,"Jueves",0,13:15:00,,"0.0",2,"Bicicleta,Pickup/Utilitario","Dorrego 940",2,1,0,0,1,0,0,,"Calle",,"GÁLVEZ","San Jerónimo","Asfalto","No existe","XV","Dentro","Urbana","Ninguna","No existe","Recta","Bueno","Buena","Diurna","Buen Tiempo","Contra objeto fijo","S/D","Atropello","S/D","S/D","Ninguna","Sin restricción"
2016,1471,3/19/2016,"Sabado",0,,,"0.0",1,"Moto/Ciclomotor","Dorrego Y Roque e Coulin",1,1,0,0,0,0,0,,"Calle",,"GÁLVEZ","San Jerónimo","Asfalto","No existe","XV","Dentro","Urbana","Ninguna","Funciona","Intersección","Bueno","Buena","Diurna","Buen Tiempo","S/D","S/D","Caída ocupante","S/D","S/D","Ninguna","Sin restricción"
2016,1472,3/5/2016,"Sabado",0,3:10:00,,"0.0",2,"Otros,Moto/Ciclomotor","Rivadavia Y Bme Mitre",2,1,0,0,1,0,0,,"Calle",,"GÁLVEZ","San Jerónimo","Asfalto","No existe","XV","Dentro","Urbana","Ninguna","No existe","Intersección","Bueno","Buena","Nocturna","Buen Tiempo","Frontal","S/D","Colisión","S/D","S/D","Ninguna","Sin restricción"
2016,1473,3/14/2016,"Lunes",0,13:05:00,,"0.0",2,"Automóvil,Moto/Ciclomotor"," ",3,2,0,0,1,0,0,,"Calle",,"CORONDA","San Jerónimo","Asfalto","No existe","XV","Dentro","Urbana","S/D","No existe","Rotonda","Bueno","Buena","Diurna","Buen Tiempo","Lateral","S/D","Colisión","Ninguna","S/D","S/D","Sin restricción"
2016,1474,3/8/2016,"Martes",0,21:50:00,,"0.0",1,"Moto/Ciclomotor","Urquiza Y J J Passo",1,1,0,0,0,0,0,,"Calle",,"SAN LORENZO","San Lorenzo","S/D","S/D","XVII","Dentro","Urbana","S/D","S/D","Recta","S/D","Buena","Nocturna","S/D","Contra objeto fijo","S/D","Colisión","S/D","S/D","S/D","S/D"
2016,1475,3/7/2016,"Lunes",0,23:40:00,,"0.0",2,"Automóvil,Pickup/Utilitario","Juan M De Rosas 1200",2,1,0,0,1,0,0,,"Calle",,"SAN LORENZO","San Lorenzo","S/D","S/D","XVII","Dentro","Urbana","S/D","S/D","Recta","S/D","Buena","Nocturna","Buen Tiempo","De alcance","S/D","Colisión","S/D","S/D","S/D","S/D"
2016,1476,3/5/2016,"Sabado",0,19:10:00,,"0.0",2,"Moto/Ciclomotor,Automóvil","Av San Martin Y Dr Ghio",2,1,0,0,1,0,0,,"Avenida",,"SAN LORENZO","San Lorenzo","S/D","S/D","XVII","Dentro","Urbana","S/D","S/D","Intersección","S/D","S/D","Atardecer","Buen Tiempo","Lateral","S/D","Colisión","S/D","S/D","S/D","S/D"
2016,1477,3/23/2016,"Miercoles",0,19:20:00,"Ruta Provincial 64","0.0",1,"Moto/Ciclomotor"," ",1,0,1,0,0,0,0,,"Ruta",64,"LARRECHEA","San Jerónimo","Tierra","No existe","XV","Dentro","Urbana","Ninguna","No existe","Recta","Ahuellamiento","Reducida","Atardecer","Buen Tiempo","S/D","S/D","Caída ocupante","S/D","Vertical","Ninguna","Sin restricción"
2016,1478,3/5/2016,"Sabado",0,13:00:00,,"0.0",2,"Pickup/Utilitario,Moto/Ciclomotor","Misiones Y Gutemberg",2,1,0,0,1,0,0,,"Calle",,"SAN LORENZO","San Lorenzo","S/D","S/D","XVII","Dentro","Urbana","S/D","S/D","Intersección","S/D","Buena","Diurna","Buen Tiempo","Lateral","S/D","Colisión","S/D","S/D","S/D","S/D"
2016,1479,3/14/2016,"Lunes",0,20:40:00,,"0.0",2,"Pickup/Utilitario,Moto/Ciclomotor","Gobernador Jose B Iturraspe Y Fray Antonio Rossi",3,2,0,0,1,0,0,,"Calle",,"HELVECIA","Garay","Asfalto","Natural","VII","Dentro","Urbana","Ninguna","No existe","Recta","Bueno","Buena","Nocturna","Buen Tiempo","Lateral","S/D","Colisión","S/D","Faltante","Ninguna","Sin restricción"
2016,1480,3/25/2016,"Viernes",0,,,"0.0",2,"Moto/Ciclomotor,Automóvil","Reg 12 de Infanteria Y Estrada",2,1,0,0,0,0,1,,"Calle",,"SANTA FE","La Capital","Asfalto","No existe","I","Dentro","Urbana","S/D","S/D","Intersección","Bueno","S/D","S/D","Buen Tiempo","Frontal","S/D","Colisión","S/D","S/D","Línea divisoria pintada","Sin restricción"
2016,1481,3/11/2016,"Viernes",0,14:00:00,,"0.0",2,"Pickup/Utilitario,Moto/Ciclomotor","A Rossi ",2,1,0,0,1,0,0,,"Calle",,"SANTA ROSA DE CALCHINES","Garay","Tierra","No existe","VII","Dentro","Urbana","Ninguna","No existe","Intersección","Bueno","Buena","Diurna","Buen Tiempo","Lateral","S/D","Colisión","S/D","Faltante","Vegetación","Sin restricción"
2016,1482,3/14/2016,"Lunes",0,13:10:00,,"0.0",2,"Moto/Ciclomotor,Automóvil","Av Peñaloza 7500",2,1,0,0,1,0,0,,"Calle",,"SANTA FE","La Capital","Asfalto","Pavimento","I","Dentro","Urbana","Policía de tránsito","No existe","Recta","Bueno","Buena","Diurna","Buen Tiempo","S/D","S/D","Colisión","S/D","Horizontal","S/D","Sin restricción"
2016,1483,3/19/2016,"Sabado",0,16:35:00,,"0.0",2,"Moto/Ciclomotor,Automóvil","Gro Baigorria Y Sarmiento",2,1,0,0,1,0,0,,"Calle",,"GÁLVEZ","San Jerónimo","Asfalto","No existe","XV","Dentro","Urbana","Ninguna","No existe","Intersección","Bueno","Buena","Diurna","Buen Tiempo","Lateral","S/D","Colisión","S/D","S/D","Ninguna","Sin restricción"
2016,1484,3/17/2016,"Jueves",0,7:55:00,"Ruta Provincial Brigadier E.López","81.0",1,"Camión"," ",2,1,1,0,0,0,0,,"Ruta","Brigadier E.López","BARRANCAS","San Jerónimo","Asfalto","Natural","XV","Dentro","Urbana","Ninguna","No existe","Recta","Bueno","Buena","Diurna","Buen Tiempo","S/D","S/D","Vuelco","S/D","Vertical","Línea divisoria pintada","Sin restricción"
2016,1485,3/29/2016,"Martes",0,13:30:00,,"0.0",2,"Moto/Ciclomotor,Automóvil","Gregorio Gamboa Y Busaniche",2,1,0,0,1,0,0,,"Calle",,"SAN JOSÉ DEL RINCÓN","La Capital","Asfalto","No existe","I","Dentro","Urbana","Ninguna","No existe","Intersección","Bueno","Buena","Diurna","Buen Tiempo","S/D","S/D","Colisión","S/D","Vertical","Ninguna","Sin restricción"
2016,1486,3/4/2016,"Viernes",0,21:45:00,"Ruta Provincial 1","999.9",2,"Automóvil,Moto/Ciclomotor"," ",2,1,0,0,0,0,1,,"Ruta",1,"COLASTINE","La Capital","Asfalto","No existe","I","Dentro","Urbana","Ninguna","No existe","Recta","Bueno","Buena","Nocturna","Buen Tiempo","Lateral","S/D","Colisión","S/D","Vertical","Línea divisoria pintada","Sin restricción"
2016,1487,3/5/2016,"Sabado",0,9:45:00,"Ruta Provincial 1","2.0",2,"Automóvil,Moto/Ciclomotor"," ",2,1,0,0,1,0,0,,"Ruta",1,"COLASTINE","La Capital","Asfalto","No existe","I","Dentro","Urbana","Semáforo","Funciona","Recta","Bueno","Buena","Diurna","Buen Tiempo","Lateral","S/D","Colisión","S/D","Vertical","Línea divisoria pintada","Sin restricción"
2016,1488,3/11/2016,"Viernes",0,13:30:00,"Ruta Provincial 1","4.0",2,"Automóvil,Moto/Ciclomotor"," ",3,1,0,0,1,0,1,,"Ruta",1,"COLASTINE","La Capital","Asfalto","No existe","I","Dentro","Urbana","Semáforo","Funciona","Recta","Bueno","Buena","Atardecer","Buen Tiempo","Lateral","S/D","Colisión","S/D","Vertical","Línea divisoria pintada","Sin restricción"
2016,1489,3/18/2016,"Viernes",0,19:30:00,"Ruta Provincial 1","2.5",2,"Moto/Ciclomotor,Automóvil"," ",2,0,0,1,1,0,0,,"Ruta",1,"COLASTINE","La Capital","Asfalto","No existe","I","Dentro","Urbana","Ninguna","No existe","Recta","Bueno","Buena","Atardecer","Buen Tiempo","Lateral","S/D","Colisión","S/D","Vertical","Línea divisoria pintada","Sin restricción"