"anio_acci","nro_acci","fecha","desc_dia","fecha_aprox","hora_aprox","desc_ruta","km","cant_participantes","desc_participante","calle_avenida_km","total","heridos_leves","heridos_graves","heridos_gravisimos","ilesos","fallecidos","sin_datos","posicion_XY","desc_tipo_via","desc_ruta_ori","desc_loc","desc_dpto","desc_tipo_calzada","desc_tipo_banquina","desc_unidad_regional","desc_lugar_calzada","desc_zona","desc_prioridad","desc_estado_semaforo","desc_lugar_via","desc_estado_via","desc_estado_visibilidad","desc_luminosidad","desc_estado_clima","desc_tipo_colision","desc_tipo_atropello","desc_tipo_hecho","desc_pres_calzada","desc_senializacion","desc_separacion_via","desc_restriccion"
2016,1490,3/11/2016,"Viernes",0,8:20:00,,"0.0",2,"Automóvil,Moto/Ciclomotor","Av Santa Fe Y B Lanso",2,1,0,0,1,0,0,,"Calle",,"NELSON","La Capital","Asfalto","Natural","I","Dentro","Urbana","Ninguna","No existe","Recta","Bueno","Buena","Diurna","Buen Tiempo","Lateral","S/D","Colisión","S/D","S/D","Ninguna","Sin restricción"
2016,1491,3/19/2016,"Sabado",0,21:20:00,,"0.0",2,"Automóvil,Bicicleta","Av Santa Fe Y 9 de Julio",2,1,0,0,1,0,0,,"Calle",,"NELSON","La Capital","Asfalto","Natural","I","Dentro","Urbana","Ninguna","No existe","Intersección","Bueno","Buena","Nocturna","Buen Tiempo","S/D","S/D","Atropello","S/D","S/D","Ninguna","Sin restricción"
2016,1492,3/14/2016,"Lunes",0,18:15:00,"Ruta Provincial 1","24.7",2,"Transporte de Pasajeros Urbano (> 8 asientos),Moto/Ciclomotor"," ",2,1,0,0,1,0,0,,"Ruta",1,"LOS ZAPALLOS","Garay","Asfalto","Natural","VII","Dentro","Urbana","Otra Señal","No existe","Recta","Bueno","Buena","Diurna","Buen Tiempo","Frontal","S/D","Colisión","S/D","Vertical","Guardarrail","Sin restricción"
2016,1493,3/31/2016,"Jueves",0,1:20:00,,"0.0",2,"Automóvil,Moto/Ciclomotor","Ayohuma Y Santa Cruz",2,1,0,0,1,0,0,,"Calle",,"SAN LORENZO","San Lorenzo","S/D","S/D","XVII","Dentro","Urbana","S/D","S/D","Intersección","S/D","Buena","Nocturna","Buen Tiempo","Lateral","S/D","Colisión","S/D","S/D","S/D","S/D"
2016,1494,3/19/2016,"Sabado",0,20:20:00,,"0.0",2,"Moto/Ciclomotor,Automóvil","Av San Martin Y Sargento Cabral",2,1,0,0,1,0,0,,"Avenida",,"SAN LORENZO","San Lorenzo","S/D","S/D","XVII","Dentro","Urbana","S/D","S/D","Intersección","S/D","Buena","Nocturna","Buen Tiempo","Lateral","S/D","Colisión","S/D","S/D","S/D","S/D"
2016,1495,3/13/2016,"Domingo",0,9:30:00,,"0.0",2,"Automóvil,Vehículo Oficial","Av San Martin Y Belgrano",2,1,0,0,1,0,0,,"Avenida",,"SAN LORENZO","San Lorenzo","S/D","S/D","XVII","Dentro","Urbana","S/D","S/D","Intersección","S/D","Buena","Diurna","Buen Tiempo","Lateral","S/D","Colisión","S/D","S/D","S/D","S/D"
2016,1496,3/13/2016,"Domingo",0,7:50:00,,"0.0",1,"Moto/Ciclomotor"," ",1,1,0,0,0,0,0,,"Calle",,"SAN LORENZO","San Lorenzo","S/D","S/D","XVII","Dentro","Urbana","S/D","S/D","Recta","S/D","Buena","Amanecer","Buen Tiempo","S/D","S/D","Caída ocupante","S/D","S/D","S/D","S/D"
2016,1497,3/13/2016,"Domingo",0,1:48:00,,"0.0",2,"Automóvil,Bicicleta","Platano Y Artigas",2,1,0,0,1,0,0,,"Calle",,"SAN LORENZO","San Lorenzo","S/D","S/D","XVII","Dentro","Urbana","S/D","S/D","Intersección","S/D","Buena","Nocturna","Buen Tiempo","S/D","S/D","Atropello","S/D","S/D","S/D","S/D"
2016,1498,3/11/2016,"Viernes",0,4:00:00,,"0.0",2,"Automóvil,Moto/Ciclomotor","Bv Oroño Y La Rioja",2,1,0,0,1,0,0,,"Avenida",,"SAN LORENZO","San Lorenzo","S/D","S/D","XVII","Dentro","Urbana","S/D","S/D","Intersección","S/D","S/D","Nocturna","Buen Tiempo","Lateral","S/D","Colisión","S/D","S/D","S/D","S/D"
2016,1499,3/11/2016,"Viernes",0,2:00:00,,"0.0",2,"Automóvil,Moto/Ciclomotor","Falucho ",2,1,0,0,1,0,0,,"Calle",,"SAN LORENZO","San Lorenzo","S/D","S/D","XVII","Dentro","Urbana","S/D","S/D","Intersección","S/D","Buena","Nocturna","Buen Tiempo","Lateral","S/D","Colisión","S/D","S/D","S/D","S/D"
2016,1500,3/15/2016,"Martes",0,,,"0.0",2,"Moto/Ciclomotor,Automóvil","Pedro Leal Y Juan de Garay",2,0,1,0,1,0,0,,"Calle",,"CAYASTA","Garay","Tierra","Natural","VII","Dentro","Urbana","S/D","No existe","Intersección","Bueno","Buena","S/D","Buen Tiempo","Lateral","S/D","Colisión","S/D","S/D","S/D","S/D"
2016,1501,3/5/2016,"Sabado",0,23:20:00,"Ruta Provincial 1","72.1",2,"Moto/Ciclomotor,Pickup/Utilitario"," ",2,1,0,0,1,0,0,,"Ruta",1,"CAYASTA","Garay","S/D","S/D","VII","Dentro","Urbana","S/D","S/D","Recta","S/D","Buena","Nocturna","Buen Tiempo","De alcance","S/D","Colisión","S/D","S/D","S/D","S/D"
2016,1502,3/9/2016,"Miercoles",0,6:10:00,"Ruta Provincial 1","0.0",2,"Moto/Ciclomotor,Automóvil"," ",2,1,0,0,1,0,0,,"Ruta",1,"CAYASTA","Garay","Asfalto","Natural","VII","Dentro","Urbana","Ninguna","No existe","Distribuidor","Bueno","Buena","Amanecer","Buen Tiempo","Lateral","S/D","Colisión","S/D","S/D","Ninguna","S/D"
2016,1503,3/30/2016,"Miercoles",0,16:00:00,,"0.0",2,"Taxi/Remis,Moto/Ciclomotor","Bv. Segui Y Sarmiento",2,1,0,0,1,0,0,,"Calle",,"ROSARIO","Rosario","Asfalto","No existe","II","Dentro","Urbana","Ninguna","No existe","Intersección","Bueno","Buena","Diurna","Buen Tiempo","De alcance","S/D","Colisión","S/D","Faltante","Ninguna","Sin restricción"
2016,1504,3/26/2016,"Sabado",0,12:25:00,,"0.0",2,"Automóvil,Moto/Ciclomotor","Bv. Segui Y Mitre",3,2,0,0,1,0,0,,"Calle",,"ROSARIO","Rosario","Asfalto","No existe","II","Dentro","Urbana","Señal Pare","No existe","Intersección","Bueno","S/D","Diurna","Buen Tiempo","De alcance","S/D","Colisión","S/D","Faltante","Ninguna","Sin restricción"
2016,1505,3/12/2016,"Sabado",0,,,"0.0",2,"Otros,Moto/Ciclomotor","Belgrano ",2,2,0,0,0,0,0,,"Calle",,"CARCARAÑÁ","San Lorenzo","Asfalto","No existe","XVII","Dentro","Urbana","Ninguna","No existe","Intersección","Bueno","Buena","Nocturna","Buen Tiempo","Lateral","S/D","Colisión","S/D","Faltante","S/D","Sin restricción"
2016,1506,3/15/2016,"Martes",0,18:30:00,"Ruta Nacional 9","0.0",2,"Camión,Moto/Ciclomotor","Meyer ",2,0,1,0,0,0,1,,"Ruta",9,"CARCARAÑÁ","San Lorenzo","Tierra","No existe","XVII","Dentro","Urbana","Ninguna","No existe","Intersección","Bueno","Buena","Diurna","Buen Tiempo","Lateral","S/D","Colisión","S/D","Faltante","Ninguna","Sin restricción"
2016,1507,3/3/2016,"Jueves",0,,,"0.0",2,"Automóvil,Moto/Ciclomotor","Av San Lorenzo Y Rosario",2,1,0,0,1,0,0,,"Calle",,"CAPITÁN BERMÚDEZ","San Lorenzo","Asfalto","No existe","XVII","S/D","Urbana","Ninguna","No existe","Intersección","Bueno","Buena","S/D","Buen Tiempo","S/D","S/D","Colisión","Ninguna","Faltante","Ninguna","Sin restricción"
2016,1508,3/8/2016,"Martes",0,16:40:00,,"0.0",2,"Automóvil,Moto/Ciclomotor","La Rioja Y Granadero Baigorria",3,0,0,0,0,0,3,,"Calle",,"SAN LORENZO","San Lorenzo","S/D","S/D","XVII","Dentro","Urbana","S/D","S/D","S/D","S/D","S/D","Diurna","S/D","S/D","S/D","Colisión","S/D","S/D","S/D","S/D"
2016,1509,3/14/2016,"Lunes",0,,,"0.0",2,"Automóvil,Moto/Ciclomotor"," ",3,2,0,0,1,0,0,,"Avenida",,"CAPITÁN BERMÚDEZ","San Lorenzo","Asfalto","No existe","XVII","Dentro","Urbana","S/D","No existe","Recta","Bueno","Buena","Diurna","Buen Tiempo","S/D","S/D","S/D","S/D","S/D","Ninguna","S/D"
2016,1510,3/10/2016,"Jueves",0,23:00:00,,"0.0",2,"Tren,Automóvil","Morris W Y Santiago del Estero",5,0,0,0,0,0,5,,"Calle",,"SAN LORENZO","San Lorenzo","S/D","S/D","XVII","Dentro","Urbana","S/D","S/D","S/D","S/D","S/D","Nocturna","S/D","S/D","S/D","Colisión","S/D","S/D","S/D","S/D"
2016,1511,5/16/2016,"Lunes",0,,,"0.0",2,"Automóvil,Moto/Ciclomotor"," ",2,1,0,0,1,0,0,,"Calle",,"CAPITÁN BERMÚDEZ","San Lorenzo","Asfalto","S/D","XVII","S/D","Urbana","S/D","No existe","Recta","Bueno","S/D","Diurna","Buen Tiempo","S/D","S/D","S/D","S/D","S/D","S/D","S/D"
2016,1512,3/22/2016,"Martes",0,,"Autopista Provincial Brigadier E.López","7.0",2,"Automóvil,Automóvil"," ",2,0,0,0,1,0,1,,"Autopista","Brigadier E.López","CAPITÁN BERMÚDEZ","San Lorenzo","Asfalto","No existe","XVII","S/D","Rural","S/D","No existe","Recta","Bueno","Buena","S/D","Buen Tiempo","S/D","S/D","S/D","S/D","Faltante","Ninguna","S/D"
2016,1513,3/8/2016,"Martes",0,16:40:00,,"0.0",2,"Moto/Ciclomotor,Moto/Ciclomotor","Bv Caferatta Y Galvez",4,2,0,0,2,0,0,,"S/D",,"RICARDONE","San Lorenzo","Hormigón","Natural","XVII","S/D","Urbana","Ninguna","No existe","Recta","Bueno","Buena","Diurna","Buen Tiempo","Otro","S/D","Colisión","Ninguna","S/D","Ninguna","Sin restricción"
2016,1514,3/14/2016,"Lunes",0,2:40:00,,"0.0",1,"Automóvil"," ",1,1,0,0,0,0,0,,"S/D",,"SAN JERÓNIMO SUR","San Lorenzo","Asfalto","No existe","XVII","S/D","S/D","S/D","S/D","Recta","S/D","Buena","Nocturna","Buen Tiempo","S/D","S/D","Vuelco","S/D","S/D","S/D","S/D"
2016,1515,3/29/2016,"Martes",0,14:40:00,,"0.0",1,"Pickup/Utilitario"," ",2,0,1,0,1,0,0,,"S/D",,"SAN JERÓNIMO SUR","San Lorenzo","Asfalto","No existe","XVII","S/D","S/D","S/D","S/D","Recta","Bueno","Buena","Diurna","Buen Tiempo","S/D","S/D","Despiste","S/D","S/D","S/D","S/D"
2016,1516,3/23/2016,"Miercoles",0,8:45:00,"Ruta Nacional 11","0.0",2,"Moto/Ciclomotor,Automóvil","Cordoba ",2,1,0,0,1,0,0,,"Ruta",11,"PUERTO SAN MARTÍN","San Lorenzo","Asfalto","Natural","XVII","Dentro","Urbana","Ninguna","No existe","Intersección","Bueno","Buena","Diurna","Buen Tiempo","De alcance","S/D","Colisión","S/D","Horizontal","Ninguna","Sin restricción"
2016,1517,3/20/2016,"Domingo",0,20:45:00,,"0.0",1,"Moto/Ciclomotor","General Lopez Y Eva Peron",2,2,0,0,0,0,0,,"Calle",,"SAN LORENZO","San Lorenzo","Hormigón","S/D","XVII","S/D","S/D","S/D","S/D","Intersección","Bueno","S/D","S/D","S/D","S/D","S/D","Despiste","S/D","S/D","S/D","S/D"
2016,1518,3/22/2016,"Martes",0,10:00:00,,"0.0",2,"Automóvil,Moto/Ciclomotor","Av San Martin Y Italia",2,1,0,0,1,0,0,,"Avenida",,"SAN LORENZO","San Lorenzo","Asfalto","S/D","XVII","S/D","S/D","S/D","S/D","Intersección","Bueno","S/D","Diurna","S/D","S/D","S/D","Colisión","S/D","S/D","S/D","S/D"
2016,1519,3/26/2016,"Sabado",0,2:40:00,,"0.0",1,"Moto/Ciclomotor","Bv B Mitre Y General Lopez",1,1,0,0,0,0,0,,"Calle",,"SAN LORENZO","San Lorenzo","Asfalto","S/D","XVII","S/D","S/D","S/D","S/D","Recta","S/D","S/D","Nocturna","Lluvia","S/D","S/D","Despiste","S/D","S/D","S/D","S/D"
2016,1520,3/10/2016,"Jueves",0,8:20:00,,"0.0",2,"Moto/Ciclomotor,Moto/Ciclomotor","Cordoba 3000",2,2,0,0,0,0,0,,"Calle",,"PUERTO SAN MARTÍN","San Lorenzo","Asfalto","Natural","XVII","Dentro","Urbana","Ninguna","No existe","Recta","Bueno","Buena","Diurna","Buen Tiempo","De alcance","S/D","Colisión","S/D","Horizontal","Ninguna","Sin restricción"
2016,1521,3/14/2016,"Lunes",0,20:20:00,,"0.0",2,"Moto/Ciclomotor,Automóvil","Cordoba Y Rioja",2,1,0,0,1,0,0,,"Calle",,"PUERTO SAN MARTÍN","San Lorenzo","Asfalto","Pavimento","XVII","Dentro","Urbana","Ninguna","No existe","Intersección","Bueno","Buena","Nocturna","Buen Tiempo","Lateral","S/D","Colisión","S/D","Horizontal","Ninguna","Sin restricción"
2016,1522,3/15/2016,"Martes",0,17:30:00,,"0.0",2,"Moto/Ciclomotor,Pickup/Utilitario","Cordoba Y Pte Hipolito Irigoyen",2,1,0,0,1,0,0,,"Calle",,"PUERTO SAN MARTÍN","San Lorenzo","Asfalto","Pavimento","XVII","Dentro","Urbana","Ninguna","No existe","Intersección","Bueno","Buena","Diurna","Buen Tiempo","Lateral","S/D","Colisión","S/D","Horizontal","Ninguna","Sin restricción"
2016,1523,3/17/2016,"Jueves",0,17:50:00,"Ruta Secundaria 18-s","0.0",2,"Bicicleta,Camión","Alte Brown ",2,0,0,1,1,0,0,,"Ruta","18-s","PUERTO SAN MARTÍN","San Lorenzo","Asfalto","Natural","XVII","Dentro","Urbana","Ninguna","No existe","Intersección","Bueno","Buena","Diurna","Buen Tiempo","Lateral","S/D","Atropello","S/D","Horizontal","Ninguna","Sin restricción"
2016,1524,3/1/2016,"Martes",0,5:45:00,,"0.0",2,"Moto/Ciclomotor,Automóvil","Eva Peron Y Alberdi",2,1,0,0,1,0,0,,"Calle",,"VILLA GOBERNADOR GÁLVEZ","Rosario","Asfalto","No existe","II","Dentro","Urbana","Ninguna","No existe","Intersección","Resbaladiza","Reducida","Amanecer","Buen Tiempo","S/D","S/D","Colisión","Agua","Faltante","Cordón divisorio","Sin restricción"
2016,1525,3/7/2016,"Lunes",0,10:30:00,,"0.0",2,"Moto/Ciclomotor,Automóvil","I A Edison Y Alvear",2,1,0,0,1,0,0,,"Calle",,"VILLA GOBERNADOR GÁLVEZ","Rosario","Asfalto","No existe","II","Dentro","Urbana","Ninguna","No existe","Recta","Bueno","Buena","Diurna","Buen Tiempo","De alcance","S/D","Colisión","S/D","Faltante","Ninguna","Sin restricción"
2016,1526,3/23/2016,"Miercoles",0,17:00:00,,"0.0",2,"Automóvil,Automóvil","Callao Y Saavedra",2,1,0,0,1,0,0,,"Calle",,"ROSARIO","Rosario","Asfalto","No existe","II","Dentro","Urbana","S/D","No existe","Intersección","Bueno","Buena","Diurna","Buen Tiempo","Lateral","S/D","Colisión","S/D","Faltante","S/D","Sin restricción"
2016,1527,6/16/2016,"Jueves",0,23:45:00,"Autopista Nacional Gral. Juan Jose Valle","240.0",2,"Pickup/Utilitario,Camión"," ",5,4,0,0,0,1,0,"-33.314530, -60.326790","Autopista","Gral. Juan Jose Valle","VILLA CONSTITUCIÓN","Constitución","Asfalto","Natural","VI","Dentro","Rural","Ninguna","S/D","Recta","Bueno","Buena","Nocturna","Buen Tiempo","Frontal","S/D","Colisión","Ninguna","S/D","Ninguna","Sin restricción"
2016,1528,3/30/2016,"Miercoles",0,13:10:00,,"0.0",2,"Moto/Ciclomotor,Pickup/Utilitario","San Martin Y Ayolas",2,1,0,0,1,0,0,,"Calle",,"ROSARIO","Rosario","Asfalto","No existe","II","Dentro","Urbana","Ninguna","Funciona","Intersección","Con baches","Buena","Diurna","Buen Tiempo","Lateral","S/D","Colisión","S/D","Vertical","Ninguna","Sin restricción"
2016,1529,3/3/2016,"Jueves",0,19:00:00,,"0.0",2,"Moto/Ciclomotor,Automóvil","Sgto. J Cabral Y Bv San Martin",4,3,0,0,1,0,0,,"Calle",,"ROLDÁN","San Lorenzo","Hormigón","No existe","XVII","Dentro","Urbana","Ninguna","No existe","Intersección","Bueno","Buena","Atardecer","Buen Tiempo","Lateral","S/D","Colisión","S/D","Vertical","Ninguna","Sin restricción"
2016,1530,3/8/2016,"Martes",0,20:20:00,,"0.0",2,"Automóvil,Moto/Ciclomotor","San Juan Y Almte Brown",3,2,0,0,1,0,0,,"Calle",,"ROLDÁN","San Lorenzo","Hormigón","No existe","XVII","Dentro","Urbana","Ninguna","No existe","Curva","Bueno","Reducida","Nocturna,Con luz artificial","Buen Tiempo","Lateral","S/D","Colisión","Ninguna","Vertical","Ninguna","Sin restricción"
2016,1531,3/28/2016,"Lunes",0,17:50:00,,"0.0",2,"Moto/Ciclomotor,Automóvil","Colon Y Pje. Villar",2,1,0,0,1,0,0,,"Calle",,"ROSARIO","Rosario","Asfalto","No existe","II","Dentro","Urbana","Ninguna","No existe","Intersección","Bueno","Buena","Diurna","Buen Tiempo","Frontal","S/D","Colisión","S/D","Faltante","Ninguna","Sin restricción"
2016,1532,3/9/2016,"Miercoles",0,10:00:00,,"0.0",2,"Moto/Ciclomotor,Automóvil","Almte Brown Y San Juan",3,2,0,0,1,0,0,,"Calle",,"ROLDÁN","San Lorenzo","Hormigón","No existe","XVII","S/D","Urbana","Ninguna","No existe","Intersección","Bueno","Buena","Diurna","Buen Tiempo","Lateral","S/D","Colisión","Ninguna","Vertical","Ninguna","Sin restricción"
2016,1533,3/16/2016,"Miercoles",0,10:00:00,,"0.0",2,"Bicicleta,Moto/Ciclomotor","Almte Brown Y Bv Estanislao Lopez",2,1,0,0,1,0,0,,"Calle",,"ROLDÁN","San Lorenzo","Hormigón","No existe","XVII","Dentro","Urbana","Ninguna","No existe","Intersección","Bueno","Buena","Diurna","Buen Tiempo","S/D","S/D","Atropello","Ninguna","Vertical","Ninguna","Sin restricción"
2016,1534,3/9/2016,"Miercoles",0,12:30:00,,"0.0",2,"Moto/Ciclomotor,Automóvil","Libertad ",3,1,1,0,1,0,0,,"Avenida",,"ROLDÁN","San Lorenzo","Hormigón","No existe","XVII","Dentro","Urbana","Ninguna","No existe","Intersección","Bueno","Buena","Diurna","Buen Tiempo","Lateral","S/D","Colisión","S/D","Horizontal","Ninguna","Sin restricción"
2016,1535,3/29/2016,"Martes",0,7:30:00,"Autopista Nacional A012","41.0",2,"Bicicleta,Automóvil"," ",2,1,0,0,1,0,0,,"Autopista","A012","ROLDÁN","San Lorenzo","Asfalto","Natural","XVII","Dentro","Urbana","Ninguna","No funciona","Recta","Bueno","Buena","Diurna","Buen Tiempo","S/D","S/D","Atropello","S/D","Vertical","Ninguna","Sin restricción"
2016,1536,3/22/2016,"Martes",0,9:20:00,,"0.0",2,"Pickup/Utilitario,Transporte de Pasajeros Urbano (> 8 asientos)","Buenos Aires Y Saavedra",2,1,0,0,1,0,0,,"Calle",,"ROSARIO","Rosario","Asfalto","No existe","II","Dentro","Urbana","Ninguna","No existe","Intersección","Bueno","Buena","Diurna","Buen Tiempo","Lateral","S/D","Colisión","S/D","Faltante","Ninguna","Sin restricción"
2016,1537,3/31/2016,"Jueves",0,7:00:00,"Ruta Nacional A012","40.5",2,"Moto/Ciclomotor,Camión"," ",2,1,0,0,1,0,0,,"Ruta","A012","ROLDÁN","San Lorenzo","Asfalto","Natural","XVII","Dentro","Rural","Ninguna","No existe","Recta","Bueno","Buena","Diurna","Buen Tiempo","Lateral","S/D","Colisión","S/D","Vertical","Ninguna","Sin restricción"
2016,1538,4/21/2016,"Jueves",0,9:30:00,,"0.0",2,"Automóvil,Automóvil","Mitre Y Cordoba",4,1,0,0,2,1,0,"-32.946161, -60.639484","Calle",,"ROSARIO","Rosario","Asfalto","Pavimento","II","Dentro","Urbana","Ninguna","No existe","Recta","Bueno","Buena","Diurna","Buen Tiempo","De alcance","S/D","Colisión","S/D","Faltante","Cordón divisorio","Sin restricción"
2016,1539,3/24/2016,"Jueves",0,7:35:00,,"0.0",2,"Automóvil,Automóvil","L.N.Alem Y Bv. Segui",2,1,0,0,1,0,0,,"Calle",,"ROSARIO","Rosario","Asfalto","No existe","II","Dentro","Urbana","Ninguna","No existe","Intersección","Bueno","Buena","Diurna","Buen Tiempo","Lateral","S/D","Colisión","S/D","Faltante","Ninguna","Sin restricción"
2016,1540,4/8/2016,"Viernes",0,9:05:00,,"0.0",2,"Moto/Ciclomotor,Automóvil","Italia 1400",2,1,0,0,1,0,0,,"Calle",,"ROSARIO","Rosario","Asfalto","Pavimento","II","Dentro","Urbana","S/D","S/D","Intersección","Bueno","S/D","Diurna","S/D","S/D","S/D","S/D","S/D","Vertical","S/D","S/D"
2016,1541,4/24/2016,"Domingo",0,12:00:00,,"0.0",2,"Moto/Ciclomotor,Automóvil","San Juan Y Mitre",2,1,0,0,1,0,0,,"Calle",,"ROSARIO","Rosario","Asfalto","Pavimento","II","S/D","Urbana","Marca Vial","S/D","Intersección","Bueno","Buena","Diurna","Buen Tiempo","Lateral","S/D","Colisión","S/D","S/D","Cordón divisorio","Sin restricción"
2016,1542,4/11/2016,"Lunes",0,12:24:00,,"0.0",1,"Transporte de Pasajeros (H/ 8 asientos)","Entre Rios Y E.Zeballos",2,1,0,0,0,0,1,,"Calle",,"ROSARIO","Rosario","Asfalto","Pavimento","II","Dentro","Urbana","Semáforo","Funciona","Recta","Bueno","Buena","Diurna","Buen Tiempo","Otro","S/D","Otro","S/D","Vertical","Cordón divisorio","Sin restricción"
2016,1543,4/28/2016,"Jueves",0,10:20:00,,"0.0",2,"Bicicleta,Automóvil","Dorrego 1500",2,1,0,0,1,0,0,,"Calle",,"ROSARIO","Rosario","Asfalto","Pavimento","II","S/D","Urbana","Ninguna","S/D","Intersección","Bueno","Buena","Diurna","Buen Tiempo","S/D","S/D","Atropello","S/D","S/D","Cordón divisorio","Sin restricción"
2016,1544,3/23/2016,"Miercoles",0,17:30:00,,"0.0",2,"Moto/Ciclomotor,Automóvil","Ayolas Y Bv. 27 De Febrero",3,2,0,0,1,0,0,,"Calle",,"ROSARIO","Rosario","Asfalto","Pavimento","II","Dentro","Urbana","Ninguna","S/D","Intersección","Bueno","Buena","Diurna","Buen Tiempo","De alcance","S/D","Colisión","S/D","Faltante","Guardarrail","Sin restricción"
2016,1545,3/18/2016,"Viernes",0,12:40:00,,"0.0",2,"Moto/Ciclomotor,Automóvil","Ayolas Y Laprida",2,1,0,0,1,0,0,,"Calle",,"ROSARIO","Rosario","Asfalto","No existe","II","Dentro","Urbana","Ninguna","No existe","Intersección","Bueno","Buena","Diurna","Buen Tiempo","Lateral","S/D","Colisión","S/D","Faltante","Ninguna","Sin restricción"
2016,1546,3/14/2016,"Lunes",0,19:00:00,,"0.0",2,"Peatón,Automóvil","Virasoro 300",2,1,0,0,1,0,0,,"Calle",,"ROSARIO","Rosario","S/D","No existe","II","Dentro","Urbana","Ninguna","No existe","Recta","Bueno","Buena","Diurna","Buen Tiempo","S/D","S/D","Atropello","S/D","Faltante","Ninguna","Sin restricción"
2016,1547,3/12/2016,"Sabado",0,12:25:00,,"0.0",2,"Bicicleta,Automóvil","Amenabar Y Chacabuco",2,1,0,0,1,0,0,,"Calle",,"ROSARIO","Rosario","Asfalto","No existe","II","Dentro","Urbana","Ninguna","No existe","Intersección","Bueno","Buena","Diurna","Buen Tiempo","S/D","S/D","Atropello","S/D","Faltante","S/D","Sin restricción"
2016,1548,3/9/2016,"Miercoles",0,12:35:00,,"0.0",2,"Bicicleta,Automóvil","24 De Setiembre Y Colon",3,2,0,0,1,0,0,,"Calle",,"ROSARIO","Rosario","Asfalto","No existe","II","Dentro","Urbana","Ninguna","No existe","Intersección","Bueno","Buena","Diurna","Buen Tiempo","Lateral","S/D","Atropello","S/D","Faltante","Ninguna","Sin restricción"
2016,1549,3/22/2016,"Martes",0,8:30:00,,"0.0",2,"Moto/Ciclomotor,Moto/Ciclomotor","Entre Rios Y Av. Uriburu",2,2,0,0,0,0,0,,"Avenida",,"ROSARIO","Rosario","Asfalto","No existe","II","Dentro","Urbana","Semáforo","Funciona","Intersección","Bueno","Buena","Diurna","Buen Tiempo","Lateral","S/D","Colisión","Ninguna","Vertical","S/D","Sin restricción"
2016,1550,3/20/2016,"Domingo",0,10:00:00,,"0.0",2,"Automóvil,Pickup/Utilitario","Pte.Roca Y Saavedra",2,1,0,0,1,0,0,,"Calle",,"ROSARIO","Rosario","Asfalto","No existe","II","Dentro","Urbana","S/D","No existe","Intersección","Bueno","Buena","Diurna","Buen Tiempo","Lateral","S/D","Colisión","Ninguna","Faltante","S/D","S/D"
2016,1551,3/21/2016,"Lunes",0,9:55:00,,"0.0",2,"Taxi/Remis,Moto/Ciclomotor","Sarmiento Y Bv. Segui",2,1,0,0,1,0,0,,"Avenida",,"ROSARIO","Rosario","Asfalto","No existe","II","Dentro","Urbana","Ninguna","No existe","Intersección","Bueno","Buena","Diurna","Buen Tiempo","Lateral","S/D","Colisión","Ninguna","Faltante","Ninguna","Sin restricción"
2016,1552,3/21/2016,"Lunes",0,8:40:00,,"0.0",2,"Moto/Ciclomotor,Automóvil","Bv. Segui Y Mitre",3,2,0,0,1,0,0,,"Avenida",,"ROSARIO","Rosario","Asfalto","No existe","II","Dentro","Urbana","Ninguna","No existe","Intersección","Bueno","Buena","Diurna","Buen Tiempo","Lateral","S/D","Colisión","S/D","S/D","Cordón divisorio,Vegetación","Sin restricción"
2016,1553,3/20/2016,"Domingo",0,8:15:00,,"0.0",2,"Taxi/Remis,Moto/Ciclomotor","Garay Y Italia",2,1,0,0,1,0,0,,"Calle",,"ROSARIO","Rosario","Asfalto","No existe","II","Dentro","Urbana","Ninguna","No existe","Intersección","Bueno","Buena","Diurna","Buen Tiempo","Lateral","S/D","Colisión","S/D","S/D","Ninguna","Sin restricción"
2016,1554,3/18/2016,"Viernes",0,18:30:00,,"0.0",2,"Automóvil,Moto/Ciclomotor","Pueyrredon Y Gaboto",2,1,0,0,1,0,0,,"Calle",,"ROSARIO","Rosario","Asfalto","No existe","II","Dentro","Urbana","Ninguna","No existe","Intersección","Bueno","Buena","Diurna","Buen Tiempo","Lateral","S/D","Colisión","Ninguna","S/D","Ninguna","Sin restricción"
2016,1555,3/3/2016,"Jueves",0,18:35:00,,"0.0",2,"Moto/Ciclomotor,Moto/Ciclomotor","Grandoli 3800",3,2,0,0,1,0,0,,"Calle",,"ROSARIO","Rosario","Asfalto","No existe","II","Dentro","Urbana","Ninguna","No existe","Recta","Bueno","Buena","Atardecer","Buen Tiempo","De alcance","S/D","Colisión","S/D","Faltante","Ninguna","Sin restricción"
2016,1556,3/23/2016,"Miercoles",0,16:50:00,,"0.0",2,"Automóvil,Moto/Ciclomotor","Saavedra Y Sarmiento",2,1,0,0,1,0,0,,"Calle",,"ROSARIO","Rosario","Asfalto","No existe","II","Dentro","Urbana","Ninguna","No existe","Intersección","Bueno","Buena","Diurna","Buen Tiempo","Lateral","S/D","Colisión","Ninguna","Faltante","Ninguna","S/D"
2016,1557,3/7/2016,"Lunes",0,22:45:00,,"0.0",2,"Moto/Ciclomotor,Automóvil","General Richieri Y Artigas",2,1,0,0,1,0,0,,"Calle",,"FRAY LUIS BELTRÁN","San Lorenzo","Asfalto","Natural","XVII","Dentro","Urbana","Ninguna","No existe","Intersección","Bueno","Buena","Nocturna","Buen Tiempo","Lateral","S/D","Colisión","S/D","Faltante","Ninguna","Sin restricción"