"anio_acci","nro_acci","fecha","desc_dia","fecha_aprox","hora_aprox","desc_ruta","km","cant_participantes","desc_participante","calle_avenida_km","total","heridos_leves","heridos_graves","heridos_gravisimos","ilesos","fallecidos","sin_datos","posicion_XY","desc_tipo_via","desc_ruta_ori","desc_loc","desc_dpto","desc_tipo_calzada","desc_tipo_banquina","desc_unidad_regional","desc_lugar_calzada","desc_zona","desc_prioridad","desc_estado_semaforo","desc_lugar_via","desc_estado_via","desc_estado_visibilidad","desc_luminosidad","desc_estado_clima","desc_tipo_colision","desc_tipo_atropello","desc_tipo_hecho","desc_pres_calzada","desc_senializacion","desc_separacion_via","desc_restriccion"
2016,1558,3/6/2016,"Domingo",0,0:30:00,,"0.0",2,"Automóvil,Moto/Ciclomotor","Av San Martin ",2,1,0,0,1,0,0,,"Avenida",,"FRAY LUIS BELTRÁN","San Lorenzo","Asfalto","Ripio","XVII","Dentro","Urbana","S/D","S/D","Intersección","Bueno","Buena","Nocturna","Buen Tiempo","Lateral","S/D","Colisión","Ninguna","Horizontal","S/D","S/D"
2016,1559,3/6/2016,"Domingo",0,10:00:00,,"0.0",2,"Bicicleta,Automóvil","Avellaneda Y Rivadavia",2,1,0,0,1,0,0,,"Calle",,"FRAY LUIS BELTRÁN","San Lorenzo","Asfalto","Natural","XVII","Dentro","Urbana","S/D","No existe","Intersección","Bueno","Buena","Diurna","Buen Tiempo","S/D","S/D","Atropello","S/D","S/D","Ninguna","Sin restricción"
2016,1560,3/4/2016,"Viernes",0,12:40:00,,"0.0",2,"Moto/Ciclomotor,Moto/Ciclomotor","Av San Martin Y Guido Spano",2,2,0,0,0,0,0,,"Avenida",,"FRAY LUIS BELTRÁN","San Lorenzo","Asfalto","Ripio","XVII","Dentro","Urbana","Semáforo","Funciona","Intersección","Bueno","Buena","Diurna","Buen Tiempo","Lateral","S/D","Colisión","S/D","S/D","Ninguna","Sin restricción"
2016,1561,3/4/2016,"Viernes",0,8:05:00,,"0.0",2,"Peatón,Automóvil","Necochea Y Gaboto",2,1,0,0,1,0,0,,"Calle",,"ROSARIO","Rosario","Asfalto","No existe","II","Dentro","Urbana","Ninguna","No existe","Intersección","Bueno","Buena","Diurna","Buen Tiempo","Lateral","S/D","Atropello","S/D","Faltante","Ninguna","S/D"
2016,1562,3/2/2016,"Miercoles",0,16:40:00,,"0.0",2,"Moto/Ciclomotor,Automóvil","Buenos Aires Y Bv. Segui",2,1,0,0,1,0,0,,"Calle",,"ROSARIO","Rosario","Asfalto","No existe","II","Dentro","Urbana","Ninguna","No existe","Intersección","Bueno","Buena","Diurna","Buen Tiempo","Lateral","S/D","Colisión","S/D","Faltante","Ninguna","Sin restricción"
2016,1563,5/2/2016,"Lunes",0,23:55:00,"Ruta Nacional 34","343.0",2,"Camión,Camión"," ",3,1,0,0,1,1,0,"-30.225691, -61.729519","Ruta",34,"ARRUFÓ","San Cristóbal","Asfalto","Natural","XIII","Dentro","Urbana","Ninguna","No existe","Recta","Bueno","Buena","Nocturna","Buen Tiempo","Frontal","S/D","Colisión","Ninguna","Faltante","Línea divisoria pintada","Sin restricción"
2016,1564,5/29/2016,"Domingo",0,10:00:00,,"0.0",2,"Automóvil,Moto/Ciclomotor","Belgrano Y Hernandarias",2,0,0,0,1,1,0,"-29.882649, -61.938962","Avenida",,"CERES","San Cristóbal","Hormigón","S/D","XIII","Dentro","Urbana","Ninguna","No existe","Intersección","Bueno","Buena","Diurna","Buen Tiempo","Frontal,Lateral","S/D","Colisión","Otro","Faltante","Cordón divisorio","Sin restricción"
2016,1565,4/1/2016,"Viernes",0,21:15:00,,"0.0",2,"Moto/Ciclomotor,Automóvil","Av. Ntra.Sra.del Rosario Bis 200",2,1,0,0,1,0,0,,"S/D",,"ROSARIO","Rosario","Asfalto","No existe","II","Dentro","Urbana","Ninguna","No existe","Recta","Bueno","S/D","Nocturna","S/D","De alcance","S/D","Colisión","S/D","S/D","Ninguna","Sin restricción"
2016,1566,4/28/2016,"Jueves",0,1:30:00,,"0.0",2,"Moto/Ciclomotor,Automóvil","Ayacucho Y Marco Polo",2,1,0,0,1,0,0,,"S/D",,"ROSARIO","Rosario","Asfalto","No existe","II","Dentro","Urbana","Ninguna","No existe","Intersección","Bueno","Buena","Nocturna","S/D","Lateral","S/D","Colisión","Agua","S/D","Línea divisoria pintada","Sin restricción"
2016,1567,4/15/2016,"Viernes",0,21:30:00,,"0.0",2,"Moto/Ciclomotor,Automóvil","Ayacucho Y Lamadrid",2,1,0,0,1,0,0,,"Calle",,"ROSARIO","Rosario","Asfalto","No existe","II","Dentro","Urbana","Semáforo","No funciona","Intersección","Bueno","S/D","Nocturna","S/D","Lateral","S/D","Colisión","S/D","S/D","Línea divisoria pintada","Sin restricción"
2016,1568,4/21/2016,"Jueves",0,17:50:00,,"0.0",2,"Moto/Ciclomotor,Automóvil","Leiva Y Muñoz",3,2,0,0,1,0,0,,"Calle",,"ROSARIO","Rosario","Asfalto","No existe","II","Dentro","Urbana","S/D","S/D","Intersección","S/D","S/D","Diurna","S/D","Lateral","S/D","Colisión","S/D","S/D","Ninguna","Sin restricción"
2016,1569,4/21/2016,"Jueves",0,15:40:00,,"0.0",2,"Moto/Ciclomotor,Otros","Ameghino Y Necochea",2,0,1,0,0,0,1,,"Calle",,"ROSARIO","Rosario","Asfalto","No existe","II","Dentro","Urbana","Ninguna","No existe","Intersección","S/D","S/D","Diurna","Buen Tiempo","Lateral","S/D","Colisión","S/D","S/D","Ninguna","Sin restricción"
2016,1570,4/1/2016,"Viernes",0,7:45:00,,"0.0",2,"Automóvil,Moto/Ciclomotor","Av. Corrientes 1700",2,1,0,0,1,0,0,,"S/D",,"ROSARIO","Rosario","Asfalto","S/D","II","S/D","S/D","Semáforo","Funciona","Recta","Bueno","Buena","Amanecer","Buen Tiempo","De alcance","S/D","Colisión","S/D","S/D","S/D","S/D"
2016,1571,4/26/2016,"Martes",0,17:40:00,,"0.0",2,"Moto/Ciclomotor,Automóvil","Galvez Y Entre Rios",3,1,0,0,2,0,0,,"Calle",,"ROSARIO","Rosario","Asfalto","S/D","II","Dentro","Urbana","S/D","S/D","Intersección","Bueno","Buena","Diurna","Buen Tiempo","Lateral","S/D","Colisión","S/D","S/D","S/D","Sin restricción"
2016,1572,4/1/2016,"Viernes",0,20:30:00,,"0.0",2,"Pickup/Utilitario,Moto/Ciclomotor","Mitre Y Ituzaingo",2,1,0,0,1,0,0,,"S/D",,"ROSARIO","Rosario","Asfalto","S/D","II","S/D","S/D","S/D","S/D","Intersección","Bueno","Buena","Con luz artificial","Buen Tiempo","Lateral","S/D","Colisión","S/D","S/D","S/D","S/D"
2016,1573,4/4/2016,"Lunes",0,17:30:00,"Ruta Nacional 9","0.0",2,"Moto/Ciclomotor,Automóvil"," ",2,1,0,0,1,0,0,,"Ruta",9,"FUNES","Rosario","Asfalto","Pavimento","II","Dentro","Urbana","S/D","No existe","Puente","Bueno","Buena","Diurna","Lluvia","Frontal","S/D","Colisión","Agua","Horizontal,Vertical","S/D","S/D"
2016,1574,4/25/2016,"Lunes",0,8:35:00,,"0.0",2,"Moto/Ciclomotor,Taxi/Remis","Sarmiento Y La Paz",2,1,0,0,1,0,0,,"Calle",,"ROSARIO","Rosario","Asfalto","S/D","II","Dentro","Urbana","S/D","S/D","Intersección","Bueno","Buena","Diurna","Buen Tiempo","Lateral","S/D","Colisión","S/D","S/D","S/D","Sin restricción"
2016,1575,4/23/2016,"Sabado",0,18:50:00,,"0.0",2,"Pickup/Utilitario,Peatón","Bv. 27 De Febrero Y Rodriguez",2,1,0,0,1,0,0,,"Calle",,"ROSARIO","Rosario","Asfalto","S/D","II","Dentro","Urbana","S/D","S/D","Intersección","Resbaladiza","S/D","Nocturna,Con luz artificial","Lluvia","S/D","S/D","Atropello","S/D","S/D","Cordón divisorio","S/D"
2016,1576,4/7/2016,"Jueves",0,23:55:00,"Ruta Nacional 9","0.0",2,"Moto/Ciclomotor,Moto/Ciclomotor","Ruta Nacional 9 Y Suipacha",3,0,1,0,2,0,0,,"Ruta",9,"FUNES","Rosario","Asfalto","Pavimento","II","S/D","Urbana","Semáforo","S/D","Recta","Bueno","Buena","Nocturna","Lluvia","Lateral","S/D","Colisión","S/D","Horizontal","Línea divisoria pintada","S/D"
2016,1577,4/6/2016,"Miercoles",0,20:30:00,"Ruta Nacional 9","0.0",2,"Automóvil,Moto/Ciclomotor","Ruta Nacional 9 Y Lavalle",3,0,1,0,2,0,0,,"Ruta",9,"FUNES","Rosario","Asfalto","Natural","II","Dentro","Urbana","S/D","S/D","Recta","Bueno","Buena","Nocturna","Buen Tiempo","Frontal","S/D","Colisión","S/D","Horizontal","S/D","S/D"
2016,1578,4/11/2016,"Lunes",0,1:20:00,,"0.0",2,"Moto/Ciclomotor,Automóvil","Av. Jorge Newbery 8000",3,0,0,0,1,0,2,,"Avenida",,"ROSARIO","Rosario","S/D","S/D","II","S/D","Urbana","S/D","S/D","Intersección","S/D","S/D","Nocturna","S/D","S/D","S/D","S/D","S/D","S/D","S/D","S/D"
2016,1579,4/6/2016,"Miercoles",0,13:30:00,,"0.0",2,"Moto/Ciclomotor,Automóvil","J.Colombres Bis 1295",2,0,0,0,0,0,2,,"Calle",,"ROSARIO","Rosario","S/D","S/D","II","S/D","Urbana","S/D","S/D","S/D","S/D","S/D","Diurna","S/D","S/D","S/D","S/D","S/D","S/D","S/D","S/D"
2016,1580,4/22/2016,"Viernes",0,17:00:00,,"0.0",2,"Moto/Ciclomotor,Automóvil","Av. Corrientes Y Galvez",3,2,0,0,1,0,0,,"Calle",,"ROSARIO","Rosario","Asfalto","S/D","II","Dentro","Urbana","S/D","S/D","Intersección","Bueno","S/D","Diurna","Lluvia","Lateral","S/D","Colisión","S/D","S/D","S/D","S/D"
2016,1581,4/20/2016,"Miercoles",0,10:00:00,,"0.0",2,"Automóvil,Pickup/Utilitario","Sarmiento Y Ocampo",3,1,0,0,2,0,0,,"Calle",,"ROSARIO","Rosario","Asfalto","S/D","II","Dentro","Urbana","S/D","S/D","Intersección","Bueno","Buena","Diurna","Lluvia","Lateral","S/D","Colisión","S/D","S/D","S/D","S/D"
2016,1582,4/29/2016,"Viernes",0,9:00:00,,"0.0",2,"Automóvil,Moto/Ciclomotor","Brasil Y Cerrito",2,1,0,0,1,0,0,,"Calle",,"ROSARIO","Rosario","Asfalto","No existe","II","S/D","Urbana","Ninguna","No existe","S/D","Bueno","Buena","Diurna","Buen Tiempo","Lateral","S/D","Colisión","Ninguna","Faltante","S/D","Sin restricción"
2016,1583,4/19/2016,"Martes",0,8:40:00,,"0.0",2,"Taxi/Remis,Moto/Ciclomotor","Sarmiento Y Cerrito",3,2,0,0,1,0,0,,"Calle",,"ROSARIO","Rosario","Asfalto","S/D","II","Dentro","Urbana","S/D","S/D","Intersección","Bueno","Reducida","Diurna","Lluvia","Lateral","S/D","Colisión","Agua","S/D","S/D","Sin restricción"
2016,1584,4/17/2016,"Domingo",0,8:00:00,,"0.0",2,"Automóvil,Moto/Ciclomotor","Entre Rios Y Centeno",3,2,0,0,1,0,0,,"Calle",,"ROSARIO","Rosario","Asfalto","No existe","II","Dentro","Urbana","Ninguna","No existe","Intersección","Bueno","Buena","Diurna","Buen Tiempo","Lateral","S/D","Colisión","Ninguna","Faltante","Ninguna","Sin restricción"
2016,1585,4/16/2016,"Sabado",0,7:30:00,,"0.0",2,"Moto/Ciclomotor,Automóvil","Bv. Segui Y Entre Rios",3,2,0,0,1,0,0,,"Avenida",,"ROSARIO","Rosario","Asfalto","No existe","II","Dentro","Urbana","S/D","No existe","Intersección","Bueno","Buena","Diurna","Buen Tiempo","Lateral","S/D","Colisión","Ninguna","S/D","S/D","Sin restricción"
2016,1586,4/15/2016,"Viernes",0,20:00:00,,"0.0",2,"Moto/Ciclomotor,Automóvil","Av. Ovidio Lagos Y Amenabar",2,1,0,0,1,0,0,,"Calle",,"ROSARIO","Rosario","Asfalto","S/D","II","Dentro","Urbana","S/D","S/D","Intersección","Bueno","Buena","Nocturna,Con luz artificial","Buen Tiempo","Lateral","S/D","Colisión","S/D","S/D","Cordón divisorio","Sin restricción"
2016,1587,4/12/2016,"Martes",0,8:10:00,,"0.0",2,"Moto/Ciclomotor,Automóvil","Mitre 2600",2,1,0,0,1,0,0,,"Calle",,"ROSARIO","Rosario","Asfalto","S/D","II","Dentro","Urbana","Ninguna","S/D","Intersección","Bueno","Buena","Diurna","Buen Tiempo","Lateral","S/D","Colisión","S/D","S/D","S/D","Sin restricción"
2016,1588,4/12/2016,"Martes",0,17:10:00,,"0.0",2,"Moto/Ciclomotor,Automóvil","Pje. Gral.Savio Y Sarmiento",2,1,0,0,1,0,0,,"Calle",,"ROSARIO","Rosario","Asfalto","No existe","II","Dentro","Urbana","S/D","No existe","Intersección","Bueno","Buena","Diurna","Buen Tiempo","Lateral","S/D","Colisión","Ninguna","S/D","S/D","Sin restricción"
2016,1589,4/9/2016,"Sabado",0,21:20:00,,"0.0",3,"Moto/Ciclomotor,Moto/Ciclomotor,Automóvil","Dorrego Y Cochabamba",3,2,0,0,1,0,0,,"Calle",,"ROSARIO","Rosario","Asfalto","S/D","II","Dentro","Urbana","S/D","S/D","Recta","Bueno","Buena","Nocturna,Con luz artificial","Buen Tiempo","Múltiple","S/D","Colisión","S/D","S/D","S/D","Sin restricción"
2016,1590,4/10/2016,"Domingo",0,11:15:00,,"0.0",2,"Automóvil,Moto/Ciclomotor","Callao Y Coulin",4,3,0,0,1,0,0,,"Calle",,"ROSARIO","Rosario","Asfalto","No existe","II","Dentro","Urbana","S/D","No existe","Intersección","Bueno","Buena","Diurna","Buen Tiempo","Lateral","S/D","Colisión","Ninguna","Faltante","S/D","Sin restricción"
2016,1591,4/7/2016,"Jueves",0,15:30:00,,"0.0",2,"Automóvil,Pickup/Utilitario","Riobamba Y Mitre",4,1,0,0,3,0,0,,"Calle",,"ROSARIO","Rosario","Asfalto","S/D","II","Dentro","Urbana","S/D","S/D","Intersección","Bueno","Buena","Diurna","Buen Tiempo","Lateral","S/D","Colisión","S/D","S/D","S/D","Sin restricción"
2016,1592,4/9/2016,"Sabado",0,22:20:00,,"0.0",2,"Moto/Ciclomotor,Automóvil","Gaboto Y Av. Corrientes",3,2,0,0,1,0,0,,"Calle",,"ROSARIO","Rosario","Asfalto","No existe","II","Dentro","Urbana","Ninguna","No existe","Intersección","Bueno","Buena","Nocturna","Buen Tiempo","Lateral","S/D","Colisión","Ninguna","Faltante","Ninguna","Sin restricción"
2016,1593,4/7/2016,"Jueves",0,15:30:00,,"0.0",3,"Automóvil,Automóvil,Automóvil","Bv. Oroño 2700",4,1,0,0,3,0,0,,"Calle",,"ROSARIO","Rosario","Asfalto","S/D","II","Dentro","Urbana","Semáforo","Funciona","Recta","Bueno","Buena","Diurna","Buen Tiempo","Múltiple","S/D","Colisión","S/D","Vertical","Cordón divisorio","Sin restricción"
2016,1594,4/7/2016,"Jueves",0,13:25:00,,"0.0",2,"Moto/Ciclomotor,Automóvil","Bv. Oroño Y Garibaldi",2,1,0,0,1,0,0,,"Avenida",,"ROSARIO","Rosario","Asfalto","No existe","II","Dentro","Urbana","Semáforo","Funciona","Intersección","Bueno","Buena","Diurna","Buen Tiempo","Lateral","S/D","Colisión","Ninguna","S/D","Ninguna","Sin restricción"
2016,1595,4/6/2016,"Miercoles",0,13:00:00,,"0.0",2,"Peatón,Camión","Sarmiento Y Cochabamba",2,1,0,0,1,0,0,,"Calle",,"ROSARIO","Rosario","Asfalto","S/D","II","Dentro","Urbana","S/D","S/D","Intersección","Bueno","Buena","Diurna","Buen Tiempo","S/D","S/D","Atropello","S/D","S/D","S/D","S/D"
2016,1596,4/5/2016,"Martes",0,17:25:00,,"0.0",2,"Pickup/Utilitario,Automóvil","Dorrego Y Pasco",2,1,0,0,1,0,0,,"Calle",,"ROSARIO","Rosario","Asfalto","S/D","II","Dentro","Urbana","S/D","S/D","Intersección","Bueno","Buena","Diurna","Buen Tiempo","Lateral","S/D","Colisión","S/D","S/D","S/D","Sin restricción"
2016,1597,4/5/2016,"Martes",0,13:50:00,,"0.0",2,"Moto/Ciclomotor,Automóvil","Av. Ovidio Lagos Y Bv. 27 De Febrero",2,1,0,0,1,0,0,,"Avenida",,"ROSARIO","Rosario","Asfalto","S/D","II","Dentro","Urbana","Semáforo","Funciona","Intersección","Bueno","Buena","Diurna","Buen Tiempo","Lateral","S/D","Colisión","S/D","Vertical","Cordón divisorio","S/D"
2016,1598,4/2/2016,"Sabado",0,22:10:00,,"0.0",2,"Automóvil,Automóvil","Av. Pellegrini 1500",2,1,0,0,1,0,0,,"Avenida",,"ROSARIO","Rosario","Asfalto","S/D","II","Dentro","Urbana","Semáforo","Funciona","Recta","Bueno","Buena","Nocturna,Con luz artificial","Buen Tiempo","De alcance","S/D","Colisión","S/D","Vertical","S/D","S/D"
2016,1599,4/5/2016,"Martes",0,14:50:00,,"0.0",1,"Moto/Ciclomotor","Santa Fe 4400",2,1,0,0,1,0,0,,"Calle",,"ROSARIO","Rosario","S/D","S/D","II","Dentro","Urbana","Ninguna","S/D","Recta","S/D","Buena","Diurna","S/D","Atropello animal","S/D","Atropello","S/D","Faltante","Ninguna","Sin restricción"
2016,1600,4/25/2016,"Lunes",0,15:00:00,,"0.0",2,"Transporte de Pasajeros Urbano (> 8 asientos),Automóvil","Valparaiso Y San Lorenzo",2,1,0,0,1,0,0,,"Calle",,"ROSARIO","Rosario","S/D","No existe","II","Dentro","Urbana","Ninguna","No existe","Intersección","S/D","Buena","Diurna","S/D","Lateral","S/D","Colisión","S/D","S/D","Ninguna","Sin restricción"
2016,1601,4/24/2016,"Domingo",0,7:30:00,,"0.0",2,"Automóvil,Automóvil","Mitre Y Pte.Quintana",2,1,0,0,1,0,0,,"Calle",,"ROSARIO","Rosario","Asfalto","No existe","II","Dentro","Urbana","Ninguna","No existe","Intersección","Bueno","Buena","Diurna","Buen Tiempo","De alcance","S/D","Colisión","S/D","S/D","Ninguna","Sin restricción"
2016,1602,4/6/2016,"Miercoles",0,9:30:00,,"0.0",2,"Moto/Ciclomotor,Automóvil","Bv. Segui Y Sarmiento",4,2,0,0,2,0,0,,"S/D",,"ROSARIO","Rosario","Asfalto","No existe","II","Dentro","Urbana","Ninguna","S/D","Intersección","S/D","Reducida","Diurna","Lluvia","De alcance","S/D","Colisión","Agua","S/D","Ninguna","Sin restricción"
2016,1603,4/17/2016,"Domingo",0,15:00:00,,"0.0",2,"Automóvil,Moto/Ciclomotor","Urquiza Y Roullon",3,2,0,0,1,0,0,,"Calle",,"ROSARIO","Rosario","S/D","No existe","II","Dentro","Urbana","Ninguna","No existe","Intersección","S/D","Buena","Diurna","Buen Tiempo","Lateral","S/D","Colisión","S/D","Faltante","Ninguna","Sin restricción"
2016,1604,4/23/2016,"Sabado",0,21:30:00,,"0.0",2,"Moto/Ciclomotor,Automóvil","Bv. Segui Y Entre Rios",3,1,0,0,2,0,0,,"Calle",,"ROSARIO","Rosario","Asfalto","No existe","II","Dentro","Urbana","Ninguna","No existe","Intersección","Bueno","Buena","Nocturna","Buen Tiempo","S/D","S/D","Colisión","S/D","S/D","Ninguna","S/D"
2016,1605,4/5/2016,"Martes",0,11:00:00,,"0.0",2,"Automóvil,Automóvil","Bv. Segui Y Bv. Oroño",3,2,0,0,1,0,0,,"S/D",,"ROSARIO","Rosario","Asfalto","No existe","II","Dentro","Urbana","Semáforo","Funciona","Intersección","Bueno","Buena","Diurna","Buen Tiempo","De alcance","S/D","Colisión","Ninguna","Horizontal","Ninguna","Sin restricción"
2016,1606,4/1/2016,"Viernes",0,5:05:00,,"0.0",2,"Automóvil,Moto/Ciclomotor","Carriego Y Santa Fe",3,1,0,0,2,0,0,,"Calle",,"ROSARIO","Rosario","S/D","No existe","II","Dentro","Urbana","S/D","No existe","Intersección","S/D","S/D","Amanecer","Buen Tiempo","Lateral","S/D","Colisión","S/D","Faltante","Ninguna","Sin restricción"
2016,1607,4/4/2016,"Lunes",0,0:20:00,,"0.0",2,"Automóvil,Moto/Ciclomotor","Alvear Y Bv. Segui",3,2,0,0,1,0,0,,"Calle",,"ROSARIO","Rosario","Asfalto","No existe","II","Dentro","Urbana","Ninguna","No existe","Intersección","Bueno","Buena","Nocturna","Buen Tiempo","De alcance","S/D","Colisión","Ninguna","Faltante","Ninguna","Sin restricción"
2016,1608,4/23/2016,"Sabado",0,18:20:00,,"0.0",2,"Moto/Ciclomotor,Automóvil","Av. Uriburu Y Pte.Roca",2,1,0,0,1,0,0,,"Calle",,"ROSARIO","Rosario","Asfalto","No existe","II","Dentro","Urbana","Ninguna","No existe","Intersección","Bueno","Buena","Diurna","Buen Tiempo","De alcance","S/D","Colisión","S/D","Faltante","Ninguna","Sin restricción"
2016,1609,4/23/2016,"Sabado",0,12:00:00,,"0.0",2,"Automóvil,Moto/Ciclomotor","Pueyrredon Y Dr.Rivas",2,1,0,0,1,0,0,,"Calle",,"ROSARIO","Rosario","Asfalto","No existe","II","Dentro","Urbana","Ninguna","No existe","Intersección","Bueno","Buena","Diurna","Buen Tiempo","De alcance","S/D","Colisión","S/D","Faltante","Ninguna","Sin restricción"
2016,1610,4/2/2016,"Sabado",0,13:35:00,,"0.0",2,"Automóvil,Moto/Ciclomotor","Entre Rios Y Pje. Newton",2,1,0,0,1,0,0,,"Calle",,"ROSARIO","Rosario","Asfalto","No existe","II","Dentro","Urbana","Ninguna","No existe","Intersección","Bueno","Buena","Diurna","Buen Tiempo","De alcance","S/D","Colisión","Ninguna","Faltante","Ninguna","Sin restricción"
2016,1611,4/3/2016,"Domingo",0,19:15:00,,"0.0",2,"Automóvil,Automóvil","Gral Jose de San Martin 741",2,1,0,0,1,0,0,,"Calle",,"ARROYO SECO","Rosario","Asfalto","No existe","II","Dentro","Urbana","S/D","No existe","Recta","Bueno","Buena","Atardecer","Lluvia","Lateral","S/D","Colisión","S/D","Faltante","S/D","S/D"
2016,1612,4/22/2016,"Viernes",0,0:10:00,,"0.0",2,"Automóvil,Moto/Ciclomotor","Bv. Oroño Y Juan Canals",2,1,0,0,1,0,0,,"Calle",,"ROSARIO","Rosario","Asfalto","No existe","II","Dentro","Urbana","Ninguna","S/D","Intersección","Bueno","Buena","Nocturna","Buen Tiempo","De alcance","S/D","Colisión","S/D","Faltante","Ninguna","Sin restricción"
2016,1613,4/22/2016,"Viernes",0,23:30:00,,"0.0",2,"Automóvil,Moto/Ciclomotor","Bv. Segui Y Alvear",4,2,0,0,2,0,0,,"Calle",,"ROSARIO","Rosario","Asfalto","No existe","II","Dentro","Urbana","Ninguna","No existe","Intersección","Bueno","Buena","Nocturna","Buen Tiempo","De alcance","S/D","Colisión","S/D","Faltante","Ninguna","Sin restricción"
2016,1614,4/1/2016,"Viernes",0,17:00:00,,"0.0",2,"Moto/Ciclomotor,Automóvil","Uruguay Y España",2,1,0,0,1,0,0,,"Calle",,"ROSARIO","Rosario","Asfalto","No existe","II","Dentro","Urbana","Ninguna","No existe","Intersección","Bueno","Buena","Diurna","Buen Tiempo","De alcance","S/D","Colisión","Ninguna","S/D","Ninguna","Sin restricción"
2016,1615,4/22/2016,"Viernes",0,17:30:00,,"0.0",2,"Automóvil,Bicicleta","Italia Y Garay",2,1,0,0,1,0,0,,"Calle",,"ROSARIO","Rosario","Asfalto","No existe","II","Dentro","Urbana","Ninguna","No existe","Intersección","Bueno","Buena","Atardecer","Buen Tiempo","De alcance","S/D","Atropello","S/D","Faltante","Ninguna","Sin restricción"
2016,1616,4/6/2016,"Miercoles",0,13:30:00,,"0.0",2,"Moto/Ciclomotor,Moto/Ciclomotor","Av. Ovidio Lagos Y Uruguay",2,1,0,0,1,0,0,,"Avenida",,"ROSARIO","Rosario","Asfalto","Pavimento","II","Fuera","Urbana","S/D","No existe","Intersección","Bueno","Buena","Diurna","Buen Tiempo","Lateral","S/D","Colisión","Otro","S/D","Cordón divisorio","Sin restricción"
2016,1617,4/26/2016,"Martes",0,1:00:00,,"0.0",2,"Automóvil,Automóvil","Bv. Segui Y Bv. Avellaneda",4,2,0,0,2,0,0,,"Avenida",,"ROSARIO","Rosario","Asfalto","No existe","II","Fuera","Urbana","Semáforo","Funciona","Cruce","Bueno","Buena","Nocturna,Con luz artificial","Lluvia","Lateral","S/D","Colisión","Agua","S/D","Vegetación","Sin restricción"
2016,1618,4/13/2016,"Miercoles",0,19:00:00,,"0.0",2,"Automóvil,Automóvil","Galvez 1000",2,2,0,0,0,0,0,,"Calle",,"ROSARIO","Rosario","Asfalto","No existe","II","Dentro","Urbana","Ninguna","No existe","Intersección","Bueno","Buena","Diurna","Buen Tiempo","Lateral","S/D","Colisión","S/D","Faltante","Ninguna","Sin restricción"
2016,1619,4/24/2016,"Domingo",0,12:51:00,,"0.0",2,"Moto/Ciclomotor,Otros","Pte.Roca Y Garibaldi",3,1,0,0,2,0,0,,"Calle",,"ROSARIO","Rosario","Asfalto","No existe","II","Dentro","Urbana","Ninguna","No existe","Intersección","Bueno","Buena","Diurna","Buen Tiempo","De alcance","S/D","Colisión","S/D","S/D","Ninguna","Sin restricción"
2016,1620,4/27/2016,"Miercoles",0,17:00:00,,"0.0",2,"Automóvil,Moto/Ciclomotor","Av. Uriburu Y Av. Corrientes",2,1,0,0,1,0,0,,"Calle",,"ROSARIO","Rosario","Asfalto","No existe","II","Dentro","Urbana","Ninguna","No existe","Intersección","Bueno","Buena","Diurna","Buen Tiempo","De alcance","S/D","Colisión","Ninguna","Faltante","Ninguna","Sin restricción"
2016,1621,4/26/2016,"Martes",0,6:40:00,,"0.0",2,"Bicicleta,Pickup/Utilitario","Av. Corrientes Y Reg.11 de Infanteria",2,1,0,0,1,0,0,,"Calle",,"ROSARIO","Rosario","Asfalto","No existe","II","Dentro","Urbana","Ninguna","No existe","Intersección","Bueno","Buena","Diurna","Buen Tiempo","De alcance","S/D","Atropello","S/D","Faltante","Ninguna","Sin restricción"
2016,1622,4/8/2016,"Viernes",0,21:35:00,,"0.0",2,"Automóvil,Pickup/Utilitario","H. Brandoni Y Mariano Moreno",5,2,0,0,3,0,0,,"Calle",,"ROSARIO","Rosario","Asfalto","Pavimento","II","Dentro","Urbana","Ninguna","No existe","Intersección","Bueno","Buena","Nocturna","Buen Tiempo","Lateral","S/D","Colisión","S/D","S/D","Ninguna","Sin restricción"
2016,1623,4/26/2016,"Martes",0,11:00:00,,"0.0",1,"Moto/Ciclomotor","Bv Belgrano Y Arenales",2,1,0,0,1,0,0,,"Calle",,"ÁLVAREZ","Rosario","Asfalto","Pavimento","II","Dentro","Urbana","S/D","No existe","Intersección","Bueno","Buena","Diurna","Buen Tiempo","S/D","S/D","Caída ocupante","Ninguna","S/D","S/D","S/D"
2016,1624,4/27/2016,"Miercoles",0,9:30:00,,"0.0",2,"Automóvil,Moto/Ciclomotor","Mitre Y Garay",2,1,0,0,1,0,0,,"Calle",,"ROSARIO","Rosario","Asfalto","No existe","II","Dentro","Urbana","Ninguna","No existe","Intersección","Bueno","Buena","Diurna","Buen Tiempo","De alcance","S/D","Colisión","Ninguna","Faltante","Ninguna","Sin restricción"
2016,1625,4/1/2016,"Viernes",0,17:00:00,,"0.0",2,"Automóvil,Pickup/Utilitario","J.M.Gutierrez Y Av. Ovidio Lagos",2,1,0,0,1,0,0,,"Calle",,"ROSARIO","Rosario","Asfalto","Pavimento","II","Dentro","Urbana","Ninguna","No existe","Intersección","Bueno","Buena","Diurna","Buen Tiempo","Lateral","S/D","Colisión","S/D","S/D","Ninguna","Sin restricción"
2016,1626,4/14/2016,"Jueves",0,15:00:00,,"0.0",2,"Automóvil,Moto/Ciclomotor","Albert Sabin Y Jose Ingenieros",2,1,0,0,1,0,0,,"Calle",,"ROSARIO","Rosario","Hormigón","Pavimento","II","Dentro","Urbana","Ninguna","No existe","Intersección","Bueno","Buena","Diurna","Buen Tiempo","Lateral","S/D","Colisión","S/D","Horizontal","S/D","Sin restricción"