"anio_acci","nro_acci","fecha","desc_dia","fecha_aprox","hora_aprox","desc_ruta","km","cant_participantes","desc_participante","calle_avenida_km","total","heridos_leves","heridos_graves","heridos_gravisimos","ilesos","fallecidos","sin_datos","posicion_XY","desc_tipo_via","desc_ruta_ori","desc_loc","desc_dpto","desc_tipo_calzada","desc_tipo_banquina","desc_unidad_regional","desc_lugar_calzada","desc_zona","desc_prioridad","desc_estado_semaforo","desc_lugar_via","desc_estado_via","desc_estado_visibilidad","desc_luminosidad","desc_estado_clima","desc_tipo_colision","desc_tipo_atropello","desc_tipo_hecho","desc_pres_calzada","desc_senializacion","desc_separacion_via","desc_restriccion"
2016,1627,4/22/2016,"Viernes",0,14:20:00,,"0.0",2,"Automóvil,Moto/Ciclomotor","Av. Uriburu Y Mitre",2,1,0,0,1,0,0,,"Avenida",,"ROSARIO","Rosario","Asfalto","No existe","II","Dentro","Urbana","Ninguna","No existe","Intersección","Bueno","Buena","Diurna","Buen Tiempo","De alcance","S/D","Colisión","Ninguna","Faltante","Ninguna","Sin restricción"
2016,1628,4/13/2016,"Miercoles",0,21:50:00,,"0.0",2,"Peatón,Automóvil","Bv. Oroño Y Av. Arijon",2,1,0,0,1,0,0,,"Calle",,"ROSARIO","Rosario","Asfalto","Pavimento","II","Dentro","Urbana","Ninguna","Funciona","Intersección","Bueno","Buena","Nocturna","Buen Tiempo","De alcance","S/D","Atropello","S/D","S/D","Ninguna","Sin restricción"
2016,1629,4/20/2016,"Miercoles",0,18:00:00,,"0.0",1,"Moto/Ciclomotor","Benito Juarez Y Paraguay",3,2,0,0,1,0,0,,"S/D",,"ROSARIO","Rosario","Asfalto","No existe","II","Dentro","Urbana","Ninguna","No existe","Intersección","Bueno","Buena","Diurna","Buen Tiempo","De alcance","S/D","Colisión","Ninguna","S/D","Ninguna","Sin restricción"
2016,1630,4/8/2016,"Viernes",0,13:30:00,,"0.0",2,"Moto/Ciclomotor,Automóvil","Colon Y Cochabamba",2,1,0,0,1,0,0,,"Calle",,"ROSARIO","Rosario","Asfalto","No existe","II","Dentro","Urbana","Ninguna","No existe","Intersección","Bueno","Buena","Diurna","Buen Tiempo","Lateral","S/D","Colisión","Ninguna","Faltante","Ninguna","Sin restricción"
2016,1631,4/20/2016,"Miercoles",0,15:40:00,,"0.0",2,"Taxi/Remis,Moto/Ciclomotor","Bv. Segui Y Entre Rios",2,1,0,0,1,0,0,,"Avenida",,"ROSARIO","Rosario","Asfalto","No existe","II","Dentro","Urbana","Ninguna","No existe","Intersección","Bueno","Buena","Diurna","Buen Tiempo","De alcance","S/D","Colisión","Ninguna","Faltante","Ninguna","Sin restricción"
2016,1632,4/7/2016,"Jueves",0,10:20:00,,"0.0",2,"Moto/Ciclomotor,Pickup/Utilitario","Buenos Aires Y Pasco",2,1,0,0,1,0,0,,"Calle",,"ROSARIO","Rosario","Asfalto","No existe","II","Dentro","Urbana","Ninguna","No existe","Intersección","Bueno","Buena","Diurna","S/D","Lateral","S/D","Colisión","S/D","S/D","Ninguna","S/D"
2016,1633,4/12/2016,"Martes",0,14:25:00,,"0.0",2,"Moto/Ciclomotor,Automóvil","Av. Battle y Ordoñez Y Paraguay",2,1,0,0,1,0,0,,"Avenida",,"ROSARIO","Rosario","Asfalto","No existe","II","Dentro","Urbana","S/D","No existe","Intersección","Bueno","Buena","Diurna","S/D","Lateral","S/D","Colisión","Ninguna","Horizontal","Cordón divisorio","Sin restricción"
2016,1634,4/20/2016,"Miercoles",0,14:20:00,,"0.0",2,"Automóvil,Moto/Ciclomotor","Milan Y Pje. Del Campo",2,1,0,0,1,0,0,,"Calle",,"ROSARIO","Rosario","Asfalto","No existe","II","Dentro","Urbana","Ninguna","No existe","Intersección","Bueno","Buena","Diurna","Buen Tiempo","De alcance","S/D","Colisión","Ninguna","Faltante","Ninguna","Sin restricción"
2016,1635,4/23/2016,"Sabado",0,8:20:00,,"0.0",2,"Automóvil,Automóvil","Av. Ovidio Lagos Y Av. Circunvalacion",3,2,0,0,1,0,0,,"Calle",,"ROSARIO","Rosario","Asfalto","Pavimento","II","Dentro","Urbana","Semáforo","Funciona","Intersección","Bueno","Buena","Diurna","Buen Tiempo","Lateral","S/D","Colisión","S/D","Vertical","Cordón divisorio","Sin restricción"
2016,1636,4/20/2016,"Miercoles",0,9:00:00,,"0.0",2,"Moto/Ciclomotor,Automóvil","Av. Corrientes Y Garibaldi",3,2,0,0,1,0,0,,"S/D",,"ROSARIO","Rosario","Asfalto","No existe","II","Dentro","Urbana","Ninguna","No existe","Intersección","Bueno","S/D","Diurna","Buen Tiempo","De alcance","S/D","Colisión","Ninguna","S/D","Ninguna","Sin restricción"
2016,1637,4/21/2016,"Jueves",0,19:45:00,,"0.0",2,"Peatón,Moto/Ciclomotor","Av. Battle y Ordoñez Y San Martin",2,1,0,0,1,0,0,,"Avenida",,"ROSARIO","Rosario","S/D","No existe","II","Dentro","Urbana","Ninguna","Funciona","Intersección","S/D","Buena","Nocturna","S/D","S/D","S/D","Atropello","S/D","Vertical","Cordón divisorio","Sin restricción"
2016,1638,4/22/2016,"Viernes",0,18:10:00,,"0.0",2,"Moto/Ciclomotor,Automóvil","Lainez Y Sadi Carnot",3,1,1,0,1,0,0,,"Calle",,"ROSARIO","Rosario","Asfalto","No existe","II","Dentro","Urbana","Ninguna","No existe","Intersección","Bueno","Buena","Atardecer","Otro","Lateral","S/D","Colisión","S/D","Horizontal","Ninguna","Sin restricción"
2016,1639,4/28/2016,"Jueves",0,8:00:00,,"0.0",2,"Moto/Ciclomotor,Automóvil","Av. Circunvalacion Y Garay",3,2,0,0,1,0,0,,"Avenida",,"ROSARIO","Rosario","Asfalto","Pavimento","II","Dentro","Urbana","Ninguna","No existe","Intersección","Bueno","Buena","Diurna","Buen Tiempo","De alcance","S/D","Atropello","Ninguna","Faltante","Guardarrail","Sin restricción"
2016,1640,4/23/2016,"Sabado",0,1:20:00,,"0.0",2,"Moto/Ciclomotor,Automóvil","Alzugaray Y Pago de los Arroyos",2,0,0,1,1,0,0,,"Calle",,"ROSARIO","Rosario","Asfalto","No existe","II","Dentro","Urbana","S/D","No existe","Intersección","Bueno","Buena","Nocturna","S/D","Lateral","S/D","Colisión","Ninguna","Horizontal","Ninguna","Sin restricción"
2016,1641,4/27/2016,"Miercoles",0,13:30:00,,"0.0",2,"Moto/Ciclomotor,Automóvil","J.M.de Rosas Y Saavedra",2,1,0,0,1,0,0,,"Calle",,"ROSARIO","Rosario","Asfalto","No existe","II","Dentro","Urbana","Ninguna","No existe","Intersección","Bueno","Buena","Diurna","Buen Tiempo","Lateral","S/D","Colisión","Ninguna","Faltante","Ninguna","Sin restricción"
2016,1642,4/1/2016,"Viernes",0,16:00:00,,"0.0",2,"Moto/Ciclomotor,Taxi/Remis","Av. Ovidio Lagos 6700",3,1,0,0,2,0,0,,"Calle",,"ROSARIO","Rosario","Asfalto","Pavimento","II","Dentro","Urbana","Semáforo","Funciona","Intersección","Bueno","Buena","Diurna","Buen Tiempo","Lateral","S/D","Colisión","S/D","Vertical","Cordón divisorio","Sin restricción"
2016,1643,4/24/2016,"Domingo",0,19:15:00,,"0.0",2,"Moto/Ciclomotor,Automóvil","Ayacucho Y Garay",3,2,0,0,1,0,0,,"Calle",,"ROSARIO","Rosario","Asfalto","No existe","II","Dentro","Urbana","Ninguna","No existe","Intersección","Bueno","Buena","Nocturna,Con luz artificial","Buen Tiempo","Lateral","S/D","Colisión","Ninguna","Faltante","Ninguna","Sin restricción"
2016,1644,4/21/2016,"Jueves",0,9:20:00,,"0.0",2,"Moto/Ciclomotor,Automóvil","Av. Ovidio Lagos Y Av. Arijon",2,1,0,0,1,0,0,,"Calle",,"ROSARIO","Rosario","Asfalto","Pavimento","II","Dentro","Urbana","Semáforo","Funciona","Intersección","Bueno","Buena","Diurna","Lluvia","Frontal","S/D","Colisión","S/D","S/D","Cordón divisorio","Sin restricción"
2016,1645,4/25/2016,"Lunes",0,21:20:00,,"0.0",3,"Pickup/Utilitario,Pickup/Utilitario,Moto/Ciclomotor","San Martin 6500",3,1,0,0,2,0,0,,"Calle",,"ROSARIO","Rosario","Asfalto","No existe","II","Dentro","Urbana","S/D","Funciona","Recta","Bueno","Buena","Nocturna","S/D","Múltiple","S/D","Colisión","S/D","Vertical","Línea divisoria pintada","Sin restricción"
2016,1646,4/1/2016,"Viernes",0,16:00:00,,"0.0",2,"Moto/Ciclomotor,Bicicleta","Centeno Y Ayacucho",2,2,0,0,0,0,0,,"Calle",,"ROSARIO","Rosario","Asfalto","No existe","II","Dentro","Urbana","Ninguna","No existe","Intersección","Bueno","Buena","Diurna","Buen Tiempo","S/D","S/D","Atropello","Ninguna","Faltante","Ninguna","Sin restricción"
2016,1647,4/26/2016,"Martes",0,12:55:00,,"0.0",2,"Moto/Ciclomotor,Moto/Ciclomotor","Av. Battle y Ordoñez Y Av. Corrientes",2,1,0,0,1,0,0,,"Avenida",,"ROSARIO","Rosario","Asfalto","No existe","II","Dentro","Urbana","S/D","No existe","Intersección","Bueno","Buena","Diurna","S/D","Lateral","S/D","Colisión","Ninguna","Horizontal","Cordón divisorio","Sin restricción"
2016,1648,4/21/2016,"Jueves",0,18:35:00,,"0.0",2,"Moto/Ciclomotor,Automóvil","Ayacucho Y Ayolas",2,1,0,0,1,0,0,,"Calle",,"ROSARIO","Rosario","Asfalto","No existe","II","Dentro","Urbana","Ninguna","No existe","Intersección","Con baches","Buena","Diurna","Buen Tiempo","De alcance","S/D","Colisión","Ninguna","Faltante","Ninguna","Sin restricción"
2016,1649,4/22/2016,"Viernes",0,,,"0.0",2,"Automóvil,Moto/Ciclomotor","Av. Provincias Unidas Y Pje. Arenales",2,1,0,0,1,0,0,,"Calle",,"ROSARIO","Rosario","Asfalto","No existe","II","Dentro","Urbana","Ninguna","No existe","Intersección","Bueno","Buena","Diurna","Buen Tiempo","Lateral","S/D","Colisión","Ninguna","Faltante","Cordón divisorio","S/D"
2016,1650,4/14/2016,"Jueves",0,16:00:00,,"0.0",2,"Automóvil,Transporte de Pasajeros Urbano (> 8 asientos)","Rueda Y 1 de Mayo",3,1,0,0,2,0,0,,"Calle",,"ROSARIO","Rosario","Asfalto","No existe","II","Dentro","Urbana","Ninguna","No existe","Recta","Bueno","Buena","Diurna","Buen Tiempo","S/D","S/D","Colisión","S/D","Faltante","Ninguna","Sin restricción"
2016,1651,4/18/2016,"Lunes",0,21:00:00,,"0.0",2,"Moto/Ciclomotor,Automóvil","Ayolas Y Maipu",3,2,0,0,1,0,0,,"Calle",,"ROSARIO","Rosario","Asfalto","No existe","II","Dentro","Urbana","Ninguna","No existe","Intersección","Bueno","Buena","Nocturna,Con luz artificial","Buen Tiempo","Lateral","S/D","Colisión","Ninguna","Faltante","Ninguna","Sin restricción"
2016,1652,4/16/2016,"Sabado",0,,,"0.0",2,"Pickup/Utilitario,Moto/Ciclomotor","Av. Brassey Y Donado",2,1,0,0,1,0,0,,"Avenida",,"ROSARIO","Rosario","Asfalto","No existe","II","Dentro","Urbana","S/D","No existe","Intersección","Bueno","Buena","Diurna","Buen Tiempo","Lateral","S/D","Colisión","S/D","Faltante","S/D","S/D"
2016,1653,4/16/2016,"Sabado",0,13:45:00,,"0.0",2,"Moto/Ciclomotor,Automóvil","Ayacucho Y Saavedra",2,1,0,0,1,0,0,,"Calle",,"ROSARIO","Rosario","Asfalto","No existe","II","Dentro","Urbana","Ninguna","No existe","Intersección","Bueno","Buena","Diurna","Buen Tiempo","Lateral","S/D","Colisión","Ninguna","Faltante","Ninguna","Sin restricción"
2016,1654,4/13/2016,"Miercoles",0,12:10:00,,"0.0",2,"Moto/Ciclomotor,Peatón","Necochea Y Bv. Segui",2,2,0,0,0,0,0,,"Calle",,"ROSARIO","Rosario","Asfalto","No existe","II","Dentro","Urbana","Ninguna","No existe","Intersección","Bueno","Buena","Diurna","Buen Tiempo","Lateral","S/D","Atropello","S/D","Faltante","Ninguna","Sin restricción"
2016,1655,4/10/2016,"Domingo",0,21:40:00,,"0.0",2,"Moto/Ciclomotor,Automóvil","Bv. Segui Y Laprida",2,1,0,0,1,0,0,,"Calle",,"ROSARIO","Rosario","Asfalto","No existe","II","Dentro","Urbana","Ninguna","No existe","Intersección","Bueno","Buena","Nocturna,Con luz artificial","Buen Tiempo","Lateral","S/D","Colisión","S/D","Faltante","Ninguna","Sin restricción"
2016,1656,4/10/2016,"Domingo",0,14:00:00,,"0.0",2,"Moto/Ciclomotor,Automóvil","Alsina 1100",2,1,0,0,1,0,0,,"Calle",,"ROSARIO","Rosario","S/D","S/D","II","Dentro","Urbana","S/D","S/D","Intersección","S/D","Buena","Diurna","Buen Tiempo","Lateral","S/D","Colisión","S/D","S/D","S/D","S/D"
2016,1657,4/5/2016,"Martes",0,8:10:00,,"0.0",2,"Moto/Ciclomotor,Automóvil","Ayacucho Y 24 De Setiembre",2,1,0,0,1,0,0,,"Calle",,"ROSARIO","Rosario","Asfalto","No existe","II","Dentro","Urbana","Ninguna","No existe","Intersección","Bueno","Buena","Diurna","Buen Tiempo","Lateral","S/D","Colisión","S/D","Faltante","Ninguna","Sin restricción"
2016,1658,4/18/2016,"Lunes",0,,,"0.0",2,"Peatón,Automóvil","Constitucion 1600",2,1,0,0,0,0,1,,"S/D",,"ROSARIO","Rosario","S/D","S/D","II","S/D","S/D","S/D","S/D","S/D","S/D","S/D","S/D","S/D","S/D","S/D","Atropello","S/D","S/D","S/D","S/D"
2016,1659,4/1/2016,"Viernes",0,18:00:00,,"0.0",2,"Automóvil,Moto/Ciclomotor","San Juan 3400",3,1,1,0,1,0,0,,"Calle",,"ROSARIO","Rosario","Asfalto","S/D","II","Dentro","Urbana","S/D","S/D","S/D","Bueno","S/D","Diurna","Lluvia","De alcance","S/D","Colisión","Ninguna","Faltante","S/D","Sin restricción"
2016,1660,4/11/2016,"Lunes",0,11:40:00,,"0.0",2,"Automóvil,Automóvil","Mendoza Y Rodriguez",2,1,0,0,1,0,0,,"Calle",,"ROSARIO","Rosario","S/D","S/D","II","Dentro","Urbana","S/D","S/D","Intersección","S/D","Buena","Diurna","Buen Tiempo","Lateral","S/D","Colisión","S/D","S/D","S/D","S/D"
2016,1661,4/14/2016,"Jueves",0,12:00:00,,"0.0",2,"Moto/Ciclomotor,Automóvil","Santiago Y San Luis",2,1,0,0,1,0,0,,"Calle",,"ROSARIO","Rosario","S/D","S/D","II","Dentro","Urbana","S/D","S/D","Intersección","S/D","Buena","Diurna","Buen Tiempo","Lateral","S/D","Colisión","S/D","S/D","S/D","S/D"
2016,1662,4/14/2016,"Jueves",0,9:00:00,,"0.0",2,"Peatón,Automóvil","San Luis Y Pueyrredon",2,1,0,0,1,0,0,,"Calle",,"ROSARIO","Rosario","S/D","S/D","II","Dentro","Urbana","S/D","No existe","Intersección","S/D","Buena","Diurna","Buen Tiempo","S/D","S/D","Atropello","S/D","S/D","S/D","S/D"
2016,1663,4/5/2016,"Martes",0,14:30:00,,"0.0",2,"Automóvil,Bicicleta","Salta Y Mariano Moreno",2,1,0,0,1,0,0,,"Calle",,"ROSARIO","Rosario","Asfalto","No existe","II","Dentro","Urbana","Ninguna","No existe","Intersección","Bueno","Buena","Diurna","Buen Tiempo","S/D","S/D","Atropello","Otro","Faltante","Ninguna","Sin restricción"
2016,1664,4/5/2016,"Martes",0,17:20:00,,"0.0",2,"Automóvil,Automóvil","Bv. Oroño Y Catamarca",2,1,0,0,1,0,0,,"Avenida",,"ROSARIO","Rosario","Asfalto","No existe","II","Dentro","Urbana","S/D","Funciona","Intersección","Bueno","Buena","Diurna","Buen Tiempo","Lateral","S/D","Colisión","S/D","Vertical","S/D","S/D"
2016,1665,4/7/2016,"Jueves",0,10:00:00,,"0.0",2,"Peatón,Automóvil","9 De Julio Y Balcarce",2,1,0,0,1,0,0,,"Calle",,"ROSARIO","Rosario","Asfalto","No existe","II","Dentro","Urbana","Semáforo","Funciona","Recta","Bueno","Buena","Diurna","Buen Tiempo","S/D","S/D","Atropello","S/D","S/D","Cordón divisorio","Sin restricción"
2016,1666,4/11/2016,"Lunes",0,13:30:00,,"0.0",2,"Bicicleta,Automóvil","San Martin Y San Lorenzo",2,1,0,0,1,0,0,,"Calle",,"ROSARIO","Rosario","Asfalto","No existe","II","Dentro","Urbana","Ninguna","Funciona","Intersección","Bueno","Buena","Diurna","Buen Tiempo","S/D","S/D","Atropello","S/D","Horizontal","Ninguna","Sin restricción"
2016,1667,4/7/2016,"Jueves",0,14:30:00,,"0.0",2,"Automóvil,Peatón","Italia Y Mendoza",2,1,0,0,1,0,0,,"Calle",,"ROSARIO","Rosario","Asfalto","S/D","II","Dentro","Urbana","Semáforo","S/D","Recta","Bueno","S/D","Diurna","Buen Tiempo","S/D","S/D","Atropello","S/D","Vertical","Cordón divisorio","Sin restricción"
2016,1668,4/27/2016,"Miercoles",0,14:00:00,,"0.0",2,"Peatón,Automóvil","Pje. Ricardone Y Pje. Arata",2,1,0,0,1,0,0,,"Calle",,"ROSARIO","Rosario","Asfalto","Pavimento","II","Dentro","Urbana","S/D","No existe","Intersección","Bueno","Buena","Diurna","Buen Tiempo","S/D","S/D","Atropello","S/D","Faltante","Cordón divisorio","Sin restricción"
2016,1669,4/13/2016,"Miercoles",0,,,"0.0",2,"Moto/Ciclomotor,Automóvil","Santa Fe Y Santiago",2,1,0,0,1,0,0,,"Calle",,"ROSARIO","Rosario","Asfalto","No existe","II","Dentro","Urbana","Semáforo","Funciona","Intersección","Bueno","Buena","Diurna","Buen Tiempo","Lateral","S/D","Colisión","S/D","Vertical","Cordón divisorio","Sin restricción"
2016,1670,4/10/2016,"Domingo",0,20:00:00,,"0.0",2,"Taxi/Remis,Automóvil","San Martin 1200",2,1,0,0,1,0,0,,"Calle",,"ROSARIO","Rosario","Asfalto","No existe","II","Dentro","Urbana","Ninguna","No existe","S/D","Resbaladiza","Buena","Nocturna,Con luz artificial","Lluvia","S/D","S/D","Colisión","S/D","S/D","Cordón divisorio","Sin restricción"
2016,1671,4/11/2016,"Lunes",0,17:00:00,,"0.0",3,"Automóvil,Automóvil,Automóvil","Av. Illia Y Sarmiento",3,1,0,0,2,0,0,,"Calle",,"ROSARIO","Rosario","Asfalto","No existe","II","Dentro","Urbana","Ninguna","Funciona","Intersección","Bueno","Buena","Diurna","Buen Tiempo","Múltiple","S/D","Colisión","S/D","Faltante","S/D","Sin restricción"
2016,1672,4/17/2016,"Domingo",0,12:30:00,,"0.0",2,"Automóvil,Automóvil","Urquiza Y Sgto Cabral",2,1,0,0,1,0,0,,"Calle",,"ROSARIO","Rosario","Asfalto","No existe","II","Dentro","Urbana","Ninguna","No existe","Intersección","Bueno","Buena","Diurna","Buen Tiempo","Lateral","S/D","Colisión","S/D","Faltante","S/D","Sin restricción"
2016,1673,4/18/2016,"Lunes",0,10:40:00,,"0.0",1,"Automóvil","Urquiza Y San Martin",2,1,0,0,1,0,0,,"Calle",,"ROSARIO","Rosario","Asfalto","Pavimento","II","Dentro","Urbana","Ninguna","Funciona","Intersección","Bueno","Buena","Diurna","Buen Tiempo","Contra objeto fijo","S/D","Colisión","Otro","Vertical","Ninguna","Sin restricción"
2016,1674,4/11/2016,"Lunes",0,16:00:00,,"0.0",2,"Moto/Ciclomotor,Peatón","Av. Pellegrini 900",2,1,0,0,1,0,0,,"Calle",,"ROSARIO","Rosario","Asfalto","S/D","II","Dentro","Urbana","Semáforo","S/D","Recta","Bueno","Buena","Diurna","S/D","S/D","S/D","Atropello","S/D","S/D","Barrera de alto impacto","S/D"
2016,1675,4/21/2016,"Jueves",0,15:30:00,,"0.0",2,"Bicicleta,Transporte de Pasajeros Urbano (> 8 asientos)","Urquiza Y Av. Corrientes",2,1,0,0,1,0,0,,"Calle",,"ROSARIO","Rosario","Asfalto","No existe","II","Dentro","Urbana","S/D","Funciona","Intersección","S/D","Buena","Diurna","Buen Tiempo","S/D","S/D","Atropello","S/D","Vertical","Ninguna","Sin restricción"
2016,1676,4/27/2016,"Miercoles",0,20:00:00,,"0.0",2,"Moto/Ciclomotor,Pickup/Utilitario","San Juan Y Dorrego",2,1,0,0,1,0,0,,"Calle",,"ROSARIO","Rosario","Asfalto","Pavimento","II","Dentro","Urbana","S/D","No existe","Intersección","Bueno","Buena","Nocturna,Con luz artificial","Buen Tiempo","Lateral","S/D","Colisión","S/D","Faltante","Cordón divisorio","Sin restricción"
2016,1677,4/1/2016,"Viernes",0,12:00:00,,"0.0",2,"Bicicleta,Automóvil","Mendoza Y Italia",2,1,0,0,1,0,0,,"Calle",,"ROSARIO","Rosario","Asfalto","Pavimento","II","Dentro","Urbana","S/D","Funciona","Intersección","Bueno","Buena","Diurna","Buen Tiempo","S/D","S/D","Atropello","S/D","Horizontal","Ninguna","Sin restricción"
2016,1678,4/10/2016,"Domingo",0,2:45:00,,"0.0",2,"Automóvil,Taxi/Remis","Av. Pellegrini Y San Martin",2,1,0,0,1,0,0,,"Avenida",,"ROSARIO","Rosario","Asfalto","No existe","II","Dentro","Urbana","Semáforo","Funciona","Intersección","Bueno","Buena","Nocturna,Con luz artificial","Buen Tiempo","Lateral","S/D","Colisión","S/D","S/D","Cordón divisorio","Sin restricción"
2016,1679,4/7/2016,"Jueves",0,13:00:00,,"0.0",2,"Peatón,Automóvil","Cordoba Y Alvear",2,1,0,0,1,0,0,,"Calle",,"ROSARIO","Rosario","Asfalto","No existe","II","Dentro","Urbana","Semáforo","Funciona","Intersección","Bueno","Buena","Diurna","Buen Tiempo","S/D","S/D","Atropello","S/D","Vertical","Cordón divisorio","Sin restricción"
2016,1680,4/11/2016,"Lunes",0,17:32:00,,"0.0",2,"Automóvil,Moto/Ciclomotor","España 1600",2,1,0,0,1,0,0,,"Calle",,"ROSARIO","Rosario","Asfalto","Pavimento","II","Dentro","Urbana","Semáforo","Funciona","Recta","Bueno","Buena","Diurna","Buen Tiempo","De alcance","S/D","Colisión","S/D","Vertical","Cordón divisorio","Sin restricción"
2016,1681,4/24/2016,"Domingo",0,18:45:00,,"0.0",2,"Automóvil,Moto/Ciclomotor","12 DE OCTUBRE 2050",2,1,0,0,1,0,0,,"Calle",,"PUEBLO ESTHER","Rosario","Asfalto","Pavimento","II","Dentro","Urbana","Ninguna","No existe","Recta","Bueno","Buena","Atardecer","Buen Tiempo","De alcance","S/D","Colisión","S/D","Faltante","Ninguna","Sin restricción"
2016,1682,4/13/2016,"Miercoles",0,17:45:00,,"0.0",2,"Bicicleta,Taxi/Remis","Montevideo Y Buenos Aires",2,1,0,0,1,0,0,,"Calle",,"ROSARIO","Rosario","Asfalto","S/D","II","Dentro","Urbana","S/D","S/D","Intersección","Bueno","Buena","Diurna","Buen Tiempo","Lateral","S/D","Atropello","S/D","S/D","Barrera de alto impacto","S/D"
2016,1683,4/16/2016,"Sabado",0,19:55:00,"Ruta Provincial 21","282.0",2,"Automóvil,Pickup/Utilitario"," ",2,1,0,0,1,0,0,,"Ruta",21,"PUEBLO ESTHER","Rosario","Asfalto","No existe","II","Dentro","Urbana","Ninguna","No existe","Recta","Bueno","Buena","Atardecer","Buen Tiempo","Lateral","S/D","Colisión","S/D","Faltante","Ninguna","Sin restricción"
2016,1684,4/4/2016,"Lunes",0,21:55:00,,"0.0",2,"Moto/Ciclomotor,Automóvil","Av. Pellegrini Y Larrea",2,1,0,0,1,0,0,,"Avenida",,"ROSARIO","Rosario","Asfalto","No existe","II","Dentro","Urbana","S/D","Funciona","Intersección","Bueno","Buena","Nocturna","Buen Tiempo","Lateral","S/D","Colisión","S/D","S/D","S/D","S/D"
2016,1685,4/18/2016,"Lunes",0,17:00:00,,"0.0",2,"Automóvil,Moto/Ciclomotor","J.M.de Rosas Y 3 De Febrero",3,1,0,0,2,0,0,,"Calle",,"ROSARIO","Rosario","Asfalto","S/D","II","Dentro","Urbana","S/D","S/D","Intersección","Bueno","Buena","Diurna","Buen Tiempo","Lateral","S/D","Colisión","S/D","S/D","Cordón divisorio","S/D"
2016,1686,4/10/2016,"Domingo",0,22:35:00,,"0.0",2,"Moto/Ciclomotor,Automóvil","San Juan Y F.More",2,1,0,0,1,0,0,,"Calle",,"ROSARIO","Rosario","Asfalto","No existe","II","Dentro","Urbana","S/D","Funciona","Intersección","Bueno","Buena","Nocturna","Buen Tiempo","Lateral","S/D","Colisión","S/D","S/D","S/D","S/D"
2016,1687,4/13/2016,"Miercoles",0,20:30:00,,"0.0",2,"Moto/Ciclomotor,Moto/Ciclomotor","Montevideo Y Alvarado",2,1,0,0,1,0,0,,"Calle",,"ROSARIO","Rosario","Asfalto","S/D","II","Dentro","Urbana","S/D","S/D","Intersección","Bueno","Buena","Nocturna","Buen Tiempo","Lateral","S/D","Colisión","S/D","S/D","S/D","S/D"
2016,1688,4/16/2016,"Sabado",0,9:00:00,,"0.0",2,"Automóvil,Moto/Ciclomotor","9 De Julio Y Alsina",2,1,0,0,1,0,0,,"Calle",,"ROSARIO","Rosario","S/D","S/D","II","Dentro","Urbana","S/D","S/D","S/D","S/D","S/D","Diurna","S/D","S/D","S/D","Colisión","S/D","S/D","S/D","S/D"
2016,1689,4/15/2016,"Viernes",0,20:16:00,,"0.0",2,"Pickup/Utilitario,Moto/Ciclomotor","Pascual Rosas 1200",4,1,0,0,3,0,0,,"Calle",,"ROSARIO","Rosario","S/D","S/D","II","Dentro","Urbana","S/D","S/D","S/D","S/D","Buena","Diurna","S/D","S/D","S/D","Colisión","S/D","S/D","S/D","S/D"
2016,1690,4/14/2016,"Jueves",0,22:30:00,,"0.0",2,"Moto/Ciclomotor,Automóvil","Rio Negro Y Av. Provincias Unidas",2,1,0,0,1,0,0,,"Avenida",,"ROSARIO","Rosario","Asfalto","S/D","II","Dentro","Urbana","S/D","S/D","Intersección","Bueno","Buena","Nocturna","Buen Tiempo","Lateral","S/D","Colisión","S/D","S/D","S/D","S/D"
2016,1691,4/7/2016,"Jueves",0,6:15:00,"Ruta Provincial 21","287.0",2,"Moto/Ciclomotor,Automóvil"," ",2,2,0,0,0,0,0,,"Ruta",21,"ALVEAR","Rosario","Asfalto","Natural","II","Dentro","Rural","Ninguna","No existe","Recta","Bueno","Buena","Amanecer","Lluvia","Lateral","S/D","Colisión","S/D","Faltante","Línea divisoria pintada","Obra en Construcción"
2016,1692,4/29/2016,"Viernes",0,19:00:00,,"0.0",2,"Moto/Ciclomotor,Automóvil","Biedma Y Roullon",2,1,0,0,1,0,0,,"Avenida",,"ROSARIO","Rosario","S/D","No existe","II","Dentro","Urbana","Ninguna","No existe","Intersección","Otro","Buena","Atardecer","Otro","Lateral","S/D","Colisión","Otro","Faltante","Barrera de hormigón","Sin restricción"
2016,1693,4/19/2016,"Martes",0,12:00:00,,"0.0",3,"Automóvil,Taxi/Remis,Automóvil","Bv. Avellaneda Y Mendoza",7,4,0,0,3,0,0,,"Calle",,"ROSARIO","Rosario","S/D","S/D","II","Dentro","Urbana","S/D","S/D","S/D","S/D","S/D","Diurna","S/D","Múltiple","S/D","Colisión","S/D","S/D","S/D","S/D"
2016,1694,4/21/2016,"Jueves",0,6:45:00,,"0.0",2,"Transporte de Pasajeros Urbano (> 8 asientos),Automóvil","Bv. Segui 5350",3,1,0,0,2,0,0,,"S/D",,"ROSARIO","Rosario","S/D","No existe","II","Dentro","Urbana","Ninguna","No existe","Recta","Bueno","Buena","Amanecer","Otro","Lateral","S/D","Colisión","Otro","Faltante","Barrera de hormigón","Sin restricción"