"anio_acci","nro_acci","fecha","desc_dia","fecha_aprox","hora_aprox","desc_ruta","km","cant_participantes","desc_participante","calle_avenida_km","total","heridos_leves","heridos_graves","heridos_gravisimos","ilesos","fallecidos","sin_datos","posicion_XY","desc_tipo_via","desc_ruta_ori","desc_loc","desc_dpto","desc_tipo_calzada","desc_tipo_banquina","desc_unidad_regional","desc_lugar_calzada","desc_zona","desc_prioridad","desc_estado_semaforo","desc_lugar_via","desc_estado_via","desc_estado_visibilidad","desc_luminosidad","desc_estado_clima","desc_tipo_colision","desc_tipo_atropello","desc_tipo_hecho","desc_pres_calzada","desc_senializacion","desc_separacion_via","desc_restriccion"
2016,1695,4/1/2016,"Viernes",0,22:00:00,,"0.0",2,"Moto/Ciclomotor,Automóvil","Matienzo Y Galvez",2,1,0,0,0,0,1,,"S/D",,"ROSARIO","Rosario","S/D","No existe","II","Dentro","Urbana","Ninguna","No existe","Intersección","Otro","Buena","Nocturna,Con luz artificial","Otro","Lateral","S/D","Colisión","Ninguna","Faltante","Barrera de hormigón","Sin restricción"
2016,1696,4/23/2016,"Sabado",0,9:00:00,,"0.0",2,"Moto/Ciclomotor,Automóvil","Roullon Y Gaboto",2,1,0,0,1,0,0,,"Calle",,"ROSARIO","Rosario","Hormigón","No existe","II","Dentro","Urbana","Ninguna","No existe","Intersección","Bueno","Buena","Diurna","Otro","Lateral","S/D","Colisión","Ninguna","Faltante","Barrera de hormigón","Sin restricción"
2016,1697,4/18/2016,"Lunes",0,15:00:00,,"0.0",2,"Moto/Ciclomotor,Automóvil","Matienzo 2400",2,1,0,0,1,0,0,,"S/D",,"ROSARIO","Rosario","S/D","No existe","II","Dentro","Urbana","Ninguna","No existe","Intersección","S/D","Buena","Diurna","Otro","Lateral","S/D","Colisión","S/D","Faltante","Barrera de hormigón","Sin restricción"
2016,1698,1/15/2016,"Viernes",0,20:40:00,,"0.0",2,"Moto/Ciclomotor,Peatón","San Martin 352",2,2,0,0,0,0,0,,"Calle",,"SAN GENARO","San Jerónimo","Asfalto","No existe","XV","Dentro","Urbana","Ninguna","No existe","Recta","Bueno","Buena","Diurna","Buen Tiempo","S/D","S/D","Atropello","S/D","Horizontal","Ninguna","Sin restricción"
2016,1699,1/13/2016,"Miercoles",0,20:30:00,,"0.0",2,"Automóvil,Bicicleta","San Martin Y Belgrano",3,2,0,0,1,0,0,,"Calle",,"CAÑADA ROSQUÍN","San Martín","Asfalto","Natural","XVIII","Dentro","Urbana","Otra Señal","No existe","Intersección","Bueno","Buena","Nocturna","Buen Tiempo","Lateral","S/D","Atropello","S/D","Vertical","Ninguna","Sin restricción"
2016,1700,1/16/2016,"Sabado",0,,,"0.0",2,"Moto/Ciclomotor,Moto/Ciclomotor","Carlos Doce Y Malvinas Argentinas Av",2,2,0,0,0,0,0,,"Calle",,"CAÑADA ROSQUÍN","San Martín","Asfalto","Ripio","XVIII","Dentro","Urbana","Otra Señal","No existe","Rotonda","Bueno","Reducida p/ objetos","Diurna","Buen Tiempo","Frontal","S/D","Colisión","S/D","Vertical","Ninguna","Sin restricción"
2016,1701,1/25/2016,"Lunes",0,16:40:00,,"0.0",2,"Pickup/Utilitario,Moto/Ciclomotor","Buenos Aires Y 9 de Julio",3,2,0,0,1,0,0,,"Calle",,"CAÑADA ROSQUÍN","San Martín","Asfalto","Natural","XVIII","Dentro","Urbana","Otra Señal","No existe","Intersección","Bueno","Buena","Diurna","Buen Tiempo","Lateral","S/D","Colisión","S/D","Vertical","Ninguna","Sin restricción"
2016,1702,3/7/2016,"Lunes",0,11:45:00,,"0.0",2,"Bicicleta,Automóvil","Gral Roca Y N Avellaneda",2,1,0,0,1,0,0,,"Calle",,"CARLOS PELLEGRINI","San Martín","Hormigón","S/D","XVIII","S/D","Urbana","S/D","No existe","Recta","Bueno","Buena","Diurna","Buen Tiempo","S/D","S/D","Atropello","S/D","S/D","Ninguna","Sin restricción"
2016,1703,1/25/2016,"Lunes",0,14:05:00,"Ruta Provincial 66","99.0",2,"Camión,Camión"," ",2,1,0,0,1,0,0,,"Ruta",66,"LANDETA","San Martín","Asfalto","Natural","XVIII","Dentro","Urbana","Ninguna","No existe","Recta","Bueno","Buena","Diurna","Buen Tiempo","De alcance","S/D","Colisión","S/D","Horizontal,Vertical","Línea divisoria pintada","Sin restricción"
2016,1704,3/16/2016,"Miercoles",0,15:30:00,,"0.0",1,"Moto/Ciclomotor","Sarmiento 3000",1,0,1,0,0,0,0,,"Calle",,"SAN JUSTO","San Justo","Tierra","No existe","XVI","S/D","Urbana","Ninguna","S/D","Recta","Bueno","S/D","S/D","Buen Tiempo","S/D","S/D","Caída ocupante","Ninguna","Vertical","Ninguna","Sin restricción"
2016,1705,2/21/2016,"Domingo",0,6:30:00,,"0.0",2,"Tractor,Automóvil","N Avellaneda Y Gral Roca",4,1,0,0,3,0,0,,"Calle",,"CARLOS PELLEGRINI","San Martín","Asfalto","S/D","XVIII","Dentro","Urbana","Ninguna","No existe","Recta","Bueno","Buena","Diurna","Buen Tiempo","S/D","S/D","Colisión","S/D","Horizontal","Barrera de hormigón","Sin restricción"
2016,1706,2/26/2016,"Viernes",0,17:50:00,,"0.0",1,"Moto/Ciclomotor","IRIGOYEN Y JJ PASO",1,1,0,0,0,0,0,,"Calle",,"FORTÍN OLMOS","Vera","Asfalto","Ripio","XIX","Dentro","Urbana","Ninguna","No existe","Intersección","Bueno","Buena","Diurna","Buen Tiempo","S/D","S/D","Caída ocupante","Agua","S/D","Ninguna","Sin restricción"
2016,1707,3/5/2016,"Sabado",0,11:05:00,"Ruta Nacional 11","630.7",1,"Automóvil"," ",3,3,0,0,0,0,0,,"Ruta",11,"LA CRIOLLA","San Justo","Asfalto","Natural","XVI","Fuera","Rural","Marca Vial","No existe","Recta","Bueno","Buena","Diurna","Buen Tiempo","Otro","S/D","Vuelco","Ninguna","Faltante","Línea divisoria pintada","Sin restricción"
2016,1708,1/3/2016,"Domingo",0,16:50:00,"Ruta Nacional 34","0.0",2,"Transporte Escolar,Camión"," ",6,1,0,0,0,0,5,,"Ruta",34,"SAN GENARO","San Jerónimo","Asfalto","Natural","XV","Dentro","Urbana","Señal Ceda el Paso","No existe","Cruce","Bueno","Buena","Diurna","Buen Tiempo","Lateral","S/D","Colisión","S/D","Horizontal","Ninguna","Sin restricción"
2016,1709,1/30/2016,"Sabado",0,21:30:00,"Ruta Provincial 65","42.0",2,"Moto/Ciclomotor,Moto/Ciclomotor"," ",2,1,1,0,0,0,0,,"Ruta",65,"SAN GENARO","San Jerónimo","Asfalto","Pavimento","XV","Dentro","Urbana","Semáforo","Funciona","Recta","Bueno","Buena","Nocturna","Buen Tiempo","Lateral","S/D","Colisión","S/D","S/D","Línea divisoria pintada","Sin restricción"
2016,1710,3/23/2016,"Miercoles",0,11:40:00,,"0.0",2,"Automóvil,Pickup/Utilitario","Rivadavia Y Italia",2,1,0,0,1,0,0,,"Calle",,"ALCORTA","Constitución","Asfalto","S/D","VI","Dentro","Urbana","Ninguna","No existe","Intersección","Bueno","Buena","Diurna","Buen Tiempo","Lateral","S/D","Colisión","Ninguna","Faltante","Ninguna","Sin restricción"
2016,1711,3/6/2016,"Domingo",0,20:50:00,"Ruta Provincial 3","12.0",1,"Moto/Ciclomotor"," ",1,1,0,0,0,0,0,,"Ruta",3,"VERA","Vera","Asfalto","Natural","XIX","S/D","Rural","Ninguna","No existe","Recta","Bueno","Reducida","Atardecer","Buen Tiempo","Atropello animal","S/D","Caída ocupante","Ninguna","Faltante","Ninguna","Sin restricción"
2016,1712,3/6/2016,"Domingo",0,21:15:00,,"0.0",2,"Moto/Ciclomotor,Moto/Ciclomotor","Urquiza Y E Aleman",2,2,0,0,0,0,0,,"Calle",,"VERA","Vera","Tierra","Natural","XIX","S/D","Urbana","Ninguna","No existe","Intersección","Bueno","Reducida","Nocturna","Buen Tiempo","Otro","S/D","Colisión","Ninguna","Faltante","Vegetación","Sin restricción"
2016,1713,3/19/2016,"Sabado",0,6:00:00,,"0.0",1,"Automóvil"," ",2,1,0,0,1,0,0,,"Calle",,"LAZZARINO","General López","Tierra","No existe","VIII","Dentro","Urbana","Ninguna","No existe","Intersección","Bueno","Buena","Nocturna","Buen Tiempo","S/D","S/D","Despiste","S/D","S/D","Ninguna","Sin restricción"
2016,1714,3/9/2016,"Miercoles",0,3:00:00,"Ruta Nacional 33","568.0",2,"Otros,Bicicleta"," ",2,0,1,0,0,0,1,,"Ruta",33,"AMENABAR","General López","Asfalto","Natural","VIII","Dentro","Urbana","Ninguna","No existe","Recta","Bueno","Reducida","Nocturna","Niebla","De alcance","S/D","Atropello","S/D","S/D","Línea divisoria pintada","Sin restricción"
2016,1715,3/19/2016,"Sabado",0,5:40:00,,"0.0",2,"Automóvil,Moto/Ciclomotor","Doctor Arturo Gudelli Y Rivadavia",3,2,0,0,1,0,0,,"Calle",,"AMENABAR","General López","Asfalto","S/D","VIII","Dentro","Urbana","Ninguna","No existe","Recta","Con baches","Buena","Nocturna,Con luz artificial","Buen Tiempo","Frontal","S/D","Colisión","S/D","Faltante","Ninguna","Sin restricción"
2016,1716,3/13/2016,"Domingo",0,12:30:00,,"0.0",1,,"Calle 7 Y Calle 18",2,1,0,0,1,0,0,,"Calle",,"LAS PETACAS","San Martín","Asfalto","Pavimento","XVIII","Dentro","Urbana","Ninguna","No existe","Intersección","Con baches","Buena","Diurna","Buen Tiempo","Lateral","S/D","Colisión","S/D","Faltante","Cordón divisorio","Sin restricción"
2016,1717,3/13/2016,"Domingo",0,12:30:00,,"0.0",2,"Otros,Moto/Ciclomotor","Calle 7 Y Calle 18",2,1,0,0,1,0,0,,"Calle",,"LAS PETACAS","San Martín","Asfalto","Pavimento","XVIII","Dentro","Urbana","Ninguna","No existe","Intersección","Con baches","Buena","Diurna","Buen Tiempo","Lateral","S/D","Colisión","S/D","Faltante","Cordón divisorio","Sin restricción"
2016,1718,3/20/2016,"Domingo",0,1:55:00,,"0.0",2,"Moto/Ciclomotor,Pickup/Utilitario","N Avellaneda 760",2,1,0,0,1,0,0,,"Calle",,"CARLOS PELLEGRINI","San Martín","Hormigón","No existe","XVIII","Dentro","Urbana","Ninguna","No existe","Recta","Bueno","Buena","Nocturna,Con luz artificial","Buen Tiempo","De alcance","S/D","Colisión","S/D","S/D","Cordón divisorio","Sin restricción"
2016,1719,3/5/2016,"Sabado",0,3:35:00,"Ruta Provincial 14","78.0",2,"Automóvil,Camión"," ",2,1,0,0,1,0,0,,"Ruta",14,"BOMBAL","Constitución","Asfalto","Natural","VI","Dentro","Urbana","Ninguna","No existe","Curva","Bueno","Buena","Nocturna,Con luz artificial","Buen Tiempo","Lateral","S/D","Colisión","S/D","Vertical","Ninguna","Sin restricción"
2016,1720,3/17/2016,"Jueves",0,19:50:00,,"0.0",2,"Moto/Ciclomotor,Pickup/Utilitario","Pbro D Segundo Y Rio Negro",2,1,0,0,1,0,0,,"Calle",,"VILLA CONSTITUCIÓN","Constitución","Asfalto","No existe","VI","Dentro","Urbana","Ninguna","No existe","Intersección","Bueno","Buena","Atardecer","Buen Tiempo","Lateral","S/D","Colisión","S/D","Faltante","Ninguna","Sin restricción"
2016,1721,3/2/2016,"Miercoles",0,12:30:00,"Ruta Provincial 21","0.0",2,"Automóvil,Automóvil","Sivori ",3,1,0,0,2,0,0,,"Ruta",21,"VILLA CONSTITUCIÓN","Constitución","Asfalto","Pavimento","VI","Dentro","Urbana","Ninguna","No existe","Intersección","Deteriorada","Buena","Diurna","Buen Tiempo","Lateral","S/D","Colisión","S/D","Faltante","Ninguna","Sin restricción"
2016,1722,3/3/2016,"Jueves",0,2:15:00,"Autopista Nacional Gral. Juan Jose Valle","0.0",1,"Pickup/Utilitario"," ",2,1,0,0,1,0,0,,"Autopista","Gral. Juan Jose Valle","VILLA CONSTITUCIÓN","Constitución","Asfalto","No existe","VI","Dentro","Rural","Ninguna","No existe","Recta","Deteriorada","Buena","Nocturna","Buen Tiempo","S/D","S/D","Vuelco","S/D","Faltante","Ninguna","Sin restricción"
2016,1723,3/5/2016,"Sabado",0,19:10:00,,"0.0",1,"Moto/Ciclomotor","Simon Bolivar Y Tierra del Fuego",2,2,0,0,0,0,0,,"Calle",,"VILLA CONSTITUCIÓN","Constitución","Asfalto","Pavimento","VI","Dentro","Urbana","Ninguna","No existe","Intersección","Bueno","Buena","Atardecer","Buen Tiempo","S/D","S/D","Caída ocupante","S/D","Faltante","Ninguna","Sin restricción"
2016,1724,1/26/2016,"Martes",0,12:10:00,"Ruta Nacional 33","0.0",2,"Moto/Ciclomotor,Camión","Juan B Justo ",3,2,0,0,1,0,0,,"Ruta",33,"PUJATO","San Lorenzo","Asfalto","S/D","XVII","Dentro","Urbana","S/D","S/D","Intersección","Bueno","Buena","Diurna","Buen Tiempo","Lateral","S/D","Colisión","S/D","S/D","S/D","S/D"
2016,1725,1/18/2016,"Lunes",0,19:05:00,,"0.0",1,"Moto/Ciclomotor"," ",1,1,0,0,0,0,0,,"Calle",,"CHOVET","General López","S/D","S/D","VIII","Dentro","Urbana","S/D","S/D","S/D","S/D","Buena","Atardecer","Buen Tiempo","S/D","S/D","Caída ocupante","S/D","S/D","S/D","S/D"
2016,1726,1/16/2016,"Sabado",0,19:20:00,,"0.0",2,"Moto/Ciclomotor,Automóvil","PARAJE EL PROGRESO ",3,0,1,0,2,0,0,,"Calle",,"ALEJANDRA","San Javier","S/D","S/D","XIV","Dentro","Urbana","S/D","S/D","Distribuidor","S/D","Buena","Atardecer","Buen Tiempo","S/D","S/D","Colisión","S/D","S/D","S/D","S/D"
2016,1727,1/10/2016,"Domingo",0,9:00:00,,"0.0",2,"Moto/Ciclomotor,Automóvil","Bv. Segui Y Crespo",2,0,0,0,1,1,0,"-32.973686, -60.676502","Avenida",,"ROSARIO","Rosario","Asfalto","S/D","II","Dentro","Urbana","S/D","S/D","Intersección","Bueno","Buena","Diurna","Buen Tiempo","Lateral","S/D","Colisión","S/D","S/D","S/D","S/D"
2016,1728,1/5/2016,"Martes",0,13:00:00,,"0.0",2,"Moto/Ciclomotor,Pickup/Utilitario","Lamadrid Y Almafuerte",3,2,0,0,1,0,0,,"Calle",,"RAFAELA","Castellanos","S/D","S/D","V","Dentro","Urbana","S/D","S/D","Intersección","S/D","S/D","Diurna","Buen Tiempo","Lateral","S/D","Colisión","S/D","S/D","S/D","S/D"
2016,1729,3/31/2016,"Jueves",0,14:00:00,,"0.0",1,"Otros","Gral Lopez Y Sarmiento",1,1,0,0,0,0,0,,"Calle",,"TEODELINA","General López","Ripio","Natural","VIII","Dentro","Urbana","Ninguna","No existe","Intersección","Con baches","Buena","Diurna","Buen Tiempo","S/D","S/D","S/D","Otro","Faltante","Ninguna","Sin restricción"
2016,1730,3/1/2016,"Martes",0,12:50:00,,"0.0",2,"Moto/Ciclomotor,Automóvil","Lisandro de la Torre Y Independencia",2,1,0,0,0,0,1,,"Calle",,"VILLA CONSTITUCIÓN","Constitución","Asfalto","Pavimento","VI","Dentro","Urbana","Ninguna","No existe","Intersección","Bueno","Buena","Diurna","Buen Tiempo","Otro","S/D","Colisión","Ninguna","Faltante","Ninguna","Sin restricción"
2016,1731,3/4/2016,"Viernes",0,14:30:00,,"0.0",2,"Moto/Ciclomotor,Automóvil","Mendoza Y Independencia",3,1,0,0,1,0,1,,"S/D",,"VILLA CONSTITUCIÓN","Constitución","Asfalto","No existe","VI","Dentro","Urbana","Ninguna","No existe","Intersección","Bueno","Buena","Diurna","Buen Tiempo","Otro","S/D","Colisión","Ninguna","Faltante","Ninguna","Sin restricción"
2016,1732,3/5/2016,"Sabado",0,,,"0.0",2,"Moto/Ciclomotor,Automóvil","Presidente Peron Y San Martin",3,0,0,0,1,0,2,,"S/D",,"VILLA CONSTITUCIÓN","Constitución","Asfalto","No existe","VI","S/D","Urbana","Ninguna","Funciona","Intersección","Bueno","Buena","Diurna","Buen Tiempo","S/D","S/D","Otro","Ninguna","S/D","Ninguna","Sin restricción"
2016,1733,3/6/2016,"Domingo",0,11:25:00,,"0.0",2,"Bicicleta,Moto/Ciclomotor","San Martin Y Jujuy",2,1,0,0,0,0,1,,"Avenida",,"VILLA CONSTITUCIÓN","Constitución","Asfalto","No existe","VI","Dentro","Urbana","Ninguna","No existe","Intersección","Bueno","Buena","Diurna","Buen Tiempo","S/D","S/D","Atropello","Ninguna","Faltante","Ninguna","Sin restricción"
2016,1734,3/8/2016,"Martes",0,,"Ruta Provincial 21","0.0",2,"Automóvil,Automóvil","Ruta Prov 21 Y 14 de Febrero",2,1,0,0,1,0,0,,"Ruta",21,"VILLA CONSTITUCIÓN","Constitución","Asfalto","No existe","VI","S/D","Urbana","Ninguna","No existe","Intersección","Bueno","Buena","Diurna","Buen Tiempo","Otro","S/D","Colisión","Ninguna","Faltante","Ninguna","Sin restricción"
2016,1735,3/8/2016,"Martes",0,,,"0.0",2,"Moto/Ciclomotor,Automóvil","Santiago del Estero Y Martin Miguel de Guemes",2,1,0,0,1,0,0,,"Calle",,"VILLA CONSTITUCIÓN","Constitución","Asfalto","No existe","VI","S/D","Urbana","Ninguna","No existe","Intersección","Bueno","Buena","Diurna","Buen Tiempo","Otro","S/D","Colisión","Ninguna","Faltante","Ninguna","Sin restricción"
2016,1736,3/8/2016,"Martes",0,,,"0.0",2,"Automóvil,Bicicleta","Presidente Peron Y Islas Malvinas",2,1,0,0,1,0,0,,"Avenida",,"VILLA CONSTITUCIÓN","Constitución","Asfalto","No existe","VI","S/D","Urbana","Ninguna","No existe","Intersección","Bueno","Buena","Diurna","Buen Tiempo","S/D","S/D","Atropello","Ninguna","Faltante","Ninguna","Sin restricción"
2016,1737,3/29/2016,"Martes",0,,,"0.0",2,"Moto/Ciclomotor,Moto/Ciclomotor","Santiago del Estero Y Luis Pasteur",2,1,0,0,1,0,0,,"Calle",,"VILLA CONSTITUCIÓN","Constitución","Asfalto","No existe","VI","Dentro","Urbana","Ninguna","No existe","Intersección","Bueno","Buena","Diurna","Buen Tiempo","S/D","S/D","Otro","Ninguna","Faltante","Ninguna","Sin restricción"
2016,1738,3/28/2016,"Lunes",0,8:55:00,,"0.0",2,"Bicicleta,Automóvil","Moreno Y Misiones",2,1,0,0,1,0,0,,"Calle",,"VILLA CONSTITUCIÓN","Constitución","Asfalto","No existe","VI","Dentro","Urbana","Ninguna","No existe","Intersección","Bueno","Buena","Diurna","Buen Tiempo","S/D","S/D","Atropello","Ninguna","Faltante","Ninguna","Sin restricción"
2016,1739,3/25/2016,"Viernes",0,15:15:00,,"0.0",2,"Moto/Ciclomotor,Automóvil","Moreno Y Mendoza",2,1,0,0,1,0,0,,"Calle",,"VILLA CONSTITUCIÓN","Constitución","Asfalto","No existe","VI","Dentro","Urbana","Ninguna","No existe","Intersección","Bueno","Buena","Diurna","Buen Tiempo","Otro","S/D","Colisión","S/D","Faltante","Ninguna","Sin restricción"
2016,1740,2/24/2016,"Miercoles",0,19:30:00,,"0.0",2,"Otros,Otros","Gral. Manuel Belgrano Y Mendoza",3,2,0,0,1,0,0,,"Calle",,"FIRMAT","General López","Asfalto","Pavimento","VIII","Dentro","Urbana","Ninguna","No existe","Intersección","Bueno","Buena","Diurna","Buen Tiempo","Lateral","S/D","Colisión","S/D","S/D","Ninguna","Sin restricción"
2016,1741,3/18/2016,"Viernes",0,,,"0.0",2,"Pickup/Utilitario,Automóvil","Manuel Dorrego Y 14 de Febrero",2,1,0,0,1,0,0,,"Calle",,"VILLA CONSTITUCIÓN","Constitución","Asfalto","No existe","VI","Dentro","Urbana","Semáforo","Funciona","Recta","S/D","Buena","Atardecer","Buen Tiempo","Lateral","S/D","Colisión","Ninguna","Horizontal","Ninguna","Sin restricción"
2016,1742,3/21/2016,"Lunes",0,22:00:00,,"0.0",2,"Moto/Ciclomotor,Automóvil","Simon Bolivar Y Cordoba",2,1,0,0,1,0,0,,"Calle",,"VILLA CONSTITUCIÓN","Constitución","Asfalto","No existe","VI","Dentro","Urbana","Ninguna","No existe","Intersección","Bueno","Buena","Nocturna","Buen Tiempo","Lateral","S/D","Colisión","Ninguna","Faltante","Ninguna","S/D"
2016,1743,3/21/2016,"Lunes",0,15:30:00,,"0.0",2,"Automóvil,Pickup/Utilitario","Simon Bolivar Y Chaco",2,1,0,0,1,0,0,,"Calle",,"VILLA CONSTITUCIÓN","Constitución","Asfalto","No existe","VI","Dentro","Urbana","Ninguna","No existe","Intersección","Bueno","Buena","Diurna","Buen Tiempo","Lateral","S/D","Colisión","Ninguna","Faltante","Ninguna","Sin restricción"
2016,1744,3/24/2016,"Jueves",0,,,"0.0",2,"Moto/Ciclomotor,Pickup/Utilitario","Santiago del Estero Y Manuel Dorrego",3,2,0,0,1,0,0,,"Calle",,"VILLA CONSTITUCIÓN","Constitución","Asfalto","No existe","VI","Dentro","Urbana","Ninguna","No existe","Recta","Bueno","Buena","Diurna","Buen Tiempo","De alcance","S/D","Colisión","Ninguna","Faltante","Ninguna","Sin restricción"
2016,1745,3/24/2016,"Jueves",0,19:30:00,,"0.0",2,"Moto/Ciclomotor,Automóvil","San Martin Y Mendoza",3,2,0,0,1,0,0,,"Calle",,"VILLA CONSTITUCIÓN","Constitución","Asfalto","No existe","VI","Dentro","Urbana","Ninguna","No existe","Intersección","Bueno","Buena","Atardecer","Buen Tiempo","Lateral","S/D","Colisión","Ninguna","Faltante","Ninguna","Sin restricción"
2016,1746,2/29/2016,"Lunes",0,8:30:00,,"0.0",2,"Otros,Otros","Libertad Y Boulevard Solis",2,2,0,0,0,0,0,,"Calle",,"FIRMAT","General López","Asfalto","Pavimento","VIII","Dentro","Urbana","Ninguna","No existe","Intersección","Bueno","Buena","Diurna","Buen Tiempo","Lateral","S/D","Colisión","S/D","S/D","Ninguna","Sin restricción"
2016,1747,3/25/2016,"Viernes",0,3:15:00,,"0.0",1,"Automóvil","Rivadavia Y Entre Rios",3,3,0,0,0,0,0,,"Calle",,"VILLA CONSTITUCIÓN","Constitución","Asfalto","No existe","VI","Dentro","Urbana","Ninguna","No existe","Intersección","Bueno","Buena","Diurna,Con luz artificial","Buen Tiempo","Contra objeto fijo","S/D","Colisión","Ninguna","Faltante","S/D","Sin restricción"
2016,1748,3/30/2016,"Miercoles",0,18:25:00,,"0.0",2,"Moto/Ciclomotor,Automóvil","Independencia Y Santiago del Estero",3,2,0,0,1,0,0,,"Calle",,"VILLA CONSTITUCIÓN","Constitución","Asfalto","No existe","VI","Dentro","Urbana","Ninguna","No existe","Intersección","Bueno","Buena","Diurna","Buen Tiempo","Lateral","S/D","Colisión","Ninguna","Faltante","Ninguna","Sin restricción"
2016,1749,1/5/2016,"Martes",0,0:10:00,"Ruta Provincial Brigadier E.López","48.0",3,"Camión,Camión,Camión"," ",3,1,0,0,0,0,2,,"Ruta","Brigadier E.López","OLIVEROS","Iriondo","Asfalto","S/D","X","Dentro","Urbana","S/D","S/D","Recta","S/D","S/D","Nocturna","S/D","Múltiple","S/D","Colisión","S/D","S/D","S/D","S/D"
2016,1750,1/11/2016,"Lunes",0,0:00:00,,"0.0",3,"Camión,Automóvil,Camión","Av. Circunvalacion ",3,1,0,0,2,0,0,,"Calle",,"ROSARIO","Rosario","S/D","S/D","II","Dentro","Urbana","S/D","S/D","Puente","S/D","S/D","Nocturna","S/D","Múltiple","S/D","Colisión","S/D","S/D","S/D","S/D"
2016,1751,1/11/2016,"Lunes",0,8:10:00,"Ruta Provincial 1","3.5",1,"Moto/Ciclomotor"," ",1,1,0,0,0,0,0,,"Ruta",1,"COLASTINE","La Capital","Asfalto","S/D","I","Dentro","Urbana","S/D","S/D","Recta","S/D","S/D","Diurna","S/D","S/D","S/D","Caída ocupante","S/D","S/D","S/D","S/D"
2016,1752,1/12/2016,"Martes",0,14:30:00,"Ruta Provincial 18","4.0",1,"Moto/Ciclomotor"," ",2,1,0,0,1,0,0,,"Ruta",18,"ROSARIO","Rosario","Asfalto","S/D","II","Dentro","Urbana","S/D","S/D","Recta","S/D","S/D","Diurna","S/D","S/D","S/D","Caída ocupante","S/D","S/D","S/D","S/D"
2016,1753,1/16/2016,"Sabado",0,22:05:00,"Ruta Nacional 11","722.0",1,"Pickup/Utilitario"," ",2,1,0,0,1,0,0,,"Ruta",11,"VERA","Vera","S/D","S/D","XIX","Dentro","Urbana","S/D","S/D","Recta","Bueno","Buena","Nocturna","S/D","S/D","S/D","Vuelco","S/D","S/D","S/D","S/D"
2016,1754,1/17/2016,"Domingo",0,23:00:00,"Ruta Nacional 33","631.0",2,"Automóvil,Moto/Ciclomotor"," ",2,0,0,0,1,1,0,"-33.7210553,-61.9941315","Ruta",33,"VENADO TUERTO","General López","S/D","S/D","VIII","Dentro","Urbana","S/D","S/D","Recta","S/D","S/D","Nocturna","S/D","S/D","S/D","Colisión","S/D","S/D","S/D","S/D"
2016,1755,1/26/2016,"Martes",0,16:15:00,,"0.0",1,"Moto/Ciclomotor","Av. Circunvalacion Y Baigorria",1,1,0,0,0,0,0,,"Calle",,"ROSARIO","Rosario","Asfalto","S/D","II","Dentro","Urbana","S/D","S/D","Intersección","S/D","S/D","Diurna","S/D","S/D","S/D","Caída ocupante","S/D","S/D","S/D","S/D"
2016,1756,1/26/2016,"Martes",0,20:40:00,"Ruta Nacional Rosario -Cordoba","304.0",1,"Pickup/Utilitario"," ",1,1,0,0,0,0,0,,"Ruta","Rosario -Cordoba","ROSARIO","Rosario","Asfalto","S/D","II","Dentro","Urbana","S/D","S/D","Recta","S/D","S/D","Nocturna","S/D","S/D","S/D","Vuelco","S/D","S/D","S/D","S/D"
2016,1757,3/9/2016,"Miercoles",0,12:00:00,,"0.0",2,"Moto/Ciclomotor,Bicicleta","25 de Mayo Y Belgrano",2,1,0,0,1,0,0,,"S/D",,"VERA","Vera","Asfalto","No existe","XIX","S/D","Urbana","Ninguna","No existe","Intersección","Bueno","Buena","Diurna","Buen Tiempo","S/D","S/D","Atropello","Ninguna","Faltante","Cordón divisorio","Sin restricción"
2016,1758,3/17/2016,"Jueves",0,19:00:00,,"0.0",2,"Moto/Ciclomotor,Automóvil","Salta Y Saavedra",2,1,0,0,1,0,0,,"Calle",,"VERA","Vera","Tierra","Natural","XIX","S/D","Urbana","Ninguna","No existe","Intersección","Bueno","Buena","Diurna","Buen Tiempo","Otro","S/D","Colisión","Ninguna","Faltante","Vegetación","Sin restricción"
2016,1759,3/11/2016,"Viernes",0,14:20:00,"Ruta Provincial 21","0.0",2,"Moto/Ciclomotor,Automóvil","Cernjak ",2,1,0,0,1,0,0,,"Ruta",21,"VILLA CONSTITUCIÓN","Constitución","Asfalto","Pavimento","VI","Dentro","Urbana","Ninguna","No existe","Intersección","Bueno","Buena","Diurna","Buen Tiempo","Frontal","S/D","Colisión","S/D","Faltante","Ninguna","Sin restricción"
2016,1760,3/20/2016,"Domingo",0,15:00:00,,"0.0",2,"Automóvil,Automóvil"," ",2,2,0,0,0,0,0,,"S/D",,"VERA","Vera","Asfalto","Natural","XIX","S/D","Urbana","Señal Pare","No existe","Intersección","Bueno","Buena","Diurna","Buen Tiempo","Otro","S/D","Colisión","Ninguna","Faltante","Vegetación","Sin restricción"
2016,1761,3/11/2016,"Viernes",0,18:15:00,"Ruta Provincial 21","0.0",2,"Moto/Ciclomotor,Automóvil","Juan Manuel de Rosas ",3,0,1,0,2,0,0,,"Ruta",21,"VILLA CONSTITUCIÓN","Constitución","Asfalto","Pavimento","VI","Dentro","Urbana","Ninguna","No existe","Intersección","Bueno","Buena","Diurna","Buen Tiempo","Lateral","S/D","Colisión","S/D","Faltante","Ninguna","Sin restricción"