"anio_acci","nro_acci","fecha","desc_dia","fecha_aprox","hora_aprox","desc_ruta","km","cant_participantes","desc_participante","calle_avenida_km","total","heridos_leves","heridos_graves","heridos_gravisimos","ilesos","fallecidos","sin_datos","posicion_XY","desc_tipo_via","desc_ruta_ori","desc_loc","desc_dpto","desc_tipo_calzada","desc_tipo_banquina","desc_unidad_regional","desc_lugar_calzada","desc_zona","desc_prioridad","desc_estado_semaforo","desc_lugar_via","desc_estado_via","desc_estado_visibilidad","desc_luminosidad","desc_estado_clima","desc_tipo_colision","desc_tipo_atropello","desc_tipo_hecho","desc_pres_calzada","desc_senializacion","desc_separacion_via","desc_restriccion"
2016,1762,3/13/2016,"Domingo",0,0:50:00,,"0.0",2,"Automóvil,Automóvil","Italia Y Newbery",2,1,0,0,1,0,0,,"Calle",,"VILLA CONSTITUCIÓN","Constitución","Asfalto","Pavimento","VI","Dentro","Urbana","Ninguna","No existe","Intersección","Bueno","Buena","Nocturna","Buen Tiempo","Lateral","S/D","Colisión","S/D","Faltante","Ninguna","Sin restricción"
2016,1763,3/14/2016,"Lunes",0,17:00:00,,"0.0",2,"Bicicleta,Automóvil","San Martin Y Santa Cruz",2,1,0,0,1,0,0,,"Calle",,"VILLA CONSTITUCIÓN","Constitución","Asfalto","No existe","VI","Dentro","Urbana","Ninguna","No existe","Intersección","Bueno","Buena","Diurna","Buen Tiempo","S/D","S/D","Atropello","S/D","Faltante","Ninguna","Sin restricción"
2016,1764,3/19/2016,"Sabado",0,20:00:00,"Ruta Provincial 21","0.0",2,"Moto/Ciclomotor,Automóvil","Dr Silvestre Begnis ",2,0,1,0,1,0,0,,"Ruta",21,"VILLA CONSTITUCIÓN","Constitución","Asfalto","Pavimento","VI","Dentro","Urbana","Ninguna","No existe","Intersección","Deteriorada","Buena","Nocturna","Buen Tiempo","Lateral","S/D","Colisión","S/D","Horizontal","Ninguna","Sin restricción"
2016,1765,3/26/2016,"Sabado",0,11:55:00,,"0.0",2,"Moto/Ciclomotor,Automóvil","San Martin Y Colon",3,1,0,0,2,0,0,,"S/D",,"VERA","Vera","Asfalto","Pavimento","XIX","S/D","Urbana","Ninguna","No existe","Intersección","Bueno","Buena","Diurna","Buen Tiempo","Otro","S/D","Colisión","Ninguna","Faltante","Cordón divisorio","Sin restricción"
2016,1766,3/26/2016,"Sabado",0,11:35:00,,"0.0",2,"Moto/Ciclomotor,Automóvil","Rivadavia Y Corrientes",2,1,0,0,1,0,0,,"S/D",,"VERA","Vera","Asfalto","No existe","XIX","S/D","Urbana","Ninguna","No existe","Intersección","Bueno","Buena","Diurna","Buen Tiempo","Otro","S/D","Colisión","Ninguna","Faltante","Cordón divisorio","Sin restricción"
2016,1767,3/29/2016,"Martes",0,8:00:00,,"0.0",2,"Automóvil,Moto/Ciclomotor","ROQUE SANZ PEÑA Y ALVEAR",3,1,1,0,1,0,0,,"S/D",,"VERA","Vera","S/D","S/D","XIX","S/D","Urbana","S/D","S/D","S/D","S/D","S/D","Diurna","S/D","S/D","S/D","S/D","S/D","S/D","S/D","S/D"
2016,1768,3/29/2016,"Martes",0,21:40:00,,"0.0",2,"Automóvil,Pickup/Utilitario","Urquiza ",3,3,0,0,0,0,0,,"S/D",,"VERA","Vera","S/D","S/D","XIX","S/D","Urbana","S/D","S/D","S/D","S/D","S/D","Nocturna","S/D","S/D","S/D","S/D","S/D","S/D","S/D","S/D"
2016,1769,3/21/2016,"Lunes",0,11:30:00,,"0.0",2,"Moto/Ciclomotor,Automóvil","20 de Junio Y San Juan",2,1,0,0,1,0,0,,"Avenida",,"ATALIVA","Castellanos","Hormigón","Pavimento","V","Dentro","Urbana","Ninguna","No existe","Intersección","Bueno","Buena","Diurna","Buen Tiempo","Lateral","S/D","Colisión","Ninguna","Faltante","Cordón divisorio","Sin restricción"
2016,1770,3/23/2016,"Miercoles",0,18:25:00,,"0.0",2,"Moto/Ciclomotor,Automóvil","Chubut Y Juan Jose de Urquiza",3,2,0,0,1,0,0,,"Calle",,"VILLA CONSTITUCIÓN","Constitución","Asfalto","Pavimento","VI","Dentro","Urbana","Ninguna","No existe","Intersección","Bueno","Buena","Diurna","Buen Tiempo","Lateral","S/D","Colisión","S/D","Faltante","Ninguna","Sin restricción"
2016,1771,3/22/2016,"Martes",0,13:45:00,,"0.0",2,"Automóvil,Moto/Ciclomotor","Bv Pte Roca Y R Casabella",2,1,0,0,1,0,0,,"Avenida",,"RAFAELA","Castellanos","Asfalto","No existe","V","Dentro","Urbana","Ninguna","No existe","Intersección","Bueno","Buena","Diurna","Buen Tiempo","Lateral","S/D","Colisión","Ninguna","Horizontal","Ninguna","Sin restricción"
2016,1772,3/27/2016,"Domingo",0,23:10:00,,"0.0",2,"Automóvil,Automóvil"," ",5,2,0,0,3,0,0,,"Calle",,"VILLA CONSTITUCIÓN","Constitución","Asfalto","Ripio","VI","Dentro","Urbana","Ninguna","No existe","Recta","S/D","Buena","Nocturna,Con luz artificial","Buen Tiempo","Lateral","S/D","Colisión","S/D","Faltante","Ninguna","Sin restricción"
2016,1773,3/29/2016,"Martes",0,20:00:00,,"0.0",3,"Moto/Ciclomotor,Automóvil,Automóvil","Av San Martin Y Moreno",4,2,0,0,2,0,0,,"Calle",,"EMPALME VILLA CONSTITUCIÓN","Constitución","Hormigón","Pavimento","VI","Dentro","Urbana","Ninguna","No existe","Intersección","Deteriorada","Buena","Nocturna,Con luz artificial","Buen Tiempo","Múltiple","S/D","Colisión","S/D","Horizontal","Ninguna","Sin restricción"
2016,1774,3/27/2016,"Domingo",0,11:00:00,"Ruta Provincial 21","0.0",2,"Moto/Ciclomotor,Automóvil","Catamarca ",5,1,1,0,3,0,0,,"Ruta",21,"EMPALME VILLA CONSTITUCIÓN","Constitución","Asfalto","Natural","VI","Dentro","Urbana","Ninguna","No existe","Recta","Bueno","Buena","Diurna","Buen Tiempo","De alcance","S/D","Colisión","S/D","Vertical","Línea divisoria pintada","Sin restricción"
2016,1775,3/21/2016,"Lunes",0,11:00:00,"Ruta Nacional 34","136.0",2,"Camión,Camión"," ",4,4,0,0,0,0,0,,"Ruta",34,"CAÑADA ROSQUÍN","San Martín","Asfalto","Natural","XVIII","Dentro","S/D","Ninguna","No existe","Recta","Bueno","Buena","Diurna","Buen Tiempo","Frontal","S/D","Colisión","S/D","Horizontal","Línea divisoria pintada","Sin restricción"
2016,1776,3/13/2016,"Domingo",0,15:45:00,"Ruta Nacional 34","217.0",1,"Transporte de Pasajeros Larga Distancia (> 8 asientos)"," ",12,4,0,0,8,0,0,,"Ruta",34,"RAFAELA","Castellanos","Asfalto","Pavimento","V","Dentro","Urbana","Ninguna","No existe","Recta","Bueno","Buena","Diurna","Buen Tiempo","Contra objeto fijo","S/D","Colisión","Ninguna","Horizontal","Guardarrail","Sin restricción"
2016,1777,3/31/2016,"Jueves",0,12:00:00,,"0.0",2,"Automóvil,Moto/Ciclomotor","Buenos Aires Y 9 de Julio",2,1,0,0,1,0,0,,"Calle",,"CAÑADA ROSQUÍN","San Martín","Asfalto","Natural","XVIII","Dentro","Urbana","Otra Señal","No existe","Intersección","Bueno","Buena","Diurna","Buen Tiempo","Lateral","S/D","Colisión","S/D","Vertical","Ninguna","Sin restricción"
2016,1778,3/5/2016,"Sabado",0,18:00:00,,"0.0",1,"Moto/Ciclomotor","San Martin Y Urquiza",1,1,0,0,0,0,0,,"S/D",,"CALCHAQUÍ","Vera","Asfalto","Natural","XIX","S/D","Urbana","Ninguna","No existe","Recta","Bueno","Buena","Diurna","Buen Tiempo","S/D","S/D","Despiste","S/D","S/D","Ninguna","Sin restricción"
2016,1779,3/11/2016,"Viernes",0,19:00:00,,"0.0",2,"Moto/Ciclomotor,Automóvil","Ituzaingo Y Mitre",2,1,0,0,1,0,0,,"Calle",,"CALCHAQUÍ","Vera","Asfalto","Natural","XIX","Dentro","Urbana","Ninguna","No existe","Intersección","Bueno","Buena","Atardecer,Con luz artificial","Buen Tiempo","S/D","S/D","Colisión","S/D","Faltante","Ninguna","Sin restricción"
2016,1780,3/11/2016,"Viernes",0,9:30:00,"Autovía Nacional 19","89.0",2,"Pickup/Utilitario,Camión"," ",2,0,1,0,1,0,0,,"Autovía",19,"ESTACIÓN CLUCELLAS","Castellanos","Asfalto","Pavimento","V","S/D","S/D","Ninguna","No existe","Recta","Bueno","Buena","Diurna","Buen Tiempo","Otro","S/D","Colisión","Ninguna","Horizontal","Vegetación","Sin restricción"
2016,1781,4/1/2016,"Viernes",0,17:00:00,"Ruta Nacional 11","836.0",2,"Transporte de Pasajeros,Bicicleta"," ",3,0,0,0,2,1,0,"-28.747459, -59.469546","Ruta",11,"ARROYO CEIBAL","General Obligado","S/D","S/D","IX","S/D","S/D","S/D","S/D","Recta","S/D","S/D","Diurna","S/D","S/D","S/D","Atropello","S/D","S/D","S/D","S/D"
2016,1782,3/2/2016,"Miercoles",0,15:25:00,,"0.0",2,"Pickup/Utilitario,Moto/Ciclomotor","Francisco Peretti Y Juan B Justo",2,1,0,0,1,0,0,,"Calle",,"RAFAELA","Castellanos","Asfalto","Pavimento","V","Dentro","Urbana","Ninguna","No existe","Intersección","Bueno","Buena","Diurna","Buen Tiempo","Lateral","S/D","Colisión","Ninguna","Horizontal","Cordón divisorio","Sin restricción"
2016,1783,3/24/2016,"Jueves",0,16:15:00,,"0.0",2,"Moto/Ciclomotor,Automóvil","Falucho Y Scalabrini Ortiz",2,0,1,0,1,0,0,,"Calle",,"RAFAELA","Castellanos","Asfalto","No existe","V","Dentro","Urbana","Ninguna","No existe","Intersección","Bueno","Buena","Atardecer","Buen Tiempo","Lateral","S/D","Colisión","Material Suelto","Faltante","Cordón divisorio","Sin restricción"
2016,1784,3/13/2016,"Domingo",0,20:15:00,"Ruta Nacional 34","173.0",2,"Automóvil,Bicicleta"," ",2,0,1,0,1,0,0,,"Ruta",34,"SAN VICENTE.","Castellanos","Asfalto","Natural","V","Dentro","Urbana","Ninguna","No existe","Recta","Bueno","Reducida","Nocturna","Buen Tiempo","S/D","Ciclista","Atropello","Ninguna","Vertical","Ninguna","Sin restricción"
2016,1785,3/4/2016,"Viernes",0,17:55:00,,"0.0",2,"Pickup/Utilitario,Automóvil","Bv Pte Roca Y 500 Millas Argentinas",3,2,0,0,1,0,0,,"Avenida",,"RAFAELA","Castellanos","Hormigón","No existe","V","Dentro","Urbana","S/D","S/D","Intersección","Bueno","Buena","Diurna","Buen Tiempo","Lateral","S/D","Colisión","S/D","S/D","S/D","S/D"
2016,1786,4/1/2016,"Viernes",0,8:50:00,,"0.0",2,"Pickup/Utilitario,Moto/Ciclomotor","Pueyrredon Y Bv Belgrano",2,0,1,0,1,0,0,,"Avenida",,"CALCHAQUÍ","Vera","Asfalto","Natural","XIX","Dentro","Urbana","Ninguna","No existe","Intersección","Bueno","Buena","Diurna","Buen Tiempo","Lateral","S/D","Colisión","S/D","S/D","Ninguna","Sin restricción"
2016,1787,4/13/2016,"Miercoles",0,20:50:00,,"0.0",2,"Automóvil,Moto/Ciclomotor","San Martin Y Tucuman",4,1,2,0,1,0,0,,"Calle",,"CALCHAQUÍ","Vera","Asfalto","Natural","XIX","Dentro","Urbana","Ninguna","No existe","Intersección","Bueno","Buena","Nocturna,Con luz artificial","Buen Tiempo","Lateral","S/D","Colisión","S/D","Faltante","S/D","Sin restricción"
2016,1788,4/19/2016,"Martes",0,21:00:00,,"0.0",2,"Bicicleta,Automóvil","Bv Belgrano Y Sgto Cabral",2,1,0,0,1,0,0,,"Avenida",,"CALCHAQUÍ","Vera","Asfalto","Natural","XIX","Dentro","Urbana","Ninguna","No existe","Intersección","Bueno","Buena","Nocturna,Con luz artificial","Buen Tiempo","S/D","S/D","Atropello","S/D","Faltante","Ninguna","Sin restricción"
2016,1789,4/22/2016,"Viernes",0,21:50:00,,"0.0",1,"Moto/Ciclomotor","San Martin ",1,1,0,0,0,0,0,,"Calle",,"CALCHAQUÍ","Vera","Asfalto","Natural","XIX","Dentro","Urbana","Ninguna","No existe","Recta","Deteriorada","Reducida","Nocturna,Con luz artificial","Buen Tiempo","S/D","S/D","Caída ocupante","S/D","Faltante","Ninguna","Sin restricción"
2016,1790,3/31/2016,"Jueves",0,,,"0.0",2,"Moto/Ciclomotor,Moto/Ciclomotor","Colon Y San Luis",4,4,0,0,0,0,0,,"Calle",,"VILLA CONSTITUCIÓN","Constitución","Asfalto","No existe","VI","Dentro","Urbana","Ninguna","No existe","Intersección","Bueno","Buena","Diurna","Buen Tiempo","Lateral","S/D","Colisión","Ninguna","Faltante","Ninguna","Sin restricción"
2016,1791,3/29/2016,"Martes",0,18:30:00,,"0.0",2,"Automóvil,Bicicleta","Avenida Los Inmigrantes Y Los Sauces",2,1,0,0,1,0,0,,"Calle",,"BELLA ITALIA","Castellanos","Asfalto","Natural","V","Dentro","Urbana","Ninguna","No existe","Recta","Bueno","Buena","Diurna","Buen Tiempo","S/D","S/D","Atropello","S/D","Faltante","S/D","Sin restricción"
2016,1792,2/15/2016,"Lunes",0,20:00:00,,"0.0",2,"Moto/Ciclomotor,Pickup/Utilitario","Bv Pte Roca Y Parana",2,0,1,0,1,0,0,,"Calle",,"RAFAELA","Castellanos","Asfalto","Pavimento","V","Dentro","Urbana","S/D","No existe","Intersección","Bueno","Buena","Nocturna","Buen Tiempo","Lateral","S/D","Colisión","S/D","S/D","S/D","S/D"
2016,1793,3/17/2016,"Jueves",0,,,"0.0",2,"Automóvil,Moto/Ciclomotor","Presidente Peron Y Las Heras",3,2,0,0,1,0,0,,"Calle",,"VILLA CONSTITUCIÓN","Constitución","Asfalto","No existe","VI","Dentro","Urbana","Ninguna","No existe","Intersección","Bueno","Buena","Diurna","Buen Tiempo","Lateral","S/D","Colisión","S/D","Vertical","Ninguna","S/D"
2016,1794,3/19/2016,"Sabado",0,16:40:00,,"0.0",2,"Moto/Ciclomotor,Automóvil","Luis Chiarra Y San Martin",2,1,0,0,1,0,0,,"Calle",,"CALCHAQUÍ","Vera","Ripio","Natural","XIX","Dentro","Urbana","Ninguna","No existe","Intersección","Bueno","Buena","Diurna","Buen Tiempo","Lateral","S/D","Colisión","S/D","Faltante","Ninguna","Sin restricción"
2016,1795,3/24/2016,"Jueves",0,2:50:00,,"0.0",2,"Pickup/Utilitario,Bicicleta","Santa Fe Y A Nadalich",2,1,0,0,1,0,0,,"Calle",,"CALCHAQUÍ","Vera","Tierra","Natural","XIX","Dentro","Urbana","S/D","No existe","Intersección","Bueno","Buena","Nocturna,Con luz artificial","Buen Tiempo","S/D","S/D","Atropello","S/D","Faltante","S/D","S/D"
2016,1796,3/28/2016,"Lunes",0,8:50:00,,"0.0",2,"Moto/Ciclomotor,Camión","B Mitre ",3,1,0,0,2,0,0,,"Calle",,"FRANCK","Las Colonias","Asfalto","No existe","XI","Dentro","Urbana","Ninguna","No existe","Intersección","Bueno","Buena","Diurna","Buen Tiempo","S/D","S/D","Colisión","S/D","S/D","Ninguna","Sin restricción"
2016,1797,3/17/2016,"Jueves",0,18:30:00,,"0.0",2,"Bicicleta,Automóvil","Manuel Dorrego Y L de la Torre bis",2,1,0,0,1,0,0,,"Calle",,"VILLA CONSTITUCIÓN","Constitución","Asfalto","No existe","VI","Dentro","Urbana","S/D","No existe","Intersección","Bueno","Buena","Diurna","Buen Tiempo","S/D","S/D","Atropello","Ninguna","S/D","S/D","S/D"
2016,1798,3/13/2016,"Domingo",0,6:15:00,,"0.0",2,"Moto/Ciclomotor,Vehículo Oficial","Berutti 1700",3,1,0,0,2,0,0,,"Calle",,"ESPERANZA","Las Colonias","Asfalto","Pavimento","XI","Dentro","Urbana","Ninguna","No existe","Intersección","Bueno","Buena","Nocturna","Buen Tiempo","Lateral","S/D","Colisión","S/D","Vertical","Línea divisoria pintada","Sin restricción"
2016,1799,3/14/2016,"Lunes",1,,,"0.0",2,"Moto/Ciclomotor,Automóvil","L de la Torre bis Y Juan Jose de Urquiza",3,2,0,0,1,0,0,,"Calle",,"VILLA CONSTITUCIÓN","Constitución","Asfalto","No existe","VI","Dentro","Urbana","S/D","No existe","Intersección","Bueno","Buena","Diurna","Buen Tiempo","Lateral","S/D","Colisión","Ninguna","Faltante","Ninguna","Sin restricción"
2016,1800,3/20/2016,"Domingo",0,18:10:00,,"0.0",2,"Automóvil,Transporte de Pasajeros Urbano (> 8 asientos)","Mariano Moreno 1600",4,1,0,0,3,0,0,,"Calle",,"ESPERANZA","Las Colonias","Asfalto","Pavimento","XI","Dentro","Urbana","Ninguna","No existe","Intersección","Bueno","Buena","Diurna","Buen Tiempo","Frontal","S/D","Colisión","S/D","Vertical","Línea divisoria pintada","Sin restricción"
2016,1801,3/13/2016,"Domingo",0,18:30:00,,"0.0",1,"Bicicleta","Independencia ",2,1,0,0,1,0,0,,"Calle",,"VILLA CONSTITUCIÓN","Constitución","Asfalto","No existe","VI","Dentro","Urbana","Ninguna","No existe","Recta","Bueno","Buena","Diurna","Buen Tiempo","S/D","S/D","Atropello","Ninguna","Faltante","Ninguna","Sin restricción"
2016,1802,3/31/2016,"Jueves",0,12:40:00,,"0.0",1,"Moto/Ciclomotor","G Lehmann Y R G Videla",1,1,0,0,0,0,0,,"Calle",,"ESPERANZA","Las Colonias","Asfalto","S/D","XI","Dentro","Urbana","Ninguna","No existe","Intersección","Bueno","Buena","Diurna","Buen Tiempo","Atropello animal","S/D","Colisión","S/D","Vertical","Ninguna","Sin restricción"
2016,1803,3/4/2016,"Viernes",0,18:15:00,,"0.0",2,"Moto/Ciclomotor,Automóvil","Simon de Iriondo 4700",8,3,0,0,5,0,0,,"Calle",,"ESPERANZA","Las Colonias","Asfalto","Pavimento","XI","Dentro","Urbana","Ninguna","No existe","Intersección","Bueno","Buena","Diurna","Buen Tiempo","Lateral","S/D","Colisión","S/D","Faltante","Línea divisoria pintada","Sin restricción"
2016,1804,3/8/2016,"Martes",0,,,"0.0",2,"Pickup/Utilitario,Moto/Ciclomotor","Cullen Y Saavedra",3,2,0,0,1,0,0,,"Calle",,"ESPERANZA","Las Colonias","Asfalto","Pavimento","XI","Dentro","Urbana","Ninguna","No existe","Intersección","Bueno","Buena","Diurna","Buen Tiempo","De alcance","S/D","Colisión","S/D","Vertical","Línea divisoria pintada","Sin restricción"
2016,1805,3/27/2016,"Domingo",0,8:45:00,,"0.0",2,"Automóvil,Automóvil","San Martin Y Gregorio Donnet",2,1,0,0,1,0,0,,"Calle",,"ESPERANZA","Las Colonias","Asfalto","No existe","XI","Dentro","Urbana","Ninguna","No existe","Intersección","Bueno","Buena","Diurna","Buen Tiempo","S/D","S/D","Colisión","S/D","Vertical","Ninguna","Sin restricción"
2016,1806,3/8/2016,"Martes",0,15:50:00,"S/D Provincial 13","14.0",2,"Automóvil,Camión"," ",5,4,0,0,1,0,0,,"S/D",13,"ESTACIÓN CLUCELLAS","Castellanos","Asfalto","No existe","V","S/D","S/D","Otra Señal","No existe","Recta","Bueno","Buena","Diurna","Buen Tiempo","Lateral","S/D","Colisión","Ninguna","Horizontal","Línea divisoria pintada","Sin restricción"
2016,1807,3/31/2016,"Jueves",0,11:15:00,,"0.0",2,"Automóvil,Moto/Ciclomotor","G Lehmann Y R G Videla",2,1,0,0,1,0,0,,"Calle",,"ESPERANZA","Las Colonias","Asfalto","S/D","XI","Dentro","Urbana","Ninguna","No existe","Intersección","Bueno","Buena","Diurna","Buen Tiempo","Lateral","S/D","Colisión","S/D","Vertical","Cordón divisorio","Sin restricción"
2016,1808,3/21/2016,"Lunes",0,10:30:00,,"0.0",2,"Moto/Ciclomotor,Automóvil","Guemes Y Mariano Moreno",2,1,0,0,1,0,0,,"Calle",,"ESPERANZA","Las Colonias","Asfalto","No existe","XI","Dentro","Urbana","S/D","No existe","Recta","Bueno","Buena","Diurna","Lluvia","De alcance","S/D","Colisión","Agua","Horizontal,Vertical","S/D","Sin restricción"
2016,1809,3/6/2016,"Domingo",0,1:00:00,,"0.0",2,"Moto/Ciclomotor,Pickup/Utilitario","25 de Mayo Y Bartolome Mitre",2,0,1,0,1,0,0,,"Calle",,"ESPERANZA","Las Colonias","Asfalto","No existe","XI","Dentro","Urbana","Ninguna","No existe","Intersección","Bueno","Buena","Nocturna","Buen Tiempo","Lateral","S/D","Colisión","S/D","Horizontal,Vertical","S/D","Sin restricción"
2016,1810,4/23/2016,"Sabado",0,20:40:00,,"0.0",2,"Automóvil,Moto/Ciclomotor","25 de Mayo Y Col¾n",2,1,0,0,1,0,0,,"Calle",,"MARGARITA","Vera","Ripio","Natural","XIX","S/D","Urbana","Ninguna","No existe","Intersección","Bueno","Reducida","Nocturna","Buen Tiempo","Lateral","S/D","Colisión","Ninguna","Faltante","Ninguna","Accidente Previo"
2016,1811,2/3/2016,"Miercoles",0,,,"0.0",2,"Moto/Ciclomotor,Pickup/Utilitario","Av Estrugamou Y Quintana",2,0,1,0,1,0,0,,"Calle",,"VENADO TUERTO","General López","Asfalto","No existe","VIII","Dentro","Urbana","S/D","Funciona","Intersección","Bueno","S/D","S/D","S/D","S/D","S/D","Colisión","S/D","Vertical","S/D","S/D"
2016,1812,4/23/2016,"Sabado",0,2:55:00,"Ruta Secundaria 41-s","3.5",1,"Moto/Ciclomotor"," ",2,2,0,0,0,0,0,,"Ruta","41-s","IRIGOYEN","San Jerónimo","Asfalto","No existe","XV","Dentro","Rural","Ninguna","No existe","Recta","Con baches","Buena","Nocturna","Buen Tiempo","S/D","S/D","Caída ocupante","Ninguna","Faltante","Línea divisoria pintada","Sin restricción"
2016,1813,2/20/2016,"Sabado",0,,,"0.0",2,"Bicicleta,Pickup/Utilitario","Italia Y Roca",3,1,1,0,1,0,0,,"Calle",,"VENADO TUERTO","General López","Asfalto","No existe","VIII","Dentro","Urbana","S/D","No existe","Intersección","Bueno","S/D","S/D","S/D","S/D","S/D","Atropello","S/D","S/D","S/D","S/D"
2016,1814,3/4/2016,"Viernes",0,2:50:00,"Ruta Nacional 11","435.5",2,"Automóvil,Peatón"," ",3,0,1,0,2,0,0,,"Ruta",11,"DESVÍO ARIJÓN","San Jerónimo","Asfalto","Natural","XV","Fuera","Rural","Ninguna","No existe","Recta","Bueno","Buena","Nocturna","Buen Tiempo","S/D","S/D","Atropello","Ninguna","S/D","Ninguna","S/D"
2016,1815,4/2/2016,"Sabado",0,19:26:00,,"0.0",2,"Moto/Ciclomotor,Pickup/Utilitario","General San Martin ",3,0,2,0,1,0,0,,"Avenida",,"LA PELADA","Las Colonias","Hormigón","No existe","XI","Dentro","Urbana","Ninguna","No existe","Recta","Resbaladiza","S/D","Atardecer,Con luz artificial","Otro","Frontal","S/D","Colisión","S/D","S/D","Ninguna","Sin restricción"
2016,1816,4/5/2016,"Martes",0,20:15:00,,"0.0",2,"Bicicleta,Pickup/Utilitario"," ",2,0,1,0,1,0,0,,"Calle",,"SUARDI","San Cristóbal","Ripio","No existe","XIII","Dentro","Urbana","Ninguna","No existe","Recta","Bueno","Reducida","Nocturna,Con luz artificial","Lluvia","S/D","S/D","Atropello","Agua","Faltante","Ninguna","Sin restricción"
2016,1817,6/3/2016,"Viernes",0,2:15:00,"Ruta Provincial 39","11.0",1,"Automóvil"," ",1,1,0,0,0,0,0,,"Ruta",39,"PORTUGALETE","San Cristóbal","Asfalto","Natural","XIII","Fuera","Rural","Ninguna","S/D","S/D","Bueno","Reducida","Nocturna","Lluvia","Contra objeto fijo","S/D","Colisión","Agua","Faltante","Línea divisoria pintada","Sin restricción"
2016,1818,3/2/2016,"Miercoles",0,,"Ruta Nacional A012","0.0",2,"Automóvil,Automóvil","Velez Sarsfield ",2,0,0,0,1,0,1,,"Ruta","A012","SAN LORENZO","San Lorenzo","S/D","S/D","XVII","Dentro","Urbana","S/D","S/D","S/D","S/D","S/D","S/D","S/D","S/D","S/D","Colisión","S/D","S/D","S/D","Sin restricción"
2016,1819,3/19/2016,"Sabado",0,19:00:00,,"0.0",2,"Moto/Ciclomotor,Automóvil","San Martin Y Maipu",2,1,0,0,1,0,0,,"Calle",,"FRANCK","Las Colonias","Asfalto","Pavimento","XI","Dentro","Urbana","Ninguna","No existe","Intersección","Bueno","Buena","Atardecer","Buen Tiempo","S/D","S/D","Colisión","S/D","Faltante","Ninguna","Sin restricción"
2016,1820,4/3/2016,"Domingo",0,23:30:00,"Ruta Provincial 13","0.0",2,"Automóvil,Moto/Ciclomotor","Junin ",3,1,0,0,2,0,0,,"Ruta",13,"SAN CRISTÓBAL","San Cristóbal","Asfalto","Ripio","XIII","Dentro","Urbana","Ninguna","S/D","Recta","Bueno","Buena","Nocturna","Buen Tiempo","Lateral","S/D","Colisión","S/D","Faltante","Ninguna","Sin restricción"
2016,1821,4/8/2016,"Viernes",0,13:30:00,,"0.0",2,"Moto/Ciclomotor,Moto/Ciclomotor","Av. de los Trabaj. Ferroviario 1200",3,1,0,0,2,0,0,,"Calle",,"SAN CRISTÓBAL","San Cristóbal","Asfalto","Pavimento","XIII","Dentro","Urbana","Ninguna","No existe","Recta","Con baches","Buena","Diurna","Buen Tiempo","Lateral","S/D","Colisión","S/D","Faltante","Cordón divisorio","Sin restricción"
2016,1822,4/7/2016,"Jueves",0,19:10:00,,"0.0",1,"Pickup/Utilitario"," ",4,1,0,0,3,0,0,,"Calle",,"CERES","San Cristóbal","Tierra","S/D","XIII","Dentro","Urbana","Ninguna","S/D","Recta","Deteriorada","Buena","Diurna","Lluvia","S/D","S/D","Vuelco","Agua","Faltante","Ninguna","Sin restricción"
2016,1823,4/16/2016,"Sabado",0,5:00:00,"Ruta Provincial 23","0.0",1,"Moto/Ciclomotor"," ",2,2,0,0,0,0,0,,"Ruta",23,"SUARDI","San Cristóbal","Asfalto","Natural","XIII","Dentro","Rural","Ninguna","No existe","Recta","Bueno","Reducida","Nocturna","Buen Tiempo","S/D","S/D","Caída ocupante","S/D","Horizontal","Línea divisoria pintada","Sin restricción"
2016,1824,4/15/2016,"Viernes",0,12:45:00,,"0.0",2,"Moto/Ciclomotor,Pickup/Utilitario","Rivadavia Y San Martin",3,2,0,0,1,0,0,,"Calle",,"SUARDI","San Cristóbal","Hormigón","No existe","XIII","Dentro","Urbana","Semáforo","Funciona","Intersección","Bueno","Buena","Diurna","Buen Tiempo","Frontal","S/D","Colisión","S/D","Vertical","Ninguna","Sin restricción"
2016,1825,4/24/2016,"Domingo",0,12:45:00,,"0.0",2,"Moto/Ciclomotor,Automóvil","Iturraspe Y Azcuenaga",4,3,0,0,1,0,0,,"Calle",,"SAN CRISTÓBAL","San Cristóbal","Ripio","No existe","XIII","Dentro","Urbana","Ninguna","No existe","Intersección","Deteriorada","Buena","Diurna","Buen Tiempo","Lateral","S/D","Colisión","S/D","Faltante","Ninguna","Sin restricción"
2016,1826,4/26/2016,"Martes",0,17:45:00,,"0.0",2,"Moto/Ciclomotor,Peatón","Av. de los Trabaj. Ferroviario 1200",2,1,0,0,1,0,0,,"Calle",,"SAN CRISTÓBAL","San Cristóbal","Asfalto","Pavimento","XIII","Dentro","Urbana","Ninguna","No existe","Recta","Bueno","Buena","Diurna","Buen Tiempo","S/D","S/D","Atropello","S/D","Faltante","Ninguna","Obra en Construcción"
2016,1827,4/21/2016,"Jueves",0,13:10:00,,"0.0",2,"Moto/Ciclomotor,Automóvil","J B Justo Y San Lorenzo",2,0,1,0,1,0,0,,"Calle",,"SAN CRISTÓBAL","San Cristóbal","Tierra","Natural","XIII","Dentro","Urbana","Ninguna","No existe","Intersección","Bueno","Buena","Diurna","Buen Tiempo","Lateral","S/D","Colisión","Agua","Faltante","S/D","Sin restricción"