"anio_acci","nro_acci","fecha","desc_dia","fecha_aprox","hora_aprox","desc_ruta","km","cant_participantes","desc_participante","calle_avenida_km","total","heridos_leves","heridos_graves","heridos_gravisimos","ilesos","fallecidos","sin_datos","posicion_XY","desc_tipo_via","desc_ruta_ori","desc_loc","desc_dpto","desc_tipo_calzada","desc_tipo_banquina","desc_unidad_regional","desc_lugar_calzada","desc_zona","desc_prioridad","desc_estado_semaforo","desc_lugar_via","desc_estado_via","desc_estado_visibilidad","desc_luminosidad","desc_estado_clima","desc_tipo_colision","desc_tipo_atropello","desc_tipo_hecho","desc_pres_calzada","desc_senializacion","desc_separacion_via","desc_restriccion"
2016,1828,4/21/2016,"Jueves",0,11:50:00,"Ruta Provincial 39","0.0",2,"Automóvil,Tracción animal / Carro"," ",6,1,0,0,0,0,5,,"Ruta",39,"SAN CRISTÓBAL","San Cristóbal","Asfalto","Natural","XIII","Dentro","Urbana","S/D","No existe","Cruce","Bueno","Buena","Diurna","Buen Tiempo","Frontal","S/D","Colisión","S/D","S/D","Línea divisoria pintada","Accidente Previo"
2016,1829,4/6/2016,"Miercoles",0,10:10:00,,"0.0",2,"Peatón,Automóvil","Bartolome Mitre Y Aaron Castellanos",3,1,0,0,2,0,0,,"Calle",,"ESPERANZA","Las Colonias","Hormigón","S/D","XI","Dentro","Urbana","Ninguna","No existe","Intersección","Bueno","Buena","Diurna","Buen Tiempo","S/D","S/D","Atropello","S/D","S/D","S/D","Sin restricción"
2016,1830,4/17/2016,"Domingo",0,20:35:00,"Ruta Provincial 39","3.0",1,"Pickup/Utilitario"," ",2,2,0,0,0,0,0,,"Ruta",39,"SAN CRISTÓBAL","San Cristóbal","Asfalto","Natural","XIII","Dentro","Urbana","Ninguna","No existe","Curva","Bueno","S/D","Nocturna","Lluvia","S/D","S/D","Despiste","Agua","Faltante","S/D","Sin restricción"
2016,1831,4/3/2016,"Domingo",0,5:40:00,,"0.0",2,"Pickup/Utilitario,Moto/Ciclomotor","Bv H Irigoyen Y Lisandro de la Torre",4,0,1,1,2,0,0,,"Calle",,"RAFAELA","Castellanos","Asfalto","Pavimento","V","Dentro","Urbana","Ninguna","No existe","Intersección","Bueno","Reducida","Nocturna","Buen Tiempo","Frontal","S/D","Colisión","S/D","Faltante","Ninguna","Sin restricción"
2016,1832,4/1/2016,"Viernes",0,4:40:00,,"0.0",1,"Moto/Ciclomotor","Italia Y 25 de Mayo",1,1,0,0,0,0,0,,"S/D",,"ESPERANZA","Las Colonias","S/D","No existe","XI","S/D","Urbana","Policía de tránsito","No existe","Intersección","Bueno","Buena","Atardecer","Buen Tiempo","Atropello animal","S/D","Colisión","S/D","S/D","Ninguna","Sin restricción"
2016,1833,1/10/2016,"Domingo",0,6:20:00,"Ruta Nacional 33","638.0",1,"Automóvil"," ",1,1,0,0,0,0,0,,"Ruta",33,"VENADO TUERTO","General López","Asfalto","S/D","VIII","Dentro","Urbana","S/D","S/D","Recta","S/D","Buena","Diurna","S/D","S/D","S/D","Despiste","S/D","S/D","S/D","S/D"
2016,1834,4/1/2016,"Viernes",0,19:00:00,,"0.0",2,"Moto/Ciclomotor,Automóvil","1 de Mayo Y Balcarce",2,1,0,0,0,0,1,,"Calle",,"ESPERANZA","Las Colonias","Asfalto","No existe","XI","Dentro","Urbana","Ninguna","No existe","Intersección","Bueno","Buena","Diurna","Lluvia","Frontal","S/D","Colisión","S/D","S/D","Cordón divisorio","Sin restricción"
2016,1835,1/10/2016,"Domingo",0,21:25:00,,"0.0",2,"Moto/Ciclomotor,Moto/Ciclomotor","Juan Jose Castelli Y Aguero",2,1,0,0,0,0,1,,"Calle",,"VENADO TUERTO","General López","S/D","S/D","VIII","Dentro","Urbana","S/D","S/D","Intersección","S/D","S/D","Nocturna","S/D","S/D","S/D","Colisión","S/D","S/D","S/D","S/D"
2016,1836,1/9/2016,"Sabado",0,,,"0.0",2,"Automóvil,Moto/Ciclomotor","J B Justo Y Pueyrredon",2,1,0,0,0,0,1,,"Calle",,"SAN CRISTÓBAL","San Cristóbal","S/D","S/D","XIII","Dentro","Urbana","S/D","S/D","Intersección","S/D","Buena","Diurna","S/D","S/D","S/D","Colisión","S/D","S/D","S/D","S/D"
2016,1837,1/11/2016,"Lunes",0,22:00:00,,"0.0",2,"Pickup/Utilitario,Moto/Ciclomotor","J B Justo ",2,1,0,0,1,0,0,,"Calle",,"SAN CRISTÓBAL","San Cristóbal","S/D","S/D","XIII","Dentro","Urbana","S/D","S/D","Intersección","S/D","S/D","Nocturna","Buen Tiempo","S/D","S/D","Colisión","S/D","S/D","S/D","S/D"
2016,1838,1/13/2016,"Miercoles",0,11:30:00,,"0.0",1,,"Hipolito Yrigoyen Y Rivadavia",2,1,0,0,1,0,0,,"Calle",,"SANTA FE","La Capital","S/D","S/D","I","Dentro","Urbana","S/D","S/D","Intersección","S/D","Buena","Diurna","S/D","Lateral","S/D","Colisión","S/D","S/D","S/D","S/D"
2016,1839,1/13/2016,"Miercoles",0,,,"0.0",2,"Moto/Ciclomotor,Moto/Ciclomotor","Pasaje Mellan Y Avenida Tristan Malbran",2,0,1,0,0,0,1,,"Calle",,"CERES","San Cristóbal","S/D","S/D","XVIII","Dentro","Urbana","S/D","S/D","Intersección","S/D","S/D","Diurna","S/D","S/D","S/D","Colisión","S/D","S/D","S/D","S/D"
2016,1840,4/22/2016,"Viernes",0,20:45:00,,"0.0",2,"Moto/Ciclomotor,Automóvil","Domingo Faustino Sarmiento Y Castelli",2,1,0,0,1,0,0,,"Calle",,"ESPERANZA","Las Colonias","Hormigón","S/D","XI","Dentro","Urbana","Ninguna","No existe","Intersección","Bueno","Buena","Nocturna","Buen Tiempo","Lateral","S/D","Colisión","S/D","S/D","S/D","Sin restricción"
2016,1841,1/14/2016,"Jueves",0,,"Ruta Provincial 40","0.0",2,"Automóvil,Pickup/Utilitario"," ",5,4,0,0,1,0,0,,"Ruta",40,"RECONQUISTA","General Obligado","S/D","S/D","IX","Dentro","Urbana","S/D","S/D","Recta","S/D","S/D","Diurna","S/D","S/D","S/D","Colisión","S/D","S/D","S/D","S/D"
2016,1842,4/14/2016,"Jueves",0,12:45:00,,"0.0",2,"Automóvil,Automóvil","A Gabarret Y Simon de Iriondo",3,1,0,0,2,0,0,,"Calle",,"ESPERANZA","Las Colonias","Hormigón","S/D","XI","Dentro","Urbana","Ninguna","No existe","Intersección","Bueno","Buena","Diurna","Lluvia","Lateral","S/D","Colisión","Agua","S/D","S/D","Sin restricción"
2016,1844,4/14/2016,"Jueves",0,19:30:00,,"0.0",2,"Moto/Ciclomotor,Automóvil","Mariano Moreno Y Cullen",2,1,0,0,1,0,0,,"Calle",,"ESPERANZA","Las Colonias","Asfalto","S/D","XI","Dentro","Urbana","Ninguna","No existe","Intersección","Bueno","Buena","Diurna","Buen Tiempo","Múltiple","S/D","Colisión","S/D","S/D","Ninguna","Sin restricción"
2016,1845,1/15/2016,"Viernes",0,18:00:00,,"0.0",2,"Moto/Ciclomotor,Automóvil","P Cullen Y Av Gral Paz",2,1,0,0,1,0,0,,"Calle",,"SANTA FE","La Capital","Asfalto","S/D","I","Dentro","Urbana","S/D","S/D","Intersección","S/D","Buena","Diurna","S/D","Lateral","S/D","Colisión","S/D","S/D","S/D","S/D"
2016,1846,4/10/2016,"Domingo",0,7:00:00,,"0.0",1,"Automóvil","Av Los Colonizadores 300",1,1,0,0,0,0,0,,"S/D",,"ESPERANZA","Las Colonias","Asfalto","Pavimento","XI","S/D","Urbana","Ninguna","No existe","Recta","Bueno","Buena","Nocturna","Lluvia","Contra objeto fijo","S/D","Colisión","Agua","Vertical","Línea divisoria pintada","Sin restricción"
2016,1847,4/25/2016,"Lunes",0,12:25:00,,"0.0",1,"Moto/Ciclomotor","Nicolas Schneider Y Castelli",1,0,1,0,0,0,0,,"Calle",,"ESPERANZA","Las Colonias","Asfalto","No existe","XI","S/D","Urbana","Ninguna","No existe","Intersección","Bueno","Buena","Diurna","Lluvia","Otro","S/D","Caída ocupante","S/D","S/D","Ninguna","Sin restricción"
2016,1848,1/15/2016,"Viernes",0,19:00:00,"Ruta Nacional 11","890.0",1,"Automóvil"," ",2,2,0,0,0,0,0,,"Ruta",11,"LAS TOSCAS","General Obligado","Asfalto","S/D","IX","Dentro","Urbana","S/D","S/D","Intersección","S/D","Buena","Diurna","S/D","S/D","S/D","Vuelco","S/D","S/D","S/D","S/D"
2016,1849,4/24/2016,"Domingo",0,3:45:00,,"0.0",1,"Moto/Ciclomotor","Berutti 2300",1,1,0,0,0,0,0,,"Calle",,"ESPERANZA","Las Colonias","Asfalto","Pavimento","XI","Dentro","Urbana","S/D","No existe","Intersección","Bueno","Buena","Nocturna","Buen Tiempo","Contra objeto fijo","S/D","Colisión","S/D","Horizontal","Línea divisoria pintada","Sin restricción"
2016,1850,1/16/2016,"Sabado",0,,"Ruta Provincial 3","0.0",2,"Moto/Ciclomotor,Moto/Ciclomotor"," ",3,1,0,0,2,0,0,,"Ruta",3,"VERA","Vera","S/D","S/D","XIX","Dentro","Urbana","S/D","S/D","Recta","S/D","S/D","Diurna","S/D","S/D","S/D","Colisión","S/D","S/D","S/D","S/D"
2016,1851,4/23/2016,"Sabado",0,,,"0.0",2,"Automóvil,Bicicleta","General Manuel Belgrano Y Cullen",2,0,1,0,1,0,0,,"Calle",,"ESPERANZA","Las Colonias","Asfalto","Pavimento","XI","Dentro","Urbana","Ninguna","No existe","Intersección","Bueno","Buena","Nocturna","Buen Tiempo","S/D","S/D","Atropello","S/D","Horizontal","Cordón divisorio","Sin restricción"
2016,1852,4/27/2016,"Miercoles",0,19:15:00,"Ruta Provincial 6","0.0",2,"Automóvil,Moto/Ciclomotor"," ",3,1,0,0,2,0,0,,"Ruta",6,"FRANCK","Las Colonias","Asfalto","No existe","XI","Dentro","Urbana","Ninguna","No existe","Intersección","Bueno","Buena","Nocturna,Con luz artificial","Buen Tiempo","S/D","S/D","Colisión","S/D","Faltante","Ninguna","Sin restricción"
2016,1853,1/16/2016,"Sabado",0,10:00:00,"Ruta Nacional 8","0.0",2,"Moto/Ciclomotor,Pickup/Utilitario","Quintana ",2,1,0,0,1,0,0,,"Ruta",8,"VENADO TUERTO","General López","Asfalto","S/D","VIII","Dentro","Urbana","S/D","S/D","Intersección","S/D","Buena","Diurna","S/D","S/D","S/D","Colisión","S/D","S/D","S/D","S/D"
2016,1854,1/16/2016,"Sabado",0,19:00:00,,"0.0",2,"Bicicleta,Automóvil","Maipu Y Cornelio Saavedra",2,1,0,0,1,0,0,,"Calle",,"VENADO TUERTO","General López","Asfalto","S/D","VIII","Dentro","Urbana","S/D","S/D","Intersección","S/D","S/D","Diurna","Buen Tiempo","S/D","S/D","Atropello","S/D","S/D","S/D","S/D"
2016,1855,4/1/2016,"Viernes",0,15:10:00,,"0.0",2,"Moto/Ciclomotor,Automóvil","Gral Lopez Y 25 de Mayo",2,1,0,0,1,0,0,,"Calle",,"FRANCK","Las Colonias","Asfalto","No existe","XI","Dentro","Urbana","Ninguna","No existe","Intersección","Bueno","Buena","Diurna","Buen Tiempo","Lateral","S/D","Colisión","S/D","Horizontal","Ninguna","Sin restricción"
2016,1856,1/16/2016,"Sabado",0,21:15:00,,"0.0",2,"Automóvil,Moto/Ciclomotor","Juan Lavalle Y 9 de Julio",3,2,0,0,1,0,0,,"Calle",,"VENADO TUERTO","General López","Asfalto","S/D","VIII","Dentro","Urbana","S/D","S/D","Intersección","S/D","Buena","Nocturna","S/D","S/D","S/D","Colisión","S/D","S/D","S/D","S/D"
2016,1857,4/25/2016,"Lunes",0,17:00:00,,"0.0",2,"Automóvil,Moto/Ciclomotor","Colonizadores Y 20 de Junio",2,1,0,0,1,0,0,,"Calle",,"PILAR","Las Colonias","Asfalto","No existe","XI","Dentro","Urbana","Ninguna","No existe","Intersección","Bueno","Buena","Atardecer","Lluvia","Lateral","S/D","Colisión","Ninguna","Faltante","Ninguna","Sin restricción"
2016,1858,4/19/2016,"Martes",0,14:40:00,,"0.0",2,"Automóvil,Camión","Vera Mujica ",4,1,1,0,2,0,0,,"Calle",,"SA PEREIRA","Las Colonias","Asfalto","Natural","XI","Dentro","Urbana","S/D","S/D","Recta","Bueno","Buena","Diurna","Buen Tiempo","Lateral","S/D","Colisión","S/D","S/D","Línea divisoria pintada","Sin restricción"
2016,1859,1/17/2016,"Domingo",0,,,"0.0",1,"Pickup/Utilitario","ZONA DEL FARO ",1,1,0,0,0,0,0,,"Calle",,"SANTA FE","La Capital","Asfalto","S/D","I","Dentro","Urbana","S/D","S/D","Recta","S/D","Buena","Nocturna","S/D","Contra objeto fijo","S/D","Colisión","S/D","S/D","S/D","S/D"
2016,1860,1/17/2016,"Domingo",0,7:35:00,"Ruta Provincial 32","36.0",1,"Automóvil"," ",3,3,0,0,0,0,0,,"Ruta",32,"VILLA ADELA","General Obligado","Asfalto","S/D","IX","Dentro","Urbana","S/D","S/D","Recta","S/D","Buena","Diurna","S/D","S/D","S/D","Vuelco","S/D","S/D","S/D","S/D"
2016,1861,1/18/2016,"Lunes",0,17:45:00,"Ruta Nacional A009","0.0",2,"Automóvil,Automóvil"," ",3,1,0,0,2,0,0,,"Ruta","A009","RECONQUISTA","General Obligado","Asfalto","S/D","IX","Dentro","Urbana","S/D","S/D","Intersección","Bueno","S/D","Diurna","S/D","S/D","S/D","Colisión","S/D","S/D","S/D","S/D"
2016,1862,1/19/2016,"Martes",0,,,"0.0",2,"Moto/Ciclomotor,Pickup/Utilitario"," ",2,1,0,0,1,0,0,,"Calle",,"CERES","San Cristóbal","S/D","S/D","XIII","Dentro","Urbana","S/D","S/D","S/D","S/D","S/D","S/D","S/D","S/D","S/D","Colisión","S/D","S/D","S/D","S/D"
2016,1863,1/19/2016,"Martes",0,20:50:00,,"0.0",1,"Automóvil","Calle 57-Prof Roberto Roveda ",5,2,0,0,3,0,0,,"Calle",,"RECONQUISTA","General Obligado","Asfalto","S/D","IX","Dentro","Urbana","S/D","S/D","Rotonda","S/D","Buena","Nocturna","S/D","S/D","S/D","Despiste","S/D","S/D","S/D","S/D"
2016,1864,4/28/2016,"Jueves",0,,,"0.0",2,"Automóvil,Bicicleta","Nicolas Avellaneda ",2,1,0,0,1,0,0,,"Calle",,"VENADO TUERTO","General López","Asfalto","No existe","VIII","Dentro","Urbana","S/D","No existe","Intersección","Bueno","S/D","S/D","S/D","S/D","S/D","Atropello","S/D","S/D","S/D","S/D"
2016,1865,4/12/2016,"Martes",0,8:00:00,,"0.0",2,"Moto/Ciclomotor,Pickup/Utilitario","Santa Fe Y Esperanto",2,1,0,0,1,0,0,,"Calle",,"VENADO TUERTO","General López","Asfalto","No existe","VIII","Dentro","Urbana","S/D","No existe","Intersección","Bueno","Buena","Diurna","S/D","S/D","S/D","Colisión","S/D","Vertical","S/D","S/D"
2016,1866,1/9/2016,"Sabado",0,10:00:00,,"0.0",2,"Bicicleta,Automóvil","Rosario Y Av Dr E Salva",2,1,0,0,1,0,0,,"Avenida",,"RAFAELA","Castellanos","Asfalto","Pavimento","V","Dentro","Urbana","S/D","Funciona","Intersección","Bueno","Buena","Diurna","Buen Tiempo","S/D","S/D","Atropello","S/D","S/D","S/D","S/D"
2016,1867,4/9/2016,"Sabado",0,20:00:00,,"0.0",2,"Pickup/Utilitario,Moto/Ciclomotor","12 de Octubre Y Bv H Irigoyen",2,1,0,0,1,0,0,,"Avenida",,"RAFAELA","Castellanos","Asfalto","Pavimento","V","Dentro","Urbana","S/D","No existe","Rotonda","Bueno","Buena","Nocturna","Buen Tiempo","Lateral","S/D","Colisión","S/D","S/D","S/D","Sin restricción"
2016,1868,4/6/2016,"Miercoles",0,2:00:00,,"0.0",1,"Bicicleta","Almafuerte Y R P A Janssen",1,1,0,0,0,0,0,,"Calle",,"ESPERANZA","Las Colonias","Hormigón","S/D","XI","Dentro","Urbana","Ninguna","No existe","Intersección","Bueno","Buena","Nocturna","Lluvia","S/D","S/D","Caída ocupante","Agua","S/D","Ninguna","Sin restricción"
2016,1869,4/7/2016,"Jueves",0,17:10:00,,"0.0",2,"Pickup/Utilitario,Bicicleta","Gobernador Crespo Y Las Heras",2,1,0,0,1,0,0,,"Calle",,"ESPERANZA","Las Colonias","Hormigón","S/D","XI","Dentro","Urbana","S/D","S/D","Intersección","Bueno","Buena","Diurna","Lluvia","S/D","S/D","Atropello","Agua","S/D","S/D","Sin restricción"
2016,1870,4/11/2016,"Lunes",0,7:00:00,,"0.0",2,"Moto/Ciclomotor,Automóvil","Moreno Y Colon",3,1,0,0,2,0,0,,"Calle",,"VERA","Vera","Asfalto","S/D","XIX","Dentro","Urbana","S/D","S/D","Intersección","Bueno","Buena","Amanecer","S/D","S/D","S/D","Colisión","S/D","S/D","S/D","S/D"
2016,1871,4/13/2016,"Miercoles",0,23:00:00,,"0.0",2,"Bicicleta,Automóvil","Quintana Y Gral Jose de San Martin",2,0,1,0,1,0,0,,"Calle",,"VENADO TUERTO","General López","Asfalto","No existe","VIII","Dentro","Urbana","S/D","No existe","Intersección","Bueno","Buena","Nocturna","Buen Tiempo","S/D","S/D","Atropello","S/D","S/D","S/D","S/D"
2016,1872,4/26/2016,"Martes",0,16:55:00,,"0.0",2,"Moto/Ciclomotor,Automóvil","Lisandro de la Torre Y Martin de Pueyrredon",2,1,0,0,1,0,0,,"Calle",,"VENADO TUERTO","General López","Asfalto","No existe","VIII","Dentro","Urbana","S/D","No existe","Intersección","Bueno","Buena","Diurna","Buen Tiempo","Lateral","S/D","Colisión","S/D","S/D","S/D","S/D"
2016,1873,4/26/2016,"Martes",0,6:55:00,,"0.0",2,"Moto/Ciclomotor,Pickup/Utilitario","Alberdi Juan Bautista Y French",2,1,0,0,1,0,0,,"Calle",,"VENADO TUERTO","General López","Asfalto","No existe","VIII","Dentro","Urbana","S/D","No existe","Intersección","Bueno","Buena","Amanecer","Buen Tiempo","Lateral","S/D","Colisión","S/D","S/D","S/D","S/D"
2016,1874,4/26/2016,"Martes",0,14:40:00,,"0.0",2,"Moto/Ciclomotor,Moto/Ciclomotor","Colon Y San Martin",2,1,0,0,1,0,0,,"Calle",,"VERA","Vera","S/D","S/D","XIX","Dentro","Urbana","S/D","S/D","Intersección","S/D","S/D","Diurna","S/D","S/D","S/D","Colisión","S/D","S/D","S/D","S/D"
2016,1875,4/2/2016,"Sabado",0,,,"0.0",2,"Peatón,Automóvil","Presidente Peron Y Presidente Peron",2,1,0,0,1,0,0,,"Avenida",,"VILLA CONSTITUCIÓN","Constitución","Asfalto","Pavimento","VI","Dentro","Urbana","Ninguna","No existe","Intersección","Bueno","Buena","Diurna","Buen Tiempo","S/D","S/D","Atropello","Ninguna","Faltante","Ninguna","Sin restricción"
2016,1876,4/15/2016,"Viernes",0,20:10:00,"Ruta Nacional 33","643.0",4,"Automóvil,Camión,Camión,Pickup/Utilitario"," ",4,0,1,0,3,0,0,,"Ruta",33,"MURPHY","General López","Asfalto","Natural","VIII","Dentro","Urbana","Marca Vial","No existe","Recta","Bueno","Buena","Nocturna","Buen Tiempo","Múltiple","S/D","Colisión","S/D","Horizontal","Línea divisoria pintada","Sin restricción"
2016,1877,4/2/2016,"Sabado",0,,,"0.0",2,"Moto/Ciclomotor,Automóvil","14 de Febrero Y Presidente Peron",3,2,0,0,1,0,0,,"Avenida",,"VILLA CONSTITUCIÓN","Constitución","Asfalto","Pavimento","VI","S/D","Urbana","S/D","Funciona","Intersección","Bueno","Buena","Diurna","S/D","S/D","S/D","Colisión","Ninguna","Vertical","S/D","S/D"
2016,1878,4/26/2016,"Martes",0,19:15:00,,"0.0",2,"Moto/Ciclomotor,Pickup/Utilitario","Balcarce Y Guillermo Brown",2,1,0,0,1,0,0,,"Calle",,"VENADO TUERTO","General López","Asfalto","No existe","VIII","Dentro","Urbana","S/D","No existe","Intersección","Bueno","Buena","Atardecer","Buen Tiempo","Lateral","S/D","Colisión","S/D","S/D","S/D","S/D"
2016,1879,4/22/2016,"Viernes",0,,,"0.0",2,"Camión,Moto/Ciclomotor","Libertad Y Corrientes",2,1,0,0,1,0,0,,"Calle",,"VENADO TUERTO","General López","Asfalto","No existe","VIII","Dentro","Urbana","S/D","No existe","Intersección","Bueno","Buena","Diurna","Buen Tiempo","Lateral","S/D","Colisión","S/D","S/D","S/D","S/D"
2016,1880,4/28/2016,"Jueves",0,,,"0.0",2,"Moto/Ciclomotor,Automóvil","Pbro D Segundo Y Salta",2,0,1,0,1,0,0,,"Avenida",,"VILLA CONSTITUCIÓN","Constitución","Asfalto","No existe","VI","S/D","Urbana","Ninguna","No existe","Intersección","Bueno","Buena","Diurna","Otro","Otro","S/D","Colisión","Ninguna","Faltante","Ninguna","Sin restricción"
2016,1881,4/28/2016,"Jueves",0,,,"0.0",2,"Automóvil,Moto/Ciclomotor","Gral Jose de San Martin Y Marconico",2,0,1,0,1,0,0,,"Calle",,"VENADO TUERTO","General López","Asfalto","No existe","VIII","Dentro","Urbana","S/D","No existe","Intersección","Bueno","Buena","Diurna","Buen Tiempo","Lateral","S/D","Colisión","S/D","S/D","S/D","S/D"
2016,1882,4/25/2016,"Lunes",0,,,"0.0",2,"Peatón,Otros","25 de Mayo Y Independencia",2,1,0,0,0,0,1,,"Calle",,"VILLA CONSTITUCIÓN","Constitución","Asfalto","Pavimento","VI","S/D","Urbana","Ninguna","No existe","Intersección","Bueno","S/D","Diurna","Buen Tiempo","S/D","S/D","Atropello","Ninguna","Faltante","Ninguna","Sin restricción"
2016,1883,4/1/2016,"Viernes",0,12:00:00,,"0.0",2,"Moto/Ciclomotor,Automóvil","Buenos Aires Y 9 de Julio",2,1,0,0,1,0,0,,"Calle",,"CAÑADA ROSQUÍN","San Martín","Asfalto","Natural","XVIII","Dentro","Urbana","Otra Señal","No existe","Intersección","Bueno","Buena","Diurna","Buen Tiempo","Lateral","S/D","Colisión","S/D","Faltante","Ninguna","Sin restricción"
2016,1884,4/21/2016,"Jueves",0,14:40:00,,"0.0",2,"Camión,Moto/Ciclomotor","San Luis Y Rodriguez",2,1,0,0,1,0,0,,"Calle",,"ROSARIO","Rosario","S/D","S/D","II","Dentro","Urbana","S/D","S/D","S/D","S/D","S/D","Diurna","S/D","S/D","S/D","Colisión","S/D","S/D","S/D","S/D"
2016,1885,4/23/2016,"Sabado",0,9:45:00,,"0.0",2,"Moto/Ciclomotor,Automóvil","Lima Y Montevideo",2,1,0,0,1,0,0,,"Calle",,"ROSARIO","Rosario","S/D","S/D","II","Dentro","Urbana","S/D","S/D","S/D","S/D","S/D","Diurna","S/D","S/D","S/D","Colisión","S/D","S/D","S/D","S/D"
2016,1886,4/19/2016,"Martes",0,11:30:00,,"0.0",2,"Peatón,Moto/Ciclomotor","Bv. Segui 5400",2,2,0,0,0,0,0,,"Calle",,"ROSARIO","Rosario","Asfalto","No existe","II","Dentro","Urbana","Ninguna","No existe","Recta","S/D","Buena","Diurna","Buen Tiempo","S/D","S/D","Atropello","S/D","Faltante","Barrera de hormigón","Sin restricción"
2016,1887,4/4/2016,"Lunes",0,11:15:00,,"0.0",2,"Automóvil,Moto/Ciclomotor","Castellanos Y Montevideo",4,2,0,0,2,0,0,,"Calle",,"ROSARIO","Rosario","Asfalto","Pavimento","II","Dentro","Urbana","Semáforo","S/D","S/D","Bueno","Buena","Diurna","Lluvia","De alcance","S/D","Colisión","Agua","Faltante","S/D","Sin restricción"
2016,1888,4/20/2016,"Miercoles",0,,,"0.0",2,"Moto/Ciclomotor,Automóvil","Mendoza Y Juan Jose de Urquiza",2,1,0,0,1,0,0,,"Calle",,"VILLA CONSTITUCIÓN","Constitución","Asfalto","Pavimento","VI","S/D","Urbana","Ninguna","No existe","Intersección","Bueno","Buena","Diurna","Buen Tiempo","Otro","S/D","Colisión","Ninguna","Faltante","Ninguna","Sin restricción"
2016,1889,3/3/2016,"Jueves",0,18:15:00,"Ruta Nacional 11","593.8",2,"Automóvil,Pickup/Utilitario"," ",2,1,0,0,1,0,0,,"Ruta",11,"MARCELINO ESCALADA","San Justo","Asfalto","Natural","XVI","Dentro","Urbana","Ninguna","S/D","Recta","Bueno","Buena","Diurna","Buen Tiempo","Múltiple","S/D","Colisión","Ninguna","Horizontal","Línea divisoria pintada","Sin restricción"
2016,1890,4/11/2016,"Lunes",0,12:30:00,,"0.0",2,"Automóvil,Automóvil","Noceda Y Independencia",4,3,0,0,1,0,0,,"Calle",,"VIDELA","San Justo","Asfalto","S/D","XVI","Dentro","Urbana","Ninguna","No existe","Intersección","Resbaladiza","Buena","Diurna","Lluvia","Lateral","S/D","Colisión","Material Suelto","Faltante","Ninguna","Sin restricción"
2016,1891,4/4/2016,"Lunes",0,19:00:00,,"0.0",2,"Moto/Ciclomotor,Automóvil","Av. Pellegrini Y Gutenberg",3,1,0,0,2,0,0,,"Calle",,"ROSARIO","Rosario","Asfalto","Pavimento","II","Dentro","Urbana","Semáforo","Funciona","S/D","Bueno","Buena","Atardecer","Lluvia","De alcance","S/D","Colisión","Agua","S/D","S/D","Sin restricción"
2016,1892,4/8/2016,"Viernes",0,12:00:00,,"0.0",2,"Pickup/Utilitario,Moto/Ciclomotor","Av. Avellaneda B Y Mendoza",2,1,0,0,1,0,0,,"Calle",,"ROSARIO","Rosario","Asfalto","Pavimento","II","Dentro","Urbana","Semáforo","Funciona","S/D","Bueno","Buena","Diurna","Lluvia","De alcance","S/D","Colisión","Agua","S/D","S/D","Sin restricción"
2016,1893,4/15/2016,"Viernes",0,17:30:00,,"0.0",2,"Bicicleta,Automóvil","San Martin ",2,1,0,0,1,0,0,,"Calle",,"VILLA CONSTITUCIÓN","Constitución","Tierra","Natural","XIV","Dentro","Urbana","Ninguna","No existe","Intersección","Ahuellamiento","Buena","Diurna","Buen Tiempo","S/D","S/D","Atropello","Otro","Faltante","Ninguna","Sin restricción"
2016,1894,4/30/2016,"Sabado",0,9:30:00,,"0.0",2,"Automóvil,Automóvil","Independencia Y Hipolito Irigoyen",3,1,0,0,2,0,0,,"Calle",,"VILLA CONSTITUCIÓN","Constitución","Asfalto","No existe","VI","Dentro","Urbana","Ninguna","No existe","Intersección","Bueno","Buena","Diurna","S/D","S/D","S/D","Colisión","S/D","Faltante","Ninguna","Sin restricción"
2016,1895,4/17/2016,"Domingo",0,10:45:00,,"0.0",1,"Automóvil","Nicolas Avellaneda ",3,1,1,0,1,0,0,,"Calle",,"VENADO TUERTO","General López","Asfalto","No existe","VIII","S/D","Urbana","S/D","No existe","Intersección","Bueno","Buena","Diurna","S/D","S/D","S/D","S/D","S/D","S/D","S/D","S/D"
2016,1896,4/12/2016,"Martes",0,,,"0.0",2,"Moto/Ciclomotor,Moto/Ciclomotor","Lisandro de la Torre Y Nicolas Avellaneda",2,1,1,0,0,0,0,,"Calle",,"VENADO TUERTO","General López","Asfalto","No existe","VIII","S/D","Urbana","S/D","No existe","Intersección","Bueno","S/D","S/D","S/D","S/D","S/D","S/D","S/D","S/D","S/D","S/D"
2016,1897,4/16/2016,"Sabado",0,,,"0.0",2,"Moto/Ciclomotor,Moto/Ciclomotor","Santa Fe Y Catamarca",3,0,1,0,1,1,0,"-33.742388, -61.958407","Avenida",,"VENADO TUERTO","General López","Asfalto","No existe","VIII","S/D","Urbana","S/D","No existe","Intersección","Bueno","Buena","Diurna","S/D","S/D","S/D","Colisión","S/D","S/D","S/D","S/D"
2016,1898,4/22/2016,"Viernes",0,,,"0.0",2,"Moto/Ciclomotor,Automóvil","Moreno Y Cordoba",2,1,0,0,1,0,0,,"Calle",,"VILLA CONSTITUCIÓN","Constitución","Asfalto","No existe","VI","Dentro","Urbana","Ninguna","No existe","Intersección","Bueno","Buena","Diurna","Buen Tiempo","S/D","S/D","Colisión","S/D","Horizontal","Ninguna","Sin restricción"
2016,1899,4/25/2016,"Lunes",0,15:10:00,,"0.0",2,"Automóvil,Moto/Ciclomotor","Balcarce Y Dean Funes",2,0,1,0,1,0,0,,"Calle",,"VENADO TUERTO","General López","Asfalto","No existe","VIII","S/D","Urbana","S/D","No existe","Intersección","Bueno","Buena","Diurna","S/D","S/D","S/D","S/D","S/D","S/D","S/D","S/D"