"anio_acci","nro_acci","fecha","desc_dia","fecha_aprox","hora_aprox","desc_ruta","km","cant_participantes","desc_participante","calle_avenida_km","total","heridos_leves","heridos_graves","heridos_gravisimos","ilesos","fallecidos","sin_datos","posicion_XY","desc_tipo_via","desc_ruta_ori","desc_loc","desc_dpto","desc_tipo_calzada","desc_tipo_banquina","desc_unidad_regional","desc_lugar_calzada","desc_zona","desc_prioridad","desc_estado_semaforo","desc_lugar_via","desc_estado_via","desc_estado_visibilidad","desc_luminosidad","desc_estado_clima","desc_tipo_colision","desc_tipo_atropello","desc_tipo_hecho","desc_pres_calzada","desc_senializacion","desc_separacion_via","desc_restriccion"
2016,1900,4/18/2016,"Lunes",0,8:55:00,,"0.0",2,"Moto/Ciclomotor,Automóvil","Saavedra Y Almafuerte",2,1,0,0,1,0,0,,"Calle",,"VILLA CONSTITUCIÓN","Constitución","Asfalto","No existe","VI","Dentro","Urbana","Ninguna","No existe","Intersección","Bueno","Buena","Diurna","Buen Tiempo","S/D","S/D","Colisión","S/D","Faltante","Cordón divisorio","Sin restricción"
2016,1901,2/13/2016,"Sabado",0,4:30:00,,"0.0",2,"Moto/Ciclomotor,Automóvil","Av Almte Brown Y Angel Cassanello",3,0,0,0,1,2,0,"-31.614333333333,-60.671","Avenida",,"SANTA FE","La Capital","Asfalto","S/D","I","Dentro","Urbana","Ninguna","No existe","Intersección","Bueno","S/D","Nocturna","S/D","Lateral","S/D","Colisión","S/D","S/D","Cordón divisorio","Sin restricción"
2016,1902,4/11/2016,"Lunes",0,17:30:00,"Ruta Provincial 18","37.0",2,"Automóvil,Camión"," ",2,1,0,0,1,0,0,,"Ruta",18,"VILLA CONSTITUCIÓN","Constitución","Asfalto","Natural","VI","Dentro","Rural","Ninguna","No existe","Curva","Resbaladiza","Reducida","Diurna","Lluvia","Lateral","S/D","Colisión","Agua","Faltante","Línea divisoria pintada","Sin restricción"
2016,1903,4/22/2016,"Viernes",0,11:00:00,"Ruta Provincial 18","48.0",3,"Camión,Automóvil,Automóvil"," ",4,1,1,0,2,0,0,,"Ruta",18,"SANTA TERESA","Constitución","Asfalto","Ripio","VI","Dentro","Urbana","Otra Señal","No existe","Recta","Bueno","Buena","Diurna","Buen Tiempo","Lateral","S/D","Colisión","Ninguna","Horizontal","Línea divisoria pintada","Sin restricción"
2016,1904,4/30/2016,"Sabado",0,19:00:00,"Ruta Provincial 21","0.0",2,"Automóvil,Moto/Ciclomotor"," ",3,2,0,0,1,0,0,,"Ruta",21,"VILLA CONSTITUCIÓN","Constitución","Asfalto","Natural","VI","Dentro","Rural","Ninguna","No existe","Intersección","Bueno","Buena","Atardecer","Buen Tiempo","Lateral","S/D","Colisión","Ninguna","Faltante","Ninguna","Sin restricción"
2016,1905,4/28/2016,"Jueves",0,5:20:00,"Ruta Provincial 21","0.0",1,"Automóvil"," ",2,1,1,0,0,0,0,,"Ruta",21,"VILLA CONSTITUCIÓN","Constitución","Asfalto","Natural","VI","Fuera","Rural","Ninguna","No existe","Recta","Bueno","Reducida","Nocturna","Buen Tiempo","Atropello animal","S/D","Colisión","Ninguna","Faltante","Ninguna","Sin restricción"
2016,1906,4/26/2016,"Martes",0,13:30:00,,"0.0",2,"Automóvil,Pickup/Utilitario","San Martin 4488",4,3,0,0,1,0,0,,"S/D",,"VILLA CONSTITUCIÓN","Constitución","Asfalto","Pavimento","VI","Dentro","Urbana","Semáforo","Funciona","Recta","Bueno","Buena","Diurna","Buen Tiempo","Frontal","S/D","Colisión","Ninguna","Faltante","Ninguna","Sin restricción"
2016,1907,4/17/2016,"Domingo",0,14:10:00,,"0.0",2,"Automóvil,Moto/Ciclomotor","Bolivia Y Brasil",4,1,0,0,3,0,0,,"Calle",,"VILLA CONSTITUCIÓN","Constitución","Asfalto","No existe","VI","Dentro","Urbana","Ninguna","No existe","Intersección","Bueno","Buena","Diurna","Buen Tiempo","Lateral","S/D","Colisión","Ninguna","Faltante","Ninguna","Sin restricción"
2016,1908,4/4/2016,"Lunes",0,11:30:00,,"0.0",2,"Moto/Ciclomotor,Automóvil","Simon Bolivar Y Bartolome Mitre",2,1,0,0,1,0,0,,"Calle",,"VILLA CONSTITUCIÓN","Constitución","Asfalto","No existe","VI","Dentro","Urbana","Ninguna","No existe","Intersección","Bueno","Reducida","Diurna","Lluvia","Lateral","S/D","Colisión","Ninguna","Faltante","Ninguna","Sin restricción"
2016,1909,3/27/2016,"Domingo",0,3:30:00,"Ruta Provincial 18","63.0",2,"Camión,Camión"," ",3,1,0,0,2,0,0,,"Ruta",18,"PEYRANO","Constitución","Asfalto","Natural","VI","Dentro","S/D","S/D","No existe","Recta","Bueno","Buena","Nocturna","Buen Tiempo","Frontal","S/D","Colisión","S/D","S/D","Línea divisoria pintada","S/D"
2016,1910,4/23/2016,"Sabado",0,19:07:00,"Ruta Provincial 21","38.0",2,"Automóvil,Automóvil"," ",10,2,0,0,8,0,0,,"Ruta",21,"EMPALME VILLA CONSTITUCIÓN","Constitución","Asfalto","Natural","VI","Dentro","Urbana","Ninguna","No existe","Recta","Ahuellamiento","S/D","Atardecer","Buen Tiempo","De alcance","S/D","Colisión","S/D","Horizontal","Línea divisoria pintada","Sin restricción"
2016,1911,4/28/2016,"Jueves",0,1:30:00,,"0.0",2,"Pickup/Utilitario,Peatón","12 de Octubre ",2,1,0,0,1,0,0,,"Calle",,"TOSTADO","9 de Julio","Hormigón","No existe","XII","Dentro","Urbana","Ninguna","No existe","Otro","Bueno","Reducida","Nocturna","Buen Tiempo","S/D","S/D","Atropello","Ninguna","Faltante","Ninguna","Sin restricción"
2016,1912,4/9/2016,"Sabado",0,10:30:00,,"0.0",2,"Moto/Ciclomotor,Pickup/Utilitario","Balcarce Y 12 de Octubre",3,1,0,0,2,0,0,,"Calle",,"TOSTADO","9 de Julio","Asfalto","No existe","XII","Dentro","Urbana","Ninguna","No existe","Intersección","Resbaladiza","Reducida","Diurna","Lluvia","Lateral","S/D","Colisión","Agua","Faltante","Cordón divisorio","Sin restricción"
2016,1913,4/30/2016,"Sabado",0,18:30:00,"Ruta Provincial 2","0.0",1,"Moto/Ciclomotor"," ",1,0,1,0,0,0,0,,"Ruta",2,"TOSTADO","9 de Julio","Hormigón","Natural","XII","Fuera","S/D","Ninguna","No existe","Curva","Bueno","Buena","Diurna","Buen Tiempo","S/D","S/D","Vuelco","Ninguna","Horizontal","Ninguna","Sin restricción"
2016,1914,4/4/2016,"Lunes",0,6:20:00,,"0.0",1,"Moto/Ciclomotor"," ",1,0,1,0,0,0,0,,"Camino Rural",,"LOGROÑO","9 de Julio","Tierra","No existe","XII","S/D","Rural","S/D","No existe","Recta","Resbaladiza,Ahuellamiento","Reducida","Amanecer","Lluvia","S/D","S/D","Caída ocupante","Agua","Faltante","S/D","S/D"
2016,1915,4/28/2016,"Jueves",0,18:45:00,,"419.0",2,"Bicicleta,Moto/Ciclomotor"," ",2,0,1,0,1,0,0,,"S/D",,"CORONDA","San Jerónimo","Asfalto","Natural","XV","S/D","Urbana","Ninguna","No existe","Recta","Bueno","Buena","Atardecer","Buen Tiempo","S/D","S/D","Atropello","Otro","Faltante","Ninguna","Sin restricción"
2016,1916,4/2/2016,"Sabado",0,11:25:00,,"0.0",2,"Peatón,Automóvil","Av A del Valle Y Reg 12 de Infanteria",2,1,0,0,1,0,0,,"Avenida",,"SANTA FE","La Capital","Asfalto","Pavimento","I","Dentro","Urbana","S/D","Funciona","Intersección","Bueno","Buena","Diurna","Buen Tiempo","S/D","S/D","Atropello","S/D","Vertical","S/D","S/D"
2016,1917,4/3/2016,"Domingo",0,22:40:00,,"0.0",1,"Automóvil","Azcuenaga Y J M Zuviria",1,1,0,0,0,0,0,,"Calle",,"SANTA FE","La Capital","Asfalto","Pavimento","I","Dentro","Urbana","S/D","No existe","Recta","Resbaladiza","S/D","Nocturna","Buen Tiempo","Contra objeto fijo","S/D","Colisión","Material Suelto","Faltante","S/D","S/D"
2016,1918,4/4/2016,"Lunes",0,3:00:00,,"0.0",1,"Automóvil","Azcuenaga Y J Castelli",1,1,0,0,0,0,0,,"Calle",,"SANTA FE","La Capital","Asfalto","Pavimento","I","Dentro","Urbana","S/D","No existe","Recta","Resbaladiza","Reducida","Diurna,Con luz artificial","Buen Tiempo","S/D","S/D","S/D","Material Suelto","Faltante","S/D","S/D"
2016,1919,4/9/2016,"Sabado",0,16:10:00,,"0.0",2,"Automóvil,Moto/Ciclomotor","J M Zuviria Y Reg 12 de Infanteria",4,3,0,0,1,0,0,,"Avenida",,"SANTA FE","La Capital","Asfalto","Pavimento","I","Dentro","Urbana","S/D","No existe","Intersección","Bueno","Buena","Diurna","Buen Tiempo","Lateral","S/D","Colisión","S/D","Faltante","S/D","S/D"
2016,1920,4/18/2016,"Lunes",0,19:00:00,,"0.0",2,"Peatón,Moto/Ciclomotor","Av A del Valle Y La Pampa",2,1,0,0,1,0,0,,"Avenida",,"SANTA FE","La Capital","Asfalto","Pavimento","I","Dentro","Urbana","S/D","No existe","Intersección","Bueno","Reducida","Nocturna,Con luz artificial","Lluvia","S/D","S/D","Atropello","Agua","Faltante","S/D","S/D"
2016,1921,4/28/2016,"Jueves",0,8:20:00,,"0.0",2,"Moto/Ciclomotor,Automóvil","Reconquista Y Rivadavia",2,1,0,0,1,0,0,,"Calle",,"PUERTO SAN MARTÍN","San Lorenzo","Asfalto","No existe","XVII","Dentro","Urbana","Ninguna","No existe","Intersección","Bueno","Buena","Diurna","Buen Tiempo","Lateral","S/D","Colisión","S/D","Horizontal","Ninguna","Sin restricción"
2016,1922,4/20/2016,"Miercoles",0,6:10:00,,"0.0",2,"Moto/Ciclomotor,Automóvil","Sgto Cabral Y Sarmiento",2,1,0,0,1,0,0,,"Calle",,"PUERTO SAN MARTÍN","San Lorenzo","Asfalto","No existe","XVII","Dentro","Urbana","Ninguna","No existe","Intersección","Bueno","Buena","Diurna","Buen Tiempo","De alcance","S/D","Colisión","S/D","Horizontal","Ninguna","Sin restricción"
2016,1923,4/4/2016,"Lunes",0,20:30:00,"Ruta Secundaria 18-s","0.0",2,"Moto/Ciclomotor,Camión"," ",2,1,0,0,1,0,0,,"Ruta","18-s","PUERTO SAN MARTÍN","San Lorenzo","Asfalto","Natural","XVII","Dentro","Urbana","Ninguna","S/D","Recta","Bueno","Buena","Nocturna","Buen Tiempo","Frontal","S/D","Colisión","Agua","Horizontal","Ninguna","Sin restricción"
2016,1924,4/6/2016,"Miercoles",0,20:05:00,,"0.0",2,"Automóvil,Moto/Ciclomotor","Rivadavia 1800",3,1,0,0,2,0,0,,"Calle",,"PUERTO SAN MARTÍN","San Lorenzo","Asfalto","No existe","XVII","Dentro","Urbana","Ninguna","No existe","Recta","Bueno","Buena","Nocturna","Buen Tiempo","Lateral","S/D","Colisión","S/D","Horizontal","Ninguna","Sin restricción"
2016,1925,4/16/2016,"Sabado",0,11:45:00,,"0.0",2,"Automóvil,Moto/Ciclomotor","Rivadavia Y Avellaneda",2,0,1,0,1,0,0,,"Calle",,"FRAY LUIS BELTRÁN","San Lorenzo","Asfalto","No existe","XVII","Dentro","Urbana","Ninguna","No existe","Intersección","Con baches","Buena","Diurna","Buen Tiempo","Lateral","S/D","Colisión","S/D","Faltante","Ninguna","Sin restricción"
2016,1926,4/9/2016,"Sabado",0,21:15:00,,"0.0",2,"Automóvil,Moto/Ciclomotor","Rioja Y Guayaquil",2,1,0,0,1,0,0,,"Calle",,"FRAY LUIS BELTRÁN","San Lorenzo","Asfalto","No existe","XVII","Dentro","Urbana","Ninguna","No existe","Intersección","Con baches","Buena","Atardecer","Buen Tiempo","Lateral","S/D","Colisión","S/D","S/D","Ninguna","Sin restricción"
2016,1927,4/1/2016,"Viernes",0,9:40:00,,"0.0",2,"Bicicleta,Automóvil","Venezuela Y C Escalada",3,0,0,0,0,0,3,,"Calle",,"CAPITÁN BERMÚDEZ","San Lorenzo","Asfalto","No existe","XVII","Dentro","Urbana","S/D","No existe","Intersección","Bueno","Buena","Diurna","Buen Tiempo","S/D","S/D","Atropello","S/D","Faltante","S/D","Sin restricción"
2016,1928,4/1/2016,"Viernes",0,15:00:00,,"0.0",2,"Moto/Ciclomotor,Pickup/Utilitario","Venezuela Y Puerto Argentino",2,0,0,0,0,0,2,,"Calle",,"CAPITÁN BERMÚDEZ","San Lorenzo","Tierra","No existe","XVII","Dentro","Urbana","Ninguna","No existe","Intersección","Con baches","Buena","Atardecer","Buen Tiempo","Lateral","S/D","S/D","S/D","Faltante","Ninguna","Sin restricción"
2016,1929,4/4/2016,"Lunes",0,7:05:00,"Ruta Nacional 11","0.0",2,"Ambulancia,Moto/Ciclomotor","Chacabuco ",2,2,0,0,0,0,0,,"Ruta",11,"CAPITÁN BERMÚDEZ","San Lorenzo","Asfalto","No existe","XVII","Dentro","Urbana","S/D","No existe","Curva","Bueno","Buena","Diurna","Buen Tiempo","S/D","S/D","Colisión","S/D","Faltante","S/D","Sin restricción"
2016,1930,4/21/2016,"Jueves",0,18:30:00,,"0.0",2,"Automóvil,Moto/Ciclomotor","J M Zuviria Y Pavon",2,1,0,0,1,0,0,,"Avenida",,"SANTA FE","La Capital","Asfalto,Tierra","Pavimento","I","Dentro","Urbana","S/D","No existe","Intersección","Resbaladiza","Reducida","Nocturna,Con luz artificial","Lluvia","Lateral","S/D","Colisión","Agua","Faltante","S/D","S/D"
2016,1931,4/1/2016,"Viernes",0,16:00:00,"Ruta Nacional A012","58.0",3,"Camión,Automóvil,Camión"," ",3,1,0,0,2,0,0,,"Ruta","A012","RICARDONE","San Lorenzo","Hormigón","Natural","XVII","Dentro","Rural","Ninguna","No existe","Recta","Bueno","Buena","Diurna","Buen Tiempo","Otro","S/D","Colisión","Ninguna","Faltante","Ninguna","Sin restricción"
2016,1932,4/22/2016,"Viernes",0,10:30:00,"Ruta Nacional A012","62.0",2,"Tractor,Automóvil"," ",4,1,0,0,3,0,0,,"Ruta","A012","RICARDONE","San Lorenzo","Asfalto","Natural","XVII","Dentro","Rural","Ninguna","No existe","Recta","Bueno","Buena","Diurna","Lluvia","Otro","S/D","Colisión","Agua","Faltante","Ninguna","Sin restricción"
2016,1933,4/5/2016,"Martes",0,19:30:00,,"0.0",2,"Automóvil,Moto/Ciclomotor","Remedios de Escalada Y Rioja",2,1,0,0,0,0,1,,"Calle",,"CAPITÁN BERMÚDEZ","San Lorenzo","Asfalto","No existe","XVII","Dentro","Urbana","S/D","No existe","Intersección","Bueno","Buena","Diurna","Buen Tiempo","S/D","S/D","S/D","S/D","Faltante","S/D","Sin restricción"
2016,1934,4/2/2016,"Sabado",0,14:20:00,"Ruta Nacional 11","342.0",2,"Moto/Ciclomotor,Camión"," ",2,1,0,0,1,0,0,,"Ruta",11,"TIMBÚES","San Lorenzo","Asfalto","Natural","XVII","Dentro","Rural","Ninguna","No existe","Intersección","Con baches,Deteriorada","Buena","Diurna","Buen Tiempo","S/D","S/D","Atropello","Ninguna","Faltante","Ninguna","Sin restricción"
2016,1935,4/9/2016,"Sabado",0,7:30:00,"Ruta Nacional 11","337.0",2,"Automóvil,Pickup/Utilitario"," ",2,1,0,0,1,0,0,,"Ruta",11,"TIMBÚES","San Lorenzo","Asfalto","Natural","XVII","Dentro","Rural","Ninguna","No existe","Recta","Con baches,Deteriorada","Reducida","Amanecer","Buen Tiempo","S/D","S/D","Atropello","Ninguna","Faltante","Ninguna","Sin restricción"
2016,1936,4/5/2016,"Martes",0,18:20:00,"Ruta Nacional 11","0.0",2,"Moto/Ciclomotor,Moto/Ciclomotor","Las Heras ",2,1,0,0,1,0,0,,"Ruta",11,"CAPITÁN BERMÚDEZ","San Lorenzo","Asfalto","No existe","XVII","Dentro","Urbana","S/D","No existe","Intersección","Bueno","Buena","Diurna","Buen Tiempo","S/D","S/D","Colisión","S/D","S/D","S/D","Sin restricción"
2016,1937,4/9/2016,"Sabado",0,8:05:00,"Ruta Nacional 11","0.0",2,"Automóvil,Moto/Ciclomotor","Tucuman Y Tucuman",2,1,0,0,0,0,1,,"Ruta",11,"CAPITÁN BERMÚDEZ","San Lorenzo","Asfalto","No existe","XVII","Dentro","Urbana","S/D","No existe","Intersección","Bueno","Buena","Diurna","Buen Tiempo","S/D","S/D","Colisión","S/D","S/D","S/D","S/D"
2016,1938,4/10/2016,"Domingo",0,5:30:00,"Ruta Nacional 11","0.0",2,"Automóvil,Moto/Ciclomotor","Av Pomillo ",3,1,1,0,1,0,0,,"Ruta",11,"CAPITÁN BERMÚDEZ","San Lorenzo","Asfalto","No existe","XVII","Dentro","Urbana","S/D","No existe","Intersección","Bueno","Buena","Nocturna","Buen Tiempo","S/D","S/D","Colisión","S/D","Horizontal","Ninguna","S/D"
2016,1939,4/13/2016,"Miercoles",0,5:30:00,,"0.0",2,"Bicicleta,Automóvil","Colon Y Juan de Garay",2,1,0,0,0,0,1,,"Calle",,"CAPITÁN BERMÚDEZ","San Lorenzo","Asfalto","No existe","XVII","Dentro","Urbana","Ninguna","No existe","Rotonda","Bueno","Buena","Amanecer","S/D","Frontal","S/D","Atropello","S/D","Faltante","Cordón divisorio","Sin restricción"
2016,1940,4/22/2016,"Viernes",0,18:00:00,,"0.0",2,"Moto/Ciclomotor,Automóvil","San Salvador Y Colon",3,1,0,0,2,0,0,,"Calle",,"CAPITÁN BERMÚDEZ","San Lorenzo","Asfalto","No existe","XVII","Dentro","Urbana","S/D","No existe","Intersección","Bueno","Buena","Atardecer","S/D","S/D","S/D","Colisión","S/D","Faltante","S/D","S/D"
2016,1941,4/25/2016,"Lunes",0,17:50:00,"Ruta Nacional 11","0.0",2,"Moto/Ciclomotor,Automóvil","9 de Julio ",3,1,0,0,2,0,0,,"Ruta",11,"SAN LORENZO","San Lorenzo","Asfalto","No existe","XVII","Dentro","Urbana","Ninguna","No existe","Intersección","Bueno","Buena","Atardecer","Buen Tiempo","S/D","S/D","Colisión","S/D","Horizontal","S/D","Sin restricción"
2016,1942,3/1/2016,"Martes",0,9:00:00,"Ruta Provincial 92","0.0",2,"Automóvil,Camión c / Semirremolque","Saavedra ",2,1,0,0,0,1,0,"-33.109736, -61.690911","Ruta",92,"SAN JOSÉ DE LA ESQUINA","Caseros","Asfalto","Natural","IV","S/D","Urbana","Señal Pare","No existe","Intersección","Bueno","Buena","Diurna","Buen Tiempo","Frontal","S/D","Colisión","Ninguna","Horizontal,Vertical","Línea divisoria pintada","Sin restricción"
2016,1943,5/2/2016,"Lunes",0,15:20:00,"Ruta Nacional 178","111.0",1,"Camión c / Acoplado"," ",1,0,0,0,0,1,0,"-33.199455, -61.322812","Ruta",178,"CHABAS","Caseros","Asfalto","Natural","IV","S/D","S/D","Ninguna","No existe","Recta","Bueno","Buena","Diurna","Buen Tiempo","S/D","S/D","Vuelco","Ninguna","S/D","Ninguna","Sin restricción"
2016,1944,5/13/2016,"Viernes",0,15:00:00,"Ruta Nacional 11","827.0",2,"Peatón,Automóvil"," ",2,0,0,0,1,1,0,"-28.850358, -59.505688","Ruta",11,"LAS GARZAS","General Obligado","Asfalto","Natural","IX","Dentro","Urbana","Ninguna","No existe","Recta","Bueno","Buena","Diurna","Buen Tiempo","S/D","Peatón","Atropello","S/D","Faltante","Ninguna","Sin restricción"
2016,1945,7/28/2016,"Jueves",0,13:15:00,,"0.0",2,"Moto/Ciclomotor,Moto/Ciclomotor","Calle 120 Y Calle 111",5,3,1,0,0,1,0,"-29.115327, -59.677319","Calle",,"AVELLANEDA","General Obligado","Asfalto","Natural","IX","Dentro","Urbana","Ninguna","No existe","Intersección","Bueno","Buena","Diurna","Buen Tiempo","S/D","S/D","Colisión","Ninguna","S/D","S/D","Sin restricción"
2016,1946,4/27/2016,"Miercoles",0,6:30:00,"Ruta Nacional 11","0.0",2,"Bicicleta,Automóvil","Salta ",2,1,0,0,0,0,1,,"Ruta",11,"CAPITÁN BERMÚDEZ","San Lorenzo","Asfalto","No existe","XVII","Dentro","Urbana","S/D","No existe","Intersección","Bueno","Buena","Amanecer","S/D","Frontal","S/D","Atropello","S/D","S/D","S/D","S/D"
2016,1947,4/27/2016,"Miercoles",0,10:15:00,,"0.0",2,"Moto/Ciclomotor,Automóvil","Entre Rios ",3,2,0,0,0,0,1,,"Calle",,"CAPITÁN BERMÚDEZ","San Lorenzo","Asfalto","No existe","XVII","Dentro","Urbana","S/D","S/D","Recta","Bueno","Buena","Atardecer","S/D","S/D","S/D","Colisión","S/D","S/D","S/D","S/D"
2016,1948,4/9/2016,"Sabado",0,13:25:00,,"0.0",2,"Peatón,Automóvil","Richieri Y Av Carlos A Poucel",2,0,0,0,0,0,2,,"Calle",,"SAN LORENZO","San Lorenzo","S/D","S/D","XVII","Dentro","Urbana","S/D","S/D","S/D","S/D","S/D","Diurna","S/D","S/D","S/D","Atropello","S/D","S/D","S/D","S/D"
2016,1949,4/1/2016,"Viernes",0,22:45:00,,"0.0",2,"Automóvil,Automóvil","Av San Martin Y Luis Borghi",4,0,0,0,0,0,4,,"Calle",,"SAN LORENZO","San Lorenzo","Asfalto","S/D","XVII","Dentro","Urbana","S/D","S/D","S/D","Bueno","Buena","Nocturna","S/D","S/D","S/D","Colisión","S/D","S/D","S/D","S/D"
2016,1950,4/2/2016,"Sabado",0,20:00:00,,"0.0",2,"Automóvil,Automóvil","Jose Ingenieros Y General Lopez",3,0,0,0,0,0,3,,"Calle",,"SAN LORENZO","San Lorenzo","S/D","S/D","XVII","Dentro","Urbana","S/D","S/D","S/D","S/D","S/D","Diurna","S/D","S/D","S/D","Colisión","S/D","S/D","S/D","S/D"
2016,1951,4/2/2016,"Sabado",0,18:30:00,,"0.0",2,"Automóvil,Moto/Ciclomotor","Juan M De Rosas Y Belgrano",2,0,0,0,0,0,2,,"Calle",,"SAN LORENZO","San Lorenzo","S/D","S/D","XVII","Dentro","Urbana","S/D","S/D","S/D","S/D","Buena","Diurna","S/D","S/D","S/D","Colisión","S/D","S/D","S/D","S/D"
2016,1952,4/2/2016,"Sabado",0,21:00:00,,"0.0",2,"Moto/Ciclomotor,Automóvil","Urquiza Y Av Carlos A Poucel",2,1,0,0,0,0,1,,"Calle",,"SAN LORENZO","San Lorenzo","S/D","S/D","XVII","Dentro","Urbana","S/D","S/D","S/D","S/D","S/D","Nocturna","S/D","S/D","S/D","Colisión","S/D","S/D","S/D","S/D"
2016,1953,4/3/2016,"Domingo",0,15:25:00,,"0.0",2,"Automóvil,Moto/Ciclomotor","Dorrego Y Jose Ingenieros",4,0,0,0,0,0,4,,"Calle",,"SAN LORENZO","San Lorenzo","S/D","S/D","XVII","Dentro","Urbana","S/D","S/D","S/D","S/D","S/D","Diurna","S/D","S/D","S/D","Colisión","S/D","S/D","S/D","S/D"
2016,1954,4/4/2016,"Lunes",0,16:20:00,,"0.0",2,"Moto/Ciclomotor,Automóvil","Irigoyen Y B de Astrada",2,0,0,0,0,0,2,,"Calle",,"SAN LORENZO","San Lorenzo","S/D","S/D","XVII","Dentro","Urbana","S/D","S/D","S/D","S/D","S/D","Diurna","S/D","S/D","S/D","Colisión","S/D","S/D","S/D","S/D"
2016,1955,4/5/2016,"Martes",0,18:40:00,,"0.0",2,"Automóvil,Moto/Ciclomotor","Av Carlos A Poucel Y Tucuman",2,1,0,0,0,0,1,,"Calle",,"SAN LORENZO","San Lorenzo","S/D","S/D","XVII","Dentro","Urbana","S/D","S/D","S/D","S/D","S/D","Diurna","S/D","S/D","S/D","Colisión","S/D","S/D","S/D","S/D"
2016,1956,4/7/2016,"Jueves",0,21:45:00,,"0.0",2,"Peatón,Automóvil","Juan M De Rosas 700",2,0,0,0,0,0,2,,"Calle",,"SAN LORENZO","San Lorenzo","S/D","S/D","XVII","Dentro","Urbana","S/D","S/D","S/D","S/D","S/D","Nocturna","S/D","S/D","S/D","Atropello","S/D","S/D","S/D","S/D"
2016,1957,1/19/2016,"Martes",0,21:25:00,"Ruta Nacional 11","0.0",2,"Moto/Ciclomotor,Peatón","Calle 5 ",3,3,0,0,0,0,0,,"Ruta",11,"LAS TOSCAS","General Obligado","Asfalto","S/D","IX","Dentro","Urbana","S/D","S/D","Intersección","S/D","Buena","Nocturna","S/D","S/D","S/D","Atropello","S/D","S/D","S/D","S/D"
2016,1958,1/19/2016,"Martes",0,19:00:00,,"0.0",2,"Moto/Ciclomotor,Automóvil","25 de Mayo Y Bv Sarmiento",2,1,0,0,1,0,0,,"Calle",,"VILLA OCAMPO","General Obligado","Asfalto","No existe","IX","Dentro","Urbana","S/D","No existe","Intersección","Resbaladiza","Buena","Atardecer","Buen Tiempo","Lateral","S/D","Colisión","S/D","Faltante","Cordón divisorio,S/D","Sin restricción"
2016,1959,1/19/2016,"Martes",0,17:20:00,,"0.0",2,"Pickup/Utilitario,Automóvil"," ",7,1,0,0,6,0,0,,"Calle",,"COLONIA DURÁN","San Javier","Asfalto","S/D","XIV","Dentro","Urbana","S/D","S/D","Recta","S/D","Buena","Diurna","S/D","S/D","S/D","Colisión","S/D","S/D","S/D","S/D"
2016,1960,1/20/2016,"Miercoles",0,11:15:00,,"0.0",2,"Pickup/Utilitario,Moto/Ciclomotor","French Y Juan Carlos Alberdi",2,1,0,0,1,0,0,,"Calle",,"VENADO TUERTO","General López","S/D","S/D","VIII","Dentro","Urbana","S/D","S/D","Distribuidor","S/D","S/D","Diurna","S/D","S/D","S/D","Colisión","S/D","S/D","S/D","S/D"
2016,1961,1/20/2016,"Miercoles",0,20:00:00,,"0.0",2,"Moto/Ciclomotor,Pickup/Utilitario","Leandro N Alem Y E Eterovich",3,2,0,0,1,0,0,,"Calle",,"VENADO TUERTO","General López","S/D","S/D","VIII","Dentro","Urbana","S/D","S/D","Intersección","S/D","S/D","Atardecer","S/D","S/D","S/D","Colisión","S/D","S/D","S/D","S/D"
2016,1962,1/21/2016,"Jueves",0,,"Ruta Nacional 11","730.0",3,"Camión,Transporte Escolar,Automóvil"," ",3,3,0,0,0,0,0,,"Ruta",11,"VERA","Vera","S/D","S/D","XIX","Dentro","Urbana","S/D","S/D","Recta","S/D","S/D","Diurna","S/D","Múltiple","S/D","Colisión","S/D","S/D","S/D","S/D"
2016,1963,4/23/2016,"Sabado",0,12:30:00,,"337.0",2,"Bicicleta,Automóvil"," ",2,1,0,0,1,0,0,,"S/D",,"SAN JERÓNIMO SUR","San Lorenzo","S/D","S/D","XVII","S/D","S/D","S/D","S/D","S/D","S/D","S/D","Diurna","S/D","S/D","S/D","Atropello","S/D","S/D","S/D","S/D"
2016,1964,1/24/2016,"Domingo",0,21:00:00,"Ruta Provincial 32","0.0",3,"Moto/Ciclomotor,Peatón,Pickup/Utilitario","Bv Sarmiento ",3,1,1,0,1,0,0,,"Ruta",32,"VILLA OCAMPO","General Obligado","Asfalto","Natural","IX","Dentro","Urbana","S/D","No existe","Recta","Bueno","Reducida","Nocturna","Viento Fuerte","S/D","Peatón","Atropello","S/D","Faltante","Cordón divisorio,S/D","Sin restricción"
2016,1965,4/20/2016,"Miercoles",0,17:20:00,,"0.0",2,"Moto/Ciclomotor,Automóvil","Dorrego Y Silverio Cordoba",2,1,0,0,1,0,0,,"Calle",,"SAN LORENZO","San Lorenzo","Hormigón","S/D","XVII","S/D","Urbana","S/D","S/D","Intersección","Bueno","S/D","Diurna","S/D","S/D","S/D","Colisión","S/D","S/D","S/D","S/D"
2016,1966,4/8/2016,"Viernes",0,18:20:00,,"0.0",2,"Moto/Ciclomotor,Automóvil","Avellaneda Y Bv Estanislao Lopez",3,1,0,0,2,0,0,,"Calle",,"ROLDÁN","San Lorenzo","Hormigón","No existe","XVII","Dentro","Urbana","Ninguna","No existe","Intersección","Bueno","Buena","Atardecer","Lluvia","Lateral","S/D","Colisión","S/D","Vertical","Ninguna","Sin restricción"
2016,1967,1/25/2016,"Lunes",0,,,"0.0",2,"Automóvil,Moto/Ciclomotor","Calle 6-Ituzaingo Y Calle 11-Alvear",2,1,0,0,1,0,0,,"Calle",,"RECONQUISTA","General Obligado","S/D","S/D","IX","Dentro","Urbana","S/D","S/D","Intersección","S/D","S/D","S/D","S/D","S/D","S/D","Colisión","S/D","S/D","S/D","S/D"