"anio_acci","nro_acci","fecha","desc_dia","fecha_aprox","hora_aprox","desc_ruta","km","cant_participantes","desc_participante","calle_avenida_km","total","heridos_leves","heridos_graves","heridos_gravisimos","ilesos","fallecidos","sin_datos","posicion_XY","desc_tipo_via","desc_ruta_ori","desc_loc","desc_dpto","desc_tipo_calzada","desc_tipo_banquina","desc_unidad_regional","desc_lugar_calzada","desc_zona","desc_prioridad","desc_estado_semaforo","desc_lugar_via","desc_estado_via","desc_estado_visibilidad","desc_luminosidad","desc_estado_clima","desc_tipo_colision","desc_tipo_atropello","desc_tipo_hecho","desc_pres_calzada","desc_senializacion","desc_separacion_via","desc_restriccion"
2016,1968,1/26/2016,"Martes",0,1:20:00,,"0.0",2,"Moto/Ciclomotor,Moto/Ciclomotor","Calle 15-Pcio. Diez Y Calle 28 - San Lorenzo",3,3,0,0,0,0,0,,"Calle",,"RECONQUISTA","General Obligado","S/D","S/D","IX","Dentro","Urbana","S/D","S/D","Intersección","S/D","S/D","Nocturna","S/D","S/D","S/D","Colisión","S/D","S/D","S/D","S/D"
2016,1969,1/27/2016,"Miercoles",0,12:10:00,,"0.0",2,"Peatón,Moto/Ciclomotor","Calle 25 - Pietropaolo Y Calle 42 - Misiones",2,1,0,0,1,0,0,,"Calle",,"RECONQUISTA","General Obligado","S/D","S/D","IX","Dentro","Urbana","S/D","S/D","Intersección","S/D","S/D","Diurna","S/D","S/D","S/D","Atropello","S/D","S/D","S/D","S/D"
2016,1970,1/26/2016,"Martes",0,22:30:00,,"0.0",2,"Moto/Ciclomotor,Pickup/Utilitario","Calle 20 9 de Julio Y Calle 31-Newbery",2,1,0,0,1,0,0,,"Calle",,"RECONQUISTA","General Obligado","S/D","S/D","IX","Dentro","Urbana","S/D","S/D","Intersección","S/D","S/D","Nocturna","S/D","S/D","S/D","Colisión","S/D","S/D","S/D","S/D"
2016,1971,1/26/2016,"Martes",0,10:20:00,,"0.0",2,"Moto/Ciclomotor,Automóvil","Calle 25 - Pietropaolo Y Calle 12 San Martin",2,1,0,0,1,0,0,,"Calle",,"RECONQUISTA","General Obligado","Asfalto","S/D","IX","Dentro","Urbana","S/D","S/D","Intersección","S/D","S/D","Diurna","S/D","S/D","S/D","Colisión","S/D","S/D","S/D","S/D"
2016,1972,1/26/2016,"Martes",0,9:00:00,,"0.0",2,"Moto/Ciclomotor,Pickup/Utilitario","Calle 13-Iturraspe Y Calle 28 - San Lorenzo",2,1,0,0,1,0,0,,"Calle",,"RECONQUISTA","General Obligado","Asfalto","S/D","IX","Dentro","Urbana","S/D","S/D","Intersección","S/D","S/D","Diurna","S/D","S/D","S/D","Colisión","S/D","S/D","S/D","S/D"
2016,1973,4/21/2016,"Jueves",0,7:45:00,,"0.0",2,"Moto/Ciclomotor,Automóvil","Larrea Y Avenida Alberdi",3,2,0,0,1,0,0,,"Calle",,"ROLDÁN","San Lorenzo","Hormigón","No existe","XVII","Dentro","Urbana","Ninguna","No existe","Intersección","Bueno","Buena","Diurna","Buen Tiempo","Lateral","S/D","Colisión","S/D","Faltante","Ninguna","Sin restricción"
2016,1974,1/27/2016,"Miercoles",0,9:10:00,,"0.0",2,"Automóvil,Pickup/Utilitario","España Y Cristobal Colon",2,1,0,0,1,0,0,,"Calle",,"VENADO TUERTO","General López","Asfalto","S/D","VIII","Dentro","Urbana","S/D","S/D","Intersección","S/D","S/D","Diurna","S/D","S/D","S/D","Colisión","S/D","S/D","S/D","Sin restricción"
2016,1975,1/27/2016,"Miercoles",0,9:50:00,,"0.0",2,"Automóvil,Moto/Ciclomotor","Mariano Moreno Y Jose Aufranc",3,2,0,0,1,0,0,,"Calle",,"VENADO TUERTO","General López","Asfalto","S/D","VIII","Dentro","Urbana","S/D","S/D","Intersección","S/D","S/D","Diurna","S/D","S/D","S/D","Colisión","S/D","S/D","S/D","S/D"
2016,1976,4/23/2016,"Sabado",0,15:15:00,,"0.0",2,"Moto/Ciclomotor,Moto/Ciclomotor","Sgto. J Cabral Y Catamarca",2,1,0,0,1,0,0,,"Calle",,"ROLDÁN","San Lorenzo","Hormigón","No existe","XVII","Dentro","Urbana","Ninguna","No existe","Recta","Bueno","Buena","Diurna","Buen Tiempo","De alcance","S/D","Colisión","Ninguna","Vertical","Ninguna","Sin restricción"
2016,1977,4/22/2016,"Viernes",0,13:30:00,,"0.0",2,"Moto/Ciclomotor,Pickup/Utilitario","San Martin ",2,1,0,0,1,0,0,,"Avenida",,"CARCARAÑÁ","San Lorenzo","Asfalto","No existe","XVII","Dentro","Urbana","Ninguna","No existe","Intersección","Bueno","Buena","Diurna","Buen Tiempo","Lateral","S/D","Colisión","Ninguna","Faltante","Ninguna","Sin restricción"
2016,1978,1/21/2016,"Jueves",0,17:40:00,,"0.0",2,"Tren,Moto/Ciclomotor","J C Orsetti Y Vias del Ferrocarril",3,0,2,0,1,0,0,,"Calle",,"GRANADERO BAIGORRIA","Rosario","S/D","S/D","II","Dentro","Urbana","S/D","S/D","Paso a Nivel FFCC","S/D","S/D","Diurna","S/D","S/D","S/D","Colisión","S/D","S/D","S/D","S/D"
2016,1979,4/14/2016,"Jueves",0,8:30:00,,"0.0",2,"Automóvil,Moto/Ciclomotor","Juan M De Rosas Y Belgrano",2,0,0,0,0,0,2,,"S/D",,"SAN LORENZO","San Lorenzo","S/D","Pavimento","XVII","S/D","Urbana","S/D","No existe","Intersección","S/D","S/D","Diurna","S/D","S/D","S/D","S/D","S/D","S/D","S/D","S/D"
2016,1980,4/23/2016,"Sabado",0,23:30:00,,"0.0",2,"Automóvil,Moto/Ciclomotor","Bv Oroño ",2,0,0,0,0,0,2,,"S/D",,"SAN LORENZO","San Lorenzo","S/D","S/D","XVII","S/D","S/D","S/D","S/D","S/D","S/D","S/D","Nocturna","S/D","S/D","S/D","S/D","S/D","S/D","S/D","S/D"
2016,1981,4/20/2016,"Miercoles",0,14:35:00,,"0.0",2,"Moto/Ciclomotor,Automóvil","L N Alem Y Av San Martin",2,0,0,0,0,0,2,,"S/D",,"SAN LORENZO","San Lorenzo","S/D","S/D","XVII","S/D","S/D","S/D","S/D","S/D","S/D","S/D","Diurna","S/D","S/D","S/D","Colisión","S/D","S/D","S/D","S/D"
2016,1982,1/27/2016,"Miercoles",0,,,"0.0",1,"Moto/Ciclomotor","E Lopez Y Laprida",2,2,0,0,0,0,0,,"Calle",,"SAN CRISTÓBAL","San Cristóbal","Asfalto","S/D","XIII","Dentro","Urbana","S/D","S/D","Intersección","S/D","S/D","S/D","S/D","S/D","S/D","Caída ocupante","S/D","S/D","S/D","S/D"
2016,1983,1/27/2016,"Miercoles",0,,,"0.0",2,"Moto/Ciclomotor,Pickup/Utilitario","Gral Belgrano Y Hipolito Irigoyen",2,1,0,0,1,0,0,,"Calle",,"SAN CRISTÓBAL","San Cristóbal","S/D","S/D","XIII","Dentro","Urbana","S/D","S/D","Intersección","S/D","S/D","S/D","S/D","S/D","S/D","Colisión","S/D","S/D","S/D","S/D"
2016,1984,1/27/2016,"Miercoles",0,,"Ruta Secundaria 62-s","0.0",2,"Pickup/Utilitario,Pickup/Utilitario"," ",4,2,2,0,0,0,0,,"Ruta","62-s","LA LUCILA","San Cristóbal","Asfalto","S/D","XIII","Dentro","Urbana","S/D","S/D","Cruce","S/D","S/D","S/D","S/D","S/D","S/D","Colisión","S/D","S/D","S/D","S/D"
2016,1985,4/9/2016,"Sabado",0,9:40:00,,"0.0",2,"Automóvil,Automóvil","Colon Y Rivadavia",2,0,0,0,0,0,2,,"S/D",,"SAN LORENZO","San Lorenzo","S/D","S/D","XVII","S/D","S/D","S/D","S/D","S/D","S/D","S/D","Diurna","S/D","S/D","S/D","Colisión","S/D","S/D","S/D","S/D"
2016,1986,4/9/2016,"Sabado",0,,,"0.0",2,"Automóvil,Automóvil","Uriburu 2900",3,0,0,0,0,0,3,,"S/D",,"SAN LORENZO","San Lorenzo","S/D","S/D","XVII","S/D","S/D","S/D","S/D","S/D","S/D","S/D","S/D","S/D","S/D","S/D","S/D","S/D","S/D","S/D","S/D"
2016,1987,4/21/2016,"Jueves",0,22:15:00,,"0.0",1,"Moto/Ciclomotor","Sarmiento Y Entre Rios",1,1,0,0,0,0,0,,"Calle",,"CENTENO","San Jerónimo","Hormigón","No existe","XV","Dentro","Urbana","Ninguna","No existe","Intersección","Deteriorada","Buena","Nocturna","Buen Tiempo","S/D","S/D","Caída ocupante","Material Suelto","Faltante","Ninguna","Sin restricción"
2016,1988,1/29/2016,"Viernes",0,9:35:00,"Ruta Nacional 8","0.0",2,"Pickup/Utilitario,Moto/Ciclomotor"," ",2,1,0,0,1,0,0,,"Ruta",8,"VENADO TUERTO","General López","S/D","S/D","VIII","Dentro","Urbana","S/D","S/D","Recta","S/D","S/D","Diurna","S/D","S/D","S/D","Colisión","S/D","S/D","S/D","S/D"
2016,1989,4/30/2016,"Sabado",0,19:30:00,"Ruta Secundaria 80-s","3.0",2,"Tractor,Automóvil"," ",6,3,0,0,3,0,0,,"Ruta","80-s","AROCENA","San Jerónimo","Asfalto","Natural","XV","Dentro","S/D","Ninguna","No existe","Recta","Bueno","Reducida","Nocturna","Buen Tiempo","S/D","S/D","Colisión","Ninguna","Horizontal","Ninguna","Sin restricción"
2016,1990,1/28/2016,"Jueves",0,,,"0.0",1,"Pickup/Utilitario","Tucuman Y Pje Paraguay",1,1,0,0,0,0,0,,"Calle",,"SANTA FE","La Capital","Asfalto","S/D","I","Dentro","Urbana","S/D","S/D","Intersección","S/D","S/D","Diurna","S/D","Contra objeto fijo","S/D","Colisión","S/D","S/D","S/D","S/D"
2016,1991,4/21/2016,"Jueves",0,19:00:00,,"0.0",2,"Moto/Ciclomotor,Automóvil","Dorrego Y Belgrano",5,0,0,0,0,0,5,,"Calle",,"GÁLVEZ","San Jerónimo","Hormigón","No existe","XV","S/D","Urbana","S/D","S/D","Intersección","Bueno","Buena","Atardecer","S/D","S/D","S/D","S/D","S/D","S/D","S/D","S/D"
2016,1992,4/25/2016,"Lunes",0,22:05:00,,"0.0",1,"Moto/Ciclomotor","pbro d Balbiano ",1,1,0,0,0,0,0,,"Calle",,"GÁLVEZ","San Jerónimo","Asfalto","No existe","XV","Dentro","Urbana","Ninguna","S/D","Recta","Bueno","Buena","Nocturna","Buen Tiempo","S/D","S/D","Caída ocupante","S/D","S/D","Ninguna","Sin restricción"
2016,1993,4/27/2016,"Miercoles",0,19:50:00,"Ruta Provincial 80","0.0",1,"Moto/Ciclomotor"," ",1,1,0,0,0,0,0,,"Ruta",80,"GÁLVEZ","San Jerónimo","Asfalto","No existe","XV","Dentro","Rural","S/D","No existe","Recta","Bueno","Buena","Atardecer","S/D","S/D","S/D","Caída ocupante","S/D","S/D","S/D","Sin restricción"
2016,1994,4/20/2016,"Miercoles",0,,,"0.0",1,"Moto/Ciclomotor","Hipolito Irigoyen 454",2,2,0,0,0,0,0,,"Calle",,"GÁLVEZ","San Jerónimo","Asfalto","S/D","XV","Dentro","Urbana","S/D","S/D","Recta","Bueno","Buena","S/D","Buen Tiempo","Contra objeto fijo","S/D","Colisión","S/D","S/D","S/D","S/D"
2016,1995,4/13/2016,"Miercoles",0,,,"0.0",2,"Moto/Ciclomotor,Pickup/Utilitario","Capitan Bermudez Y Dorrego",2,1,0,0,1,0,0,,"Calle",,"GÁLVEZ","San Jerónimo","S/D","S/D","XV","Dentro","Urbana","S/D","S/D","Intersección","S/D","S/D","S/D","S/D","S/D","S/D","Colisión","S/D","S/D","S/D","S/D"
2016,1996,4/5/2016,"Martes",0,,,"0.0",2,"Moto/Ciclomotor,Pickup/Utilitario","Silvio Arcas 200",2,1,0,0,1,0,0,,"Calle",,"GÁLVEZ","San Jerónimo","Asfalto","S/D","XV","Dentro","Urbana","S/D","S/D","Recta","S/D","S/D","S/D","S/D","S/D","S/D","Colisión","S/D","S/D","S/D","S/D"
2016,1997,4/4/2016,"Lunes",0,19:00:00,,"0.0",2,"Bicicleta,Moto/Ciclomotor","Bvard 20 de Junio Y J Ingenieros",2,1,0,0,1,0,0,,"Calle",,"GÁLVEZ","San Jerónimo","Asfalto","No existe","XV","Dentro","Urbana","S/D","S/D","Intersección","Bueno","Buena","Diurna","S/D","S/D","S/D","Atropello","S/D","S/D","S/D","S/D"
2016,1998,4/3/2016,"Domingo",0,16:50:00,,"0.0",2,"Moto/Ciclomotor,Automóvil","Bvard 20 de Junio Y Maipu",2,1,0,0,1,0,0,,"Calle",,"GÁLVEZ","San Jerónimo","Hormigón","No existe","XV","Dentro","Urbana","S/D","No existe","Intersección","Bueno","Buena","Atardecer","S/D","S/D","S/D","Colisión","S/D","S/D","S/D","S/D"
2016,1999,4/19/2016,"Martes",0,10:00:00,,"0.0",2,"Bicicleta,Automóvil","Rivadavia Y Bme Mitre",2,2,0,0,0,0,0,,"Calle",,"GÁLVEZ","San Jerónimo","S/D","S/D","XV","Dentro","Urbana","Ninguna","S/D","Intersección","S/D","Buena","Diurna","Buen Tiempo","S/D","S/D","Atropello","S/D","S/D","Ninguna","Sin restricción"
2016,2000,4/12/2016,"Martes",0,9:45:00,,"0.0",2,"Bicicleta,Pickup/Utilitario","Avda 25 de Mayo Y Sarmiento",2,2,0,0,0,0,0,,"Calle",,"GÁLVEZ","San Jerónimo","Hormigón","No existe","XV","Dentro","Urbana","S/D","No existe","Intersección","Bueno","Buena","Diurna","S/D","S/D","S/D","Atropello","S/D","S/D","S/D","S/D"
2016,2001,4/15/2016,"Viernes",0,14:45:00,,"0.0",2,"Moto/Ciclomotor,Automóvil","Capitan Bermudez Y Dorrego",2,2,0,0,0,0,0,,"Calle",,"GÁLVEZ","San Jerónimo","Hormigón","No existe","XV","Dentro","Urbana","S/D","S/D","Intersección","S/D","S/D","Diurna","S/D","S/D","S/D","Colisión","S/D","S/D","S/D","S/D"
2016,2002,4/17/2016,"Domingo",0,17:45:00,,"0.0",2,"Automóvil,Automóvil","Capitan Bermudez Y Falucho",5,1,0,0,4,0,0,,"Calle",,"GÁLVEZ","San Jerónimo","S/D","S/D","XV","Dentro","Urbana","S/D","S/D","Intersección","S/D","S/D","Diurna","S/D","S/D","S/D","Colisión","S/D","S/D","S/D","S/D"
2016,2003,4/21/2016,"Jueves",0,11:15:00,,"0.0",2,"Pickup/Utilitario,Moto/Ciclomotor","Avda 25 de Mayo Y Sarmiento",4,1,0,0,3,0,0,,"Calle",,"GÁLVEZ","San Jerónimo","Hormigón","S/D","XV","Dentro","Urbana","S/D","S/D","Intersección","Bueno","S/D","Diurna","S/D","S/D","S/D","Colisión","S/D","S/D","S/D","S/D"
2016,2004,4/29/2016,"Viernes",0,11:20:00,,"0.0",2,"Moto/Ciclomotor,Pickup/Utilitario","Sarmiento Y Capitan Bermudez",2,0,1,0,1,0,0,,"Calle",,"GÁLVEZ","San Jerónimo","Hormigón","No existe","XV","Dentro","Urbana","S/D","No existe","Intersección","Bueno","S/D","Diurna","S/D","S/D","S/D","Colisión","S/D","S/D","S/D","S/D"
2016,2005,4/26/2016,"Martes",0,17:20:00,"Ruta Nacional 11","430.0",2,"Automóvil,Camión"," ",2,1,0,0,1,0,0,,"Ruta",11,"DESVÍO ARIJÓN","San Jerónimo","Asfalto","Natural","XV","Dentro","Urbana","S/D","No existe","Recta","Bueno","Buena","Diurna","Buen Tiempo","Lateral","S/D","Colisión","S/D","S/D","Línea divisoria pintada","Sin restricción"
2016,2006,4/28/2016,"Jueves",0,8:45:00,"Ruta Nacional 11","434.0",2,"Moto/Ciclomotor,Pickup/Utilitario"," ",2,1,0,0,1,0,0,,"Ruta",11,"DESVÍO ARIJÓN","San Jerónimo","Asfalto","Natural","XV","Dentro","Urbana","Ninguna","No existe","Recta","Bueno","Buena","Diurna","Buen Tiempo","S/D","S/D","Colisión","S/D","S/D","Línea divisoria pintada","Sin restricción"
2016,2007,4/18/2016,"Lunes",0,1:20:00,,"0.0",2,"Moto/Ciclomotor,Automóvil","Santa Fe Y Mejico",2,1,0,0,1,0,0,,"Calle",,"ROSARIO","Rosario","Asfalto","S/D","II","Dentro","Urbana","Ninguna","S/D","Intersección","Bueno","Buena","Nocturna","Buen Tiempo","De alcance","S/D","Colisión","S/D","S/D","S/D","Sin restricción"
2016,2008,4/20/2016,"Miercoles",0,19:00:00,,"0.0",2,"Moto/Ciclomotor,Automóvil","Rioja Y F.More",2,1,0,0,1,0,0,,"Calle",,"ROSARIO","Rosario","Asfalto","S/D","II","Dentro","Urbana","S/D","S/D","Intersección","Bueno","Buena","Atardecer","Buen Tiempo","Lateral","S/D","Colisión","S/D","S/D","S/D","Sin restricción"
2016,2009,4/21/2016,"Jueves",0,14:00:00,,"0.0",2,"Moto/Ciclomotor,Automóvil","Larrea Y Viamonte",2,1,0,0,1,0,0,,"Calle",,"ROSARIO","Rosario","Asfalto","S/D","II","Dentro","Urbana","S/D","S/D","Intersección","Bueno","Buena","Diurna","S/D","Lateral","S/D","Colisión","S/D","S/D","S/D","S/D"
2016,2010,4/20/2016,"Miercoles",0,11:00:00,,"0.0",2,"Peatón,Automóvil","Azcuenaga 4700",2,1,0,0,1,0,0,,"Calle",,"SANTA FE","La Capital","Hormigón","Pavimento","I","Dentro","Urbana","Ninguna","No existe","Recta","Deteriorada","Reducida","Diurna","Lluvia","S/D","S/D","Atropello","Agua","Faltante","Ninguna","Sin restricción"
2016,2011,4/21/2016,"Jueves",0,12:30:00,,"0.0",2,"Peatón,Automóvil","Av Blas Parera Y Estado de Israel",2,0,1,0,1,0,0,,"S/D",,"SANTA FE","La Capital","Hormigón","Pavimento","I","S/D","S/D","Semáforo","Funciona","Intersección","Deteriorada","Buena","Diurna","Buen Tiempo","S/D","S/D","Atropello","Material Suelto","Horizontal,Vertical","Cordón divisorio","Obra en Construcción"
2016,2012,4/2/2016,"Sabado",0,,,"0.0",2,"Moto/Ciclomotor,Automóvil","Av Roque Saenz Peña Y San Martin",2,1,0,0,1,0,0,,"Calle",,"SAN GENARO","San Jerónimo","Asfalto","No existe","XV","Dentro","Urbana","Ninguna","No existe","Rotonda","Bueno","Buena","Nocturna,Con luz artificial","Buen Tiempo","De alcance","S/D","Colisión","S/D","Faltante","Ninguna","Sin restricción"
2016,2013,4/21/2016,"Jueves",0,21:00:00,,"0.0",2,"Moto/Ciclomotor,Pickup/Utilitario","Gorostiaga 4000",2,1,0,0,1,0,0,,"Calle",,"SANTA FE","La Capital","Hormigón","Pavimento","I","Dentro","Urbana","Ninguna","No existe","Recta","Deteriorada","Reducida","Nocturna","Buen Tiempo","Lateral","S/D","Colisión","Material Suelto","Faltante","Ninguna","Sin restricción"
2016,2014,4/2/2016,"Sabado",0,16:15:00,"Ruta Provincial 64","0.0",1,"Moto/Ciclomotor"," ",1,0,1,0,0,0,0,,"Ruta",64,"LARRECHEA","San Jerónimo","Asfalto","Natural","XV","Dentro","Urbana","Ninguna","No existe","Recta","Bueno","Buena","Diurna","Buen Tiempo","S/D","S/D","Caída ocupante","S/D","Horizontal,Vertical","Línea divisoria pintada","Sin restricción"
2016,2015,4/11/2016,"Lunes",0,18:00:00,"Ruta Provincial 70","69.0",3,"Automóvil,Camión,Automóvil"," ",9,2,0,0,7,0,0,,"Ruta",70,"BELLA ITALIA","Castellanos","Asfalto","Natural","V","Dentro","Urbana","Ninguna","No existe","Recta","Resbaladiza","Buena","Diurna","Granizo","Múltiple","S/D","Colisión","Agua","Vertical","Línea divisoria pintada","Sin restricción"
2016,2016,4/24/2016,"Domingo",0,11:00:00,,"0.0",2,"Peatón,Moto/Ciclomotor","J Castelli 4000",2,2,0,0,0,0,0,,"S/D",,"SANTA FE","La Capital","Hormigón","Pavimento","I","Dentro","Urbana","S/D","Funciona","Recta","Bueno","Buena","Diurna","Buen Tiempo","S/D","S/D","Atropello","S/D","S/D","Ninguna","Sin restricción"
2016,2017,4/27/2016,"Miercoles",0,12:30:00,,"0.0",2,"Bicicleta,Pickup/Utilitario","Av Blas Parera Y Pje Obispo Gregorio Romero",2,1,0,0,1,0,0,,"Avenida",,"SANTA FE","La Capital","Hormigón","Pavimento","I","Dentro","Urbana","Ninguna","No existe","Intersección","Deteriorada","Buena","Diurna","Buen Tiempo","Lateral","S/D","Colisión","Material Suelto","Horizontal,Vertical","Cordón divisorio","Obra en Construcción"
2016,2018,4/4/2016,"Lunes",0,22:45:00,"Ruta Nacional 34","250.0",3,"Camión,Camión,Automóvil"," ",4,2,0,0,1,0,1,,"Ruta",34,"ATALIVA","Castellanos","Asfalto","Natural","V","Dentro","Rural","Marca Vial","No existe","S/D","Resbaladiza","Reducida","Nocturna","Lluvia","Múltiple","S/D","Colisión","Agua","Horizontal,Vertical","Línea divisoria pintada","S/D"
2016,2019,4/27/2016,"Miercoles",0,17:00:00,,"0.0",2,"Moto/Ciclomotor,Automóvil","Av Peñaloza Y J Castelli",2,1,0,0,1,0,0,,"Avenida",,"SANTA FE","La Capital","Hormigón","Pavimento","I","Dentro","Urbana","Semáforo","Funciona","Intersección","Bueno","Buena","Diurna","Buen Tiempo","Lateral","S/D","Colisión","S/D","Horizontal,Vertical","Cordón divisorio","Sin restricción"
2016,2020,4/15/2016,"Viernes",0,12:00:00,,"0.0",2,"Bicicleta,Automóvil","San Martin Y Paso de los Andes",2,1,0,0,1,0,0,,"Calle",,"LAS ROSAS","Belgrano","Asfalto","No existe","III","Dentro","Urbana","Ninguna","No existe","Intersección","Bueno","Buena","Diurna","Buen Tiempo","De alcance","S/D","Atropello","Agua","Faltante","Cordón divisorio","Sin restricción"
2016,2021,4/28/2016,"Jueves",0,13:35:00,,"0.0",2,"Moto/Ciclomotor,Automóvil","Aguado Y Boneo",2,1,0,0,1,0,0,,"Calle",,"SANTA FE","La Capital","Asfalto","Natural","I","Dentro","Urbana","Ninguna","No existe","Intersección","Deteriorada","Buena","Diurna","Buen Tiempo","Lateral","S/D","Colisión","Material Suelto","Faltante","Ninguna","Sin restricción"
2016,2022,4/23/2016,"Sabado",0,23:00:00,,"0.0",2,"Moto/Ciclomotor,Automóvil","Guillermo Benitez Y Chacabuco",2,1,0,0,1,0,0,,"Calle",,"LAS ROSAS","Belgrano","Asfalto","No existe","III","Dentro","Urbana","Ninguna","No existe","Intersección","Bueno","Buena","Nocturna","Buen Tiempo","De alcance","S/D","Colisión","S/D","Horizontal","Cordón divisorio","Sin restricción"
2016,2023,4/29/2016,"Viernes",0,19:00:00,,"0.0",2,"Moto/Ciclomotor,Pickup/Utilitario","Estanislao Zeballos Y Estrada",2,1,0,0,1,0,0,,"Calle",,"SANTA FE","La Capital","Hormigón","Pavimento","I","Dentro","Urbana","Ninguna","No existe","Intersección","Deteriorada","Buena","Atardecer","Buen Tiempo","Lateral","S/D","Colisión","Agua","Horizontal,Vertical","Ninguna","Sin restricción"
2016,2024,4/12/2016,"Martes",0,13:00:00,"Ruta Nacional 178","0.0",2,"Automóvil,Automóvil"," ",2,2,0,0,0,0,0,,"Ruta",178,"LAS ROSAS","Belgrano","Asfalto","Natural","III","Dentro","Rural","Ninguna","No existe","Cruce","Bueno","Buena","Diurna","Lluvia","Lateral","S/D","Colisión","Agua","Faltante","Vegetación","Sin restricción"
2016,2025,4/21/2016,"Jueves",0,19:40:00,,"0.0",2,"Pickup/Utilitario,Moto/Ciclomotor","Calle 15 Y Calle 6",2,1,0,0,1,0,0,,"Calle",,"LAS PAREJAS","Belgrano","Ripio","No existe","III","Dentro","Urbana","Ninguna","No existe","Intersección","Bueno","Buena","Nocturna","Buen Tiempo","Lateral","S/D","Colisión","S/D","Vertical","Ninguna","Sin restricción"
2016,2026,4/26/2016,"Martes",0,14:00:00,,"0.0",2,"Moto/Ciclomotor,Peatón","Av A del Valle Y Av Galicia",2,1,0,0,1,0,0,,"Calle",,"SANTA FE","La Capital","Asfalto","S/D","I","Dentro","Urbana","S/D","S/D","Intersección","Bueno","Buena","Diurna","S/D","Lateral","S/D","Atropello","S/D","S/D","S/D","S/D"
2016,2027,4/30/2016,"Sabado",0,10:15:00,,"0.0",2,"Moto/Ciclomotor,Automóvil","Av Blas Parera Y Azcuenaga",3,1,0,0,2,0,0,,"Calle",,"SANTA FE","La Capital","Asfalto","Pavimento","I","Dentro","Urbana","Ninguna","No existe","Intersección","Deteriorada","Buena","Diurna","Buen Tiempo","Lateral","S/D","Colisión","S/D","Horizontal,Vertical","Cordón divisorio","Sin restricción"
2016,2028,4/30/2016,"Sabado",0,19:40:00,,"0.0",2,"Moto/Ciclomotor,Automóvil","Av Peñaloza Y Espora",3,2,0,0,1,0,0,,"Calle",,"SANTA FE","La Capital","Hormigón","Pavimento","I","Dentro","Urbana","Ninguna","No existe","Intersección","Bueno","Buena","Nocturna,Con luz artificial","Buen Tiempo","Lateral","S/D","Colisión","Material Suelto","Faltante","Cordón divisorio","Sin restricción"
2016,2029,4/12/2016,"Martes",0,13:20:00,,"0.0",2,"Bicicleta,Automóvil","Av Blas Parera 6500",2,1,0,0,1,0,0,,"Avenida",,"SANTA FE","La Capital","Hormigón","Pavimento","I","Dentro","Urbana","Ninguna","No existe","Recta","Deteriorada","Reducida","Diurna","Lluvia","S/D","S/D","Atropello","Material Suelto","Vertical","Cordón divisorio","Obra en Construcción"
2016,2030,4/7/2016,"Jueves",0,10:10:00,,"0.0",2,"Moto/Ciclomotor,Automóvil","Av Blas Parera Y Ayacucho",2,1,0,0,1,0,0,,"Avenida",,"SANTA FE","La Capital","Hormigón","Pavimento","I","Dentro","Urbana","Semáforo","Funciona","Intersección","Deteriorada","Reducida","Diurna","Lluvia","Lateral","S/D","Colisión","Material Suelto","S/D","Cordón divisorio","Obra en Construcción"
2016,2031,4/12/2016,"Martes",0,15:30:00,,"0.0",2,"Moto/Ciclomotor,Automóvil","Lamadrid Y J Castelli",3,2,0,0,1,0,0,,"Calle",,"SANTA FE","La Capital","Asfalto","No existe","I","Dentro","Urbana","Ninguna","No existe","Intersección","Bueno","Reducida","Diurna","Buen Tiempo","Lateral","S/D","Colisión","Agua","Faltante","Ninguna","Sin restricción"
2016,2032,4/12/2016,"Martes",0,22:00:00,,"0.0",2,"Moto/Ciclomotor,Automóvil","Av Blas Parera Y Matheu",2,1,0,0,1,0,0,,"Calle",,"SANTA FE","La Capital","Hormigón","Pavimento","I","Dentro","Urbana","Ninguna","No existe","Intersección","Bueno","Buena","Nocturna,Con luz artificial","Buen Tiempo","De alcance","S/D","Colisión","Agua","Vertical","Cordón divisorio","Sin restricción"
2016,2033,4/24/2016,"Domingo",0,18:20:00,,"0.0",3,"Automóvil,Automóvil,Automóvil","Salvador del Carril 2060",4,1,0,0,3,0,0,,"Avenida",,"SANTA FE","La Capital","Asfalto","No existe","I","S/D","Urbana","Ninguna","No existe","Intersección","Resbaladiza","Reducida","Atardecer","Lluvia","De alcance","S/D","Colisión","Agua","S/D","Ninguna","Sin restricción"
2016,2034,4/26/2016,"Martes",0,21:00:00,,"0.0",2,"Automóvil,Moto/Ciclomotor","J Castelli Y Sarmiento",2,1,0,0,1,0,0,,"Calle",,"SANTA FE","La Capital","Asfalto","No existe","I","S/D","Urbana","Ninguna","No existe","Intersección","Resbaladiza","Reducida","Nocturna","Lluvia","Lateral","S/D","Colisión","Agua","S/D","Ninguna","Sin restricción"
2016,2035,4/27/2016,"Miercoles",0,20:00:00,,"0.0",2,"Moto/Ciclomotor,Automóvil","Pedro de Vega Y Alberdi",2,1,0,0,1,0,0,,"Calle",,"SANTA FE","La Capital","Asfalto","No existe","I","S/D","Urbana","Ninguna","No existe","Intersección","Bueno","Reducida","Nocturna","Buen Tiempo","Lateral","S/D","Colisión","Ninguna","S/D","Ninguna","Sin restricción"
2016,2036,4/29/2016,"Viernes",0,18:00:00,,"0.0",2,"Moto/Ciclomotor,Automóvil","Lavalle Y Pje Calcena",2,1,0,0,1,0,0,,"Calle",,"SANTA FE","La Capital","Asfalto","No existe","I","S/D","Urbana","Ninguna","No existe","Intersección","Bueno","Buena","Atardecer","Buen Tiempo","Lateral","S/D","Colisión","Ninguna","S/D","Ninguna","Sin restricción"