"anio_acci","nro_acci","fecha","desc_dia","fecha_aprox","hora_aprox","desc_ruta","km","cant_participantes","desc_participante","calle_avenida_km","total","heridos_leves","heridos_graves","heridos_gravisimos","ilesos","fallecidos","sin_datos","posicion_XY","desc_tipo_via","desc_ruta_ori","desc_loc","desc_dpto","desc_tipo_calzada","desc_tipo_banquina","desc_unidad_regional","desc_lugar_calzada","desc_zona","desc_prioridad","desc_estado_semaforo","desc_lugar_via","desc_estado_via","desc_estado_visibilidad","desc_luminosidad","desc_estado_clima","desc_tipo_colision","desc_tipo_atropello","desc_tipo_hecho","desc_pres_calzada","desc_senializacion","desc_separacion_via","desc_restriccion"
2016,2037,4/30/2016,"Sabado",0,8:45:00,,"0.0",2,"Automóvil,Pickup/Utilitario","Av Galicia Y Alberdi",4,2,0,0,2,0,0,,"Avenida",,"SANTA FE","La Capital","Asfalto","S/D","I","S/D","Urbana","S/D","S/D","Intersección","Bueno","Buena","Diurna","S/D","Lateral","S/D","Colisión","S/D","S/D","S/D","S/D"
2016,2038,4/16/2016,"Sabado",0,13:30:00,,"0.0",2,"Moto/Ciclomotor,Automóvil","Larrea Y Azcuenaga",3,2,0,0,1,0,0,,"Calle",,"SANTA FE","La Capital","Hormigón","Pavimento","I","Dentro","Urbana","Ninguna","No existe","Recta","Deteriorada","Reducida","Diurna","Buen Tiempo","De alcance","S/D","Colisión","Agua","Vertical","Cordón divisorio","Sin restricción"
2016,2039,1/13/2016,"Miercoles",0,,,"0.0",1,"Otros"," ",1,0,0,0,0,1,0,"-32.941370, -60.712507","S/D",,"ROSARIO","Rosario","S/D","S/D","II","S/D","S/D","S/D","S/D","S/D","S/D","S/D","S/D","S/D","S/D","S/D","S/D","S/D","S/D","S/D","S/D"
2016,2040,1/19/2016,"Martes",0,,,"0.0",1,"Otros"," ",1,0,0,0,0,1,0,"-31.626946, -60.711840","S/D",,"SANTA FE","La Capital","S/D","S/D","I","S/D","S/D","S/D","S/D","S/D","S/D","S/D","S/D","S/D","S/D","S/D","S/D","S/D","S/D","S/D","S/D"
2016,2041,4/16/2016,"Sabado",0,20:10:00,,"0.0",2,"Moto/Ciclomotor,Automóvil","Reynaldo Anselmi Y Hugo Wast",2,1,0,0,1,0,0,,"Calle",,"SANTA FE","La Capital","Asfalto","No existe","I","Dentro","Urbana","Ninguna","No existe","Recta","Con baches","Buena","Nocturna","Buen Tiempo","De alcance","S/D","Colisión","Agua","Faltante","Ninguna","Sin restricción"
2016,2042,4/25/2016,"Lunes",0,20:00:00,,"0.0",2,"Moto/Ciclomotor,Camión","Av Blas Parera Y Pje Malaquias Mendez",2,1,0,0,1,0,0,,"Calle",,"SANTA FE","La Capital","Asfalto","No existe","I","Dentro","Urbana","Semáforo","S/D","Recta","Con baches","Buena","Nocturna","Buen Tiempo","De alcance","S/D","Colisión","S/D","Faltante","Ninguna","Sin restricción"
2016,2043,4/1/2016,"Viernes",0,15:40:00,,"0.0",2,"Transporte de Pasajeros Urbano (> 8 asientos),Peatón","Av Gral Paz Y Derqui",3,2,0,0,1,0,0,,"Calle",,"SANTA FE","La Capital","Asfalto","No existe","I","Dentro","Urbana","Ninguna","No existe","Intersección","Bueno","Reducida","Nocturna","Buen Tiempo","S/D","S/D","Colisión","S/D","S/D","Ninguna","Sin restricción"
2016,2044,4/3/2016,"Domingo",0,23:50:00,,"0.0",2,"Moto/Ciclomotor,Automóvil","Republica de Siria Y Ricardo Aldao",3,1,0,0,2,0,0,,"Calle",,"SANTA FE","La Capital","Asfalto","No existe","I","Dentro","Urbana","Ninguna","No existe","Intersección","Bueno","Reducida","Nocturna","Lluvia","Lateral","S/D","Colisión","Agua","S/D","Ninguna","Sin restricción"
2016,2045,4/7/2016,"Jueves",0,8:40:00,,"0.0",2,"Moto/Ciclomotor,Pickup/Utilitario","J Castelli Y Sarmiento",3,2,0,0,1,0,0,,"Calle",,"SANTA FE","La Capital","Asfalto","No existe","I","Dentro","Urbana","Ninguna","No existe","Intersección","Resbaladiza","Reducida","Amanecer","Lluvia","Lateral","S/D","Colisión","S/D","S/D","Ninguna","Sin restricción"
2016,2046,4/13/2016,"Miercoles",0,20:00:00,,"0.0",2,"Moto/Ciclomotor,Automóvil","Av A del Valle 6700",4,3,0,0,1,0,0,,"Calle",,"SANTA FE","La Capital","Asfalto","No existe","I","Dentro","Urbana","Ninguna","No existe","Intersección","Resbaladiza","Reducida","Nocturna","Buen Tiempo","Lateral","S/D","Colisión","Agua","S/D","Ninguna","Sin restricción"
2016,2047,4/13/2016,"Miercoles",0,18:00:00,,"0.0",2,"Moto/Ciclomotor,Transporte de Pasajeros Urbano (> 8 asientos)","Derqui Y Alvear",2,1,0,0,1,0,0,,"Calle",,"SANTA FE","La Capital","Asfalto","No existe","I","Dentro","Urbana","Ninguna","No existe","Intersección","Resbaladiza","Reducida","Atardecer","Buen Tiempo","Lateral","S/D","Colisión","Agua","S/D","Ninguna","Sin restricción"
2016,2048,4/15/2016,"Viernes",0,10:45:00,,"0.0",1,"Vehículo Oficial","Pje Calcena Y Velez Sarsfield",1,1,0,0,0,0,0,,"Calle",,"SANTA FE","La Capital","Asfalto","No existe","I","Dentro","Urbana","Ninguna","No existe","Paso a Nivel FFCC","Resbaladiza","Reducida","Diurna","Buen Tiempo","S/D","S/D","Caída ocupante","Agua","Horizontal,Vertical","Ninguna","Sin restricción"
2016,2049,4/15/2016,"Viernes",0,20:40:00,,"0.0",2,"Automóvil,Automóvil","Gutierrez Y Mitre",3,1,0,0,2,0,0,,"Calle",,"SANTA FE","La Capital","Asfalto","No existe","I","Dentro","Urbana","Ninguna","No existe","Recta","Bueno","Reducida","Nocturna","Lluvia","Frontal","S/D","Colisión","Agua","S/D","Ninguna","Sin restricción"
2016,2050,4/10/2016,"Domingo",0,23:36:00,,"0.0",2,"Automóvil,Automóvil","Av Almte Brown Y Angel Cassanello",2,1,0,0,1,0,0,,"Calle",,"SANTA FE","La Capital","Asfalto","No existe","I","Dentro","Urbana","Ninguna","No existe","Intersección","Bueno","Reducida","Nocturna","Buen Tiempo","Lateral","S/D","Colisión","S/D","S/D","Ninguna","Sin restricción"
2016,2051,4/16/2016,"Sabado",0,21:00:00,,"0.0",2,"Moto/Ciclomotor,Automóvil","Hernandarias Y Lavalle",4,3,0,0,1,0,0,,"Calle",,"SANTA FE","La Capital","Asfalto","No existe","I","Dentro","Urbana","Ninguna","No existe","Intersección","Resbaladiza","Reducida","Nocturna","Lluvia","Lateral","S/D","Colisión","Agua","S/D","Ninguna","Sin restricción"
2016,2052,4/18/2016,"Lunes",0,16:50:00,,"0.0",2,"Pickup/Utilitario,Moto/Ciclomotor","Av Galicia Y Belgrano",3,1,0,0,2,0,0,,"Calle",,"SANTA FE","La Capital","Asfalto","No existe","I","Dentro","Urbana","Ninguna","No existe","Intersección","Resbaladiza","Reducida","Diurna","Buen Tiempo","Lateral","S/D","Colisión","Agua","S/D","Ninguna","Sin restricción"
2016,2054,4/18/2016,"Lunes",0,20:50:00,,"0.0",2,"Automóvil,Peatón","J M Zuviria ",2,1,0,0,1,0,0,,"Calle",,"SANTA FE","La Capital","Asfalto","No existe","I","Dentro","Urbana","Ninguna","No existe","Intersección","Resbaladiza","Reducida","Nocturna","Buen Tiempo","Lateral","S/D","Atropello","Agua","S/D","Ninguna","Sin restricción"
2016,2055,4/19/2016,"Martes",0,19:50:00,,"0.0",2,"Peatón,Automóvil","Hernandarias 2072",2,1,0,0,1,0,0,,"Calle",,"SANTA FE","La Capital","Asfalto","No existe","I","Dentro","Urbana","Ninguna","No existe","Intersección","Bueno","Buena","Diurna","Buen Tiempo","S/D","S/D","Atropello","S/D","S/D","Ninguna","Sin restricción"
2016,2056,4/21/2016,"Jueves",0,19:00:00,,"0.0",2,"Bicicleta,Automóvil","Pedro de Vega 1500",2,1,0,0,1,0,0,,"Calle",,"SANTA FE","La Capital","Asfalto","No existe","I","Dentro","Urbana","Ninguna","No existe","Recta","Resbaladiza","Buena","Atardecer","Lluvia","De alcance","S/D","Atropello","Agua","S/D","Ninguna","Sin restricción"
2016,2057,4/19/2016,"Martes",0,14:25:00,,"0.0",2,"Moto/Ciclomotor,Pickup/Utilitario","Av Galicia Y Belgrano",2,1,0,0,1,0,0,,"Calle",,"SANTA FE","La Capital","Asfalto","S/D","I","Dentro","Urbana","S/D","S/D","Intersección","Bueno","Buena","Diurna","S/D","Lateral","S/D","Colisión","S/D","S/D","S/D","S/D"
2016,2058,4/25/2016,"Lunes",0,18:00:00,,"0.0",2,"Moto/Ciclomotor,Moto/Ciclomotor","Las Heras Y Domingo Silva",2,1,0,0,1,0,0,,"Calle",,"SANTA FE","La Capital","Asfalto","No existe","I","Dentro","S/D","Ninguna","S/D","Intersección","Bueno","Buena","Atardecer","Buen Tiempo","Lateral","S/D","Colisión","Ninguna","S/D","Ninguna","Sin restricción"
2016,2059,4/15/2016,"Viernes",0,16:30:00,,"0.0",2,"Moto/Ciclomotor,Automóvil","Av Galicia Y Alberdi",2,1,0,0,1,0,0,,"Calle",,"SANTA FE","La Capital","Asfalto","S/D","I","Dentro","Urbana","S/D","S/D","Intersección","Bueno","Buena","Diurna","S/D","Lateral","S/D","Colisión","S/D","S/D","S/D","S/D"
2016,2060,4/9/2016,"Sabado",0,19:55:00,,"0.0",2,"Automóvil,Pickup/Utilitario","Piedras Y Cardenal Fasolino",2,1,0,0,1,0,0,,"Calle",,"SANTA FE","La Capital","Asfalto","S/D","I","Dentro","Urbana","S/D","S/D","Intersección","Bueno","Buena","Atardecer","Buen Tiempo","Lateral","S/D","Colisión","S/D","S/D","S/D","S/D"
2016,2061,4/26/2016,"Martes",0,17:30:00,,"0.0",2,"Moto/Ciclomotor,Automóvil","Balcarce Y Belgrano",2,1,0,0,1,0,0,,"Calle",,"SANTA FE","La Capital","Asfalto","No existe","I","S/D","Urbana","Ninguna","S/D","Intersección","Bueno","Buena","Atardecer","Buen Tiempo","Lateral","S/D","Colisión","Ninguna","S/D","Ninguna","Sin restricción"
2016,2062,4/7/2016,"Jueves",0,10:30:00,,"0.0",2,"Moto/Ciclomotor,Pickup/Utilitario","Reg 12 de Infanteria Y Tacuari",2,1,0,0,1,0,0,,"Calle",,"SANTA FE","La Capital","Asfalto","S/D","I","Dentro","Urbana","S/D","S/D","Intersección","Bueno","Buena","Diurna","S/D","Lateral","S/D","Colisión","S/D","S/D","S/D","S/D"
2016,2063,4/27/2016,"Miercoles",0,21:00:00,,"0.0",2,"Moto/Ciclomotor,Automóvil","Av Almte Brown ",2,1,0,0,1,0,0,,"Calle",,"SANTA FE","La Capital","Asfalto","No existe","I","Dentro","Urbana","Ninguna","S/D","Intersección","Bueno","Buena","Nocturna,Con luz artificial","Buen Tiempo","Lateral","S/D","Colisión","Ninguna","S/D","Ninguna","Sin restricción"
2016,2064,4/26/2016,"Martes",0,19:50:00,,"0.0",2,"Automóvil,Moto/Ciclomotor","12 de Octubre Y Chaco",3,1,0,0,2,0,0,,"Calle",,"SANTA FE","La Capital","Asfalto","No existe","I","Dentro","Urbana","Semáforo","No funciona","Intersección","Bueno","Buena","Nocturna","Buen Tiempo","De alcance","S/D","Colisión","S/D","Faltante","Ninguna","Obra en Construcción"
2016,2065,4/28/2016,"Jueves",0,23:05:00,,"0.0",2,"Automóvil,Moto/Ciclomotor","Necochea Y Iturraspe",3,2,0,0,1,0,0,,"Calle",,"SANTA FE","La Capital","Asfalto","No existe","I","Dentro","Urbana","Ninguna","S/D","Intersección","Bueno","Buena","Nocturna,Con luz artificial","Buen Tiempo","Lateral","S/D","Colisión","Ninguna","S/D","Ninguna","Sin restricción"
2016,2066,4/25/2016,"Lunes",0,1:30:00,,"0.0",2,"Automóvil,Pickup/Utilitario","Av A del Valle 10500",2,2,0,0,0,0,0,,"Avenida",,"SANTA FE","La Capital","Asfalto","Natural","I","Dentro","Urbana","Ninguna","No existe","Recta","Con baches","Reducida","Nocturna","Otro","Lateral","S/D","Colisión","Ninguna","Vertical","Guardarrail","Sin restricción"
2016,2068,4/23/2016,"Sabado",0,18:10:00,,"0.0",2,"Automóvil,Pickup/Utilitario","Av Blas Parera Y Chaco",2,2,0,0,0,0,0,,"Calle",,"SANTA FE","La Capital","Asfalto","No existe","I","Dentro","Urbana","Semáforo","Funciona","Intersección","Bueno","Buena","Nocturna","Buen Tiempo","De alcance","S/D","Colisión","S/D","Faltante","Ninguna","Sin restricción"
2016,2069,4/23/2016,"Sabado",0,19:30:00,,"0.0",2,"Moto/Ciclomotor,Automóvil","Saavedra Y Av J J Paso",2,1,0,0,1,0,0,,"Avenida",,"SANTA FE","La Capital","Asfalto","Pavimento","I","Dentro","Urbana","Paso Peatonal","No existe","Intersección","Bueno","Buena","Atardecer","Buen Tiempo","Lateral","S/D","Colisión","Ninguna","Horizontal","Cordón divisorio","Sin restricción"
2016,2070,4/2/2016,"Sabado",0,11:40:00,,"0.0",2,"Moto/Ciclomotor,Automóvil","Pedro Espinosa Y Pje s/n",2,1,0,0,1,0,0,,"Calle",,"SANTA FE","La Capital","Ripio","No existe","I","Dentro","Urbana","Ninguna","No existe","Intersección","Bueno","Buena","Diurna","Lluvia","Frontal","S/D","Colisión","S/D","Faltante","Ninguna","Sin restricción"
2016,2071,4/5/2016,"Martes",0,15:20:00,,"0.0",2,"Moto/Ciclomotor,Automóvil","J M Zuviria Y Monseñor Zaspe",2,1,0,0,1,0,0,,"Avenida",,"SANTA FE","La Capital","Asfalto","S/D","I","Dentro","Urbana","S/D","No existe","Intersección","Deteriorada","Buena","Diurna","Buen Tiempo","Lateral","S/D","Colisión","S/D","S/D","Ninguna","Sin restricción"
2016,2072,4/17/2016,"Domingo",0,23:45:00,,"0.0",2,"Bicicleta,Automóvil","Av Blas Parera Y Teniente Loza",2,1,0,0,1,0,0,,"Calle",,"SANTA FE","La Capital","Asfalto","Natural","I","Dentro","Urbana","Ninguna","No existe","Recta","Deteriorada","Reducida","Nocturna","Lluvia","De alcance","S/D","Atropello","Agua","Faltante","Ninguna","Sin restricción"
2016,2073,4/9/2016,"Sabado",0,21:30:00,,"0.0",2,"Moto/Ciclomotor,Automóvil","Av Blas Parera ",3,2,0,0,1,0,0,,"Calle",,"SANTA FE","La Capital","Asfalto","Natural","I","Dentro","Urbana","Ninguna","No existe","Recta","Bueno","Buena","Nocturna","Buen Tiempo","De alcance","S/D","Colisión","Agua","Horizontal","Línea divisoria pintada","Sin restricción"
2016,2074,4/6/2016,"Miercoles",0,17:30:00,,"0.0",2,"Automóvil,Moto/Ciclomotor","Dr Zavalla Y Entre Rios",3,2,0,0,1,0,0,,"Avenida",,"SANTA FE","La Capital","Asfalto","No existe","I","Dentro","Urbana","Ninguna","No existe","Intersección","Bueno","S/D","Diurna","Buen Tiempo","Lateral","S/D","Colisión","S/D","S/D","S/D","Sin restricción"
2016,2075,4/1/2016,"Viernes",0,19:50:00,,"0.0",2,"Automóvil,Moto/Ciclomotor","Av Blas Parera 8300",4,2,0,0,2,0,0,,"Calle",,"SANTA FE","La Capital","Asfalto","No existe","I","Dentro","Urbana","Ninguna","No existe","Recta","Bueno","Buena","Atardecer","Buen Tiempo","S/D","S/D","Colisión","Agua","Faltante","Ninguna","Sin restricción"
2016,2076,4/7/2016,"Jueves",0,14:35:00,,"0.0",2,"Moto/Ciclomotor,Automóvil","Francia Y Corrientes",2,1,0,0,1,0,0,,"Calle",,"SANTA FE","La Capital","Asfalto","No existe","I","Dentro","Urbana","Ninguna","No existe","Recta","Bueno","Buena","Diurna","Buen Tiempo","Lateral","S/D","Colisión","S/D","S/D","Ninguna","Sin restricción"
2016,2077,4/11/2016,"Lunes",0,19:45:00,,"0.0",2,"Moto/Ciclomotor,Bicicleta","Av Blas Parera Y Cogorno",2,2,0,0,0,0,0,,"Calle",,"SANTA FE","La Capital","Asfalto","S/D","I","Dentro","Urbana","Ninguna","S/D","Intersección","Con baches","S/D","Diurna","Lluvia","Lateral","S/D","Atropello","Agua","Faltante","Ninguna","Sin restricción"
2016,2078,4/8/2016,"Viernes",0,9:40:00,,"0.0",2,"Automóvil,Automóvil","Bernardo de Irigoyen Y Cristobal Colon",2,1,0,0,1,0,0,,"S/D",,"SANTA FE","La Capital","Asfalto","Pavimento","I","Dentro","Urbana","Marca Vial","No existe","Recta","Bueno","Buena","Diurna","Buen Tiempo","Frontal","S/D","Colisión","Ninguna","S/D","Guardarrail","Sin restricción"
2016,2079,4/14/2016,"Jueves",0,13:25:00,,"0.0",2,"Automóvil,Automóvil","Av Blas Parera Y Cogorno",3,1,0,0,2,0,0,,"Calle",,"SANTA FE","La Capital","Asfalto","No existe","I","Dentro","Urbana","Ninguna","No existe","Intersección","Con baches","Buena","Diurna","Buen Tiempo","De alcance","S/D","Colisión","Agua","Faltante","Ninguna","Sin restricción"
2016,2080,4/8/2016,"Viernes",0,18:30:00,,"0.0",2,"Moto/Ciclomotor,Automóvil","Saavedra Y Monseñor Zaspe",2,1,0,0,1,0,0,,"Calle",,"SANTA FE","La Capital","Asfalto","S/D","I","Dentro","Urbana","Ninguna","No existe","Recta","Con baches","Buena","Atardecer","Buen Tiempo","Lateral","S/D","Colisión","Ninguna","Vertical","Ninguna","Sin restricción"
2016,2081,4/16/2016,"Sabado",0,9:00:00,,"0.0",2,"Moto/Ciclomotor,Camión","Cafferata Y Hugo Wast",2,1,0,0,1,0,0,,"Calle",,"SANTA FE","La Capital","Asfalto","No existe","I","Dentro","Urbana","Ninguna","No existe","Recta","Bueno","Buena","Diurna","Buen Tiempo","De alcance","S/D","Colisión","S/D","Faltante","Ninguna","Sin restricción"
2016,2082,4/10/2016,"Domingo",0,4:50:00,,"0.0",1,"Automóvil","Av Circunvalación ",1,1,0,0,0,0,0,,"S/D",,"SANTA FE","La Capital","Asfalto","Pavimento","I","S/D","Urbana","Ninguna","No existe","Recta","Bueno","Reducida","Nocturna","Buen Tiempo","Otro","S/D","Despiste","Ninguna","Horizontal","Guardarrail","Sin restricción"
2016,2083,4/23/2016,"Sabado",0,21:40:00,,"0.0",2,"Automóvil,Moto/Ciclomotor","Av Gral Paz Y Padilla",2,1,0,0,1,0,0,,"Calle",,"SANTA FE","La Capital","Asfalto","No existe","I","Dentro","Urbana","Ninguna","No existe","Intersección","Bueno","Reducida","Nocturna","Buen Tiempo","S/D","S/D","Colisión","Ninguna","S/D","Ninguna","Sin restricción"
2016,2084,4/21/2016,"Jueves",0,21:50:00,,"0.0",2,"Moto/Ciclomotor,Peatón","Av Gral Paz 7000",2,1,0,0,1,0,0,,"Avenida",,"SANTA FE","La Capital","Asfalto","S/D","I","S/D","Urbana","S/D","S/D","Recta","Bueno","Buena","Nocturna,Con luz artificial","S/D","De alcance","S/D","Atropello","S/D","S/D","S/D","S/D"
2016,2085,3/31/2016,"Jueves",0,1:30:00,,"0.0",2,"Moto/Ciclomotor,Automóvil","Azcuenaga Y Europa",2,1,0,0,1,0,0,,"Calle",,"SANTA FE","La Capital","Hormigón,Tierra","Natural","I","Dentro","Urbana","Ninguna","No existe","Intersección","Deteriorada","Reducida","Nocturna","Buen Tiempo","Lateral","S/D","Colisión","Agua","Faltante","Ninguna","Sin restricción"
2016,2086,4/18/2016,"Lunes",0,15:40:00,,"0.0",2,"Moto/Ciclomotor,Camión","25 de Mayo Y French",2,1,0,0,1,0,0,,"Calle",,"SANTA FE","La Capital","Asfalto","Natural","I","Dentro","Urbana","Ninguna","No existe","Recta","Con baches","Buena","Diurna","Buen Tiempo","Lateral","S/D","Colisión","S/D","Vertical","Ninguna","Sin restricción"
2016,2087,3/31/2016,"Jueves",0,16:30:00,"Ruta Nacional 11","0.0",2,"Moto/Ciclomotor,Pickup/Utilitario","Boneo 5400",2,1,0,0,1,0,0,,"Ruta",11,"SANTA FE","La Capital","Asfalto","Natural","I","Dentro","Urbana","Ninguna","No existe","Recta","Deteriorada","Buena","Diurna","Buen Tiempo","Lateral","S/D","Colisión","Material Suelto","Faltante","Ninguna","Sin restricción"
2016,2088,4/4/2016,"Lunes",0,19:30:00,,"0.0",2,"Moto/Ciclomotor,Pickup/Utilitario","Gorriti Y Estrada",2,1,0,0,1,0,0,,"Avenida",,"SANTA FE","La Capital","Hormigón","Pavimento","I","Dentro","Urbana","Ninguna","No existe","Intersección","Bueno","Reducida","Atardecer","Lluvia","Lateral","S/D","Colisión","Agua","Horizontal,Vertical","Cordón divisorio","Sin restricción"
2016,2089,4/6/2016,"Miercoles",0,11:00:00,,"0.0",2,"Moto/Ciclomotor,Automóvil","Av Blas Parera 7900",2,1,0,0,1,0,0,,"Calle",,"SANTA FE","La Capital","Hormigón","Pavimento","I","Dentro","Urbana","Semáforo","Funciona","Recta","Deteriorada","Reducida","Diurna","Lluvia","De alcance","S/D","Colisión","Material Suelto","Vertical","Cordón divisorio","Sin restricción"
2016,2090,4/5/2016,"Martes",0,21:15:00,,"0.0",2,"Moto/Ciclomotor,Automóvil","Republica de Siria Y Risso",2,1,0,0,1,0,0,,"Calle",,"SANTA FE","La Capital","Asfalto","S/D","I","Dentro","Urbana","S/D","S/D","Intersección","Bueno","Buena","Diurna","S/D","Lateral","S/D","Colisión","S/D","S/D","S/D","S/D"
2016,2091,4/24/2016,"Domingo",0,4:00:00,,"0.0",2,"Moto/Ciclomotor,Automóvil","Balcarce Y Guemes",2,1,0,0,1,0,0,,"Calle",,"SANTA FE","La Capital","Asfalto","No existe","I","S/D","Urbana","S/D","Funciona","Intersección","Bueno","Buena","Nocturna,Con luz artificial","Buen Tiempo","Lateral","S/D","Colisión","Ninguna","S/D","Ninguna","Sin restricción"
2016,2092,4/17/2016,"Domingo",0,20:35:00,,"0.0",2,"Moto/Ciclomotor,Automóvil","Domingo Silva Y Belgrano",2,1,0,0,1,0,0,,"Calle",,"SANTA FE","La Capital","Asfalto","S/D","I","Dentro","Urbana","S/D","S/D","Intersección","Resbaladiza","Reducida","Nocturna,Con luz artificial","Lluvia","Lateral","S/D","Colisión","Agua","S/D","S/D","Sin restricción"
2016,2093,4/9/2016,"Sabado",0,2:55:00,,"0.0",2,"Automóvil,Automóvil","Bv Galvez Y Mitre",2,1,0,0,1,0,0,,"Avenida",,"SANTA FE","La Capital","Asfalto","No existe","I","Dentro","Urbana","Semáforo","Funciona","Intersección","Resbaladiza","Reducida","Nocturna,Con luz artificial","Lluvia","Lateral","S/D","Colisión","Agua","S/D","Vegetación","Sin restricción"
2016,2094,4/8/2016,"Viernes",0,19:00:00,,"0.0",2,"Automóvil,Automóvil","Alvear Y Maipu",2,1,0,0,1,0,0,,"Calle",,"SANTA FE","La Capital","Asfalto","S/D","I","Dentro","Urbana","S/D","S/D","Intersección","Bueno","Reducida","Atardecer,Con luz artificial","Lluvia","Lateral","S/D","Colisión","Agua","S/D","Ninguna","Sin restricción"
2016,2095,4/20/2016,"Miercoles",0,16:30:00,,"0.0",2,"Moto/Ciclomotor,Automóvil","Av Freyre Y Moreno",2,1,0,0,1,0,0,,"Calle",,"SANTA FE","La Capital","Asfalto","No existe","I","Dentro","Urbana","Ninguna","Funciona","Intersección","Bueno","Buena","Diurna","Buen Tiempo","De alcance","S/D","Colisión","S/D","S/D","Cordón divisorio","Sin restricción"
2016,2096,4/3/2016,"Domingo",0,21:15:00,,"0.0",2,"Moto/Ciclomotor,Automóvil","Alvear Y Pje Santa Maria de Oro",2,1,0,0,1,0,0,,"Calle",,"SANTA FE","La Capital","Asfalto","No existe","I","Dentro","Urbana","S/D","S/D","Intersección","Bueno","Buena","Nocturna,Con luz artificial","S/D","Lateral","S/D","Colisión","Ninguna","S/D","Ninguna","Sin restricción"
2016,2097,4/5/2016,"Martes",0,17:00:00,,"0.0",2,"Peatón,Automóvil","Alvear 2985",2,1,0,0,1,0,0,,"Calle",,"SANTA FE","La Capital","Asfalto","S/D","I","Dentro","Urbana","S/D","S/D","Recta","Bueno","Buena","Diurna","S/D","S/D","S/D","Atropello","Ninguna","S/D","Ninguna","S/D"
2016,2098,4/22/2016,"Viernes",0,19:30:00,,"0.0",2,"Automóvil,Peatón","J J Paso Y Saavedra",2,0,1,0,1,0,0,,"Calle",,"SANTA FE","La Capital","Asfalto","No existe","I","Dentro","Urbana","Ninguna","No existe","Intersección","Bueno","Buena","Nocturna","Buen Tiempo","S/D","S/D","Atropello","S/D","S/D","Cordón divisorio","Sin restricción"
2016,2099,4/26/2016,"Martes",0,15:00:00,,"0.0",2,"Automóvil,Automóvil","San Juan Y Uruguay",3,2,0,0,1,0,0,,"Calle",,"SANTA FE","La Capital","Asfalto","S/D","I","Dentro","Urbana","Ninguna","No existe","Intersección","Bueno","Buena","Diurna","Buen Tiempo","Lateral","S/D","Colisión","S/D","Faltante","Ninguna","Sin restricción"
2016,2100,4/27/2016,"Miercoles",0,14:20:00,"Ruta Nacional 168","473.0",4,"Pickup/Utilitario,Otros,Automóvil,Automóvil"," ",4,1,0,0,3,0,0,,"Ruta",168,"SANTA FE","La Capital","Asfalto","S/D","I","Dentro","Urbana","Ninguna","No existe","Recta","Bueno","Buena","Diurna","Buen Tiempo","Múltiple","S/D","Colisión","S/D","S/D","Barrera de hormigón","Sin restricción"
2016,2101,4/26/2016,"Martes",0,17:30:00,,"0.0",2,"Moto/Ciclomotor,Automóvil","Dr Zavalla Y Entre Rios",2,1,0,0,1,0,0,,"Calle",,"SANTA FE","La Capital","Asfalto","No existe","I","Dentro","Urbana","Señal Ceda el Paso","No existe","Intersección","Bueno","Buena","Atardecer","Buen Tiempo","Lateral","S/D","Colisión","S/D","Faltante","Ninguna","Sin restricción"
2016,2102,4/19/2016,"Martes",0,16:00:00,,"0.0",2,"Bicicleta,Automóvil","Av Freyre Y Juan de Garay",2,1,0,0,1,0,0,,"Avenida",,"SANTA FE","La Capital","Asfalto","No existe","I","Dentro","Urbana","Paso Peatonal","Funciona","Intersección","Bueno","Buena","Diurna","Buen Tiempo","S/D","S/D","Atropello","Ninguna","Horizontal","Cordón divisorio","Sin restricción"
2016,2103,4/28/2016,"Jueves",0,17:30:00,,"0.0",2,"Peatón,Automóvil","Corrientes 3450",2,1,0,0,1,0,0,,"Calle",,"SANTA FE","La Capital","Asfalto","No existe","I","Dentro","Urbana","Ninguna","No existe","Recta","Con baches","Buena","Diurna","Buen Tiempo","Lateral","S/D","Atropello","S/D","Faltante","Ninguna","Sin restricción"
2016,2104,4/30/2016,"Sabado",0,5:40:00,,"0.0",2,"Moto/Ciclomotor,Automóvil","PUENTE CARRETERO ",2,1,0,0,1,0,0,,"Calle",,"SANTA FE","La Capital","Asfalto","Pavimento","I","Dentro","Urbana","Ninguna","No existe","Recta","Con baches","Buena","Nocturna","Buen Tiempo","Frontal","S/D","Colisión","S/D","Faltante","Cordón divisorio","Sin restricción"
2016,2105,4/19/2016,"Martes",0,19:20:00,,"0.0",2,"Moto/Ciclomotor,Automóvil","Av Mosconi ",2,1,0,0,1,0,0,,"Avenida",,"SANTA FE","La Capital","Asfalto","No existe","I","Dentro","Urbana","Ninguna","No existe","Recta","Bueno","S/D","Atardecer","S/D","Frontal","S/D","Colisión","Ninguna","S/D","S/D","Sin restricción"