"anio_acci","nro_acci","fecha","desc_dia","fecha_aprox","hora_aprox","desc_ruta","km","cant_participantes","desc_participante","calle_avenida_km","total","heridos_leves","heridos_graves","heridos_gravisimos","ilesos","fallecidos","sin_datos","posicion_XY","desc_tipo_via","desc_ruta_ori","desc_loc","desc_dpto","desc_tipo_calzada","desc_tipo_banquina","desc_unidad_regional","desc_lugar_calzada","desc_zona","desc_prioridad","desc_estado_semaforo","desc_lugar_via","desc_estado_via","desc_estado_visibilidad","desc_luminosidad","desc_estado_clima","desc_tipo_colision","desc_tipo_atropello","desc_tipo_hecho","desc_pres_calzada","desc_senializacion","desc_separacion_via","desc_restriccion"
2016,2106,4/4/2016,"Lunes",0,17:00:00,,"0.0",2,"Camión,Moto/Ciclomotor","Teniente Loza ",2,1,0,0,1,0,0,,"Calle",,"SANTA FE","La Capital","Asfalto","S/D","I","Dentro","Urbana","Ninguna","S/D","Intersección","Bueno","Buena","Diurna","Buen Tiempo","De alcance","S/D","Colisión","S/D","Faltante","Ninguna","Sin restricción"
2016,2107,4/29/2016,"Viernes",0,19:30:00,,"0.0",2,"Automóvil,Moto/Ciclomotor","12 de Octubre Y Santa Cruz",2,1,0,0,1,0,0,,"Calle",,"SANTA FE","La Capital","Asfalto","No existe","I","Dentro","Urbana","Ninguna","No existe","Intersección","Bueno","Buena","Diurna","Buen Tiempo","De alcance","S/D","Colisión","S/D","Faltante","Ninguna","Sin restricción"
2016,2108,4/25/2016,"Lunes",0,20:50:00,,"0.0",1,"Moto/Ciclomotor","Laurencio Maradona ",1,1,0,0,0,0,0,,"Calle",,"SANTA FE","La Capital","Asfalto","Natural","I","S/D","Urbana","S/D","No funciona","Recta","Bueno","Buena","Diurna","Otro","S/D","S/D","Despiste","Ninguna","Faltante","Ninguna","Sin restricción"
2016,2109,4/3/2016,"Domingo",0,12:30:00,,"0.0",2,"Moto/Ciclomotor,Automóvil","Av Blas Parera Y Combatientes de Malvinas",2,1,0,0,1,0,0,,"Calle",,"SANTA FE","La Capital","Asfalto","No existe","I","Dentro","Urbana","Ninguna","No existe","Intersección","Bueno","Buena","Diurna","Buen Tiempo","De alcance","S/D","Colisión","S/D","Faltante","Ninguna","Sin restricción"
2016,2110,4/1/2016,"Viernes",0,16:30:00,,"0.0",2,"Pickup/Utilitario,Automóvil","Cardenal Fasolino Y Piedras",2,2,0,0,0,0,0,,"Calle",,"SANTA FE","La Capital","Asfalto","S/D","I","Dentro","Urbana","S/D","S/D","Intersección","Bueno","Buena","Diurna","S/D","Lateral","S/D","Colisión","S/D","S/D","S/D","S/D"
2016,2111,1/19/2016,"Martes",0,,"Ruta Nacional A008","0.0",1,"Otros","Av. Circunvalacion Y Rivarola",1,0,0,0,0,1,0,"-32.966016, -60.719226","Ruta","A008","ROSARIO","Rosario","Hormigón","S/D","II","Dentro","Urbana","S/D","S/D","S/D","S/D","S/D","S/D","S/D","S/D","S/D","S/D","S/D","S/D","S/D","S/D"
2016,2112,1/22/2016,"Viernes",0,,,"0.0",2,"Moto/Ciclomotor,Automóvil"," ",2,0,0,0,0,1,1,"-31.618135, -60.718503","S/D",,"SANTA FE","La Capital","S/D","S/D","I","S/D","S/D","S/D","S/D","S/D","S/D","S/D","S/D","S/D","S/D","S/D","Colisión","S/D","S/D","S/D","S/D"
2016,2113,1/23/2016,"Sabado",0,,,"0.0",1,"Automóvil"," ",1,0,0,0,0,1,0,"-31.396355, -61.078931","Camino Rural",,"HUMBOLDT","Las Colonias","Tierra","Natural","XI","Dentro","Rural","S/D","No existe","S/D","S/D","S/D","Nocturna","S/D","S/D","S/D","Vuelco","S/D","S/D","S/D","S/D"
2016,2114,4/24/2016,"Domingo",0,13:30:00,,"0.0",1,"Moto/Ciclomotor","Avenida Nuestra Señora del Luj Y Lisandro de La Torre",2,1,1,0,0,0,0,,"Avenida",,"SANTO TOMÉ","La Capital","Asfalto","Natural","I","Dentro","Urbana","Ninguna","Funciona","Intersección","Bueno","Buena","Diurna","Buen Tiempo","S/D","S/D","Despiste","Otro","S/D","Ninguna","Sin restricción"
2016,2115,4/4/2016,"Lunes",0,11:30:00,,"0.0",1,"Moto/Ciclomotor","Balcarce Y Libertad",1,1,0,0,0,0,0,,"Calle",,"SANTO TOMÉ","La Capital","Asfalto,Ripio","No existe","I","Dentro","Urbana","Ninguna","No existe","Intersección","Con baches","Buena","Diurna","Lluvia","S/D","S/D","Caída ocupante","Agua","Faltante","S/D","Sin restricción"
2016,2116,4/12/2016,"Martes",0,14:00:00,,"0.0",2,"Automóvil,Moto/Ciclomotor","Balcarce Y Mariano Candioti",3,2,0,0,1,0,0,,"Calle",,"SANTO TOMÉ","La Capital","Asfalto","No existe","I","Dentro","Urbana","Ninguna","No existe","Intersección","Bueno","Buena","Diurna","Buen Tiempo","S/D","S/D","Colisión","Otro","S/D","Ninguna","Sin restricción"
2016,2117,4/20/2016,"Miercoles",0,12:50:00,,"0.0",2,"Bicicleta,Automóvil","Mariano Moreno 2920",2,1,0,0,0,0,1,,"S/D",,"SANTO TOMÉ","La Capital","Asfalto","Pavimento","I","Dentro","Urbana","Ninguna","No existe","Recta","Bueno","Buena","Diurna","Lluvia","S/D","S/D","Atropello","Agua","Faltante","Ninguna","Sin restricción"
2016,2118,4/26/2016,"Martes",0,10:00:00,,"0.0",2,"Automóvil,Moto/Ciclomotor","La Rioja Y Juan Jose Castelli",2,1,0,0,0,0,1,,"Calle",,"SANTO TOMÉ","La Capital","Asfalto","Pavimento","I","Dentro","Urbana","Ninguna","No existe","Intersección","Bueno","Buena","Diurna","Buen Tiempo","Lateral","S/D","Colisión","S/D","Faltante","S/D","S/D"
2016,2119,4/17/2016,"Domingo",0,21:30:00,"Ruta Nacional 11","0.0",2,"Peatón,Automóvil"," ",2,1,0,0,1,0,0,,"Ruta",11,"NELSON","La Capital","Asfalto","Ripio","I","S/D","Urbana","Ninguna","No existe","Intersección","Con baches","Buena","Con luz artificial","Buen Tiempo","S/D","S/D","Atropello","Ninguna","Faltante","Ninguna","Sin restricción"
2016,2120,1/20/2016,"Miercoles",0,0:00:00,,"0.0",1,"Moto/Ciclomotor","6KM AL ESTE ZONA URBANA ",1,0,0,0,0,1,0,"-30.979677, -61.777772","Camino Rural",,"EUSEBIA","Castellanos","Ripio","Natural","XIV","Dentro","Rural","S/D","No existe","Recta","S/D","S/D","Nocturna","S/D","S/D","S/D","Caída ocupante","S/D","S/D","S/D","S/D"
2016,2121,7/19/2016,"Martes",0,8:20:00,"Ruta Provincial 23","0.0",1,"Automóvil"," ",1,0,0,0,0,1,0,"-30.210542, -61.862809","Ruta",23,"VILLA TRINIDAD","San Cristóbal","Asfalto","Natural","XIII","Fuera","Rural","Ninguna","S/D","Recta","Bueno","Reducida","Diurna","Niebla","S/D","S/D","Despiste","Ninguna","S/D","Ninguna","Sin restricción"
2016,2122,4/9/2016,"Sabado",0,14:00:00,,"0.0",1,"Moto/Ciclomotor","Pasaje Carlos Pellegrini Y Pres Domingo Faustino Sarmient",1,1,0,0,0,0,0,,"Calle",,"SANTO TOMÉ","La Capital","Asfalto","No existe","I","Dentro","Urbana","Ninguna","No existe","Intersección","Bueno","Buena","Diurna","Buen Tiempo","Atropello animal","S/D","Colisión","S/D","Faltante","Ninguna","Sin restricción"
2016,2123,4/9/2016,"Sabado",0,1:00:00,,"0.0",2,"Automóvil,Moto/Ciclomotor","Cordoba Y Avellaneda",2,1,0,0,1,0,0,,"Calle",,"SANTA FE","La Capital","Asfalto","No existe","I","Dentro","Urbana","Ninguna","No existe","Intersección","Resbaladiza","Reducida","Nocturna,Con luz artificial","Buen Tiempo","Lateral","S/D","Colisión","Agua","Faltante","Ninguna","Sin restricción"
2016,2124,4/13/2016,"Miercoles",0,9:30:00,,"0.0",2,"Automóvil,Peatón","25 de Mayo Y Av Almte Brown",2,1,0,0,1,0,0,,"Calle",,"SANTA FE","La Capital","Asfalto","No existe","I","Dentro","Urbana","Ninguna","No existe","Intersección","Bueno","Buena","Diurna","Buen Tiempo","De alcance","S/D","Atropello","S/D","Faltante","Ninguna","Sin restricción"
2016,2125,4/12/2016,"Martes",0,13:25:00,,"0.0",2,"Automóvil,Moto/Ciclomotor","General Manuel Belgrano Y Nicolas Avellaneda",2,1,0,0,1,0,0,,"Calle",,"SANTO TOMÉ","La Capital","Asfalto","No existe","I","Dentro","Urbana","Ninguna","No existe","Intersección","Bueno","Buena","Diurna","Buen Tiempo","De alcance","S/D","Colisión","S/D","Faltante","Ninguna","Sin restricción"
2016,2126,4/16/2016,"Sabado",0,17:30:00,,"0.0",2,"Automóvil,Moto/Ciclomotor","Juan Diaz De Solis Y Juan Jose Castelli",2,1,0,0,1,0,0,,"Calle",,"SANTO TOMÉ","La Capital","Asfalto","No existe","I","Dentro","Urbana","Ninguna","No existe","Intersección","Bueno","Reducida","Diurna","Viento Fuerte","Lateral","S/D","Colisión","Agua","Faltante","Ninguna","Sin restricción"
2016,2127,4/28/2016,"Jueves",0,14:00:00,,"0.0",2,"Bicicleta,Automóvil","Mariano Moreno 1754",2,1,0,0,1,0,0,,"Calle",,"SANTO TOMÉ","La Capital","Asfalto","No existe","I","Dentro","Urbana","Ninguna","No existe","Recta","Bueno","Buena","Diurna","Buen Tiempo","De alcance","S/D","Atropello","S/D","Faltante","Ninguna","Sin restricción"
2016,2128,4/30/2016,"Sabado",0,17:00:00,,"0.0",2,"Automóvil,Peatón","Av 7 de marzo Y Hipolito Irigoyen",2,0,1,0,1,0,0,,"Calle",,"SANTO TOMÉ","La Capital","Asfalto","No existe","I","Dentro","Urbana","Ninguna","No existe","Intersección","Bueno","Buena","Diurna","Buen Tiempo","De alcance","S/D","Atropello","S/D","Faltante","Ninguna","Sin restricción"
2016,2129,4/18/2016,"Lunes",0,18:20:00,,"0.0",2,"Moto/Ciclomotor,Automóvil","Jose De San Martin Y Dalmacio Velez Sarfield",3,2,0,0,1,0,0,,"Calle",,"SANTO TOMÉ","La Capital","Asfalto","No existe","I","Dentro","Urbana","Ninguna","No existe","Intersección","Resbaladiza","Reducida","Atardecer","Buen Tiempo","De alcance","S/D","Colisión","Agua","Faltante","Ninguna","Sin restricción"
2016,2130,4/11/2016,"Lunes",0,14:00:00,"Ruta Provincial 2","0.0",2,"Moto/Ciclomotor,Camión"," ",2,1,0,0,1,0,0,,"Ruta",2,"MONTE VERA","La Capital","Hormigón","S/D","I","Dentro","Urbana","Ninguna","No existe","Intersección","Bueno","Buena","Diurna","Buen Tiempo","S/D","S/D","Colisión","S/D","S/D","Ninguna","Sin restricción"
2016,2131,4/23/2016,"Sabado",0,12:30:00,,"0.0",2,"Automóvil,Moto/Ciclomotor"," ",2,1,0,0,1,0,0,,"Calle",,"COLASTINE","La Capital","Asfalto","No existe","I","Dentro","Urbana","Ninguna","No existe","Recta","Bueno","Buena","Diurna","Buen Tiempo","Lateral","S/D","Colisión","S/D","Horizontal","Línea divisoria pintada","Obra en Construcción"
2016,2132,4/23/2016,"Sabado",0,10:20:00,"Ruta Provincial 1","2.5",2,"Automóvil,Otros"," ",2,1,0,0,1,0,0,,"Ruta",1,"SANTA FE","La Capital","Asfalto","Ripio","I","Dentro","Urbana","Ninguna","No existe","Recta","Bueno","Buena","Diurna","Buen Tiempo","Lateral","S/D","Colisión","S/D","Horizontal","Línea divisoria pintada","Sin restricción"
2016,2133,4/28/2016,"Jueves",0,19:50:00,"Ruta Provincial 1","0.5",2,"Automóvil,Otros"," ",2,1,0,0,1,0,0,,"Ruta",1,"COLASTINE","La Capital","Asfalto","S/D","I","Dentro","Urbana","Ninguna","No existe","Recta","Bueno","Buena","Diurna","Buen Tiempo","Lateral","S/D","Colisión","S/D","Horizontal","Línea divisoria pintada","Sin restricción"
2016,2134,4/3/2016,"Domingo",0,7:00:00,"Ruta Provincial 1","7.5",2,"Peatón,Automóvil"," ",4,1,0,0,3,0,0,,"Ruta",1,"RINCÓN POTRERO","La Capital","Asfalto","Natural","I","Dentro","Urbana","Ninguna","No existe","Curva","Con baches","Reducida","Amanecer","Buen Tiempo","S/D","S/D","Atropello","Ninguna","Faltante","Línea divisoria pintada","Sin restricción"
2016,2135,4/5/2016,"Martes",0,23:20:00,,"0.0",2,"Automóvil,Moto/Ciclomotor","Rca Oriental del Uruguay Y Avenida Nuestra Señora del Luj",2,1,0,0,1,0,0,,"Calle",,"SANTO TOMÉ","La Capital","Asfalto","No existe","I","Dentro","Urbana","Ninguna","No existe","Intersección","Bueno","Buena","Nocturna","Buen Tiempo","Lateral","S/D","Colisión","S/D","Faltante","Ninguna","Sin restricción"
2016,2136,4/24/2016,"Domingo",0,0:20:00,"Ruta Nacional 11","0.0",2,"Moto/Ciclomotor,Automóvil"," ",2,1,0,0,1,0,0,,"Ruta",11,"SANTO TOMÉ","La Capital","Asfalto","No existe","I","Dentro","Urbana","Ninguna","No existe","Recta","Bueno","Buena","Nocturna","Buen Tiempo","De alcance","S/D","Colisión","S/D","Faltante","Ninguna","Sin restricción"
2016,2137,4/25/2016,"Lunes",0,11:30:00,"Ruta Nacional 11","0.0",2,"Otros,Moto/Ciclomotor"," ",2,1,0,0,1,0,0,,"Ruta",11,"SANTO TOMÉ","La Capital","Asfalto","Natural","I","Dentro","Urbana","Ninguna","No existe","Recta","Bueno","Buena","Diurna","Buen Tiempo","De alcance","S/D","Colisión","S/D","S/D","Línea divisoria pintada","Sin restricción"
2016,2138,4/28/2016,"Jueves",0,15:15:00,,"0.0",2,"Otros,Moto/Ciclomotor","Avenida Nuestra Señora del Luj Y Martin Zavalla",2,1,0,0,1,0,0,,"Calle",,"SANTO TOMÉ","La Capital","Asfalto","No existe","I","Dentro","Urbana","Ninguna","No existe","Recta","Bueno","Buena","Diurna","Buen Tiempo","De alcance","S/D","Colisión","S/D","S/D","Línea divisoria pintada","Sin restricción"
2016,2139,2/12/2016,"Viernes",0,7:40:00,,"0.0",1,"Moto/Ciclomotor"," ",3,0,1,0,2,0,0,,"Camino Rural",,"SUSANA","Castellanos","S/D","S/D","V","Dentro","Urbana","S/D","S/D","Recta","S/D","Buena","Diurna","S/D","S/D","S/D","Caída ocupante","S/D","S/D","S/D","S/D"
2016,2140,2/14/2016,"Domingo",0,16:30:00,,"0.0",2,"Moto/Ciclomotor,Automóvil","9 de Julio Y Ricardo Aldao",3,2,0,0,1,0,0,,"Calle",,"SANTA FE","La Capital","Asfalto","S/D","I","Dentro","Urbana","S/D","S/D","Intersección","S/D","S/D","Diurna","S/D","S/D","S/D","Colisión","S/D","S/D","S/D","S/D"
2016,2141,4/15/2016,"Viernes",0,2:20:00,,"0.0",2,"Moto/Ciclomotor,Moto/Ciclomotor","Rivadavia Y Moreno",3,0,3,0,0,0,0,,"Calle",,"LAGUNA PAIVA","La Capital","Hormigón","No existe","I","Dentro","Urbana","Ninguna","No existe","Intersección","Bueno","Buena","Nocturna,Con luz artificial","Buen Tiempo","Lateral","S/D","Colisión","Ninguna","Vertical","Ninguna","Sin restricción"
2016,2142,4/6/2016,"Miercoles",0,12:30:00,,"0.0",2,"Moto/Ciclomotor,Automóvil","Sarmiento Y 25 de Mayo",2,1,0,0,1,0,0,,"Calle",,"LAGUNA PAIVA","La Capital","Hormigón","No existe","I","Dentro","Urbana","Ninguna","No existe","Intersección","Bueno","Buena","Diurna","Buen Tiempo","Lateral","S/D","Colisión","Ninguna","Vertical","Ninguna","Sin restricción"
2016,2143,4/15/2016,"Viernes",0,10:30:00,,"0.0",1,"Camión","Av L de la Torre Y Juan J Paso",2,1,0,0,1,0,0,,"Avenida",,"LAGUNA PAIVA","La Capital","Asfalto","Natural","I","Dentro","Urbana","Ninguna","No existe","Recta","Bueno","Buena","Diurna","Buen Tiempo","S/D","S/D","Otro","Ninguna","Faltante","Ninguna","Sin restricción"
2016,2144,4/9/2016,"Sabado",0,7:30:00,"Ruta Secundaria 80-s","0.0",1,"Automóvil"," ",2,1,0,0,1,0,0,,"Ruta","80-s","LAGUNA PAIVA","La Capital","Tierra","No existe","I","Fuera","Rural","Ninguna","No existe","Recta","Resbaladiza,Deteriorada","Buena","Amanecer","Buen Tiempo","S/D","S/D","Despiste","Ninguna","Faltante","Ninguna","Sin restricción"
2016,2145,4/12/2016,"Martes",0,23:30:00,"Ruta Nacional 11","152.0",2,"Automóvil,Automóvil"," ",2,1,0,0,1,0,0,,"Ruta",11,"SAUCE VIEJO","La Capital","Asfalto","Pavimento","I","Dentro","Rural","Ninguna","No existe","Recta","Bueno","Reducida","Nocturna","Buen Tiempo","Lateral","S/D","Colisión","Otro","S/D","Línea divisoria pintada","Accidente Previo"
2016,2146,4/28/2016,"Jueves",0,14:30:00,"Ruta Nacional 11","152.0",1,"Moto/Ciclomotor"," ",2,1,0,0,1,0,0,,"Ruta",11,"SAUCE VIEJO","La Capital","Asfalto","Pavimento","I","Dentro","Rural","Ninguna","No existe","Recta","Bueno","S/D","Diurna","Buen Tiempo","S/D","S/D","S/D","Otro","S/D","Línea divisoria pintada","S/D"
2016,2147,4/8/2016,"Viernes",0,11:15:00,"Autopista Provincial Brigadier E.López","130.0",1,"Vehículo Oficial"," ",2,2,0,0,0,0,0,,"Autopista","Brigadier E.López","SAUCE VIEJO","La Capital","Asfalto","S/D","I","S/D","Rural","Ninguna","No existe","Recta","S/D","S/D","Diurna","Lluvia","S/D","S/D","Vuelco","Otro","S/D","S/D","S/D"
2016,2148,4/17/2016,"Domingo",0,16:30:00,"Ruta Nacional 11","154.0",2,"Moto/Ciclomotor,Automóvil"," ",3,1,0,0,2,0,0,,"Ruta",11,"SAUCE VIEJO","La Capital","Asfalto","S/D","I","Dentro","Rural","Ninguna","No existe","Recta","Otro","Buena","Diurna","Buen Tiempo","Frontal","S/D","Colisión","Otro","Faltante","Línea divisoria pintada","Sin restricción"
2016,2149,4/13/2016,"Miercoles",0,17:55:00,,"0.0",2,"Moto/Ciclomotor,Automóvil"," ",2,1,0,0,1,0,0,,"S/D",,"SANTA FE","La Capital","Hormigón","Pavimento","I","Dentro","Urbana","Policía de tránsito","No existe","Puente","Con baches","Buena","Diurna","Buen Tiempo","Frontal","S/D","Colisión","Ninguna","Vertical","Cordón divisorio","Desvío Provisorio"
2016,2150,4/15/2016,"Viernes",0,14:30:00,,"0.0",2,"Automóvil,Automóvil","J J Paso Y San Lorenzo",2,1,0,0,1,0,0,,"Avenida",,"SANTA FE","La Capital","Asfalto","No existe","I","S/D","Urbana","Ninguna","S/D","Intersección","Bueno","S/D","Diurna","Buen Tiempo","Frontal","S/D","Colisión","Ninguna","Faltante","Cordón divisorio","Sin restricción"
2016,2151,4/15/2016,"Viernes",0,14:40:00,,"0.0",2,"Moto/Ciclomotor,Automóvil","Moreno Y Saavedra",2,1,0,0,1,0,0,,"Calle",,"SANTA FE","La Capital","Asfalto","No existe","I","Dentro","Urbana","Ninguna","No existe","Intersección","Con baches","Buena","Diurna","Buen Tiempo","Lateral","S/D","Colisión","Ninguna","Faltante","Ninguna","Sin restricción"
2016,2152,4/18/2016,"Lunes",0,12:30:00,,"0.0",2,"Moto/Ciclomotor,Automóvil","J J Paso Y Juan Diaz de Solis",2,1,0,0,1,0,0,,"S/D",,"SANTA FE","La Capital","Asfalto","No existe","I","S/D","Urbana","Ninguna","No existe","Intersección","Bueno","Buena","Diurna","Buen Tiempo","Frontal","S/D","Colisión","S/D","S/D","Ninguna","Sin restricción"
2016,2153,4/2/2016,"Sabado",0,20:30:00,,"0.0",2,"Bicicleta,Pickup/Utilitario","Azcuenaga Y La Rioja",2,1,0,0,1,0,0,,"Calle",,"SANTO TOMÉ","La Capital","Asfalto","No existe","I","Dentro","Urbana","Ninguna","No existe","Intersección","Deteriorada","Reducida","Con luz artificial","Lluvia","S/D","S/D","Atropello","Agua","Faltante","Ninguna","Sin restricción"
2016,2154,4/9/2016,"Sabado",0,1:25:00,,"0.0",2,"Automóvil,Moto/Ciclomotor","Avenida Nuestra Señora del Luj Y Santiago Derqui",3,1,0,0,2,0,0,,"Avenida",,"SANTO TOMÉ","La Capital","Asfalto","No existe","I","Dentro","Urbana","Semáforo","Funciona","Intersección","Deteriorada","Buena","Con luz artificial","Lluvia","Lateral","S/D","Colisión","Agua","Faltante","Ninguna","Sin restricción"
2016,2155,4/16/2016,"Sabado",0,7:50:00,"Ruta Nacional 19","4.5",1,"Pickup/Utilitario"," ",2,1,0,0,1,0,0,,"Ruta",19,"SANTO TOMÉ","La Capital","Asfalto","Pavimento","I","Dentro","Urbana","Ninguna","No existe","Recta","Bueno","Buena","Diurna","Lluvia","De alcance","S/D","Colisión","Material Suelto","Faltante","Guardarrail","Sin restricción"
2016,2156,4/17/2016,"Domingo",0,15:50:00,,"0.0",2,"Automóvil,Moto/Ciclomotor","Centenario Y Avenida Del Trabajo",2,1,0,0,1,0,0,,"Calle",,"SANTO TOMÉ","La Capital","Asfalto","No existe","I","Dentro","Urbana","Ninguna","No existe","Intersección","Bueno","Buena","Diurna","Lluvia","Contra objeto fijo","S/D","Colisión","Agua","Faltante","Ninguna","Sin restricción"
2016,2157,4/25/2016,"Lunes",0,8:00:00,,"0.0",2,"Moto/Ciclomotor,Pickup/Utilitario","Av A del Valle Y Cordoba",2,1,0,0,1,0,0,,"Avenida",,"SANTA FE","La Capital","Asfalto","No existe","I","Dentro","Urbana","Ninguna","No existe","Intersección","Con baches","Buena","Diurna","Buen Tiempo","Lateral","S/D","Colisión","Ninguna","Vertical","Ninguna","Sin restricción"
2016,2158,4/25/2016,"Lunes",0,22:00:00,,"0.0",2,"Moto/Ciclomotor,Automóvil","Av A del Valle Y Martin Zapata",4,1,0,0,3,0,0,,"Avenida",,"SANTA FE","La Capital","Hormigón","No existe","I","Dentro","Urbana","Ninguna","No existe","Intersección","Bueno","Buena","Nocturna,Con luz artificial","Buen Tiempo","Lateral","S/D","Colisión","Ninguna","Faltante","Ninguna","Sin restricción"
2016,2159,4/27/2016,"Miercoles",0,9:00:00,,"0.0",2,"Taxi/Remis,Pickup/Utilitario","1ro de Mayo Y J Castelli",3,1,0,0,2,0,0,,"Calle",,"SANTA FE","La Capital","Hormigón","No existe","I","Dentro","Urbana","Ninguna","No existe","Intersección","Bueno","Buena","Diurna","Otro","Lateral","S/D","Colisión","Ninguna","Faltante","Ninguna","Sin restricción"
2016,2160,4/29/2016,"Viernes",0,19:00:00,,"0.0",2,"Bicicleta,Pickup/Utilitario","Estanislao Zeballos Y San Jeronimo",2,1,0,0,1,0,0,,"Calle",,"SANTA FE","La Capital","Hormigón","No existe","I","Dentro","Urbana","Ninguna","No existe","Intersección","Bueno","Buena","Atardecer,Con luz artificial","Buen Tiempo","S/D","S/D","Atropello","Ninguna","Faltante","Ninguna","Sin restricción"
2016,2161,6/24/2016,"Viernes",0,7:15:00,"Ruta Nacional 33","779.0",2,"Peatón,Automóvil"," ",2,0,0,0,1,1,0,"-33.018416, -60.894885","Ruta",33,"ZAVALLA","Rosario","Asfalto","Ripio","II","Dentro","Rural","S/D","No existe","Recta","Bueno","Reducida","Amanecer","Niebla","S/D","Peatón","Atropello","Ninguna","Faltante","Línea divisoria pintada","Sin restricción"
2016,2162,6/23/2016,"Jueves",0,14:00:00,"Ruta Provincial 10","0.0",1,"Automóvil"," ",2,0,1,0,0,1,0,"-32.704561, -60.817029","Ruta",10,"ALDAO","San Lorenzo","Asfalto","Natural","XVII","Fuera","Rural","Marca Vial","No existe","Recta","Bueno","Buena","Diurna","Buen Tiempo","S/D","S/D","Vuelco","Ninguna","Horizontal","Línea divisoria pintada","Sin restricción"
2016,2163,6/16/2016,"Jueves",0,8:20:00,"Ruta Nacional A012","48.0",2,"Automóvil,Automóvil"," ",2,0,0,1,0,1,0,"-32.901013, -60.893149","Ruta","A012","ROLDÁN","San Lorenzo","Asfalto","Natural","XVII","Dentro","Urbana","Ninguna","No existe","Recta","Bueno","Buena","Diurna","Buen Tiempo","Frontal","S/D","Colisión","S/D","Faltante","Ninguna","Sin restricción"
2016,2164,6/12/2016,"Domingo",0,7:00:00,"Ruta Provincial 13","90.0",2,"Automóvil,Automóvil"," ",2,0,0,0,1,1,0,"-31.729259, -61.797978","Ruta",13,"SASTRE","San Martín","Asfalto","No existe","XVIII","Dentro","Urbana","Ninguna","No existe","Curva","Bueno","Buena","Amanecer","Escarcha","Contra objeto fijo","Peatón","Colisión,Vuelco,Atropello","Ninguna","Faltante","Guardarrail","Sin restricción"
2016,2165,4/1/2016,"Viernes",0,13:00:00,,"0.0",2,"Moto/Ciclomotor,Automóvil","Espora Y San Martin",2,1,0,0,1,0,0,,"Calle",,"SANTA FE","La Capital","Asfalto","No existe","I","Dentro","Urbana","Ninguna","No existe","Intersección","Bueno","Buena","Diurna","Lluvia","Lateral","S/D","Colisión","Agua","Faltante","Ninguna","Sin restricción"
2016,2166,4/1/2016,"Viernes",0,14:30:00,,"0.0",1,"Moto/Ciclomotor","Av A del Valle Y Pedro Ferre",2,2,0,0,0,0,0,,"Calle",,"SANTA FE","La Capital","Asfalto","No existe","I","Dentro","Urbana","Semáforo","Funciona","Intersección","Bueno","Reducida","Diurna","Buen Tiempo","S/D","S/D","Caída ocupante","Agua","Vertical","Línea divisoria pintada","Sin restricción"
2016,2167,4/4/2016,"Lunes",0,20:15:00,,"0.0",2,"Pickup/Utilitario,Moto/Ciclomotor","San Jeronimo Y Domingo Silva",2,1,0,0,1,0,0,,"Calle",,"SANTA FE","La Capital","Hormigón","No existe","I","Dentro","Urbana","Ninguna","No existe","Intersección","Bueno","Buena","Nocturna,Con luz artificial","Buen Tiempo","Lateral","S/D","Colisión","S/D","Faltante","Línea divisoria pintada","Sin restricción"
2016,2168,4/9/2016,"Sabado",0,6:00:00,,"0.0",1,"Automóvil","Av A del Valle 5300",3,2,0,0,1,0,0,,"Calle",,"SANTA FE","La Capital","Hormigón","No existe","I","Dentro","Urbana","Ninguna","No existe","Recta","Bueno","Buena","Nocturna,Con luz artificial","Lluvia","Contra objeto fijo","S/D","Colisión","Agua","Faltante","Ninguna","Sin restricción"
2016,2169,4/6/2016,"Miercoles",0,17:00:00,,"0.0",2,"Automóvil,Pickup/Utilitario","Vieytes Y Av Urquiza",2,1,0,0,1,0,0,,"Calle",,"SANTA FE","La Capital","Asfalto","No existe","I","Dentro","Urbana","Ninguna","No existe","Intersección","Bueno","Buena","Diurna","Lluvia","Lateral","S/D","Colisión","Agua","Vertical","Ninguna","Sin restricción"
2016,2170,4/15/2016,"Viernes",0,22:15:00,,"0.0",2,"Moto/Ciclomotor,Automóvil","San Martin Y Iturraspe",2,1,0,0,1,0,0,,"Calle",,"SANTA FE","La Capital","Hormigón","No existe","I","Dentro","Urbana","Ninguna","No existe","Intersección","Bueno","Buena","Nocturna,Con luz artificial","S/D","Lateral","S/D","Colisión","S/D","Faltante","Línea divisoria pintada","Sin restricción"
2016,2171,4/16/2016,"Sabado",0,12:00:00,,"0.0",2,"Moto/Ciclomotor,Automóvil","Av A del Valle Y Salvador del Carril",3,2,0,0,1,0,0,,"Calle",,"SANTA FE","La Capital","Hormigón","No existe","I","Dentro","Urbana","Semáforo","Funciona","Intersección","Bueno","Buena","Diurna","Buen Tiempo","De alcance","S/D","Colisión","S/D","Vertical","Línea divisoria pintada","Sin restricción"