"anio_acci","nro_acci","fecha","desc_dia","fecha_aprox","hora_aprox","desc_ruta","km","cant_participantes","desc_participante","calle_avenida_km","total","heridos_leves","heridos_graves","heridos_gravisimos","ilesos","fallecidos","sin_datos","posicion_XY","desc_tipo_via","desc_ruta_ori","desc_loc","desc_dpto","desc_tipo_calzada","desc_tipo_banquina","desc_unidad_regional","desc_lugar_calzada","desc_zona","desc_prioridad","desc_estado_semaforo","desc_lugar_via","desc_estado_via","desc_estado_visibilidad","desc_luminosidad","desc_estado_clima","desc_tipo_colision","desc_tipo_atropello","desc_tipo_hecho","desc_pres_calzada","desc_senializacion","desc_separacion_via","desc_restriccion"
2016,2172,4/16/2016,"Sabado",0,13:20:00,,"0.0",2,"Moto/Ciclomotor,Automóvil","Av Facundo Zuviria Y Gutierrez",2,1,0,0,1,0,0,,"Calle",,"SANTA FE","La Capital","Hormigón","No existe","I","Dentro","Urbana","Semáforo","Funciona","Intersección","Bueno","Buena","Diurna","Buen Tiempo","Lateral","S/D","Colisión","Agua","Vertical","Línea divisoria pintada","Sin restricción"
2016,2173,4/17/2016,"Domingo",0,22:45:00,,"0.0",2,"Moto/Ciclomotor,Automóvil","Av A del Valle Y Hernandarias",3,2,0,0,1,0,0,,"Calle",,"SANTA FE","La Capital","Hormigón","No existe","I","Dentro","Urbana","Semáforo","Funciona","Intersección","Bueno","Buena","Nocturna,Con luz artificial","Lluvia","Lateral","S/D","Colisión","Agua","Vertical","Línea divisoria pintada","Sin restricción"
2016,2174,4/18/2016,"Lunes",0,1:20:00,,"0.0",2,"Moto/Ciclomotor,Pickup/Utilitario","Iturraspe Y San Martin",2,1,0,0,1,0,0,,"Calle",,"SANTA FE","La Capital","Hormigón","No existe","I","Dentro","Urbana","Ninguna","No existe","Intersección","Bueno","Buena","Nocturna,Con luz artificial","Lluvia","Lateral","S/D","Colisión","Agua","Faltante","Línea divisoria pintada","Sin restricción"
2016,2175,4/18/2016,"Lunes",0,20:00:00,,"0.0",3,"Automóvil,Automóvil,Moto/Ciclomotor","Av Facundo Zuviria Y Cordoba",4,1,0,0,3,0,0,,"Calle",,"SANTA FE","La Capital","Hormigón","No existe","I","Dentro","Urbana","Semáforo","Funciona","Intersección","Bueno","Buena","Nocturna,Con luz artificial","Lluvia","Múltiple","S/D","Colisión","Agua","Vertical","Línea divisoria pintada","Sin restricción"
2016,2176,4/19/2016,"Martes",0,14:00:00,,"0.0",2,"Peatón,Moto/Ciclomotor","Av A del Valle Y Av Galicia",2,1,0,0,1,0,0,,"Calle",,"SANTA FE","La Capital","Asfalto","No existe","I","Dentro","Urbana","Semáforo","Funciona","Recta","Bueno","Buena","Diurna","Buen Tiempo","S/D","S/D","Atropello","S/D","Vertical","Línea divisoria pintada","Sin restricción"
2016,2177,4/19/2016,"Martes",0,21:15:00,,"0.0",2,"Automóvil,Moto/Ciclomotor","Hernandarias Y 4 de Enero",2,1,0,0,1,0,0,,"Calle",,"SANTA FE","La Capital","Hormigón","No existe","I","Dentro","Urbana","Ninguna","No existe","Intersección","Bueno","Buena","Nocturna,Con luz artificial","Buen Tiempo","Lateral","S/D","Colisión","Ninguna","Faltante","Ninguna","Sin restricción"
2016,2178,4/21/2016,"Jueves",0,13:50:00,,"0.0",3,"Automóvil,Automóvil,Pickup/Utilitario","Av Facundo Zuviria Y Domingo Silva",4,1,0,0,3,0,0,,"Calle",,"SANTA FE","La Capital","Hormigón","No existe","I","Dentro","Urbana","Semáforo","Funciona","Recta","Bueno","Buena","Diurna","Buen Tiempo","Múltiple","S/D","Colisión","S/D","Vertical","Línea divisoria pintada","Sin restricción"
2016,2179,4/23/2016,"Sabado",0,13:00:00,,"0.0",2,"Moto/Ciclomotor,Automóvil","Av A del Valle 7100",2,1,0,0,1,0,0,,"Calle",,"SANTA FE","La Capital","Hormigón","No existe","I","Dentro","Urbana","Ninguna","No existe","Intersección","Bueno","Buena","Diurna","Lluvia","Lateral","S/D","Colisión","Agua","Faltante","Ninguna","Sin restricción"
2016,2180,4/10/2016,"Domingo",0,16:00:00,"Ruta Nacional 11","0.0",3,"Moto/Ciclomotor,Automóvil,Automóvil","Ruta Nacional 11 Y Ruta Prov 70",4,2,0,0,2,0,0,,"Ruta",11,"RECREO","La Capital","Asfalto","Natural","I","S/D","Urbana","Ninguna","No existe","Intersección","Bueno","Buena","Diurna","Buen Tiempo","De alcance","S/D","Colisión","Ninguna","Vertical","Cordón divisorio,Línea divisoria pintada","Sin restricción"
2016,2181,4/12/2016,"Martes",0,8:30:00,,"0.0",2,"Moto/Ciclomotor,Pickup/Utilitario"," ",2,1,0,0,1,0,0,,"S/D",,"RECREO","La Capital","Asfalto","Natural","I","S/D","S/D","Ninguna","No existe","Intersección","Bueno","Buena","Diurna","Buen Tiempo","Lateral","S/D","Colisión","Ninguna","Vertical","Línea divisoria pintada","Sin restricción"
2016,2182,4/13/2016,"Miercoles",0,19:15:00,"Ruta Nacional 11","0.0",2,"Moto/Ciclomotor,Automóvil","Ruta Nacional 1V11- Juan de Garay Y Diaz y Clucellas",4,2,0,0,2,0,0,,"Ruta",11,"RECREO","La Capital","Asfalto","No existe","I","S/D","Urbana","Ninguna","No existe","Intersección","Bueno","Buena","Atardecer,Con luz artificial","Buen Tiempo","Lateral","S/D","Colisión","Ninguna","Vertical","Línea divisoria pintada","Sin restricción"
2016,2183,4/15/2016,"Viernes",0,9:30:00,"Ruta Nacional 11","0.0",2,"Moto/Ciclomotor,Automóvil","Ruta Nacional 11 Y Ruta Prov 70",2,1,0,0,1,0,0,,"Ruta",11,"RECREO","La Capital","Asfalto","Natural","I","S/D","Urbana","Ninguna","No existe","Intersección","Bueno","Buena","Diurna","Buen Tiempo","Lateral","S/D","Colisión","Ninguna","Vertical","Línea divisoria pintada","Sin restricción"
2016,2184,4/23/2016,"Sabado",0,19:10:00,,"0.0",1,"Moto/Ciclomotor"," ",1,0,1,0,0,0,0,,"Camino Rural",,"LLAMBI CAMPBELL","La Capital","Tierra","Natural","I","Dentro","Rural","Ninguna","No existe","Recta","S/D","Buena","Atardecer","Buen Tiempo","S/D","S/D","Vuelco","Ninguna","Faltante","Vegetación","Sin restricción"
2016,2185,4/6/2016,"Miercoles",0,,,"0.0",2,"Moto/Ciclomotor,Automóvil","Soldado Aguirre Y Liniers",3,1,0,0,2,0,0,,"Calle",,"VILLA GOBERNADOR GÁLVEZ","Rosario","Asfalto","No existe","II","Dentro","Urbana","Ninguna","No existe","Intersección","Deteriorada","Buena","Nocturna","S/D","Lateral","S/D","Colisión","Material Suelto","Faltante","Ninguna","Sin restricción"
2016,2186,4/16/2016,"Sabado",0,,,"0.0",2,"Automóvil,Moto/Ciclomotor","Soldado Aguirre Y Nahuel Huapi",3,2,0,0,1,0,0,,"Calle",,"VILLA GOBERNADOR GÁLVEZ","Rosario","Asfalto","No existe","II","Dentro","Urbana","Ninguna","No existe","Intersección","Deteriorada","Buena","Nocturna","Buen Tiempo","Lateral","S/D","Colisión","Material Suelto","Faltante","Ninguna","Sin restricción"
2016,2187,4/24/2016,"Domingo",0,23:00:00,,"0.0",2,"Moto/Ciclomotor,Automóvil","Av Gral San Martin Y Av de Circunvalacion",2,1,0,0,1,0,0,,"Calle",,"VILLA GOBERNADOR GÁLVEZ","Rosario","Asfalto","No existe","II","Dentro","Urbana","Ninguna","Intermitente","Intersección","Bueno","Buena","Nocturna","Buen Tiempo","Lateral","S/D","Colisión","S/D","Faltante","Ninguna","Sin restricción"
2016,2188,4/21/2016,"Jueves",0,18:00:00,,"0.0",2,"Automóvil,Moto/Ciclomotor","Fornieles Y Andreu",2,1,0,0,1,0,0,,"Calle",,"VILLA GOBERNADOR GÁLVEZ","Rosario","Asfalto","No existe","II","Dentro","Urbana","Ninguna","No existe","Intersección","Con baches","Buena","Atardecer","Buen Tiempo","S/D","S/D","Colisión","Agua","Faltante","Ninguna","Sin restricción"
2016,2189,4/5/2016,"Martes",0,21:15:00,,"0.0",2,"Moto/Ciclomotor,Automóvil","Bv San diego 400",3,2,0,0,1,0,0,,"Calle",,"VILLA GOBERNADOR GÁLVEZ","Rosario","Asfalto","No existe","II","Dentro","Urbana","Ninguna","No existe","Recta","Bueno","Buena","Nocturna","Buen Tiempo","Lateral","S/D","Colisión","Ninguna","Faltante","Ninguna","Sin restricción"
2016,2190,4/21/2016,"Jueves",0,12:30:00,,"0.0",2,"Pickup/Utilitario,Transporte de Pasajeros Urbano (> 8 asientos)","J M Estrada Y Tucuman",3,2,0,0,1,0,0,,"Calle",,"VILLA GOBERNADOR GÁLVEZ","Rosario","Asfalto","No existe","II","Dentro","Urbana","Ninguna","No existe","Intersección","Bueno","Buena","Diurna","Buen Tiempo","Lateral","S/D","Colisión","S/D","Faltante","Ninguna","Sin restricción"
2016,2191,4/19/2016,"Martes",0,8:45:00,,"0.0",2,"Moto/Ciclomotor,Automóvil","Velez Sarfield Y Rivadavia",3,2,0,0,1,0,0,,"Calle",,"VILLA GOBERNADOR GÁLVEZ","Rosario","Asfalto","No existe","II","Dentro","Urbana","Ninguna","No existe","Intersección","Bueno","Buena","Diurna","Buen Tiempo","Lateral","S/D","Colisión","Ninguna","Faltante","Ninguna","Sin restricción"
2016,2192,4/22/2016,"Viernes",0,18:00:00,,"0.0",2,"Moto/Ciclomotor,Automóvil","Av Gral San Martin Y J F Kennedy",2,1,0,0,1,0,0,,"Calle",,"VILLA GOBERNADOR GÁLVEZ","Rosario","Asfalto","No existe","II","Dentro","Urbana","Ninguna","No existe","Intersección","Resbaladiza","Buena","Atardecer","Buen Tiempo","Lateral","S/D","Colisión","Material Suelto","Faltante","Ninguna","Sin restricción"
2016,2193,4/20/2016,"Miercoles",0,18:30:00,,"0.0",2,"Moto/Ciclomotor,Automóvil","Av Gral San Martin Y Jaures",2,1,0,0,1,0,0,,"Calle",,"VILLA GOBERNADOR GÁLVEZ","Rosario","Asfalto","No existe","II","Dentro","Urbana","Ninguna","No existe","Intersección","Bueno","Buena","Atardecer","Buen Tiempo","Lateral","S/D","Colisión","S/D","Faltante","Ninguna","Sin restricción"
2016,2194,4/18/2016,"Lunes",0,15:45:00,,"0.0",2,"Moto/Ciclomotor,Automóvil","Av Gral San Martin ",3,2,0,0,1,0,0,,"Calle",,"VILLA GOBERNADOR GÁLVEZ","Rosario","Asfalto","No existe","II","Dentro","Urbana","Ninguna","No existe","Intersección","Bueno","Buena","Diurna","Buen Tiempo","Lateral","S/D","Colisión","Ninguna","Faltante","Ninguna","Sin restricción"
2016,2195,4/18/2016,"Lunes",0,7:10:00,,"0.0",2,"Moto/Ciclomotor,Automóvil","Martinez Estrada Y Venezuela",2,0,1,0,1,0,0,,"Calle",,"ROSARIO","Rosario","S/D","S/D","II","Dentro","Urbana","S/D","S/D","Intersección","S/D","S/D","Diurna","S/D","S/D","S/D","Colisión","S/D","S/D","S/D","S/D"
2016,2196,4/4/2016,"Lunes",0,20:45:00,,"0.0",2,"Moto/Ciclomotor,Otros","Av Gral San Martin Y Lisandro de la Torre",2,0,0,0,0,1,1,"-33.029005, -60.620471","Calle",,"VILLA GOBERNADOR GÁLVEZ","Rosario","Asfalto","No existe","II","Dentro","Urbana","Ninguna","No existe","Intersección","Bueno","Reducida","Nocturna","Lluvia","S/D","S/D","Atropello","Ninguna","Faltante","Ninguna","Sin restricción"
2016,2197,4/9/2016,"Sabado",0,0:16:00,,"0.0",2,"Moto/Ciclomotor,Automóvil","Maipu Y San Juan",3,2,0,0,1,0,0,,"Calle",,"VILLA GOBERNADOR GÁLVEZ","Rosario","S/D","S/D","II","Dentro","Urbana","S/D","S/D","S/D","S/D","S/D","Nocturna","S/D","S/D","S/D","Colisión","S/D","S/D","S/D","S/D"
2016,2198,4/6/2016,"Miercoles",0,9:00:00,,"0.0",2,"Moto/Ciclomotor,Automóvil","Av Gral San Martin Y Yapeyu",2,1,0,0,1,0,0,,"S/D",,"VILLA GOBERNADOR GÁLVEZ","Rosario","Asfalto","No existe","II","S/D","S/D","Ninguna","No existe","Intersección","Con baches","Buena","Diurna","Buen Tiempo","Lateral","S/D","Colisión","Material Suelto","Faltante","Ninguna","Sin restricción"
2016,2199,4/1/2016,"Viernes",0,3:00:00,,"0.0",2,"Moto/Ciclomotor,Automóvil","San Martin ",3,1,0,0,1,0,1,,"Calle",,"ROSARIO","Rosario","Asfalto","No existe","II","Dentro","Urbana","Ninguna","No existe","Intersección","Bueno","Buena","Nocturna,Con luz artificial","Buen Tiempo","Lateral","S/D","Colisión","Ninguna","Faltante","Ninguna","Sin restricción"
2016,2200,4/17/2016,"Domingo",0,0:05:00,,"0.0",1,"Moto/Ciclomotor","Mitre Y Lisandro de la Torre",2,1,0,0,1,0,0,,"Calle",,"GENERAL LAGOS","Rosario","Asfalto","No existe","II","Dentro","Urbana","Ninguna","No existe","Intersección","Bueno","Buena","Nocturna,Con luz artificial","Buen Tiempo","S/D","S/D","Caída ocupante","S/D","Faltante","Ninguna","Sin restricción"
2016,2201,4/13/2016,"Miercoles",0,13:30:00,,"0.0",2,"Automóvil,Moto/Ciclomotor","Iturraspe Y Sebastian Gaboto",3,2,0,0,1,0,0,,"Calle",,"SANTA FE","La Capital","Asfalto","No existe","I","Dentro","Urbana","Ninguna","Funciona","Intersección","Bueno","Buena","Diurna","Buen Tiempo","Lateral","S/D","Colisión","S/D","Vertical","Guardarrail","Sin restricción"
2016,2202,4/5/2016,"Martes",0,20:35:00,,"0.0",2,"Taxi/Remis,Automóvil","Av. Circunvalacion Y Av. Uriburu",5,4,1,0,0,0,0,,"Avenida",,"ROSARIO","Rosario","Hormigón","No existe","II","S/D","Rural","Ninguna","No existe","Intersección","Bueno","Buena","Nocturna,Con luz artificial","Lluvia","S/D","S/D","Colisión","Agua","Faltante","S/D","Sin restricción"
2016,2203,4/1/2016,"Viernes",0,18:15:00,,"0.0",2,"Automóvil,Moto/Ciclomotor","Iturraspe Y Av Circunvalación",2,1,0,0,1,0,0,,"Calle",,"SANTA FE","La Capital","Asfalto","S/D","I","Dentro","Urbana","Ninguna","No existe","Intersección","Bueno","Buena","Diurna","Buen Tiempo","Lateral","S/D","Colisión","S/D","Horizontal","Guardarrail","Sin restricción"
2016,2204,4/14/2016,"Jueves",0,17:30:00,"Ruta Provincial 5","0.0",2,"Automóvil,Automóvil"," ",4,3,0,0,1,0,0,,"Ruta",5,"RECREO","La Capital","Asfalto","Natural","I","Dentro","Urbana","Ninguna","No existe","Intersección","Con baches","Buena","Diurna","Buen Tiempo","Frontal","S/D","Colisión","Ninguna","Horizontal","Cordón divisorio","Sin restricción"
2016,2205,4/14/2016,"Jueves",0,19:10:00,,"0.0",2,"Moto/Ciclomotor,Automóvil","Santa Fe ",2,1,0,0,1,0,0,,"Calle",,"ROSARIO","Rosario","Asfalto","S/D","II","S/D","Urbana","S/D","S/D","Intersección","S/D","S/D","Diurna","S/D","S/D","S/D","Colisión","S/D","S/D","S/D","S/D"
2016,2206,4/16/2016,"Sabado",0,6:00:00,"Ruta Nacional 11","0.0",2,"Automóvil,Bicicleta","Juan de Garay Y Chubut",2,1,0,0,1,0,0,,"Ruta",11,"RECREO","La Capital","Asfalto","Natural","I","Dentro","Urbana","Ninguna","No existe","Recta","Bueno","Buena","Amanecer","Buen Tiempo","Lateral","S/D","Atropello","S/D","Horizontal","Línea divisoria pintada","Sin restricción"
2016,2207,4/7/2016,"Jueves",0,9:10:00,,"0.0",1,"Moto/Ciclomotor","San Juan Y Lavaisse",2,1,0,0,1,0,0,,"Calle",,"SANTA FE","La Capital","Tierra","S/D","I","Dentro","Urbana","Ninguna","S/D","Intersección","Con baches","S/D","Diurna","Buen Tiempo","S/D","S/D","Vuelco","Material Suelto","Faltante","Ninguna","Sin restricción"
2016,2208,4/22/2016,"Viernes",0,,,"0.0",2,"Automóvil,Moto/Ciclomotor","Av Pte Peron Y Suipacha",2,1,0,0,1,0,0,,"Calle",,"SANTA FE","La Capital","Asfalto","No existe","I","Dentro","Urbana","Ninguna","No existe","Intersección","Bueno","Buena","Atardecer,Con luz artificial","Buen Tiempo","Lateral","S/D","Colisión","Ninguna","Faltante","Cordón divisorio","Sin restricción"
2016,2209,4/23/2016,"Sabado",0,5:50:00,,"0.0",1,"Moto/Ciclomotor","Av Facundo Zuviria Y Huergo",1,1,0,0,0,0,0,,"Calle",,"SANTA FE","La Capital","Asfalto","No existe","I","Dentro","Urbana","Ninguna","Funciona","Intersección","Bueno","Buena","Nocturna","Buen Tiempo","S/D","S/D","Vuelco","Ninguna","Vertical","Ninguna","Sin restricción"
2016,2210,4/22/2016,"Viernes",0,13:45:00,,"0.0",1,"Moto/Ciclomotor","9 de Julio ",2,2,0,0,0,0,0,,"Calle",,"SANTA FE","La Capital","Asfalto","No existe","I","Dentro","Urbana","Ninguna","No existe","Intersección","Bueno","Buena","Nocturna","Buen Tiempo","S/D","S/D","Vuelco","Ninguna","Faltante","Ninguna","Sin restricción"
2016,2211,4/28/2016,"Jueves",0,8:10:00,,"0.0",2,"Pickup/Utilitario,Moto/Ciclomotor","Lamadrid Y Gdor Crespo",2,1,0,0,1,0,0,,"Calle",,"SANTA FE","La Capital","Asfalto","No existe","I","Dentro","Urbana","Ninguna","No existe","Intersección","Bueno","Buena","Diurna","Buen Tiempo","Lateral","S/D","Colisión","Ninguna","Faltante","Cordón divisorio","Sin restricción"
2016,2212,4/28/2016,"Jueves",0,10:30:00,,"0.0",1,"Moto/Ciclomotor","Saavedra Y J Castelli",1,1,0,0,0,0,0,,"Calle",,"SANTA FE","La Capital","Asfalto","Pavimento","I","Dentro","Urbana","Ninguna","No existe","Intersección","Bueno","Buena","Nocturna","Buen Tiempo","S/D","S/D","Vuelco","Ninguna","Faltante","Ninguna","Sin restricción"
2016,2213,4/15/2016,"Viernes",0,14:15:00,"Ruta Provincial 21","279.0",1,"Moto/Ciclomotor"," ",2,1,0,0,1,0,0,,"Ruta",21,"ALVEAR","Rosario","Asfalto","Natural","II","Dentro","Urbana","Ninguna","No existe","Recta","Bueno","Buena","Diurna","Buen Tiempo","S/D","S/D","Caída ocupante","S/D","Faltante","Línea divisoria pintada","Sin restricción"
2016,2214,4/20/2016,"Miercoles",0,16:00:00,"Ruta Provincial 21","287.0",2,"Pickup/Utilitario,Camión"," ",3,1,0,0,2,0,0,,"Ruta",21,"ALVEAR","Rosario","Asfalto","Natural","II","Dentro","Urbana","Ninguna","No existe","Recta","Bueno","Buena","Diurna","Buen Tiempo","Lateral","S/D","Colisión","S/D","Faltante","Línea divisoria pintada","Sin restricción"
2016,2215,4/16/2016,"Sabado",0,10:20:00,,"0.0",2,"Moto/Ciclomotor,Pickup/Utilitario","Av. De Las Palmeras ",2,1,0,0,1,0,0,,"Calle",,"ROSARIO","Rosario","Asfalto","No existe","II","Dentro","Urbana","S/D","No existe","S/D","Bueno","Buena","Diurna","Lluvia","S/D","S/D","Colisión","Agua","S/D","S/D","Sin restricción"
2016,2216,4/23/2016,"Sabado",0,14:50:00,"Ruta Nacional A012","6.5",2,"Pickup/Utilitario,Camión"," ",4,3,0,0,1,0,0,,"Ruta","A012","ALVEAR","Rosario","Asfalto","Natural","II","Dentro","Urbana","Ninguna","No existe","Recta","Deteriorada","Buena","Diurna","Buen Tiempo","Lateral","S/D","Colisión","S/D","Faltante","Ninguna","Sin restricción"
2016,2217,4/17/2016,"Domingo",0,7:15:00,,"0.0",2,"Moto/Ciclomotor,Automóvil","Amenabar Y R.Lagos",2,1,0,0,1,0,0,,"Calle",,"ROSARIO","Rosario","Asfalto","Natural","II","Dentro","Urbana","Ninguna","No existe","Intersección","Con baches","Buena","Amanecer","Lluvia","Frontal","S/D","Colisión","Agua","Faltante","Ninguna","Sin restricción"
2016,2218,4/14/2016,"Jueves",0,17:20:00,,"0.0",2,"Moto/Ciclomotor,Automóvil","Mitre Y Bomberos Voluntarios",3,2,0,0,1,0,0,,"Calle",,"VILLA GOBERNADOR GÁLVEZ","Rosario","Asfalto","No existe","II","Dentro","Urbana","Ninguna","No existe","Intersección","Bueno","Buena","Diurna","Buen Tiempo","S/D","S/D","Colisión","S/D","Faltante","Ninguna","Sin restricción"
2016,2219,4/14/2016,"Jueves",0,11:25:00,,"0.0",2,"Moto/Ciclomotor,Automóvil","Soldado Aguirre 700",4,3,0,0,1,0,0,,"Calle",,"VILLA GOBERNADOR GÁLVEZ","Rosario","S/D","S/D","II","Dentro","Urbana","S/D","S/D","S/D","S/D","S/D","Diurna","S/D","S/D","S/D","Colisión","S/D","S/D","S/D","S/D"
2016,2220,4/19/2016,"Martes",0,11:30:00,,"0.0",2,"Bicicleta,Otros","Av. De Las Palmeras 3800",2,1,0,0,0,0,1,,"Calle",,"ROSARIO","Rosario","Asfalto","S/D","II","S/D","Urbana","S/D","No existe","Recta","S/D","S/D","Diurna","S/D","S/D","S/D","Atropello","S/D","S/D","S/D","S/D"
2016,2221,4/19/2016,"Martes",0,19:30:00,,"0.0",3,"Transporte de Pasajeros (H/ 8 asientos),Automóvil,Moto/Ciclomotor","Chubut Y Alberdi",3,1,0,0,2,0,0,,"Calle",,"VILLA GOBERNADOR GÁLVEZ","Rosario","Asfalto","No existe","II","Dentro","Urbana","Ninguna","No existe","Intersección","Deteriorada","Buena","Atardecer","Buen Tiempo","Múltiple","S/D","Colisión","S/D","S/D","Ninguna","Sin restricción"
2016,2222,4/20/2016,"Miercoles",0,11:30:00,,"0.0",2,"Moto/Ciclomotor,Automóvil","ESTADOS UNIDOS Y RIVAROLA",2,1,0,0,1,0,0,,"Calle",,"ROSARIO","Rosario","Asfalto","Natural","II","Dentro","Urbana","Ninguna","No existe","Intersección","Deteriorada","Buena","Diurna","Lluvia","Lateral","S/D","Colisión","Agua","Faltante","Ninguna","Sin restricción"
2016,2223,4/7/2016,"Jueves",0,,,"0.0",2,"Automóvil,Moto/Ciclomotor","Bv San diego 1500",2,1,0,0,1,0,0,,"Calle",,"VILLA GOBERNADOR GÁLVEZ","Rosario","Asfalto","S/D","II","Dentro","Urbana","Ninguna","No existe","Recta","Bueno","S/D","S/D","Buen Tiempo","S/D","S/D","Colisión","S/D","S/D","Ninguna","Sin restricción"
2016,2224,4/27/2016,"Miercoles",0,22:30:00,,"0.0",2,"Automóvil,Automóvil","Av. Pte.Peron ",2,1,0,0,1,0,0,,"Avenida",,"ROSARIO","Rosario","Asfalto","Natural","II","S/D","S/D","Semáforo","Funciona","Intersección","Bueno","Buena","Con luz artificial","Buen Tiempo","S/D","S/D","Colisión","S/D","S/D","Ninguna","Sin restricción"
2016,2225,4/28/2016,"Jueves",0,19:00:00,,"0.0",2,"Moto/Ciclomotor,Automóvil"," ",3,2,0,0,1,0,0,,"Calle",,"ROSARIO","Rosario","Asfalto","S/D","II","S/D","Urbana","S/D","S/D","Intersección","S/D","S/D","Atardecer","S/D","S/D","S/D","S/D","S/D","S/D","S/D","S/D"
2016,2226,4/24/2016,"Domingo",0,9:50:00,,"0.0",2,"Automóvil,Bicicleta","Av Filipini Y Guido y Spano",2,1,0,0,1,0,0,,"Calle",,"VILLA GOBERNADOR GÁLVEZ","Rosario","Asfalto","No existe","II","Dentro","Urbana","Ninguna","No existe","Recta","Bueno","Buena","Diurna","Buen Tiempo","De alcance","S/D","Atropello","S/D","Faltante","Ninguna","Sin restricción"
2016,2227,5/14/2016,"Sabado",0,18:00:00,,"0.0",2,"Automóvil,Moto/Ciclomotor","Piedras Y Pringles",2,1,0,0,1,0,0,,"Calle",,"SAN CRISTÓBAL","San Cristóbal","Ripio","Natural","XIII","Dentro","Urbana","Ninguna","No existe","Intersección","Deteriorada","Buena","Diurna","Buen Tiempo","Lateral","S/D","Colisión","Otro","Faltante","Ninguna","S/D"
2016,2228,5/15/2016,"Domingo",0,11:30:00,,"0.0",2,"Moto/Ciclomotor,Automóvil","Avenida Mitre ",2,1,0,0,1,0,0,,"S/D",,"CERES","San Cristóbal","Asfalto","No existe","XIII","S/D","S/D","Ninguna","No existe","Intersección","Bueno","Buena","Diurna","Buen Tiempo","De alcance","S/D","Colisión","S/D","S/D","Ninguna","Sin restricción"
2016,2229,4/23/2016,"Sabado",0,17:05:00,,"0.0",2,"Automóvil,Moto/Ciclomotor","Ing Mosconi Y Urquiza",2,2,0,0,0,0,0,,"Calle",,"VILLA GOBERNADOR GÁLVEZ","Rosario","Asfalto","No existe","II","Dentro","Urbana","Ninguna","No existe","Recta","Bueno","Buena","Diurna","Buen Tiempo","Lateral","S/D","Colisión","Ninguna","Faltante","Ninguna","Sin restricción"
2016,2230,5/12/2016,"Jueves",0,10:30:00,,"0.0",1,"Moto/Ciclomotor","Av. de los Trabaj. Ferroviario 900",1,0,1,0,0,0,0,,"Avenida",,"SAN CRISTÓBAL","San Cristóbal","Asfalto","No existe","XIII","Dentro","Urbana","Ninguna","No existe","Recta","Bueno","Buena","Diurna","Buen Tiempo","S/D","S/D","Caída ocupante","Ninguna","Faltante","Barrera de hormigón","Sin restricción"
2016,2231,4/24/2016,"Domingo",0,2:20:00,,"0.0",2,"Automóvil,Moto/Ciclomotor","Av Filipini 2200",2,1,0,0,1,0,0,,"Calle",,"VILLA GOBERNADOR GÁLVEZ","Rosario","Asfalto","No existe","II","Dentro","Urbana","Ninguna","No existe","Recta","Bueno","Reducida","Nocturna","Buen Tiempo","Lateral","S/D","Colisión","S/D","Faltante","Ninguna","Sin restricción"
2016,2232,5/9/2016,"Lunes",0,18:30:00,,"0.0",2,"Pickup/Utilitario,Pickup/Utilitario","Cornelio Saavedra Y Victoria",2,1,0,0,1,0,0,,"Calle",,"CERES","San Cristóbal","Asfalto","No existe","XIII","S/D","Urbana","Ninguna","No existe","Intersección","Bueno","Buena","Atardecer","Buen Tiempo","De alcance","S/D","Colisión","S/D","S/D","Ninguna","Sin restricción"
2016,2233,4/6/2016,"Miercoles",0,19:30:00,,"0.0",2,"Bicicleta,Automóvil","Buenos Aires Y Pje 5",2,1,0,0,1,0,0,,"Calle",,"VILLA GOBERNADOR GÁLVEZ","Rosario","Asfalto","No existe","II","Dentro","Urbana","Ninguna","No existe","Recta","Bueno","Buena","Nocturna","Buen Tiempo","De alcance","S/D","Atropello","S/D","Faltante","Ninguna","Sin restricción"
2016,2234,5/7/2016,"Sabado",0,16:00:00,,"0.0",2,"Automóvil,Moto/Ciclomotor","Juan D Peron Y J B Justo",3,2,0,0,1,0,0,,"Calle",,"SAN CRISTÓBAL","San Cristóbal","S/D","Natural","XIII","Dentro","Urbana","Ninguna","S/D","Intersección","Bueno","Buena","Diurna","Buen Tiempo","Frontal","S/D","Colisión","S/D","S/D","Ninguna","Sin restricción"
2016,2235,5/13/2016,"Viernes",0,12:10:00,,"0.0",2,"Automóvil,Moto/Ciclomotor","Avenida Italia Y San Martin",3,1,1,0,1,0,0,,"Avenida",,"CERES","San Cristóbal","Asfalto","No existe","XIII","Dentro","Urbana","Ninguna","No existe","Intersección","Bueno","Buena","Diurna","Buen Tiempo","Lateral","S/D","Colisión","S/D","Faltante","Cordón divisorio","Sin restricción"
2016,2236,5/8/2016,"Domingo",0,17:00:00,,"0.0",1,"Moto/Ciclomotor","Hipolito Irigoyen 1000",1,1,0,0,0,0,0,,"Calle",,"SAN CRISTÓBAL","San Cristóbal","Asfalto","No existe","XIII","Dentro","Urbana","Ninguna","No existe","Recta","Bueno","Buena","Atardecer","Buen Tiempo","Atropello animal","S/D","Colisión","S/D","Faltante","Ninguna","Sin restricción"