"anio_acci","nro_acci","fecha","desc_dia","fecha_aprox","hora_aprox","desc_ruta","km","cant_participantes","desc_participante","calle_avenida_km","total","heridos_leves","heridos_graves","heridos_gravisimos","ilesos","fallecidos","sin_datos","posicion_XY","desc_tipo_via","desc_ruta_ori","desc_loc","desc_dpto","desc_tipo_calzada","desc_tipo_banquina","desc_unidad_regional","desc_lugar_calzada","desc_zona","desc_prioridad","desc_estado_semaforo","desc_lugar_via","desc_estado_via","desc_estado_visibilidad","desc_luminosidad","desc_estado_clima","desc_tipo_colision","desc_tipo_atropello","desc_tipo_hecho","desc_pres_calzada","desc_senializacion","desc_separacion_via","desc_restriccion"
2016,2237,5/7/2016,"Sabado",0,,,"0.0",2,"Automóvil,Automóvil","Junin Y Avenida Lassaga",2,1,0,0,1,0,0,,"S/D",,"SAN CRISTÓBAL","San Cristóbal","Asfalto","Ripio","XIII","Dentro","Urbana","Ninguna","S/D","Intersección","Bueno","Buena","Diurna","Buen Tiempo","Lateral","S/D","Colisión","Otro","S/D","Ninguna","Sin restricción"
2016,2238,5/8/2016,"Domingo",0,15:00:00,,"0.0",2,"Automóvil,Moto/Ciclomotor","Sarmiento Y Bv 25 de Mayo",3,2,0,0,1,0,0,,"Calle",,"SAN CRISTÓBAL","San Cristóbal","Asfalto","No existe","XIII","Dentro","Urbana","Ninguna","No existe","Intersección","Bueno","Buena","Diurna","Buen Tiempo","Lateral","S/D","Colisión","S/D","Faltante","Ninguna","Sin restricción"
2016,2239,5/30/2016,"Lunes",0,15:55:00,,"0.0",2,"Bicicleta,Camión","Avda 25 de Mayo Y Sarmiento",2,0,1,0,1,0,0,,"Avenida",,"GÁLVEZ","San Jerónimo","Asfalto","S/D","XIII","Dentro","Urbana","Ninguna","S/D","Intersección","Bueno","Buena","Diurna","Buen Tiempo","S/D","S/D","Atropello","S/D","S/D","Barrera de hormigón","Sin restricción"
2016,2240,5/7/2016,"Sabado",0,5:20:00,"Ruta Nacional 34","343.0",2,"Transporte de Pasajeros Larga Distancia (Piso  y  1/2),Camión c / Acoplado"," ",3,0,1,0,2,0,0,,"Ruta",34,"ARRUFÓ","San Cristóbal","Asfalto","Natural","XIII","Dentro","Rural","Ninguna","No existe","Recta","Bueno","Buena","Nocturna","Buen Tiempo","De alcance","S/D","Colisión","S/D","Vertical","Línea divisoria pintada","Sin restricción"
2016,2241,5/25/2016,"Miercoles",0,21:30:00,,"0.0",2,"Camión,Camión","Avda 25 de Mayo ",2,1,0,0,1,0,0,,"Avenida",,"GÁLVEZ","San Jerónimo","Asfalto","S/D","XV","Dentro","Urbana","Ninguna","S/D","Recta","Bueno","Buena","Nocturna","Buen Tiempo","S/D","S/D","Colisión","S/D","S/D","S/D","Sin restricción"
2016,2242,5/23/2016,"Lunes",0,10:15:00,,"0.0",2,"Camión,Peatón","Rivadavia Y Sarmiento",2,0,1,0,0,0,1,,"Calle",,"GÁLVEZ","San Jerónimo","Asfalto","S/D","XV","Dentro","Urbana","S/D","S/D","Intersección","Bueno","Buena","Diurna","Buen Tiempo","S/D","S/D","Atropello","S/D","S/D","S/D","Sin restricción"
2016,2243,5/18/2016,"Miercoles",0,17:40:00,,"0.0",2,"Moto/Ciclomotor,Bicicleta"," ",3,1,0,0,2,0,0,,"S/D",,"GÁLVEZ","San Jerónimo","Asfalto","No existe","XV","Dentro","Rural","S/D","S/D","Intersección","Bueno","Buena","Atardecer","Buen Tiempo","S/D","S/D","Atropello","S/D","S/D","S/D","Sin restricción"
2016,2244,5/1/2016,"Domingo",0,6:55:00,"Ruta Provincial 23","0.0",2,"Automóvil,Otros"," ",2,1,0,0,1,0,0,,"Ruta",23,"SUARDI","San Cristóbal","Asfalto","Natural","XIII","Dentro","Urbana","Otra Señal","No existe","Recta","Bueno","Buena","Amanecer","Buen Tiempo","Frontal","S/D","Colisión","S/D","Vertical","Línea divisoria pintada","Sin restricción"
2016,2245,5/1/2016,"Domingo",0,19:20:00,,"0.0",2,"Automóvil,Moto/Ciclomotor","J B Justo Y Av. de los Trabaj. Ferroviario",2,1,0,0,1,0,0,,"Calle",,"SAN CRISTÓBAL","San Cristóbal","Asfalto","No existe","XIII","Dentro","Urbana","Semáforo","Funciona","Intersección","Con baches","Reducida","Nocturna,Con luz artificial","Buen Tiempo","Lateral","S/D","Colisión","S/D","S/D","S/D","Sin restricción"
2016,2246,5/14/2016,"Sabado",0,2:15:00,"Ruta Nacional 11","389.0",2,"Pickup/Utilitario,Camión"," ",2,0,1,0,1,0,0,,"Ruta",11,"BARRANCAS","San Jerónimo","Hormigón","Natural","XV","Dentro","Urbana","Ninguna","No existe","Curva","Bueno","Reducida","Nocturna","Buen Tiempo","Lateral","S/D","Colisión","S/D","Faltante","Línea divisoria pintada","Accidente Previo"
2016,2247,5/17/2016,"Martes",0,17:00:00,,"0.0",2,"Moto/Ciclomotor,Automóvil"," ",2,1,0,0,1,0,0,,"Calle",,"GÁLVEZ","San Jerónimo","S/D","S/D","XV","Dentro","Urbana","S/D","S/D","S/D","S/D","S/D","Diurna","S/D","S/D","S/D","Colisión","S/D","S/D","S/D","S/D"
2016,2248,5/11/2016,"Miercoles",0,18:00:00,,"0.0",2,"Bicicleta,Moto/Ciclomotor","Falucho Y Moreno",2,1,0,0,1,0,0,,"Calle",,"GÁLVEZ","San Jerónimo","Asfalto","S/D","XV","Dentro","Urbana","Ninguna","S/D","Intersección","Bueno","Buena","Atardecer","Buen Tiempo","S/D","S/D","Atropello","S/D","S/D","S/D","Sin restricción"
2016,2249,5/31/2016,"Martes",0,20:15:00,,"0.0",2,"Moto/Ciclomotor,Automóvil","San Martin Y Rivadavia",2,1,0,0,1,0,0,,"Calle",,"GÁLVEZ","San Jerónimo","Asfalto","S/D","XV","Dentro","Urbana","Ninguna","S/D","Intersección","Bueno","Buena","Nocturna","Buen Tiempo","S/D","S/D","Colisión","S/D","S/D","S/D","Sin restricción"
2016,2250,5/8/2016,"Domingo",0,18:50:00,,"0.0",2,"Automóvil,Moto/Ciclomotor","AV ERNESTO GRONDA Y VICENTE BENITEZ",3,3,0,0,0,0,0,,"Calle",,"GATO COLORADO","9 de Julio","Ripio","No existe","XII","Dentro","Urbana","Ninguna","No existe","Intersección","Bueno","Buena","Diurna","Buen Tiempo","Lateral","S/D","Colisión","S/D","Faltante","Cordón divisorio","Sin restricción"
2016,2251,5/21/2016,"Sabado",0,4:20:00,,"0.0",1,"Automóvil"," ",2,2,0,0,0,0,0,,"Camino Rural",,"GATO COLORADO","9 de Julio","Tierra","No existe","XII","Dentro","Urbana","Ninguna","No existe","Recta","Bueno","Buena","Nocturna","Buen Tiempo","S/D","S/D","Vuelco","S/D","Faltante","Ninguna","Sin restricción"
2016,2252,5/21/2016,"Sabado",0,15:30:00,,"0.0",2,"Automóvil,Moto/Ciclomotor","AV ERNESTO GRONDA  Y B. SOSA",2,1,0,0,1,0,0,,"Calle",,"GATO COLORADO","9 de Julio","Ripio","No existe","XII","Dentro","Urbana","Ninguna","No existe","Intersección","Bueno","Buena","Diurna","Buen Tiempo","Lateral","S/D","Colisión","S/D","Faltante","Ninguna","Sin restricción"
2016,2253,5/22/2016,"Domingo",0,8:35:00,,"0.0",2,"Moto/Ciclomotor,Moto/Ciclomotor"," ",2,2,0,0,0,0,0,,"Camino Rural",,"GATO COLORADO","9 de Julio","Tierra","No existe","XII","Dentro","Rural","Ninguna","No existe","Intersección","Bueno","Buena","Diurna","Buen Tiempo","Lateral","S/D","Colisión","S/D","Faltante","Ninguna","Sin restricción"
2016,2254,5/25/2016,"Miercoles",0,,,"0.0",2,"Moto/Ciclomotor,Moto/Ciclomotor","Cabo A Coronel Y Uruguay",2,2,0,0,0,0,0,,"Calle",,"TOSTADO","9 de Julio","Ripio","Ripio","XII","Dentro","Urbana","Ninguna","No existe","Intersección","S/D","Buena","Diurna","Buen Tiempo","Lateral","S/D","Colisión","Ninguna","Faltante","Ninguna","Sin restricción"
2016,2255,5/16/2016,"Lunes",0,3:58:00,,"0.0",2,"Moto/Ciclomotor,Automóvil","Ayacucho Y Luis Maggi",2,1,0,0,0,0,1,,"Calle",,"RAFAELA","Castellanos","Asfalto","No existe","V","S/D","Urbana","Ninguna","No existe","Intersección","Bueno","Buena","Nocturna","S/D","Lateral","S/D","Colisión","Ninguna","S/D","S/D","Sin restricción"
2016,2256,5/26/2016,"Jueves",0,20:10:00,,"0.0",2,"Moto/Ciclomotor,Pickup/Utilitario","Ruta pcial 2 Av San Martin 5500",2,0,1,0,1,0,0,,"Avenida",,"MONTE VERA","La Capital","Hormigón","Natural","I","Dentro","Urbana","Ninguna","No existe","Recta","Bueno","Buena","Nocturna,Con luz artificial","Buen Tiempo","Lateral","S/D","Colisión","Ninguna","S/D","Ninguna","Sin restricción"
2016,2257,5/30/2016,"Lunes",0,15:45:00,,"0.0",2,"Moto/Ciclomotor,Automóvil","Av Blas Parera Y Gorriti",2,1,0,0,1,0,0,,"Avenida",,"SANTA FE","La Capital","Hormigón","Pavimento","I","Dentro","Urbana","Semáforo","Funciona","Intersección","Bueno","Buena","Diurna","Buen Tiempo","Lateral","S/D","Colisión","Agua,Material Suelto","Horizontal,Vertical","Cordón divisorio","Obra en Construcción"
2016,2258,5/30/2016,"Lunes",0,21:30:00,,"0.0",2,"Moto/Ciclomotor,Moto/Ciclomotor","Av Blas Parera Y Vieytes",2,2,0,0,0,0,0,,"Avenida",,"SANTA FE","La Capital","Hormigón","Pavimento","I","Dentro","Urbana","Semáforo","Funciona","Intersección","Deteriorada","Buena","Nocturna","Buen Tiempo","Lateral","S/D","Colisión","Material Suelto","Horizontal,Vertical","Cordón divisorio","Obra en Construcción"
2016,2259,5/25/2016,"Miercoles",0,17:10:00,,"0.0",2,"Camión,Camión"," ",2,1,0,0,1,0,0,,"Calle",,"TOSTADO","9 de Julio","S/D","Natural","XII","Dentro","Urbana","Ninguna","No existe","Intersección","Bueno","Buena","Diurna","Buen Tiempo","Lateral","S/D","Colisión","Ninguna","Horizontal","Ninguna","Sin restricción"
2016,2260,5/31/2016,"Martes",0,0:50:00,,"0.0",2,"Moto/Ciclomotor,Automóvil","Av Peñaloza Y Estanislao Zeballos",2,1,0,0,1,0,0,,"Avenida",,"SANTA FE","La Capital","Hormigón","Pavimento","I","Dentro","Urbana","Semáforo","Funciona","Intersección","Bueno","Buena","Nocturna","Buen Tiempo","Lateral","S/D","Colisión","S/D","Horizontal,Vertical","Cordón divisorio","Sin restricción"
2016,2261,5/20/2016,"Viernes",0,12:30:00,,"0.0",2,"Automóvil,Moto/Ciclomotor","Rio Negro Y Catamarca",7,0,1,0,6,0,0,,"Calle",,"TOSTADO","9 de Julio","S/D","S/D","XII","Dentro","Urbana","S/D","S/D","Recta","S/D","S/D","Diurna","Buen Tiempo","S/D","S/D","Colisión","S/D","S/D","S/D","Sin restricción"
2016,2262,5/2/2016,"Lunes",0,13:40:00,,"0.0",2,"Moto/Ciclomotor,Otros","Juan de Garay Y San Lorenzo",2,0,1,0,1,0,0,,"Calle",,"TOSTADO","9 de Julio","S/D","S/D","XII","Dentro","Urbana","S/D","S/D","Recta","S/D","S/D","Diurna","Buen Tiempo","S/D","S/D","Colisión","S/D","S/D","S/D","S/D"
2016,2263,5/31/2016,"Martes",0,18:00:00,,"0.0",2,"Moto/Ciclomotor,Automóvil","Av Doctor E Salva Y Rosario",2,0,1,0,1,0,0,,"Calle",,"RAFAELA","Castellanos","Asfalto","No existe","V","Dentro","Urbana","Otra Señal","No existe","Intersección","Bueno","Buena","Atardecer","Buen Tiempo","Lateral","S/D","Colisión","S/D","Horizontal","Cordón divisorio","Sin restricción"
2016,2264,5/12/2016,"Jueves",0,15:30:00,,"0.0",2,"Automóvil,Moto/Ciclomotor","Iturraspe Y Av Circunvalación",3,2,0,0,0,0,1,,"S/D",,"SANTA FE","La Capital","Asfalto","Natural","I","S/D","Urbana","Ninguna","No existe","Recta","Bueno","Buena","Diurna","Buen Tiempo","Lateral","S/D","Colisión","S/D","Horizontal","Ninguna","Sin restricción"
2016,2265,5/5/2016,"Jueves",0,16:30:00,"Ruta Provincial 25","0.0",3,"Camión,Camión,Pickup/Utilitario","Bv Iriondo ",3,1,1,0,1,0,0,,"Ruta",25,"RICARDONE","San Lorenzo","Hormigón","Natural","XVII","Dentro","Urbana","Ninguna","No existe","Recta","Con baches","Buena","Diurna","Buen Tiempo","Múltiple","S/D","Colisión","S/D","S/D","Ninguna","Sin restricción"
2016,2266,5/13/2016,"Viernes",0,21:10:00,"Ruta Nacional A012","63.0",2,"Camión,Automóvil"," ",2,0,1,0,1,0,0,,"Ruta","A012","RICARDONE","San Lorenzo","Hormigón","Natural","XVII","Dentro","Urbana","Ninguna","No existe","Recta","Bueno","Buena","Nocturna","Buen Tiempo","Lateral","S/D","Colisión","S/D","Faltante","Ninguna","Sin restricción"
2016,2267,5/14/2016,"Sabado",0,12:00:00,"Ruta Nacional A012","0.0",2,"Automóvil,Automóvil"," ",4,1,0,0,3,0,0,,"Ruta","A012","RICARDONE","San Lorenzo","Hormigón","Natural","XVII","Dentro","Urbana","Ninguna","No existe","Intersección","Bueno","Buena","Diurna","Buen Tiempo","S/D","S/D","Colisión","S/D","Faltante","Ninguna","Sin restricción"
2016,2268,5/12/2016,"Jueves",0,12:30:00,,"0.0",2,"Moto/Ciclomotor,Automóvil","Bv Caferatta Y Fayo",2,1,0,0,1,0,0,,"Calle",,"RICARDONE","San Lorenzo","Hormigón","Natural","XVII","Dentro","Urbana","Paso Peatonal","No funciona","Recta","Bueno","Buena","Diurna","Buen Tiempo","Lateral","S/D","Colisión","S/D","Horizontal","Ninguna","Sin restricción"
2016,2269,5/18/2016,"Miercoles",0,5:00:00,,"0.0",1,"Moto/Ciclomotor","Peru Y Florentino Ameghino",1,1,0,0,0,0,0,,"Calle",,"ESPERANZA","Las Colonias","Tierra","No existe","XI","Dentro","Urbana","Ninguna","No existe","Recta","Bueno","Buena","Amanecer","Buen Tiempo","Atropello animal","S/D","Colisión","S/D","Vertical","Ninguna","Sin restricción"
2016,2270,5/21/2016,"Sabado",0,21:30:00,"Ruta Provincial 70","0.0",2,"Moto/Ciclomotor,Automóvil","Lito Gonella ",2,1,0,0,1,0,0,,"Ruta",70,"ESPERANZA","Las Colonias","Asfalto","Ripio","XI","Dentro","Urbana","Ninguna","No existe","Intersección","Bueno","Buena","Nocturna","Buen Tiempo","Lateral","S/D","Colisión","S/D","Vertical","Línea divisoria pintada","Sin restricción"
2016,2271,5/14/2016,"Sabado",0,20:05:00,,"0.0",2,"Moto/Ciclomotor,Pickup/Utilitario","Rosario Y Av Doctor E Salva",4,1,0,0,3,0,0,,"Calle",,"RAFAELA","Castellanos","Hormigón","No existe","V","Dentro","Urbana","S/D","No existe","Intersección","Bueno","Buena","Nocturna,Con luz artificial","Buen Tiempo","Lateral","S/D","Colisión","S/D","Vertical","Cordón divisorio","Sin restricción"
2016,2272,4/8/2016,"Viernes",0,20:00:00,"Ruta Nacional A012","48.0",2,"Pickup/Utilitario,Camión c / Acoplado"," ",2,0,0,0,1,1,0,"-32.901013, -60.893149","Ruta","A012","ROLDÁN","San Lorenzo","S/D","S/D","XVII","Dentro","Urbana","S/D","S/D","Recta","S/D","S/D","Nocturna","S/D","S/D","S/D","Colisión","S/D","S/D","S/D","S/D"
2016,2273,4/14/2016,"Jueves",0,16:00:00,"Ruta Nacional 33","704.0",2,"Moto/Ciclomotor,Camión"," ",2,0,0,0,1,1,0,"-33.318455, -61.419493","Ruta",33,"VILLADA","Caseros","S/D","S/D","IV","Dentro","Rural","S/D","S/D","S/D","S/D","S/D","S/D","S/D","S/D","S/D","Colisión","S/D","S/D","S/D","S/D"
2016,2274,4/9/2016,"Sabado",0,18:45:00,,"0.0",1,"Moto/Ciclomotor","Reg 12 de Infanteria 4500",1,0,0,0,0,1,0,"-31.592836, -60.716999","Calle",,"SANTA FE","La Capital","S/D","S/D","I","Dentro","Urbana","S/D","S/D","Recta","S/D","S/D","Atardecer","S/D","Contra objeto fijo","S/D","Colisión","S/D","S/D","S/D","S/D"
2016,2275,5/15/2016,"Domingo",0,14:50:00,"Ruta Provincial 3","64.0",2,"Automóvil,Pickup/Utilitario"," ",6,2,0,0,4,0,0,,"Ruta",3,"TARTAGAL","Vera","Asfalto","Natural","XIX","Dentro","Rural","Ninguna","No existe","Recta","Bueno","Buena","Diurna","Buen Tiempo","Lateral","S/D","Colisión","S/D","Horizontal","Línea divisoria pintada","Sin restricción"
2016,2276,5/1/2016,"Domingo",0,20:00:00,"Ruta Provincial 3","700.0",1,"Moto/Ciclomotor"," ",1,0,1,0,0,0,0,,"Ruta",3,"FORTÍN TOBA","Vera","Asfalto","Natural","XIX","Fuera","Rural","Ninguna","No existe","Recta","Bueno","Reducida","Nocturna","Buen Tiempo","S/D","S/D","Caída ocupante","S/D","Faltante","Línea divisoria pintada","Sin restricción"
2016,2277,5/25/2016,"Miercoles",0,21:20:00,,"0.0",2,"Pickup/Utilitario,Moto/Ciclomotor","Belgrano Y Jujuy",2,1,0,0,1,0,0,,"Calle",,"PUERTO SAN MARTÍN","San Lorenzo","Asfalto","No existe","XVII","Dentro","Urbana","Ninguna","No existe","Intersección","Bueno","Buena","Nocturna","Buen Tiempo","Lateral","S/D","Colisión","S/D","Horizontal","Ninguna","Sin restricción"
2016,2278,5/28/2016,"Sabado",0,10:30:00,,"0.0",2,"Otros,Camión","Pte Juan D Peron Y Pte Hipolito Irigoyen",2,1,0,0,1,0,0,,"Calle",,"PUERTO SAN MARTÍN","San Lorenzo","Asfalto","Natural","XVII","Dentro","Urbana","Ninguna","No existe","Intersección","Ahuellamiento","Buena","Diurna","Buen Tiempo","De alcance","S/D","Colisión","S/D","Horizontal","Ninguna","Sin restricción"
2016,2279,5/6/2016,"Viernes",0,21:15:00,,"0.0",2,"Moto/Ciclomotor,Moto/Ciclomotor","Miguel de Azcuenaga Y M Oliber",2,1,0,0,1,0,0,,"Calle",,"RAFAELA","Castellanos","Hormigón","Natural","V","Dentro","Urbana","Ninguna","No existe","Intersección","Bueno","Buena","Nocturna","Buen Tiempo","Lateral","S/D","Colisión","S/D","Faltante","Ninguna","Sin restricción"
2016,2280,5/3/2016,"Martes",0,16:30:00,,"0.0",2,"Automóvil,Moto/Ciclomotor","Dante Alighieri Y Falucho",3,1,0,0,2,0,0,,"Calle",,"RAFAELA","Castellanos","Hormigón","No existe","V","Dentro","Urbana","Ninguna","No existe","Intersección","Bueno","Reducida","Atardecer","Buen Tiempo","Lateral","S/D","Colisión","Agua","S/D","Cordón divisorio","Sin restricción"
2016,2281,5/1/2016,"Domingo",0,20:40:00,,"0.0",2,"Moto/Ciclomotor,Automóvil","Velez Sarfield Y G Washington",3,1,0,0,2,0,0,,"Calle",,"RAFAELA","Castellanos","Asfalto","Pavimento","V","Dentro","Urbana","Ninguna","No existe","Intersección","Bueno","Reducida","Nocturna","Buen Tiempo","Lateral","S/D","Colisión","S/D","Horizontal","Cordón divisorio","Sin restricción"
2016,2282,5/19/2016,"Jueves",0,19:10:00,"Ruta Provincial 70","0.0",2,"Camión,Moto/Ciclomotor","Antonio Podio ",2,1,0,0,1,0,0,,"Ruta",70,"RAFAELA","Castellanos","Asfalto","S/D","V","Dentro","Urbana","Ninguna","No existe","Intersección","Bueno","Buena","Atardecer","Buen Tiempo","Lateral","S/D","Colisión","S/D","Faltante","Vegetación","Sin restricción"
2016,2283,5/21/2016,"Sabado",0,20:15:00,,"0.0",2,"Moto/Ciclomotor,Automóvil"," ",3,2,0,0,1,0,0,,"Calle",,"RAFAELA","Castellanos","Asfalto","S/D","V","Dentro","Urbana","Ninguna","No existe","Intersección","Bueno","Buena","Nocturna","Buen Tiempo","S/D","S/D","Colisión","S/D","S/D","Ninguna","Sin restricción"
2016,2284,5/23/2016,"Lunes",0,14:50:00,,"0.0",2,"Moto/Ciclomotor,Moto/Ciclomotor","Bv Pte Roca ",2,1,0,0,1,0,0,,"Calle",,"RAFAELA","Castellanos","Asfalto","No existe","V","Dentro","Urbana","Ninguna","No existe","Intersección","Bueno","Buena","Diurna","Buen Tiempo","Lateral","S/D","Colisión","S/D","Faltante","Cordón divisorio","Sin restricción"
2016,2285,5/27/2016,"Viernes",0,17:30:00,,"0.0",2,"Bicicleta,Moto/Ciclomotor"," ",2,1,0,0,1,0,0,,"Calle",,"RAFAELA","Castellanos","Asfalto","S/D","V","Dentro","Urbana","Ninguna","No existe","Intersección","Bueno","Buena","Diurna","Buen Tiempo","S/D","S/D","Atropello","S/D","S/D","Ninguna","S/D"
2016,2286,5/17/2016,"Martes",0,19:15:00,,"0.0",2,"Moto/Ciclomotor,Automóvil","Santa Rosa Y Juan De Garay",2,1,0,0,1,0,0,,"Calle",,"SA PEREIRA","Las Colonias","Hormigón","S/D","XI","Dentro","Urbana","Ninguna","No existe","Intersección","Bueno","Buena","Atardecer,Con luz artificial","Buen Tiempo","Lateral","S/D","Colisión","S/D","S/D","S/D","Sin restricción"
2016,2287,5/30/2016,"Lunes",0,7:10:00,"Ruta Provincial 10","138.0",1,"Pickup/Utilitario"," ",2,2,0,0,0,0,0,,"Ruta",10,"SANTA CLARA DE BUENA VISTA","Las Colonias","Asfalto","Natural","XI","Fuera","Rural","Ninguna","No existe","Recta","Con baches","Reducida","Amanecer","Lluvia","S/D","S/D","Despiste","Agua","Faltante","Línea divisoria pintada","Sin restricción"
2016,2288,5/1/2016,"Domingo",0,15:55:00,,"0.0",1,"Moto/Ciclomotor","20 de Junio Y Misiones",3,2,1,0,0,0,0,,"Calle",,"PILAR","Las Colonias","Asfalto","No existe","XI","Dentro","Urbana","Ninguna","No existe","Intersección","Bueno","Buena","Atardecer","Buen Tiempo","S/D","S/D","Caída ocupante","S/D","Faltante","Ninguna","Sin restricción"
2016,2289,5/12/2016,"Jueves",0,16:50:00,,"0.0",2,"Moto/Ciclomotor,Automóvil","ALFREDO RAMIREZ Y SANTOS VIANI",2,1,0,0,1,0,0,,"Calle",,"HUMBOLDT","Las Colonias","Asfalto","Pavimento","XI","Dentro","Urbana","Ninguna","No existe","Intersección","Bueno","Buena","Diurna","Buen Tiempo","S/D","S/D","Colisión","S/D","Faltante","S/D","Sin restricción"
2016,2290,5/4/2016,"Miercoles",0,13:30:00,"Ruta Nacional 11","0.0",1,"Moto/Ciclomotor","Cnel Bogado ",1,0,0,0,0,0,1,,"Ruta",11,"SAN LORENZO","San Lorenzo","S/D","S/D","XVII","Dentro","Urbana","S/D","S/D","S/D","S/D","S/D","Diurna","S/D","S/D","S/D","Caída ocupante","S/D","S/D","S/D","S/D"
2016,2291,5/4/2016,"Miercoles",0,,,"0.0",2,"Moto/Ciclomotor,Automóvil","Av San Martin Y L N Alem",2,0,0,0,0,0,2,,"Calle",,"SAN LORENZO","San Lorenzo","S/D","S/D","XVII","Dentro","Urbana","S/D","S/D","S/D","S/D","S/D","S/D","S/D","S/D","S/D","Colisión","S/D","S/D","S/D","S/D"
2016,2292,5/2/2016,"Lunes",0,15:20:00,,"0.0",2,"Automóvil,Moto/Ciclomotor","Dorrego Y Santiago del Estero",4,0,0,0,0,0,4,,"Calle",,"SAN LORENZO","San Lorenzo","S/D","S/D","XVII","Dentro","Urbana","S/D","S/D","S/D","S/D","S/D","Diurna","S/D","S/D","S/D","Colisión","S/D","S/D","S/D","S/D"
2016,2293,5/2/2016,"Lunes",0,19:30:00,,"0.0",2,"Bicicleta,Automóvil","Bv Oroño Y General Lopez",2,0,0,0,0,0,2,,"Calle",,"SAN LORENZO","San Lorenzo","S/D","S/D","XVII","Dentro","Urbana","S/D","S/D","S/D","S/D","S/D","Diurna","S/D","S/D","S/D","Atropello","S/D","S/D","S/D","S/D"
2016,2294,5/2/2016,"Lunes",0,13:15:00,,"0.0",2,"Moto/Ciclomotor,Pickup/Utilitario","Sargento Cabral Y Richieri",2,1,0,0,0,0,1,,"Calle",,"SAN LORENZO","San Lorenzo","S/D","S/D","XVII","Dentro","Urbana","S/D","S/D","S/D","S/D","S/D","Diurna","S/D","S/D","S/D","Colisión","S/D","S/D","S/D","S/D"
2016,2295,5/1/2016,"Domingo",0,18:20:00,,"0.0",2,"Bicicleta,Moto/Ciclomotor","Zeballos Y Peña S",3,2,0,0,0,0,1,,"Calle",,"SAN LORENZO","San Lorenzo","S/D","S/D","XVII","Dentro","Urbana","S/D","S/D","S/D","S/D","S/D","Diurna","S/D","S/D","S/D","Atropello","S/D","S/D","S/D","S/D"
2016,2296,7/24/2016,"Domingo",0,6:30:00,"Ruta Nacional 9","354.0",2,"Automóvil,Camión c / Acoplado"," ",2,0,1,0,0,1,0,"-32.857800, -61.178504","Ruta",9,"CARCARAÑÁ","San Lorenzo","Asfalto","Natural","XVII","Dentro","Urbana","Ninguna","No existe","Recta","Bueno","Buena","Nocturna","Buen Tiempo","Frontal","S/D","Colisión","Ninguna","Faltante","Ninguna","Accidente Previo"
2016,2297,7/8/2016,"Viernes",0,13:50:00,"Ruta Nacional A012","0.0",2,"Tren,Moto/Ciclomotor","RNA012 Y VIAS FERREAS ",2,0,0,0,1,1,0,"-32.902163, -60.893460","Ruta","A012","SAN LORENZO","San Lorenzo","Asfalto","S/D","XVII","Dentro","S/D","S/D","S/D","Intersección","S/D","S/D","Diurna","S/D","S/D","S/D","Colisión","S/D","S/D","S/D","S/D"
2016,2298,6/9/2016,"Jueves",0,19:15:00,"Ruta Nacional A012","51.5",2,"Automóvil,Camión c / Acoplado"," ",2,0,0,0,1,1,0,"-32.830258, -60.860323","Ruta","A012","LUIS PALACIOS","San Lorenzo","Asfalto","Ripio","XVII","Dentro","Rural","Marca Vial","No existe","Recta","Bueno","Buena","Nocturna","Buen Tiempo","De alcance","S/D","Colisión","S/D","Vertical","Línea divisoria pintada","Sin restricción"
2016,2299,6/16/2016,"Jueves",0,23:15:00,"Ruta Provincial 2","236.0",1,"Moto/Ciclomotor"," ",1,0,0,0,0,1,0,"-30.014576, -61.211898","Ruta",2,"HUANQUEROS","San Cristóbal","Asfalto","Natural","XIII","Dentro","Rural","Ninguna","No existe","Curva","Bueno","Buena","Nocturna","Buen Tiempo","S/D","S/D","Caída ocupante","Ninguna","Vertical","Línea divisoria pintada","Sin restricción"
2016,2300,6/5/2016,"Domingo",0,7:10:00,"Ruta Provincial 13","300.0",1,"Automóvil","RP13 Y ACCESO A RP69S ",5,2,1,0,1,1,0,"-30.794905, -61.358391","Ruta",13,"HUMBERTO 1°","Castellanos","Asfalto","Natural","V","Fuera","Rural","Ninguna","No existe","Curva","Bueno","Buena","Amanecer","Buen Tiempo","S/D","S/D","Vuelco","Ninguna","S/D","Línea divisoria pintada","Sin restricción"
2016,2301,5/11/2016,"Miercoles",0,14:20:00,,"0.0",2,"Taxi/Remis,Bicicleta","Av Pte Peron Y Pedro Centeno",2,1,0,0,0,0,1,,"Avenida",,"SANTA FE","La Capital","Asfalto","No existe","I","Dentro","Urbana","Semáforo","Funciona","Intersección","Bueno","Buena","Diurna","Buen Tiempo","S/D","S/D","Atropello","S/D","Faltante","Ninguna","Sin restricción"
2016,2302,5/10/2016,"Martes",0,10:20:00,,"0.0",1,"Camión","Ruta Provic 1 ",1,1,0,0,0,0,0,,"S/D",,"SANTA ROSA DE CALCHINES","Garay","Asfalto","Natural","VII","S/D","Rural","Ninguna","No existe","Recta","Bueno","Buena","Diurna","Lluvia","S/D","S/D","Despiste","Agua","Faltante","Ninguna","Sin restricción"
2016,2303,5/8/2016,"Domingo",0,19:20:00,"Ruta Provincial 1","38.0",3,"Automóvil,Automóvil,Pickup/Utilitario"," ",7,1,0,0,6,0,0,,"Ruta",1,"SANTA ROSA DE CALCHINES","Garay","Asfalto","Pavimento","VII","S/D","Urbana","Ninguna","No existe","Intersección","Bueno","S/D","Atardecer","Buen Tiempo","Otro","S/D","Colisión","Ninguna","S/D","Ninguna","Sin restricción"