"anio_acci","nro_acci","fecha","desc_dia","fecha_aprox","hora_aprox","desc_ruta","km","cant_participantes","desc_participante","calle_avenida_km","total","heridos_leves","heridos_graves","heridos_gravisimos","ilesos","fallecidos","sin_datos","posicion_XY","desc_tipo_via","desc_ruta_ori","desc_loc","desc_dpto","desc_tipo_calzada","desc_tipo_banquina","desc_unidad_regional","desc_lugar_calzada","desc_zona","desc_prioridad","desc_estado_semaforo","desc_lugar_via","desc_estado_via","desc_estado_visibilidad","desc_luminosidad","desc_estado_clima","desc_tipo_colision","desc_tipo_atropello","desc_tipo_hecho","desc_pres_calzada","desc_senializacion","desc_separacion_via","desc_restriccion"
2016,2304,5/4/2016,"Miercoles",0,21:15:00,"Ruta Provincial 21","0.0",2,"Automóvil,Moto/Ciclomotor","Luzuriaga ",2,1,0,0,1,0,0,,"Ruta",21,"VILLA CONSTITUCIÓN","Constitución","Asfalto","Pavimento","VI","Dentro","Urbana","Ninguna","No existe","Intersección","Bueno","Buena","Nocturna","Buen Tiempo","Lateral","S/D","Colisión","S/D","Faltante","Ninguna","Sin restricción"
2016,2305,5/4/2016,"Miercoles",0,12:15:00,,"0.0",2,"Moto/Ciclomotor,Automóvil"," ",2,1,0,0,1,0,0,,"Camino Rural",,"THEOBALD","Constitución","Tierra","No existe","VI","Dentro","Rural","Ninguna","No existe","Recta","S/D","Buena","Diurna","Buen Tiempo","Lateral","S/D","Colisión","S/D","Faltante","Ninguna","Sin restricción"
2016,2306,5/16/2016,"Lunes",0,15:20:00,"Ruta Provincial 21","0.0",2,"Automóvil,Automóvil","Figueroa Alcorta ",3,3,0,0,0,0,0,,"Ruta",21,"VILLA CONSTITUCIÓN","Constitución","Asfalto","No existe","VI","Dentro","Urbana","Ninguna","No existe","Recta","Bueno","Buena","Diurna","Buen Tiempo","Lateral","S/D","Colisión","S/D","Faltante","Ninguna","Sin restricción"
2016,2307,5/16/2016,"Lunes",0,18:00:00,,"0.0",1,"Moto/Ciclomotor","Chubut Y Luis Pasteur",2,1,0,0,1,0,0,,"Calle",,"VILLA CONSTITUCIÓN","Constitución","Asfalto","No existe","VI","Dentro","Urbana","Ninguna","No existe","Intersección","Bueno","Buena","Diurna","Buen Tiempo","S/D","S/D","Caída ocupante","S/D","Faltante","Ninguna","Sin restricción"
2016,2308,5/21/2016,"Sabado",0,11:45:00,,"0.0",2,"Automóvil,Bicicleta","Roque e Coulin Y Bme Mitre",2,1,0,0,1,0,0,,"Calle",,"GÁLVEZ","San Jerónimo","Asfalto","S/D","XV","Dentro","Urbana","S/D","S/D","Intersección","Bueno","Buena","Diurna","Buen Tiempo","S/D","S/D","Atropello","S/D","S/D","S/D","Sin restricción"
2016,2309,5/11/2016,"Miercoles",0,19:00:00,,"0.0",1,"Moto/Ciclomotor","Bvard 20 de Junio Y Gregoria Matorras",1,0,1,0,0,0,0,,"Calle",,"GÁLVEZ","San Jerónimo","Asfalto","Pavimento","XV","Dentro","Urbana","S/D","S/D","Intersección","Bueno","Buena","Atardecer","Buen Tiempo","S/D","S/D","Caída ocupante","S/D","S/D","Ninguna","Sin restricción"
2016,2310,5/12/2016,"Jueves",0,21:30:00,"Ruta Nacional 11","0.0",2,"Camión,Camión"," ",2,1,0,0,1,0,0,,"Ruta",11,"PUERTO SAN MARTÍN","San Lorenzo","Asfalto","Natural","XVII","Dentro","Urbana","Ninguna","No existe","Intersección","Bueno","Reducida","Nocturna","Buen Tiempo","De alcance","S/D","Colisión","Ninguna","Horizontal","Ninguna","Sin restricción"
2016,2311,5/11/2016,"Miercoles",0,12:45:00,,"0.0",2,"Automóvil,Moto/Ciclomotor","Dorrego Y Dr Brarda",2,0,1,0,1,0,0,,"Calle",,"GÁLVEZ","San Jerónimo","Asfalto","No existe","XV","Dentro","Urbana","Ninguna","S/D","Intersección","Bueno","Buena","Diurna","Buen Tiempo","S/D","S/D","Colisión","S/D","S/D","Ninguna","Sin restricción"
2016,2312,5/9/2016,"Lunes",0,12:10:00,,"0.0",2,"Moto/Ciclomotor,Moto/Ciclomotor","Gdor Vera Y Ameghino Florentino",2,1,0,0,1,0,0,,"Calle",,"GÁLVEZ","San Jerónimo","Asfalto","No existe","XV","Dentro","Urbana","Ninguna","No existe","Intersección","Bueno","Buena","Diurna","Buen Tiempo","Frontal","S/D","Colisión","S/D","Faltante","Ninguna","Sin restricción"
2016,2313,5/5/2016,"Jueves",0,17:20:00,,"0.0",1,"Moto/Ciclomotor","Jujuy Y San Juan",1,0,1,0,0,0,0,,"Calle",,"GÁLVEZ","San Jerónimo","S/D","No existe","XV","Dentro","Urbana","S/D","S/D","Intersección","Bueno","Buena","Atardecer","Buen Tiempo","S/D","S/D","Caída ocupante","S/D","S/D","S/D","Sin restricción"
2016,2314,5/14/2016,"Sabado",0,23:30:00,"Ruta Nacional 11","0.0",1,"Automóvil"," ",1,1,0,0,0,0,0,,"Ruta",11,"PUERTO SAN MARTÍN","San Lorenzo","Asfalto","Natural","XVII","Fuera","Rural","Ninguna","No existe","Recta","Bueno","Reducida","Nocturna","Buen Tiempo","Contra objeto fijo","S/D","Colisión","Ninguna","Horizontal","Ninguna","Sin restricción"
2016,2315,5/17/2016,"Martes",0,12:50:00,,"0.0",2,"Bicicleta,Pickup/Utilitario","Pte Hipolito Irigoyen Y Piton",2,1,0,0,1,0,0,,"Calle",,"PUERTO SAN MARTÍN","San Lorenzo","Asfalto","Natural","XVII","Dentro","Urbana","Ninguna","No existe","Intersección","Ahuellamiento","Buena","Diurna","Buen Tiempo","S/D","S/D","Atropello","Ninguna","Horizontal","Ninguna","Sin restricción"
2016,2316,5/17/2016,"Martes",0,13:30:00,,"0.0",2,"Moto/Ciclomotor,Automóvil","Cordoba Y San Luis",2,1,0,0,1,0,0,,"Calle",,"PUERTO SAN MARTÍN","San Lorenzo","Asfalto","No existe","XVII","Dentro","Urbana","Ninguna","No existe","Intersección","Bueno","Buena","Diurna","Buen Tiempo","Lateral","S/D","Colisión","Ninguna","Horizontal","Ninguna","Sin restricción"
2016,2317,5/8/2016,"Domingo",0,8:30:00,,"0.0",2,"Moto/Ciclomotor,Automóvil","Av San Martin ",2,1,0,0,1,0,0,,"S/D",,"FRAY LUIS BELTRÁN","San Lorenzo","Asfalto","Ripio","XVII","Dentro","Urbana","Ninguna","No existe","Intersección","Bueno","Buena","Diurna","Buen Tiempo","Lateral","S/D","Colisión","Ninguna","S/D","Ninguna","Sin restricción"
2016,2318,5/13/2016,"Viernes",0,10:45:00,,"0.0",2,"Automóvil,Bicicleta","Moreno Y Arenales",2,1,0,0,1,0,0,,"Calle",,"FRAY LUIS BELTRÁN","San Lorenzo","Asfalto","No existe","XVII","Dentro","Urbana","Ninguna","No existe","Intersección","Bueno","Buena","Diurna","Buen Tiempo","S/D","S/D","Atropello","Ninguna","Faltante","Ninguna","Sin restricción"
2016,2319,5/11/2016,"Miercoles",0,19:10:00,"Ruta Provincial 6","0.0",2,"Camión,Pickup/Utilitario"," ",4,0,1,0,3,0,0,,"Ruta",6,"GESSLER","San Jerónimo","Asfalto","S/D","XV","Dentro","Urbana","Ninguna","S/D","Recta","Bueno","Buena","Atardecer","Buen Tiempo","Lateral","S/D","Colisión","S/D","S/D","Cordón divisorio","Sin restricción"
2016,2320,5/19/2016,"Jueves",0,19:30:00,,"0.0",2,"Moto/Ciclomotor,Pickup/Utilitario","Av San Martin ",2,1,0,0,1,0,0,,"S/D",,"FRAY LUIS BELTRÁN","San Lorenzo","Asfalto","Ripio","XVII","Dentro","Urbana","Ninguna","No existe","Intersección","Bueno","Reducida","Atardecer","Otro","Lateral","S/D","Colisión","Ninguna","Faltante","Ninguna","Sin restricción"
2016,2321,5/7/2016,"Sabado",0,13:10:00,"Ruta Nacional 11","371.0",2,"Moto/Ciclomotor,Otros"," ",3,0,2,0,1,0,0,,"Ruta",11,"MACIEL","San Jerónimo","Asfalto","Natural","XV","Dentro","Urbana","Otra Señal","No existe","Recta","Bueno","Buena","Diurna","Buen Tiempo","De alcance","S/D","Colisión","S/D","Horizontal","Línea divisoria pintada","Sin restricción"
2016,2322,5/17/2016,"Martes",0,7:15:00,"Ruta Provincial 95","0.0",2,"Automóvil,Tractor"," ",3,2,0,0,1,0,0,,"Ruta",95,"MACIEL","San Jerónimo","Asfalto","Natural","XV","Dentro","Urbana","Ninguna","No existe","Recta","Bueno","Buena","Amanecer","Buen Tiempo","De alcance","S/D","Colisión","S/D","Faltante","Línea divisoria pintada","Sin restricción"
2016,2323,5/22/2016,"Domingo",0,18:00:00,,"0.0",2,"Automóvil,Moto/Ciclomotor","Av San Martin Y Pellegrini",2,1,0,0,1,0,0,,"S/D",,"FRAY LUIS BELTRÁN","San Lorenzo","S/D","Ripio","XVII","Dentro","Urbana","Ninguna","No existe","Intersección","Bueno","Buena","Atardecer","Buen Tiempo","Lateral","S/D","Colisión","Ninguna","Faltante","Ninguna","Sin restricción"
2016,2324,5/17/2016,"Martes",0,12:20:00,,"0.0",1,"Moto/Ciclomotor"," ",1,1,0,0,0,0,0,,"Camino Rural",,"AROCENA","San Jerónimo","Tierra","No existe","XV","Dentro","Urbana","Ninguna","No existe","Recta","Deteriorada","Buena","Diurna","Buen Tiempo","S/D","S/D","Caída ocupante","S/D","Faltante","Ninguna","Sin restricción"
2016,2325,5/15/2016,"Domingo",0,3:30:00,,"0.0",1,"Automóvil","Calle 20 Y Calle 7",3,2,0,0,1,0,0,,"Calle",,"LAS PAREJAS","Belgrano","Ripio","Pavimento","III","Dentro","Urbana","Ninguna","No existe","Intersección","Resbaladiza","Buena","Nocturna","Lluvia","Contra objeto fijo","S/D","Colisión","Agua","Horizontal","Ninguna","Sin restricción"
2016,2326,5/15/2016,"Domingo",0,15:30:00,,"0.0",1,"Moto/Ciclomotor","Avenida 17 ",2,1,0,0,0,0,1,,"Avenida",,"LAS PAREJAS","Belgrano","Ripio","No existe","III","Dentro","Urbana","Ninguna","No existe","Recta","Bueno","Buena","Diurna","Buen Tiempo","S/D","S/D","Caída ocupante","Ninguna","Vertical","Vegetación","Sin restricción"
2016,2327,5/18/2016,"Miercoles",0,20:50:00,,"0.0",2,"Automóvil,Moto/Ciclomotor","Avenida 18 Y Calle 9",3,1,0,0,2,0,0,,"Calle",,"LAS PAREJAS","Belgrano","Asfalto","Pavimento","III","Dentro","Urbana","Ninguna","No existe","Recta","Bueno","Buena","Nocturna","Buen Tiempo","Lateral","S/D","Colisión","S/D","Horizontal","Ninguna","Sin restricción"
2016,2328,5/28/2016,"Sabado",0,19:00:00,,"0.0",2,"Moto/Ciclomotor,Automóvil","Calle 6 Y Avenida 17",3,1,0,0,2,0,0,,"Calle",,"LAS PAREJAS","Belgrano","Ripio","No existe","III","Dentro","Urbana","Ninguna","No existe","Recta","Bueno","Reducida","Atardecer,Con luz artificial","Lluvia","S/D","S/D","Colisión","S/D","Faltante","Ninguna","Sin restricción"
2016,2329,5/28/2016,"Sabado",0,20:00:00,,"0.0",2,"Moto/Ciclomotor,Pickup/Utilitario","Calle 11 Y Calle 12",2,1,0,0,1,0,0,,"Calle",,"LAS PAREJAS","Belgrano","Asfalto","No existe","III","Dentro","Urbana","Ninguna","No existe","Intersección","Resbaladiza","Reducida","Nocturna,Con luz artificial","Lluvia","S/D","S/D","Colisión","Ninguna","Faltante","Ninguna","Sin restricción"
2016,2330,5/16/2016,"Lunes",0,11:30:00,,"0.0",2,"Moto/Ciclomotor,Pickup/Utilitario","Rivadavia Y Buenos Aires",2,1,0,0,1,0,0,,"Calle",,"LAS ROSAS","Belgrano","Asfalto","No existe","III","Dentro","Urbana","Ninguna","No existe","Intersección","Bueno","Buena","Diurna","Buen Tiempo","Lateral","S/D","Colisión","S/D","Vertical","Ninguna","Sin restricción"
2016,2331,5/24/2016,"Martes",0,12:00:00,,"0.0",2,"Automóvil,Moto/Ciclomotor","Moreno Y Paso de los Andes",2,1,0,0,1,0,0,,"Calle",,"LAS ROSAS","Belgrano","Asfalto","Pavimento","III","Dentro","Urbana","Ninguna","No existe","Intersección","Bueno","Buena","Diurna","Buen Tiempo","Lateral","S/D","Colisión","S/D","Vertical","Ninguna","Sin restricción"
2016,2332,5/30/2016,"Lunes",0,9:45:00,,"0.0",2,"Bicicleta,Pickup/Utilitario","Lavalle ",2,1,0,0,1,0,0,,"Calle",,"LAS ROSAS","Belgrano","Asfalto","No existe","III","Dentro","Urbana","Ninguna","No existe","Recta","Resbaladiza","Buena","Diurna","Buen Tiempo","S/D","S/D","Atropello","Agua","Faltante","Ninguna","Sin restricción"
2016,2333,5/12/2016,"Jueves",0,18:15:00,,"0.0",2,"Moto/Ciclomotor,Peatón","Bernardino Rivadavia 388",2,2,0,0,0,0,0,,"Calle",,"TORTUGAS","Belgrano","Asfalto","No existe","III","Dentro","Urbana","Ninguna","No existe","Recta","Bueno","S/D","Nocturna,Con luz artificial","Buen Tiempo","S/D","S/D","Atropello","S/D","Horizontal,Vertical","Ninguna","Sin restricción"
2016,2334,5/15/2016,"Domingo",0,2:50:00,,"0.0",1,"Automóvil","25 de Mayo ",1,1,0,0,0,0,0,,"Calle",,"EMPALME VILLA CONSTITUCIÓN","Constitución","Hormigón","Natural","VI","Dentro","Urbana","Ninguna","No existe","Recta","Con baches","Buena","Nocturna","Buen Tiempo","S/D","S/D","Despiste","S/D","Faltante","Ninguna","Sin restricción"
2016,2335,5/15/2016,"Domingo",0,8:00:00,,"0.0",1,"Automóvil","Av Rosario Y Roca",2,1,0,0,1,0,0,,"Calle",,"EMPALME VILLA CONSTITUCIÓN","Constitución","Asfalto","Natural","VI","Dentro","Urbana","Ninguna","No funciona","Curva","Bueno","Buena","Amanecer","Buen Tiempo","S/D","S/D","Despiste","S/D","Horizontal","Línea divisoria pintada","Sin restricción"
2016,2336,5/11/2016,"Miercoles",0,17:00:00,,"0.0",2,"Automóvil,Moto/Ciclomotor","Saavedra Y Narciso Laprida",2,1,0,0,1,0,0,,"Calle",,"VILLA CONSTITUCIÓN","Constitución","Asfalto","Pavimento","VI","Dentro","Urbana","Ninguna","No existe","Recta","Bueno","Buena","Diurna","Buen Tiempo","Lateral","S/D","Colisión","S/D","Faltante","Ninguna","Sin restricción"
2016,2337,5/19/2016,"Jueves",0,23:00:00,,"0.0",2,"Automóvil,Moto/Ciclomotor","San Martin Y Cernjak",2,1,0,0,1,0,0,,"Calle",,"VILLA CONSTITUCIÓN","Constitución","Asfalto","No existe","VI","Dentro","Urbana","Ninguna","No existe","Recta","Bueno","Buena","Nocturna","Buen Tiempo","Lateral","S/D","Colisión","S/D","Faltante","Ninguna","Sin restricción"
2016,2338,5/17/2016,"Martes",0,16:05:00,,"0.0",2,"Otros,Moto/Ciclomotor","Dorrego Y Roque Saenz Peña",3,1,0,0,2,0,0,,"Calle",,"CALCHAQUÍ","Vera","Asfalto","Pavimento","XIX","Dentro","Urbana","S/D","No existe","Recta","Bueno","Buena","Diurna","Buen Tiempo","Frontal","S/D","Colisión","S/D","S/D","S/D","S/D"
2016,2339,5/24/2016,"Martes",0,18:00:00,,"0.0",2,"Moto/Ciclomotor,Automóvil","Avda Roque Saenz Peña Y Av San Martin",2,1,0,0,1,0,0,,"Calle",,"FRAY LUIS BELTRÁN","San Lorenzo","Asfalto","Ripio","XVII","Dentro","Urbana","Ninguna","No existe","Intersección","Bueno","Buena","Atardecer","Buen Tiempo","Lateral","S/D","Colisión","S/D","S/D","Ninguna","Sin restricción"
2016,2340,5/1/2016,"Domingo",0,7:45:00,,"0.0",2,"Pickup/Utilitario,Moto/Ciclomotor","Moreno Y Arenales",2,1,0,0,1,0,0,,"Calle",,"FRAY LUIS BELTRÁN","San Lorenzo","Asfalto","S/D","XVII","Dentro","Urbana","Ninguna","S/D","Intersección","Bueno","S/D","Diurna","Buen Tiempo","Lateral","S/D","Colisión","S/D","Faltante","Ninguna","Sin restricción"
2016,2341,2/2/2016,"Martes",0,20:00:00,,"0.0",2,"Peatón,Tracción animal / Carro","BARRIO MARCOS BOBIO ",2,1,0,0,1,0,0,,"Calle",,"SANTA FE","La Capital","S/D","S/D","I","Dentro","Urbana","S/D","S/D","Intersección","S/D","S/D","Nocturna","S/D","S/D","S/D","Atropello","S/D","S/D","S/D","S/D"
2016,2342,2/26/2016,"Viernes",0,3:15:00,,"0.0",2,"Peatón,Automóvil","Av. Circunvalacion Y Ayolas",3,1,0,0,2,0,0,,"Calle",,"ROSARIO","Rosario","Asfalto","S/D","II","Dentro","Urbana","S/D","S/D","Intersección","S/D","Buena","Nocturna","S/D","S/D","S/D","Atropello","S/D","S/D","S/D","S/D"
2016,2343,2/26/2016,"Viernes",0,9:30:00,,"0.0",2,"Transporte de Pasajeros Urbano (> 8 asientos),Automóvil","Hilarion de la Quintana Y Serrano",3,2,0,0,1,0,0,,"Calle",,"ROSARIO","Rosario","Asfalto","S/D","II","Dentro","Urbana","S/D","S/D","Intersección","S/D","S/D","Diurna","S/D","S/D","S/D","Colisión","S/D","S/D","S/D","S/D"
2016,2344,2/28/2016,"Domingo",0,18:30:00,,"0.0",2,"Camión,Moto/Ciclomotor","Peru Y Centeno",4,0,0,0,1,0,3,,"Calle",,"ROSARIO","Rosario","Asfalto","S/D","II","Dentro","Urbana","S/D","S/D","Intersección","S/D","S/D","Diurna","S/D","S/D","S/D","Colisión","S/D","S/D","S/D","S/D"
2016,2345,1/31/2016,"Domingo",0,,"Ruta Nacional A009","6.5",3,"Moto/Ciclomotor,Bicicleta,Bicicleta"," ",3,3,0,0,0,0,0,,"Ruta","A009","RECONQUISTA","General Obligado","Asfalto","S/D","IX","Dentro","Urbana","S/D","S/D","Recta","S/D","S/D","S/D","S/D","S/D","S/D","Atropello","S/D","S/D","S/D","S/D"
2016,2346,2/1/2016,"Lunes",0,15:00:00,"Ruta Nacional Rosario -Cordoba","305.0",1,"Automóvil"," ",2,1,0,0,1,0,0,,"Ruta","Rosario -Cordoba","FUNES","Rosario","Asfalto","S/D","II","Dentro","Rural","S/D","S/D","Recta","S/D","S/D","S/D","S/D","S/D","S/D","Despiste","S/D","S/D","S/D","S/D"
2016,2347,2/1/2016,"Lunes",0,22:35:00,"Ruta Nacional 33","0.0",4,"Camión c / Acoplado,Camión c / Acoplado,Camión c / Acoplado,Camión c / Acoplado"," ",4,0,0,0,0,0,4,,"Ruta",33,"MURPHY","General López","Asfalto","S/D","VIII","Dentro","Urbana","S/D","S/D","Cruce","S/D","S/D","Nocturna","S/D","Múltiple","S/D","Colisión","S/D","S/D","S/D","S/D"
2016,2348,2/3/2016,"Miercoles",0,8:10:00,"Ruta Provincial Brigadier E.López","148.0",1,"Pickup/Utilitario"," ",2,2,0,0,0,0,0,,"Ruta","Brigadier E.López","SANTO TOMÉ","La Capital","Asfalto","S/D","I","Dentro","Urbana","S/D","S/D","Recta","S/D","Buena","Diurna","S/D","S/D","S/D","Despiste","S/D","S/D","S/D","S/D"
2016,2349,2/14/2016,"Domingo",0,10:00:00,"Ruta Provincial 1","135.0",1,"Pickup/Utilitario"," ",5,5,0,0,0,0,0,,"Ruta",1,"COLONIA FRANCESA","San Javier","Asfalto","S/D","XIV","Dentro","Urbana","S/D","S/D","Recta","S/D","S/D","Diurna","S/D","S/D","S/D","Despiste","S/D","S/D","S/D","S/D"
2016,2350,5/4/2016,"Miercoles",0,1:40:00,,"0.0",1,"Pickup/Utilitario","Av Urquiza 9400",2,1,0,0,1,0,0,,"Calle",,"SANTA FE","La Capital","Asfalto","Natural","I","Dentro","Urbana","S/D","No existe","Recta","Bueno","Reducida","Nocturna,Con luz artificial","Viento Fuerte","S/D","S/D","Atropello","S/D","Faltante","S/D","S/D"
2016,2351,2/22/2016,"Lunes",0,,"Ruta Nacional 7","427.0",2,"Camión c / Semirremolque,Camión"," ",2,1,0,0,1,0,0,,"Ruta",7,"RUFINO","General López","Asfalto","S/D","VIII","Dentro","Urbana","S/D","S/D","Recta","S/D","S/D","S/D","S/D","De alcance","S/D","Colisión","S/D","S/D","S/D","S/D"
2016,2352,2/23/2016,"Martes",0,22:30:00,"Ruta Nacional 33","0.0",3,"Camión,Camión,Camión"," ",3,1,0,0,2,0,0,,"Ruta",33,"MURPHY","General López","Asfalto","S/D","VIII","Dentro","Urbana","S/D","S/D","Recta","S/D","Buena","Nocturna","S/D","Múltiple","S/D","Colisión","S/D","S/D","S/D","S/D"
2016,2353,2/29/2016,"Lunes",0,13:20:00,"Ruta Provincial 39","0.0",1,"Automóvil","ALTURA ARROYO SALADILLO AMARGO ",2,2,0,0,0,0,0,,"Ruta",39,"LA BRAVA","San Javier","Asfalto","S/D","XIV","Dentro","Urbana","S/D","S/D","Recta","S/D","Buena","Diurna","S/D","S/D","S/D","Vuelco","S/D","S/D","S/D","S/D"
2016,2354,4/9/2016,"Sabado",0,17:00:00,"Ruta Nacional 34","11.0",2,"Pickup/Utilitario,Automóvil"," ",4,0,1,0,0,3,0,"-32.836917, -60.814254","Ruta",34,"IBARLUCEA","Rosario","S/D","S/D","II","S/D","Urbana","S/D","S/D","Recta","S/D","S/D","S/D","S/D","S/D","S/D","Colisión","S/D","S/D","S/D","S/D"
2016,2355,2/29/2016,"Lunes",0,23:00:00,"Ruta Nacional 11","0.0",2,"Camión c / Acoplado,Moto/Ciclomotor","RN11 Y CALLE 13 - ITURRASPE ",3,1,0,0,1,1,0,"-29.142079, -59.655913","Ruta",11,"RECONQUISTA","General Obligado","Hormigón","S/D","IX","Dentro","Urbana","S/D","S/D","Cruce","S/D","S/D","Nocturna","S/D","S/D","S/D","Colisión","S/D","S/D","S/D","S/D"
2016,2356,3/1/2016,"Martes",0,20:25:00,,"0.0",2,"Moto/Ciclomotor,Moto/Ciclomotor","Calle 2 Y Calle 25",2,1,0,0,0,1,0,"-28.351163, -59.263866","Calle",,"LAS TOSCAS","General Obligado","S/D","S/D","IX","Dentro","Urbana","S/D","S/D","Recta","S/D","S/D","Nocturna","S/D","S/D","S/D","Colisión","S/D","S/D","S/D","S/D"
2016,2357,3/5/2016,"Sabado",0,3:10:00,"Ruta Nacional 11","0.0",1,"Pickup/Utilitario","CIRCUNVALACION OESTE ALTURA BASURAL ",1,0,0,0,0,1,0,"-31.594402, -60.747967","Ruta",11,"SANTA FE","La Capital","Hormigón","Natural","I","Dentro","Rural","S/D","No existe","Recta","S/D","S/D","Nocturna","S/D","S/D","S/D","S/D","S/D","Horizontal","Guardarrail","S/D"
2016,2358,3/5/2016,"Sabado",0,1:30:00,"Ruta Nacional 19","126.0",2,"Moto/Ciclomotor,Camión c / Acoplado"," ",2,0,0,0,1,1,0,"-31.424871, -62.049227","Ruta",19,"FRONTERA","Castellanos","Hormigón","S/D","V","Dentro","Urbana","S/D","S/D","S/D","S/D","S/D","Nocturna","S/D","S/D","S/D","Colisión","S/D","S/D","S/D","S/D"
2016,2359,3/24/2016,"Jueves",0,19:30:00,"Ruta Nacional 11","881.0",3,"Moto/Ciclomotor,Bicicleta,Automóvil"," ",3,1,0,0,1,1,0,"-28.411635, -59.268624","Ruta",11,"TACUARENDÍ","General Obligado","Hormigón","Natural","IX","Dentro","Rural","S/D","No existe","Recta","Bueno","S/D","Nocturna","Buen Tiempo","Múltiple","S/D","Colisión,Atropello","Ninguna","Horizontal","Ninguna","Sin restricción"
2016,2360,5/23/2016,"Lunes",0,2:45:00,,"0.0",2,"Pickup/Utilitario,Moto/Ciclomotor","Av A del Valle Y Larrea",2,1,0,0,1,0,0,,"Calle",,"SANTA FE","La Capital","Asfalto","Pavimento","I","Dentro","Urbana","S/D","No existe","Intersección","Bueno","Buena","Nocturna,Con luz artificial","Buen Tiempo","Lateral","S/D","Colisión","S/D","Faltante","S/D","Sin restricción"
2016,2361,5/23/2016,"Lunes",0,18:45:00,,"0.0",2,"Otros,Moto/Ciclomotor","Callejón El Sable Y Dr Zavalla",2,1,0,0,1,0,0,,"Calle",,"SANTA FE","La Capital","Tierra","Natural","I","Dentro","Urbana","S/D","No existe","Intersección","Deteriorada","Reducida polvo","Atardecer,Con luz artificial","Buen Tiempo","Lateral","S/D","Colisión","Material Suelto","Faltante","S/D","S/D"
2016,2362,5/18/2016,"Miercoles",0,12:45:00,,"0.0",1,"Automóvil","Pje Ingenieros Y Padre Genesio",2,1,0,0,1,0,0,,"Calle",,"SANTA FE","La Capital","Asfalto","Natural","I","Dentro","Urbana","S/D","No existe","Intersección","Deteriorada","Buena","Diurna","Buen Tiempo","Atropello animal","S/D","Colisión","Material Suelto","Faltante","S/D","S/D"
2016,2363,5/18/2016,"Miercoles",0,8:30:00,,"0.0",2,"Pickup/Utilitario,Moto/Ciclomotor","1ro de Mayo Y Padre Genesio",2,1,0,0,1,0,0,,"Calle",,"SANTA FE","La Capital","Asfalto","Natural","I","Dentro","Urbana","S/D","No existe","Intersección","Con baches","Buena","Diurna","Buen Tiempo","Lateral","S/D","Colisión","Material Suelto","Faltante","S/D","Sin restricción"
2016,2364,2/24/2016,"Miercoles",0,,"Ruta Nacional 98","0.0",1,"Automóvil"," ",1,0,0,0,0,1,0,"-29.459480, -60.247932","Ruta",98,"VERA","Vera","Hormigón","Natural","XIX","Fuera","Rural","S/D","S/D","S/D","S/D","S/D","S/D","S/D","S/D","S/D","Vuelco","S/D","S/D","S/D","S/D"
2016,2365,5/17/2016,"Martes",0,13:45:00,,"0.0",2,"Pickup/Utilitario,Moto/Ciclomotor","1ro de Mayo Y Javier de la Rosa",2,1,0,0,1,0,0,,"Calle",,"SANTA FE","La Capital","Asfalto","Natural","I","Dentro","Urbana","S/D","No existe","Intersección","Deteriorada","Buena","Diurna","Buen Tiempo","Lateral","S/D","Colisión","Material Suelto","Faltante","S/D","Sin restricción"
2016,2366,5/9/2016,"Lunes",0,19:00:00,,"0.0",2,"Pickup/Utilitario,Moto/Ciclomotor","Gorriti Y San Lorenzo",3,0,2,0,1,0,0,,"Calle",,"SANTA FE","La Capital","Asfalto","Pavimento","I","Dentro","Urbana","S/D","No existe","Intersección","Bueno","Buena","Atardecer,Con luz artificial","Buen Tiempo","Lateral","S/D","Colisión","S/D","Faltante","S/D","S/D"
2016,2367,5/6/2016,"Viernes",0,15:00:00,,"0.0",2,"Automóvil,Moto/Ciclomotor","Santiago de Chile ",2,1,0,0,1,0,0,,"Calle",,"SANTA FE","La Capital","Asfalto","Pavimento","I","Dentro","Urbana","Ninguna","No existe","Intersección","Bueno","Buena","Diurna","Buen Tiempo","Frontal","S/D","Colisión","S/D","S/D","S/D","S/D"
2016,2368,5/2/2016,"Lunes",0,10:00:00,,"0.0",2,"Otros,Otros","Alfonsina Storni 2900",2,1,0,0,1,0,0,,"Calle",,"SANTA FE","La Capital","Asfalto","Natural","I","Dentro","Urbana","S/D","No existe","Recta","Bueno","Buena","Diurna","Buen Tiempo","Lateral","S/D","Colisión","S/D","Faltante","S/D","Sin restricción"
2016,2369,5/5/2016,"Jueves",0,7:45:00,,"0.0",2,"Moto/Ciclomotor,Camión","San Martin Y Roque e Coulin",2,1,0,0,1,0,0,,"Calle",,"GÁLVEZ","San Jerónimo","Asfalto","No existe","XV","Dentro","Urbana","Ninguna","No existe","Intersección","Bueno","Buena","Diurna","Buen Tiempo","S/D","S/D","Colisión","S/D","Faltante","Ninguna","Sin restricción"
2016,2370,5/31/2016,"Martes",0,,,"0.0",2,"Moto/Ciclomotor,Automóvil","Juan de Garay Y Soldado Gomez",3,1,1,0,1,0,0,,"Calle",,"VERA","Vera","Asfalto","S/D","XIX","Dentro","Urbana","S/D","S/D","S/D","S/D","S/D","S/D","S/D","S/D","S/D","Colisión","S/D","S/D","S/D","S/D"
2016,2371,5/22/2016,"Domingo",0,10:50:00,,"0.0",2,"Automóvil,Moto/Ciclomotor","A Lezama Y Espa±a",2,1,0,0,1,0,0,,"Calle",,"VERA","Vera","Asfalto","S/D","XIX","Dentro","Urbana","S/D","S/D","S/D","S/D","Buena","Diurna","S/D","S/D","S/D","Colisión","S/D","S/D","S/D","S/D"