"anio_acci","nro_acci","fecha","desc_dia","fecha_aprox","hora_aprox","desc_ruta","km","cant_participantes","desc_participante","calle_avenida_km","total","heridos_leves","heridos_graves","heridos_gravisimos","ilesos","fallecidos","sin_datos","posicion_XY","desc_tipo_via","desc_ruta_ori","desc_loc","desc_dpto","desc_tipo_calzada","desc_tipo_banquina","desc_unidad_regional","desc_lugar_calzada","desc_zona","desc_prioridad","desc_estado_semaforo","desc_lugar_via","desc_estado_via","desc_estado_visibilidad","desc_luminosidad","desc_estado_clima","desc_tipo_colision","desc_tipo_atropello","desc_tipo_hecho","desc_pres_calzada","desc_senializacion","desc_separacion_via","desc_restriccion"
2016,2372,5/19/2016,"Jueves",0,13:30:00,,"0.0",2,"Moto/Ciclomotor,Automóvil","Espa±a Y Mitre B",2,1,0,0,1,0,0,,"Calle",,"VERA","Vera","Asfalto","S/D","XIX","Dentro","Urbana","S/D","S/D","S/D","Bueno","S/D","Diurna","S/D","S/D","S/D","Colisión","S/D","S/D","S/D","S/D"
2016,2373,5/15/2016,"Domingo",0,21:35:00,,"0.0",2,"Automóvil,Moto/Ciclomotor","Mitre B Y 9 de Julio",2,1,0,0,1,0,0,,"Calle",,"VERA","Vera","S/D","S/D","XIX","Dentro","Urbana","S/D","S/D","S/D","S/D","S/D","Nocturna","S/D","S/D","S/D","Colisión","S/D","S/D","S/D","S/D"
2016,2374,5/11/2016,"Miercoles",0,13:05:00,,"0.0",2,"Moto/Ciclomotor,Moto/Ciclomotor","Mitre B Y 9 de Julio",2,2,0,0,0,0,0,,"Calle",,"VERA","Vera","Asfalto","S/D","XIX","Dentro","Urbana","S/D","S/D","S/D","Bueno","Buena","Diurna","S/D","S/D","S/D","Colisión","S/D","S/D","S/D","S/D"
2016,2375,2/16/2016,"Martes",0,7:50:00,"Ruta Nacional Rosario -Cordoba","302.5",2,"Pickup/Utilitario,Automóvil"," ",2,2,0,0,0,0,0,,"Ruta","Rosario -Cordoba","FUNES","Rosario","Asfalto","S/D","II","Dentro","Urbana","S/D","S/D","Recta","S/D","S/D","Diurna","S/D","S/D","S/D","Colisión","S/D","S/D","S/D","S/D"
2016,2376,2/24/2016,"Miercoles",0,23:30:00,,"0.0",2,"Otros,Moto/Ciclomotor","AV LOS TRABAJADORES FERROVIARIOS Y SARGENTO CABRAL",2,1,0,0,0,0,1,,"Calle",,"ARRUFÓ","San Cristóbal","Asfalto","S/D","XIII","Dentro","Urbana","S/D","S/D","Intersección","S/D","Buena","Nocturna","S/D","S/D","S/D","Colisión","S/D","S/D","S/D","S/D"
2016,2377,5/7/2016,"Sabado",0,12:40:00,,"0.0",2,"Moto/Ciclomotor,Moto/Ciclomotor","General San Martin Y San Bernardo",4,3,0,0,1,0,0,,"Avenida",,"LA PELADA","Las Colonias","Hormigón","No existe","XI","Dentro","Urbana","Ninguna","No existe","Intersección","Bueno","Buena","Diurna","Buen Tiempo","Frontal","S/D","Colisión","S/D","S/D","Ninguna","Sin restricción"
2016,2378,2/25/2016,"Jueves",0,1:45:00,"Ruta Nacional 33","601.0",1,"Camión c / Acoplado"," ",1,1,0,0,0,0,0,,"Ruta",33,"VENADO TUERTO","General López","Asfalto","S/D","VIII","Dentro","Urbana","S/D","S/D","Recta","S/D","S/D","Nocturna","S/D","S/D","S/D","Vuelco","S/D","S/D","S/D","S/D"
2016,2379,5/5/2016,"Jueves",0,18:30:00,,"0.0",2,"Bicicleta,Otros","Belgrano Manuel Y T Lubary",2,0,1,0,0,0,1,,"Calle",,"SAN CARLOS CENTRO","Las Colonias","Asfalto","Pavimento","XI","S/D","Urbana","Ninguna","No existe","Intersección","Bueno","Buena","Atardecer","Buen Tiempo","S/D","S/D","Atropello","Ninguna","S/D","Línea divisoria pintada","Sin restricción"
2016,2380,2/26/2016,"Viernes",0,8:30:00,"Ruta Provincial 4","105.0",1,"Pickup/Utilitario"," ",1,1,0,0,0,0,0,,"Ruta",4,"COLONIA LA CLARA","San Cristóbal","Asfalto","S/D","XIII","Dentro","Urbana","S/D","S/D","Recta","S/D","S/D","Diurna","S/D","S/D","S/D","Vuelco","S/D","S/D","S/D","S/D"
2016,2381,5/5/2016,"Jueves",0,11:30:00,,"0.0",2,"Peatón,Moto/Ciclomotor","Belgrano Manuel Y San Lorenzo",2,1,0,0,1,0,0,,"Calle",,"SAN CARLOS CENTRO","Las Colonias","Asfalto","Pavimento","XI","Dentro","Urbana","Ninguna","No existe","Recta","Bueno","Buena","Diurna","Buen Tiempo","S/D","S/D","Atropello","Ninguna","Faltante","Vegetación","Sin restricción"
2016,2382,2/27/2016,"Sabado",0,20:30:00,"Ruta Provincial 39","2.0",1,"Automóvil"," ",2,1,0,0,1,0,0,,"Ruta",39,"SAN JAVIER","San Javier","Asfalto","S/D","XIV","Dentro","Urbana","S/D","S/D","Recta","S/D","Buena","Atardecer","S/D","Atropello animal","S/D","Colisión","S/D","S/D","S/D","S/D"
2016,2383,2/27/2016,"Sabado",0,21:30:00,"Ruta Nacional 8","356.0",2,"Camión,Pickup/Utilitario","ALTURA CURVA PASTORINO ",2,1,0,0,1,0,0,,"Ruta",8,"VENADO TUERTO","General López","Asfalto","S/D","VIII","Dentro","Urbana","S/D","S/D","Recta","S/D","S/D","Nocturna","S/D","De alcance","S/D","Colisión","S/D","S/D","S/D","S/D"
2016,2384,5/7/2016,"Sabado",0,16:30:00,,"0.0",4,"Automóvil,Automóvil,Pickup/Utilitario,Moto/Ciclomotor","Cordoba Y San Martin",5,1,0,0,4,0,0,,"Calle",,"SAN CARLOS CENTRO","Las Colonias","Asfalto","No existe","XI","Dentro","Urbana","Otra Señal","No existe","Intersección","Bueno","Buena","Diurna","Buen Tiempo","Múltiple","S/D","Colisión","Ninguna","Horizontal","Ninguna","Sin restricción"
2016,2385,2/27/2016,"Sabado",0,,"Ruta Provincial 39","0.0",2,"Moto/Ciclomotor,Moto/Ciclomotor"," ",4,2,0,0,2,0,0,,"Ruta",39,"SAN JAVIER","San Javier","Asfalto","S/D","XIV","Dentro","Urbana","S/D","S/D","S/D","S/D","S/D","S/D","S/D","S/D","S/D","Colisión","S/D","S/D","S/D","S/D"
2016,2386,2/1/2016,"Lunes",0,,,"0.0",1,"Moto/Ciclomotor","Caseros Y Bv San Martin",2,2,0,0,0,0,0,,"Calle",,"SAN CRISTÓBAL","San Cristóbal","S/D","S/D","XIII","Dentro","Urbana","S/D","S/D","Intersección","S/D","S/D","S/D","S/D","Contra objeto fijo","S/D","Colisión","S/D","S/D","S/D","S/D"
2016,2387,1/31/2016,"Domingo",0,18:00:00,"Ruta Provincial 70","0.0",2,"Automóvil,Moto/Ciclomotor","A Aufranc 1900",6,3,0,0,3,0,0,,"Ruta",70,"ESPERANZA","Las Colonias","S/D","S/D","XI","Dentro","Urbana","S/D","S/D","Recta","S/D","Buena","Diurna","S/D","S/D","S/D","Colisión","S/D","S/D","S/D","S/D"
2016,2388,1/29/2016,"Viernes",0,20:20:00,,"0.0",2,"Moto/Ciclomotor,Bicicleta","Mariano Moreno Y B Iturraspe",2,2,0,0,0,0,0,,"Calle",,"ESPERANZA","Las Colonias","Asfalto","S/D","XI","Dentro","Urbana","S/D","S/D","Intersección","S/D","Buena","Atardecer","S/D","S/D","S/D","Atropello","S/D","S/D","S/D","S/D"
2016,2389,1/30/2016,"Sabado",0,,"Ruta Provincial 6","61.0",2,"Camión,Automóvil"," ",5,1,0,0,4,0,0,,"Ruta",6,"ESPERANZA","Las Colonias","Asfalto","S/D","XI","Dentro","Urbana","S/D","S/D","Recta","S/D","S/D","Diurna","S/D","S/D","S/D","Colisión","S/D","S/D","S/D","S/D"
2016,2390,2/4/2016,"Jueves",0,12:25:00,,"0.0",2,"Pickup/Utilitario,Moto/Ciclomotor","España Y Marconico",2,1,0,0,1,0,0,,"Calle",,"VENADO TUERTO","General López","S/D","S/D","VIII","Dentro","Urbana","S/D","S/D","Intersección","S/D","Buena","Diurna","S/D","S/D","S/D","Colisión","S/D","S/D","S/D","S/D"
2016,2391,2/3/2016,"Miercoles",0,19:00:00,,"0.0",2,"Moto/Ciclomotor,Moto/Ciclomotor","Bv Sarmiento Y Francisco Conti",3,3,0,0,0,0,0,,"Calle",,"VILLA OCAMPO","General Obligado","Asfalto","No existe","IX","Dentro","Urbana","Ninguna","No existe","Recta","Deteriorada","Buena","Atardecer","Buen Tiempo","Lateral","S/D","Colisión","S/D","Faltante","Ninguna,S/D","Sin restricción"
2016,2392,2/4/2016,"Jueves",0,21:00:00,"Ruta Provincial 32","0.0",2,"Moto/Ciclomotor,Peatón"," ",2,2,0,0,0,0,0,,"Ruta",32,"VILLA OCAMPO","General Obligado","Asfalto","S/D","IX","Dentro","Urbana","S/D","S/D","Recta","S/D","S/D","Nocturna","S/D","S/D","S/D","Atropello","S/D","S/D","S/D","S/D"
2016,2393,5/7/2016,"Sabado",0,7:00:00,,"0.0",2,"Bicicleta,Otros"," ",2,1,0,0,0,0,1,,"Calle",,"SAN CARLOS CENTRO","Las Colonias","Asfalto","No existe","XI","Dentro","Urbana","Ninguna","No existe","Otro","Otro","Buena","Diurna","Otro","S/D","S/D","Atropello","Otro","Horizontal","Ninguna","Sin restricción"
2016,2394,5/11/2016,"Miercoles",0,11:50:00,,"0.0",2,"Moto/Ciclomotor,Otros","Belgrano Manuel Y Weihmuller",2,1,0,0,1,0,0,,"Calle",,"SAN CARLOS CENTRO","Las Colonias","Asfalto","Pavimento","XI","S/D","Urbana","Ninguna","No existe","Intersección","Bueno","Buena","Diurna","Buen Tiempo","Frontal","S/D","Colisión","Ninguna","S/D","Vegetación","Sin restricción"
2016,2395,5/13/2016,"Viernes",0,12:50:00,,"0.0",2,"Automóvil,Moto/Ciclomotor","Rivadavia ",2,1,0,0,1,0,0,,"Calle",,"SAN CARLOS CENTRO","Las Colonias","Asfalto","No existe","XI","Dentro","Urbana","Ninguna","No existe","Intersección","Bueno","Buena","Diurna","Buen Tiempo","Lateral","S/D","Colisión","Ninguna","Horizontal","Ninguna","Sin restricción"
2016,2396,2/5/2016,"Viernes",0,4:30:00,,"0.0",1,"Moto/Ciclomotor","CAMINO RURAL  4 KM AL ESTE DE RUTA 23 ",1,1,0,0,0,0,0,,"Camino Rural",,"COLONIA DOS ROSAS","San Cristóbal","S/D","S/D","XIII","Dentro","Urbana","S/D","S/D","Recta","S/D","S/D","Nocturna","S/D","S/D","S/D","Caída ocupante","S/D","S/D","S/D","S/D"
2016,2397,5/28/2016,"Sabado",0,8:40:00,"Ruta Provincial 1","30.5",1,"Automóvil"," ",3,3,0,0,0,0,0,,"Ruta",1,"LOS ZAPALLOS","Garay","Asfalto","Natural","VII","Dentro","Urbana","Ninguna","No existe","Recta","Resbaladiza","Reducida","Diurna","Niebla","S/D","S/D","Despiste","Agua","Horizontal","Vegetación","Sin restricción"
2016,2398,5/21/2016,"Sabado",0,16:20:00,"Ruta Provincial 1","0.0",2,"Moto/Ciclomotor,Pickup/Utilitario"," ",2,1,0,0,1,0,0,,"Ruta",1,"HELVECIA","Garay","Asfalto","Natural","VII","S/D","Urbana","Ninguna","No existe","Recta","Bueno","Buena","Diurna","Buen Tiempo","S/D","S/D","Otro","Ninguna","Horizontal","Ninguna","Sin restricción"
2016,2399,5/14/2016,"Sabado",0,19:40:00,,"0.0",1,"Moto/Ciclomotor","Manuel Dorrego Y Presidente Peron",2,2,0,0,0,0,0,,"Calle",,"VILLA CONSTITUCIÓN","Constitución","Asfalto","Pavimento","VI","Dentro","Urbana","Ninguna","Funciona","Intersección","S/D","Buena","Amanecer","Buen Tiempo","S/D","S/D","Caída ocupante","S/D","Faltante","Ninguna","Sin restricción"
2016,2400,5/26/2016,"Jueves",0,,,"0.0",2,"Bicicleta,Automóvil","Mendoza Y Pbro D Segundo",2,1,0,0,1,0,0,,"Calle",,"VILLA CONSTITUCIÓN","Constitución","Asfalto","No existe","VI","Dentro","Urbana","Ninguna","No existe","Intersección","Bueno","Buena","Diurna","Buen Tiempo","S/D","S/D","Atropello","S/D","Faltante","Ninguna","Sin restricción"
2016,2401,5/30/2016,"Lunes",0,7:20:00,,"0.0",2,"Pickup/Utilitario,Moto/Ciclomotor","Hernandarias Y Belgrano",3,2,0,0,1,0,0,,"Calle",,"CERES","San Cristóbal","Asfalto","No existe","XIII","Dentro","Urbana","Ninguna","No existe","Intersección","Bueno","Buena","Diurna","Buen Tiempo","Lateral","S/D","Colisión","S/D","Faltante","Cordón divisorio","Sin restricción"
2016,2402,5/14/2016,"Sabado",0,,"Ruta Secundaria 253-s","0.0",2,"Automóvil,Moto/Ciclomotor"," ",3,1,1,0,0,0,1,,"Ruta","253-s","HELVECIA","Garay","Tierra","No existe","VII","S/D","Rural","Ninguna","No existe","Recta","Bueno","Buena","Diurna","Buen Tiempo","Otro","S/D","Colisión","Ninguna","Faltante","Ninguna","Sin restricción"
2016,2403,5/26/2016,"Jueves",0,,,"0.0",2,"Automóvil,Moto/Ciclomotor","Formosa Y Simon Bolivar",2,1,0,0,1,0,0,,"Calle",,"VILLA CONSTITUCIÓN","Constitución","Asfalto","No existe","VI","Dentro","Urbana","Ninguna","No existe","Intersección","S/D","Buena","Diurna","Buen Tiempo","S/D","S/D","Colisión","Ninguna","Faltante","Ninguna","Sin restricción"
2016,2404,5/18/2016,"Miercoles",0,18:00:00,,"0.0",2,"Moto/Ciclomotor,Automóvil","Boulevard Ocampo ",2,1,0,0,0,0,1,,"S/D",,"HELVECIA","Garay","Asfalto","Pavimento","VII","S/D","S/D","Ninguna","No existe","Recta","Bueno","Buena","Diurna","Buen Tiempo","Otro","S/D","Colisión","Ninguna","Faltante","Ninguna","Sin restricción"
2016,2405,5/26/2016,"Jueves",0,,,"0.0",2,"Moto/Ciclomotor,Automóvil","Av. del Trabajo Y Moreno",2,1,0,0,1,0,0,,"Calle",,"VILLA CONSTITUCIÓN","Constitución","Asfalto","No existe","VI","Dentro","Urbana","Ninguna","No existe","Intersección","Bueno","Buena","Diurna","Buen Tiempo","S/D","S/D","Colisión","S/D","Faltante","Ninguna","Sin restricción"
2016,2406,5/8/2016,"Domingo",0,19:45:00,,"0.0",2,"Moto/Ciclomotor,Moto/Ciclomotor"," ",3,1,1,0,0,0,1,,"Camino Rural",,"CAYASTA","Garay","Tierra","Natural","VII","S/D","Rural","Ninguna","No existe","Otro","Bueno","Buena","Nocturna","Buen Tiempo","Otro","S/D","Otro","Ninguna","Faltante","Ninguna","Sin restricción"
2016,2407,5/30/2016,"Lunes",0,,,"0.0",2,"Automóvil,Moto/Ciclomotor","Moreno Y Acevedo",2,1,0,0,1,0,0,,"Calle",,"VILLA CONSTITUCIÓN","Constitución","Asfalto","No existe","VI","Dentro","Urbana","Ninguna","No existe","Intersección","Bueno","Buena","Diurna","Buen Tiempo","S/D","S/D","Colisión","S/D","Faltante","Ninguna","Sin restricción"
2016,2408,5/28/2016,"Sabado",0,2:50:00,,"0.0",1,"Pickup/Utilitario","ZONA RURAL ",1,1,0,0,0,0,0,,"Camino Rural",,"COLONIA ANA","San Cristóbal","Tierra,Arena","Natural","XIII","S/D","Rural","Ninguna","S/D","Curva","Bueno","Buena","Nocturna","Buen Tiempo","Frontal","S/D","Colisión","S/D","Horizontal","S/D","Sin restricción"
2016,2409,5/6/2016,"Viernes",0,10:15:00,,"0.0",2,"Bicicleta,Automóvil","Dr Romang ",2,1,0,0,0,0,1,,"Calle",,"HELVECIA","Garay","Asfalto","Pavimento","VII","S/D","Urbana","Ninguna","No existe","Cruce","Bueno","Buena","Diurna","Buen Tiempo","S/D","S/D","Atropello","Otro","Faltante","Ninguna","Sin restricción"
2016,2410,5/19/2016,"Jueves",0,,,"0.0",2,"Bicicleta,Automóvil","Berutti 2138",2,1,0,0,1,0,0,,"Calle",,"VILLA CONSTITUCIÓN","Constitución","Asfalto","No existe","VI","Dentro","Urbana","Ninguna","No existe","Recta","Bueno","Buena","Diurna","Buen Tiempo","S/D","S/D","Atropello","S/D","Faltante","Ninguna","Sin restricción"
2016,2411,5/12/2016,"Jueves",0,21:20:00,,"0.0",2,"Automóvil,Moto/Ciclomotor"," ",3,2,0,0,1,0,0,,"S/D",,"SAN LORENZO","San Lorenzo","S/D","S/D","XVII","S/D","S/D","S/D","S/D","S/D","S/D","S/D","Nocturna","S/D","S/D","S/D","S/D","S/D","S/D","S/D","S/D"
2016,2412,5/28/2016,"Sabado",0,21:45:00,,"0.0",2,"Moto/Ciclomotor,Moto/Ciclomotor","25 de Mayo Y Dr Fernandez",2,1,0,0,1,0,0,,"Calle",,"SUARDI","San Cristóbal","Asfalto","Pavimento","XIII","Dentro","S/D","Ninguna","No existe","Intersección","Bueno","Buena","Nocturna,Con luz artificial","Otro","Lateral","S/D","Colisión","Agua","Vertical","Ninguna","Sin restricción"
2016,2413,5/14/2016,"Sabado",0,16:00:00,,"0.0",2,"Otros,Moto/Ciclomotor","Saavedra Y Misiones",2,1,0,0,1,0,0,,"Calle",,"VILLA CONSTITUCIÓN","Constitución","Asfalto","Pavimento","VI","Dentro","Urbana","Ninguna","No existe","Intersección","Bueno","Buena","Diurna","S/D","S/D","S/D","Colisión","S/D","Faltante","Ninguna","Sin restricción"
2016,2414,5/13/2016,"Viernes",0,18:00:00,,"0.0",2,"Moto/Ciclomotor,Moto/Ciclomotor","Zeballos Y Bateria Independencia",3,0,0,0,0,0,3,,"S/D",,"SAN LORENZO","San Lorenzo","S/D","S/D","XVII","S/D","S/D","S/D","S/D","S/D","S/D","S/D","Atardecer","S/D","S/D","S/D","S/D","S/D","S/D","S/D","S/D"
2016,2415,5/18/2016,"Miercoles",0,11:00:00,,"0.0",2,"Moto/Ciclomotor,Automóvil","San Martin Y Lisandro de la Torre",2,1,0,0,1,0,0,,"Calle",,"VILLA CONSTITUCIÓN","Constitución","Asfalto","No existe","VI","Dentro","Urbana","Ninguna","No existe","Intersección","Bueno","Buena","Diurna","Buen Tiempo","S/D","S/D","Colisión","S/D","Faltante","Ninguna","Sin restricción"
2016,2416,5/14/2016,"Sabado",0,11:30:00,,"0.0",2,"Moto/Ciclomotor,Moto/Ciclomotor","Moreno 1000",3,2,0,0,0,0,1,,"S/D",,"SAN LORENZO","San Lorenzo","S/D","S/D","XVII","S/D","S/D","S/D","S/D","S/D","S/D","S/D","Diurna","S/D","S/D","S/D","S/D","S/D","S/D","S/D","S/D"
2016,2417,5/15/2016,"Domingo",0,14:20:00,,"0.0",2,"Automóvil,Moto/Ciclomotor","Bv Oroño ",7,2,0,0,2,0,3,,"S/D",,"SAN LORENZO","San Lorenzo","S/D","S/D","XVII","S/D","S/D","S/D","S/D","S/D","S/D","S/D","Diurna","S/D","S/D","S/D","S/D","S/D","S/D","S/D","S/D"
2016,2418,5/6/2016,"Viernes",0,13:30:00,,"0.0",2,"Automóvil,Moto/Ciclomotor","Comodoro Rivadavia Y Simon Bolivar",2,1,0,0,1,0,0,,"Calle",,"VILLA CONSTITUCIÓN","Constitución","Asfalto","Pavimento","VI","Dentro","Urbana","Ninguna","No existe","Intersección","Bueno","Buena","Diurna","Buen Tiempo","Lateral","S/D","Colisión","S/D","Faltante","Ninguna","Sin restricción"
2016,2419,5/25/2016,"Miercoles",0,19:00:00,,"0.0",2,"Automóvil,Moto/Ciclomotor","Caseros Y Ituzaingo",4,3,0,0,1,0,0,,"Calle",,"SAN CRISTÓBAL","San Cristóbal","Asfalto","No existe","XIII","Dentro","Urbana","Ninguna","No existe","Intersección","Bueno","Reducida","Nocturna","Buen Tiempo","Lateral","S/D","Colisión","Ninguna","Faltante","Ninguna","Sin restricción"
2016,2420,5/1/2016,"Domingo",0,16:30:00,"Ruta Provincial 1","73.5",1,"Moto/Ciclomotor"," ",1,1,0,0,0,0,0,,"Ruta",1,"CAYASTA","Garay","Asfalto","Natural","VII","Dentro","Urbana","Ninguna","No existe","Recta","Bueno","Buena","Diurna","Buen Tiempo","S/D","S/D","Caída ocupante","S/D","Faltante","Línea divisoria pintada","Sin restricción"
2016,2421,5/30/2016,"Lunes",0,16:30:00,,"0.0",2,"Peatón,Camión","La Paz Y Cochabamba",2,1,0,0,1,0,0,,"Calle",,"SAN CRISTÓBAL","San Cristóbal","Asfalto","Natural","XIII","Dentro","Urbana","Ninguna","No existe","Intersección","Bueno","Buena","Diurna","Buen Tiempo","S/D","S/D","Atropello","S/D","Faltante","Ninguna","Sin restricción"
2016,2422,8/19/2016,"Viernes",0,7:45:00,,"0.0",2,"Taxi/Remis,Moto/Ciclomotor","Av San Martin Y San Juan",3,2,0,0,0,0,1,,"S/D",,"SAN LORENZO","San Lorenzo","S/D","S/D","XVII","S/D","S/D","S/D","S/D","S/D","S/D","S/D","Diurna","S/D","S/D","S/D","S/D","S/D","S/D","S/D","S/D"
2016,2423,5/27/2016,"Viernes",0,20:45:00,,"0.0",2,"Moto/Ciclomotor,Automóvil","SANTA FE 1000",2,1,0,0,1,0,0,,"Calle",,"SAN CRISTÓBAL","San Cristóbal","Asfalto","No existe","XIII","Dentro","Urbana","Ninguna","No existe","Recta","Bueno","Buena","Nocturna","Buen Tiempo","Lateral","S/D","Colisión","S/D","Faltante","Ninguna","Sin restricción"
2016,2424,5/21/2016,"Sabado",0,20:25:00,,"0.0",2,"Automóvil,Moto/Ciclomotor","Urquiza Y Moreno",2,1,0,0,1,0,0,,"S/D",,"SAN LORENZO","San Lorenzo","S/D","S/D","XVII","S/D","S/D","S/D","S/D","S/D","S/D","S/D","Nocturna","S/D","S/D","S/D","S/D","S/D","S/D","S/D","S/D"
2016,2425,5/17/2016,"Martes",0,19:30:00,,"0.0",2,"Moto/Ciclomotor,Automóvil","Independencia Y Chaco",2,1,0,0,1,0,0,,"Calle",,"VILLA CONSTITUCIÓN","Constitución","Asfalto","No existe","VI","Dentro","Urbana","Ninguna","No existe","Intersección","Bueno","Buena","Atardecer","Buen Tiempo","S/D","S/D","Colisión","S/D","Faltante","Ninguna","Sin restricción"
2016,2427,5/13/2016,"Viernes",0,17:40:00,,"0.0",2,"Moto/Ciclomotor,Automóvil","San Martin Y Hipolito Irigoyen",2,1,0,0,1,0,0,,"Calle",,"VILLA CONSTITUCIÓN","Constitución","Asfalto","Pavimento","VI","Dentro","Urbana","Semáforo","Funciona","Intersección","Bueno","Buena","Atardecer","Buen Tiempo","S/D","S/D","Colisión","S/D","Horizontal","Ninguna","Sin restricción"
2016,2428,5/28/2016,"Sabado",0,19:30:00,,"0.0",2,"Automóvil,Moto/Ciclomotor","Junin Y Gral Roca",3,1,0,0,2,0,0,,"Calle",,"SAN CRISTÓBAL","San Cristóbal","Asfalto","Natural","XIII","Dentro","Urbana","Ninguna","No existe","Intersección","Resbaladiza","Reducida","Nocturna","Lluvia","Lateral","S/D","Colisión","Agua","Faltante","S/D","Sin restricción"
2016,2429,5/3/2016,"Martes",0,,,"0.0",2,"Bicicleta,Automóvil","Islas Malvinas Y Santiago del Estero",2,1,0,0,1,0,0,,"Calle",,"VILLA CONSTITUCIÓN","Constitución","Asfalto","No existe","VI","Dentro","Urbana","Ninguna","No existe","Intersección","Bueno","Buena","Diurna","Buen Tiempo","S/D","S/D","Atropello","S/D","Faltante","Ninguna","Sin restricción"
2016,2430,5/4/2016,"Miercoles",0,13:50:00,,"0.0",2,"Moto/Ciclomotor,Automóvil","Marconico Y Juan Jose Castelli",3,0,2,0,1,0,0,,"Calle",,"VENADO TUERTO","General López","Asfalto","No existe","VIII","Dentro","Urbana","S/D","No existe","Intersección","S/D","S/D","Diurna","S/D","S/D","S/D","S/D","S/D","Vertical","S/D","S/D"
2016,2431,5/3/2016,"Martes",0,8:30:00,,"0.0",2,"Bicicleta,Otros","Manuel Dorrego Y Juan Jose de Urquiza",2,1,0,0,1,0,0,,"Calle",,"VILLA CONSTITUCIÓN","Constitución","Asfalto","No existe","VI","Dentro","Urbana","Ninguna","No existe","Intersección","Bueno","Buena","Diurna","Buen Tiempo","Frontal","S/D","Atropello","S/D","Faltante","Ninguna","Sin restricción"
2016,2432,5/4/2016,"Miercoles",0,,,"0.0",2,"Automóvil,Moto/Ciclomotor","Dean Funes Y España",2,0,1,0,1,0,0,,"Calle",,"VENADO TUERTO","General López","Asfalto","No existe","VIII","Dentro","Urbana","S/D","No existe","Intersección","Bueno","S/D","S/D","S/D","S/D","S/D","S/D","S/D","Vertical","S/D","S/D"
2016,2433,5/5/2016,"Jueves",0,,"Ruta Provincial 21","0.0",2,"Moto/Ciclomotor,Pickup/Utilitario","12 de Octubre ",2,1,0,0,0,0,1,,"Ruta",21,"VILLA CONSTITUCIÓN","Constitución","Asfalto","No existe","VI","Dentro","Urbana","Ninguna","No existe","Intersección","Bueno","Buena","Diurna","Buen Tiempo","S/D","S/D","Colisión","Agua","Faltante","Ninguna","Sin restricción"
2016,2434,5/7/2016,"Sabado",0,14:50:00,"Ruta Nacional 8","0.0",2,"Moto/Ciclomotor,Automóvil","Ruta Nac 8 Y Hipolito Irigoyen",2,1,0,0,1,0,0,,"Ruta",8,"VENADO TUERTO","General López","Asfalto","No existe","VIII","Dentro","Urbana","S/D","Funciona","Intersección","Bueno","Buena","Diurna","S/D","S/D","S/D","S/D","S/D","Vertical","S/D","S/D"
2016,2435,5/22/2016,"Domingo",0,12:00:00,"Ruta Nacional 34","342.6",2,"Pickup/Utilitario,Camión"," ",2,0,1,0,1,0,0,,"Ruta",34,"ARRUFÓ","San Cristóbal","Asfalto","Natural","XIII","S/D","Rural","Señal Ceda el Paso","S/D","Intersección","Bueno","Buena","Diurna","Buen Tiempo","Lateral","S/D","Colisión","Ninguna","Vertical","Vegetación","Sin restricción"
2016,2436,5/9/2016,"Lunes",0,,,"0.0",2,"Moto/Ciclomotor,Automóvil","Santa Fe Y Esperanto",3,2,0,0,1,0,0,,"Calle",,"VENADO TUERTO","General López","Asfalto","No existe","VIII","Dentro","Urbana","S/D","No existe","Intersección","Bueno","S/D","S/D","S/D","S/D","S/D","S/D","S/D","S/D","S/D","S/D"
2016,2437,5/9/2016,"Lunes",0,,,"0.0",2,"Moto/Ciclomotor,Automóvil","Nicolas Avellaneda Y Miguel de Azcuenaga",3,1,1,0,1,0,0,,"Calle",,"VENADO TUERTO","General López","Asfalto","No existe","VIII","Dentro","Urbana","S/D","No existe","Intersección","Bueno","S/D","S/D","S/D","S/D","S/D","S/D","S/D","Vertical","S/D","S/D"
2016,2438,5/26/2016,"Jueves",0,11:30:00,,"0.0",1,"Pickup/Utilitario"," ",1,1,0,0,0,0,0,,"Camino Rural",,"COLONIA ROSA","San Cristóbal","Tierra","Natural","XIII","Dentro","Rural","Ninguna","No existe","Recta","Otro","Reducida polvo","Diurna","Buen Tiempo","Atropello animal","S/D","Vuelco","Otro","Faltante","Ninguna","Sin restricción"
2016,2439,5/19/2016,"Jueves",0,,,"0.0",2,"Moto/Ciclomotor,Automóvil","Moreno Y San Martin",2,1,0,0,1,0,0,,"Calle",,"VILLA CONSTITUCIÓN","Constitución","Asfalto","No existe","VI","Dentro","Urbana","Ninguna","No existe","Intersección","S/D","Buena","Diurna","Buen Tiempo","De alcance","S/D","Colisión","Ninguna","Faltante","Ninguna","Sin restricción"
2016,2440,5/10/2016,"Martes",0,,,"0.0",2,"Pickup/Utilitario,Moto/Ciclomotor","Juan Lavalle Y Martin de Pueyrredon",3,2,0,0,1,0,0,,"Calle",,"VENADO TUERTO","General López","Asfalto","No existe","VIII","Dentro","Urbana","S/D","No existe","Intersección","Bueno","S/D","S/D","S/D","S/D","S/D","S/D","S/D","S/D","S/D","S/D"
2016,2441,5/21/2016,"Sabado",0,14:10:00,,"0.0",2,"Moto/Ciclomotor,Moto/Ciclomotor","Ruta  NAC 34 / Corrientes Y Lamadrid",3,3,0,0,0,0,0,,"S/D",,"CERES","San Cristóbal","Asfalto","Natural","XIII","S/D","Urbana","Ninguna","No existe","Recta","Bueno","Buena","Diurna","Buen Tiempo","De alcance","S/D","Colisión","S/D","Faltante","Ninguna","Sin restricción"
2016,2442,5/31/2016,"Martes",0,6:50:00,,"0.0",2,"Bicicleta,Pickup/Utilitario","España Y Maipu",2,1,0,0,1,0,0,,"Avenida",,"VENADO TUERTO","General López","Asfalto","No existe","VIII","Dentro","Urbana","S/D","No existe","Intersección","Bueno","Buena","Amanecer,Con luz artificial","S/D","S/D","S/D","Atropello","S/D","Vertical","S/D","S/D"