"anio_acci","nro_acci","fecha","desc_dia","fecha_aprox","hora_aprox","desc_ruta","km","cant_participantes","desc_participante","calle_avenida_km","total","heridos_leves","heridos_graves","heridos_gravisimos","ilesos","fallecidos","sin_datos","posicion_XY","desc_tipo_via","desc_ruta_ori","desc_loc","desc_dpto","desc_tipo_calzada","desc_tipo_banquina","desc_unidad_regional","desc_lugar_calzada","desc_zona","desc_prioridad","desc_estado_semaforo","desc_lugar_via","desc_estado_via","desc_estado_visibilidad","desc_luminosidad","desc_estado_clima","desc_tipo_colision","desc_tipo_atropello","desc_tipo_hecho","desc_pres_calzada","desc_senializacion","desc_separacion_via","desc_restriccion"
2016,2443,5/29/2016,"Domingo",1,,,"0.0",2,"Pickup/Utilitario,Moto/Ciclomotor","España Y Martin de Pueyrredon",2,0,1,0,1,0,0,,"S/D",,"VENADO TUERTO","General López","Asfalto","No existe","VIII","S/D","S/D","S/D","No existe","Intersección","Bueno","S/D","S/D","S/D","S/D","S/D","S/D","S/D","Vertical","S/D","S/D"
2016,2444,5/9/2016,"Lunes",0,,,"0.0",2,"Bicicleta,Automóvil","Juan Jose de Urquiza Y Corrientes",2,1,0,0,1,0,0,,"Calle",,"VILLA CONSTITUCIÓN","Constitución","Asfalto","No existe","VI","Dentro","Urbana","Ninguna","No existe","Intersección","Bueno","Buena","Diurna","Buen Tiempo","Lateral","S/D","Atropello","S/D","Faltante","Ninguna","Sin restricción"
2016,2445,5/16/2016,"Lunes",0,,,"0.0",2,"Pickup/Utilitario,Moto/Ciclomotor","Avenida Mitre Y 9 de Julio",2,1,0,0,1,0,0,,"Calle",,"CERES","San Cristóbal","Asfalto","S/D","XIII","Dentro","Urbana","Ninguna","No existe","Intersección","Bueno","Buena","Nocturna","Buen Tiempo","Lateral","S/D","Colisión","S/D","S/D","S/D","Sin restricción"
2016,2446,5/28/2016,"Sabado",0,,,"0.0",2,"Moto/Ciclomotor,Automóvil","Santa Fe Y Maipu",2,1,0,0,1,0,0,,"Avenida",,"VENADO TUERTO","General López","Asfalto","No existe","VIII","Dentro","Urbana","S/D","No existe","Intersección","Bueno","S/D","S/D","S/D","S/D","S/D","S/D","S/D","Vertical","S/D","S/D"
2016,2447,5/31/2016,"Martes",0,,,"0.0",2,"Automóvil,Moto/Ciclomotor","Simon Bolivar Y Catamarca",3,0,0,0,0,0,3,,"Calle",,"VILLA CONSTITUCIÓN","Constitución","Asfalto","No existe","VI","Dentro","Urbana","Ninguna","No existe","Intersección","Bueno","Buena","Diurna","Buen Tiempo","De alcance","S/D","Colisión","S/D","Faltante","Ninguna","Sin restricción"
2016,2448,5/23/2016,"Lunes",0,,,"0.0",2,"Automóvil,Moto/Ciclomotor","Juan Jose Castelli Y Lopez",2,1,0,0,1,0,0,,"Calle",,"VENADO TUERTO","General López","Asfalto","No existe","VIII","Dentro","Urbana","S/D","No existe","Intersección","Bueno","S/D","S/D","S/D","S/D","S/D","S/D","S/D","Vertical","S/D","S/D"
2016,2449,5/3/2016,"Martes",0,,,"0.0",2,"Moto/Ciclomotor,Automóvil","Belgrano Y Hipolito Irigoyen",3,2,0,0,1,0,0,,"Calle",,"VILLA CONSTITUCIÓN","Constitución","Asfalto","No existe","VI","Dentro","Urbana","Ninguna","No existe","Intersección","Bueno","Buena","Diurna","Buen Tiempo","S/D","S/D","Colisión","S/D","Faltante","Ninguna","Sin restricción"
2016,2450,5/16/2016,"Lunes",0,20:00:00,,"0.0",1,"Moto/Ciclomotor","Suipacha Y Independencia",1,1,0,0,0,0,0,,"Calle",,"CERES","San Cristóbal","Asfalto","No existe","XIII","S/D","Urbana","Ninguna","No existe","Intersección","Bueno","Buena","Diurna","Buen Tiempo","S/D","S/D","Colisión","S/D","Faltante","Ninguna","Sin restricción"
2016,2451,5/15/2016,"Domingo",0,19:20:00,,"0.0",2,"Automóvil,Moto/Ciclomotor","Sarmiento 2100",2,1,0,0,1,0,0,,"Calle",,"SAN CARLOS CENTRO","Las Colonias","Asfalto","No existe","XI","Dentro","Urbana","Otra Señal","No existe","Recta","Bueno","Buena","Nocturna","Buen Tiempo","S/D","S/D","Colisión","S/D","Horizontal","Ninguna","Sin restricción"
2016,2452,5/23/2016,"Lunes",0,17:00:00,,"0.0",2,"Moto/Ciclomotor,Automóvil","España Y Carlos Pellegrini",2,1,0,0,1,0,0,,"Avenida",,"VENADO TUERTO","General López","Asfalto","No existe","VIII","Dentro","Urbana","S/D","No existe","Intersección","Bueno","Buena","Diurna","S/D","S/D","S/D","S/D","S/D","Vertical","S/D","S/D"
2016,2453,5/17/2016,"Martes",0,13:20:00,,"0.0",2,"Pickup/Utilitario,Moto/Ciclomotor"," ",3,2,0,0,1,0,0,,"Avenida",,"CERES","San Cristóbal","Hormigón","No existe","XIII","Dentro","Urbana","Ninguna","No existe","Intersección","Bueno","Buena","Diurna","Buen Tiempo","Lateral","S/D","Colisión","Otro","Faltante","Cordón divisorio","Sin restricción"
2016,2454,5/19/2016,"Jueves",0,20:30:00,,"0.0",1,"Bicicleta","Rivadavia Y Juan de Garay",1,1,0,0,0,0,0,,"Calle",,"SAN CARLOS CENTRO","Las Colonias","Asfalto","No existe","XI","Dentro","Urbana","Ninguna","No existe","Intersección","Bueno","Reducida","Nocturna","Buen Tiempo","S/D","S/D","Caída ocupante","S/D","S/D","Ninguna","Sin restricción"
2016,2455,5/23/2016,"Lunes",0,,,"0.0",2,"Automóvil,Moto/Ciclomotor","Ruta Nac 8 Y Maipu",2,1,0,0,1,0,0,,"Calle",,"VENADO TUERTO","General López","Asfalto","No existe","VIII","Dentro","Urbana","S/D","Funciona","Intersección","Bueno","S/D","S/D","S/D","S/D","S/D","S/D","S/D","Vertical","S/D","S/D"
2016,2456,5/30/2016,"Lunes",0,8:40:00,,"0.0",2,"Moto/Ciclomotor,Moto/Ciclomotor","San Martin Y Pte Illia",2,1,1,0,0,0,0,,"Calle",,"SAN CARLOS CENTRO","Las Colonias","Asfalto","No existe","XI","Dentro","Urbana","Otra Señal","No existe","Intersección","Resbaladiza","Reducida","Diurna","Lluvia","Lateral","S/D","Colisión","Agua","Horizontal,Vertical","Cordón divisorio","Sin restricción"
2016,2457,5/19/2016,"Jueves",0,3:30:00,"Ruta Provincial 17","0.0",1,"Automóvil"," ",2,0,2,0,0,0,0,,"Ruta",17,"CERES","San Cristóbal","Asfalto","Natural","XIII","S/D","Urbana","Ninguna","No existe","Curva","Bueno","Buena","Nocturna","Buen Tiempo","S/D","S/D","Despiste","Otro","Faltante","Ninguna","Sin restricción"
2016,2458,5/10/2016,"Martes",0,11:00:00,,"0.0",2,"Moto/Ciclomotor,Automóvil","Moreno Y 9 de Julio",3,0,1,0,1,0,1,,"Calle",,"VERA","Vera","Asfalto","S/D","XIX","Dentro","Urbana","S/D","S/D","S/D","S/D","S/D","Diurna","S/D","S/D","S/D","Colisión","S/D","S/D","S/D","S/D"
2016,2459,5/23/2016,"Lunes",0,,,"0.0",2,"Automóvil,Moto/Ciclomotor","Libertad Y Corrientes",2,1,0,0,1,0,0,,"Calle",,"VENADO TUERTO","General López","Asfalto","No existe","VIII","Dentro","Urbana","S/D","No existe","Intersección","Bueno","S/D","S/D","S/D","S/D","S/D","S/D","S/D","Vertical","S/D","S/D"
2016,2460,5/9/2016,"Lunes",0,17:15:00,,"0.0",2,"Moto/Ciclomotor,Moto/Ciclomotor","San Martin Y Buenos Aires",2,2,0,0,0,0,0,,"Calle",,"VERA","Vera","Asfalto","S/D","XIX","Dentro","Urbana","S/D","S/D","Intersección","S/D","S/D","Diurna","S/D","S/D","S/D","Colisión","S/D","S/D","S/D","S/D"
2016,2461,5/20/2016,"Viernes",0,19:30:00,,"0.0",2,"Moto/Ciclomotor,Moto/Ciclomotor","Hipolito Irigoyen Y Mariano Moreno",2,2,0,0,0,0,0,,"Calle",,"VENADO TUERTO","General López","Asfalto","No existe","VIII","Dentro","Urbana","S/D","No existe","Intersección","Bueno","Buena","Atardecer,Con luz artificial","S/D","S/D","S/D","S/D","S/D","Vertical","S/D","S/D"
2016,2462,5/29/2016,"Domingo",0,7:40:00,"Ruta Nacional 34","24.0",2,"Camión,Automóvil"," ",3,1,0,0,2,0,0,,"Ruta",34,"LUIS PALACIOS","San Lorenzo","Asfalto","S/D","XVII","Dentro","Urbana","Señal Ceda el Paso","S/D","Curva","Con baches","Buena","Diurna","Buen Tiempo","De alcance","S/D","Colisión","S/D","S/D","Línea divisoria pintada","S/D"
2016,2463,5/19/2016,"Jueves",0,19:15:00,,"0.0",2,"Bicicleta,Pickup/Utilitario","Roque Saenz Peña Y Tomas Alva Edison",2,0,1,0,1,0,0,,"Calle",,"VENADO TUERTO","General López","Asfalto","No existe","VIII","Dentro","Urbana","S/D","No existe","Intersección","Con baches","Buena","Atardecer,Con luz artificial","S/D","S/D","S/D","Atropello","S/D","Vertical","S/D","S/D"
2016,2464,5/14/2016,"Sabado",0,22:15:00,"Ruta Nacional 11","338.0",2,"Automóvil,Moto/Ciclomotor"," ",2,1,0,0,1,0,0,,"Ruta",11,"TIMBÚES","San Lorenzo","Asfalto","Natural","XVII","Dentro","Urbana","Ninguna","No existe","Recta","Deteriorada","Reducida","Nocturna,Con luz artificial","Otro","S/D","S/D","Atropello","Ninguna","Faltante","Ninguna","Sin restricción"
2016,2465,5/13/2016,"Viernes",0,12:00:00,"Ruta Nacional 34","21.0",2,"Camión,Automóvil"," ",3,1,0,0,2,0,0,,"Ruta",34,"LUIS PALACIOS","San Lorenzo","Asfalto","Natural","XVII","Dentro","Urbana","Marca Vial","No existe","Puente","Ahuellamiento","Buena","Diurna","Buen Tiempo","Lateral","S/D","Colisión","S/D","Horizontal","Línea divisoria pintada","Sin restricción"
2016,2466,5/19/2016,"Jueves",0,11:20:00,,"0.0",2,"Moto/Ciclomotor,Camión","Gral Jose de San Martin Y Dean Funes",2,1,0,0,1,0,0,,"Calle",,"VENADO TUERTO","General López","Asfalto","No existe","VIII","Dentro","Urbana","S/D","No existe","Intersección","Bueno","Buena","Diurna","S/D","S/D","S/D","Colisión","S/D","Vertical","S/D","S/D"
2016,2467,5/29/2016,"Domingo",0,5:30:00,,"0.0",2,"Pickup/Utilitario,Peatón","Mitre Y Maipu",3,1,0,0,2,0,0,,"Calle",,"TIMBÚES","San Lorenzo","Hormigón","No existe","XVII","Dentro","Urbana","Ninguna","No existe","Intersección","Bueno","Reducida","Nocturna,Con luz artificial","Otro","S/D","S/D","Atropello","Ninguna","Faltante","Ninguna","Sin restricción"
2016,2468,5/11/2016,"Miercoles",0,19:15:00,,"0.0",2,"Automóvil,Moto/Ciclomotor","España Y Mitre",2,1,0,0,1,0,0,,"Calle",,"TIMBÚES","San Lorenzo","Hormigón","No existe","XVII","Dentro","Urbana","Ninguna","No existe","Intersección","Bueno","Reducida","Atardecer","Buen Tiempo","De alcance","S/D","Colisión","S/D","Faltante","Ninguna","Sin restricción"
2016,2469,5/8/2016,"Domingo",0,1:30:00,,"0.0",2,"Automóvil,Moto/Ciclomotor","Gral Roca ",2,1,0,0,1,0,0,,"Calle",,"TIMBÚES","San Lorenzo","Hormigón","Natural","XVII","Dentro","Urbana","Ninguna","No existe","Recta","Bueno","Reducida","Nocturna","Buen Tiempo","S/D","S/D","Colisión","S/D","Faltante","Ninguna","Sin restricción"
2016,2470,5/18/2016,"Miercoles",0,8:00:00,,"0.0",2,"Bicicleta,Automóvil","Lisandro de la Torre Y Chacabuco",2,1,0,0,1,0,0,,"Calle",,"VENADO TUERTO","General López","Asfalto","No existe","VIII","Dentro","Urbana","S/D","No existe","Intersección","Bueno","Buena","Diurna","S/D","S/D","S/D","Atropello","S/D","Vertical","S/D","S/D"
2016,2471,5/27/2016,"Viernes",0,8:05:00,"Ruta Nacional 11","341.0",2,"Pickup/Utilitario,Moto/Ciclomotor"," ",2,1,0,0,1,0,0,,"Ruta",11,"TIMBÚES","San Lorenzo","Asfalto","Natural","XVII","Dentro","Urbana","Ninguna","No existe","Intersección","Deteriorada","Buena","Amanecer","Buen Tiempo","S/D","S/D","Colisión","S/D","Faltante","Ninguna","Sin restricción"
2016,2472,5/17/2016,"Martes",0,,,"0.0",2,"Automóvil,Moto/Ciclomotor","España Y 25 de Mayo",3,2,0,0,1,0,0,,"Calle",,"VENADO TUERTO","General López","Asfalto","No existe","VIII","Dentro","Urbana","S/D","No existe","Intersección","Bueno","S/D","S/D","S/D","S/D","S/D","S/D","S/D","Vertical","S/D","S/D"
2016,2473,5/29/2016,"Domingo",0,2:05:00,,"0.0",2,"Automóvil,Moto/Ciclomotor","Caseros 1300",5,0,1,0,4,0,0,,"Calle",,"SAN CRISTÓBAL","San Cristóbal","Asfalto","No existe","XIII","Dentro","Urbana","Ninguna","No existe","Recta","Bueno","Reducida","Nocturna,Con luz artificial","S/D","De alcance","S/D","Colisión","Agua","Faltante","S/D","Sin restricción"
2016,2474,6/4/2016,"Sabado",0,15:00:00,,"0.0",2,"Automóvil,Automóvil","Estanislao Zeballos Y 4 de Enero",3,1,0,0,2,0,0,,"Calle",,"SANTA FE","La Capital","Hormigón","No existe","I","Dentro","Urbana","Ninguna","No existe","Intersección","Bueno","Buena","Diurna","Buen Tiempo","Lateral","S/D","Colisión","S/D","Faltante","Ninguna","Sin restricción"
2016,2475,6/4/2016,"Sabado",0,18:40:00,,"0.0",2,"Automóvil,Moto/Ciclomotor","J Castelli Y San Jeronimo",2,1,0,0,1,0,0,,"Calle",,"SANTA FE","La Capital","Hormigón","No existe","I","Dentro","Urbana","Ninguna","No existe","Intersección","Bueno","Buena","Atardecer,Con luz artificial","Buen Tiempo","Lateral","S/D","Colisión","S/D","Faltante","Ninguna","Sin restricción"
2016,2476,5/12/2016,"Jueves",0,17:00:00,"Ruta Nacional 11","0.0",2,"Moto/Ciclomotor,Automóvil"," ",2,1,0,0,1,0,0,,"Ruta",11,"SAN LORENZO","San Lorenzo","S/D","S/D","XVII","Dentro","Urbana","S/D","S/D","S/D","S/D","S/D","Diurna","S/D","S/D","S/D","Colisión","S/D","S/D","S/D","S/D"
2016,2477,5/10/2016,"Martes",0,13:50:00,,"0.0",2,"Moto/Ciclomotor,Automóvil","Cnel Bogado 700",3,1,0,0,1,1,0,"-32.775190, -60.728959","Calle",,"SAN LORENZO","San Lorenzo","S/D","S/D","XVII","Dentro","Urbana","S/D","S/D","S/D","S/D","S/D","Diurna","S/D","S/D","S/D","Colisión","S/D","S/D","S/D","S/D"
2016,2478,5/7/2016,"Sabado",0,12:15:00,,"0.0",2,"Moto/Ciclomotor,Peatón","Av San Martin Y Bv B Mitre",2,2,0,0,0,0,0,,"Calle",,"SAN LORENZO","San Lorenzo","S/D","S/D","XVII","Dentro","Urbana","S/D","S/D","Intersección","S/D","S/D","Diurna","S/D","S/D","Peatón","Atropello","S/D","S/D","S/D","S/D"
2016,2479,5/17/2016,"Martes",0,20:05:00,,"0.0",2,"Moto/Ciclomotor,Automóvil","Av San Martin Y Luna",2,1,0,0,1,0,0,,"Calle",,"SAN LORENZO","San Lorenzo","S/D","S/D","XVII","Dentro","Urbana","S/D","S/D","S/D","S/D","S/D","Nocturna","S/D","S/D","S/D","Colisión","S/D","S/D","S/D","S/D"
2016,2480,5/30/2016,"Lunes",0,19:47:00,,"0.0",2,"Automóvil,Bicicleta","Falucho Y General Lopez",2,1,0,0,1,0,0,,"Calle",,"SAN LORENZO","San Lorenzo","S/D","S/D","XVII","Dentro","Urbana","S/D","S/D","Intersección","S/D","Buena","Atardecer","S/D","S/D","Ciclista","Atropello","S/D","S/D","S/D","S/D"
2016,2481,5/17/2016,"Martes",0,16:30:00,,"0.0",2,"Moto/Ciclomotor,Automóvil","Almafuerte Y Pje Esperanza",2,1,0,0,1,0,0,,"Calle",,"VENADO TUERTO","General López","Asfalto","No existe","VIII","Dentro","Urbana","S/D","No existe","Intersección","Con baches","Buena","Diurna","S/D","S/D","S/D","Colisión","S/D","S/D","S/D","S/D"
2016,2482,5/11/2016,"Miercoles",0,,,"0.0",2,"Automóvil,Moto/Ciclomotor","Falucho Y Garibaldi",2,1,0,0,1,0,0,,"Calle",,"VENADO TUERTO","General López","Asfalto","S/D","VIII","Dentro","Urbana","S/D","S/D","Intersección","Bueno","S/D","S/D","S/D","S/D","S/D","Colisión","S/D","S/D","S/D","S/D"
2016,2483,5/13/2016,"Viernes",0,,,"0.0",2,"Moto/Ciclomotor,Automóvil","Iturraspe Y Gral Jose de San Martin",2,1,0,0,1,0,0,,"Calle",,"VENADO TUERTO","General López","Asfalto","No existe","VIII","Dentro","Urbana","S/D","No existe","Intersección","Bueno","S/D","S/D","S/D","S/D","S/D","Colisión","S/D","Vertical","S/D","S/D"
2016,2484,5/13/2016,"Viernes",0,9:30:00,,"0.0",2,"Bicicleta,Automóvil","Juan Jose Castelli Y Bartolome Mitre",2,1,0,0,1,0,0,,"Calle",,"VENADO TUERTO","General López","Asfalto","No existe","VIII","Dentro","Urbana","S/D","No existe","Intersección","Bueno","Buena","Diurna","S/D","S/D","Ciclista","Atropello","S/D","Vertical","S/D","S/D"
2016,2485,5/14/2016,"Sabado",0,20:00:00,,"0.0",2,"Moto/Ciclomotor,Pickup/Utilitario","Av Estrugamou Y Guillermo Brown",2,0,1,0,1,0,0,,"Calle",,"VENADO TUERTO","General López","Asfalto","No existe","VIII","Dentro","Urbana","S/D","Funciona","Intersección","Bueno","Buena","Nocturna,Con luz artificial","S/D","S/D","S/D","Colisión","S/D","Vertical","S/D","S/D"
2016,2486,5/15/2016,"Domingo",0,,,"0.0",2,"Automóvil,Moto/Ciclomotor","Junin Y Chacabuco",2,0,1,0,1,0,0,,"Calle",,"VENADO TUERTO","General López","Asfalto","No existe","VIII","Dentro","Urbana","S/D","No existe","Intersección","Bueno","S/D","Diurna","Buen Tiempo","S/D","S/D","Colisión","S/D","Vertical","S/D","Sin restricción"
2016,2487,5/16/2016,"Lunes",0,,,"0.0",2,"Moto/Ciclomotor,Automóvil","Balcarce Y 9 de Julio",2,1,0,0,1,0,0,,"Calle",,"VENADO TUERTO","General López","Asfalto","No existe","VIII","Dentro","Urbana","S/D","No existe","Intersección","Bueno","S/D","S/D","S/D","S/D","S/D","Colisión","S/D","Vertical","S/D","S/D"
2016,2488,5/16/2016,"Lunes",0,17:40:00,,"0.0",2,"Moto/Ciclomotor,Automóvil","Cristobal Colon Y Miguel de Azcuenaga",2,1,0,0,1,0,0,,"Calle",,"VENADO TUERTO","General López","Asfalto","No existe","VIII","Dentro","Urbana","S/D","No existe","Intersección","Bueno","Buena","Diurna","S/D","S/D","S/D","Colisión","S/D","Vertical","S/D","S/D"
2016,2489,5/17/2016,"Martes",0,,,"0.0",2,"Automóvil,Moto/Ciclomotor","Chacabuco Y Juan Jose Castelli",3,0,2,0,1,0,0,,"Calle",,"VENADO TUERTO","General López","Asfalto","No existe","VIII","Dentro","Urbana","S/D","No existe","Intersección","Bueno","Buena","S/D","S/D","S/D","S/D","Colisión","S/D","Vertical","S/D","S/D"
2016,2490,5/2/2016,"Lunes",0,21:40:00,,"0.0",2,"Moto/Ciclomotor,Automóvil","Pedro Barberis Y Isaac Sigal",2,0,1,0,1,0,0,,"Calle",,"VENADO TUERTO","General López","S/D","No existe","VIII","Dentro","Urbana","S/D","S/D","Intersección","S/D","Buena","Nocturna","S/D","S/D","S/D","Colisión","S/D","S/D","S/D","S/D"
2016,2491,5/8/2016,"Domingo",0,13:30:00,,"0.0",2,"Automóvil,Moto/Ciclomotor","San Jose Y Los Colonizadores",2,1,0,0,1,0,0,,"Calle",,"GRUTLY","Las Colonias","Ripio","Ripio","XI","Dentro","Urbana","Ninguna","No existe","Cruce","Bueno","Buena","Diurna","Buen Tiempo","Lateral","S/D","Colisión","Ninguna","Faltante","Ninguna","Sin restricción"
2016,2492,5/2/2016,"Lunes",0,20:30:00,,"0.0",1,"Moto/Ciclomotor","Libertad 500",2,1,0,0,1,0,0,,"Avenida",,"ROLDÁN","San Lorenzo","Hormigón","No existe","XVII","Dentro","Urbana","Ninguna","No existe","Recta","Bueno","Reducida","Nocturna","Buen Tiempo","S/D","S/D","Caída ocupante","S/D","Vertical","Ninguna","Sin restricción"
2016,2493,2/9/2016,"Martes",0,11:50:00,,"0.0",2,"Pickup/Utilitario,Moto/Ciclomotor","Juan Jose Castelli Y 9 de Julio",3,2,0,0,1,0,0,,"Calle",,"VENADO TUERTO","General López","Asfalto","S/D","VIII","Dentro","Urbana","S/D","S/D","Intersección","Bueno","S/D","Diurna","S/D","S/D","S/D","Colisión","S/D","S/D","S/D","S/D"
2016,2494,2/9/2016,"Martes",0,14:45:00,,"0.0",2,"Automóvil,Moto/Ciclomotor","Gral Roca Y Corrientes",3,1,0,0,2,0,0,,"Calle",,"OLIVEROS","Iriondo","Asfalto","S/D","X","Dentro","Urbana","S/D","S/D","Intersección","Bueno","S/D","Diurna","S/D","S/D","S/D","Colisión","S/D","S/D","S/D","S/D"
2016,2495,2/10/2016,"Miercoles",0,18:30:00,"Ruta Nacional 11","0.0",2,"Moto/Ciclomotor,Automóvil","Calle 15-Patricio Diez ",3,1,0,0,2,0,0,,"Ruta",11,"RECONQUISTA","General Obligado","Asfalto","S/D","IX","Dentro","Urbana","S/D","S/D","Intersección","S/D","S/D","Diurna","S/D","S/D","S/D","Colisión","S/D","S/D","S/D","S/D"
2016,2496,2/10/2016,"Miercoles",0,18:50:00,,"0.0",2,"Bicicleta,Automóvil","Calle 15-Patricio Diez Y Calle 6-Ituzaingo",2,1,0,0,1,0,0,,"Calle",,"RECONQUISTA","General Obligado","Asfalto","S/D","IX","Dentro","Urbana","S/D","S/D","Intersección","S/D","Buena","Diurna","S/D","S/D","Ciclista","Atropello","S/D","S/D","S/D","S/D"
2016,2497,2/10/2016,"Miercoles",0,12:00:00,,"0.0",1,"Moto/Ciclomotor","Domingo Faustino Sarmiento Y Cabral",1,1,0,0,0,0,0,,"Calle",,"VENADO TUERTO","General López","Asfalto","S/D","VIII","Dentro","Urbana","S/D","S/D","Intersección","S/D","S/D","Diurna","S/D","Contra objeto fijo","S/D","Colisión","S/D","S/D","S/D","S/D"
2016,2498,2/11/2016,"Jueves",0,10:00:00,,"0.0",2,"Moto/Ciclomotor,Moto/Ciclomotor","Bv G L Lhemann Y Mariano Moreno",2,1,0,0,1,0,0,,"Calle",,"RAFAELA","Castellanos","Asfalto","S/D","V","Dentro","Urbana","S/D","S/D","Distribuidor","S/D","Buena","Diurna","S/D","S/D","S/D","Colisión","S/D","S/D","S/D","S/D"
2016,2499,2/11/2016,"Jueves",0,,,"0.0",1,"Automóvil","Av Facundo Zuviria Y Ayacucho",1,1,0,0,0,0,0,,"Calle",,"SANTA FE","La Capital","Asfalto","S/D","I","Dentro","Urbana","S/D","S/D","Intersección","S/D","Buena","Diurna","S/D","Contra objeto fijo","S/D","Colisión","S/D","S/D","S/D","S/D"
2016,2500,2/12/2016,"Viernes",0,,,"0.0",2,"Camión c / Acoplado,Moto/Ciclomotor","Gabriel Maggi Y Bv G L Lhemann",2,1,0,0,1,0,0,,"Calle",,"RAFAELA","Castellanos","Asfalto","S/D","V","Dentro","Urbana","S/D","S/D","Distribuidor","S/D","S/D","S/D","S/D","S/D","S/D","Colisión","S/D","S/D","S/D","S/D"
2016,2501,2/11/2016,"Jueves",0,9:30:00,,"0.0",2,"Moto/Ciclomotor,Moto/Ciclomotor","Bv G L Lhemann Y Mariano Moreno",2,1,0,0,1,0,0,,"Calle",,"RAFAELA","Castellanos","Asfalto","S/D","V","Dentro","Urbana","S/D","S/D","Intersección","S/D","Buena","Diurna","S/D","S/D","S/D","Colisión","S/D","S/D","S/D","S/D"
2016,2502,2/12/2016,"Viernes",0,5:00:00,,"0.0",1,"Automóvil","Av Facundo Zuviria Y Alberti",1,1,0,0,0,0,0,,"Calle",,"SANTA FE","La Capital","Asfalto","S/D","I","Dentro","Urbana","S/D","S/D","Intersección","S/D","S/D","Diurna","S/D","Contra objeto fijo","S/D","Colisión","S/D","S/D","S/D","S/D"
2016,2503,2/13/2016,"Sabado",0,12:10:00,"Ruta Nacional 11","869.5",2,"Automóvil,Moto/Ciclomotor"," ",2,1,0,0,1,0,0,,"Ruta",11,"VILLA OCAMPO","General Obligado","Asfalto","Ripio","IX","Dentro","Urbana","S/D","No existe","Recta","Bueno","Buena","Diurna","Buen Tiempo","De alcance","S/D","Colisión","S/D","Vertical","Línea divisoria pintada,S/D","S/D"
2016,2504,2/15/2016,"Lunes",0,8:45:00,,"0.0",1,"Moto/Ciclomotor","España Y Martin de Pueyrredon",1,1,0,0,0,0,0,,"Calle",,"VENADO TUERTO","General López","S/D","S/D","VIII","Dentro","Urbana","S/D","S/D","Intersección","S/D","S/D","Diurna","S/D","S/D","S/D","Caída ocupante","S/D","S/D","S/D","S/D"
2016,2505,2/15/2016,"Lunes",0,7:20:00,,"0.0",2,"Bicicleta,Automóvil","Esperanto 200",2,1,0,0,1,0,0,,"Calle",,"VENADO TUERTO","General López","Asfalto","S/D","VIII","Dentro","Urbana","S/D","S/D","Intersección","S/D","Buena","Diurna","S/D","S/D","Ciclista","Atropello","S/D","S/D","S/D","S/D"
2016,2506,2/14/2016,"Domingo",0,17:00:00,,"0.0",2,"Pickup/Utilitario,Moto/Ciclomotor","Calle 21-Gdor. iriondo Y Calle 6-Ituzaingo",2,1,0,0,1,0,0,,"Calle",,"RECONQUISTA","General Obligado","Asfalto","S/D","IX","Dentro","Urbana","S/D","S/D","Intersección","S/D","Buena","Diurna","S/D","S/D","S/D","Colisión","S/D","S/D","S/D","S/D"
2016,2507,2/14/2016,"Domingo",0,4:20:00,,"0.0",2,"Moto/Ciclomotor,Automóvil","Calle 13-Iturraspe Y Calle 20 9 de Julio",2,1,0,0,1,0,0,,"Calle",,"RECONQUISTA","General Obligado","Asfalto","S/D","IX","Dentro","Urbana","S/D","S/D","Intersección","S/D","S/D","Nocturna","S/D","S/D","S/D","Colisión","S/D","S/D","S/D","S/D"
2016,2508,2/14/2016,"Domingo",0,8:20:00,,"0.0",2,"Moto/Ciclomotor,Vehículo Oficial","Calle 32 - Amenabar Y Calle 9-Mariano Moreno",2,1,0,0,1,0,0,,"Calle",,"RECONQUISTA","General Obligado","Asfalto","S/D","IX","Dentro","Urbana","S/D","S/D","Intersección","S/D","Buena","Diurna","S/D","S/D","S/D","Colisión","S/D","S/D","S/D","S/D"
2016,2509,2/13/2016,"Sabado",0,,,"0.0",2,"Moto/Ciclomotor,Moto/Ciclomotor","Calle 2 Y Calle 15",2,1,1,0,0,0,0,,"Calle",,"LAS TOSCAS","General Obligado","S/D","S/D","IX","Dentro","Urbana","S/D","S/D","Intersección","S/D","S/D","S/D","S/D","S/D","S/D","Colisión","S/D","S/D","S/D","S/D"
2016,2510,2/12/2016,"Viernes",0,12:20:00,,"0.0",2,"Moto/Ciclomotor,Automóvil","Calle 10 Y Calle 21",3,2,0,0,1,0,0,,"Calle",,"LAS TOSCAS","General Obligado","S/D","S/D","IX","Dentro","Urbana","S/D","S/D","Intersección","S/D","S/D","Diurna","S/D","S/D","S/D","Colisión","S/D","S/D","S/D","S/D"
2016,2511,2/16/2016,"Martes",0,8:00:00,,"0.0",2,"Automóvil,Moto/Ciclomotor","Iturraspe Y Almafuerte",3,1,0,0,2,0,0,,"Calle",,"VENADO TUERTO","General López","Asfalto","S/D","VIII","Dentro","Urbana","S/D","S/D","Intersección","S/D","Buena","Diurna","S/D","S/D","S/D","Colisión","S/D","S/D","S/D","S/D"
2016,2512,5/2/2016,"Lunes",0,15:30:00,,"0.0",2,"Automóvil,Pickup/Utilitario","Larrea Y Avenida Alberdi",2,1,0,0,1,0,0,,"Calle",,"ROLDÁN","San Lorenzo","Asfalto","No existe","XVII","Dentro","Urbana","Ninguna","No existe","Recta","Bueno","Buena","Diurna","Buen Tiempo","S/D","S/D","Colisión","S/D","Faltante","Ninguna","Sin restricción"