"anio_acci","nro_acci","fecha","desc_dia","fecha_aprox","hora_aprox","desc_ruta","km","cant_participantes","desc_participante","calle_avenida_km","total","heridos_leves","heridos_graves","heridos_gravisimos","ilesos","fallecidos","sin_datos","posicion_XY","desc_tipo_via","desc_ruta_ori","desc_loc","desc_dpto","desc_tipo_calzada","desc_tipo_banquina","desc_unidad_regional","desc_lugar_calzada","desc_zona","desc_prioridad","desc_estado_semaforo","desc_lugar_via","desc_estado_via","desc_estado_visibilidad","desc_luminosidad","desc_estado_clima","desc_tipo_colision","desc_tipo_atropello","desc_tipo_hecho","desc_pres_calzada","desc_senializacion","desc_separacion_via","desc_restriccion"
2016,2513,5/23/2016,"Lunes",0,6:00:00,"Ruta Nacional A012","40.5",2,"Camión,Camión"," ",3,1,1,0,1,0,0,,"Ruta","A012","ROLDÁN","San Lorenzo","Asfalto","Natural","XVII","Dentro","Urbana","Ninguna","No existe","Recta","Bueno","Reducida","Atardecer","Buen Tiempo","Frontal","S/D","Colisión","S/D","Faltante","Ninguna","Sin restricción"
2016,2514,6/11/2016,"Sabado",0,10:30:00,,"0.0",2,"Moto/Ciclomotor,Automóvil","J Castelli Y Juan Diaz de Solis",3,2,0,0,1,0,0,,"S/D",,"SANTA FE","La Capital","Asfalto","Pavimento","I","Dentro","Urbana","Ninguna","No existe","Intersección","Bueno","Buena","Diurna","Buen Tiempo","Lateral","S/D","Colisión","Agua,Material Suelto","S/D","Ninguna","Sin restricción"
2016,2515,5/23/2016,"Lunes",0,12:00:00,"Ruta Nacional 9","0.0",2,"Moto/Ciclomotor,Automóvil","Nicasio Oroño ",2,1,0,0,1,0,0,,"Ruta",9,"ROLDÁN","San Lorenzo","Asfalto","Natural","XVII","Dentro","Urbana","Ninguna","No existe","Intersección","Bueno","Buena","Diurna","Buen Tiempo","Lateral","S/D","Colisión","S/D","Vertical","Ninguna","Sin restricción"
2016,2516,6/14/2016,"Martes",0,10:30:00,,"0.0",2,"Moto/Ciclomotor,Automóvil","Sebastian Gaboto Y Don Guanella",2,1,0,0,1,0,0,,"Calle",,"SANTA FE","La Capital","Asfalto","Natural","I","Dentro","Urbana","Ninguna","No existe","Intersección","Deteriorada","Buena","Diurna","Buen Tiempo","Lateral","S/D","Colisión","Material Suelto","Faltante","Ninguna","Sin restricción"
2016,2517,5/17/2016,"Martes",0,11:30:00,,"0.0",2,"Moto/Ciclomotor,Automóvil","Onas Y Los Sauces",2,1,0,0,1,0,0,,"Calle",,"ROLDÁN","San Lorenzo","Tierra","No existe","XVII","Dentro","Urbana","Ninguna","No existe","Intersección","Bueno","Buena","Diurna","Buen Tiempo","Lateral","S/D","Colisión","S/D","Vertical","Ninguna","Sin restricción"
2016,2518,6/15/2016,"Miercoles",0,17:00:00,,"0.0",2,"Moto/Ciclomotor,Moto/Ciclomotor","J M Perez Y Azcuenaga",2,2,0,0,0,0,0,,"Avenida",,"SANTA FE","La Capital","Hormigón","No existe","I","Dentro","Urbana","Ninguna","No existe","Intersección","Deteriorada","Buena","Diurna","Buen Tiempo","Lateral","S/D","Colisión","Agua,Material Suelto","S/D","Cordón divisorio","Obra en Construcción"
2016,2519,5/6/2016,"Viernes",0,8:15:00,,"0.0",2,"Moto/Ciclomotor,Moto/Ciclomotor","Cordoba Y San Lorenzo",2,1,1,0,0,0,0,,"Calle",,"PUERTO SAN MARTÍN","San Lorenzo","Asfalto","No existe","XVII","Dentro","Urbana","Ninguna","No existe","Intersección","Bueno","Buena","Diurna","Buen Tiempo","De alcance","S/D","Colisión","S/D","Horizontal","Ninguna","Sin restricción"
2016,2520,6/18/2016,"Sabado",0,15:30:00,,"0.0",2,"Moto/Ciclomotor,Automóvil","Boneo Y Azopardo",3,2,0,0,1,0,0,,"Calle",,"SANTA FE","La Capital","Asfalto","Natural","I","Dentro","Urbana","S/D","No existe","Intersección","Deteriorada","Buena","Diurna","Buen Tiempo","S/D","S/D","Colisión","S/D","S/D","Ninguna","S/D"
2016,2521,5/2/2016,"Lunes",0,12:15:00,,"0.0",2,"Automóvil,Camión","Falucho ",3,1,0,0,2,0,0,,"Calle",,"PUERTO SAN MARTÍN","San Lorenzo","Asfalto","No existe","XVII","Dentro","Urbana","Ninguna","No existe","Recta","Bueno","Buena","Diurna","Buen Tiempo","S/D","S/D","Colisión","S/D","Horizontal","Ninguna","Sin restricción"
2016,2522,6/18/2016,"Sabado",0,17:40:00,,"0.0",2,"Moto/Ciclomotor,Automóvil","Chiclana Y Larrea",3,2,0,0,1,0,0,,"Calle",,"SANTA FE","La Capital","Asfalto","Natural","I","Dentro","Urbana","Ninguna","No existe","Intersección","Deteriorada","Reducida","Diurna","Buen Tiempo","Lateral","S/D","Colisión","Material Suelto","Faltante","Ninguna","Sin restricción"
2016,2523,5/3/2016,"Martes",0,13:40:00,,"0.0",2,"Moto/Ciclomotor,Pickup/Utilitario","C Silva Y Misiones",2,1,0,0,1,0,0,,"Calle",,"PUERTO SAN MARTÍN","San Lorenzo","Asfalto","No existe","XVII","Dentro","Urbana","Ninguna","No existe","Intersección","Bueno","Buena","Diurna","Buen Tiempo","Lateral","S/D","Colisión","S/D","Horizontal","Ninguna","S/D"
2016,2524,6/27/2016,"Lunes",0,,,"0.0",2,"Moto/Ciclomotor,Automóvil","Av Blas Parera Y Millan Medina",3,2,0,0,1,0,0,,"Avenida",,"SANTA FE","La Capital","Hormigón","Pavimento","I","Dentro","Urbana","Semáforo","Funciona","Intersección","Deteriorada","Buena","S/D","Buen Tiempo","Lateral","S/D","Colisión","Material Suelto","Horizontal,Vertical","Cordón divisorio","S/D"
2016,2525,5/6/2016,"Viernes",0,4:30:00,"Ruta Secundaria 18-s","0.0",2,"Moto/Ciclomotor,Moto/Ciclomotor"," ",2,1,0,0,1,0,0,,"Ruta","18-s","PUERTO SAN MARTÍN","San Lorenzo","Asfalto","Natural","XVII","Dentro","Urbana","Ninguna","No existe","Recta","Bueno","Reducida","Nocturna","Buen Tiempo","De alcance","S/D","Colisión","S/D","Horizontal","Ninguna","Sin restricción"
2016,2526,5/7/2016,"Sabado",0,14:00:00,,"0.0",2,"Automóvil,Moto/Ciclomotor","Bv San Martin Y Cordoba",2,1,0,0,1,0,0,,"Calle",,"PUERTO SAN MARTÍN","San Lorenzo","Asfalto","No existe","XVII","Dentro","Urbana","Ninguna","No existe","Intersección","Bueno","Buena","Diurna","Buen Tiempo","Lateral","S/D","Colisión","S/D","Horizontal","Ninguna","Sin restricción"
2016,2527,6/28/2016,"Martes",0,,,"0.0",2,"Moto/Ciclomotor,Transporte de Pasajeros Urbano (> 8 asientos)","Gorriti Y Estrada",3,2,0,0,1,0,0,,"Avenida",,"SANTA FE","La Capital","Hormigón","Pavimento","I","Dentro","Urbana","Ninguna","No existe","Intersección","Bueno","Buena","Diurna","Buen Tiempo","Lateral","S/D","Colisión","S/D","Faltante","Cordón divisorio","Sin restricción"
2016,2528,5/8/2016,"Domingo",0,22:45:00,"Ruta Nacional 11","0.0",2,"Moto/Ciclomotor,Pickup/Utilitario"," ",2,1,0,0,1,0,0,,"Ruta",11,"PUERTO SAN MARTÍN","San Lorenzo","Asfalto","Natural","XVII","Dentro","Urbana","Ninguna","No existe","Intersección","Ahuellamiento","Buena","Nocturna","Buen Tiempo","Frontal","S/D","Colisión","S/D","Horizontal","Ninguna","Sin restricción"
2016,2529,6/28/2016,"Martes",0,,,"0.0",2,"Moto/Ciclomotor,Automóvil","Av Peñaloza Y Risso",2,1,0,0,1,0,0,,"Avenida",,"SANTA FE","La Capital","Hormigón","Pavimento","I","Dentro","Urbana","Ninguna","S/D","Intersección","Bueno","S/D","S/D","Buen Tiempo","Lateral","S/D","Colisión","Material Suelto","Horizontal,Vertical","S/D","Obra en Construcción"
2016,2530,5/8/2016,"Domingo",0,22:00:00,,"0.0",2,"Moto/Ciclomotor,Automóvil","Pte Hipolito Irigoyen Y America",2,1,0,0,1,0,0,,"Calle",,"PUERTO SAN MARTÍN","San Lorenzo","Asfalto","Natural","XVII","Dentro","Urbana","S/D","No existe","Intersección","S/D","Reducida","Diurna","S/D","S/D","S/D","Colisión","S/D","Horizontal","S/D","S/D"
2016,2531,5/1/2016,"Domingo",0,6:00:00,,"0.0",2,"Automóvil,Moto/Ciclomotor","Av San Lorenzo Y Martin Fierro",3,2,0,0,0,0,1,,"Avenida",,"CAPITÁN BERMÚDEZ","San Lorenzo","Asfalto","No existe","XVII","Dentro","Urbana","Otra Señal","No existe","Recta","Bueno","Buena","Amanecer","Otro","Contra objeto fijo","S/D","Atropello","Ninguna","Horizontal","Ninguna","Desvío Provisorio"
2016,2532,5/7/2016,"Sabado",0,11:00:00,,"0.0",2,"Automóvil,Moto/Ciclomotor"," ",2,1,0,0,1,0,0,,"Calle",,"SAN LORENZO","San Lorenzo","Asfalto","No existe","XVII","Dentro","Urbana","Ninguna","No existe","Recta","Bueno","Buena","Diurna","Buen Tiempo","Frontal","S/D","Colisión","S/D","Faltante","Ninguna","Sin restricción"
2016,2533,5/6/2016,"Viernes",0,20:50:00,,"0.0",1,"Moto/Ciclomotor","Av San Lorenzo Y Simon Bolivar",2,1,0,0,0,0,1,,"Avenida",,"CAPITÁN BERMÚDEZ","San Lorenzo","Asfalto","Pavimento","XVII","Dentro","Urbana","Ninguna","No existe","Curva","Bueno","Buena","Nocturna","Otro","S/D","S/D","S/D","Ninguna","Horizontal","Ninguna","Sin restricción"
2016,2534,5/27/2016,"Viernes",0,19:00:00,,"0.0",1,"Automóvil"," ",1,1,0,0,0,0,0,,"S/D",,"SAN LORENZO","San Lorenzo","Asfalto","Natural","XVII","Fuera","Rural","Ninguna","No existe","Recta","Bueno","Buena","Atardecer","Buen Tiempo","S/D","S/D","Vuelco","S/D","S/D","Ninguna","Sin restricción"
2016,2535,6/27/2016,"Lunes",0,23:20:00,"Ruta Nacional 11","0.0",2,"Automóvil,Camión","Juan de Garay Y Jorge Luis Borges",2,0,0,0,1,1,0,"-31.548753, -60.725813","Ruta",11,"RECREO","La Capital","Asfalto","Natural","I","Dentro","Urbana","Ninguna","No existe","Intersección","Bueno","Buena","Nocturna,Con luz artificial","Buen Tiempo","Frontal","S/D","Colisión","S/D","Horizontal","Línea divisoria pintada","Sin restricción"
2016,2536,6/18/2016,"Sabado",0,17:00:00,,"0.0",2,"Moto/Ciclomotor,Automóvil","Gorriti Y Estrada",2,1,0,0,1,0,0,,"Calle",,"SANTA FE","La Capital","Hormigón","Pavimento","I","Dentro","Urbana","Ninguna","No existe","Intersección","Bueno","Buena","Diurna","Buen Tiempo","Lateral","S/D","Colisión","S/D","Horizontal,Vertical","Cordón divisorio","Sin restricción"
2016,2537,6/1/2016,"Miercoles",0,7:00:00,,"0.0",2,"Moto/Ciclomotor,Automóvil","Gorriti Y Bernardo de Irigoyen",2,1,0,0,1,0,0,,"Calle",,"SANTA FE","La Capital","Hormigón","Pavimento","I","Dentro","Urbana","Ninguna","No existe","Intersección","Bueno","Buena","Diurna","Buen Tiempo","Lateral","S/D","Colisión","S/D","Vertical","Cordón divisorio","Sin restricción"
2016,2538,5/7/2016,"Sabado",0,7:30:00,,"0.0",2,"Automóvil,Camión","Av San Lorenzo Y Av Gral Lopez",2,1,0,0,0,0,1,,"Avenida",,"CAPITÁN BERMÚDEZ","San Lorenzo","Asfalto","No existe","XVII","Dentro","Urbana","Semáforo","Funciona","Curva","Bueno","Buena","Amanecer","Buen Tiempo","S/D","S/D","Colisión","Ninguna","Faltante","Ninguna","Sin restricción"
2016,2539,5/9/2016,"Lunes",0,8:00:00,,"0.0",2,"Automóvil,Moto/Ciclomotor","Av Gral Lopez Y Avellaneda",2,1,0,0,0,0,1,,"Calle",,"CAPITÁN BERMÚDEZ","San Lorenzo","Asfalto","No existe","XVII","Dentro","Urbana","Ninguna","No existe","Curva","Bueno","Buena","Diurna","Otro","Otro","S/D","Colisión","Ninguna","S/D","Ninguna","Sin restricción"
2016,2540,5/13/2016,"Viernes",0,15:40:00,,"0.0",2,"Automóvil,Automóvil","Gral Paz Y Sgto Cabral",2,1,0,0,0,0,1,,"Calle",,"CAPITÁN BERMÚDEZ","San Lorenzo","Tierra","Ripio","XVII","Dentro","Urbana","Ninguna","No funciona","Curva","Con baches","Buena","Diurna","S/D","S/D","S/D","Colisión","Ninguna","Faltante","S/D","Sin restricción"
2016,2541,5/22/2016,"Domingo",0,17:00:00,,"0.0",2,"Automóvil,Moto/Ciclomotor","Av. Pellegrini Y Castellanos",4,1,0,0,3,0,0,,"Calle",,"ROSARIO","Rosario","S/D","S/D","II","Dentro","Urbana","S/D","S/D","S/D","S/D","S/D","Diurna","S/D","S/D","S/D","Colisión","S/D","S/D","S/D","S/D"
2016,2542,5/23/2016,"Lunes",0,9:15:00,,"0.0",2,"Moto/Ciclomotor,Automóvil","Castellanos Y Mendoza",2,1,0,0,1,0,0,,"Calle",,"ROSARIO","Rosario","S/D","S/D","II","Dentro","Urbana","S/D","S/D","Intersección","S/D","Buena","Diurna","S/D","S/D","S/D","Colisión","S/D","S/D","S/D","S/D"
2016,2543,5/14/2016,"Sabado",0,12:40:00,,"0.0",2,"Automóvil,Moto/Ciclomotor","Santiago Y Parana",2,0,0,0,0,0,2,,"S/D",,"CAPITÁN BERMÚDEZ","San Lorenzo","Asfalto","No existe","XVII","S/D","Urbana","Ninguna","No existe","Curva","Bueno","Reducida","Diurna","Otro","Otro","S/D","Colisión","Ninguna","Faltante","Ninguna","Sin restricción"
2016,2544,5/23/2016,"Lunes",0,11:50:00,,"0.0",2,"Pickup/Utilitario,Moto/Ciclomotor","San Luis 2700",2,1,0,0,1,0,0,,"Calle",,"ROSARIO","Rosario","S/D","S/D","II","Dentro","Urbana","S/D","S/D","Intersección","S/D","Buena","Diurna","S/D","S/D","S/D","Colisión","S/D","S/D","S/D","S/D"
2016,2545,5/14/2016,"Sabado",0,20:00:00,,"0.0",2,"Automóvil,Moto/Ciclomotor","Av San Lorenzo Y Simon Bolivar",2,1,0,0,0,0,1,,"Avenida",,"CAPITÁN BERMÚDEZ","San Lorenzo","Asfalto","No existe","XVII","Dentro","Urbana","Ninguna","No existe","Curva","Bueno","Buena","Nocturna","Otro","S/D","S/D","Colisión","Ninguna","Faltante","Ninguna","Sin restricción"
2016,2546,5/23/2016,"Lunes",0,13:30:00,,"0.0",2,"Automóvil,Moto/Ciclomotor","Suipacha Y E.Zeballos",2,1,0,0,1,0,0,,"Calle",,"ROSARIO","Rosario","S/D","S/D","II","Dentro","Urbana","S/D","S/D","S/D","S/D","Buena","Diurna","S/D","S/D","S/D","Colisión","S/D","S/D","S/D","S/D"
2016,2547,5/1/2016,"Domingo",0,6:40:00,,"0.0",2,"Moto/Ciclomotor,Automóvil","3 De Febrero Y San Nicolas",2,1,0,0,1,0,0,,"Calle",,"ROSARIO","Rosario","S/D","S/D","II","Dentro","Urbana","S/D","S/D","S/D","S/D","S/D","Diurna","S/D","S/D","S/D","Colisión","S/D","S/D","S/D","S/D"
2016,2548,5/1/2016,"Domingo",1,10:30:00,,"0.0",2,"Bicicleta,Moto/Ciclomotor","Balcarce Y Uruguay",2,1,0,0,0,0,1,,"Calle",,"CAPITÁN BERMÚDEZ","San Lorenzo","Tierra","No existe","XVII","S/D","Urbana","Ninguna","No existe","Intersección","Con baches","Reducida polvo","Diurna","Viento Fuerte","S/D","S/D","Atropello","Material Suelto","Faltante","Ninguna","Sin restricción"
2016,2549,5/5/2016,"Jueves",0,19:20:00,,"0.0",2,"Moto/Ciclomotor,Automóvil","Av. Ovidio Lagos 1200",2,1,0,0,1,0,0,,"Calle",,"ROSARIO","Rosario","S/D","S/D","II","Dentro","Urbana","S/D","S/D","S/D","S/D","S/D","Diurna","S/D","S/D","S/D","Colisión","S/D","S/D","S/D","S/D"
2016,2550,5/6/2016,"Viernes",0,8:30:00,,"0.0",2,"Automóvil,Peatón","Mendoza Y Alsina",2,1,0,0,1,0,0,,"Calle",,"ROSARIO","Rosario","S/D","S/D","II","Dentro","Urbana","S/D","S/D","Intersección","S/D","Buena","Diurna","S/D","S/D","Peatón","Atropello","S/D","S/D","S/D","S/D"
2016,2551,5/17/2016,"Martes",0,12:50:00,,"0.0",2,"Bicicleta,Moto/Ciclomotor","Jujuy Y Florida",2,1,0,0,0,0,1,,"Calle",,"CAPITÁN BERMÚDEZ","San Lorenzo","Asfalto","No existe","XVII","S/D","Urbana","Ninguna","S/D","Curva","Bueno","Buena","Diurna","Buen Tiempo","S/D","Ciclista","Atropello","Ninguna","Faltante","Ninguna","Sin restricción"
2016,2552,5/20/2016,"Viernes",0,14:10:00,,"0.0",2,"Automóvil,Moto/Ciclomotor","Av San Lorenzo Y Misiones",2,0,1,0,0,0,1,,"Avenida",,"CAPITÁN BERMÚDEZ","San Lorenzo","Asfalto","Pavimento","XVII","S/D","Urbana","S/D","Intermitente","Intersección","Bueno","Buena","Atardecer","Otro","S/D","S/D","Colisión","Ninguna","Horizontal","Ninguna","Sin restricción"
2016,2553,5/7/2016,"Sabado",0,19:10:00,,"0.0",2,"Automóvil,Automóvil","San Luis Y Av. Francia",3,1,0,0,2,0,0,,"Calle",,"ROSARIO","Rosario","S/D","S/D","II","Dentro","Urbana","S/D","S/D","Intersección","S/D","S/D","Diurna","S/D","S/D","S/D","Colisión","S/D","S/D","S/D","S/D"
2016,2554,5/23/2016,"Lunes",0,15:00:00,,"0.0",2,"Moto/Ciclomotor,Automóvil","Rioja Y Tucuman",2,0,0,0,0,0,2,,"S/D",,"CAPITÁN BERMÚDEZ","San Lorenzo","Asfalto","Pavimento","XVII","Dentro","Urbana","Ninguna","No existe","Curva","Bueno","Reducida","Diurna","Buen Tiempo","Lateral","S/D","Colisión","Ninguna","Faltante","Ninguna","Sin restricción"
2016,2555,5/8/2016,"Domingo",0,12:30:00,,"0.0",2,"Bicicleta,Pickup/Utilitario","Mendoza 3300",2,1,0,0,1,0,0,,"Calle",,"ROSARIO","Rosario","S/D","S/D","II","Dentro","Urbana","S/D","S/D","S/D","S/D","Buena","Diurna","S/D","S/D","Ciclista","Colisión,Atropello","S/D","S/D","S/D","S/D"
2016,2556,5/11/2016,"Miercoles",0,23:45:00,,"0.0",2,"Taxi/Remis,Peatón","Av Santa Fe Y Cafferata",2,1,0,0,1,0,0,,"Calle",,"SANTA FE","La Capital","S/D","S/D","II","Dentro","Urbana","S/D","S/D","Intersección","S/D","S/D","Nocturna","S/D","S/D","Peatón","Atropello","S/D","S/D","S/D","S/D"
2016,2557,5/12/2016,"Jueves",0,10:30:00,,"0.0",2,"Otros,Peatón","3 De Febrero Y Alsina",2,1,0,0,1,0,0,,"Calle",,"ROSARIO","Rosario","Asfalto","S/D","II","Dentro","Urbana","S/D","S/D","Intersección","S/D","Buena","Diurna","S/D","S/D","Peatón","Atropello","S/D","S/D","S/D","S/D"
2016,2558,5/1/2016,"Domingo",1,20:45:00,,"0.0",2,"Automóvil,Moto/Ciclomotor","Av San Lorenzo Y Chacabuco",2,0,0,0,0,0,2,,"S/D",,"CAPITÁN BERMÚDEZ","San Lorenzo","Asfalto","No existe","XVII","Dentro","Urbana","Ninguna","No existe","Curva","Bueno","Buena","Nocturna","Buen Tiempo","S/D","S/D","Colisión","Ninguna","Faltante","Ninguna","Sin restricción"
2016,2559,5/13/2016,"Viernes",0,19:15:00,,"0.0",2,"Moto/Ciclomotor,Pickup/Utilitario","Iriondo Y Montevideo",2,1,0,0,1,0,0,,"Calle",,"ROSARIO","Rosario","Asfalto","S/D","II","Dentro","Urbana","S/D","S/D","Intersección","S/D","Buena","Diurna","S/D","S/D","S/D","Colisión","S/D","S/D","S/D","S/D"
2016,2560,5/1/2016,"Domingo",1,13:10:00,,"0.0",2,"Automóvil,Camión","Av San Lorenzo Y Martin Fierro",2,0,0,0,0,0,2,,"Avenida",,"CAPITÁN BERMÚDEZ","San Lorenzo","Asfalto","No existe","XVII","Dentro","Urbana","Ninguna","No existe","Intersección","Bueno","Buena","Atardecer","Otro","De alcance","S/D","Colisión","Ninguna","Faltante","Ninguna","S/D"
2016,2561,5/25/2016,"Miercoles",0,19:30:00,,"0.0",2,"Moto/Ciclomotor,Automóvil","Chubut Y M Guemes",2,0,0,0,0,0,2,,"Calle",,"CAPITÁN BERMÚDEZ","San Lorenzo","Tierra","Natural","XVII","Dentro","Urbana","Ninguna","No existe","Intersección","Con baches,Deteriorada","Reducida","Nocturna","Buen Tiempo","Otro","S/D","Colisión","Ninguna","Faltante","Ninguna","Sin restricción"
2016,2562,5/16/2016,"Lunes",0,15:00:00,,"0.0",2,"Moto/Ciclomotor,Automóvil","E.Zeballos Y Iriondo",2,1,0,0,1,0,0,,"Calle",,"ROSARIO","Rosario","Asfalto","S/D","II","Dentro","Urbana","S/D","S/D","Intersección","S/D","Buena","Diurna","S/D","S/D","S/D","Colisión","S/D","S/D","S/D","S/D"
2016,2563,5/26/2016,"Jueves",0,9:30:00,,"0.0",2,"Automóvil,Pickup/Utilitario","Av Gral Lopez Y 2 de Abril",2,1,0,0,0,0,1,,"Calle",,"CAPITÁN BERMÚDEZ","San Lorenzo","Asfalto","No existe","XVII","Dentro","Urbana","Ninguna","No existe","Intersección","Bueno","Reducida","Diurna","Buen Tiempo","S/D","S/D","Colisión","Ninguna","Faltante","Ninguna","Sin restricción"
2016,2564,5/17/2016,"Martes",0,19:00:00,,"0.0",2,"Automóvil,Peatón","Mendoza Y Av. Francia",2,1,0,0,1,0,0,,"Calle",,"ROSARIO","Rosario","S/D","S/D","II","Dentro","Urbana","S/D","S/D","S/D","S/D","Buena","Diurna","Buen Tiempo","S/D","Peatón","Atropello","S/D","S/D","S/D","S/D"
2016,2565,5/28/2016,"Sabado",0,20:00:00,,"0.0",1,"Automóvil","Av San Lorenzo Y San Roque",2,0,1,0,0,0,1,,"Avenida",,"CAPITÁN BERMÚDEZ","San Lorenzo","Asfalto","No existe","XVII","Dentro","Urbana","Ninguna","No existe","Curva","Bueno","Reducida","Nocturna","Buen Tiempo","Contra objeto fijo","S/D","Colisión","Ninguna","Faltante","Ninguna","Desvío Provisorio"
2016,2566,5/17/2016,"Martes",0,23:00:00,,"0.0",2,"Moto/Ciclomotor,Automóvil","Cordoba Y Rio De Janeiro",2,1,0,0,1,0,0,,"Calle",,"ROSARIO","Rosario","Asfalto","S/D","II","Dentro","Urbana","S/D","S/D","Intersección","S/D","S/D","Nocturna","S/D","S/D","S/D","Colisión","S/D","S/D","S/D","S/D"
2016,2567,5/28/2016,"Sabado",0,14:25:00,,"0.0",2,"Moto/Ciclomotor,Automóvil","Colon Y Remedios de Escalada",2,1,0,0,0,0,1,,"S/D",,"CAPITÁN BERMÚDEZ","San Lorenzo","Asfalto","No existe","XVII","Dentro","Urbana","Ninguna","No existe","Intersección","Bueno","Buena","Diurna","Buen Tiempo","S/D","S/D","Colisión","Ninguna","Faltante","Ninguna","Sin restricción"
2016,2568,5/18/2016,"Miercoles",0,18:45:00,,"0.0",2,"Automóvil,Bicicleta","Castellanos Y 9 De Julio",2,1,0,0,1,0,0,,"Calle",,"ROSARIO","Rosario","S/D","S/D","II","Dentro","Urbana","S/D","S/D","S/D","S/D","S/D","Atardecer","Buen Tiempo","S/D","Ciclista","Atropello","S/D","S/D","S/D","S/D"
2016,2569,5/29/2016,"Domingo",0,,,"0.0",1,," ",2,2,0,0,0,0,0,,"S/D",,"SAN LORENZO","San Lorenzo","S/D","S/D","XVII","S/D","S/D","S/D","S/D","S/D","S/D","S/D","S/D","S/D","S/D","S/D","Vuelco","S/D","S/D","S/D","S/D"
2016,2570,5/9/2016,"Lunes",0,19:30:00,,"0.0",2,"Automóvil,Bicicleta","San Luis Y Italia",2,1,0,0,1,0,0,,"Calle",,"ROSARIO","Rosario","Asfalto","Pavimento","II","Dentro","Urbana","Ninguna","No existe","Intersección","Bueno","Buena","Atardecer","Buen Tiempo","Lateral","Ciclista","Atropello","S/D","Horizontal","Cordón divisorio","Sin restricción"
2016,2571,5/20/2016,"Viernes",0,20:20:00,,"0.0",2,"Moto/Ciclomotor,Automóvil"," ",3,2,0,0,1,0,0,,"Calle",,"ROSARIO","Rosario","S/D","S/D","II","S/D","Urbana","S/D","S/D","S/D","S/D","S/D","Nocturna","S/D","S/D","S/D","S/D","S/D","S/D","S/D","S/D"
2016,2572,5/10/2016,"Martes",0,23:30:00,,"0.0",2,"Peatón,Automóvil","Paraguay Y 3 De Febrero",2,1,0,0,1,0,0,,"Calle",,"ROSARIO","Rosario","Asfalto","Pavimento","II","Dentro","Urbana","Paso Peatonal","No existe","Intersección","Bueno","Buena","Nocturna","Buen Tiempo","S/D","Peatón","Atropello","S/D","Horizontal","Cordón divisorio","Sin restricción"
2016,2573,5/21/2016,"Sabado",0,7:40:00,,"0.0",1,"Automóvil","Pueyrredon 1000",4,4,0,0,0,0,0,,"Calle",,"ROSARIO","Rosario","S/D","S/D","II","S/D","Urbana","S/D","S/D","S/D","S/D","S/D","Diurna","S/D","S/D","S/D","Vuelco","S/D","S/D","S/D","S/D"
2016,2574,5/10/2016,"Martes",0,18:35:00,,"0.0",2,"Peatón,Taxi/Remis","San Luis Y Dorrego",2,1,0,0,1,0,0,,"Calle",,"ROSARIO","Rosario","Asfalto","Pavimento","II","Dentro","Urbana","Paso Peatonal","No existe","Intersección","Bueno","Buena","Atardecer","Buen Tiempo","S/D","Peatón","Atropello","S/D","Horizontal","Cordón divisorio","Sin restricción"
2016,2575,5/16/2016,"Lunes",0,17:30:00,,"0.0",2,"Peatón,Camión","San Juan Y Balcarce",2,1,0,0,1,0,0,,"Calle",,"ROSARIO","Rosario","Asfalto","Pavimento","II","Dentro","Urbana","Marca Vial","No existe","Intersección","Bueno","Buena","Diurna","Buen Tiempo","S/D","Peatón","Atropello","S/D","Horizontal","Cordón divisorio","Sin restricción"
2016,2576,5/21/2016,"Sabado",0,20:00:00,,"0.0",2,"Moto/Ciclomotor,Automóvil","Av. Pellegrini Y Gutenberg",2,1,0,0,1,0,0,,"Calle",,"ROSARIO","Rosario","S/D","S/D","II","S/D","Urbana","S/D","S/D","S/D","S/D","S/D","Nocturna","S/D","S/D","S/D","Colisión","S/D","S/D","S/D","S/D"
2016,2577,5/2/2016,"Lunes",0,,,"0.0",2,"Bicicleta,Peatón","Bv. Oroño Y San Luis",2,1,0,0,1,0,0,,"S/D",,"ROSARIO","Rosario","Hormigón","S/D","II","Fuera","Urbana","Paso Peatonal","S/D","Otro","Bueno","Buena","Nocturna","Buen Tiempo","S/D","Peatón","Atropello","S/D","Horizontal","Cordón divisorio","Sin restricción"
2016,2578,5/16/2016,"Lunes",0,12:11:00,,"0.0",2,"Automóvil,Peatón","Rioja Y Mariano Moreno",2,1,0,0,1,0,0,,"Calle",,"ROSARIO","Rosario","Asfalto","Pavimento","II","Dentro","Urbana","Marca Vial","No existe","Intersección","Bueno","Buena","Diurna","Buen Tiempo","Lateral","Peatón","Atropello","S/D","Horizontal","Cordón divisorio","Sin restricción"
2016,2579,5/5/2016,"Jueves",0,10:30:00,,"0.0",2,"Peatón,Automóvil","BAJADA DISTEFANO ",2,1,0,0,1,0,0,,"Calle",,"LA GUARDIA","La Capital","Asfalto","Natural","I","Dentro","Urbana","Ninguna","No existe","Intersección","Bueno","Buena","Diurna","Buen Tiempo","S/D","Peatón","Atropello","S/D","Faltante","Ninguna","Sin restricción"
2016,2580,5/6/2016,"Viernes",0,21:00:00,,"0.0",2,"Moto/Ciclomotor,Bicicleta","Av L de la Torre ",2,2,0,0,0,0,0,,"Calle",,"LAGUNA PAIVA","La Capital","Asfalto","Natural","I","Dentro","Urbana","Ninguna","No existe","Recta","Bueno","Reducida","Nocturna","Buen Tiempo","S/D","Ciclista","Atropello","S/D","Faltante","Ninguna","Sin restricción"
2016,2581,5/16/2016,"Lunes",0,0:30:00,,"0.0",2,"Moto/Ciclomotor,Moto/Ciclomotor","Maipu Y Juan B Alberdi",2,2,0,0,0,0,0,,"Calle",,"LAGUNA PAIVA","La Capital","Asfalto","No existe","I","Dentro","Urbana","Ninguna","No existe","Intersección","Bueno","Buena","Nocturna,Con luz artificial","Buen Tiempo","Lateral","S/D","Colisión","S/D","S/D","Ninguna","Sin restricción"