"anio_acci","nro_acci","fecha","desc_dia","fecha_aprox","hora_aprox","desc_ruta","km","cant_participantes","desc_participante","calle_avenida_km","total","heridos_leves","heridos_graves","heridos_gravisimos","ilesos","fallecidos","sin_datos","posicion_XY","desc_tipo_via","desc_ruta_ori","desc_loc","desc_dpto","desc_tipo_calzada","desc_tipo_banquina","desc_unidad_regional","desc_lugar_calzada","desc_zona","desc_prioridad","desc_estado_semaforo","desc_lugar_via","desc_estado_via","desc_estado_visibilidad","desc_luminosidad","desc_estado_clima","desc_tipo_colision","desc_tipo_atropello","desc_tipo_hecho","desc_pres_calzada","desc_senializacion","desc_separacion_via","desc_restriccion"
2016,2582,5/12/2016,"Jueves",0,11:45:00,,"0.0",2,"Moto/Ciclomotor,Automóvil","Av L de la Torre Y La Rioja",2,1,0,0,1,0,0,,"Calle",,"LAGUNA PAIVA","La Capital","Asfalto","Natural","I","Dentro","Urbana","Ninguna","No existe","Recta","Bueno","Buena","Diurna","Buen Tiempo","Lateral","S/D","Colisión","S/D","Faltante","Ninguna","Sin restricción"
2016,2583,5/14/2016,"Sabado",0,19:20:00,,"0.0",2,"Moto/Ciclomotor,Automóvil","Av Pte Peron 2230",3,2,0,0,1,0,0,,"Calle",,"LAGUNA PAIVA","La Capital","Asfalto","No existe","I","Dentro","Urbana","Ninguna","No existe","Recta","Bueno","Buena","Atardecer","Buen Tiempo","De alcance","S/D","Colisión","S/D","Faltante","Ninguna","Sin restricción"
2016,2584,5/19/2016,"Jueves",0,15:00:00,,"0.0",2,"Automóvil,Peatón","B Mitre 3100",2,0,1,0,1,0,0,,"Calle",,"LAGUNA PAIVA","La Capital","Ripio","No existe","I","Dentro","Urbana","Ninguna","No existe","Recta","Bueno","Buena","Diurna","Buen Tiempo","S/D","Peatón","Atropello","Ninguna","Faltante","Ninguna","Sin restricción"
2016,2585,5/15/2016,"Domingo",0,14:20:00,"Ruta Provincial 1","2.7",2,"Automóvil,Peatón"," ",2,1,0,0,1,0,0,,"Ruta",1,"COLASTINE","La Capital","Asfalto","Ripio","I","Dentro","Urbana","Semáforo","Funciona","Recta","Bueno","Buena","Diurna","Buen Tiempo","S/D","Peatón","Atropello","S/D","Vertical","Línea divisoria pintada","Sin restricción"
2016,2586,5/1/2016,"Domingo",0,8:00:00,"Ruta Provincial 2","0.0",2,"Automóvil,Automóvil"," ",6,3,0,0,3,0,0,,"Ruta",2,"ANGEL GALLARDO","La Capital","Hormigón","Natural","I","Dentro","Rural","Ninguna","No existe","Curva","Bueno","Buena","Atardecer,Con luz artificial","Buen Tiempo","Frontal","S/D","Colisión","Ninguna","S/D","Ninguna","Sin restricción"
2016,2587,5/2/2016,"Lunes",0,23:05:00,,"0.0",2,"Automóvil,Peatón","Brigadier Estanislao Lopez Y Chaco",2,1,0,0,1,0,0,,"Calle",,"MONTE VERA","La Capital","Ripio","No existe","I","Dentro","Urbana","Ninguna","No existe","Intersección","Bueno","Buena","Nocturna,Con luz artificial","Buen Tiempo","S/D","Peatón","Atropello","Ninguna","S/D","Ninguna","Sin restricción"
2016,2588,5/6/2016,"Viernes",0,15:10:00,,"0.0",2,"Automóvil,Moto/Ciclomotor","AV A DEL VALLE ",3,1,0,0,2,0,0,,"Calle",,"ANGEL GALLARDO","La Capital","Hormigón","Natural","I","Dentro","Urbana","Ninguna","No existe","Recta","Con baches","Buena","Diurna","Buen Tiempo","De alcance","S/D","Colisión","S/D","S/D","Ninguna","Sin restricción"
2016,2589,5/7/2016,"Sabado",0,13:00:00,,"0.0",2,"Automóvil,Moto/Ciclomotor","Baldaccini Y Entre Rios",2,1,0,0,1,0,0,,"Calle",,"MONTE VERA","La Capital","Hormigón","No existe","I","Dentro","Urbana","Ninguna","No existe","Intersección","Bueno","Buena","Diurna","Buen Tiempo","Lateral","S/D","Colisión","Ninguna","S/D","Ninguna","Sin restricción"
2016,2590,5/22/2016,"Domingo",0,7:45:00,"Ruta Provincial 2","12.5",2,"Automóvil,Automóvil"," ",4,3,0,0,1,0,0,,"Ruta",2,"ANGEL GALLARDO","La Capital","Hormigón","S/D","I","Dentro","Urbana","Ninguna","S/D","Recta","Con baches","Buena","Diurna","Buen Tiempo","Frontal","S/D","Colisión","S/D","S/D","Ninguna","Sin restricción"
2016,2591,5/30/2016,"Lunes",0,,"Ruta Provincial 1","7.5",2,"Otros,Automóvil"," ",2,0,1,0,1,0,0,,"Ruta",1,"SANTA FE","La Capital","Asfalto","Natural","I","Dentro","Urbana","S/D","No existe","Recta","Bueno","Buena","S/D","S/D","S/D","S/D","Colisión","S/D","S/D","S/D","S/D"
2016,2592,5/4/2016,"Miercoles",0,17:20:00,"Ruta Provincial 1","5.5",2,"Moto/Ciclomotor,Automóvil"," ",2,1,0,0,1,0,0,,"Ruta",1,"SAN JOSÉ DEL RINCÓN","La Capital","Asfalto","Natural","I","Dentro","Urbana","Otra Señal","No existe","Recta","Bueno","Buena","Diurna","Buen Tiempo","Lateral","S/D","Colisión","Ninguna","Vertical","Línea divisoria pintada","Obra en Construcción"
2016,2593,5/14/2016,"Sabado",0,2:00:00,,"0.0",2,"Automóvil,Automóvil","Padre Alvarado Y Constituyentes",3,1,0,0,2,0,0,,"Calle",,"SAN JOSÉ DEL RINCÓN","La Capital","Arena","No existe","I","Dentro","Urbana","Ninguna","No existe","Intersección","Bueno","Buena","Nocturna","Buen Tiempo","Lateral","S/D","Colisión","S/D","S/D","Ninguna","Sin restricción"
2016,2594,5/17/2016,"Martes",0,18:40:00,"Ruta Provincial 1","6.0",2,"Automóvil,Automóvil"," ",2,1,0,0,1,0,0,,"Ruta",1,"SAN JOSÉ DEL RINCÓN","La Capital","Asfalto","No existe","I","Dentro","Urbana","Ninguna","No existe","Recta","Bueno","Reducida","Atardecer","Buen Tiempo","De alcance","S/D","Colisión","S/D","Faltante","Cordón divisorio","Sin restricción"
2016,2595,5/18/2016,"Miercoles",0,4:30:00,"Ruta Provincial 1","2.5",2,"Automóvil,Moto/Ciclomotor"," ",2,1,0,0,1,0,0,,"Ruta",1,"COLASTINE","La Capital","Asfalto","Ripio","I","Dentro","Urbana","Ninguna","No existe","Recta","Bueno","Buena","Nocturna","Buen Tiempo","De alcance","S/D","Colisión","S/D","Vertical","Línea divisoria pintada","Sin restricción"
2016,2596,5/16/2016,"Lunes",0,19:05:00,"Ruta Provincial 1","12.8",2,"Moto/Ciclomotor,Peatón"," ",2,1,1,0,0,0,0,,"Ruta",1,"ARROYO LEYES","La Capital","Asfalto","Natural","I","Dentro","Urbana","Ninguna","No existe","Curva","Ahuellamiento","Reducida","Nocturna","Buen Tiempo","S/D","Peatón","Atropello","S/D","Vertical","Línea divisoria pintada","Sin restricción"
2016,2597,5/5/2016,"Jueves",0,14:00:00,"Ruta Nacional 11","0.0",2,"Moto/Ciclomotor,Automóvil"," ",2,0,1,0,1,0,0,,"Ruta",11,"SAUCE VIEJO","La Capital","Asfalto","No existe","I","Dentro","Urbana","Ninguna","No existe","Recta","S/D","Buena","Diurna","Buen Tiempo","Lateral","S/D","Colisión","S/D","Faltante","Línea divisoria pintada","Sin restricción"
2016,2598,5/15/2016,"Domingo",0,1:10:00,"Ruta Nacional 11","0.0",1,"Moto/Ciclomotor","Faustino Sarmiento ",2,1,0,0,1,0,0,,"Ruta",11,"SAUCE VIEJO","La Capital","Tierra","Natural","I","Dentro","Urbana","Ninguna","No existe","Intersección","S/D","Reducida","Nocturna","Buen Tiempo","S/D","S/D","Caída ocupante","S/D","Faltante","Ninguna","Sin restricción"
2016,2599,5/9/2016,"Lunes",0,11:25:00,"Ruta Provincial Brigadier E.López","149.0",1,"Automóvil"," ",1,1,0,0,0,0,0,,"Ruta","Brigadier E.López","SANTO TOMÉ","La Capital","Asfalto","Natural","I","Dentro","Urbana","Ninguna","No existe","Recta","Bueno","Buena","Diurna","Buen Tiempo","S/D","S/D","Vuelco","S/D","Faltante","Vegetación","Sin restricción"
2016,2600,5/11/2016,"Miercoles",0,15:30:00,"Ruta Provincial Brigadier E.López","0.0",2,"Bicicleta,Automóvil"," ",2,1,0,0,1,0,0,,"Ruta","Brigadier E.López","SANTO TOMÉ","La Capital","Asfalto","Natural","I","Dentro","Urbana","Ninguna","No existe","Recta","Bueno","Buena","Diurna","Buen Tiempo","S/D","Ciclista","Atropello","S/D","Faltante","Vegetación","Sin restricción"
2016,2601,5/12/2016,"Jueves",0,15:50:00,,"0.0",2,"Automóvil,Automóvil","ACCESO NORTE ",4,2,0,0,2,0,0,,"Calle",,"SANTO TOMÉ","La Capital","Asfalto","No existe","I","Dentro","Rural","Ninguna","No existe","Recta","Bueno","Buena","Diurna","Buen Tiempo","Lateral","S/D","Colisión","Ninguna","Faltante","Ninguna","Sin restricción"
2016,2602,5/25/2016,"Miercoles",0,4:15:00,"Ruta Provincial Brigadier E.López","146.0",2,"Automóvil,Camión"," ",4,1,0,0,3,0,0,,"Ruta","Brigadier E.López","SANTO TOMÉ","La Capital","Asfalto","Natural","I","Dentro","Urbana","Ninguna","No existe","Recta","Bueno","Reducida","Nocturna","Buen Tiempo","S/D","S/D","Colisión","S/D","Faltante","Vegetación","Sin restricción"
2016,2603,5/26/2016,"Jueves",0,17:00:00,,"0.0",1,"Moto/Ciclomotor","Pres Domingo Faustino Sarmient Y 3 de febrero",1,0,1,0,0,0,0,,"Calle",,"SANTO TOMÉ","La Capital","Asfalto","No existe","I","Dentro","Urbana","Ninguna","No existe","Intersección","Bueno","Buena","Diurna","Buen Tiempo","Atropello animal","S/D","Colisión","S/D","Faltante","Ninguna","Sin restricción"
2016,2604,5/13/2016,"Viernes",0,13:00:00,,"0.0",2,"Moto/Ciclomotor,Automóvil","Pres Domingo Faustino Sarmient 3700",3,1,0,0,2,0,0,,"Calle",,"SANTO TOMÉ","La Capital","Asfalto","No existe","I","Dentro","Urbana","Ninguna","No existe","Recta","Bueno","Buena","Diurna","Buen Tiempo","Frontal","S/D","Colisión","S/D","Faltante","Ninguna","Sin restricción"
2016,2605,5/19/2016,"Jueves",0,12:25:00,,"0.0",2,"Automóvil,Moto/Ciclomotor","Avenida Nuestra Señora del Luj Y Aritobulo del Valle",2,1,0,0,1,0,0,,"Calle",,"SANTO TOMÉ","La Capital","Asfalto","No existe","I","Dentro","Urbana","Semáforo","Funciona","Intersección","Bueno","Buena","Diurna","Buen Tiempo","Lateral","S/D","Colisión","S/D","Faltante","Línea divisoria pintada","Sin restricción"
2016,2606,5/22/2016,"Domingo",0,12:30:00,,"0.0",2,"Automóvil,Moto/Ciclomotor"," ",2,0,0,0,0,0,2,,"Calle",,"SANTO TOMÉ","La Capital","Asfalto","Pavimento","I","Dentro","Urbana","Ninguna","S/D","Intersección","Bueno","Buena","Diurna","Buen Tiempo","S/D","S/D","Colisión","S/D","S/D","S/D","Sin restricción"
2016,2607,5/25/2016,"Miercoles",0,17:30:00,,"0.0",2,"Automóvil,Moto/Ciclomotor"," ",2,0,0,0,0,0,2,,"Calle",,"SANTO TOMÉ","La Capital","Asfalto","Pavimento","I","Dentro","Urbana","S/D","S/D","Intersección","Bueno","Buena","Diurna","S/D","De alcance","S/D","Colisión","S/D","S/D","S/D","S/D"
2016,2608,5/30/2016,"Lunes",0,16:40:00,,"0.0",2,"Moto/Ciclomotor,Automóvil","Lisandro de La Torre Y  Saavedra Miguel de Cervantes",3,1,1,0,1,0,0,,"Calle",,"SANTO TOMÉ","La Capital","Asfalto","Pavimento","I","Dentro","Urbana","Ninguna","No existe","Intersección","Bueno","Buena","Diurna","Buen Tiempo","Lateral","S/D","Colisión","S/D","Faltante","Línea divisoria pintada","Sin restricción"
2016,2609,5/16/2016,"Lunes",0,8:00:00,"Ruta Nacional 11","0.0",1,"Moto/Ciclomotor","Cordoba Y Rio Juramento",2,1,0,0,1,0,0,,"Ruta",11,"SANTO TOMÉ","La Capital","Tierra","Natural","I","Dentro","Urbana","Ninguna","No existe","Intersección","Resbaladiza","S/D","Diurna","Lluvia","S/D","S/D","Caída ocupante","Agua","Faltante","Ninguna","Sin restricción"
2016,2610,5/16/2016,"Lunes",0,0:10:00,,"0.0",2,"Moto/Ciclomotor,Automóvil","Alberdi Y Simon De Iriondo",2,1,0,0,1,0,0,,"Calle",,"SANTA FE","La Capital","Asfalto","S/D","I","Dentro","Urbana","Ninguna","No existe","Intersección","Bueno","Buena","Nocturna,Con luz artificial","Buen Tiempo","De alcance","S/D","Colisión","S/D","Faltante","Ninguna","Sin restricción"
2016,2611,5/16/2016,"Lunes",0,16:05:00,,"0.0",2,"Moto/Ciclomotor,Automóvil","Avenida Nuestra Señora del Luj Y Balcarce",2,1,0,0,1,0,0,,"Calle",,"SANTO TOMÉ","La Capital","Asfalto","Natural","I","Dentro","Urbana","Ninguna","No existe","Intersección","Bueno","Buena","Diurna","Buen Tiempo","Lateral","S/D","Colisión","S/D","Faltante","Ninguna","Sin restricción"
2016,2612,5/21/2016,"Sabado",0,19:30:00,,"0.0",2,"Moto/Ciclomotor,Automóvil","Mariano Candioti Y 12 de septiembre",2,1,0,0,1,0,0,,"Calle",,"SANTO TOMÉ","La Capital","Asfalto","Natural","I","Dentro","Urbana","Ninguna","No existe","Intersección","Bueno","Buena","Diurna","Buen Tiempo","Lateral","S/D","Colisión","S/D","Faltante","Ninguna","Sin restricción"
2016,2613,5/23/2016,"Lunes",0,13:20:00,,"0.0",2,"Automóvil,Moto/Ciclomotor","Hipolito Irigoyen Y Maletti",2,1,0,0,1,0,0,,"Calle",,"SANTO TOMÉ","La Capital","Asfalto","Pavimento","I","Dentro","Urbana","Ninguna","No existe","Intersección","Bueno","Buena","Diurna","Buen Tiempo","Frontal","S/D","Colisión","S/D","S/D","S/D","Sin restricción"
2016,2614,6/4/2016,"Sabado",0,18:38:00,,"0.0",2,"Moto/Ciclomotor,Otros","Juan Bautista Alberdi Y Presidente Bernardino Rivadavi",2,1,0,0,1,0,0,,"Calle",,"SANTO TOMÉ","La Capital","Asfalto","Pavimento","I","Dentro","Urbana","Ninguna","No existe","Intersección","Bueno","Buena","Atardecer","Lluvia","S/D","S/D","Colisión","S/D","Faltante","Ninguna","Sin restricción"
2016,2615,2/18/2016,"Jueves",0,,,"0.0",1,"Pickup/Utilitario","Bartolome Mitre 1700",1,1,0,0,0,0,0,,"Calle",,"VENADO TUERTO","General López","S/D","S/D","VIII","Dentro","Urbana","S/D","S/D","S/D","S/D","Buena","Diurna","Buen Tiempo","Contra objeto fijo","S/D","Colisión","S/D","S/D","S/D","S/D"
2016,2616,2/17/2016,"Miercoles",0,18:10:00,,"0.0",2,"Bicicleta,Automóvil","Azcuenaga Y Alvear",2,1,0,0,1,0,0,,"Calle",,"VENADO TUERTO","General López","Asfalto","S/D","VIII","Dentro","Urbana","S/D","S/D","Intersección","S/D","Buena","Diurna","S/D","S/D","Ciclista","Atropello","S/D","S/D","S/D","S/D"
2016,2617,2/21/2016,"Domingo",0,,,"0.0",1,"Moto/Ciclomotor","Nicolas Avellaneda Y Dean Funes",1,1,0,0,0,0,0,,"Calle",,"VENADO TUERTO","General López","S/D","S/D","VIII","Dentro","Urbana","S/D","S/D","Intersección","S/D","S/D","Nocturna","S/D","Contra objeto fijo","S/D","Colisión","S/D","S/D","S/D","S/D"
2016,2618,2/21/2016,"Domingo",0,1:00:00,,"0.0",2,"Pickup/Utilitario,Moto/Ciclomotor","Santa Fe Y Fernando Azcoaga",2,1,0,0,1,0,0,,"Calle",,"VENADO TUERTO","General López","S/D","S/D","VIII","Dentro","Urbana","S/D","S/D","Intersección","S/D","S/D","Nocturna","S/D","S/D","S/D","Colisión","S/D","S/D","S/D","S/D"
2016,2619,2/22/2016,"Lunes",0,8:07:00,,"0.0",2,"Moto/Ciclomotor,Pickup/Utilitario","Roque Saenz Peña Y Cornelio Saavedra",2,1,0,0,1,0,0,,"Calle",,"VENADO TUERTO","General López","S/D","S/D","VIII","Dentro","Urbana","S/D","S/D","Intersección","S/D","Buena","Diurna","S/D","S/D","S/D","Colisión","S/D","S/D","S/D","S/D"
2016,2620,5/27/2016,"Viernes",0,0:20:00,,"0.0",2,"Automóvil,Moto/Ciclomotor","12 de septiembre Y Avenida Nuestra Señora del Luj",2,1,0,0,0,0,1,,"Calle",,"SANTO TOMÉ","La Capital","Asfalto","No existe","I","S/D","S/D","Ninguna","No existe","Intersección","Bueno","Buena","Nocturna","Buen Tiempo","De alcance","S/D","Colisión","S/D","Faltante","Ninguna","Sin restricción"
2016,2621,2/22/2016,"Lunes",0,5:45:00,"Ruta Nacional 8","374.0",1,"Moto/Ciclomotor"," ",1,1,0,0,0,0,0,,"Ruta",8,"VENADO TUERTO","General López","Asfalto","S/D","VIII","Dentro","Urbana","S/D","S/D","Recta","S/D","S/D","Nocturna","S/D","S/D","S/D","Caída ocupante","S/D","S/D","S/D","S/D"
2016,2622,5/23/2016,"Lunes",0,12:40:00,,"0.0",2,"Automóvil,Automóvil","Avenida Nuestra Señora del Luj Y Maletti",2,1,0,0,0,0,1,,"Calle",,"SANTO TOMÉ","La Capital","Asfalto","Natural","I","S/D","S/D","Ninguna","No existe","Intersección","Bueno","Buena","Diurna","Buen Tiempo","De alcance","S/D","Colisión","S/D","Faltante","Ninguna","Sin restricción"
2016,2623,2/19/2016,"Viernes",0,0:40:00,"Ruta Nacional 11","0.0",1,"Moto/Ciclomotor"," ",2,2,0,0,0,0,0,,"Ruta",11,"LA GALLARETA","Vera","Asfalto","S/D","XIX","Dentro","Urbana","S/D","S/D","Recta","S/D","S/D","Nocturna","S/D","S/D","S/D","Caída ocupante","S/D","S/D","S/D","S/D"
2016,2624,2/21/2016,"Domingo",0,0:45:00,,"0.0",2,"Automóvil,Moto/Ciclomotor","Calle 6-Ituzaingo Y Calle 23-Gral lopez",2,1,0,0,1,0,0,,"Calle",,"RECONQUISTA","General Obligado","S/D","S/D","IX","Dentro","Urbana","S/D","S/D","Intersección","S/D","S/D","Nocturna","S/D","S/D","S/D","Colisión","S/D","S/D","S/D","S/D"
2016,2625,2/21/2016,"Domingo",0,19:35:00,,"0.0",2,"Moto/Ciclomotor,Automóvil","Calle 13-Iturraspe Y Calle 18 - Gral Belgrano",4,2,0,0,2,0,0,,"Calle",,"RECONQUISTA","General Obligado","S/D","S/D","IX","Dentro","Urbana","S/D","S/D","Intersección","S/D","S/D","Diurna","S/D","S/D","S/D","Colisión","S/D","S/D","S/D","S/D"
2016,2626,2/21/2016,"Domingo",0,22:30:00,,"0.0",2,"Moto/Ciclomotor,Moto/Ciclomotor","Calle 21 Y Calle 18",4,2,0,0,2,0,0,,"Calle",,"AVELLANEDA","General Obligado","S/D","S/D","IX","Dentro","Urbana","S/D","S/D","Intersección","S/D","S/D","Nocturna","S/D","S/D","S/D","Colisión","S/D","S/D","S/D","S/D"
2016,2627,5/23/2016,"Lunes",0,9:00:00,,"0.0",2,"Automóvil,Moto/Ciclomotor","Ruta 11 Avenida Richieri ",2,1,0,0,1,0,0,,"Calle",,"SANTO TOMÉ","La Capital","Asfalto,Tierra","Natural","I","S/D","S/D","Ninguna","No existe","Intersección","Bueno","Buena","Diurna","Buen Tiempo","Lateral","S/D","Colisión","Ninguna","Faltante","Ninguna","Sin restricción"
2016,2628,5/27/2016,"Viernes",0,11:30:00,,"0.0",2,"Automóvil,Moto/Ciclomotor","12 de septiembre Y Grl Enrique Mosconi",2,1,0,0,0,0,1,,"Calle",,"SANTO TOMÉ","La Capital","Tierra","No existe","I","S/D","Urbana","Ninguna","No existe","Intersección","Con baches","Buena","Diurna","Buen Tiempo","Lateral","S/D","Colisión","Otro","Faltante","Ninguna","Sin restricción"
2016,2629,5/7/2016,"Sabado",0,23:30:00,,"0.0",2,"Taxi/Remis,Moto/Ciclomotor","Juan Bautista Alberdi ",2,1,0,0,1,0,0,,"Avenida",,"SANTO TOMÉ","La Capital","Asfalto","No existe","I","S/D","S/D","Semáforo","Funciona","Cruce","Bueno","Buena","Nocturna","Buen Tiempo","De alcance","S/D","Colisión","S/D","Vertical","Línea divisoria pintada","Sin restricción"
2016,2630,5/13/2016,"Viernes",0,13:50:00,"Ruta Nacional 11","0.0",2,"Otros,Moto/Ciclomotor","Mauri Y Ruta 11 Avenida Richieri",2,1,0,0,0,0,1,,"Ruta",11,"SANTO TOMÉ","La Capital","Asfalto","Pavimento","I","S/D","S/D","Ninguna","No existe","Curva","Bueno","Buena","Diurna","S/D","S/D","S/D","Colisión","S/D","Vertical","Cordón divisorio","Sin restricción"
2016,2631,2/24/2016,"Miercoles",0,11:48:00,,"0.0",2,"Pickup/Utilitario,Bicicleta","Gral Jose de San Martin Y Bernardino Rivadavia",2,0,0,0,0,0,2,,"S/D",,"VENADO TUERTO","General López","S/D","S/D","VIII","S/D","S/D","S/D","S/D","S/D","S/D","S/D","Diurna","S/D","S/D","Ciclista","Atropello","S/D","S/D","S/D","S/D"
2016,2632,2/20/2016,"Sabado",0,4:15:00,"Ruta Provincial 4","10.0",1,"Camión"," ",1,1,0,0,0,0,0,,"Ruta",4,"SAN CRISTÓBAL","San Cristóbal","S/D","S/D","XIII","S/D","S/D","S/D","S/D","S/D","S/D","S/D","Nocturna","S/D","S/D","S/D","Despiste","S/D","S/D","S/D","S/D"
2016,2633,2/20/2016,"Sabado",0,5:15:00,,"0.0",3,"Automóvil,Peatón,Peatón","Moreno ",3,1,0,0,2,0,0,,"Avenida",,"CERES","San Cristóbal","S/D","S/D","XIII","S/D","S/D","S/D","S/D","S/D","S/D","S/D","Nocturna","S/D","S/D","Peatón","Atropello","S/D","S/D","S/D","S/D"
2016,2634,2/20/2016,"Sabado",0,,,"0.0",1,"Moto/Ciclomotor","Av Falucho ",1,1,0,0,0,0,0,,"Avenida",,"CERES","San Cristóbal","S/D","S/D","XIII","S/D","S/D","S/D","S/D","S/D","S/D","S/D","S/D","S/D","S/D","S/D","Vuelco","S/D","S/D","S/D","S/D"
2016,2635,2/21/2016,"Domingo",0,7:10:00,,"0.0",2,"Moto/Ciclomotor,Moto/Ciclomotor","Avenida Lassaga ",2,1,0,0,1,0,0,,"Avenida",,"SAN CRISTÓBAL","San Cristóbal","S/D","S/D","XIII","S/D","S/D","S/D","S/D","S/D","S/D","S/D","Diurna","S/D","S/D","S/D","Colisión","S/D","S/D","S/D","S/D"
2016,2636,2/24/2016,"Miercoles",0,,"Ruta Nacional 98","62.0",1,"Automóvil"," ",2,1,1,0,0,0,0,,"Ruta",98,"VERA","Vera","S/D","S/D","XIX","S/D","S/D","S/D","S/D","S/D","S/D","S/D","S/D","S/D","S/D","S/D","Vuelco","S/D","S/D","S/D","S/D"
2016,2637,2/25/2016,"Jueves",0,,,"0.0",2,"Bicicleta,Automóvil","25 de Mayo Y Mariano Moreno",2,1,0,0,1,0,0,,"S/D",,"RAFAELA","Castellanos","S/D","S/D","V","S/D","S/D","S/D","S/D","S/D","S/D","S/D","S/D","S/D","S/D","Ciclista","Atropello","S/D","S/D","S/D","S/D"
2016,2638,2/25/2016,"Jueves",0,,,"0.0",2,"Moto/Ciclomotor,Automóvil","J J Paso Y M Oliber",2,1,0,0,1,0,0,,"S/D",,"RAFAELA","Castellanos","S/D","S/D","V","S/D","S/D","S/D","S/D","Intersección","S/D","S/D","S/D","S/D","S/D","S/D","Colisión","S/D","S/D","S/D","S/D"
2016,2639,2/25/2016,"Jueves",0,,,"0.0",2,"Peatón,Moto/Ciclomotor","J A Faraudello 300",2,2,0,0,0,0,0,,"S/D",,"RAFAELA","Castellanos","S/D","S/D","V","S/D","S/D","S/D","S/D","S/D","S/D","S/D","S/D","S/D","S/D","Peatón","Atropello","S/D","S/D","S/D","S/D"
2016,2640,2/28/2016,"Domingo",0,1:30:00,"Ruta Provincial 39","0.0",1,"Automóvil"," ",4,4,0,0,0,0,0,,"Ruta",39,"SAN CRISTÓBAL","San Cristóbal","S/D","S/D","XIII","S/D","S/D","S/D","S/D","Curva","S/D","S/D","Nocturna","S/D","S/D","S/D","Vuelco","S/D","S/D","S/D","S/D"
2016,2641,2/29/2016,"Lunes",0,,,"0.0",2,"Automóvil,Moto/Ciclomotor"," ",2,1,0,0,1,0,0,,"S/D",,"VENADO TUERTO","General López","S/D","S/D","VIII","S/D","S/D","S/D","S/D","S/D","S/D","S/D","Diurna","S/D","S/D","S/D","Colisión","S/D","S/D","S/D","S/D"
2016,2642,2/29/2016,"Lunes",0,,,"0.0",1,"Moto/Ciclomotor","Mariano Moreno Y Dean Funes",1,1,0,0,0,0,0,,"S/D",,"VENADO TUERTO","General López","S/D","S/D","VIII","S/D","S/D","S/D","S/D","S/D","S/D","S/D","Diurna","S/D","S/D","S/D","Caída ocupante","S/D","S/D","S/D","S/D"
2016,2643,2/29/2016,"Lunes",0,18:50:00,,"0.0",2,"Pickup/Utilitario,Moto/Ciclomotor","Cornelio Saavedra Y Maipu",2,1,0,0,1,0,0,,"S/D",,"VENADO TUERTO","General López","S/D","S/D","VIII","S/D","S/D","S/D","S/D","S/D","S/D","S/D","Diurna","S/D","S/D","S/D","Colisión","S/D","S/D","S/D","S/D"
2016,2644,2/29/2016,"Lunes",0,19:50:00,,"0.0",1,"Moto/Ciclomotor","Guemes Y Justo Jose de Urquiza",1,0,0,0,0,0,1,,"S/D",,"VENADO TUERTO","General López","S/D","S/D","VIII","S/D","S/D","S/D","S/D","S/D","S/D","S/D","Atardecer","S/D","Contra objeto fijo","S/D","Colisión","S/D","S/D","S/D","S/D"
2016,2645,2/29/2016,"Lunes",0,21:00:00,"Ruta Nacional 8","357.0",2,"Pickup/Utilitario,Pickup/Utilitario"," ",2,1,0,0,0,0,1,,"Ruta",8,"VENADO TUERTO","General López","S/D","S/D","VIII","S/D","S/D","S/D","S/D","S/D","S/D","S/D","Nocturna","S/D","S/D","S/D","Colisión","S/D","S/D","S/D","S/D"
2016,2646,2/28/2016,"Domingo",0,,,"0.0",2,"Automóvil,Moto/Ciclomotor","España Y Roque Saenz Peña",3,1,0,0,2,0,0,,"S/D",,"VENADO TUERTO","General López","S/D","S/D","VIII","S/D","S/D","S/D","S/D","S/D","S/D","S/D","Nocturna","S/D","S/D","S/D","Colisión","S/D","S/D","S/D","S/D"
2016,2647,2/29/2016,"Lunes",0,,,"0.0",2,"Moto/Ciclomotor,Camión","Calle 13-Iturraspe ",3,1,1,0,1,0,0,,"S/D",,"RECONQUISTA","General Obligado","S/D","S/D","IX","S/D","S/D","S/D","S/D","S/D","S/D","S/D","Nocturna","S/D","S/D","S/D","Colisión","S/D","S/D","S/D","S/D"
2016,2648,2/25/2016,"Jueves",0,18:20:00,,"0.0",2,"Automóvil,Moto/Ciclomotor","Avda 25 de Mayo Y Pte peron",2,1,0,0,1,0,0,,"S/D",,"GÁLVEZ","San Jerónimo","S/D","S/D","XV","S/D","S/D","S/D","S/D","S/D","S/D","S/D","Atardecer","S/D","S/D","S/D","Colisión","S/D","S/D","S/D","S/D"
2016,2649,3/7/2016,"Lunes",0,17:00:00,,"0.0",2,"Bicicleta,Pickup/Utilitario","Mendoza Y Sara B de Samin",2,0,0,0,1,1,0,"-30.866560, -61.344950","Calle",,"HUMBERTO 1°","Castellanos","S/D","S/D","V","Dentro","Urbana","S/D","S/D","Intersección","S/D","S/D","Diurna","S/D","S/D","Ciclista","Atropello","S/D","S/D","S/D","S/D"
2016,2650,3/13/2016,"Domingo",0,7:00:00,,"0.0",1,"Pickup/Utilitario","Beck y Herzeg ",2,0,1,0,0,1,0,"-31.728820, -61.084934","Calle",,"SAN CARLOS CENTRO","Las Colonias","S/D","S/D","XI","Dentro","Rural","Ninguna","No existe","Recta","S/D","S/D","Diurna","S/D","S/D","S/D","Despeñamiento,Inmersión,Vuelco","S/D","S/D","S/D","Sin restricción"
2016,2651,3/14/2016,"Lunes",0,4:15:00,,"0.0",1,"Moto/Ciclomotor","Av Galicia Y Guemes",1,0,0,0,0,1,0,"-31.607666666667,-60.680027777778","Avenida",,"SANTA FE","La Capital","Asfalto","No existe","I","Dentro","Urbana","Ninguna","No existe","Intersección","S/D","S/D","Nocturna","S/D","S/D","S/D","Caída ocupante","S/D","Vertical","Cordón divisorio,Vegetación","S/D"