"anio_acci","nro_acci","fecha","desc_dia","fecha_aprox","hora_aprox","desc_ruta","km","cant_participantes","desc_participante","calle_avenida_km","total","heridos_leves","heridos_graves","heridos_gravisimos","ilesos","fallecidos","sin_datos","posicion_XY","desc_tipo_via","desc_ruta_ori","desc_loc","desc_dpto","desc_tipo_calzada","desc_tipo_banquina","desc_unidad_regional","desc_lugar_calzada","desc_zona","desc_prioridad","desc_estado_semaforo","desc_lugar_via","desc_estado_via","desc_estado_visibilidad","desc_luminosidad","desc_estado_clima","desc_tipo_colision","desc_tipo_atropello","desc_tipo_hecho","desc_pres_calzada","desc_senializacion","desc_separacion_via","desc_restriccion"
2016,2652,3/14/2016,"Lunes",0,17:00:00,"Autopista Nacional Gral. Juan Jose Valle","0.0",2,"Peatón,Automóvil","AUTOPISTA ALTURA BARRIO LAS FLORES ",2,0,0,0,1,1,0,"-33.025700, -60.663734","Autopista","Gral. Juan Jose Valle","ROSARIO","Rosario","Asfalto","Natural","II","Fuera","Urbana","S/D","No existe","S/D","S/D","S/D","Diurna","S/D","S/D","Peatón","Atropello","S/D","S/D","S/D","S/D"
2016,2653,3/20/2016,"Domingo",0,6:40:00,"Ruta Nacional 33","744.0",1,"Pickup/Utilitario"," ",1,0,0,0,0,1,0,"-33.049218, -61.150319","Ruta",33,"CASILDA","Caseros","Asfalto","Natural","IV","Fuera","S/D","S/D","S/D","S/D","S/D","S/D","Amanecer","S/D","Contra objeto fijo","S/D","Colisión","S/D","S/D","S/D","S/D"
2016,2654,3/22/2016,"Martes",0,5:20:00,"Ruta Nacional 9","373.0",2,"Pickup/Utilitario,Moto/Ciclomotor"," ",2,0,0,0,1,1,0,"-32.811919, -61.385189","Ruta",9,"CAÑADA DE GÓMEZ","Iriondo","Asfalto","S/D","X","Dentro","Urbana","Ninguna","S/D","S/D","S/D","S/D","Nocturna","S/D","S/D","S/D","Colisión","S/D","S/D","S/D","S/D"
2016,2655,3/24/2016,"Jueves",0,0:50:00,"Ruta Nacional 34","61.1",2,"Automóvil,Moto/Ciclomotor"," ",3,1,0,0,1,1,0,"-32.594741, -61.179082","Ruta",34,"TOTORAS","Iriondo","Asfalto","S/D","X","Dentro","Urbana","S/D","S/D","S/D","S/D","S/D","Nocturna","S/D","S/D","S/D","Colisión","S/D","S/D","S/D","S/D"
2016,2656,5/20/2016,"Viernes",0,17:20:00,,"0.0",2,"Moto/Ciclomotor,Automóvil","Bv. Wilde Y Av. Jorge Newbery",3,1,0,0,1,0,1,,"Calle",,"ROSARIO","Rosario","S/D","S/D","II","Dentro","Urbana","S/D","S/D","S/D","S/D","Buena","Diurna","S/D","S/D","S/D","Colisión","S/D","S/D","S/D","S/D"
2016,2657,5/16/2016,"Lunes",0,19:30:00,,"0.0",2,"Moto/Ciclomotor,Peatón","Ayala Gauna Y Tarragona",3,2,0,0,0,0,1,,"Calle",,"ROSARIO","Rosario","Asfalto","S/D","II","Dentro","Urbana","S/D","S/D","Intersección","S/D","Buena","Diurna","S/D","S/D","Peatón","Atropello","S/D","S/D","S/D","S/D"
2016,2658,5/8/2016,"Domingo",0,,,"0.0",2,"Moto/Ciclomotor,Automóvil","Av. Circunvalacion 1900",2,1,0,0,1,0,0,,"Calle",,"ROSARIO","Rosario","Asfalto","S/D","II","Dentro","Urbana","S/D","S/D","Recta","S/D","S/D","S/D","S/D","S/D","S/D","Colisión","S/D","S/D","S/D","S/D"
2016,2659,5/13/2016,"Viernes",0,13:30:00,,"0.0",2,"Automóvil,Moto/Ciclomotor","Elorza Y Santa Fe",3,1,0,0,2,0,0,,"Calle",,"FUNES","Rosario","Hormigón","No existe","II","Dentro","Urbana","Ninguna","No existe","Intersección","Bueno","Buena","Diurna","Buen Tiempo","Frontal","S/D","Colisión","S/D","Faltante","Ninguna","Sin restricción"
2016,2660,5/17/2016,"Martes",0,15:15:00,,"0.0",2,"Camión,Automóvil","Mitre Y Velez Sarfield",2,1,0,0,1,0,0,,"Calle",,"FUNES","Rosario","S/D","S/D","II","Dentro","Urbana","Ninguna","S/D","Intersección","S/D","Buena","Diurna","Buen Tiempo","Frontal","S/D","Colisión","S/D","S/D","Ninguna","Sin restricción"
2016,2661,5/3/2016,"Martes",0,,,"0.0",2,"Automóvil,Moto/Ciclomotor","Bernardo Houssay Y Hipolito Irigoyen",2,1,0,0,1,0,0,,"Calle",,"FUNES","Rosario","Asfalto","Pavimento","II","Dentro","Urbana","Ninguna","No existe","Intersección","Bueno","Reducida","Nocturna","Buen Tiempo","Lateral","S/D","Colisión","S/D","S/D","S/D","Sin restricción"
2016,2662,5/10/2016,"Martes",0,,,"0.0",2,"Automóvil,Automóvil","Rondeau ",3,2,0,0,1,0,0,,"Calle",,"FUNES","Rosario","Tierra","S/D","II","Dentro","Urbana","S/D","S/D","Recta","Bueno","S/D","Nocturna","S/D","S/D","S/D","Colisión","S/D","S/D","Ninguna","S/D"
2016,2663,5/2/2016,"Lunes",0,11:00:00,"Ruta Nacional Rosario -Cordoba","306.0",1,"Automóvil"," ",2,1,0,0,1,0,0,,"Ruta","Rosario -Cordoba","FUNES","Rosario","S/D","S/D","II","Dentro","Urbana","Marca Vial","S/D","Recta","S/D","S/D","Diurna","Lluvia","S/D","S/D","Vuelco","S/D","S/D","Barrera de hormigón","S/D"
2016,2664,5/26/2016,"Jueves",0,14:40:00,,"0.0",2,"Automóvil,Automóvil","Santa Fe ",3,1,0,0,1,0,1,,"Calle",,"FUNES","Rosario","Asfalto","Pavimento","II","Dentro","Urbana","Ninguna","S/D","Intersección","S/D","Buena","Diurna","Buen Tiempo","Lateral","S/D","Colisión","S/D","S/D","Ninguna","Sin restricción"
2016,2665,5/26/2016,"Jueves",0,10:45:00,"Ruta Nacional 9","0.0",1,,"Tucuman ",2,1,0,0,1,0,0,,"Ruta",9,"FUNES","Rosario","Asfalto","No existe","II","Dentro","Urbana","Ninguna","Intermitente","Recta","Bueno","Buena","Diurna","Buen Tiempo","S/D","S/D","Colisión","S/D","Horizontal,Vertical","Cordón divisorio","Sin restricción"
2016,2666,5/26/2016,"Jueves",0,10:45:00,"Ruta Nacional 9","0.0",2,"Automóvil,Moto/Ciclomotor","Tucuman ",2,1,0,0,1,0,0,,"Ruta",9,"FUNES","Rosario","Asfalto","No existe","II","Dentro","Urbana","Ninguna","Intermitente","Recta","Bueno","Buena","Diurna","Buen Tiempo","S/D","S/D","Colisión","S/D","Horizontal,Vertical","Cordón divisorio","Sin restricción"
2016,2667,5/22/2016,"Domingo",0,17:30:00,,"0.0",2,"Automóvil,Moto/Ciclomotor","Pedro Rios Y Jorge Newbery",2,1,0,0,1,0,0,,"Calle",,"FUNES","Rosario","Asfalto","Natural","II","Dentro","Urbana","S/D","S/D","Recta","Bueno","Buena","Atardecer","Buen Tiempo","Lateral","S/D","Colisión","S/D","Faltante","Ninguna","Sin restricción"
2016,2668,5/28/2016,"Sabado",0,12:20:00,,"0.0",3,"Automóvil,Camión,Taxi/Remis","Sarmiento ",3,1,0,0,2,0,0,,"Calle",,"FUNES","Rosario","Asfalto","No existe","II","Dentro","Urbana","S/D","No existe","Intersección","Resbaladiza","Buena","Diurna","Lluvia","Múltiple","S/D","Colisión","Agua","Faltante","Ninguna","Sin restricción"
2016,2669,5/30/2016,"Lunes",0,20:40:00,,"0.0",2,"Camión,Automóvil","Pedro Rios Y Mitre",2,1,0,0,1,0,0,,"Calle",,"FUNES","Rosario","Hormigón","S/D","II","Dentro","Urbana","S/D","No existe","Intersección","Bueno","Buena","Nocturna","Buen Tiempo","Frontal","S/D","Colisión","S/D","Faltante","Ninguna","Sin restricción"
2016,2670,5/11/2016,"Miercoles",0,13:10:00,,"0.0",2,"Moto/Ciclomotor,Automóvil","Garay ",3,2,0,0,1,0,0,,"Calle",,"VILLA GOBERNADOR GÁLVEZ","Rosario","Asfalto","No existe","II","Dentro","Urbana","Ninguna","No existe","Intersección","Bueno","Buena","Diurna","Buen Tiempo","Lateral","S/D","Colisión","S/D","Faltante","Ninguna","Sin restricción"
2016,2671,5/11/2016,"Miercoles",0,13:10:00,"Ruta Provincial 21","0.0",2,"Moto/Ciclomotor,Transporte de Pasajeros Urbano (> 8 asientos)","Monte Hermoso ",2,1,0,0,1,0,0,,"Ruta",21,"VILLA GOBERNADOR GÁLVEZ","Rosario","Asfalto","No existe","II","Dentro","Urbana","Ninguna","No existe","Intersección","Bueno","Buena","Diurna","Buen Tiempo","Lateral","S/D","Colisión","S/D","Faltante","Ninguna","Sin restricción"
2016,2672,5/13/2016,"Viernes",0,18:00:00,,"0.0",2,"Moto/Ciclomotor,Automóvil","Junin Y Av Juan Domingo Peron",2,1,0,0,1,0,0,,"Calle",,"VILLA GOBERNADOR GÁLVEZ","Rosario","Asfalto","No existe","II","Dentro","Urbana","Ninguna","No existe","Recta","Bueno","Buena","Atardecer,Con luz artificial","Buen Tiempo","Lateral","S/D","Colisión","S/D","Faltante","Ninguna","Sin restricción"
2016,2673,3/25/2016,"Viernes",0,9:15:00,"Ruta Provincial 1","0.0",1,"Moto/Ciclomotor"," ",2,2,0,0,0,0,0,,"Ruta",1,"ALEJANDRA","San Javier","Asfalto","Natural","XIV","Dentro","Urbana","Ninguna","No existe","Recta","Con baches","Buena","Diurna","Buen Tiempo","S/D","S/D","Caída ocupante","S/D","Faltante","Línea divisoria pintada","Sin restricción"
2016,2674,3/31/2016,"Jueves",0,17:50:00,,"0.0",2,"Moto/Ciclomotor,Pickup/Utilitario"," ",2,1,0,0,1,0,0,,"Calle",,"ROMANG","San Javier","Tierra","S/D","XIV","Dentro","Urbana","S/D","S/D","Intersección","S/D","Buena","Diurna","S/D","S/D","S/D","Colisión","S/D","S/D","S/D","S/D"
2016,2675,2/13/2016,"Sabado",0,,"Ruta Provincial 1","3.0",2,"Moto/Ciclomotor,Moto/Ciclomotor"," ",4,4,0,0,0,0,0,,"Ruta",1,"ROMANG","San Javier","Asfalto","Natural","XVI","Dentro","Urbana","Marca Vial","No existe","Recta","Deteriorada","Reducida","Nocturna","Lluvia","S/D","S/D","Colisión","Agua","Horizontal","Línea divisoria pintada","Sin restricción"
2016,2676,4/24/2016,"Domingo",0,12:15:00,,"0.0",2,"Camión c / Acoplado,Moto/Ciclomotor","M Quintana ",2,1,0,0,1,0,0,,"Calle",,"CHABAS","Caseros","Asfalto,Tierra","No existe","IV","S/D","Urbana","Ninguna","No existe","Cruce","Bueno","Buena","Diurna","Buen Tiempo","Otro","S/D","Colisión","Ninguna","S/D","S/D","Sin restricción"
2016,2677,4/3/2016,"Domingo",0,4:20:00,"Ruta Provincial 92","0.0",1,"Automóvil"," ",1,0,0,0,0,0,1,,"Ruta",92,"LOS NOGALES","Caseros","Asfalto","Natural","IV","S/D","S/D","Ninguna","No existe","Recta","Bueno","Buena","Nocturna","Buen Tiempo","S/D","S/D","S/D","Ninguna","Horizontal","Línea divisoria pintada","Sin restricción"
2016,2678,3/10/2016,"Jueves",0,12:40:00,,"0.0",2,"Moto/Ciclomotor,Moto/Ciclomotor","C Ramseyer Y L de la Torre",4,4,0,0,0,0,0,,"Calle",,"ROMANG","San Javier","Tierra","No existe","XIV","Dentro","Urbana","Ninguna","No existe","Intersección","Bueno","Buena","Diurna","Buen Tiempo","S/D","S/D","Colisión","Ninguna","Faltante","Ninguna","Sin restricción"
2016,2679,4/5/2016,"Martes",0,11:20:00,"Ruta Provincial 92","0.0",2,"Camión,Pickup/Utilitario"," ",2,1,0,0,1,0,0,,"Ruta",92,"ARTEAGA","Caseros","Asfalto","Pavimento","IV","S/D","Urbana","Semáforo","Intermitente","Recta","Bueno","Buena","Diurna","Buen Tiempo","Lateral","S/D","Colisión","Ninguna","Horizontal","Guardarrail","Sin restricción"
2016,2680,3/12/2016,"Sabado",0,20:30:00,,"0.0",2,"Moto/Ciclomotor,Moto/Ciclomotor","C Ramseyer Y L de la Torre",2,1,0,0,1,0,0,,"Calle",,"ROMANG","San Javier","Tierra","No existe","XIV","Dentro","Urbana","Ninguna","No existe","Intersección","Deteriorada","Buena","Nocturna","Buen Tiempo","S/D","S/D","Colisión","S/D","Faltante","Ninguna","Sin restricción"
2016,2681,4/7/2016,"Jueves",0,12:45:00,"Ruta Provincial 92","0.0",2,"Automóvil,Camión c / Acoplado"," ",2,1,1,0,0,0,0,,"Ruta",92,"ARTEAGA","Caseros","Asfalto","No existe","IV","Dentro","Urbana","Semáforo","Intermitente","Intersección","Bueno","Buena","Diurna","Buen Tiempo","Múltiple","S/D","Colisión","Ninguna","S/D","Cordón divisorio","Sin restricción"
2016,2682,2/22/2016,"Lunes",0,19:00:00,,"0.0",2,"Moto/Ciclomotor,Moto/Ciclomotor","Santa Fe Y Gral Roca",2,2,0,0,0,0,0,,"Calle",,"CHABAS","Caseros","Asfalto","No existe","IV","Dentro","Urbana","Ninguna","No existe","Recta","Bueno","Buena","Atardecer,Con luz artificial","Buen Tiempo","S/D","S/D","Colisión","S/D","S/D","Ninguna","Sin restricción"
2016,2683,4/15/2016,"Viernes",0,17:30:00,,"0.0",2,"Bicicleta,Automóvil","Cda Juan Milesi Y S Martin",2,1,0,0,1,0,0,,"Calle",,"SAN JUSTO","San Justo","Asfalto","Pavimento","XVI","Dentro","Urbana","Ninguna","No existe","Intersección","Bueno","Buena","Diurna","Buen Tiempo","S/D","Ciclista","Atropello","Otro","Faltante","Ninguna","Sin restricción"
2016,2684,3/16/2016,"Miercoles",0,19:00:00,,"0.0",2,"Moto/Ciclomotor,Automóvil","Avenida Carlos Pellegrini Y Dante",5,1,0,0,4,0,0,,"Calle",,"SAN JOSÉ DE LA ESQUINA","Caseros","Hormigón","No existe","IV","Dentro","Urbana","Señal Ceda el Paso","No existe","Intersección","Bueno","Buena","Atardecer","Buen Tiempo","Lateral","S/D","Colisión","S/D","Horizontal,Vertical","Cordón divisorio","Sin restricción"
2016,2685,3/10/2016,"Jueves",0,14:45:00,"Ruta Provincial 92","0.0",1,"Transporte de Pasajeros Urbano (> 8 asientos)"," ",7,1,0,0,6,0,0,,"Ruta",92,"ARTEAGA","Caseros","Asfalto","No existe","IV","Dentro","Urbana","Semáforo","Intermitente","Recta","Bueno","Buena","Diurna","Buen Tiempo","Contra objeto fijo","S/D","Colisión","S/D","Horizontal","Cordón divisorio","Sin restricción"
2016,2686,4/25/2016,"Lunes",0,20:30:00,,"0.0",2,"Moto/Ciclomotor,Automóvil","Av. Jorge Newbery Y Donado",2,2,0,0,0,0,0,,"S/D",,"ROSARIO","Rosario","S/D","S/D","II","S/D","Urbana","S/D","S/D","S/D","S/D","S/D","Nocturna","S/D","S/D","S/D","Colisión","S/D","S/D","S/D","S/D"
2016,2687,4/18/2016,"Lunes",0,17:30:00,"Ruta Provincial 1","0.0",2,"Automóvil,Moto/Ciclomotor"," ",3,2,0,0,1,0,0,,"Ruta",1,"ALEJANDRA","San Javier","Asfalto","Natural","XIV","Dentro","Urbana","Ninguna","No existe","Curva","Resbaladiza","Buena","Diurna","Lluvia","Lateral","S/D","Colisión","Agua","Faltante","Línea divisoria pintada","Sin restricción"
2016,2688,4/16/2016,"Sabado",0,1:40:00,"Ruta Nacional 9","0.0",2,"Transporte de Pasajeros Urbano (> 8 asientos),Moto/Ciclomotor","Ruta Nacional 9 Y Angelone",2,1,0,0,1,0,0,,"Ruta",9,"FUNES","Rosario","Asfalto","S/D","II","Dentro","Urbana","S/D","S/D","Intersección","Bueno","Buena","Nocturna","Lluvia","De alcance","S/D","Colisión","Agua","S/D","S/D","S/D"
2016,2689,4/28/2016,"Jueves",0,14:00:00,,"0.0",2,"Moto/Ciclomotor,Automóvil","Guatemala Y Guemes",2,1,0,0,1,0,0,,"Calle",,"SOLDINI","Rosario","Ripio","Natural","II","Dentro","Urbana","Ninguna","S/D","Intersección","Con baches","Buena","Diurna","Buen Tiempo","Lateral","S/D","Colisión","S/D","Faltante","Ninguna","Sin restricción"
2016,2690,4/1/2016,"Viernes",0,,,"0.0",2,"Automóvil,Bicicleta","Av de las Americas Y David Esquivel",2,1,0,0,1,0,0,,"Calle",,"PEREZ","Rosario","S/D","No existe","II","Dentro","Urbana","Ninguna","No existe","Recta","S/D","Buena","Atardecer","Buen Tiempo","S/D","Ciclista","Atropello","S/D","Faltante","Ninguna","Sin restricción"
2016,2691,4/8/2016,"Viernes",0,22:00:00,"Ruta Nacional 9","0.0",2,"Automóvil,Automóvil","Suipacha ",3,0,1,0,2,0,0,,"Ruta",9,"FUNES","Rosario","Asfalto","Pavimento","II","Dentro","Urbana","Ninguna","No existe","Recta","Bueno","Buena","Nocturna","Buen Tiempo","Frontal","S/D","Colisión","S/D","Horizontal","Línea divisoria pintada","Sin restricción"
2016,2692,4/22/2016,"Viernes",0,8:00:00,,"0.0",3,"Automóvil,Bicicleta,Moto/Ciclomotor","Jorge Newbery ",3,2,0,0,1,0,0,,"Calle",,"FUNES","Rosario","Asfalto","Natural","II","Dentro","Urbana","S/D","No existe","Intersección","Bueno","Buena","Diurna","Buen Tiempo","Múltiple","S/D","Colisión","S/D","S/D","S/D","Sin restricción"
2016,2693,3/20/2016,"Domingo",0,0:10:00,,"0.0",1,"Moto/Ciclomotor","INDEPENDENCIA Y LAS VIAS",1,1,0,0,0,0,0,,"Calle",,"FUNES","Rosario","Hormigón","Natural","II","Dentro","Urbana","Ninguna","No existe","Recta","Bueno","Buena","Nocturna","Lluvia","Contra objeto fijo","S/D","Colisión","Agua","Horizontal,Vertical","Ninguna","Sin restricción"
2016,2694,4/24/2016,"Domingo",0,19:00:00,,"0.0",2,"Automóvil,Automóvil","Irigoyen Y Sargento Cabral",4,1,0,0,3,0,0,,"Calle",,"FUNES","Rosario","Asfalto","No existe","II","Dentro","Urbana","Ninguna","No existe","Recta","Bueno","Reducida","Atardecer","S/D","Frontal","S/D","Colisión","S/D","Faltante","Ninguna","Sin restricción"
2016,2695,4/11/2016,"Lunes",0,12:00:00,,"0.0",2,"Camión,Moto/Ciclomotor","Irigoyen Y Adolfo Calvo",2,0,0,0,1,1,0,"-32.909854, -60.808838","Calle",,"FUNES","Rosario","Tierra","No existe","II","Dentro","Urbana","Ninguna","No existe","Intersección","Deteriorada","Buena","Diurna","Buen Tiempo","Lateral","S/D","Colisión","S/D","Faltante","Ninguna","Sin restricción"
2016,2696,4/11/2016,"Lunes",0,,"Ruta Nacional 33","0.0",2,"Automóvil,Transporte de Pasajeros Urbano (> 8 asientos)","Ley 1420 ",2,1,0,0,1,0,0,,"Ruta",33,"PEREZ","Rosario","S/D","Ripio","II","Dentro","Urbana","S/D","No existe","Intersección","S/D","Buena","Diurna","S/D","Lateral","S/D","Colisión","S/D","S/D","Ninguna","Sin restricción"
2016,2697,4/17/2016,"Domingo",0,18:00:00,,"0.0",2,"Peatón,Automóvil","El Jilguero 200",2,1,0,0,1,0,0,,"Calle",,"PEREZ","Rosario","Asfalto","No existe","II","Dentro","Urbana","Ninguna","No existe","Recta","Deteriorada","Buena","Atardecer","Buen Tiempo","S/D","Peatón","Atropello","S/D","Faltante","Ninguna","Sin restricción"
2016,2698,4/25/2016,"Lunes",0,20:30:00,,"0.0",2,"Moto/Ciclomotor,Automóvil","Sastre Bv Y San Lorenzo",2,2,0,0,0,0,0,,"Calle",,"ZAVALLA","Rosario","Asfalto","No existe","II","Dentro","Urbana","S/D","No existe","Recta","Bueno","Buena","Nocturna","S/D","S/D","S/D","Colisión","S/D","Faltante","Línea divisoria pintada","S/D"
2016,2699,4/22/2016,"Viernes",0,4:00:00,"Ruta Nacional 33","764.5",2,"Camión,Camión"," ",2,0,1,0,1,0,0,,"Ruta",33,"ZAVALLA","Rosario","Asfalto","Natural","II","Dentro","Urbana","S/D","No existe","Recta","Bueno","S/D","Nocturna","Buen Tiempo","S/D","S/D","Colisión","S/D","Faltante","Línea divisoria pintada","Sin restricción"
2016,2700,4/11/2016,"Lunes",0,19:30:00,,"0.0",2,"Automóvil,Bicicleta","San Martin Y Berutti",2,1,0,0,1,0,0,,"Calle",,"ZAVALLA","Rosario","Ripio","S/D","II","Dentro","Urbana","Ninguna","S/D","Recta","Con baches","S/D","Diurna","Lluvia","S/D","Ciclista","Atropello","Agua","Faltante","S/D","Sin restricción"
2016,2701,4/13/2016,"Miercoles",0,7:45:00,,"0.0",2,"Transporte de Pasajeros Urbano (> 8 asientos),Moto/Ciclomotor","Av. Sorrento Y Bv. Rondeau",2,1,0,0,1,0,0,,"Calle",,"ROSARIO","Rosario","Asfalto","No existe","II","Dentro","Urbana","Semáforo","Funciona","Intersección","Bueno","Buena","Diurna","Buen Tiempo","Frontal","S/D","Colisión","S/D","Vertical","Ninguna","Sin restricción"
2016,2702,4/4/2016,"Lunes",0,,,"0.0",2,"Bicicleta,Automóvil","Pje. Alemania Y Iguazu",2,1,0,0,1,0,0,,"Calle",,"ROSARIO","Rosario","Asfalto","S/D","II","Dentro","Urbana","S/D","S/D","Intersección","S/D","S/D","S/D","S/D","S/D","Ciclista","Atropello","S/D","S/D","S/D","S/D"
2016,2703,4/19/2016,"Martes",0,22:30:00,,"0.0",2,"Automóvil,Automóvil","Camilo Aldao Y Ing.Thedy Bis",3,3,0,0,0,0,0,,"Calle",,"ROSARIO","Rosario","Asfalto","S/D","II","Dentro","Urbana","S/D","S/D","Intersección","S/D","S/D","Nocturna","S/D","S/D","S/D","Colisión","S/D","S/D","S/D","S/D"
2016,2704,4/19/2016,"Martes",0,0:10:00,,"0.0",2,"Moto/Ciclomotor,Taxi/Remis","Av. Luis Carballo Y Velez Sarsfield",2,1,0,0,1,0,0,,"Calle",,"ROSARIO","Rosario","Asfalto","S/D","II","Dentro","Urbana","S/D","S/D","Intersección","S/D","S/D","Nocturna","S/D","S/D","S/D","Colisión","S/D","S/D","S/D","S/D"
2016,2705,4/11/2016,"Lunes",0,11:00:00,,"0.0",2,"Automóvil,Moto/Ciclomotor","Salta 3100",2,1,0,0,1,0,0,,"Calle",,"ROSARIO","Rosario","Asfalto","No existe","II","Dentro","Urbana","Semáforo","Funciona","Recta","S/D","Buena","Diurna","Buen Tiempo","S/D","S/D","Colisión","S/D","Horizontal","Ninguna","Sin restricción"
2016,2706,4/29/2016,"Viernes",0,13:30:00,,"0.0",2,"Automóvil,Moto/Ciclomotor","Av. Francia Y Tucuman",2,1,0,0,1,0,0,,"Calle",,"ROSARIO","Rosario","Asfalto","No existe","II","Dentro","Urbana","Ninguna","No existe","Recta","Bueno","Buena","Diurna","Buen Tiempo","S/D","S/D","Colisión","S/D","Faltante","Ninguna","Sin restricción"
2016,2707,4/2/2016,"Sabado",0,14:00:00,,"0.0",2,"Pickup/Utilitario,Automóvil","Tucuman Y Crespo",2,1,0,0,1,0,0,,"Calle",,"ROSARIO","Rosario","S/D","No existe","II","Dentro","Urbana","Ninguna","No existe","Recta","S/D","Buena","Diurna","Buen Tiempo","S/D","S/D","Colisión","S/D","Faltante","Ninguna","Sin restricción"
2016,2708,4/10/2016,"Domingo",0,22:00:00,,"0.0",2,"Moto/Ciclomotor,Automóvil","Ricchieri Y Jujuy",2,1,0,0,1,0,0,,"Calle",,"ROSARIO","Rosario","S/D","No existe","II","Dentro","Urbana","Ninguna","No existe","Recta","S/D","Buena","Nocturna","Buen Tiempo","S/D","S/D","Colisión","S/D","Faltante","Ninguna","Sin restricción"
2016,2709,4/21/2016,"Jueves",0,17:30:00,,"0.0",2,"Transporte de Pasajeros Urbano (> 8 asientos),Peatón","Santa Fe Y Av. Francia",2,1,0,0,1,0,0,,"Calle",,"ROSARIO","Rosario","Asfalto","No existe","II","Dentro","Urbana","Semáforo","Funciona","Recta","Bueno","Buena","Diurna","Buen Tiempo","S/D","Peatón","Atropello","S/D","Vertical","Ninguna","Sin restricción"
2016,2710,4/26/2016,"Martes",0,18:00:00,,"0.0",2,"Bicicleta,Automóvil","San Nicolas Y Tucuman",2,1,0,0,1,0,0,,"Calle",,"ROSARIO","Rosario","Asfalto","No existe","II","Dentro","Urbana","Ninguna","No existe","Recta","Bueno","Buena","Diurna","Buen Tiempo","S/D","S/D","Colisión","S/D","Faltante","Ninguna","Sin restricción"
2016,2711,4/11/2016,"Lunes",0,21:50:00,,"0.0",2,"Automóvil,Moto/Ciclomotor","Casiano Casas Y F.Rauch",2,1,0,0,1,0,0,,"Calle",,"ROSARIO","Rosario","Asfalto","No existe","II","Dentro","Urbana","S/D","S/D","Intersección","Bueno","Buena","Nocturna","Buen Tiempo","Frontal","S/D","Colisión","S/D","Vertical","Ninguna","Sin restricción"
2016,2712,4/26/2016,"Martes",0,13:50:00,,"0.0",2,"Moto/Ciclomotor,Automóvil","Washington Y Darragueira",2,1,0,0,1,0,0,,"Calle",,"ROSARIO","Rosario","Asfalto","No existe","II","Dentro","Urbana","Ninguna","No existe","Intersección","Bueno","Buena","Diurna","Buen Tiempo","S/D","S/D","Colisión","S/D","Horizontal","Ninguna","Sin restricción"
2016,2713,4/22/2016,"Viernes",0,15:45:00,,"0.0",2,"Automóvil,Pickup/Utilitario","Pje. Mazzaglia Y Gurruchaga",4,1,0,0,3,0,0,,"Calle",,"ROSARIO","Rosario","Asfalto","No existe","II","Dentro","Urbana","Ninguna","No existe","Intersección","Bueno","Buena","Diurna","Buen Tiempo","Frontal","S/D","Colisión","S/D","Faltante","Ninguna","Sin restricción"
2016,2714,4/22/2016,"Viernes",0,16:45:00,,"0.0",2,"Automóvil,Automóvil","Av. Sorrento Y F.Netri",3,1,0,0,2,0,0,,"Calle",,"ROSARIO","Rosario","Asfalto","No existe","II","Dentro","Urbana","Ninguna","No existe","Intersección","Bueno","Buena","Diurna","Buen Tiempo","Frontal","S/D","Colisión","S/D","Faltante","Ninguna","Sin restricción"
2016,2715,4/17/2016,"Domingo",0,12:40:00,,"0.0",2,"Moto/Ciclomotor,Automóvil","Bv. Rondeau 100",5,2,0,0,3,0,0,,"Calle",,"ROSARIO","Rosario","Asfalto","No existe","II","Dentro","Urbana","Semáforo","Funciona","Recta","Bueno","Buena","Diurna","Buen Tiempo","Frontal","S/D","Colisión","S/D","Horizontal,Vertical","Ninguna","Sin restricción"
2016,2716,1/20/2016,"Miercoles",0,9:50:00,,"0.0",2,"Automóvil,Moto/Ciclomotor","San Martin Y Av Federico Carlos Sigel",2,0,1,0,1,0,0,,"Calle",,"MALABRIGO","General Obligado","Asfalto","Pavimento","IX","Dentro","Urbana","Ninguna","No existe","Intersección","Bueno","Buena","Diurna","Buen Tiempo","S/D","S/D","Colisión","S/D","S/D","Vegetación","Sin restricción"
2016,2717,1/29/2016,"Viernes",0,17:00:00,"Ruta Nacional 11","758.0",2,"Automóvil,Automóvil"," ",4,3,1,0,0,0,0,,"Ruta",11,"MALABRIGO","General Obligado","Asfalto","Natural","IX","Dentro","Urbana","Ninguna","No existe","Recta","Bueno","Buena","Diurna","Buen Tiempo","Frontal","S/D","Colisión","S/D","S/D","Ninguna","Sin restricción"
2016,2718,1/31/2016,"Domingo",0,11:00:00,,"0.0",2,"Automóvil,Moto/Ciclomotor","San Martin Y Av Federico Carlos Sigel",2,1,0,0,1,0,0,,"Calle",,"MALABRIGO","General Obligado","Asfalto","Pavimento","IX","Dentro","Urbana","Ninguna","No existe","Intersección","Bueno","Buena","Diurna","Buen Tiempo","Lateral","S/D","Colisión","S/D","S/D","Ninguna","Sin restricción"
2016,2719,2/21/2016,"Domingo",0,3:30:00,,"0.0",2,"Moto/Ciclomotor,Moto/Ciclomotor","9 de julio Y Gral Guemes",2,0,2,0,0,0,0,,"Calle",,"MALABRIGO","General Obligado","Asfalto","Pavimento","IX","Dentro","Urbana","Ninguna","No existe","Intersección","Bueno","Buena","Nocturna","Buen Tiempo","Lateral","S/D","Colisión","S/D","S/D","Ninguna","Sin restricción"
2016,2720,2/28/2016,"Domingo",0,6:00:00,,"0.0",1,"Moto/Ciclomotor","Av Silvestre Begnis 590",1,0,1,0,0,0,0,,"Calle",,"MALABRIGO","General Obligado","Asfalto","Pavimento","IX","Dentro","Urbana","Ninguna","No existe","Recta","Bueno","Buena","Amanecer","Buen Tiempo","S/D","S/D","Caída ocupante","S/D","S/D","Ninguna","Sin restricción"