"anio_acci","nro_acci","fecha","desc_dia","fecha_aprox","hora_aprox","desc_ruta","km","cant_participantes","desc_participante","calle_avenida_km","total","heridos_leves","heridos_graves","heridos_gravisimos","ilesos","fallecidos","sin_datos","posicion_XY","desc_tipo_via","desc_ruta_ori","desc_loc","desc_dpto","desc_tipo_calzada","desc_tipo_banquina","desc_unidad_regional","desc_lugar_calzada","desc_zona","desc_prioridad","desc_estado_semaforo","desc_lugar_via","desc_estado_via","desc_estado_visibilidad","desc_luminosidad","desc_estado_clima","desc_tipo_colision","desc_tipo_atropello","desc_tipo_hecho","desc_pres_calzada","desc_senializacion","desc_separacion_via","desc_restriccion"
2016,2721,3/11/2016,"Viernes",0,20:45:00,,"0.0",2,"Automóvil,Moto/Ciclomotor","Buenos Aires ",2,1,0,0,1,0,0,,"Calle",,"MALABRIGO","General Obligado","Asfalto","Natural","IX","Dentro","Urbana","Ninguna","No existe","Intersección","Bueno","Buena","Atardecer","Buen Tiempo","S/D","S/D","Colisión","S/D","Faltante","Ninguna","Sin restricción"
2016,2722,3/13/2016,"Domingo",0,6:20:00,,"0.0",1,"Automóvil"," ",5,3,2,0,0,0,0,,"Camino Rural",,"MALABRIGO","General Obligado","Tierra","Natural","IX","Dentro","Urbana","Ninguna","No existe","Recta","Bueno","Buena","Diurna","Buen Tiempo","S/D","S/D","Vuelco","S/D","S/D","Ninguna","Sin restricción"
2016,2723,4/7/2016,"Jueves",0,18:40:00,,"0.0",2,"Pickup/Utilitario,Moto/Ciclomotor","San Martin Y 1 de Mayo",3,2,0,0,1,0,0,,"Calle",,"MALABRIGO","General Obligado","Asfalto","Natural","IX","Dentro","Urbana","Ninguna","No existe","Intersección","Bueno","Buena","Diurna","Buen Tiempo","Lateral","S/D","Colisión","S/D","S/D","Ninguna","Sin restricción"
2016,2724,4/14/2016,"Jueves",0,9:00:00,"Ruta Nacional 11","749.0",2,"Moto/Ciclomotor,Camión"," ",2,1,0,0,1,0,0,,"Ruta",11,"MALABRIGO","General Obligado","Asfalto","Natural","IX","Dentro","Urbana","Ninguna","No existe","Recta","Bueno","Buena","Diurna","Buen Tiempo","Lateral","S/D","Colisión","S/D","Faltante","Ninguna","Sin restricción"
2016,2725,5/27/2016,"Viernes",0,19:45:00,,"0.0",2,"Automóvil,Moto/Ciclomotor","Aristobulo del Valle Y Mariano Moreno",3,2,0,0,1,0,0,,"Calle",,"ESPERANZA","Las Colonias","Asfalto","S/D","XI","Dentro","Urbana","Ninguna","No existe","Intersección","Bueno","Buena","Atardecer,Con luz artificial","Buen Tiempo","Lateral","S/D","Colisión","S/D","Vertical","Ninguna","Sin restricción"
2016,2726,5/27/2016,"Viernes",0,9:30:00,,"0.0",2,"Moto/Ciclomotor,Automóvil","Saavedra Y Aristobulo del Valle",2,0,1,0,1,0,0,,"Calle",,"ESPERANZA","Las Colonias","Ripio","S/D","XI","Dentro","Urbana","Ninguna","No existe","Intersección","Bueno","Buena","Diurna","Buen Tiempo","Lateral","S/D","Colisión","S/D","Vertical","Ninguna","Sin restricción"
2016,2727,5/2/2016,"Lunes",0,10:20:00,,"0.0",2,"Moto/Ciclomotor,Bicicleta","Rivadavia Y Santa Fe",2,1,0,0,1,0,0,,"Calle",,"CAÑADA ROSQUÍN","San Martín","Asfalto","Natural","XVIII","Dentro","Urbana","Ninguna","No existe","Intersección","Bueno","Buena","Diurna","Buen Tiempo","S/D","Ciclista","Atropello","S/D","Vertical","Ninguna","Sin restricción"
2016,2728,5/2/2016,"Lunes",0,10:30:00,"Ruta Secundaria 40-s","20.0",1,," ",1,1,0,0,0,0,0,,"Ruta","40-s","MARÍA SUSANA","San Martín","Asfalto","Natural","XVIII","Dentro","Rural","Ninguna","No existe","Recta","Con baches","Buena","Diurna","Buen Tiempo","S/D","S/D","Caída ocupante","Material Suelto","Faltante","Ninguna","Sin restricción"
2016,2729,5/2/2016,"Lunes",0,10:30:00,"Ruta Secundaria 40-s","20.0",1,"Moto/Ciclomotor"," ",1,1,0,0,0,0,0,,"Ruta","40-s","MARÍA SUSANA","San Martín","Asfalto","Natural","XVIII","Dentro","Rural","Ninguna","No existe","Recta","Con baches","Buena","Diurna","Buen Tiempo","S/D","S/D","Caída ocupante","Material Suelto","Faltante","Ninguna","Sin restricción"
2016,2730,5/19/2016,"Jueves",0,9:30:00,,"0.0",2,"Bicicleta,Automóvil","Santa Fe 2100",2,0,1,0,1,0,0,,"Calle",,"CHABAS","Caseros","Asfalto","No existe","IV","S/D","Urbana","Ninguna","No existe","Recta","Bueno","Buena","Diurna","Buen Tiempo","Frontal","Ciclista","Atropello","Ninguna","Faltante","S/D","S/D"
2016,2731,5/9/2016,"Lunes",0,10:50:00,,"0.0",2,"Pickup/Utilitario,Moto/Ciclomotor","Urquiza Y Sarmiento",2,1,0,0,1,0,0,,"Calle",,"ROMANG","San Javier","Tierra","S/D","XIV","Dentro","Urbana","S/D","S/D","Intersección","Bueno","Buena","Diurna","Buen Tiempo","Lateral","S/D","Colisión","S/D","S/D","S/D","S/D"
2016,2732,5/17/2016,"Martes",0,10:00:00,"Ruta Provincial 92","0.0",1,"Automóvil"," ",1,1,0,0,0,0,0,,"Ruta",92,"LOS NOGALES","Caseros","Asfalto","Natural","IV","Fuera","Rural","Ninguna","No existe","Recta","Bueno","Buena","Diurna","Buen Tiempo","S/D","S/D","Vuelco","Ninguna","Horizontal","Línea divisoria pintada","Sin restricción"
2016,2733,5/16/2016,"Lunes",0,11:50:00,,"0.0",2,"Pickup/Utilitario,Moto/Ciclomotor","Rivadavia Y España",2,0,1,0,1,0,0,,"Calle",,"ALCORTA","Constitución","Asfalto","No existe","VI","Dentro","Urbana","Ninguna","No existe","Recta","Bueno","Buena","Diurna","Buen Tiempo","Lateral","S/D","Colisión","S/D","Faltante","Línea divisoria pintada","Sin restricción"
2016,2734,5/7/2016,"Sabado",0,17:30:00,,"0.0",1,"Moto/Ciclomotor"," ",1,1,0,0,0,0,0,,"Calle",,"SAN JUSTO","San Justo","Tierra","No existe","XVI","S/D","Urbana","Ninguna","No existe","Intersección","Bueno","Buena","Diurna","Buen Tiempo","Atropello animal","S/D","Colisión","Ninguna","Vertical","Ninguna","Sin restricción"
2016,2735,5/9/2016,"Lunes",0,13:00:00,,"0.0",2,"Pickup/Utilitario,Moto/Ciclomotor","Bv 9 de Julio Y Colon",2,1,0,0,1,0,0,,"Calle",,"RUFINO","General López","Asfalto","No existe","VIII","Dentro","Urbana","Ninguna","No existe","Intersección","Bueno","Buena","Diurna","Buen Tiempo","Lateral","S/D","Colisión","S/D","Faltante","Cordón divisorio","Sin restricción"
2016,2736,5/3/2016,"Martes",0,15:15:00,,"0.0",1,"Moto/Ciclomotor"," ",1,0,1,0,0,0,0,,"Camino Rural",,"SAN JUSTO","San Justo","Tierra","No existe","XVI","S/D","Rural","Ninguna","No existe","Recta","Con baches","Reducida polvo","Diurna","Viento Fuerte","Contra objeto fijo","S/D","Colisión","Ninguna","Faltante","Ninguna","Sin restricción"
2016,2737,5/4/2016,"Miercoles",0,20:15:00,,"0.0",2,"Bicicleta,Automóvil","E Lopez Y Gdor Cabal",2,1,0,0,1,0,0,,"Calle",,"SAN JUSTO","San Justo","Asfalto","No existe","XVI","Dentro","Urbana","Ninguna","No existe","Intersección","Bueno","Reducida","Nocturna","Buen Tiempo","S/D","S/D","Atropello","Ninguna","Faltante","Cordón divisorio","Sin restricción"
2016,2738,5/18/2016,"Miercoles",0,22:45:00,,"0.0",2,"Automóvil,Moto/Ciclomotor","Antonio Martin Y Espa±a",3,0,2,0,1,0,0,,"Calle",,"RUFINO","General López","Asfalto","No existe","VIII","Dentro","Urbana","Ninguna","No existe","Intersección","Bueno","Buena","Nocturna,Con luz artificial","Buen Tiempo","Lateral","S/D","Colisión","S/D","Faltante","Cordón divisorio","Sin restricción"
2016,2739,5/19/2016,"Jueves",0,13:05:00,,"0.0",2,"Automóvil,Bicicleta","B Ferreyra Y Espa±a",2,1,0,0,1,0,0,,"Calle",,"RUFINO","General López","Asfalto","No existe","VIII","Dentro","Urbana","Ninguna","No existe","Intersección","Bueno","Buena","Diurna","Buen Tiempo","S/D","Ciclista","Atropello","S/D","Faltante","Cordón divisorio","Sin restricción"
2016,2740,5/19/2016,"Jueves",0,15:20:00,,"0.0",1,"Moto/Ciclomotor"," ",2,1,0,0,1,0,0,,"Calle",,"ALEJANDRA","San Javier","Asfalto","Natural","XIV","Dentro","Urbana","Ninguna","No existe","Recta","Bueno","Buena","Diurna","Buen Tiempo","S/D","S/D","Caída ocupante","S/D","Faltante","Línea divisoria pintada","Sin restricción"
2016,2741,5/7/2016,"Sabado",0,12:35:00,,"0.0",2,"Moto/Ciclomotor,Automóvil","Fco Angeloni Y Bv C Pellegrini",2,1,0,0,1,0,0,,"Calle",,"SAN JUSTO","San Justo","Asfalto","Natural","XVI","Dentro","Urbana","Otra Señal","No existe","Intersección","Bueno","Buena","Diurna","Buen Tiempo","De alcance","S/D","Colisión","Ninguna","Faltante","Vegetación","Sin restricción"
2016,2742,5/9/2016,"Lunes",0,12:15:00,,"0.0",2,"Pickup/Utilitario,Moto/Ciclomotor","L N Alem Y Bv C Pellegrini",2,1,0,0,1,0,0,,"Calle",,"SAN JUSTO","San Justo","Asfalto","No existe","XVI","Dentro","Urbana","Ninguna","No existe","Intersección","Bueno","Buena","Diurna","Buen Tiempo","De alcance","S/D","Colisión","Ninguna","Faltante","Barrera de hormigón","Sin restricción"
2016,2743,5/11/2016,"Miercoles",0,21:55:00,,"0.0",1,"Moto/Ciclomotor","Fco Angeloni 2950",1,0,1,0,0,0,0,,"Calle",,"SAN JUSTO","San Justo","Asfalto","No existe","XVI","Dentro","Urbana","Ninguna","No existe","Recta","Resbaladiza","Reducida","Nocturna","Lluvia","S/D","S/D","Vuelco","Agua","Faltante","Barrera de hormigón","Sin restricción"
2016,2744,5/16/2016,"Lunes",0,10:40:00,,"0.0",2,"Automóvil,Moto/Ciclomotor","9 de Julio Y Gdor Cabal",2,1,0,0,1,0,0,,"Calle",,"SAN JUSTO","San Justo","Asfalto","No existe","XVI","Dentro","Urbana","Señal Pare","No existe","Intersección","Bueno","Buena","Diurna","Buen Tiempo","De alcance","S/D","Colisión","Ninguna","S/D","Barrera de hormigón","Sin restricción"
2016,2745,5/17/2016,"Martes",0,9:30:00,,"0.0",2,"Camión Chasis,Moto/Ciclomotor","B de Tucuman Y R E De San Martin",2,1,0,0,1,0,0,,"Calle",,"SAN JUSTO","San Justo","Asfalto","No existe","XVI","Dentro","Urbana","Ninguna","No existe","Intersección","Bueno","Buena","Diurna","Buen Tiempo","De alcance","S/D","Colisión","S/D","Faltante","Ninguna","Sin restricción"
2016,2746,5/12/2016,"Jueves",0,9:00:00,,"0.0",2,"Peatón,Pickup/Utilitario","Gral Urquiza 2600",2,1,0,0,1,0,0,,"Calle",,"SAN JUSTO","San Justo","S/D","No existe","XVI","Dentro","Urbana","Ninguna","No existe","S/D","Bueno","Buena","Diurna","Buen Tiempo","S/D","Peatón","Atropello","Ninguna","Faltante","Barrera de hormigón","Sin restricción"
2016,2747,5/16/2016,"Lunes",0,16:30:00,,"0.0",2,"Moto/Ciclomotor,Automóvil","Bv R S Pe±a Y N Figueredo",2,1,0,0,1,0,0,,"Calle",,"SAN JUSTO","San Justo","Asfalto","No existe","XVI","Dentro","Urbana","Señal Pare","No existe","Intersección","Bueno","Buena","Diurna","Buen Tiempo","De alcance","S/D","Colisión","S/D","Horizontal","Barrera de hormigón","Sin restricción"
2016,2748,5/20/2016,"Viernes",0,11:40:00,,"0.0",2,"Moto/Ciclomotor,Moto/Ciclomotor","Av Iriondo Y B de Tucuman",2,2,0,0,0,0,0,,"Calle",,"SAN JUSTO","San Justo","Asfalto","No existe","XVI","Dentro","Urbana","Semáforo","Funciona","Intersección","Bueno","Buena","Diurna","Buen Tiempo","S/D","S/D","Colisión","S/D","Vertical","Barrera de hormigón","Sin restricción"
2016,2749,5/22/2016,"Domingo",0,19:50:00,,"0.0",2,"Moto/Ciclomotor,Automóvil","Gdor Cabal Y 9 de Julio",3,1,0,0,2,0,0,,"Calle",,"SAN JUSTO","San Justo","Asfalto","No existe","XVI","Dentro","Urbana","Ninguna","No existe","Intersección","Bueno","Buena","Atardecer,Con luz artificial","Buen Tiempo","De alcance","S/D","Colisión","S/D","Horizontal","Ninguna","Sin restricción"
2016,2750,5/27/2016,"Viernes",0,19:00:00,,"0.0",2,"Pickup/Utilitario,Moto/Ciclomotor","Gdor Cabal Y 25 de Mayo",2,1,0,0,1,0,0,,"Calle",,"SAN JUSTO","San Justo","Tierra","No existe","XVI","Dentro","Urbana","Ninguna","No existe","Intersección","S/D","Buena","Diurna","Buen Tiempo","Lateral","S/D","Colisión","S/D","Vertical","Ninguna","Sin restricción"
2016,2751,5/28/2016,"Sabado",0,18:50:00,,"0.0",2,"Automóvil,Moto/Ciclomotor","J Neme 2343",2,1,0,0,1,0,0,,"Calle",,"SAN JUSTO","San Justo","Asfalto","No existe","XVI","Dentro","Urbana","Ninguna","No existe","Recta","S/D","Buena","Atardecer,Con luz artificial","Buen Tiempo","De alcance","S/D","Colisión","S/D","Faltante","Barrera de hormigón","Sin restricción"
2016,2752,5/30/2016,"Lunes",0,19:20:00,,"0.0",2,"Moto/Ciclomotor,Pickup/Utilitario","1ro de Mayo Y Belgrano",2,1,0,0,1,0,0,,"Calle",,"SAN JUSTO","San Justo","Asfalto","No existe","XVI","Dentro","Urbana","Ninguna","No existe","Intersección","Bueno","Buena","Atardecer","Buen Tiempo","Lateral","S/D","Colisión","S/D","Faltante","Barrera de hormigón","Sin restricción"
2016,2753,5/30/2016,"Lunes",0,22:00:00,,"0.0",2,"Automóvil,Bicicleta","Cno San Roque 2300",2,1,0,0,1,0,0,,"Calle",,"SAN JUSTO","San Justo","Asfalto","No existe","XVI","Dentro","Urbana","Ninguna","No existe","Recta","Bueno","Reducida","Nocturna","Buen Tiempo","S/D","Ciclista","Atropello","S/D","Faltante","Barrera de hormigón","Sin restricción"
2016,2754,5/31/2016,"Martes",0,12:30:00,,"0.0",2,"Bicicleta,Automóvil","9 de Julio Y 25 de Mayo",2,1,0,0,1,0,0,,"Calle",,"SAN JUSTO","San Justo","Asfalto","No existe","XVI","Dentro","Urbana","Ninguna","No existe","Intersección","Bueno","Buena","Diurna","Buen Tiempo","S/D","Ciclista","Atropello","S/D","Faltante","Barrera de hormigón","Sin restricción"
2016,2755,5/17/2016,"Martes",0,8:00:00,"Ruta Nacional 33","0.0",1,"Automóvil"," ",1,1,0,0,0,0,0,,"Ruta",33,"SANFORD","Caseros","Asfalto","Natural","IV","Dentro","Urbana","Ninguna","No existe","Recta","Bueno","Buena","Diurna","Buen Tiempo","S/D","S/D","Vuelco","S/D","Faltante","Línea divisoria pintada","Sin restricción"
2016,2756,5/22/2016,"Domingo",0,13:00:00,,"0.0",1,"Moto/Ciclomotor","Candelaria 400",2,1,0,0,1,0,0,,"Calle",,"FUNES","Rosario","Tierra","No existe","II","Dentro","Urbana","Ninguna","No existe","Recta","Bueno","Buena","Diurna","Buen Tiempo","S/D","S/D","Caída ocupante","S/D","Faltante","Ninguna","Sin restricción"
2016,2757,5/19/2016,"Jueves",0,11:30:00,,"0.0",2,"Moto/Ciclomotor,Automóvil","Mar del Plata Y Humberto I",2,1,0,0,1,0,0,,"Calle",,"ROSARIO","Rosario","Asfalto","S/D","II","Dentro","Urbana","S/D","S/D","Intersección","S/D","S/D","Diurna","S/D","S/D","S/D","Colisión","S/D","S/D","S/D","Sin restricción"
2016,2758,5/2/2016,"Lunes",0,9:20:00,,"0.0",2,"Moto/Ciclomotor,Pickup/Utilitario","Espa±a Y 25 de Mayo",2,1,0,0,1,0,0,,"Calle",,"GOBERNADOR CRESPO","San Justo","Asfalto","Pavimento","XVI","Dentro","Urbana","Ninguna","No existe","Intersección","Bueno","Buena","Diurna","Buen Tiempo","Lateral","S/D","Colisión","S/D","Faltante","Ninguna","Sin restricción"
2016,2759,5/21/2016,"Sabado",0,12:45:00,,"0.0",2,"Automóvil,Moto/Ciclomotor","Av Gral San Martin Y 9 de Julio",3,3,0,0,0,0,0,,"Avenida",,"GOBERNADOR CRESPO","San Justo","Asfalto","Pavimento","XVI","Dentro","Urbana","Ninguna","No existe","Intersección","Bueno","Buena","Diurna","Buen Tiempo","Lateral","S/D","Colisión","Ninguna","Faltante","Cordón divisorio","Sin restricción"
2016,2760,5/23/2016,"Lunes",0,12:50:00,,"0.0",2,"Automóvil,Pickup/Utilitario","Junin Y Tte.Agneta",2,1,0,0,1,0,0,,"Calle",,"ROSARIO","Rosario","S/D","No existe","II","Dentro","Urbana","Ninguna","No existe","Intersección","S/D","Buena","Diurna","S/D","Lateral","S/D","Colisión","S/D","Faltante","Ninguna","Sin restricción"
2016,2761,5/21/2016,"Sabado",0,10:30:00,,"0.0",2,"Automóvil,Moto/Ciclomotor","Solis Y French",2,1,0,0,1,0,0,,"Calle",,"ROSARIO","Rosario","S/D","No existe","II","Dentro","Urbana","Ninguna","No existe","Intersección","S/D","S/D","Diurna","S/D","Lateral","S/D","Colisión","Ninguna","Faltante","Ninguna","Sin restricción"
2016,2762,5/17/2016,"Martes",0,13:40:00,,"0.0",2,"Moto/Ciclomotor,Automóvil","Derqui 7800",3,2,0,0,1,0,0,,"Calle",,"ROSARIO","Rosario","Asfalto","No existe","II","S/D","Urbana","Ninguna","No existe","Recta","Bueno","Buena","Diurna","Buen Tiempo","Lateral","S/D","Colisión","Ninguna","Faltante","S/D","Sin restricción"
2016,2763,5/26/2016,"Jueves",0,,,"0.0",2,"Automóvil,Moto/Ciclomotor","Navarro 6100",2,1,0,0,1,0,0,,"Calle",,"ROSARIO","Rosario","S/D","No existe","II","Dentro","Urbana","Ninguna","S/D","Recta","S/D","S/D","S/D","Buen Tiempo","S/D","S/D","Colisión","S/D","Faltante","Ninguna","Sin restricción"
2016,2764,5/24/2016,"Martes",0,,,"0.0",2,"Automóvil,Moto/Ciclomotor","Acevedo Bis Y La Republica",2,1,0,0,1,0,0,,"Calle",,"ROSARIO","Rosario","Asfalto","No existe","II","Dentro","Urbana","Ninguna","No existe","Intersección","Bueno","Buena","Diurna","Buen Tiempo","Lateral","S/D","Colisión","S/D","Faltante","Ninguna","Sin restricción"
2016,2765,5/18/2016,"Miercoles",0,14:00:00,,"0.0",2,"Automóvil,Automóvil","Derqui Y Cabildo",2,2,0,0,0,0,0,,"S/D",,"ROSARIO","Rosario","Asfalto","No existe","II","S/D","S/D","Ninguna","No existe","S/D","Bueno","Buena","Diurna","Buen Tiempo","Lateral","S/D","Colisión","Ninguna","Faltante","S/D","Sin restricción"
2016,2766,5/23/2016,"Lunes",0,0:00:00,,"0.0",2,"Pickup/Utilitario,Camión","Av. Circunvalacion 1000",3,2,0,0,1,0,0,,"Avenida",,"ROSARIO","Rosario","Asfalto","No existe","II","Dentro","Urbana","Semáforo","Funciona","S/D","Bueno","Buena","Nocturna","Buen Tiempo","Lateral","S/D","Colisión","S/D","Faltante","S/D","Sin restricción"
2016,2767,5/20/2016,"Viernes",0,,,"0.0",2,"Automóvil,Moto/Ciclomotor","Rosa Silvestre Y Acevedo Bis",3,2,0,0,1,0,0,,"Calle",,"ROSARIO","Rosario","Asfalto","No existe","II","Dentro","Urbana","Ninguna","No existe","Intersección","Bueno","Buena","Diurna","Buen Tiempo","Lateral","S/D","Colisión","S/D","Faltante","Ninguna","Sin restricción"
2016,2768,5/25/2016,"Miercoles",0,10:30:00,,"0.0",2,"Automóvil,Automóvil","Amuchastegui 7700",4,3,0,0,1,0,0,,"Calle",,"ROSARIO","Rosario","Asfalto","No existe","II","Dentro","Urbana","Ninguna","No existe","S/D","Bueno","Buena","Diurna","Buen Tiempo","Lateral","S/D","Colisión","Ninguna","Faltante","S/D","Sin restricción"
2016,2769,5/2/2016,"Lunes",0,20:30:00,,"0.0",2,"Taxi/Remis,Automóvil","Urquiza Y Dorrego",2,1,0,0,1,0,0,,"Calle",,"ROSARIO","Rosario","Asfalto","Pavimento","II","Dentro","Urbana","Ninguna","No existe","Intersección","Bueno","Buena","Nocturna","Buen Tiempo","De alcance","S/D","Colisión","S/D","Faltante","Ninguna","Sin restricción"
2016,2770,5/10/2016,"Martes",0,14:20:00,,"0.0",2,"Automóvil,Taxi/Remis","Paraguay Y San Lorenzo",3,1,0,0,2,0,0,,"Calle",,"ROSARIO","Rosario","Asfalto","Pavimento","II","Dentro","Urbana","Ninguna","No existe","Intersección","Bueno","Buena","Diurna","Buen Tiempo","De alcance","S/D","Colisión","S/D","Faltante","Ninguna","Sin restricción"
2016,2771,5/12/2016,"Jueves",0,20:30:00,,"0.0",2,"Automóvil,Automóvil","Av Gral San Martin Y Av de Circunvalacion",4,3,0,0,1,0,0,,"Calle",,"VILLA GOBERNADOR GÁLVEZ","Rosario","Asfalto","No existe","II","Dentro","Urbana","Ninguna","No existe","Intersección","Bueno","Buena","Nocturna","Buen Tiempo","Lateral","S/D","Colisión","Ninguna","Faltante","Ninguna","Sin restricción"
2016,2772,5/1/2016,"Domingo",0,23:40:00,,"0.0",1,"Automóvil","Av Gral San Martin Y Libertad",6,2,4,0,0,0,0,,"Calle",,"VILLA GOBERNADOR GÁLVEZ","Rosario","Asfalto","No existe","II","Dentro","Urbana","Ninguna","No existe","S/D","Bueno","Buena","Nocturna,Con luz artificial","Buen Tiempo","Frontal","S/D","Colisión","Ninguna","Faltante","Ninguna","Sin restricción"
2016,2773,5/3/2016,"Martes",0,1:30:00,,"0.0",2,"Moto/Ciclomotor,Taxi/Remis","Bv. Oroño Y San Lorenzo",2,1,0,0,1,0,0,,"Calle",,"ROSARIO","Rosario","Hormigón","Pavimento","II","Dentro","Urbana","Semáforo","Funciona","Intersección","Bueno","Buena","Nocturna","Buen Tiempo","Frontal","S/D","Colisión","S/D","Vertical","Ninguna","Sin restricción"
2016,2774,5/11/2016,"Miercoles",0,23:00:00,,"0.0",2,"Moto/Ciclomotor,Automóvil","Av Juan Domingo Peron Y Av Gral San Martin",2,1,0,0,1,0,0,,"S/D",,"VILLA GOBERNADOR GÁLVEZ","Rosario","Asfalto","No existe","II","S/D","Urbana","Ninguna","Funciona","Intersección","Bueno","Buena","Nocturna,Con luz artificial","Buen Tiempo","Lateral","S/D","Colisión","Ninguna","Faltante","Ninguna","Sin restricción"
2016,2775,5/24/2016,"Martes",0,15:30:00,,"0.0",2,"Moto/Ciclomotor,Automóvil","Bv San diego Y Av Juan Domingo Peron",3,2,0,0,1,0,0,,"Calle",,"VILLA GOBERNADOR GÁLVEZ","Rosario","Asfalto","No existe","II","Dentro","Urbana","Ninguna","Funciona","Intersección","Bueno","Buena","S/D","Buen Tiempo","Lateral","S/D","Colisión","Ninguna","Faltante","Ninguna","Sin restricción"
2016,2776,5/6/2016,"Viernes",0,12:30:00,,"0.0",2,"Peatón,Automóvil","Entre Rios Y Jujuy",2,1,0,0,1,0,0,,"Calle",,"ROSARIO","Rosario","Asfalto","Pavimento","II","Dentro","Urbana","Ninguna","No existe","Intersección","Bueno","Buena","Diurna","Buen Tiempo","S/D","Peatón","Atropello","S/D","Faltante","Ninguna","Sin restricción"
2016,2777,5/1/2016,"Domingo",1,11:30:00,,"0.0",2,"Moto/Ciclomotor,Camión","Av Gral San Martin Y Becquer",3,2,0,0,1,0,0,,"Calle",,"VILLA GOBERNADOR GÁLVEZ","Rosario","Asfalto","No existe","II","Dentro","Urbana","Ninguna","No existe","Intersección","Bueno","Buena","Diurna","Buen Tiempo","Lateral","S/D","Colisión","Ninguna","Faltante","Ninguna","Sin restricción"
2016,2778,5/9/2016,"Lunes",0,12:00:00,,"0.0",2,"Taxi/Remis,Moto/Ciclomotor","Sarmiento Y Santa Fe",2,1,0,0,1,0,0,,"Calle",,"ROSARIO","Rosario","Asfalto","Pavimento","II","Dentro","Urbana","Semáforo","Funciona","Intersección","Bueno","Buena","Diurna","Buen Tiempo","De alcance","S/D","Colisión","S/D","Vertical","Ninguna","Sin restricción"
2016,2779,5/10/2016,"Martes",0,12:30:00,,"0.0",2,"Bicicleta,Taxi/Remis","Dorrego Y Tucuman",2,1,0,0,1,0,0,,"Calle",,"ROSARIO","Rosario","Hormigón","Pavimento","II","Dentro","Urbana","Ninguna","No existe","Intersección","Bueno","Buena","Diurna","Buen Tiempo","S/D","Ciclista","Atropello","S/D","Faltante","Ninguna","Sin restricción"
2016,2780,5/18/2016,"Miercoles",0,8:00:00,,"0.0",2,"Taxi/Remis,Moto/Ciclomotor","Bv. Oroño Y Guemes",2,1,0,0,1,0,0,,"Calle",,"ROSARIO","Rosario","Asfalto","Pavimento","II","Dentro","Urbana","Semáforo","Funciona","Intersección","Bueno","Buena","Diurna","Buen Tiempo","S/D","S/D","Colisión","S/D","Vertical","Ninguna","Sin restricción"
2016,2781,5/16/2016,"Lunes",0,7:30:00,,"0.0",2,"Automóvil,Moto/Ciclomotor","España Y Urquiza",2,1,0,0,1,0,0,,"Calle",,"ROSARIO","Rosario","Hormigón","Pavimento","II","Dentro","Urbana","Ninguna","No existe","Intersección","S/D","Buena","Diurna","Buen Tiempo","De alcance","S/D","Colisión","S/D","Faltante","Ninguna","Sin restricción"
2016,2782,5/16/2016,"Lunes",0,20:00:00,,"0.0",2,"Automóvil,Automóvil","Catamarca Y Mariano Moreno",3,1,0,0,2,0,0,,"Calle",,"ROSARIO","Rosario","Asfalto","S/D","II","Dentro","Urbana","Ninguna","S/D","Intersección","Bueno","Buena","Diurna","Buen Tiempo","De alcance","S/D","Colisión","S/D","Faltante","Ninguna","Sin restricción"
2016,2783,5/24/2016,"Martes",0,15:00:00,,"0.0",2,"Taxi/Remis,Bicicleta","Bv. Oroño Y Tucuman",2,1,0,0,1,0,0,,"Calle",,"ROSARIO","Rosario","Hormigón","Pavimento","II","Dentro","Urbana","Ninguna","No existe","Intersección","Bueno","Buena","Diurna","Buen Tiempo","S/D","Ciclista","Atropello","S/D","Faltante","Ninguna","Sin restricción"
2016,2784,5/5/2016,"Jueves",0,19:00:00,,"0.0",2,"Moto/Ciclomotor,Automóvil","Av Gral San Martin 1900",2,1,0,0,1,0,0,,"Calle",,"VILLA GOBERNADOR GÁLVEZ","Rosario","Asfalto","No existe","II","Dentro","Urbana","Ninguna","No existe","Recta","Bueno","Buena","Atardecer","Buen Tiempo","Lateral","S/D","Colisión","Ninguna","Faltante","Ninguna","Sin restricción"
2016,2785,5/22/2016,"Domingo",0,20:50:00,,"0.0",2,"Moto/Ciclomotor,Automóvil","San Luis Y J A Roca",2,1,0,0,1,0,0,,"Calle",,"VILLA GOBERNADOR GÁLVEZ","Rosario","Asfalto","No existe","II","Dentro","Urbana","Ninguna","No existe","Intersección","Con baches","Buena","Con luz artificial","Buen Tiempo","Lateral","S/D","Colisión","Ninguna","Faltante","Ninguna","Sin restricción"