"anio_acci","nro_acci","fecha","desc_dia","fecha_aprox","hora_aprox","desc_ruta","km","cant_participantes","desc_participante","calle_avenida_km","total","heridos_leves","heridos_graves","heridos_gravisimos","ilesos","fallecidos","sin_datos","posicion_XY","desc_tipo_via","desc_ruta_ori","desc_loc","desc_dpto","desc_tipo_calzada","desc_tipo_banquina","desc_unidad_regional","desc_lugar_calzada","desc_zona","desc_prioridad","desc_estado_semaforo","desc_lugar_via","desc_estado_via","desc_estado_visibilidad","desc_luminosidad","desc_estado_clima","desc_tipo_colision","desc_tipo_atropello","desc_tipo_hecho","desc_pres_calzada","desc_senializacion","desc_separacion_via","desc_restriccion"
2016,2786,5/29/2016,"Domingo",0,8:00:00,,"0.0",1,"Automóvil","Av Gral San Martin Y Guido y Spano",2,2,0,0,0,0,0,,"Calle",,"VILLA GOBERNADOR GÁLVEZ","Rosario","Asfalto","No existe","II","Dentro","Urbana","Ninguna","No existe","Intersección","Bueno","Buena","Diurna","Buen Tiempo","Contra objeto fijo","S/D","Colisión","Ninguna","Faltante","Ninguna","Sin restricción"
2016,2787,5/9/2016,"Lunes",0,12:13:00,,"0.0",2,"Automóvil,Automóvil","Av. Pte.Peron Y Av. E.Lopez",2,1,0,0,1,0,0,,"S/D",,"ROSARIO","Rosario","Asfalto","No existe","II","S/D","S/D","Ninguna","No existe","Recta","Deteriorada","Buena","Diurna","Buen Tiempo","De alcance","S/D","Colisión","S/D","Faltante","Ninguna","Sin restricción"
2016,2788,5/10/2016,"Martes",0,17:07:00,,"0.0",2,"Moto/Ciclomotor,Automóvil","Av Juan Domingo Peron Y Cordoba",2,0,0,0,1,0,1,,"Calle",,"VILLA GOBERNADOR GÁLVEZ","Rosario","Asfalto","No existe","II","S/D","Urbana","Ninguna","No existe","Recta","Deteriorada","Buena","Diurna","Buen Tiempo","De alcance","S/D","Colisión","Ninguna","Faltante","Ninguna","Sin restricción"
2016,2789,5/13/2016,"Viernes",0,16:15:00,"Ruta Nacional 11","0.0",2,"Camión,Moto/Ciclomotor","Monteagudo ",2,1,0,0,1,0,0,,"Ruta",11,"SANTO TOMÉ","La Capital","Asfalto","No existe","I","Dentro","Urbana","Marca Vial","No existe","Intersección","Resbaladiza","Buena","Diurna","Buen Tiempo","Frontal","S/D","Colisión","S/D","Horizontal","S/D","Sin restricción"
2016,2790,5/19/2016,"Jueves",0,13:00:00,,"0.0",2,"Moto/Ciclomotor,Automóvil","4 de enero Y Martin Zavalla",2,0,0,0,0,0,2,,"Calle",,"SANTO TOMÉ","La Capital","Tierra","No existe","I","Dentro","Urbana","S/D","No existe","Intersección","Bueno","Buena","Diurna","Buen Tiempo","Lateral","S/D","Colisión","S/D","S/D","Ninguna","Sin restricción"
2016,2791,5/19/2016,"Jueves",0,19:45:00,,"0.0",2,"Bicicleta,Automóvil","12 de septiembre ",2,1,0,0,1,0,0,,"Calle",,"SANTO TOMÉ","La Capital","Asfalto","No existe","I","Dentro","Urbana","Ninguna","No existe","Intersección","Bueno","Buena","Atardecer,Con luz artificial","Buen Tiempo","S/D","Ciclista","Atropello","S/D","Vertical","Ninguna","Sin restricción"
2016,2792,5/25/2016,"Miercoles",0,11:45:00,,"0.0",2,"Automóvil,Moto/Ciclomotor","Primera Junta 4400",2,1,0,0,1,0,0,,"Calle",,"SANTO TOMÉ","La Capital","Asfalto","Ripio","I","Dentro","Urbana","Ninguna","No existe","Curva","Bueno","Buena","Diurna","Buen Tiempo","Lateral","S/D","Colisión","S/D","Faltante","Línea divisoria pintada","Sin restricción"
2016,2793,5/12/2016,"Jueves",0,22:00:00,,"0.0",2,"Moto/Ciclomotor,Automóvil","17 de Octubre Y Saenz Peña",2,1,0,0,1,0,0,,"S/D",,"VILLA GOBERNADOR GÁLVEZ","Rosario","Asfalto","No existe","II","S/D","Urbana","Ninguna","No existe","Recta","Deteriorada","Buena","Diurna","Buen Tiempo","De alcance","S/D","Colisión","Ninguna","Faltante","Ninguna","Sin restricción"
2016,2794,5/28/2016,"Sabado",0,1:35:00,,"0.0",2,"Automóvil,Moto/Ciclomotor","Avenida Nuestra Señora del Luj Y 12 de septiembre",2,1,0,0,1,0,0,,"Calle",,"SANTO TOMÉ","La Capital","Asfalto","No existe","I","Dentro","Urbana","Ninguna","No existe","Intersección","Bueno","Buena","Nocturna,Con luz artificial","Buen Tiempo","Lateral","S/D","Colisión","S/D","Vertical","S/D","Sin restricción"
2016,2795,5/15/2016,"Domingo",0,7:15:00,"Ruta Nacional 11","0.0",2,"Pickup/Utilitario,Peatón","Juan de Garay Y Artigas",2,0,1,0,1,0,0,,"Ruta",11,"RECREO","La Capital","Asfalto","Natural","I","Dentro","Urbana","Ninguna","No existe","Intersección","Bueno","Buena","Amanecer,Con luz artificial","Buen Tiempo","S/D","Peatón","Atropello","S/D","Horizontal","Línea divisoria pintada","Sin restricción"
2016,2796,5/23/2016,"Lunes",0,3:30:00,"Ruta Provincial 70","0.0",3,"Transporte de Pasajeros Larga Distancia (Piso  y  1/2),Transporte de Pasajeros Larga Distancia (Piso  y  1/2),Automóvil","Av de Circunvalacion ",5,1,1,0,3,0,0,,"Ruta",70,"RECREO","La Capital","Asfalto","Natural","I","Dentro","Urbana","Ninguna","No existe","Recta","Bueno","Reducida","Nocturna","Buen Tiempo","Múltiple","S/D","Colisión","S/D","Horizontal","Guardarrail","Sin restricción"
2016,2797,5/15/2016,"Domingo",0,18:50:00,,"0.0",2,"Automóvil,Moto/Ciclomotor","17 de Octubre Y I A Edison",2,1,0,0,1,0,0,,"Calle",,"VILLA GOBERNADOR GÁLVEZ","Rosario","Asfalto","No existe","II","S/D","Urbana","Ninguna","No existe","Recta","Con baches,Deteriorada","Buena","Diurna","Buen Tiempo","De alcance","S/D","Colisión","Ninguna","Faltante","Ninguna","Sin restricción"
2016,2798,5/30/2016,"Lunes",0,17:10:00,,"0.0",2,"Moto/Ciclomotor,Automóvil","17 de Octubre Y Dorrego",2,1,0,0,1,0,0,,"S/D",,"VILLA GOBERNADOR GÁLVEZ","Rosario","Asfalto","No existe","II","S/D","S/D","Ninguna","No existe","Recta","Bueno","Buena","Diurna","Viento Fuerte","De alcance","S/D","Colisión","Ninguna","Faltante","Ninguna","Sin restricción"
2016,2799,3/28/2016,"Lunes",0,17:00:00,"Ruta Nacional 11","0.0",2,"Automóvil,Bicicleta","Juan de Garay Y Jorge Luis Borges",2,1,0,0,1,0,0,,"Ruta",11,"RECREO","La Capital","Asfalto","Natural","I","Dentro","Urbana","Ninguna","No existe","Recta","Bueno","Buena","Diurna","Buen Tiempo","S/D","Ciclista","Atropello","S/D","Horizontal","Línea divisoria pintada","Sin restricción"
2016,2800,5/16/2016,"Lunes",0,,,"0.0",2,"Moto/Ciclomotor,Automóvil","Av. Eva Peron Y Pte.Roca",2,1,0,0,1,0,0,,"Calle",,"ROSARIO","Rosario","Asfalto","No existe","II","Dentro","Urbana","Ninguna","No existe","Intersección","Deteriorada","Buena","Diurna","Buen Tiempo","Lateral","S/D","Colisión","Ninguna","Faltante","Cordón divisorio","Sin restricción"
2016,2801,5/21/2016,"Sabado",0,18:10:00,,"0.0",2,"Automóvil,Moto/Ciclomotor","Av Santa Fe Y Santiago del Estero",2,1,0,0,1,0,0,,"Calle",,"NELSON","La Capital","Asfalto","Natural","I","Dentro","Urbana","Ninguna","No existe","Intersección","Bueno","Buena","Atardecer","Buen Tiempo","S/D","S/D","Colisión","S/D","Faltante","Ninguna","Sin restricción"
2016,2802,5/4/2016,"Miercoles",0,13:40:00,"Ruta Provincial 4","0.0",2,"Automóvil,Automóvil"," ",3,1,0,0,2,0,0,,"Ruta",4,"NELSON","La Capital","Asfalto","Natural","I","Dentro","Urbana","Ninguna","No existe","Recta","Bueno","Buena","Diurna","Buen Tiempo","Frontal","S/D","Colisión","S/D","Faltante","Ninguna","Sin restricción"
2016,2803,5/13/2016,"Viernes",0,,,"0.0",2,"Transporte de Pasajeros Urbano (> 8 asientos),Moto/Ciclomotor","Bv. Wilde Y Navarro",2,1,0,0,1,0,0,,"Calle",,"ROSARIO","Rosario","Asfalto","No existe","II","Dentro","Urbana","Ninguna","No existe","Intersección","Bueno","Buena","Diurna","Buen Tiempo","Lateral","S/D","Colisión","Ninguna","Faltante","Ninguna","Sin restricción"
2016,2804,5/4/2016,"Miercoles",0,13:30:00,"Ruta Nacional 11","0.0",2,"Moto/Ciclomotor,Camión c / Acoplado"," ",2,1,0,0,1,0,0,,"Ruta",11,"RECREO","La Capital","Asfalto","Natural","I","Dentro","Urbana","Ninguna","No existe","Cruce","Bueno","Buena","Diurna","Buen Tiempo","Lateral","S/D","Colisión","S/D","Vertical","Línea divisoria pintada","Sin restricción"
2016,2805,5/19/2016,"Jueves",0,,,"0.0",2,"Automóvil,Bicicleta"," ",2,1,0,0,1,0,0,,"Calle",,"ROSARIO","Rosario","Asfalto","No existe","II","Dentro","Urbana","Ninguna","No existe","Intersección","Bueno","Buena","Diurna","Buen Tiempo","S/D","Ciclista","Atropello","Ninguna","Faltante","Cordón divisorio","Sin restricción"
2016,2806,5/16/2016,"Lunes",0,2:00:00,"Ruta Provincial 21","13.0",2,"Automóvil,Moto/Ciclomotor"," ",2,0,1,0,1,0,0,,"Ruta",21,"GENERAL LAGOS","Rosario","Asfalto","Natural","II","Dentro","Rural","Ninguna","No existe","Recta","Bueno","Reducida","Nocturna,Con luz artificial","Buen Tiempo","De alcance","S/D","Colisión","S/D","Faltante","Ninguna","Sin restricción"
2016,2807,5/14/2016,"Sabado",0,8:40:00,"Ruta Nacional 11","482.0",2,"Moto/Ciclomotor,Automóvil"," ",3,2,0,0,1,0,0,,"Ruta",11,"RECREO","La Capital","Asfalto","Natural","I","Dentro","Urbana","Ninguna","No existe","Curva","Bueno","Buena","Diurna","Buen Tiempo","S/D","S/D","Colisión","S/D","Vertical","Línea divisoria pintada","Sin restricción"
2016,2808,5/8/2016,"Domingo",0,7:40:00,"Ruta Provincial 21","12.5",1,"Automóvil"," ",2,1,0,0,1,0,0,,"Ruta",21,"GENERAL LAGOS","Rosario","Asfalto","Natural","II","Fuera","Rural","Ninguna","No existe","Recta","Bueno","Buena","Diurna","Buen Tiempo","Otro","S/D","Vuelco","S/D","S/D","Ninguna","Sin restricción"
2016,2809,5/18/2016,"Miercoles",0,10:00:00,,"0.0",2,"Moto/Ciclomotor,Taxi/Remis","Azcuenaga 5800",2,1,0,0,1,0,0,,"Calle",,"SANTA FE","La Capital","Asfalto","Pavimento","I","Dentro","Urbana","Ninguna","No existe","Recta","Deteriorada","Buena","Diurna","Buen Tiempo","Lateral","S/D","Colisión","Agua","Vertical","Ninguna","Sin restricción"
2016,2810,5/7/2016,"Sabado",0,16:00:00,,"0.0",2,"Bicicleta,Moto/Ciclomotor","RUBINI 0",2,1,0,0,1,0,0,,"Calle",,"ALVEAR","Rosario","Asfalto","Natural","II","Dentro","Rural","Ninguna","No existe","Recta","Bueno","Buena","Diurna","Buen Tiempo","S/D","Ciclista","Atropello","S/D","S/D","Ninguna","S/D"
2016,2811,5/18/2016,"Miercoles",0,22:15:00,,"0.0",2,"Moto/Ciclomotor,Pickup/Utilitario","Av Blas Parera Y Don Guanella",2,1,0,0,1,0,0,,"Calle",,"SANTA FE","La Capital","Hormigón","Pavimento","I","Dentro","Urbana","Otra Señal","No existe","Intersección","Deteriorada","Reducida","Nocturna,Con luz artificial","Buen Tiempo","Lateral","S/D","Colisión","Agua","Horizontal,Vertical","S/D","Obra en Construcción"
2016,2812,5/22/2016,"Domingo",0,19:00:00,,"0.0",2,"Moto/Ciclomotor,Automóvil","Av Blas Parera Y Beruti",2,0,1,0,1,0,0,,"Calle",,"SANTA FE","La Capital","Hormigón","Pavimento","I","Dentro","Urbana","Otra Señal","No existe","Intersección","Deteriorada","Buena","Atardecer","Buen Tiempo","S/D","S/D","Colisión","Material Suelto","Horizontal,Vertical","Ninguna","Obra en Construcción"
2016,2813,5/24/2016,"Martes",0,8:50:00,,"0.0",2,"Automóvil,Transporte de Pasajeros Urbano (> 8 asientos)","J Castelli Y Estrada",4,2,0,0,2,0,0,,"Calle",,"SANTA FE","La Capital","Hormigón","Pavimento","I","Dentro","Urbana","Ninguna","No existe","Intersección","Bueno","Buena","Diurna","Buen Tiempo","Lateral","S/D","Colisión","Agua","Vertical","Ninguna","Sin restricción"
2016,2814,5/7/2016,"Sabado",0,5:40:00,"Ruta Nacional A012","5.5",2,"Camión,Pickup/Utilitario"," ",2,1,0,0,1,0,0,,"Ruta","A012","ALVEAR","Rosario","Asfalto","Natural","II","Dentro","Rural","Ninguna","No existe","Recta","Deteriorada","Buena","Amanecer","Buen Tiempo","Lateral","S/D","Colisión","S/D","S/D","Línea divisoria pintada","S/D"
2016,2815,5/24/2016,"Martes",0,11:30:00,,"0.0",2,"Peatón,Automóvil","Av Peñaloza Y Alberti",2,1,0,0,1,0,0,,"Calle",,"SANTA FE","La Capital","Asfalto","Pavimento","I","Dentro","Urbana","Ninguna","No existe","Intersección","Bueno","Buena","Diurna","Buen Tiempo","S/D","Peatón","Atropello","S/D","Faltante","Cordón divisorio","Sin restricción"
2016,2816,5/13/2016,"Viernes",0,19:25:00,"Autopista Nacional Gral. Juan Jose Valle","0.0",2,"Automóvil,Camión","RUTA NACIONAL 9 Y RUTA A012",6,4,0,0,2,0,0,,"Autopista","Gral. Juan Jose Valle","ALVEAR","Rosario","Asfalto","Natural","II","Dentro","Rural","Ninguna","No existe","Curva","Bueno","Buena","Con luz artificial","Buen Tiempo","Lateral","S/D","Colisión","S/D","S/D","Ninguna","S/D"
2016,2817,5/13/2016,"Viernes",0,5:40:00,,"0.0",2,"Automóvil,Moto/Ciclomotor","Mitre Y Avellaneda",3,2,0,0,1,0,0,,"S/D",,"VILLA GOBERNADOR GÁLVEZ","Rosario","Asfalto","No existe","II","S/D","Urbana","Ninguna","No existe","Intersección","Bueno","Buena","Amanecer","Buen Tiempo","Otro","S/D","Colisión","Ninguna","Faltante","Ninguna","Sin restricción"
2016,2818,5/11/2016,"Miercoles",0,17:00:00,,"0.0",2,"Automóvil,Moto/Ciclomotor","Av del Libertador Y Juan B Justo",2,1,0,0,1,0,0,,"S/D",,"VILLA GOBERNADOR GÁLVEZ","Rosario","Tierra","No existe","II","S/D","Urbana","Ninguna","No existe","Intersección","Deteriorada","Buena","Diurna","Buen Tiempo","Otro","S/D","Despeñamiento","Ninguna","Faltante","Ninguna","Sin restricción"
2016,2819,5/9/2016,"Lunes",0,14:30:00,,"0.0",2,"Peatón,Automóvil","Buenos Aires Y Balcarce",2,1,0,0,1,0,0,,"S/D",,"VILLA GOBERNADOR GÁLVEZ","Rosario","Asfalto","No existe","II","S/D","Urbana","Ninguna","No existe","Intersección","Con baches","Buena","Diurna","Buen Tiempo","S/D","Peatón","Atropello","Ninguna","Faltante","Ninguna","Sin restricción"
2016,2820,5/5/2016,"Jueves",0,17:30:00,,"0.0",2,"Pickup/Utilitario,Moto/Ciclomotor","Brown Y Galvez",3,2,0,0,1,0,0,,"S/D",,"VILLA GOBERNADOR GÁLVEZ","Rosario","S/D","S/D","II","S/D","Urbana","S/D","S/D","S/D","S/D","S/D","Diurna","S/D","S/D","S/D","S/D","S/D","S/D","S/D","S/D"
2016,2821,5/4/2016,"Miercoles",0,18:00:00,,"0.0",2,"Pickup/Utilitario,Moto/Ciclomotor","Pasteur Y Eva Peron",4,2,0,0,0,0,2,,"Calle",,"VILLA GOBERNADOR GÁLVEZ","Rosario","Asfalto","No existe","II","S/D","Urbana","Ninguna","No existe","Intersección","Bueno","Buena","Atardecer","Buen Tiempo","Otro","S/D","Colisión","Ninguna","Faltante","Ninguna","Sin restricción"
2016,2822,5/21/2016,"Sabado",0,,,"0.0",2,"Moto/Ciclomotor,Camión"," ",2,1,0,0,0,0,1,,"S/D",,"ROSARIO","Rosario","S/D","S/D","II","S/D","Urbana","S/D","S/D","Intersección","S/D","S/D","S/D","S/D","S/D","S/D","S/D","S/D","S/D","S/D","S/D"
2016,2823,5/1/2016,"Domingo",0,12:30:00,,"0.0",2,"Automóvil,Bicicleta","Rivarola ",2,0,0,0,0,0,2,,"S/D",,"ROSARIO","Rosario","Asfalto","No existe","II","S/D","Urbana","S/D","S/D","Intersección","Con baches","S/D","Diurna","S/D","S/D","Ciclista","Atropello","S/D","S/D","S/D","S/D"
2016,2824,5/4/2016,"Miercoles",0,17:20:00,,"0.0",2,"Moto/Ciclomotor,Automóvil","Av. Eva Peron Y Camilo Aldao",2,1,0,0,1,0,0,,"S/D",,"ROSARIO","Rosario","Hormigón","No existe","II","Dentro","Urbana","Ninguna","No existe","Intersección","Bueno","Buena","Atardecer","Otro","Lateral","S/D","Colisión","Ninguna","Faltante","Ninguna","Sin restricción"
2016,2825,5/14/2016,"Sabado",0,21:00:00,,"0.0",2,"Moto/Ciclomotor,Automóvil","Bv. 27 De Febrero Y Garzon",2,1,0,0,0,0,1,,"S/D",,"ROSARIO","Rosario","S/D","No existe","II","Dentro","Urbana","Ninguna","No existe","Intersección","Otro","Buena","Nocturna","Otro","Lateral","S/D","Colisión","Ninguna","Faltante","Ninguna","Sin restricción"
2016,2826,5/15/2016,"Domingo",0,17:30:00,"Autopista Nacional Gral. Juan Jose Valle","273.0",4,"Automóvil,Automóvil,Automóvil,Automóvil"," ",10,5,0,0,5,0,0,,"Autopista","Gral. Juan Jose Valle","GENERAL LAGOS","Rosario","Asfalto","Natural","II","Dentro","Rural","Marca Vial","Intermitente","Recta","Bueno","Buena","Atardecer","Buen Tiempo","Múltiple","S/D","Colisión","S/D","Horizontal,Vertical","Vegetación","Sin restricción"
2016,2827,5/21/2016,"Sabado",0,12:00:00,,"0.0",2,"Moto/Ciclomotor,Automóvil","Av. Pte.Peron Y Peru",2,1,0,0,1,0,0,,"Calle",,"ROSARIO","Rosario","Asfalto","No existe","II","Dentro","Urbana","Ninguna","No existe","Intersección","S/D","Buena","Diurna","Buen Tiempo","S/D","S/D","Colisión","S/D","Faltante","Ninguna","Sin restricción"
2016,2828,5/24/2016,"Martes",0,10:30:00,,"0.0",2,"Moto/Ciclomotor,Automóvil","Ocampo Y P.L.Funes",2,1,0,0,1,0,0,,"Calle",,"ROSARIO","Rosario","Asfalto","No existe","II","Dentro","Urbana","S/D","No existe","Intersección","S/D","Reducida","Diurna","S/D","Lateral","S/D","Colisión","S/D","Faltante","Ninguna","Sin restricción"
2016,2829,5/23/2016,"Lunes",0,15:00:00,,"0.0",2,"Bicicleta,Automóvil","Camilo Aldao Y Pasco",2,1,0,0,1,0,0,,"Calle",,"ROSARIO","Rosario","Asfalto","S/D","II","Dentro","Urbana","S/D","S/D","Intersección","Bueno","Buena","Diurna","Buen Tiempo","Lateral","Ciclista","Atropello","S/D","S/D","S/D","S/D"
2016,2830,5/23/2016,"Lunes",0,6:00:00,,"0.0",2,"Moto/Ciclomotor,Automóvil","La Paz Y Bolivia",2,1,0,0,1,0,0,,"Calle",,"ROSARIO","Rosario","Asfalto","S/D","II","Dentro","Urbana","S/D","S/D","Intersección","Bueno","Buena","Amanecer","Buen Tiempo","Lateral","S/D","Colisión","S/D","S/D","S/D","Sin restricción"
2016,2831,5/18/2016,"Miercoles",0,18:00:00,,"0.0",2,"Moto/Ciclomotor,Moto/Ciclomotor","Viamonte Y P.L.Funes",2,1,0,0,1,0,0,,"Calle",,"ROSARIO","Rosario","Asfalto","S/D","II","Dentro","Urbana","S/D","S/D","Intersección","Bueno","Buena","Diurna","Buen Tiempo","Lateral","S/D","Colisión","S/D","S/D","S/D","S/D"
2016,2832,5/12/2016,"Jueves",0,13:00:00,,"0.0",2,"Moto/Ciclomotor,Automóvil","Av. Provincias Unidas Y Neuquen",2,1,0,0,1,0,0,,"Calle",,"ROSARIO","Rosario","Asfalto","S/D","II","Dentro","Urbana","S/D","S/D","Intersección","Bueno","S/D","Diurna","Buen Tiempo","Lateral","S/D","Colisión","S/D","S/D","S/D","S/D"
2016,2833,5/6/2016,"Viernes",0,8:00:00,,"0.0",2,"Moto/Ciclomotor,Automóvil","Av. Provincias Unidas Y Derqui",2,1,0,0,1,0,0,,"Calle",,"ROSARIO","Rosario","Asfalto","S/D","II","Dentro","Urbana","S/D","S/D","Intersección","Bueno","Buena","Diurna","S/D","Lateral","S/D","Colisión","S/D","S/D","S/D","Sin restricción"
2016,2834,5/3/2016,"Martes",0,,,"0.0",2,"Automóvil,Automóvil","Av. Uriburu 7600",2,2,0,0,0,0,0,,"Calle",,"ROSARIO","Rosario","Hormigón","S/D","II","Dentro","Urbana","S/D","S/D","Recta","S/D","S/D","S/D","S/D","S/D","S/D","Colisión","S/D","S/D","S/D","S/D"
2016,2835,5/16/2016,"Lunes",0,,,"0.0",2,"Automóvil,Moto/Ciclomotor","Pje. 1736 ",2,1,0,0,0,0,1,,"Calle",,"ROSARIO","Rosario","Asfalto","S/D","II","Dentro","Urbana","S/D","S/D","Intersección","S/D","S/D","S/D","S/D","S/D","S/D","Colisión","S/D","S/D","S/D","S/D"
2016,2836,5/9/2016,"Lunes",0,,,"0.0",2,"Moto/Ciclomotor,Otros","Bv. 27 De Febrero Y Nicaragua",3,2,0,0,0,0,1,,"Calle",,"ROSARIO","Rosario","S/D","S/D","II","Dentro","Urbana","S/D","S/D","Intersección","S/D","S/D","S/D","S/D","S/D","S/D","Colisión","S/D","S/D","S/D","S/D"
2016,2837,5/9/2016,"Lunes",0,,,"0.0",2,"Moto/Ciclomotor,Peatón","Amenabar Y Av. Provincias Unidas",2,0,0,0,0,0,2,,"Calle",,"ROSARIO","Rosario","S/D","S/D","II","Dentro","Urbana","S/D","S/D","Intersección","S/D","S/D","S/D","S/D","S/D","Peatón","Atropello","S/D","S/D","S/D","S/D"
2016,2838,5/11/2016,"Miercoles",0,,,"0.0",2,"Automóvil,Tractor","Rivarola ",2,0,0,0,1,0,1,,"Calle",,"ROSARIO","Rosario","S/D","S/D","II","Dentro","Urbana","S/D","S/D","Intersección","S/D","S/D","S/D","S/D","S/D","S/D","Colisión","S/D","S/D","S/D","S/D"
2016,2839,5/14/2016,"Sabado",0,,,"0.0",2,"Automóvil,Otros","Godoy Cruz Y Lamadrid",2,1,0,0,0,0,1,,"Calle",,"ROSARIO","Rosario","S/D","S/D","II","Dentro","Urbana","S/D","S/D","Intersección","S/D","S/D","S/D","S/D","S/D","S/D","Colisión","S/D","S/D","S/D","S/D"
2016,2840,5/14/2016,"Sabado",0,,,"0.0",2,"Automóvil,Moto/Ciclomotor","Rueda ",2,2,0,0,0,0,0,,"Calle",,"ROSARIO","Rosario","S/D","S/D","II","Dentro","Urbana","S/D","S/D","Intersección","S/D","S/D","S/D","S/D","S/D","S/D","Colisión","S/D","S/D","S/D","S/D"
2016,2841,5/15/2016,"Domingo",0,,,"0.0",2,"Moto/Ciclomotor,Automóvil","Rivarola ",2,1,0,0,0,0,1,,"Calle",,"ROSARIO","Rosario","S/D","S/D","II","Dentro","Urbana","S/D","S/D","Intersección","S/D","S/D","S/D","S/D","S/D","S/D","Colisión","S/D","S/D","S/D","S/D"
2016,2842,5/26/2016,"Jueves",0,8:10:00,,"0.0",2,"Moto/Ciclomotor,Automóvil","Vera Y Pje Paraguay",2,1,0,0,1,0,0,,"Calle",,"SANTA FE","La Capital","Asfalto","S/D","I","Dentro","Urbana","S/D","S/D","Intersección","S/D","Buena","Diurna","S/D","S/D","S/D","Colisión","S/D","S/D","S/D","S/D"
2016,2843,5/26/2016,"Jueves",0,14:40:00,,"0.0",2,"Automóvil,Automóvil","Bv Pellegrini Y Av Freyre",3,1,0,0,2,0,0,,"Calle",,"SANTA FE","La Capital","Asfalto","S/D","I","Dentro","Urbana","S/D","S/D","Intersección","S/D","Buena","Diurna","S/D","S/D","S/D","Colisión","S/D","S/D","S/D","S/D"
2016,2844,5/27/2016,"Viernes",0,20:45:00,,"0.0",2,"Bicicleta,Automóvil","Francia Y Salvador Caputo",2,1,0,0,1,0,0,,"Calle",,"SANTA FE","La Capital","Asfalto","S/D","I","Dentro","Urbana","S/D","S/D","Intersección","S/D","S/D","Nocturna","S/D","S/D","Ciclista","Atropello","S/D","S/D","S/D","S/D"
2016,2845,5/29/2016,"Domingo",0,19:40:00,,"0.0",2,"Automóvil,Automóvil","Bv Pellegrini Y Av Freyre",2,1,0,0,1,0,0,,"Calle",,"SANTA FE","La Capital","Asfalto","S/D","I","Dentro","Urbana","S/D","S/D","Intersección","S/D","S/D","Diurna","S/D","S/D","S/D","Colisión","S/D","S/D","S/D","S/D"
2016,2846,5/30/2016,"Lunes",0,11:55:00,,"0.0",2,"Moto/Ciclomotor,Automóvil","Av Freyre Y Junin",2,1,0,0,1,0,0,,"Calle",,"SANTA FE","La Capital","Asfalto","S/D","I","Dentro","Urbana","S/D","S/D","Intersección","S/D","Buena","Diurna","S/D","S/D","S/D","Colisión","S/D","S/D","S/D","S/D"
2016,2847,5/31/2016,"Martes",0,10:45:00,,"0.0",2,"Automóvil,Automóvil","Av Facundo Zuviria Y Fray Mamerto Esquiu",2,1,0,0,1,0,0,,"Calle",,"SANTA FE","La Capital","Asfalto","S/D","I","Dentro","Urbana","S/D","S/D","Intersección","S/D","S/D","Diurna","S/D","S/D","S/D","Colisión","S/D","S/D","S/D","S/D"
2016,2849,5/28/2016,"Sabado",0,15:35:00,,"0.0",2,"Otros,Otros","Presidente Roca Y Av Facundo Zuviria",2,0,0,0,0,0,2,,"Calle",,"SANTA FE","La Capital","S/D","S/D","I","Dentro","Urbana","S/D","S/D","S/D","S/D","Buena","Diurna","S/D","S/D","S/D","Colisión","S/D","S/D","S/D","S/D"
2016,2850,5/24/2016,"Martes",0,19:15:00,,"0.0",2,"Moto/Ciclomotor,Automóvil","Av Peñaloza Y Llerena",2,1,0,0,1,0,0,,"Calle",,"SANTA FE","La Capital","Asfalto","No existe","I","Dentro","Urbana","Ninguna","No existe","Recta","Bueno","Buena","Diurna","Buen Tiempo","Lateral","S/D","Colisión","S/D","Faltante","Cordón divisorio","Sin restricción"
2016,2851,5/12/2016,"Jueves",0,18:00:00,,"0.0",2,"Peatón,Moto/Ciclomotor","Estanislao Zeballos Y Av Facundo Zuviria",2,1,0,0,1,0,0,,"Calle",,"SANTA FE","La Capital","Asfalto","No existe","I","Dentro","Urbana","Semáforo","Funciona","Intersección","Bueno","Buena","Diurna","Buen Tiempo","Lateral","Peatón","Atropello","S/D","Faltante","Cordón divisorio","Sin restricción"
2016,2852,5/21/2016,"Sabado",0,,,"0.0",2,"Automóvil,Moto/Ciclomotor","Ricardo Aldao Y San Lorenzo",2,1,0,0,1,0,0,,"Calle",,"SANTA FE","La Capital","Asfalto","No existe","I","Dentro","Urbana","Ninguna","No existe","Intersección","Bueno","Buena","Diurna","Buen Tiempo","Lateral","S/D","Colisión","S/D","S/D","Ninguna","Sin restricción"
2016,2853,5/16/2016,"Lunes",0,0:00:00,,"0.0",2,"Automóvil,Moto/Ciclomotor","Diagonal Goyena Y Dr Zavalla",2,0,1,0,1,0,0,,"Calle",,"SANTA FE","La Capital","Asfalto","No existe","I","Dentro","Urbana","Ninguna","No existe","Intersección","Bueno","Buena","Nocturna","Buen Tiempo","Lateral","S/D","Colisión","S/D","Faltante","Ninguna","Sin restricción"
2016,2854,5/3/2016,"Martes",0,18:30:00,,"0.0",2,"Moto/Ciclomotor,Automóvil","J Castelli Y Av Urquiza",2,1,0,0,1,0,0,,"Calle",,"SANTA FE","La Capital","Asfalto","No existe","I","Dentro","Urbana","Ninguna","No existe","Intersección","Bueno","Buena","Atardecer,Con luz artificial","Buen Tiempo","Lateral","S/D","Colisión","S/D","Faltante","Ninguna","Sin restricción"
2016,2855,5/4/2016,"Miercoles",0,10:00:00,,"0.0",2,"Moto/Ciclomotor,Pickup/Utilitario","J Castelli Y 1ro de Mayo",2,1,0,0,1,0,0,,"Calle",,"SANTA FE","La Capital","Asfalto","No existe","I","Dentro","Urbana","Ninguna","No existe","Intersección","Bueno","Buena","Diurna","Buen Tiempo","Lateral","S/D","Colisión","S/D","Faltante","Ninguna","Sin restricción"