"anio_acci","nro_acci","fecha","desc_dia","fecha_aprox","hora_aprox","desc_ruta","km","cant_participantes","desc_participante","calle_avenida_km","total","heridos_leves","heridos_graves","heridos_gravisimos","ilesos","fallecidos","sin_datos","posicion_XY","desc_tipo_via","desc_ruta_ori","desc_loc","desc_dpto","desc_tipo_calzada","desc_tipo_banquina","desc_unidad_regional","desc_lugar_calzada","desc_zona","desc_prioridad","desc_estado_semaforo","desc_lugar_via","desc_estado_via","desc_estado_visibilidad","desc_luminosidad","desc_estado_clima","desc_tipo_colision","desc_tipo_atropello","desc_tipo_hecho","desc_pres_calzada","desc_senializacion","desc_separacion_via","desc_restriccion"
2016,2856,5/5/2016,"Jueves",0,18:30:00,,"0.0",2,"Moto/Ciclomotor,Automóvil","1ro de Mayo Y Pedro Ferre",4,3,0,0,1,0,0,,"Calle",,"SANTA FE","La Capital","Hormigón","No existe","I","Dentro","Urbana","Ninguna","No existe","Intersección","Bueno","Buena","Atardecer,Con luz artificial","Buen Tiempo","Lateral","S/D","Colisión","S/D","Faltante","Ninguna","Sin restricción"
2016,2857,5/5/2016,"Jueves",0,20:30:00,,"0.0",2,"Automóvil,Moto/Ciclomotor","Av A del Valle Y Boneo",3,2,0,0,1,0,0,,"Calle",,"SANTA FE","La Capital","Asfalto","No existe","I","Dentro","Urbana","Ninguna","No existe","Intersección","Bueno","Buena","Nocturna,Con luz artificial","Buen Tiempo","Lateral","S/D","Colisión","S/D","Faltante","Ninguna","Sin restricción"
2016,2858,5/6/2016,"Viernes",0,13:15:00,,"0.0",2,"Moto/Ciclomotor,Pickup/Utilitario","Av A del Valle Y J M Zuviria",2,0,1,0,1,0,0,,"Calle",,"SANTA FE","La Capital","Hormigón","No existe","I","Dentro","Urbana","Semáforo","Funciona","Intersección","Bueno","Buena","Diurna","Buen Tiempo","Lateral","S/D","Colisión","S/D","Vertical","Ninguna","Sin restricción"
2016,2859,5/27/2016,"Viernes",0,17:10:00,,"0.0",2,"Moto/Ciclomotor,Automóvil","Cardenal Fasolino Y Risso",4,3,0,0,1,0,0,,"Calle",,"SANTA FE","La Capital","Asfalto","S/D","I","Dentro","Urbana","S/D","S/D","Intersección","Bueno","Buena","Diurna","S/D","Lateral","S/D","Colisión","S/D","S/D","S/D","S/D"
2016,2860,5/25/2016,"Miercoles",0,10:50:00,,"0.0",2,"Pickup/Utilitario,Automóvil","Javier de la Rosa 400",2,1,0,0,1,0,0,,"Calle",,"SANTA FE","La Capital","Asfalto","S/D","I","Dentro","Urbana","S/D","S/D","Intersección","Bueno","Buena","Diurna","S/D","Lateral","S/D","Colisión","S/D","S/D","S/D","S/D"
2016,2861,5/19/2016,"Jueves",0,19:30:00,,"0.0",2,"Moto/Ciclomotor,Automóvil","Av Galicia Y Rivadavia",2,1,0,0,1,0,0,,"Calle",,"SANTA FE","La Capital","Asfalto","S/D","I","Dentro","Urbana","S/D","S/D","Intersección","Bueno","Buena","Atardecer,Con luz artificial","S/D","Lateral","S/D","Colisión","S/D","S/D","S/D","S/D"
2016,2862,5/17/2016,"Martes",0,20:10:00,,"0.0",2,"Moto/Ciclomotor,Automóvil","Pavon Y Rivadavia",2,1,0,0,1,0,0,,"Calle",,"SANTA FE","La Capital","Asfalto","S/D","I","Dentro","Urbana","S/D","S/D","Intersección","Bueno","Buena","Nocturna,Con luz artificial","S/D","Frontal","S/D","Colisión","S/D","S/D","S/D","S/D"
2016,2863,5/17/2016,"Martes",0,10:00:00,,"0.0",2,"Automóvil,Moto/Ciclomotor","Las Heras Y Risso",2,1,0,0,1,0,0,,"Calle",,"SANTA FE","La Capital","Asfalto","S/D","I","Dentro","Urbana","S/D","S/D","Intersección","Bueno","Buena","Diurna","S/D","Lateral","S/D","Colisión","S/D","S/D","S/D","S/D"
2016,2864,5/13/2016,"Viernes",0,12:00:00,,"0.0",2,"Moto/Ciclomotor,Moto/Ciclomotor","Gorriti Y Alsina",2,1,0,0,1,0,0,,"Calle",,"SANTA FE","La Capital","Asfalto","No existe","I","Dentro","Urbana","Ninguna","No existe","Recta","Bueno","Buena","Diurna","Buen Tiempo","De alcance","S/D","Colisión","S/D","Faltante","Ninguna","Sin restricción"
2016,2865,5/15/2016,"Domingo",0,22:35:00,,"0.0",2,"Automóvil,Moto/Ciclomotor","Cafferata Y Piedrabuena",2,1,0,0,1,0,0,,"Calle",,"SANTA FE","La Capital","Asfalto","No existe","I","Dentro","Urbana","Ninguna","No existe","Recta","Bueno","Buena","Nocturna","Buen Tiempo","De alcance","S/D","Colisión","S/D","Faltante","Ninguna","Sin restricción"
2016,2866,5/25/2016,"Miercoles",0,17:30:00,,"0.0",2,"Automóvil,Moto/Ciclomotor","Av Blas Parera 8400",2,1,0,0,1,0,0,,"Calle",,"SANTA FE","La Capital","Asfalto","No existe","I","Dentro","Urbana","Ninguna","No existe","Recta","Bueno","Buena","Diurna","Buen Tiempo","Lateral","S/D","Colisión","S/D","Faltante","Ninguna","Sin restricción"
2016,2867,5/26/2016,"Jueves",0,17:20:00,,"0.0",2,"Automóvil,Moto/Ciclomotor","Gorriti Y Gdor Luciano Leiva",3,1,0,0,2,0,0,,"Calle",,"SANTA FE","La Capital","Asfalto","No existe","I","Dentro","Urbana","Ninguna","No existe","Intersección","Bueno","Buena","Diurna","Buen Tiempo","De alcance","S/D","Colisión","S/D","Faltante","Ninguna","Sin restricción"
2016,2868,5/30/2016,"Lunes",0,21:15:00,,"0.0",2,"Automóvil,Moto/Ciclomotor","Av Blas Parera Y Almonacid",2,1,0,0,1,0,0,,"Calle",,"SANTA FE","La Capital","Asfalto","No existe","I","Dentro","Urbana","Ninguna","No existe","Intersección","Bueno","Buena","Nocturna","Buen Tiempo","S/D","S/D","Colisión","S/D","Faltante","Ninguna","Sin restricción"
2016,2869,5/21/2016,"Sabado",0,16:30:00,,"0.0",2,"Moto/Ciclomotor,Automóvil","Callejon Funes Y Rivadavia",3,2,0,0,1,0,0,,"Calle",,"SANTA FE","La Capital","Tierra","No existe","I","Dentro","Urbana","S/D","No existe","Intersección","Con baches","Reducida","Diurna","S/D","Lateral","S/D","Colisión","Ninguna","Faltante","Ninguna","Sin restricción"
2016,2870,5/29/2016,"Domingo",0,3:10:00,,"0.0",2,"Moto/Ciclomotor,Automóvil","Av A del Valle 8400",3,2,0,0,1,0,0,,"Calle",,"SANTA FE","La Capital","Asfalto","No existe","I","Dentro","Urbana","Ninguna","Funciona","Recta","Con baches","Buena","Nocturna","Buen Tiempo","De alcance","S/D","Colisión","S/D","Horizontal,Vertical","Ninguna","Sin restricción"
2016,2871,5/3/2016,"Martes",0,8:10:00,,"0.0",2,"Automóvil,Moto/Ciclomotor","Salvador del Carril Y Alberdi",2,1,0,0,1,0,0,,"Calle",,"SANTA FE","La Capital","Asfalto","No existe","I","Dentro","Urbana","Ninguna","No existe","Intersección","Bueno","Buena","Diurna","Buen Tiempo","Lateral","S/D","Colisión","S/D","S/D","Ninguna","Sin restricción"
2016,2872,5/3/2016,"Martes",0,15:50:00,,"0.0",2,"Bicicleta,Automóvil","Alvear Y J P Lopez",2,1,0,0,1,0,0,,"Calle",,"SANTA FE","La Capital","Asfalto","No existe","I","Dentro","Urbana","Ninguna","No existe","Intersección","Bueno","Buena","Diurna","Buen Tiempo","Lateral","Ciclista","Atropello","S/D","S/D","Ninguna","Sin restricción"
2016,2873,5/3/2016,"Martes",0,16:30:00,,"0.0",2,"Moto/Ciclomotor,Automóvil","Ricardo Aldao Y Republica de Siria",3,1,0,0,2,0,0,,"Calle",,"SANTA FE","La Capital","Asfalto","No existe","I","Dentro","Urbana","Ninguna","No existe","Intersección","Bueno","Buena","Diurna","Buen Tiempo","Lateral","S/D","Colisión","S/D","S/D","Ninguna","Sin restricción"
2016,2874,5/3/2016,"Martes",0,19:00:00,,"0.0",2,"Moto/Ciclomotor,Automóvil","Mitre 5764",2,1,0,0,1,0,0,,"Calle",,"SANTA FE","La Capital","Asfalto","No existe","I","Dentro","Urbana","Ninguna","No existe","Recta","Bueno","Buena","Atardecer","Buen Tiempo","S/D","S/D","Atropello","S/D","S/D","Ninguna","Sin restricción"
2016,2875,5/3/2016,"Martes",0,20:30:00,,"0.0",2,"Bicicleta,Automóvil","Salvador del Carril Y Pedro Francisco A Candioti",2,1,0,0,1,0,0,,"Calle",,"SANTA FE","La Capital","Asfalto","No existe","I","Dentro","Urbana","Ninguna","Funciona","Recta","Bueno","Reducida","Nocturna","Buen Tiempo","Lateral","Ciclista","Atropello","S/D","S/D","Ninguna","Sin restricción"
2016,2876,5/4/2016,"Miercoles",0,9:30:00,,"0.0",2,"Transporte de Pasajeros Urbano (> 8 asientos),Moto/Ciclomotor","J Castelli Y Sarmiento",2,1,0,0,1,0,0,,"Calle",,"SANTA FE","La Capital","Asfalto","No existe","I","Dentro","Urbana","Ninguna","No existe","Intersección","Bueno","Buena","Diurna","Buen Tiempo","Lateral","S/D","Colisión","S/D","S/D","Ninguna","Sin restricción"
2016,2877,5/6/2016,"Viernes",0,13:00:00,,"0.0",2,"Automóvil,Automóvil","Quintana Y Alvear",3,1,0,0,2,0,0,,"Calle",,"SANTA FE","La Capital","Asfalto","No existe","I","Dentro","Urbana","Ninguna","No existe","Intersección","Bueno","Buena","Diurna","Buen Tiempo","Lateral","S/D","Colisión","S/D","S/D","Ninguna","Sin restricción"
2016,2878,5/18/2016,"Miercoles",0,19:35:00,"Ruta Nacional 11","0.0",2,"Moto/Ciclomotor,Pickup/Utilitario","Pje Viveros ",2,1,0,0,1,0,0,,"Ruta",11,"RECREO","La Capital","Asfalto","Natural","I","Dentro","Urbana","Ninguna","No existe","Intersección","Bueno","Buena","Nocturna,Con luz artificial","Buen Tiempo","Lateral","S/D","Colisión","S/D","Vertical","Línea divisoria pintada","Sin restricción"
2016,2879,5/28/2016,"Sabado",0,2:30:00,"Ruta Nacional 11","0.0",2,"Automóvil,Automóvil","Juan de Garay Y Bethoven",4,4,0,0,0,0,0,,"Ruta",11,"RECREO","La Capital","Asfalto","Natural","I","Dentro","Urbana","Ninguna","No existe","Intersección","Resbaladiza","Reducida","Nocturna,Con luz artificial","Lluvia","Lateral","S/D","Colisión","Agua","Vertical","Línea divisoria pintada","Sin restricción"
2016,2880,5/21/2016,"Sabado",0,13:00:00,,"0.0",2,"Camión,Moto/Ciclomotor","Av Blas Parera Y De La Salle",3,2,0,0,0,0,1,,"Avenida",,"SANTA FE","La Capital","Asfalto","Ripio","I","Dentro","Urbana","Semáforo","Funciona","Intersección","Con baches","Buena","Diurna","Buen Tiempo","Lateral","S/D","Colisión","S/D","Horizontal","Ninguna","Sin restricción"
2016,2881,5/12/2016,"Jueves",0,19:00:00,,"0.0",2,"Automóvil,Moto/Ciclomotor","Pedro Espinosa Y Grandoli",2,1,0,0,1,0,0,,"Calle",,"SANTA FE","La Capital","Asfalto","Natural","I","Dentro","Urbana","Ninguna","No existe","Intersección","Bueno","Buena","Nocturna","Buen Tiempo","De alcance","S/D","Colisión","S/D","Faltante","Ninguna","Sin restricción"
2016,2882,5/12/2016,"Jueves",0,9:15:00,,"0.0",2,"Moto/Ciclomotor,Peatón","Av Blas Parera Y Pedro Espinosa",2,1,0,0,1,0,0,,"Avenida",,"SANTA FE","La Capital","Asfalto","Natural","I","Dentro","Urbana","Ninguna","No existe","Intersección","Bueno","Buena","Diurna","Buen Tiempo","S/D","Peatón","Atropello","S/D","S/D","Ninguna","Sin restricción"
2016,2883,5/6/2016,"Viernes",0,14:30:00,,"0.0",2,"Moto/Ciclomotor,Pickup/Utilitario","Estanislao Zeballos Y Estrada",3,2,0,0,1,0,0,,"Calle",,"SANTA FE","La Capital","Hormigón","Pavimento","I","Dentro","Urbana","Ninguna","No existe","Intersección","Deteriorada","Buena","Diurna","Buen Tiempo","Lateral","S/D","Colisión","Agua","Vertical","Ninguna","Sin restricción"
2016,2884,5/9/2016,"Lunes",0,23:50:00,,"0.0",2,"Automóvil,Automóvil","Av Peñaloza Y Espora",3,1,0,0,2,0,0,,"Avenida",,"SANTA FE","La Capital","Asfalto","Pavimento","I","Dentro","Urbana","Ninguna","No existe","Intersección","Bueno","Buena","Nocturna,Con luz artificial","Buen Tiempo","Lateral","S/D","Colisión","Material Suelto","Faltante","Cordón divisorio","Obra en Construcción"
2016,2885,5/15/2016,"Domingo",0,14:20:00,,"0.0",2,"Moto/Ciclomotor,Automóvil","Ayacucho Y Larguia",2,1,0,0,1,0,0,,"Calle",,"SANTA FE","La Capital","Asfalto","No existe","I","Dentro","Urbana","Ninguna","No existe","Intersección","Deteriorada","Buena","Diurna","Buen Tiempo","Lateral","S/D","Colisión","Agua","Faltante","Ninguna","Sin restricción"
2016,2886,5/25/2016,"Miercoles",0,14:45:00,,"0.0",2,"Bicicleta,Moto/Ciclomotor","Av Blas Parera Y Alberti",2,2,0,0,0,0,0,,"S/D",,"SANTA FE","La Capital","Hormigón","Pavimento","I","Dentro","Urbana","S/D","S/D","Intersección","Deteriorada","Buena","Diurna","S/D","S/D","Ciclista","Atropello","S/D","S/D","S/D","S/D"
2016,2887,5/29/2016,"Domingo",0,,,"0.0",1,"Moto/Ciclomotor","AV General Lopez ",2,1,0,0,1,0,0,,"S/D",,"MALABRIGO","General Obligado","Ripio","No existe","IX","S/D","Urbana","Ninguna","No existe","Recta","Bueno","Buena","Atardecer","Buen Tiempo","S/D","S/D","Caída ocupante","Ninguna","Faltante","Ninguna","Sin restricción"
2016,2888,5/6/2016,"Viernes",0,12:15:00,,"0.0",2,"Moto/Ciclomotor,Moto/Ciclomotor","8 de setiembre Y Moreno",2,0,0,0,1,0,1,,"Calle",,"MALABRIGO","General Obligado","Asfalto","S/D","IX","Dentro","Urbana","Ninguna","No existe","Intersección","Bueno","Buena","Diurna","Buen Tiempo","Frontal","S/D","Colisión","Ninguna","Vertical","Ninguna","Sin restricción"
2016,2889,5/30/2016,"Lunes",0,15:30:00,,"0.0",2,"Moto/Ciclomotor,Automóvil","Buenos Aires Y San Martin",3,2,0,0,1,0,0,,"Calle",,"MALABRIGO","General Obligado","Asfalto","Pavimento","IX","Dentro","Urbana","Ninguna","No existe","Intersección","Bueno","Buena","Diurna","Buen Tiempo","Frontal,Lateral","S/D","Colisión","Ninguna","Vertical","Ninguna","Sin restricción"
2016,2890,5/27/2016,"Viernes",0,8:00:00,,"0.0",2,"Bicicleta,Otros","8 de setiembre Y San Martin",2,1,0,0,0,0,1,,"Calle",,"MALABRIGO","General Obligado","Asfalto","Natural","IX","Dentro","Urbana","Ninguna","No existe","Intersección","Bueno","Buena","Diurna","Buen Tiempo","S/D","Ciclista","Atropello","Ninguna","Vertical","Ninguna","Sin restricción"
2016,2891,3/16/2016,"Miercoles",0,22:40:00,"Ruta Secundaria 32-s","0.0",2,"Bicicleta,Moto/Ciclomotor"," ",2,2,0,0,0,0,0,,"Ruta","32-s","VILLA ANA","General Obligado","Asfalto","Natural","IX","Dentro","Urbana","Ninguna","S/D","Recta","Bueno","Reducida","Con luz artificial","Buen Tiempo","S/D","Ciclista","Atropello","Ninguna","Faltante","Ninguna","Sin restricción"
2016,2892,5/12/2016,"Jueves",0,9:30:00,,"0.0",2,"Moto/Ciclomotor,Automóvil","Salvador del Carril Y Dorrego",2,1,0,0,1,0,0,,"Calle",,"SANTA FE","La Capital","Asfalto","No existe","I","Dentro","Urbana","Ninguna","No existe","Intersección","Bueno","Buena","Diurna","Buen Tiempo","Lateral","S/D","Colisión","S/D","S/D","Ninguna","Sin restricción"
2016,2893,2/2/2016,"Martes",0,18:50:00,,"0.0",2,"Moto/Ciclomotor,Moto/Ciclomotor","25 de Mayo Y 9 de Julio",3,3,0,0,0,0,0,,"Calle",,"VILLA ANA","General Obligado","Asfalto","Natural","IX","Dentro","Urbana","Ninguna","No existe","Intersección","Bueno","Buena","Diurna","Buen Tiempo","Lateral","S/D","Colisión","Ninguna","Faltante","Ninguna","Sin restricción"
2016,2894,5/12/2016,"Jueves",0,12:10:00,,"0.0",2,"Moto/Ciclomotor,Automóvil","Republica de Siria Y Lavaisse",2,1,0,0,1,0,0,,"Calle",,"SANTA FE","La Capital","Asfalto","No existe","I","Dentro","Urbana","Ninguna","No existe","Intersección","Bueno","Buena","Diurna","Buen Tiempo","Lateral","S/D","Colisión","S/D","S/D","Ninguna","Sin restricción"
2016,2895,5/12/2016,"Jueves",0,13:00:00,,"0.0",2,"Pickup/Utilitario,Automóvil","Huergo Y Rivadavia",3,1,0,0,2,0,0,,"Calle",,"SANTA FE","La Capital","Asfalto","No existe","I","Dentro","Urbana","Ninguna","No existe","Intersección","Bueno","Buena","Diurna","Buen Tiempo","Lateral","S/D","Colisión","S/D","S/D","Ninguna","Sin restricción"
2016,2896,5/12/2016,"Jueves",0,16:00:00,,"0.0",2,"Moto/Ciclomotor,Automóvil","Salvador del Carril Y Av Almte Brown",3,1,0,0,2,0,0,,"Calle",,"SANTA FE","La Capital","Asfalto","No existe","I","Dentro","Urbana","Semáforo","Funciona","Intersección","Bueno","Buena","Diurna","Buen Tiempo","Lateral","S/D","Colisión","S/D","S/D","Ninguna","Sin restricción"
2016,2897,2/3/2016,"Miercoles",0,13:00:00,,"0.0",1,"Automóvil"," ",5,2,0,0,3,0,0,,"Calle",,"ARROYO CEIBAL","General Obligado","Hormigón","Natural","IX","Fuera","Rural","Ninguna","No existe","Curva","Bueno","Buena","Diurna","Buen Tiempo","S/D","S/D","Despiste","Ninguna","Vertical","Ninguna","Sin restricción"
2016,2898,5/16/2016,"Lunes",0,9:00:00,,"0.0",2,"Moto/Ciclomotor,Automóvil","Gorostiaga Y Las Heras",2,1,0,0,1,0,0,,"Calle",,"SANTA FE","La Capital","Asfalto","No existe","I","Dentro","Urbana","Ninguna","No existe","Intersección","Bueno","Buena","Diurna","Buen Tiempo","Lateral","S/D","Colisión","S/D","S/D","Ninguna","Sin restricción"
2016,2899,5/21/2016,"Sabado",0,3:00:00,,"0.0",2,"Moto/Ciclomotor,Automóvil","Av A del Valle Y Huergo",2,1,0,0,1,0,0,,"Calle",,"SANTA FE","La Capital","Asfalto","No existe","I","S/D","Urbana","Ninguna","Intermitente","Intersección","Bueno","Reducida","Nocturna","Buen Tiempo","Lateral","S/D","Colisión","Ninguna","S/D","Ninguna","Sin restricción"
2016,2900,5/16/2016,"Lunes",0,19:30:00,,"0.0",2,"Moto/Ciclomotor,Automóvil","Las Heras Y Padilla",2,1,0,0,1,0,0,,"Calle",,"SANTA FE","La Capital","Asfalto","No existe","I","Dentro","Urbana","Ninguna","No existe","Intersección","Bueno","Buena","Diurna","Buen Tiempo","Lateral","S/D","Colisión","S/D","S/D","Ninguna","Sin restricción"
2016,2901,5/17/2016,"Martes",0,19:00:00,"Ruta Nacional 11","827.6",2,"Pickup/Utilitario,Moto/Ciclomotor"," ",2,0,1,0,1,0,0,,"Ruta",11,"LAS GARZAS","General Obligado","Asfalto","Ripio","IX","Dentro","Urbana","Ninguna","No existe","Recta","Bueno","Reducida p/ objetos","Nocturna","Buen Tiempo","Lateral","S/D","Colisión","S/D","S/D","Ninguna","Sin restricción"
2016,2902,5/16/2016,"Lunes",0,10:45:00,,"0.0",2,"Automóvil,Pickup/Utilitario","Necochea Y Angel Cassanello",3,1,0,0,2,0,0,,"Calle",,"SANTA FE","La Capital","Asfalto","No existe","I","Dentro","Urbana","Ninguna","No existe","Intersección","Bueno","Buena","Diurna","Buen Tiempo","Lateral","S/D","Colisión","S/D","S/D","Ninguna","Sin restricción"
2016,2903,5/16/2016,"Lunes",0,11:20:00,,"0.0",2,"Pickup/Utilitario,Transporte Escolar","Salvador del Carril 2037",2,1,0,0,1,0,0,,"Calle",,"SANTA FE","La Capital","Asfalto","No existe","I","Dentro","Urbana","Ninguna","No existe","Intersección","Bueno","Buena","Diurna","Buen Tiempo","Lateral","S/D","Colisión","S/D","S/D","Ninguna","Sin restricción"
2016,2904,5/22/2016,"Domingo",0,15:15:00,,"0.0",2,"Moto/Ciclomotor,Automóvil","Av Galicia Y Republica de Siria",2,1,0,0,1,0,0,,"Avenida",,"SANTA FE","La Capital","Asfalto","No existe","I","S/D","Urbana","Ninguna","No existe","Intersección","Bueno","Buena","Diurna","Buen Tiempo","Lateral","S/D","Colisión","Ninguna","S/D","Ninguna","Sin restricción"
2016,2905,5/17/2016,"Martes",0,10:55:00,,"0.0",2,"Automóvil,Moto/Ciclomotor","Lavalle Y J P Lopez",2,1,0,0,1,0,0,,"Calle",,"SANTA FE","La Capital","Asfalto","No existe","I","Dentro","Urbana","Ninguna","No existe","Intersección","Bueno","Buena","Diurna","Buen Tiempo","Lateral","S/D","Colisión","S/D","S/D","Ninguna","Sin restricción"
2016,2906,5/17/2016,"Martes",0,17:20:00,,"0.0",2,"Automóvil,Bicicleta","Hernandarias Y Republica de Siria",2,1,0,0,1,0,0,,"Calle",,"SANTA FE","La Capital","Asfalto","No existe","I","Dentro","Urbana","Ninguna","No existe","Intersección","Bueno","Buena","Diurna","Buen Tiempo","Lateral","Ciclista","Atropello","S/D","S/D","Ninguna","Sin restricción"
2016,2907,5/27/2016,"Viernes",0,,,"0.0",2,"Moto/Ciclomotor,Automóvil","14 de Julio Y Tucuman",2,1,0,0,1,0,0,,"Calle",,"RAFAELA","Castellanos","Asfalto","No existe","V","Dentro","Urbana","Ninguna","No existe","Intersección","Bueno","Buena","Con luz artificial","Buen Tiempo","Lateral","S/D","Colisión","Ninguna","Faltante","Ninguna","Sin restricción"
2016,2908,5/24/2016,"Martes",0,10:50:00,,"0.0",2,"Moto/Ciclomotor,Moto/Ciclomotor","Laprida Y Huergo",2,1,0,0,1,0,0,,"Calle",,"SANTA FE","La Capital","Asfalto","No existe","I","S/D","Urbana","Ninguna","No existe","Intersección","Bueno","Reducida","Amanecer","Buen Tiempo","Lateral","S/D","Colisión","Ninguna","S/D","Ninguna","Sin restricción"
2016,2909,5/9/2016,"Lunes",0,12:00:00,,"0.0",2,"Moto/Ciclomotor,Moto/Ciclomotor","Bv Pte Roca 1752",2,0,1,0,1,0,0,,"S/D",,"RAFAELA","Castellanos","Hormigón","No existe","V","S/D","S/D","Ninguna","No existe","Recta","Bueno","Buena","Diurna","Buen Tiempo","Frontal","S/D","Colisión","S/D","Horizontal","Cordón divisorio","Sin restricción"
2016,2910,5/18/2016,"Miercoles",0,13:00:00,,"0.0",2,"Moto/Ciclomotor,Automóvil","Lavaisse Y Av Almte Brown",2,1,0,0,1,0,0,,"Calle",,"SANTA FE","La Capital","Asfalto","No existe","I","Dentro","Urbana","Ninguna","No existe","Recta","Bueno","Buena","Diurna","Buen Tiempo","De alcance","S/D","Colisión","S/D","S/D","Ninguna","Sin restricción"
2016,2911,5/18/2016,"Miercoles",0,14:00:00,,"0.0",2,"Moto/Ciclomotor,Pickup/Utilitario","Dorrego Y Pedro de Vega",2,1,0,0,1,0,0,,"Calle",,"SANTA FE","La Capital","Asfalto","No existe","I","Dentro","Urbana","Ninguna","No existe","Intersección","Bueno","Buena","Diurna","Buen Tiempo","Lateral","S/D","Colisión","S/D","S/D","Ninguna","Sin restricción"
2016,2912,5/4/2016,"Miercoles",0,16:30:00,,"0.0",2,"Moto/Ciclomotor,Otros","Misiones Y Av Blas Parera",3,1,0,0,2,0,0,,"S/D",,"SANTA FE","La Capital","Asfalto","No existe","I","S/D","Urbana","Ninguna","No existe","Recta","Bueno","Buena","Diurna","Buen Tiempo","Lateral","S/D","Colisión","Ninguna","Faltante","Ninguna","Sin restricción"
2016,2913,5/19/2016,"Jueves",0,10:00:00,,"0.0",2,"Automóvil,Pickup/Utilitario","Guemes Y Agustin Delgado",2,1,0,0,1,0,0,,"Calle",,"SANTA FE","La Capital","Asfalto","No existe","I","Dentro","Urbana","Ninguna","No existe","Recta","Bueno","Buena","Diurna","Buen Tiempo","Lateral","S/D","Colisión","S/D","S/D","Ninguna","Sin restricción"
2016,2914,5/18/2016,"Miercoles",0,9:40:00,,"0.0",2,"Automóvil,Automóvil","Salvador del Carril Y Av Almte Brown",2,2,0,0,0,0,0,,"Calle",,"SANTA FE","La Capital","Asfalto","No existe","I","Dentro","Urbana","Ninguna","Funciona","Intersección","Bueno","Buena","Diurna","Buen Tiempo","Lateral","S/D","Colisión","S/D","S/D","Línea divisoria pintada","Sin restricción"
2016,2915,5/10/2016,"Martes",0,0:40:00,,"0.0",2,"Moto/Ciclomotor,Pickup/Utilitario","Hugo Wast Y Hermano Figueroa",3,2,0,0,1,0,0,,"Calle",,"SANTA FE","La Capital","Asfalto","No existe","I","S/D","Urbana","Ninguna","No existe","Recta","Bueno","Buena","Nocturna","Buen Tiempo","De alcance","S/D","Colisión","Ninguna","Faltante","Ninguna","Sin restricción"
2016,2916,5/24/2016,"Martes",0,18:45:00,,"0.0",2,"Moto/Ciclomotor,Moto/Ciclomotor","Av Galicia Y Candioti",2,1,0,0,1,0,0,,"Avenida",,"SANTA FE","La Capital","Asfalto","No existe","I","S/D","Urbana","Ninguna","No existe","Recta","Bueno","Buena","Diurna","Buen Tiempo","Lateral","S/D","Colisión","Ninguna","S/D","Ninguna","Sin restricción"
2016,2917,5/20/2016,"Viernes",0,9:45:00,,"0.0",2,"Automóvil,Moto/Ciclomotor","Av Gral Paz Y Llerena",2,1,0,0,1,0,0,,"Calle",,"SANTA FE","La Capital","Asfalto","No existe","I","Dentro","Urbana","Ninguna","No existe","Intersección","Bueno","Buena","Diurna","Buen Tiempo","Lateral","S/D","Colisión","S/D","S/D","Ninguna","Sin restricción"
2016,2918,5/12/2016,"Jueves",0,8:20:00,,"0.0",2,"Automóvil,Moto/Ciclomotor","Av Blas Parera Y Almonacid",2,1,0,0,1,0,0,,"S/D",,"SANTA FE","La Capital","Asfalto","No existe","I","S/D","Urbana","Ninguna","No existe","Intersección","Bueno","Buena","Diurna","Buen Tiempo","Lateral","S/D","Colisión","Ninguna","Faltante","Ninguna","S/D"
2016,2919,5/12/2016,"Jueves",0,,,"0.0",2,"Automóvil,Moto/Ciclomotor","Chaco ",2,1,0,0,1,0,0,,"S/D",,"SANTA FE","La Capital","Asfalto","No existe","I","S/D","Urbana","Ninguna","No funciona","Recta","Bueno","Reducida","Nocturna","Buen Tiempo","Otro","S/D","Colisión","Otro","Faltante","Ninguna","Sin restricción"
2016,2920,5/26/2016,"Jueves",0,17:40:00,,"0.0",2,"Peatón,Automóvil","Lavaisse Y Dorrego",2,1,0,0,1,0,0,,"Calle",,"SANTA FE","La Capital","Asfalto","No existe","I","S/D","Urbana","Ninguna","No existe","Intersección","Bueno","Reducida","Amanecer","Buen Tiempo","S/D","Peatón","Atropello","Ninguna","S/D","Ninguna","Sin restricción"
2016,2921,5/20/2016,"Viernes",0,15:40:00,,"0.0",2,"Moto/Ciclomotor,Automóvil","Guemes Y Hernandarias",2,1,0,0,1,0,0,,"Calle",,"SANTA FE","La Capital","Asfalto","No existe","I","Dentro","Urbana","Ninguna","No existe","Recta","Bueno","Buena","Diurna","Buen Tiempo","Lateral","S/D","Colisión","S/D","S/D","Ninguna","Sin restricción"