"anio_acci","nro_acci","fecha","desc_dia","fecha_aprox","hora_aprox","desc_ruta","km","cant_participantes","desc_participante","calle_avenida_km","total","heridos_leves","heridos_graves","heridos_gravisimos","ilesos","fallecidos","sin_datos","posicion_XY","desc_tipo_via","desc_ruta_ori","desc_loc","desc_dpto","desc_tipo_calzada","desc_tipo_banquina","desc_unidad_regional","desc_lugar_calzada","desc_zona","desc_prioridad","desc_estado_semaforo","desc_lugar_via","desc_estado_via","desc_estado_visibilidad","desc_luminosidad","desc_estado_clima","desc_tipo_colision","desc_tipo_atropello","desc_tipo_hecho","desc_pres_calzada","desc_senializacion","desc_separacion_via","desc_restriccion"
2016,2922,5/15/2016,"Domingo",0,16:10:00,,"0.0",2,"Automóvil,Peatón","Alberti 2900",2,0,1,0,1,0,0,,"Calle",,"SANTA FE","La Capital","Asfalto","No existe","I","Dentro","Urbana","Ninguna","No existe","Recta","Bueno","Buena","Diurna","Buen Tiempo","S/D","Peatón","Atropello","S/D","Faltante","Ninguna","Sin restricción"
2016,2923,5/15/2016,"Domingo",0,19:20:00,,"0.0",2,"Moto/Ciclomotor,Automóvil","Pedro Alejandro Vittori Y Juan Del Campillo",2,1,0,0,1,0,0,,"Calle",,"SANTA FE","La Capital","Hormigón","No existe","I","Dentro","Urbana","Ninguna","No existe","Intersección","Bueno","Buena","Atardecer,Con luz artificial","Buen Tiempo","S/D","S/D","Colisión","S/D","Faltante","Línea divisoria pintada","Sin restricción"
2016,2924,5/27/2016,"Viernes",0,20:30:00,,"0.0",2,"Bicicleta,Pickup/Utilitario","Av Gral Paz 6630",2,1,0,0,1,0,0,,"Avenida",,"SANTA FE","La Capital","Asfalto","No existe","I","S/D","Urbana","Ninguna","No existe","Intersección","Bueno","Reducida","Nocturna","Buen Tiempo","S/D","Ciclista","Atropello","Ninguna","S/D","Ninguna","Sin restricción"
2016,2925,5/16/2016,"Lunes",0,22:30:00,,"0.0",2,"Moto/Ciclomotor,Moto/Ciclomotor","Av A del Valle Y Lavaisse",2,2,0,0,0,0,0,,"Calle",,"SANTA FE","La Capital","Hormigón","No existe","I","Dentro","Urbana","Semáforo","Funciona","Intersección","Bueno","Buena","Nocturna,Con luz artificial","Buen Tiempo","Lateral","S/D","Colisión","S/D","Vertical","Línea divisoria pintada","Sin restricción"
2016,2926,5/20/2016,"Viernes",0,15:00:00,,"0.0",2,"Moto/Ciclomotor,Taxi/Remis","Av Facundo Zuviria Y Espora",3,2,0,0,1,0,0,,"Calle",,"SANTA FE","La Capital","Hormigón","No existe","I","Dentro","Urbana","Ninguna","No existe","Intersección","Bueno","Buena","Diurna","Buen Tiempo","Lateral","S/D","Colisión","S/D","Faltante","Línea divisoria pintada","Sin restricción"
2016,2927,5/21/2016,"Sabado",0,18:10:00,,"0.0",2,"Automóvil,Moto/Ciclomotor","Av A del Valle 6900",2,1,0,0,1,0,0,,"Calle",,"SANTA FE","La Capital","Hormigón","No existe","I","Dentro","Urbana","Ninguna","No existe","Recta","Bueno","Buena","Atardecer,Con luz artificial","Buen Tiempo","Lateral","S/D","Colisión","S/D","Faltante","Ninguna","Sin restricción"
2016,2928,5/21/2016,"Sabado",0,21:50:00,,"0.0",2,"Automóvil,Automóvil","San Jeronimo Y Pje Larramendi",3,2,0,0,1,0,0,,"Calle",,"SANTA FE","La Capital","Hormigón","No existe","I","Dentro","Urbana","Ninguna","No existe","Intersección","Bueno","Buena","Nocturna,Con luz artificial","Buen Tiempo","Lateral","S/D","Colisión","S/D","Faltante","Línea divisoria pintada","Sin restricción"
2016,2929,5/24/2016,"Martes",0,16:30:00,,"0.0",2,"Peatón,Transporte de Pasajeros Urbano (> 8 asientos)","Av A del Valle Y Martin Zapata",2,1,0,0,0,0,1,,"Calle",,"SANTA FE","La Capital","Hormigón","No existe","I","Dentro","Urbana","Ninguna","No existe","Recta","Bueno","Buena","Diurna","Buen Tiempo","S/D","Peatón","Atropello","S/D","Faltante","Ninguna","Sin restricción"
2016,2930,5/24/2016,"Martes",0,20:30:00,,"0.0",2,"Automóvil,Moto/Ciclomotor","Iturraspe 2900",2,1,0,0,1,0,0,,"Calle",,"SANTA FE","La Capital","Hormigón","No existe","I","Dentro","Urbana","Ninguna","No existe","Recta","Bueno","Buena","Nocturna,Con luz artificial","Buen Tiempo","S/D","S/D","Colisión","S/D","Faltante","Línea divisoria pintada","Sin restricción"
2016,2931,5/28/2016,"Sabado",0,12:00:00,,"0.0",2,"Automóvil,Automóvil","Av Galicia Y Las Heras",2,2,0,0,0,0,0,,"Avenida",,"SANTA FE","La Capital","Asfalto","No existe","I","S/D","Urbana","Ninguna","No existe","Intersección","Bueno","Buena","Diurna","Buen Tiempo","Lateral","S/D","Colisión","Ninguna","S/D","Ninguna","Sin restricción"
2016,2932,5/30/2016,"Lunes",0,9:15:00,,"0.0",2,"Automóvil,Automóvil","Agustin Delgado Y Guemes",2,1,0,0,1,0,0,,"Calle",,"SANTA FE","La Capital","Asfalto","No existe","I","S/D","Urbana","Ninguna","No existe","Intersección","Bueno","Buena","Diurna","Buen Tiempo","Lateral","S/D","Colisión","Ninguna","S/D","Ninguna","Sin restricción"
2016,2933,5/31/2016,"Martes",0,2:00:00,,"0.0",2,"Moto/Ciclomotor,Automóvil","Lavalle Y Alberdi",2,1,0,0,1,0,0,,"Calle",,"SANTA FE","La Capital","Asfalto","No existe","I","S/D","Urbana","Ninguna","No existe","Intersección","Bueno","Reducida","Nocturna","Buen Tiempo","Lateral","S/D","Colisión","Ninguna","S/D","Ninguna","Sin restricción"
2016,2934,5/31/2016,"Martes",0,12:10:00,,"0.0",2,"Moto/Ciclomotor,Automóvil","J M Zuviria Y Alvear",2,1,0,0,1,0,0,,"Calle",,"SANTA FE","La Capital","Asfalto","No existe","I","S/D","Urbana","Ninguna","No existe","Intersección","Bueno","Buena","Diurna","Buen Tiempo","Lateral","S/D","Colisión","Ninguna","S/D","Ninguna","Sin restricción"
2016,2935,5/11/2016,"Miercoles",0,11:15:00,,"0.0",2,"Moto/Ciclomotor,Automóvil","Risso Y Guemes",2,1,0,0,1,0,0,,"Calle",,"SANTA FE","La Capital","Asfalto","S/D","I","S/D","Urbana","S/D","S/D","Intersección","Bueno","Buena","Diurna","S/D","Lateral","S/D","Colisión","S/D","S/D","S/D","S/D"
2016,2936,5/7/2016,"Sabado",0,21:30:00,,"0.0",2,"Automóvil,Automóvil","Rivadavia Y Padre Genesio",2,1,0,0,1,0,0,,"Calle",,"SANTA FE","La Capital","Asfalto","S/D","I","Dentro","Urbana","S/D","S/D","Intersección","Bueno","Buena","Nocturna,Con luz artificial","S/D","Lateral","S/D","Colisión","S/D","S/D","S/D","S/D"
2016,2937,5/4/2016,"Miercoles",0,8:20:00,,"0.0",2,"Moto/Ciclomotor,Camión","Alberti Y Mitre",3,2,0,0,1,0,0,,"Calle",,"SANTA FE","La Capital","Asfalto","S/D","I","Dentro","Urbana","S/D","S/D","Intersección","Bueno","Buena","Diurna","S/D","Lateral","S/D","Colisión","S/D","S/D","S/D","S/D"
2016,2938,5/2/2016,"Lunes",0,11:40:00,,"0.0",2,"Moto/Ciclomotor,Automóvil","Tacuari Y Cardenal Fasolino",2,1,0,0,1,0,0,,"Calle",,"SANTA FE","La Capital","Asfalto","S/D","I","Dentro","Urbana","S/D","S/D","Intersección","S/D","Buena","Diurna","S/D","Lateral","S/D","Colisión","S/D","S/D","S/D","S/D"
2016,2939,5/8/2016,"Domingo",0,22:20:00,,"0.0",2,"Bicicleta,Automóvil","Santiago del Estero Y Dr Zavalla",2,1,0,0,1,0,0,,"Calle",,"SANTA FE","La Capital","Asfalto","No existe","I","Dentro","Urbana","S/D","No existe","Intersección","Bueno","Buena","Nocturna,Con luz artificial","Buen Tiempo","Lateral","Ciclista","Atropello","S/D","S/D","S/D","S/D"
2016,2940,5/3/2016,"Martes",0,20:10:00,,"0.0",2,"Bicicleta,Pickup/Utilitario","Av Freyre Y Mendoza",2,1,0,0,1,0,0,,"Calle",,"SANTA FE","La Capital","Asfalto","No existe","I","Dentro","Urbana","Semáforo","S/D","Intersección","Bueno","Buena","Diurna","S/D","Lateral","Ciclista","Atropello","S/D","S/D","S/D","S/D"
2016,2941,5/4/2016,"Miercoles",0,9:00:00,,"0.0",2,"Moto/Ciclomotor,Automóvil","Av Freyre Y La Rioja",3,0,2,0,1,0,0,,"Calle",,"SANTA FE","La Capital","Asfalto","S/D","I","Dentro","Urbana","S/D","No existe","Intersección","Bueno","Buena","Diurna","S/D","S/D","S/D","Colisión","S/D","S/D","S/D","S/D"
2016,2942,5/6/2016,"Viernes",0,19:00:00,,"0.0",2,"Moto/Ciclomotor,Automóvil","Francia Y Salvador Caputo",2,1,0,0,1,0,0,,"Calle",,"SANTA FE","La Capital","Asfalto","No existe","I","Dentro","Urbana","S/D","No existe","Intersección","S/D","Buena","Atardecer","S/D","Lateral","S/D","Colisión","S/D","S/D","S/D","S/D"
2016,2943,5/6/2016,"Viernes",0,19:10:00,,"0.0",2,"Automóvil,Automóvil","Av Freyre Y Junin",3,2,0,0,1,0,0,,"Calle",,"SANTA FE","La Capital","Asfalto","S/D","I","Dentro","Urbana","S/D","S/D","Intersección","Bueno","Buena","Diurna","S/D","Lateral","S/D","Colisión","S/D","S/D","S/D","S/D"
2016,2944,5/11/2016,"Miercoles",0,20:10:00,,"0.0",2,"Moto/Ciclomotor,Automóvil","Av Freyre Y Santiago del Estero",2,1,0,0,1,0,0,,"Calle",,"SANTA FE","La Capital","Asfalto","S/D","I","Dentro","Urbana","S/D","S/D","Intersección","S/D","Buena","Atardecer","S/D","Lateral","S/D","Colisión","S/D","S/D","S/D","S/D"
2016,2945,5/12/2016,"Jueves",0,8:00:00,,"0.0",2,"Bicicleta,Automóvil","Francia Y La Rioja",2,1,0,0,1,0,0,,"Calle",,"SANTA FE","La Capital","Asfalto","No existe","I","Dentro","Urbana","Ninguna","S/D","Intersección","Bueno","Buena","Diurna","Buen Tiempo","Lateral","Ciclista","Atropello","S/D","S/D","Ninguna","S/D"
2016,2946,5/12/2016,"Jueves",0,10:50:00,,"0.0",2,"Moto/Ciclomotor,Automóvil","Av Freyre ",2,1,0,0,1,0,0,,"Calle",,"SANTA FE","La Capital","Asfalto","No existe","I","Dentro","Urbana","S/D","No existe","Intersección","Bueno","Buena","Diurna","S/D","Lateral","S/D","Colisión","S/D","S/D","S/D","S/D"
2016,2947,5/12/2016,"Jueves",0,17:00:00,,"0.0",2,"Moto/Ciclomotor,Automóvil","Primera Junta Y Av Urquiza",4,2,0,0,2,0,0,,"Calle",,"SANTA FE","La Capital","Asfalto","S/D","I","Dentro","Urbana","S/D","S/D","Intersección","Bueno","Buena","Diurna","Buen Tiempo","Lateral","S/D","Colisión","S/D","S/D","Ninguna","Sin restricción"
2016,2948,5/14/2016,"Sabado",0,13:25:00,,"0.0",2,"Moto/Ciclomotor,Moto/Ciclomotor","Av Urquiza Y Av Freyre",2,2,0,0,0,0,0,,"Calle",,"SANTA FE","La Capital","Asfalto","S/D","I","Dentro","Urbana","S/D","S/D","Intersección","Bueno","Buena","Diurna","Buen Tiempo","Lateral","S/D","Colisión","S/D","S/D","Ninguna","S/D"
2016,2949,5/18/2016,"Miercoles",0,10:00:00,,"0.0",2,"Moto/Ciclomotor,Automóvil","Av Lopez y Planes Y Maipu",2,1,0,0,1,0,0,,"Calle",,"SANTA FE","La Capital","Asfalto","S/D","I","Dentro","Urbana","S/D","S/D","Intersección","S/D","Buena","Diurna","S/D","Lateral","S/D","Colisión","S/D","S/D","S/D","S/D"
2016,2950,5/18/2016,"Miercoles",0,19:00:00,,"0.0",2,"Automóvil,Automóvil","Av Freyre Y Junin",2,1,0,0,1,0,0,,"Calle",,"SANTA FE","La Capital","Asfalto","S/D","I","Dentro","Urbana","S/D","S/D","Intersección","Bueno","Buena","Diurna","S/D","Lateral","S/D","Colisión","S/D","S/D","S/D","S/D"
2016,2951,5/19/2016,"Jueves",0,7:50:00,,"0.0",2,"Automóvil,Automóvil","San Lorenzo Y Candido Pujato",2,1,0,0,1,0,0,,"Calle",,"SANTA FE","La Capital","Asfalto","S/D","I","Dentro","Urbana","S/D","S/D","Intersección","S/D","S/D","Diurna","S/D","S/D","S/D","Colisión","S/D","S/D","S/D","S/D"
2016,2952,5/26/2016,"Jueves",0,9:30:00,,"0.0",2,"Moto/Ciclomotor,Automóvil","4 de Enero Y Iturraspe",2,1,0,0,1,0,0,,"Calle",,"SANTA FE","La Capital","Hormigón","S/D","I","Dentro","Urbana","Ninguna","No existe","Intersección","Bueno","Buena","Diurna","Buen Tiempo","Lateral","S/D","Colisión","Ninguna","Faltante","Ninguna","Sin restricción"
2016,2953,5/26/2016,"Jueves",0,19:30:00,,"0.0",3,"Moto/Ciclomotor,Automóvil,Automóvil","Av Facundo Zuviria Y Cordoba",3,2,0,0,1,0,0,,"Calle",,"SANTA FE","La Capital","Hormigón","No existe","I","Dentro","Urbana","Semáforo","Funciona","Intersección","Bueno","Buena","Nocturna,Con luz artificial","Buen Tiempo","Múltiple","S/D","Colisión","S/D","Vertical","Línea divisoria pintada","Sin restricción"
2016,2954,5/27/2016,"Viernes",0,8:30:00,,"0.0",2,"Automóvil,Moto/Ciclomotor","Av A del Valle Y Martin Zapata",2,1,0,0,1,0,0,,"Calle",,"SANTA FE","La Capital","Asfalto","No existe","I","Dentro","Urbana","Ninguna","No existe","Intersección","Bueno","Buena","Diurna","Buen Tiempo","Lateral","S/D","Colisión","S/D","S/D","Ninguna","Sin restricción"
2016,2955,5/14/2016,"Sabado",0,13:30:00,,"0.0",2,"Automóvil,Moto/Ciclomotor","12 de Octubre Y Combatientes de Malvinas",2,1,0,0,1,0,0,,"Calle",,"SANTA FE","La Capital","Asfalto","S/D","I","Dentro","Urbana","Ninguna","S/D","Intersección","Bueno","Buena","Diurna","Buen Tiempo","De alcance","S/D","Colisión","S/D","Faltante","Ninguna","Sin restricción"
2016,2956,5/17/2016,"Martes",0,18:40:00,,"0.0",2,"Moto/Ciclomotor,Pickup/Utilitario","Av A del Valle Y Almonacid",2,1,0,0,1,0,0,,"Calle",,"SANTA FE","La Capital","Asfalto","No existe","I","Dentro","Urbana","Ninguna","No existe","Intersección","Con baches","Buena","Diurna","S/D","Lateral","S/D","Colisión","S/D","Horizontal,Vertical","Ninguna","Sin restricción"
2016,2957,5/6/2016,"Viernes",0,22:00:00,,"0.0",2,"Automóvil,Moto/Ciclomotor","Av Gral Paz Y Derqui",3,2,0,0,1,0,0,,"Calle",,"SANTA FE","La Capital","Asfalto","No existe","I","Dentro","Urbana","Ninguna","No existe","Intersección","Bueno","Reducida","Nocturna","Buen Tiempo","Lateral","S/D","Colisión","S/D","S/D","Ninguna","Sin restricción"
2016,2958,5/2/2016,"Lunes",0,13:40:00,,"0.0",2,"Automóvil,Moto/Ciclomotor","Juan de Garay 4300",3,2,0,0,1,0,0,,"Calle",,"SANTA FE","La Capital","Asfalto","S/D","I","Dentro","Urbana","Ninguna","S/D","Recta","Con baches","Buena","Diurna","Buen Tiempo","Lateral","S/D","Colisión","Ninguna","S/D","Ninguna","Sin restricción"
2016,2959,5/3/2016,"Martes",0,13:40:00,,"0.0",2,"Automóvil,Automóvil","Francia 1500",4,1,0,0,3,0,0,,"Calle",,"SANTA FE","La Capital","Asfalto","No existe","I","Dentro","Urbana","Ninguna","No existe","Recta","Bueno","S/D","Atardecer","Buen Tiempo","Frontal","S/D","Colisión","S/D","S/D","Ninguna","Sin restricción"
2016,2960,5/5/2016,"Jueves",0,1:30:00,,"0.0",2,"Automóvil,Moto/Ciclomotor","Av Freyre Y Corrientes",2,1,0,0,1,0,0,,"Avenida",,"SANTA FE","La Capital","Asfalto","S/D","I","Dentro","Urbana","Semáforo","Funciona","Recta","Bueno","Buena","Nocturna","Buen Tiempo","Lateral","S/D","Colisión","S/D","S/D","Cordón divisorio","Sin restricción"
2016,2961,5/5/2016,"Jueves",0,13:00:00,,"0.0",1,"Transporte de Pasajeros Urbano (> 8 asientos)","Dr Zavalla Y Amenabar",3,2,0,0,1,0,0,,"S/D",,"SANTA FE","La Capital","Asfalto","S/D","I","Dentro","Urbana","Ninguna","No existe","Recta","Con baches","Buena","Diurna","Buen Tiempo","S/D","S/D","Otro","Ninguna","S/D","Línea divisoria pintada","Sin restricción"
2016,2962,5/6/2016,"Viernes",0,16:20:00,,"0.0",2,"Automóvil,Moto/Ciclomotor"," ",3,2,0,0,1,0,0,,"Calle",,"SANTA FE","La Capital","Hormigón","S/D","I","Dentro","Urbana","Ninguna","No existe","Recta","Con baches","Buena","Diurna","Buen Tiempo","Frontal","S/D","Colisión","Ninguna","S/D","Línea divisoria pintada","Sin restricción"
2016,2963,5/7/2016,"Sabado",0,16:50:00,,"0.0",2,"Automóvil,Moto/Ciclomotor","Monseñor Zaspe Y Av Urquiza",2,1,0,0,1,0,0,,"Calle",,"SANTA FE","La Capital","Asfalto","S/D","I","Dentro","Urbana","Semáforo","Funciona","Recta","Con baches","Buena","Diurna","Buen Tiempo","Lateral","S/D","Colisión","Ninguna","Faltante","Ninguna","Sin restricción"
2016,2964,5/9/2016,"Lunes",0,14:15:00,,"0.0",3,"Automóvil,Peatón,Peatón","Av J J Paso Y Av Urquiza",3,2,0,0,1,0,0,,"Avenida",,"SANTA FE","La Capital","Asfalto","No existe","I","Dentro","Urbana","Semáforo","Funciona","Intersección","Bueno","Buena","Diurna","Buen Tiempo","De alcance","Peatón","Atropello","Ninguna","S/D","Ninguna","Sin restricción"
2016,2965,5/10/2016,"Martes",0,13:50:00,,"0.0",2,"Automóvil,Moto/Ciclomotor"," ",2,1,0,0,1,0,0,,"S/D",,"SANTA FE","La Capital","Hormigón","No existe","I","Dentro","Urbana","Ninguna","S/D","Recta","Con baches","Buena","Diurna","Buen Tiempo","Frontal","S/D","Colisión","Ninguna","Faltante","Línea divisoria pintada","Sin restricción"
2016,2966,5/7/2016,"Sabado",0,3:00:00,,"0.0",3,"Automóvil,Automóvil,Automóvil","Salvador del Carril Y Sarmiento",4,1,0,0,3,0,0,,"Avenida",,"SANTA FE","La Capital","Asfalto","No existe","I","S/D","Urbana","Ninguna","No existe","Intersección","Bueno","Reducida","Nocturna","Buen Tiempo","Lateral","S/D","Colisión","Ninguna","S/D","Ninguna","Sin restricción"
2016,2967,5/10/2016,"Martes",0,18:30:00,,"0.0",2,"Automóvil,Moto/Ciclomotor","Corrientes Y Av Urquiza",3,2,0,0,1,0,0,,"Calle",,"SANTA FE","La Capital","Asfalto","S/D","I","Dentro","Urbana","Semáforo","S/D","Intersección","Bueno","Buena","Atardecer","Buen Tiempo","Lateral","S/D","Colisión","Ninguna","Faltante","Ninguna","Sin restricción"
2016,2968,5/11/2016,"Miercoles",0,8:45:00,,"0.0",2,"Pickup/Utilitario,Moto/Ciclomotor","3 de Febrero Y Dr Zavalla",2,1,0,0,1,0,0,,"S/D",,"SANTA FE","La Capital","Asfalto","S/D","I","S/D","S/D","Ninguna","S/D","Recta","Con baches","S/D","Diurna","Buen Tiempo","Frontal","S/D","Colisión","Ninguna","Faltante","Ninguna","Sin restricción"
2016,2969,5/11/2016,"Miercoles",0,9:30:00,,"0.0",2,"Automóvil,Automóvil","Francia Y Corrientes",2,1,0,0,1,0,0,,"S/D",,"SANTA FE","La Capital","Asfalto","No existe","I","S/D","Urbana","Ninguna","No existe","Intersección","Bueno","Buena","Diurna","Buen Tiempo","Lateral","S/D","Colisión","S/D","S/D","Ninguna","Sin restricción"
2016,2970,5/9/2016,"Lunes",0,19:30:00,,"0.0",2,"Moto/Ciclomotor,Pickup/Utilitario","Pedro de Vega Y Alvear",2,1,0,0,1,0,0,,"S/D",,"SANTA FE","La Capital","Asfalto","No existe","I","Dentro","Urbana","Ninguna","No existe","Intersección","Bueno","Reducida","Atardecer","Buen Tiempo","Lateral","S/D","Colisión","Ninguna","S/D","Ninguna","Sin restricción"
2016,2971,5/9/2016,"Lunes",0,21:30:00,,"0.0",2,"Moto/Ciclomotor,Automóvil","Pedro Francisco A Candioti Y Regis Martinez",2,1,0,0,1,0,0,,"Calle",,"SANTA FE","La Capital","Asfalto","No existe","I","S/D","Urbana","Ninguna","No existe","Intersección","Bueno","Reducida","Nocturna","Buen Tiempo","Lateral","S/D","Colisión","Ninguna","S/D","Ninguna","Sin restricción"
2016,2972,5/11/2016,"Miercoles",0,13:50:00,,"0.0",2,"Automóvil,Moto/Ciclomotor","Av Gral Lopez 3540",2,1,0,0,1,0,0,,"S/D",,"SANTA FE","La Capital","Asfalto","No existe","I","S/D","S/D","Semáforo","Funciona","Recta","Bueno","Buena","Diurna","Buen Tiempo","Lateral","S/D","Colisión","Ninguna","S/D","Ninguna","Sin restricción"
2016,2973,5/10/2016,"Martes",0,10:30:00,,"0.0",2,"Automóvil,Bicicleta","Salvador del Carril Y Guemes",2,1,0,0,1,0,0,,"Avenida",,"SANTA FE","La Capital","Asfalto","No existe","I","S/D","Urbana","Ninguna","No existe","Intersección","Bueno","Buena","Diurna","Buen Tiempo","S/D","Ciclista","Atropello","Ninguna","S/D","Ninguna","Sin restricción"
2016,2974,5/11/2016,"Miercoles",0,11:05:00,,"0.0",2,"Moto/Ciclomotor,Automóvil","Candioti ",2,1,0,0,1,0,0,,"Calle",,"SANTA FE","La Capital","Asfalto","No existe","I","S/D","Urbana","Ninguna","No existe","Intersección","Bueno","Buena","Diurna","Buen Tiempo","De alcance","S/D","Colisión","Ninguna","S/D","Ninguna","Sin restricción"
2016,2975,5/11/2016,"Miercoles",0,14:40:00,,"0.0",3,"Pickup/Utilitario,Pickup/Utilitario,Automóvil","Republica de Siria Y Hernandarias",3,1,0,0,2,0,0,,"S/D",,"SANTA FE","La Capital","Asfalto","No existe","I","Dentro","Urbana","Ninguna","No existe","Intersección","Bueno","Buena","Diurna","Buen Tiempo","Lateral","S/D","Colisión","Ninguna","S/D","Ninguna","Sin restricción"
2016,2976,5/11/2016,"Miercoles",0,20:20:00,,"0.0",2,"Peatón,Automóvil","Necochea Y Pje Parpal",2,0,0,0,1,1,0,"-31.611528, -60.686758","Calle",,"SANTA FE","La Capital","Asfalto","No existe","I","S/D","Urbana","Ninguna","No existe","Intersección","Bueno","Reducida","Nocturna,Con luz artificial","Buen Tiempo","S/D","Peatón","Atropello","Ninguna","S/D","Ninguna","Sin restricción"
2016,2977,5/19/2016,"Jueves",0,15:50:00,,"0.0",2,"Moto/Ciclomotor,Transporte de Pasajeros Urbano (> 8 asientos)","Francia Y Obispo Gelabert",2,0,1,0,1,0,0,,"Calle",,"SANTA FE","La Capital","S/D","S/D","I","S/D","Urbana","S/D","S/D","Intersección","S/D","S/D","S/D","S/D","Lateral","S/D","Colisión","S/D","S/D","S/D","S/D"
2016,2978,5/19/2016,"Jueves",0,17:30:00,,"0.0",2,"Pickup/Utilitario,Moto/Ciclomotor","Av Freyre Y La Rioja",2,1,0,0,1,0,0,,"Avenida",,"SANTA FE","La Capital","Asfalto","S/D","I","S/D","Urbana","S/D","S/D","Intersección","S/D","S/D","S/D","S/D","S/D","S/D","Colisión","S/D","S/D","S/D","S/D"
2016,2979,5/20/2016,"Viernes",0,14:30:00,,"0.0",2,"Moto/Ciclomotor,Automóvil","Av Freyre Y Salvador Caputo",2,1,0,0,1,0,0,,"Avenida",,"SANTA FE","La Capital","Asfalto","S/D","I","S/D","Urbana","S/D","S/D","Intersección","S/D","S/D","S/D","S/D","S/D","S/D","Colisión","S/D","S/D","S/D","S/D"
2016,2980,5/20/2016,"Viernes",0,11:00:00,,"0.0",2,"Moto/Ciclomotor,Automóvil","Uruguay Y Gdor Freyre",2,1,0,0,1,0,0,,"Calle",,"SANTA FE","La Capital","Asfalto","S/D","I","S/D","Urbana","S/D","S/D","Intersección","S/D","S/D","S/D","S/D","S/D","S/D","Colisión","S/D","S/D","S/D","S/D"
2016,2981,5/24/2016,"Martes",0,14:30:00,,"0.0",2,"Moto/Ciclomotor,Automóvil","Av Freyre Y Gdor Crespo",2,1,0,0,1,0,0,,"Avenida",,"SANTA FE","La Capital","Asfalto","S/D","I","S/D","Urbana","S/D","S/D","Intersección","S/D","S/D","S/D","S/D","S/D","S/D","Colisión","S/D","S/D","S/D","S/D"
2016,2982,5/24/2016,"Martes",0,13:30:00,,"0.0",2,"Bicicleta,Automóvil","Av Freyre 3400",2,1,0,0,1,0,0,,"Avenida",,"SANTA FE","La Capital","Asfalto","S/D","I","S/D","Urbana","S/D","S/D","Recta","S/D","S/D","S/D","S/D","S/D","Ciclista","Atropello","S/D","S/D","S/D","S/D"
2016,2983,5/9/2016,"Lunes",0,16:30:00,,"0.0",2,"Automóvil,Bicicleta","9 de Julio 7200",2,1,0,0,1,0,0,,"Calle",,"SANTA FE","La Capital","Asfalto","No existe","I","Dentro","Urbana","Ninguna","No existe","Recta","Bueno","Buena","Diurna","Buen Tiempo","S/D","Ciclista","Atropello","Ninguna","Faltante","Ninguna","Sin restricción"
2016,2984,5/10/2016,"Martes",0,19:15:00,,"0.0",2,"Moto/Ciclomotor,Automóvil","Av A del Valle Y Lavaisse",2,1,0,0,1,0,0,,"Avenida",,"SANTA FE","La Capital","Hormigón","No existe","I","Dentro","Urbana","Ninguna","No existe","Recta","Bueno","Buena","Atardecer,Con luz artificial","Buen Tiempo","De alcance","S/D","Colisión","Ninguna","Faltante","Ninguna","Sin restricción"
2016,2985,5/13/2016,"Viernes",0,20:45:00,,"0.0",2,"Moto/Ciclomotor,Pickup/Utilitario","Risso Y 1ro de Mayo",2,1,0,0,1,0,0,,"Calle",,"SANTA FE","La Capital","Asfalto","No existe","I","Dentro","Urbana","Ninguna","No existe","Intersección","Con baches","Buena","Nocturna","Buen Tiempo","Lateral","S/D","Colisión","Ninguna","Faltante","Ninguna","Sin restricción"
2016,2986,5/1/2016,"Domingo",0,14:30:00,,"0.0",2,"Automóvil,Moto/Ciclomotor","J J Paso Y Dr Zavalla",2,1,0,0,1,0,0,,"S/D",,"SANTA FE","La Capital","S/D","S/D","I","S/D","S/D","Paso Peatonal","S/D","Intersección","S/D","S/D","S/D","Buen Tiempo","Lateral","S/D","Colisión","S/D","S/D","Ninguna","Obra en Construcción"
2016,2987,5/31/2016,"Martes",0,17:30:00,,"0.0",2,"Moto/Ciclomotor,Pickup/Utilitario","J Castelli Y 1ro de Mayo",2,1,0,0,1,0,0,,"Calle",,"SANTA FE","La Capital","Asfalto","S/D","I","Dentro","Urbana","Ninguna","No existe","Intersección","Bueno,Con baches","Buena","Diurna","Buen Tiempo","Lateral","S/D","Colisión","Ninguna","Faltante","Ninguna","Sin restricción"
2016,2988,8/18/2016,"Jueves",0,7:30:00,,"0.0",2,"Automóvil,Automóvil","Bv Galvez 1500",2,1,0,0,1,0,0,,"Avenida",,"SANTA FE","La Capital","Asfalto","No existe","I","Dentro","Urbana","S/D","S/D","Recta","Bueno","S/D","Amanecer","S/D","Lateral","S/D","Colisión","S/D","S/D","Vegetación","S/D"
2016,2989,5/14/2016,"Sabado",0,21:15:00,,"0.0",2,"Automóvil,Moto/Ciclomotor","M De Polonia Y Av A del Valle",4,0,1,1,2,0,0,,"Avenida",,"SANTA FE","La Capital","Hormigón","No existe","I","Dentro","Urbana","Ninguna","No existe","Intersección","Bueno","Buena","Nocturna,Con luz artificial","Buen Tiempo","Lateral","S/D","Caída ocupante","Ninguna","Faltante","Línea divisoria pintada","Sin restricción"