"anio_acci","nro_acci","fecha","desc_dia","fecha_aprox","hora_aprox","desc_ruta","km","cant_participantes","desc_participante","calle_avenida_km","total","heridos_leves","heridos_graves","heridos_gravisimos","ilesos","fallecidos","sin_datos","posicion_XY","desc_tipo_via","desc_ruta_ori","desc_loc","desc_dpto","desc_tipo_calzada","desc_tipo_banquina","desc_unidad_regional","desc_lugar_calzada","desc_zona","desc_prioridad","desc_estado_semaforo","desc_lugar_via","desc_estado_via","desc_estado_visibilidad","desc_luminosidad","desc_estado_clima","desc_tipo_colision","desc_tipo_atropello","desc_tipo_hecho","desc_pres_calzada","desc_senializacion","desc_separacion_via","desc_restriccion"
2016,2990,5/7/2016,"Sabado",0,19:00:00,,"0.0",2,"Moto/Ciclomotor,Otros","3 de Febrero Y San Jose",2,1,0,0,0,0,1,,"Calle",,"SANTA FE","La Capital","Asfalto","Pavimento","I","S/D","Urbana","Ninguna","No existe","Intersección","Bueno","Buena","Atardecer","Buen Tiempo","Frontal","S/D","Colisión","Agua","Faltante","Ninguna","Sin restricción"
2016,2991,5/14/2016,"Sabado",0,23:10:00,,"0.0",4,"Moto/Ciclomotor,Otros,Moto/Ciclomotor,Moto/Ciclomotor","San Jose Y Amenabar",4,3,1,0,0,0,0,,"Calle",,"SANTA FE","La Capital","Asfalto","Pavimento","I","Dentro","Urbana","Ninguna","No existe","Intersección","Bueno","Buena","Nocturna","Buen Tiempo","Frontal,Múltiple","S/D","Colisión","Ninguna","S/D","Ninguna","Sin restricción"
2016,2992,5/14/2016,"Sabado",0,23:10:00,,"0.0",2,"Moto/Ciclomotor,Moto/Ciclomotor","San Jose Y Amenabar",3,0,1,0,2,0,0,,"Calle",,"SANTA FE","La Capital","Asfalto","Pavimento","I","S/D","Urbana","Ninguna","No existe","Intersección","Bueno","Buena","Nocturna","Buen Tiempo","S/D","S/D","Colisión","Ninguna","S/D","Ninguna","Sin restricción"
2016,2993,5/14/2016,"Sabado",0,18:15:00,,"0.0",2,"Automóvil,Pickup/Utilitario","Iturraspe Y San Jeronimo",6,1,0,0,5,0,0,,"Calle",,"SANTA FE","La Capital","Hormigón","No existe","I","Dentro","Urbana","Ninguna","No existe","Intersección","Bueno","Buena","Atardecer,Con luz artificial","Buen Tiempo","Lateral","S/D","Colisión","Ninguna","Faltante","Línea divisoria pintada","Sin restricción"
2016,2994,5/14/2016,"Sabado",0,18:10:00,,"0.0",2,"Automóvil,Moto/Ciclomotor","Av Freyre 1185",3,2,0,0,1,0,0,,"S/D",,"SANTA FE","La Capital","Asfalto","No existe","I","S/D","Urbana","Ninguna","No existe","Recta","Con baches","Buena","Atardecer","Buen Tiempo","Lateral","S/D","Colisión","Ninguna","S/D","Ninguna","Sin restricción"
2016,2995,5/4/2016,"Miercoles",0,22:45:00,,"0.0",1,"Moto/Ciclomotor","Urquiza ",1,0,0,0,0,0,1,,"S/D",,"SAN LORENZO","San Lorenzo","S/D","S/D","XVII","S/D","S/D","S/D","S/D","S/D","S/D","S/D","Nocturna","S/D","S/D","S/D","S/D","S/D","S/D","S/D","S/D"
2016,2996,1/28/2016,"Jueves",0,11:20:00,,"0.0",1,"Automóvil"," ",1,1,0,0,0,0,0,,"Camino Rural",,"BIGAND","Caseros","Tierra","Natural","IV","Dentro","Rural","Ninguna","No existe","S/D","Con baches","Buena","Diurna","Buen Tiempo","S/D","S/D","Vuelco","S/D","Faltante","Ninguna","Sin restricción"
2016,2997,2/2/2016,"Martes",0,11:30:00,,"0.0",2,"Bicicleta,Pickup/Utilitario","M Gonzalez Y Remedios Escalada de San Marti",2,1,0,0,1,0,0,,"Calle",,"BIGAND","Caseros","Asfalto","No existe","IV","Dentro","Urbana","Ninguna","No existe","Intersección","Bueno","Buena","Diurna","Buen Tiempo","S/D","Ciclista","Atropello","S/D","Faltante","Ninguna","Sin restricción"
2016,2998,4/7/2016,"Jueves",0,6:35:00,"Ruta Nacional 11","0.0",1,"Automóvil","Av San Martin 1000",3,0,0,0,0,1,2,"-32.751272, -60.734204","Ruta",11,"SAN LORENZO","San Lorenzo","S/D","S/D","XVII","S/D","Urbana","S/D","S/D","S/D","S/D","S/D","Nocturna","S/D","S/D","S/D","S/D","S/D","S/D","S/D","S/D"
2016,2999,2/8/2016,"Lunes",0,19:15:00,,"0.0",1,"Moto/Ciclomotor","Rivadavia Y Almte Brown",1,1,0,0,0,0,0,,"Calle",,"BIGAND","Caseros","Asfalto","S/D","IV","Dentro","Urbana","Ninguna","No existe","Intersección","Bueno","Buena","Diurna","Buen Tiempo","S/D","S/D","Caída ocupante","S/D","Faltante","Ninguna","Sin restricción"
2016,3000,2/23/2016,"Martes",0,9:30:00,,"0.0",2,"Moto/Ciclomotor,Pickup/Utilitario","Remedios Escalada de San Marti Y M Gonzalez",2,1,0,0,1,0,0,,"Calle",,"BIGAND","Caseros","Asfalto","No existe","IV","Dentro","Urbana","Ninguna","No existe","Recta","Bueno","Buena","Diurna","Buen Tiempo","Lateral","S/D","Colisión","S/D","Faltante","Ninguna","Sin restricción"
2016,3001,3/26/2016,"Sabado",0,6:00:00,,"0.0",2,"Automóvil,Moto/Ciclomotor","Sarmiento Y Rivadavia",2,0,1,0,1,0,0,,"Calle",,"BIGAND","Caseros","Asfalto","No existe","IV","Dentro","Urbana","Ninguna","No existe","Recta","Bueno","Buena","Nocturna,Con luz artificial","Buen Tiempo","Lateral","S/D","Colisión","S/D","S/D","Ninguna","Sin restricción"
2016,3002,5/9/2016,"Lunes",0,20:55:00,,"0.0",2,"Automóvil,Moto/Ciclomotor","San Juan ",2,1,0,0,1,0,0,,"Calle",,"SAN LORENZO","San Lorenzo","S/D","S/D","XVII","Dentro","Urbana","S/D","S/D","S/D","S/D","S/D","Nocturna","S/D","S/D","S/D","Colisión","S/D","S/D","S/D","S/D"
2016,3003,5/17/2016,"Martes",0,18:10:00,,"0.0",2,"Automóvil,Moto/Ciclomotor","Uruguay Y Francia",2,1,0,0,1,0,0,,"Calle",,"SANTA FE","La Capital","S/D","S/D","I","S/D","Urbana","S/D","S/D","S/D","S/D","S/D","S/D","S/D","S/D","S/D","S/D","S/D","S/D","S/D","S/D"
2016,3004,5/8/2016,"Domingo",0,19:00:00,"Ruta Provincial 64","5.6",1,"Automóvil"," ",1,1,0,0,0,0,0,,"Ruta",64,"SASTRE","San Martín","Asfalto","No existe","XVIII","Fuera","Urbana","Ninguna","No existe","Recta","S/D","Reducida","Atardecer","Buen Tiempo","Atropello animal","S/D","Colisión","S/D","S/D","Línea divisoria pintada","Sin restricción"
2016,3005,5/13/2016,"Viernes",0,12:30:00,,"0.0",2,"Pickup/Utilitario,Bicicleta","Jorge Ortiz ",2,0,1,0,1,0,0,,"Calle",,"SASTRE","San Martín","Asfalto","No existe","XVIII","Dentro","Urbana","Ninguna","No existe","Recta","Bueno","Buena","Diurna","Buen Tiempo","S/D","Ciclista","Atropello","S/D","Faltante","Ninguna","Sin restricción"
2016,3006,5/4/2016,"Miercoles",0,13:00:00,,"0.0",2,"Peatón,Tren","Alvear Y E.Zeballos",2,1,0,0,0,0,1,,"Calle",,"ROSARIO","Rosario","Asfalto","S/D","II","Dentro","Urbana","Ninguna","S/D","Recta","Bueno","S/D","Diurna","Buen Tiempo","S/D","Peatón","Atropello","S/D","S/D","Cordón divisorio","Sin restricción"
2016,3007,5/19/2016,"Jueves",0,8:45:00,,"0.0",2,"Automóvil,Moto/Ciclomotor","Monseñor Zaspe Y Roque Saenz Peña",3,1,0,0,2,0,0,,"S/D",,"SANTA FE","La Capital","Asfalto","No existe","I","Dentro","Urbana","Ninguna","No existe","Intersección","Con baches","Buena","Diurna","Buen Tiempo","Lateral","S/D","Colisión","Ninguna","Faltante","Ninguna","Sin restricción"
2016,3008,5/18/2016,"Miercoles",0,8:30:00,,"0.0",1,"Moto/Ciclomotor","25 de Mayo Y E Ortiz",1,1,0,0,0,0,0,,"Calle",,"SASTRE","San Martín","Asfalto","No existe","XVIII","Dentro","Urbana","Ninguna","No existe","Intersección","Bueno","Buena","Diurna","Buen Tiempo","S/D","S/D","Caída ocupante","S/D","Faltante","Cordón divisorio","Sin restricción"
2016,3009,5/12/2016,"Jueves",0,,,"0.0",2,"Bicicleta,Automóvil","9 De Julio 1600",2,1,0,0,1,0,0,,"Calle",,"ROSARIO","Rosario","Asfalto","Pavimento","II","Dentro","Urbana","Ninguna","No existe","Recta","Bueno","Buena","Diurna","Buen Tiempo","S/D","Ciclista","Atropello","S/D","Horizontal","Cordón divisorio","Sin restricción"
2016,3010,5/12/2016,"Jueves",0,13:49:00,,"0.0",2,"Automóvil,Peatón","Av. Corrientes ",2,1,0,0,1,0,0,,"Calle",,"ROSARIO","Rosario","Asfalto","No existe","II","Dentro","Urbana","Ninguna","No existe","Recta","Bueno","Buena","Diurna","Buen Tiempo","S/D","Peatón","Atropello","S/D","Horizontal","Cordón divisorio","Sin restricción"
2016,3011,5/21/2016,"Sabado",0,11:45:00,"Ruta Provincial 14","64.0",1,"Moto/Ciclomotor"," ",1,0,1,0,0,0,0,,"Ruta",14,"BIGAND","Caseros","Asfalto","Natural","IV","Dentro","Urbana","Ninguna","No existe","Recta","Bueno","Buena","Diurna","Buen Tiempo","Atropello animal","S/D","Colisión","S/D","Faltante","Ninguna","Sin restricción"
2016,3012,5/9/2016,"Lunes",0,9:10:00,,"0.0",2,"Moto/Ciclomotor,Automóvil","Mariano Moreno 1600",3,1,0,0,2,0,0,,"Calle",,"ROSARIO","Rosario","Asfalto","Pavimento","II","Dentro","Urbana","Ninguna","S/D","Recta","Bueno","Buena","Diurna","Buen Tiempo","S/D","S/D","Colisión","S/D","Horizontal","Cordón divisorio","Sin restricción"
2016,3013,6/11/2016,"Sabado",0,,,"0.0",2,"Automóvil,Automóvil","Calle 22- 25 de Mayo Y Calle 23-Gral lopez",3,1,1,0,1,0,0,,"Calle",,"RECONQUISTA","General Obligado","Asfalto","No existe","IX","Dentro","Urbana","Ninguna","No existe","Intersección","Bueno","Reducida","Nocturna","S/D","De alcance","S/D","Colisión","Agua","Faltante","Ninguna","Sin restricción"
2016,3014,5/3/2016,"Martes",0,17:54:00,,"0.0",1,"Automóvil","E.Zeballos 1200",2,1,0,0,1,0,0,,"Calle",,"ROSARIO","Rosario","Asfalto","Pavimento","II","Dentro","Urbana","Semáforo","Funciona","Recta","Bueno","Reducida","Atardecer","Lluvia","S/D","S/D","Colisión","S/D","Vertical","Cordón divisorio","S/D"
2016,3015,6/1/2016,"Miercoles",0,9:10:00,,"0.0",2,"Automóvil,Bicicleta","Calle 9-Mariano Moreno Y Calle 20 9 de Julio",2,1,0,0,1,0,0,,"Calle",,"RECONQUISTA","General Obligado","Asfalto","Ripio","IX","Dentro","Urbana","Ninguna","No existe","Intersección","Bueno","Buena","Diurna","Buen Tiempo","De alcance","Ciclista","Atropello","S/D","Faltante","Ninguna","Sin restricción"
2016,3016,5/7/2016,"Sabado",0,14:45:00,,"0.0",2,"Automóvil,Automóvil","San Juan 1150",2,1,0,0,1,0,0,,"Calle",,"ROSARIO","Rosario","Asfalto","Pavimento","II","Dentro","Urbana","Marca Vial","S/D","Recta","Bueno","Buena","Diurna","Buen Tiempo","Lateral","S/D","Colisión","S/D","Horizontal","Cordón divisorio","Sin restricción"
2016,3017,5/19/2016,"Jueves",0,14:00:00,,"0.0",2,"Automóvil,Automóvil","J J Paso Y Gdor Freyre",4,1,0,0,3,0,0,,"Avenida",,"SANTA FE","La Capital","Asfalto","No existe","I","Dentro","Urbana","Ninguna","No existe","Intersección","Con baches","Buena","Diurna","Buen Tiempo","De alcance","S/D","Colisión","Ninguna","Faltante","Ninguna","Sin restricción"
2016,3018,6/17/2016,"Viernes",0,11:50:00,,"0.0",2,"Moto/Ciclomotor,Automóvil","Calle 31-Newbery Y Calle 26 - Bolivar",2,1,0,0,1,0,0,,"Calle",,"RECONQUISTA","General Obligado","Asfalto","No existe","IX","Dentro","Urbana","Ninguna","No existe","Intersección","Bueno","Buena","Diurna","Buen Tiempo","S/D","S/D","Colisión","S/D","Faltante","Cordón divisorio","Sin restricción"
2016,3019,6/27/2016,"Lunes",0,17:30:00,,"0.0",2,"Moto/Ciclomotor,Automóvil","Calle 16 Gral Obligado ",2,1,0,0,1,0,0,,"Calle",,"RECONQUISTA","General Obligado","Asfalto","No existe","IX","Dentro","Urbana","Ninguna","No existe","Recta","Bueno","Buena","Atardecer","Buen Tiempo","S/D","S/D","Colisión","S/D","Faltante","Cordón divisorio","Sin restricción"
2016,3020,5/14/2016,"Sabado",0,,,"0.0",2,"Moto/Ciclomotor,Automóvil","Dorrego Y 3 De Febrero",3,2,0,0,1,0,0,,"S/D",,"ROSARIO","Rosario","Asfalto","Pavimento","II","Dentro","Urbana","Ninguna","No existe","Recta","Bueno","Buena","Amanecer,Con luz artificial","Buen Tiempo","S/D","S/D","Colisión","S/D","Vertical","Cordón divisorio","Sin restricción"
2016,3021,6/28/2016,"Martes",0,13:25:00,,"0.0",2,"Automóvil,Moto/Ciclomotor","Calle 3-Almafuerte Y Calle 28 - San Lorenzo",2,0,1,0,1,0,0,,"Calle",,"RECONQUISTA","General Obligado","Tierra","Natural","IX","Dentro","Urbana","Ninguna","No existe","Intersección","Deteriorada","Buena","Diurna","Buen Tiempo","Frontal","S/D","Colisión","S/D","Faltante","Cordón divisorio","Sin restricción"
2016,3022,5/23/2016,"Lunes",0,19:20:00,,"0.0",3,"Automóvil,Automóvil,Automóvil","Av. Pellegrini Y Sarmiento",4,1,0,0,3,0,0,,"Avenida",,"ROSARIO","Rosario","Asfalto","Pavimento","II","Dentro","Urbana","Semáforo","S/D","S/D","Bueno","Buena","Atardecer","Buen Tiempo","Múltiple","S/D","Colisión","S/D","Vertical","Cordón divisorio","Sin restricción"
2016,3023,6/28/2016,"Martes",0,19:20:00,,"0.0",2,"Moto/Ciclomotor,Automóvil","Calle 25 - Pietropaolo ",2,1,0,0,1,0,0,,"Calle",,"RECONQUISTA","General Obligado","Hormigón","No existe","IX","Dentro","Urbana","Ninguna","No existe","S/D","Bueno","Buena","Diurna","Buen Tiempo","S/D","S/D","Colisión","S/D","S/D","Ninguna","Sin restricción"
2016,3024,5/19/2016,"Jueves",0,18:05:00,,"0.0",2,"Automóvil,Moto/Ciclomotor","Av Freyre Y Lisandro de la Torre",2,0,0,0,1,0,1,,"Avenida",,"SANTA FE","La Capital","Asfalto","No existe","I","Dentro","Urbana","Ninguna","Funciona","Intersección","Con baches","Buena","Diurna","Buen Tiempo","De alcance","S/D","Colisión","Ninguna","Faltante","Ninguna","Sin restricción"
2016,3025,6/16/2016,"Jueves",0,18:15:00,,"0.0",2,"Bicicleta,Automóvil","Calle 17-Bartolome Mitre ",2,1,0,0,1,0,0,,"Calle",,"RECONQUISTA","General Obligado","Hormigón","No existe","IX","Dentro","Urbana","Ninguna","No existe","Recta","Bueno","Buena","Diurna","Buen Tiempo","S/D","Ciclista","Atropello","S/D","S/D","Vegetación","Sin restricción"
2016,3026,5/21/2016,"Sabado",0,17:00:00,,"0.0",2,"Moto/Ciclomotor,Automóvil","PUENTE CARRETERO ",3,1,1,0,1,0,0,,"S/D",,"SANTA FE","La Capital","S/D","S/D","I","S/D","S/D","S/D","S/D","S/D","S/D","S/D","S/D","S/D","S/D","S/D","S/D","S/D","S/D","S/D","S/D"
2016,3027,6/11/2016,"Sabado",0,16:55:00,,"0.0",2,"Moto/Ciclomotor,Automóvil","Calle 20 9 de Julio Y Calle 15-Patricio Diez",3,1,0,0,2,0,0,,"Calle",,"RECONQUISTA","General Obligado","Asfalto","No existe","IX","Dentro","Urbana","Ninguna","No existe","Intersección","Bueno","Buena","Diurna","Buen Tiempo","Frontal","S/D","Colisión","S/D","Vertical","Ninguna","Sin restricción"
2016,3028,5/22/2016,"Domingo",0,12:00:00,,"0.0",2,"Pickup/Utilitario,Moto/Ciclomotor","Av Freyre Y Juan de Garay",3,2,0,0,1,0,0,,"Calle",,"SANTA FE","La Capital","Asfalto","No existe","I","Dentro","Urbana","Semáforo","Funciona","Intersección","Bueno","Buena","Diurna","Buen Tiempo","Lateral","S/D","Colisión","S/D","Horizontal","Cordón divisorio","Sin restricción"
2016,3029,6/8/2016,"Miercoles",0,14:00:00,,"0.0",2,"Moto/Ciclomotor,Moto/Ciclomotor","Bolivia Y Chubut",2,2,0,0,0,0,0,,"Calle",,"PUERTO SAN MARTÍN","San Lorenzo","Asfalto","No existe","XVII","Dentro","Urbana","Ninguna","No existe","Intersección","Bueno","Buena","Diurna","Buen Tiempo","Lateral","S/D","Colisión","Ninguna","Horizontal","Ninguna","Sin restricción"
2016,3030,6/10/2016,"Viernes",0,11:40:00,,"0.0",2,"Automóvil,Moto/Ciclomotor","Cordoba Y Reconquista",2,1,0,0,1,0,0,,"Avenida",,"PUERTO SAN MARTÍN","San Lorenzo","Asfalto","No existe","XVII","Dentro","Urbana","Ninguna","No existe","Intersección","Bueno","Buena","Diurna","Buen Tiempo","Frontal","S/D","Colisión","Ninguna","Horizontal","Ninguna","Sin restricción"
2016,3031,6/18/2016,"Sabado",0,7:05:00,,"0.0",1,"Moto/Ciclomotor","Cordoba Y Junin",2,2,0,0,0,0,0,,"Calle",,"PUERTO SAN MARTÍN","San Lorenzo","Asfalto","No existe","XVII","Dentro","Urbana","Ninguna","No existe","Intersección","Bueno","Buena","Diurna","Buen Tiempo","S/D","S/D","Caída ocupante","Ninguna","Horizontal","Ninguna","Sin restricción"
2016,3032,6/11/2016,"Sabado",0,21:10:00,,"0.0",2,"Moto/Ciclomotor,Automóvil","Buenos Aires Y Falucho",2,1,0,0,1,0,0,,"Calle",,"PUERTO SAN MARTÍN","San Lorenzo","Asfalto","No existe","XVII","S/D","Urbana","Ninguna","No existe","Intersección","Bueno","Buena","Nocturna","Buen Tiempo","Lateral","S/D","Colisión","Ninguna","Horizontal","Ninguna","Sin restricción"
2016,3033,6/19/2016,"Domingo",0,17:25:00,,"0.0",2,"Moto/Ciclomotor,Moto/Ciclomotor","Reconquista Y Cordoba",2,1,0,0,1,0,0,,"Avenida",,"PUERTO SAN MARTÍN","San Lorenzo","Asfalto","No existe","XVII","Dentro","Urbana","Ninguna","No existe","Intersección","Bueno","Buena","Diurna","Buen Tiempo","Lateral","S/D","Colisión","Ninguna","Horizontal","Ninguna","Sin restricción"
2016,3034,6/19/2016,"Domingo",0,22:45:00,"Ruta Nacional 11","335.0",2,"Automóvil,Automóvil","Ruta Nac 11 ",4,1,0,0,1,0,2,,"Ruta",11,"PUERTO SAN MARTÍN","San Lorenzo","Asfalto","Natural","XVII","Dentro","Rural","Ninguna","No existe","Recta","Ahuellamiento","Reducida","Nocturna","Buen Tiempo","Frontal","S/D","Colisión","Ninguna","Horizontal","Ninguna","Sin restricción"
2016,3035,6/21/2016,"Martes",0,20:00:00,,"0.0",2,"Moto/Ciclomotor,Automóvil","Bv San Martin Y Cordoba",2,1,0,0,1,0,0,,"Avenida",,"PUERTO SAN MARTÍN","San Lorenzo","Asfalto","No existe","XVII","S/D","Urbana","Ninguna","No existe","Intersección","Bueno","Buena","Nocturna","Buen Tiempo","Lateral","S/D","Colisión","Ninguna","Horizontal","Ninguna","Sin restricción"
2016,3036,6/23/2016,"Jueves",0,12:30:00,,"0.0",2,"Moto/Ciclomotor,Camión","Belgrano Y Chile",2,1,0,0,1,0,0,,"Calle",,"PUERTO SAN MARTÍN","San Lorenzo","Asfalto","No existe","XVII","Dentro","Urbana","Ninguna","No existe","Intersección","Otro","Buena","Diurna","Buen Tiempo","Lateral","S/D","Colisión","Ninguna","Horizontal","Ninguna","Sin restricción"
2016,3037,6/27/2016,"Lunes",0,19:25:00,,"0.0",2,"Moto/Ciclomotor,Automóvil","Buenos aires Y Sargento Cabral",3,2,0,0,1,0,0,,"S/D",,"SAN LORENZO","San Lorenzo","Asfalto","No existe","XVII","Dentro","Urbana","Ninguna","No existe","Intersección","Bueno","Buena","Atardecer","Buen Tiempo","Lateral","S/D","Colisión","Ninguna","Horizontal","Ninguna","Sin restricción"
2016,3038,6/10/2016,"Viernes",0,17:15:00,"Ruta Nacional A012","58.0",3,"Camión,Camión,Camión"," ",3,0,1,0,2,0,0,,"Ruta","A012","RICARDONE","San Lorenzo","Hormigón","Natural","XVII","S/D","Rural","Ninguna","No existe","Recta","Bueno","Buena","Diurna","Buen Tiempo","Otro","S/D","Colisión","Ninguna","Faltante","Ninguna","Sin restricción"
2016,3039,6/3/2016,"Viernes",0,2:15:00,"Ruta Nacional A012","62.0",2,"Moto/Ciclomotor,Camión"," ",2,1,0,0,1,0,0,,"Ruta","A012","RICARDONE","San Lorenzo","Hormigón","Natural","XVII","Dentro","Urbana","Ninguna","No existe","Recta","Bueno","Buena","Nocturna","Buen Tiempo","S/D","S/D","Colisión","Ninguna","Faltante","Ninguna","Sin restricción"
2016,3040,5/16/2016,"Lunes",0,13:05:00,,"0.0",2,"Automóvil,Moto/Ciclomotor","Juan Del Campillo Y Alvear",3,2,0,0,1,0,0,,"Calle",,"SANTA FE","La Capital","Asfalto","No existe","I","Dentro","Urbana","S/D","S/D","S/D","Bueno","Buena","Diurna","S/D","Lateral","S/D","Colisión","S/D","S/D","S/D","S/D"
2016,3041,6/3/2016,"Viernes",0,0:10:00,"Ruta Provincial 25","0.0",2,"Camión,Automóvil"," ",2,1,0,0,1,0,0,,"Ruta",25,"RICARDONE","San Lorenzo","Hormigón","No existe","XVII","Dentro","Rural","Ninguna","No existe","Recta","Bueno","Buena","Nocturna","Buen Tiempo","Otro","S/D","Colisión","Ninguna","Faltante","Ninguna","Sin restricción"
2016,3042,5/13/2016,"Viernes",0,18:05:00,,"0.0",2,"Automóvil,Moto/Ciclomotor","Bv Galvez Y San Luis",2,1,0,0,1,0,0,,"Calle",,"SANTA FE","La Capital","Asfalto","S/D","I","Dentro","Urbana","S/D","S/D","Intersección","Bueno","Buena","Atardecer","S/D","Lateral","S/D","Colisión","S/D","S/D","Vegetación","S/D"
2016,3043,5/13/2016,"Viernes",0,13:00:00,,"0.0",2,"Automóvil,Moto/Ciclomotor","Belgrano Y Junin",2,1,0,0,1,0,0,,"Calle",,"SANTA FE","La Capital","Asfalto","S/D","I","Dentro","Urbana","S/D","S/D","Intersección","S/D","Buena","Diurna","S/D","Lateral","S/D","Colisión","S/D","S/D","S/D","S/D"
2016,3044,5/14/2016,"Sabado",0,20:25:00,"Ruta Nacional 168","474.0",2,"Automóvil,Automóvil"," ",2,1,0,0,1,0,0,,"Ruta",168,"SANTA FE","La Capital","Asfalto","Pavimento","I","Dentro","Urbana","Ninguna","No existe","Recta","Bueno","Buena","Nocturna","Buen Tiempo","Lateral","S/D","Colisión","S/D","S/D","Barrera de hormigón,Guardarrail","Sin restricción"
2016,3045,5/22/2016,"Domingo",0,13:00:00,,"0.0",2,"Moto/Ciclomotor,Bicicleta","PUENTE CARRETERO ",2,1,0,0,1,0,0,,"Calle",,"SANTA FE","La Capital","Asfalto","Pavimento","I","Dentro","Urbana","Ninguna","No existe","Puente","Bueno","Buena","Diurna","Buen Tiempo","Lateral","Ciclista","Atropello","S/D","Faltante","Cordón divisorio","Sin restricción"
2016,3046,5/22/2016,"Domingo",0,13:00:00,"Ruta Nacional 11","0.0",2,"Automóvil,Automóvil"," ",2,1,0,0,1,0,0,,"Ruta",11,"SANTA FE","La Capital","Asfalto","Pavimento","I","Dentro","Urbana","Otra Señal","No existe","Curva","Bueno","Buena","Diurna","Buen Tiempo","Lateral","S/D","Colisión","S/D","Vertical","Guardarrail","Sin restricción"
2016,3047,5/5/2016,"Jueves",0,20:00:00,,"0.0",2,"Bicicleta,Pickup/Utilitario","Av Gral Lopez Y Juan Diaz de Solis",2,1,0,0,0,0,1,,"Calle",,"SANTA FE","La Capital","Ripio","No existe","I","Dentro","Urbana","Ninguna","No existe","Intersección","Deteriorada","Reducida","Nocturna","Buen Tiempo","S/D","Ciclista","Atropello","Material Suelto","Faltante","Ninguna","Sin restricción"
2016,3048,5/23/2016,"Lunes",0,16:00:00,,"0.0",2,"Taxi/Remis,Automóvil","Francia 1700",3,2,0,0,1,0,0,,"Calle",,"SANTA FE","La Capital","Asfalto","No existe","I","Dentro","Urbana","Ninguna","No existe","Recta","Bueno","Buena","Diurna","Buen Tiempo","Frontal","S/D","Colisión","S/D","Faltante","Ninguna","Sin restricción"
2016,3049,5/26/2016,"Jueves",0,19:00:00,,"0.0",2,"Automóvil,Moto/Ciclomotor","Av Gral Lopez Y Av Urquiza",2,1,0,0,1,0,0,,"Calle",,"SANTA FE","La Capital","Asfalto","No existe","I","Dentro","Urbana","Semáforo","Funciona","Intersección","Bueno","Buena","Atardecer","Buen Tiempo","Lateral","S/D","Colisión","S/D","Horizontal","Ninguna","Sin restricción"
2016,3050,5/27/2016,"Viernes",0,21:00:00,,"0.0",2,"Moto/Ciclomotor,Pickup/Utilitario","Av Freyre Y Juan de Garay",2,1,0,0,1,0,0,,"Calle",,"SANTA FE","La Capital","Asfalto","No existe","I","Dentro","Urbana","Ninguna","No existe","Intersección","Con baches","Buena","Nocturna","Buen Tiempo","Lateral","S/D","Colisión","S/D","Faltante","Ninguna","Sin restricción"
2016,3051,5/30/2016,"Lunes",0,16:00:00,,"0.0",2,"Moto/Ciclomotor,Automóvil","3 de Febrero Y Dr Zavalla",2,1,0,0,1,0,0,,"Calle",,"SANTA FE","La Capital","Asfalto","No existe","I","Dentro","Urbana","Ninguna","No existe","Intersección","Con baches","Buena","Diurna","Buen Tiempo","Lateral","S/D","Colisión","S/D","Faltante","Ninguna","Sin restricción"
2016,3052,5/18/2016,"Miercoles",0,20:15:00,,"0.0",2,"Moto/Ciclomotor,Automóvil","Zavalia Y O'Higgins",2,1,0,0,1,0,0,,"Calle",,"SANTA FE","La Capital","Asfalto","Pavimento","I","Dentro","Urbana","Ninguna","No existe","Intersección","Bueno","Buena","Nocturna","Buen Tiempo","Lateral","S/D","Colisión","Ninguna","Faltante","Ninguna","Sin restricción"
2016,3053,5/4/2016,"Miercoles",0,21:30:00,,"0.0",2,"Moto/Ciclomotor,Automóvil","Bv Galvez Y Guemes",3,2,0,0,1,0,0,,"Calle",,"SANTA FE","La Capital","Asfalto","S/D","I","Dentro","Urbana","S/D","Funciona","Intersección","Bueno","Buena","Nocturna","S/D","S/D","S/D","Colisión","S/D","S/D","Línea divisoria pintada","S/D"
2016,3054,5/7/2016,"Sabado",0,21:30:00,,"0.0",2,"Automóvil,Moto/Ciclomotor","Pedro Centeno ",3,2,0,0,1,0,0,,"Calle",,"SANTA FE","La Capital","Asfalto","No existe","I","Dentro","Urbana","S/D","S/D","Intersección","Bueno","Buena","Nocturna","S/D","Lateral","S/D","Colisión","S/D","S/D","S/D","S/D"
2016,3055,6/23/2016,"Jueves",0,,,"0.0",2,"Moto/Ciclomotor,Automóvil","Av San Lorenzo Y Martin Fierro",2,1,0,0,1,0,0,,"Calle",,"CAPITÁN BERMÚDEZ","San Lorenzo","Asfalto","S/D","XVII","Dentro","Urbana","Ninguna","S/D","Intersección","Bueno","S/D","S/D","Buen Tiempo","Lateral","S/D","Colisión","Ninguna","Faltante","Ninguna","Sin restricción"
2016,3056,5/19/2016,"Jueves",0,16:15:00,,"0.0",2,"Moto/Ciclomotor,Automóvil"," ",2,1,0,0,1,0,0,,"S/D",,"SANTA FE","La Capital","Asfalto","Pavimento","I","Dentro","Urbana","Ninguna","No existe","Recta","Bueno","Buena","Diurna","Buen Tiempo","Lateral","S/D","Colisión","Ninguna","Horizontal","Guardarrail","Sin restricción"