"anio_acci","nro_acci","fecha","desc_dia","fecha_aprox","hora_aprox","desc_ruta","km","cant_participantes","desc_participante","calle_avenida_km","total","heridos_leves","heridos_graves","heridos_gravisimos","ilesos","fallecidos","sin_datos","posicion_XY","desc_tipo_via","desc_ruta_ori","desc_loc","desc_dpto","desc_tipo_calzada","desc_tipo_banquina","desc_unidad_regional","desc_lugar_calzada","desc_zona","desc_prioridad","desc_estado_semaforo","desc_lugar_via","desc_estado_via","desc_estado_visibilidad","desc_luminosidad","desc_estado_clima","desc_tipo_colision","desc_tipo_atropello","desc_tipo_hecho","desc_pres_calzada","desc_senializacion","desc_separacion_via","desc_restriccion"
2016,3057,6/22/2016,"Miercoles",0,14:10:00,,"0.0",2,"Automóvil,Moto/Ciclomotor","General Lopez Y Urquiza",3,1,1,0,1,0,0,,"Avenida",,"SAN LORENZO","San Lorenzo","S/D","S/D","I","S/D","S/D","S/D","S/D","S/D","S/D","S/D","S/D","S/D","S/D","S/D","S/D","S/D","S/D","S/D","S/D"
2016,3058,6/23/2016,"Jueves",0,,,"0.0",2,"Otros,Moto/Ciclomotor","Angel Marino Gervaso Y 27 de Febrero",2,1,0,0,1,0,0,,"Calle",,"CAPITÁN BERMÚDEZ","San Lorenzo","Asfalto","S/D","XVII","Dentro","Urbana","S/D","S/D","Intersección","Bueno","S/D","S/D","Lluvia","S/D","S/D","Colisión","S/D","Faltante","Ninguna","Sin restricción"
2016,3059,6/21/2016,"Martes",0,13:10:00,,"0.0",2,"Moto/Ciclomotor,Automóvil","9 de Julio Y Bussi",2,1,0,0,1,0,0,,"Calle",,"FRAY LUIS BELTRÁN","San Lorenzo","Ripio","No existe","XVII","Dentro","Urbana","Ninguna","No existe","Intersección","Con baches","Buena","Diurna","Buen Tiempo","Lateral","S/D","Colisión","Agua","Faltante","Ninguna","Sin restricción"
2016,3060,6/18/2016,"Sabado",0,14:30:00,,"0.0",2,"Moto/Ciclomotor,Otros","Tucuman Y Chaco",3,1,0,0,2,0,0,,"Calle",,"MACIEL","San Jerónimo","Tierra","Natural","XV","Dentro","Urbana","Ninguna","No existe","Intersección","Bueno","Buena","Diurna","Buen Tiempo","Lateral","S/D","Colisión","S/D","Vertical","Ninguna","Sin restricción"
2016,3061,6/25/2016,"Sabado",0,,,"0.0",2,"Automóvil,Bicicleta","Av Gral Lopez Y Centenario",2,0,0,0,0,0,2,,"Calle",,"CAPITÁN BERMÚDEZ","San Lorenzo","Tierra","S/D","XVII","Dentro","Urbana","Ninguna","S/D","Intersección","Resbaladiza","S/D","S/D","S/D","S/D","Ciclista","Atropello","Agua","Faltante","Ninguna","Sin restricción"
2016,3062,6/21/2016,"Martes",0,21:30:00,,"0.0",1,"Automóvil","Bv San Martin 850",2,2,0,0,0,0,0,,"Avenida",,"TIMBÚES","San Lorenzo","Asfalto","Ripio","XVII","Dentro","Urbana","S/D","No existe","Recta","Deteriorada","Reducida","Nocturna","Otro","S/D","S/D","Vuelco","Agua","Faltante","Ninguna","S/D"
2016,3063,6/23/2016,"Jueves",0,18:40:00,,"0.0",2,"Automóvil,Moto/Ciclomotor","Urquiza Y Sargento Cabral",3,3,0,0,0,0,0,,"Calle",,"SAN LORENZO","San Lorenzo","Asfalto","S/D","XVII","S/D","S/D","S/D","S/D","Recta","S/D","S/D","S/D","S/D","S/D","S/D","S/D","S/D","S/D","S/D","S/D"
2016,3064,6/19/2016,"Domingo",0,18:00:00,,"0.0",2,"Moto/Ciclomotor,Moto/Ciclomotor","Rosario Y Velez Sarfield",3,2,0,0,1,0,0,,"Calle",,"RAFAELA","Castellanos","Asfalto","No existe","V","S/D","S/D","Ninguna","No existe","Intersección","Bueno","Buena","Atardecer","Buen Tiempo","Lateral","S/D","Colisión","S/D","S/D","Cordón divisorio","Sin restricción"
2016,3065,6/26/2016,"Domingo",0,,,"0.0",2,"Automóvil,Otros","Av San Lorenzo Y Avda Francia",2,2,0,0,0,0,0,,"Calle",,"CAPITÁN BERMÚDEZ","San Lorenzo","Asfalto","S/D","XVII","Dentro","Urbana","Ninguna","S/D","Intersección","Bueno","S/D","S/D","S/D","S/D","S/D","Colisión","Agua","S/D","Ninguna","Sin restricción"
2016,3066,6/18/2016,"Sabado",0,18:05:00,,"0.0",2,"Automóvil,Moto/Ciclomotor","Juan de Garay Y Sarmiento",2,1,0,0,1,0,0,,"Calle",,"FRAY LUIS BELTRÁN","San Lorenzo","Asfalto","No existe","XVII","Dentro","Urbana","S/D","No existe","Intersección","Bueno","Buena","S/D","Buen Tiempo","Lateral","S/D","Colisión","Ninguna","S/D","Ninguna","S/D"
2016,3067,6/18/2016,"Sabado",0,10:30:00,,"0.0",1,"Automóvil","España ",1,0,0,0,0,0,1,,"Calle",,"TIMBÚES","San Lorenzo","Asfalto","Natural","XVII","Fuera","Rural","S/D","No existe","Curva","Resbaladiza","Buena","Diurna","S/D","S/D","S/D","Incendio","Agua","S/D","Ninguna","S/D"
2016,3068,6/27/2016,"Lunes",0,,,"0.0",2,"Automóvil,Moto/Ciclomotor","Av San Lorenzo Y Laprida",2,2,0,0,0,0,0,,"Calle",,"CAPITÁN BERMÚDEZ","San Lorenzo","S/D","S/D","XVII","Dentro","Urbana","Ninguna","S/D","Intersección","S/D","Buena","Diurna","S/D","S/D","S/D","Colisión","S/D","Faltante","Ninguna","S/D"
2016,3069,6/4/2016,"Sabado",0,7:00:00,"Autopista Provincial Brigadier E.López","24.0",1,"Automóvil"," ",1,0,1,0,0,0,0,,"Autopista","Brigadier E.López","TIMBÚES","San Lorenzo","S/D","Natural","XVII","Fuera","Rural","S/D","No existe","Puente","Resbaladiza","Reducida","Nocturna","Lluvia","S/D","S/D","Vuelco","Agua","S/D","S/D","S/D"
2016,3070,6/22/2016,"Miercoles",0,18:00:00,,"0.0",2,"Moto/Ciclomotor,Automóvil","Av San Lorenzo Y Chacabuco",2,1,0,0,1,0,0,,"Calle",,"CAPITÁN BERMÚDEZ","San Lorenzo","Asfalto","Pavimento","XVII","Dentro","Urbana","Ninguna","No existe","Recta","Bueno","Buena","Atardecer","Buen Tiempo","Frontal","S/D","Colisión","S/D","Horizontal","Ninguna","Sin restricción"
2016,3071,5/29/2016,"Domingo",0,3:40:00,,"0.0",2,"Taxi/Remis,Peatón","Rioja 700",2,1,0,0,1,0,0,,"Calle",,"ROSARIO","Rosario","Asfalto","S/D","VII","Dentro","Rural","S/D","S/D","Recta","Bueno","S/D","Nocturna","S/D","S/D","Peatón","Atropello","Material Suelto","S/D","Cordón divisorio","S/D"
2016,3072,6/12/2016,"Domingo",0,12:10:00,,"0.0",2,"Automóvil,Moto/Ciclomotor","Av San Lorenzo Y Porvenir",3,1,0,0,2,0,0,,"Calle",,"CAPITÁN BERMÚDEZ","San Lorenzo","Asfalto","Ripio","XVII","Dentro","Urbana","Marca Vial","No existe","Recta","Bueno","Buena","Diurna","Buen Tiempo","Lateral","S/D","Colisión","S/D","Vertical","Línea divisoria pintada","Sin restricción"
2016,3073,6/24/2016,"Viernes",0,9:00:00,,"0.0",2,"Automóvil,Moto/Ciclomotor","Peru Y Ledesma",2,0,1,0,1,0,0,,"Calle",,"SAN LORENZO","San Lorenzo","S/D","S/D","XVII","S/D","Urbana","S/D","S/D","Recta","S/D","Buena","Diurna","S/D","Lateral","S/D","Colisión","S/D","S/D","S/D","S/D"
2016,3074,5/20/2016,"Viernes",0,9:35:00,,"0.0",1,"Automóvil","Alberdi Y Alberdi",2,1,0,0,1,0,0,,"Avenida",,"SANTA FE","La Capital","Asfalto","No existe","I","S/D","Urbana","S/D","S/D","Intersección","Bueno","Buena","Diurna","S/D","Contra objeto fijo","S/D","Colisión","S/D","S/D","S/D","S/D"
2016,3075,6/10/2016,"Viernes",0,17:50:00,,"0.0",2,"Moto/Ciclomotor,Automóvil","Av San Lorenzo Y Chacabuco",2,1,0,0,1,0,0,,"Calle",,"CAPITÁN BERMÚDEZ","San Lorenzo","Asfalto","Natural","XVII","Dentro","Urbana","Ninguna","No existe","Recta","Bueno","Buena","Diurna","Buen Tiempo","Lateral","S/D","Colisión","S/D","Horizontal","Ninguna","Sin restricción"
2016,3076,6/24/2016,"Viernes",0,15:20:00,,"0.0",2,"Moto/Ciclomotor,Automóvil","Av Carlos A Poucel Y Urquiza",2,1,0,0,1,0,0,,"Calle",,"SAN LORENZO","San Lorenzo","S/D","S/D","XVIII","S/D","S/D","S/D","S/D","Intersección","S/D","S/D","S/D","S/D","S/D","S/D","S/D","S/D","S/D","S/D","S/D"
2016,3077,6/4/2016,"Sabado",0,21:05:00,"Ruta Nacional 11","14.0",2,"Automóvil,Otros"," ",2,1,0,0,1,0,0,,"Ruta",11,"SAN LORENZO","San Lorenzo","S/D","S/D","XVII","Dentro","Urbana","S/D","S/D","Intersección","S/D","S/D","Nocturna","S/D","S/D","S/D","Colisión","S/D","S/D","S/D","S/D"
2016,3078,6/11/2016,"Sabado",0,20:00:00,,"0.0",2,"Moto/Ciclomotor,Automóvil","Av San Martin Y San Juan",2,1,0,0,1,0,0,,"Calle",,"SAN LORENZO","San Lorenzo","S/D","S/D","XVII","Dentro","Urbana","S/D","S/D","S/D","S/D","S/D","Nocturna","S/D","S/D","S/D","Colisión","S/D","S/D","S/D","S/D"
2016,3079,5/25/2016,"Miercoles",0,21:30:00,,"0.0",2,"Moto/Ciclomotor,Automóvil","Av. Pellegrini 900",2,1,0,0,1,0,0,,"Calle",,"ROSARIO","Rosario","Asfalto","S/D","II","Dentro","Urbana","Semáforo","S/D","Recta","Bueno","S/D","Nocturna","S/D","S/D","S/D","Colisión","S/D","S/D","Cordón divisorio","S/D"
2016,3080,5/19/2016,"Jueves",0,11:45:00,,"0.0",2,"Moto/Ciclomotor,Pickup/Utilitario","Alberdi Y Calchines",2,1,0,0,1,0,0,,"Calle",,"SANTA FE","La Capital","Asfalto","No existe","I","Dentro","Urbana","S/D","S/D","Intersección","Bueno","Buena","Diurna","S/D","Lateral","S/D","Colisión","S/D","S/D","S/D","S/D"
2016,3081,5/21/2016,"Sabado",0,12:00:00,,"0.0",2,"Peatón,Automóvil","Necochea Y 3 De Febrero",2,1,0,0,1,0,0,,"Calle",,"ROSARIO","Rosario","Asfalto","S/D","II","Dentro","Urbana","S/D","S/D","Intersección","Bueno","Buena","Diurna","Buen Tiempo","S/D","Peatón","Atropello","S/D","S/D","Cordón divisorio","S/D"
2016,3082,6/24/2016,"Viernes",0,18:40:00,,"0.0",2,"Peatón,Moto/Ciclomotor","Av San Martin Y P Fournier",2,2,0,0,0,0,0,,"Avenida",,"SAN LORENZO","San Lorenzo","Hormigón","S/D","XVII","S/D","Urbana","S/D","S/D","Intersección","Bueno","S/D","Atardecer","S/D","S/D","Peatón","Atropello","S/D","S/D","S/D","S/D"
2016,3083,6/23/2016,"Jueves",0,,,"0.0",2,"Bicicleta,Moto/Ciclomotor","Av San Martin Y Richieri",2,2,0,0,0,0,0,,"Calle",,"SAN LORENZO","San Lorenzo","S/D","S/D","I","S/D","Urbana","S/D","S/D","S/D","S/D","S/D","S/D","S/D","S/D","Ciclista","Atropello","S/D","S/D","S/D","S/D"
2016,3084,6/13/2016,"Lunes",0,22:40:00,,"0.0",2,"Moto/Ciclomotor,Otros","Av San Martin Y Feliciano Silva",2,0,0,0,0,0,2,,"Calle",,"SAN LORENZO","San Lorenzo","S/D","S/D","XVII","Dentro","Urbana","S/D","S/D","Intersección","S/D","S/D","Nocturna","S/D","S/D","S/D","Colisión","S/D","S/D","S/D","S/D"
2016,3085,5/19/2016,"Jueves",0,13:30:00,,"0.0",2,"Automóvil,Automóvil","Mendoza 1700",2,1,0,0,1,0,0,,"Calle",,"ROSARIO","Rosario","Asfalto","Pavimento","II","S/D","Urbana","Ninguna","S/D","Recta","Bueno","Buena","Diurna","Buen Tiempo","Contra objeto fijo","S/D","Colisión","S/D","Horizontal","Cordón divisorio","Sin restricción"
2016,3086,6/14/2016,"Martes",0,1:20:00,"Ruta Nacional A012","0.0",2,"Automóvil,Camión Chasis"," ",2,1,0,0,1,0,0,,"Ruta","A012","SAN LORENZO","San Lorenzo","S/D","S/D","XVII","Dentro","Urbana","S/D","S/D","S/D","S/D","S/D","Nocturna","S/D","S/D","S/D","S/D","S/D","S/D","S/D","S/D"
2016,3087,5/18/2016,"Miercoles",0,9:00:00,,"0.0",2,"Automóvil,Moto/Ciclomotor","Nicasio Oroño Y Av Leandro Alem",2,1,0,0,1,0,0,,"Avenida",,"SANTA FE","La Capital","Asfalto","No existe","I","Dentro","Urbana","S/D","No existe","Curva","Bueno","Buena","Diurna","S/D","Lateral","S/D","Colisión","S/D","S/D","S/D","S/D"
2016,3088,5/4/2016,"Miercoles",0,13:00:00,,"0.0",2,"Automóvil,Taxi/Remis","E.Zeballos Y Alvear",2,1,0,0,1,0,0,,"Calle",,"ROSARIO","Rosario","Asfalto","Pavimento","II","Dentro","Urbana","Marca Vial","S/D","Recta","Bueno","Buena","Diurna","Buen Tiempo","S/D","S/D","Colisión","S/D","Faltante","Cordón divisorio","Sin restricción"
2016,3089,6/6/2016,"Lunes",0,21:00:00,,"0.0",2,"Moto/Ciclomotor,Automóvil","Almte Brown Y Bv Estanislao Lopez",2,1,0,0,1,0,0,,"Calle",,"ROLDÁN","San Lorenzo","Hormigón","No existe","XVII","Dentro","Urbana","Ninguna","No existe","Intersección","Bueno","Reducida","Nocturna,Con luz artificial","Buen Tiempo","Lateral","S/D","Colisión","S/D","Vertical","Ninguna","S/D"
2016,3090,6/19/2016,"Domingo",0,17:20:00,,"0.0",2,"Moto/Ciclomotor,Automóvil","J J Passo Y Urquiza",2,1,0,0,1,0,0,,"Calle",,"SAN LORENZO","San Lorenzo","S/D","S/D","XVII","Dentro","Urbana","S/D","S/D","S/D","S/D","S/D","Diurna","S/D","S/D","S/D","Colisión","S/D","S/D","S/D","S/D"
2016,3091,5/2/2016,"Lunes",0,10:50:00,,"0.0",2,"Automóvil,Moto/Ciclomotor","Av. Pellegrini Y Balcarce",2,1,0,0,1,0,0,,"Calle",,"ROSARIO","Rosario","Asfalto","Pavimento","II","Dentro","Urbana","Semáforo","Funciona","Intersección","Bueno","Buena","Diurna","Buen Tiempo","Lateral","S/D","Colisión","S/D","Vertical","Cordón divisorio","Sin restricción"
2016,3092,6/10/2016,"Viernes",0,14:05:00,,"0.0",2,"Moto/Ciclomotor,Automóvil","Belgrano Y 9 de julio",2,1,0,0,1,0,0,,"Calle",,"MALABRIGO","General Obligado","Asfalto","Natural","IX","Dentro","Urbana","Ninguna","No existe","Recta","Bueno","Buena","Diurna","Buen Tiempo","Contra objeto fijo","S/D","Colisión","Ninguna","S/D","Ninguna","Sin restricción"
2016,3093,5/17/2016,"Martes",0,16:30:00,,"0.0",2,"Automóvil,Moto/Ciclomotor","Castellanos Y Belgrano",2,1,0,0,1,0,0,,"Calle",,"SANTA FE","La Capital","Asfalto","No existe","I","Dentro","Urbana","S/D","S/D","Intersección","Bueno","Buena","Diurna","S/D","Lateral","S/D","Colisión","S/D","S/D","S/D","S/D"
2016,3094,6/7/2016,"Martes",0,20:10:00,"Ruta Nacional A012","0.0",1,"Moto/Ciclomotor","Catamarca ",2,0,1,0,1,0,0,,"Ruta","A012","ROLDÁN","San Lorenzo","Asfalto","Natural","XVII","Dentro","Urbana","Policía de tránsito","Intermitente","Recta","Bueno","Reducida","Nocturna","Buen Tiempo","Atropello animal","S/D","Colisión","S/D","Vertical","Ninguna","Sin restricción"
2016,3095,5/9/2016,"Lunes",0,11:20:00,,"0.0",2,"Automóvil,Peatón","E.Zeballos Y Italia",2,1,0,0,1,0,0,,"Calle",,"ROSARIO","Rosario","S/D","S/D","II","Dentro","Urbana","S/D","S/D","S/D","S/D","S/D","Diurna","S/D","Atropello animal","Peatón","Atropello","S/D","S/D","S/D","S/D"
2016,3096,6/21/2016,"Martes",0,20:40:00,,"0.0",1,"Moto/Ciclomotor","General Lopez Y L N Alem",1,1,0,0,0,0,0,,"Calle",,"SAN LORENZO","San Lorenzo","S/D","S/D","XVII","Dentro","Urbana","S/D","S/D","Intersección","S/D","S/D","Diurna","S/D","S/D","S/D","Caída ocupante","S/D","S/D","S/D","S/D"
2016,3097,6/14/2016,"Martes",0,19:10:00,"Ruta Nacional 11","0.0",1,"Moto/Ciclomotor"," ",2,2,0,0,0,0,0,,"Ruta",11,"MALABRIGO","General Obligado","Tierra","Natural","IX","Dentro","Rural","Ninguna","No existe","Recta","Bueno","Reducida","Nocturna","Buen Tiempo","Atropello animal","S/D","Colisión","Otro","S/D","Ninguna","Sin restricción"
2016,3098,5/6/2016,"Viernes",0,12:38:00,,"0.0",2,"Peatón,Automóvil","3 De Febrero Y Mariano Moreno",2,1,0,0,1,0,0,,"Calle",,"ROSARIO","Rosario","Asfalto","S/D","II","Dentro","Urbana","Ninguna","No funciona","Recta","Bueno","Buena","Diurna","Buen Tiempo","S/D","Peatón","Atropello","S/D","Vertical","Cordón divisorio","Sin restricción"
2016,3099,6/11/2016,"Sabado",0,11:30:00,,"0.0",2,"Pickup/Utilitario,Moto/Ciclomotor","Av Maipu ",2,0,1,0,1,0,0,,"Calle",,"CERES","San Cristóbal","Asfalto","No existe","XIII","Dentro","Urbana","Ninguna","No existe","Intersección","Bueno","Buena","Diurna","Buen Tiempo","Lateral","S/D","Colisión","S/D","Faltante","Cordón divisorio","Sin restricción"
2016,3100,6/15/2016,"Miercoles",0,20:40:00,,"0.0",2,"Camión,Moto/Ciclomotor","Miguel de Azcuenaga Y Almte Brown",2,0,1,0,1,0,0,,"Calle",,"ROLDÁN","San Lorenzo","Tierra","No existe","XVII","Dentro","Urbana","Ninguna","No existe","Recta","Bueno","Reducida","Nocturna,Con luz artificial","Buen Tiempo","Frontal","S/D","Colisión","S/D","Faltante","Ninguna","S/D"
2016,3101,5/24/2016,"Martes",0,17:50:00,,"0.0",2,"Automóvil,Automóvil","Sarmiento 3009",2,1,0,0,1,0,0,,"Calle",,"SANTA FE","La Capital","Asfalto","No existe","I","Dentro","Urbana","S/D","S/D","Recta","Bueno","Buena","Atardecer","S/D","Lateral","S/D","Colisión","S/D","S/D","S/D","S/D"
2016,3102,5/27/2016,"Viernes",0,,,"0.0",2,"Moto/Ciclomotor,Automóvil","Urquiza Y Colon",3,2,0,0,1,0,0,,"S/D",,"SAN LORENZO","San Lorenzo","S/D","S/D","XVII","S/D","S/D","S/D","S/D","S/D","S/D","S/D","S/D","S/D","S/D","S/D","S/D","S/D","S/D","S/D","S/D"
2016,3103,6/1/2016,"Miercoles",0,17:30:00,,"0.0",2,"Automóvil,Moto/Ciclomotor","J B Justo Y Caseros",2,1,0,0,1,0,0,,"Calle",,"SAN CRISTÓBAL","San Cristóbal","Asfalto","No existe","XIII","Dentro","Urbana","S/D","No existe","Intersección","Bueno","Buena","Diurna","Buen Tiempo","Lateral","S/D","Colisión","S/D","Faltante","Ninguna","Sin restricción"
2016,3104,6/16/2016,"Jueves",0,14:10:00,,"0.0",2,"Moto/Ciclomotor,Automóvil","Sarmiento 1442",2,1,0,0,1,0,0,,"Calle",,"MALABRIGO","General Obligado","Asfalto","Natural","IX","Dentro","Urbana","Ninguna","No existe","Recta","Bueno","Buena","Diurna","Buen Tiempo","S/D","S/D","Colisión","Ninguna","S/D","Ninguna","Sin restricción"
2016,3105,5/24/2016,"Martes",0,13:55:00,,"0.0",2,"Automóvil,Moto/Ciclomotor","Necochea Y Domingo Silva",2,1,0,0,1,0,0,,"Calle",,"SANTA FE","La Capital","Asfalto","S/D","I","Dentro","Urbana","S/D","S/D","Intersección","Bueno","Buena","Diurna","S/D","Lateral","S/D","Colisión","S/D","S/D","S/D","S/D"
2016,3106,6/22/2016,"Miercoles",0,0:45:00,,"0.0",1,"Moto/Ciclomotor","Juan Giordano Y Jose cavero Lopez",1,1,0,0,0,0,0,,"Calle",,"COLONIA ROSA","San Cristóbal","Asfalto","Pavimento","XIII","Dentro","Urbana","Ninguna","No existe","Intersección","Bueno","Buena","Nocturna","Buen Tiempo","S/D","S/D","Caída ocupante","Material Suelto","Vertical","Cordón divisorio","Sin restricción"
2016,3108,6/21/2016,"Martes",0,16:00:00,,"0.0",1,"Moto/Ciclomotor"," ",2,1,1,0,0,0,0,,"Camino Rural",,"CERES","San Cristóbal","Tierra","Natural","XIII","Dentro","Rural","Ninguna","No existe","Recta","Bueno","Buena","Diurna","Buen Tiempo","S/D","S/D","Caída ocupante","S/D","Faltante","Ninguna","Sin restricción"
2016,3109,6/16/2016,"Jueves",0,3:30:00,"Autopista Nacional Rosario -Cordoba","317.0",1,"Pickup/Utilitario"," ",2,2,0,0,0,0,0,,"Autopista","Rosario -Cordoba","ROLDÁN","San Lorenzo","Asfalto","Natural","XVII","Fuera","Rural","Ninguna","No existe","Recta","Bueno","Reducida","Nocturna","Buen Tiempo","S/D","S/D","Despiste","S/D","Vertical","Ninguna","S/D"
2016,3110,6/27/2016,"Lunes",0,22:30:00,,"0.0",2,"Moto/Ciclomotor,Automóvil","Azcuenaga Y Teniente Agneta",2,1,0,0,1,0,0,,"Calle",,"FRAY LUIS BELTRÁN","San Lorenzo","Hormigón","No existe","XVII","Dentro","Urbana","Ninguna","No existe","Intersección","Bueno","Buena","Nocturna","Buen Tiempo","Lateral","S/D","Colisión","Ninguna","Faltante","Ninguna","S/D"
2016,3111,6/21/2016,"Martes",0,11:20:00,,"0.0",2,"Automóvil,Moto/Ciclomotor","San Lorenzo Y Azcuenaga",2,1,0,0,1,0,0,,"Calle",,"SAN CRISTÓBAL","San Cristóbal","Ripio","No existe","XIII","Dentro","Urbana","Ninguna","No existe","Intersección","Bueno","Buena","Diurna","Buen Tiempo","Lateral","S/D","Colisión","S/D","Faltante","Ninguna","Sin restricción"
2016,3112,5/20/2016,"Viernes",0,13:20:00,,"0.0",1,"Automóvil","PUENTE COLGANTE ",1,1,0,0,0,0,0,,"S/D",,"SANTA FE","La Capital","S/D","No existe","I","Dentro","Urbana","S/D","No existe","Puente","Bueno","Buena","Diurna","S/D","Contra objeto fijo","S/D","Colisión","S/D","S/D","S/D","S/D"
2016,3113,6/22/2016,"Miercoles",0,8:05:00,,"0.0",2,"Moto/Ciclomotor,Automóvil","Calle 27-Gdor Freyre Y Calle 8-Chacabuco",3,2,0,0,1,0,0,,"S/D",,"RECONQUISTA","General Obligado","Asfalto","Pavimento","IX","S/D","S/D","Ninguna","No existe","Intersección","Bueno","Buena","Diurna","Buen Tiempo","De alcance","S/D","Colisión","Ninguna","Faltante","Ninguna","Sin restricción"
2016,3114,6/2/2016,"Jueves",0,16:15:00,,"0.0",2,"Moto/Ciclomotor,Camión","San Lorenzo 1000",5,2,0,0,3,0,0,,"Calle",,"SAN CRISTÓBAL","San Cristóbal","Asfalto","No existe","XIII","Dentro","Urbana","Ninguna","No existe","Recta","Bueno","Buena","Diurna","Buen Tiempo","S/D","S/D","Caída ocupante","Ninguna","Faltante","Ninguna","Sin restricción"
2016,3115,6/17/2016,"Viernes",0,14:00:00,,"0.0",2,"Automóvil,Bicicleta","Belgrano Y Larrea",2,1,0,0,1,0,0,,"Calle",,"ROLDÁN","San Lorenzo","Asfalto","No existe","XVII","Dentro","Urbana","Ninguna","No existe","Intersección","Bueno","Buena","Diurna","Buen Tiempo","S/D","Ciclista","Atropello","S/D","Faltante","Ninguna","Sin restricción"
2016,3116,6/20/2016,"Lunes",0,11:20:00,,"0.0",2,"Moto/Ciclomotor,Moto/Ciclomotor","Carlos Altamirano ",4,4,0,0,0,0,0,,"Calle",,"CERES","San Cristóbal","Arena","Natural","XIII","Dentro","Urbana","Ninguna","No existe","Intersección","Bueno","Buena","Diurna","Buen Tiempo","De alcance","S/D","Colisión","S/D","Faltante","Ninguna","Sin restricción"
2016,3117,5/26/2016,"Jueves",0,11:15:00,,"0.0",2,"Automóvil,Peatón","Balcarce 2133",2,1,0,0,1,0,0,,"Calle",,"SANTA FE","La Capital","Asfalto","No existe","I","Dentro","Urbana","S/D","No existe","Intersección","Bueno","Buena","Diurna","S/D","S/D","Peatón","Atropello","S/D","S/D","S/D","S/D"
2016,3118,6/16/2016,"Jueves",0,10:30:00,,"0.0",2,"Automóvil,Otros","Bv Mariano Moreno ",2,1,0,0,1,0,0,,"Calle",,"SAN CRISTÓBAL","San Cristóbal","Asfalto","Pavimento","XIII","Dentro","Urbana","Ninguna","No existe","Intersección","Bueno","Buena","Diurna","Buen Tiempo","Frontal","S/D","Colisión","Ninguna","S/D","Ninguna","Sin restricción"
2016,3119,6/17/2016,"Viernes",0,17:00:00,,"0.0",2,"Moto/Ciclomotor,Bicicleta","Bv San Martin 750",2,1,0,0,1,0,0,,"Avenida",,"ROLDÁN","San Lorenzo","Hormigón","No existe","XVII","Dentro","Urbana","Ninguna","No existe","Recta","Bueno","Buena","Diurna","Buen Tiempo","S/D","Ciclista","Atropello","S/D","Vertical","Ninguna","Sin restricción"
2016,3120,6/3/2016,"Viernes",0,11:50:00,,"0.0",2,"Moto/Ciclomotor,Camión","Saavedra Y Piedras",2,1,0,0,1,0,0,,"Calle",,"SAN CRISTÓBAL","San Cristóbal","Tierra","No existe","XIII","Dentro","Urbana","Ninguna","No existe","Intersección","Bueno","Buena","Diurna","Buen Tiempo","Lateral","S/D","Colisión","Ninguna","Faltante","Ninguna","Sin restricción"
2016,3121,6/13/2016,"Lunes",0,20:25:00,,"0.0",2,"Peatón,Otros","Calle 21-Gdor. iriondo 650",2,1,0,0,0,0,1,,"S/D",,"RECONQUISTA","General Obligado","S/D","No existe","IX","Fuera","Urbana","Ninguna","No existe","S/D","Otro","Reducida","Nocturna","Otro","S/D","Peatón","Atropello","Ninguna","Faltante","Ninguna","Sin restricción"
2016,3122,6/19/2016,"Domingo",0,6:10:00,,"0.0",1,"Moto/Ciclomotor","Santa Fe Y Bvard España",1,1,0,0,0,0,0,,"Calle",,"CERES","San Cristóbal","Asfalto","No existe","XIII","Dentro","Urbana","Ninguna","No existe","Intersección","Bueno","Reducida","Nocturna,Con luz artificial","Niebla","S/D","S/D","Caída ocupante","S/D","Faltante","Cordón divisorio","Sin restricción"
2016,3123,5/13/2016,"Viernes",0,9:00:00,,"0.0",2,"Camión,Automóvil","Alberdi Y Av Leandro Alem",2,1,0,0,1,0,0,,"Avenida",,"SANTA FE","La Capital","S/D","S/D","I","Dentro","Urbana","S/D","Funciona","Intersección","Bueno","Buena","Diurna","S/D","Lateral","S/D","Colisión","S/D","S/D","Cordón divisorio","S/D"
2016,3124,6/4/2016,"Sabado",0,23:30:00,,"0.0",2,"Moto/Ciclomotor,Automóvil","Av. de los Trabaj. Ferroviario ",3,0,1,0,2,0,0,,"Avenida",,"SAN CRISTÓBAL","San Cristóbal","Asfalto","No existe","XIII","Dentro","Urbana","Ninguna","No existe","Recta","Bueno","Buena","Nocturna,Con luz artificial","Buen Tiempo","Lateral","S/D","Colisión","Ninguna","Faltante","Cordón divisorio","Sin restricción"
2016,3125,6/16/2016,"Jueves",0,10:30:00,,"0.0",2,"Otros,Moto/Ciclomotor","Bv Mariano Moreno ",3,2,0,0,1,0,0,,"Calle",,"SAN CRISTÓBAL","San Cristóbal","Asfalto","S/D","XIII","Dentro","Urbana","Ninguna","No existe","Intersección","Bueno","Buena","Diurna","Buen Tiempo","Lateral","S/D","Colisión","S/D","S/D","Ninguna","Sin restricción"
2016,3126,6/24/2016,"Viernes",0,15:00:00,"Ruta Nacional A012","0.0",2,"Moto/Ciclomotor,Automóvil"," ",3,2,0,0,0,0,1,,"Ruta","A012","ROLDÁN","San Lorenzo","Asfalto","Natural","XVII","Fuera","Urbana","Ninguna","No existe","Intersección","Bueno","Buena","Diurna","Buen Tiempo","Lateral","S/D","Colisión","S/D","Vertical","Ninguna","Sin restricción"
2016,3127,6/5/2016,"Domingo",0,,,"0.0",2,"Pickup/Utilitario,Moto/Ciclomotor","Rivadavia Y Gral Lopez",2,1,0,0,1,0,0,,"Calle",,"SAN GUILLERMO","San Cristóbal","Asfalto","Pavimento","XIII","Dentro","Urbana","Otra Señal","No existe","Recta","Bueno","Buena","Diurna","Buen Tiempo","Lateral","S/D","Colisión","S/D","Faltante","Ninguna","S/D"