"anio_acci","nro_acci","fecha","desc_dia","fecha_aprox","hora_aprox","desc_ruta","km","cant_participantes","desc_participante","calle_avenida_km","total","heridos_leves","heridos_graves","heridos_gravisimos","ilesos","fallecidos","sin_datos","posicion_XY","desc_tipo_via","desc_ruta_ori","desc_loc","desc_dpto","desc_tipo_calzada","desc_tipo_banquina","desc_unidad_regional","desc_lugar_calzada","desc_zona","desc_prioridad","desc_estado_semaforo","desc_lugar_via","desc_estado_via","desc_estado_visibilidad","desc_luminosidad","desc_estado_clima","desc_tipo_colision","desc_tipo_atropello","desc_tipo_hecho","desc_pres_calzada","desc_senializacion","desc_separacion_via","desc_restriccion"
2016,3128,6/13/2016,"Lunes",0,18:55:00,,"0.0",2,"Moto/Ciclomotor,Bicicleta","Caseros 600",2,2,0,0,0,0,0,,"Calle",,"SAN CRISTÓBAL","San Cristóbal","Asfalto","No existe","XIII","Dentro","Urbana","Ninguna","No existe","Recta","Bueno","Buena","Atardecer","Buen Tiempo","S/D","Ciclista","Atropello","S/D","S/D","Línea divisoria pintada","Sin restricción"
2016,3129,5/9/2016,"Lunes",0,16:45:00,,"0.0",2,"Automóvil,Moto/Ciclomotor","Ituzaingo Y Sarmiento",2,1,0,0,1,0,0,,"Calle",,"SANTA FE","La Capital","Asfalto","No existe","I","Dentro","Urbana","S/D","S/D","Intersección","Bueno","Buena","Diurna","S/D","Lateral","S/D","Colisión","S/D","S/D","S/D","S/D"
2016,3130,6/7/2016,"Martes",0,14:40:00,,"0.0",2,"Moto/Ciclomotor,Moto/Ciclomotor","Bv Rivadavia Y Piedras",3,2,0,0,1,0,0,,"Avenida",,"SAN CRISTÓBAL","San Cristóbal","Asfalto","Natural","XIII","Dentro","Urbana","Ninguna","No existe","Intersección","Bueno","Buena","Diurna","Buen Tiempo","De alcance","S/D","Colisión","Ninguna","Faltante","Ninguna","Sin restricción"
2016,3131,6/16/2016,"Jueves",0,9:05:00,,"0.0",2,"Automóvil,Moto/Ciclomotor","Calle 15-Patricio Diez Y Calle 30-Lucas Funes",2,1,0,0,1,0,0,,"Calle",,"RECONQUISTA","General Obligado","Asfalto","Pavimento","IX","S/D","Urbana","Ninguna","No existe","Intersección","Bueno","Buena","Diurna","Buen Tiempo","De alcance","S/D","Colisión","Ninguna","Faltante","Ninguna","Sin restricción"
2016,3132,6/19/2016,"Domingo",0,12:40:00,,"0.0",2,"Moto/Ciclomotor,Pickup/Utilitario","Alberdi Y San Lorenzo",4,2,0,0,2,0,0,,"Calle",,"SAN CRISTÓBAL","San Cristóbal","Tierra","Natural","XIII","Dentro","Urbana","Ninguna","No existe","Intersección","Bueno","Buena","Diurna","Buen Tiempo","Lateral","S/D","Colisión","S/D","S/D","Ninguna","Sin restricción"
2016,3133,5/9/2016,"Lunes",0,12:50:00,,"0.0",2,"Automóvil,Automóvil","Calchines Y Necochea",2,1,0,0,1,0,0,,"Calle",,"SANTA FE","La Capital","Asfalto","No existe","I","Dentro","Urbana","S/D","Funciona","Intersección","Bueno","Buena","Diurna","S/D","Lateral","S/D","Colisión","S/D","S/D","Vegetación","S/D"
2016,3134,6/11/2016,"Sabado",0,15:30:00,,"0.0",2,"Automóvil,Automóvil","Pringles Y Sarmiento",2,1,0,0,1,0,0,,"Calle",,"SAN CRISTÓBAL","San Cristóbal","Asfalto","No existe","XIII","S/D","Urbana","Ninguna","No existe","Intersección","Bueno","Buena","Diurna","Buen Tiempo","Lateral","S/D","Colisión","Ninguna","Faltante","Ninguna","Sin restricción"
2016,3135,6/22/2016,"Miercoles",0,13:25:00,,"0.0",2,"Bicicleta,Automóvil","Calle 20-9 de Julio Y Calle 31-Newbery",2,1,0,0,1,0,0,,"Calle",,"RECONQUISTA","General Obligado","Asfalto","Pavimento","IX","Dentro","Urbana","Ninguna","No existe","Intersección","Bueno","Buena","Diurna","Buen Tiempo","S/D","Ciclista","Atropello","Ninguna","Faltante","Ninguna","Sin restricción"
2016,3136,5/8/2016,"Domingo",0,16:30:00,,"0.0",2,"Moto/Ciclomotor,Automóvil","Av Leandro Alem Y Alberdi",2,1,0,0,1,0,0,,"Avenida",,"SANTA FE","La Capital","Hormigón","S/D","I","Dentro","Urbana","S/D","S/D","Intersección","Bueno","Buena","Diurna","S/D","Lateral","S/D","Colisión","S/D","S/D","Barrera de hormigón","S/D"
2016,3137,6/24/2016,"Viernes",0,11:15:00,"Ruta Nacional 9","0.0",2,"Bicicleta,Automóvil","Andes ",2,1,0,0,1,0,0,,"Ruta",9,"ROLDÁN","San Lorenzo","Asfalto","Natural","XVII","Fuera","Urbana","Ninguna","No existe","Recta","Bueno","Buena","Diurna","Buen Tiempo","S/D","Ciclista","Atropello","S/D","Vertical","Ninguna","Sin restricción"
2016,3138,6/13/2016,"Lunes",0,18:55:00,"Ruta Secundaria 23-s","0.0",1,"Moto/Ciclomotor"," ",2,2,0,0,0,0,0,,"Ruta","23-s","VILLA TRINIDAD","San Cristóbal","Asfalto","Natural","XIII","Dentro","Urbana","Ninguna","S/D","Recta","Bueno","Buena","Atardecer,Con luz artificial","Buen Tiempo","S/D","S/D","Caída ocupante","S/D","S/D","S/D","Sin restricción"
2016,3139,6/8/2016,"Miercoles",0,20:35:00,"Ruta Nacional 11","0.0",2,"Automóvil,Moto/Ciclomotor","Av San Martin Y Pte Peron",2,1,0,0,1,0,0,,"Ruta",11,"FRAY LUIS BELTRÁN","San Lorenzo","Asfalto","Ripio","I","Dentro","Urbana","Ninguna","No existe","Intersección","Bueno","Reducida","Nocturna","Lluvia","Lateral","S/D","Colisión","Agua","Faltante","Ninguna","Sin restricción"
2016,3140,6/25/2016,"Sabado",0,2:30:00,"Ruta Nacional A012","0.0",2,"Automóvil,Moto/Ciclomotor","Galvez ",2,0,1,0,1,0,0,,"Ruta","A012","ROLDÁN","San Lorenzo","Asfalto","Natural","XVII","Dentro","Urbana","Ninguna","No existe","Recta","Bueno","Reducida","Nocturna","Buen Tiempo","Lateral","S/D","Colisión","S/D","Faltante","Ninguna","Sin restricción"
2016,3141,6/2/2016,"Jueves",0,12:15:00,,"0.0",2,"Moto/Ciclomotor,Pickup/Utilitario","R P A Janssen Y Aaron Castellanos",2,0,1,0,1,0,0,,"Calle",,"ESPERANZA","Las Colonias","Asfalto","S/D","XI","Dentro","Urbana","Ninguna","No existe","Intersección","Bueno","Buena","Diurna","Buen Tiempo","Lateral","S/D","Colisión","S/D","Vertical","Ninguna","Sin restricción"
2016,3142,6/30/2016,"Jueves",0,13:25:00,,"0.0",2,"Moto/Ciclomotor,Automóvil","FREYRE Y IRIGOYEN",2,1,0,0,1,0,0,,"Calle",,"RECONQUISTA","General Obligado","Asfalto","Pavimento","IX","Dentro","Urbana","Señal Pare","No existe","Intersección","Bueno","Buena","Diurna","Buen Tiempo","De alcance","S/D","Colisión","Ninguna","Faltante","Ninguna","Sin restricción"
2016,3143,6/3/2016,"Viernes",0,19:50:00,"Ruta Nacional 11","0.0",2,"Moto/Ciclomotor,Automóvil","Av San Martin Y Teniente Agneta",2,1,0,0,1,0,0,,"Ruta",11,"FRAY LUIS BELTRÁN","San Lorenzo","Asfalto","Ripio","I","Dentro","Urbana","Ninguna","No existe","Intersección","Bueno","Buena","Atardecer","Buen Tiempo","Lateral","S/D","Colisión","S/D","Faltante","Ninguna","Sin restricción"
2016,3144,6/26/2016,"Domingo",0,7:00:00,,"0.0",1,"Moto/Ciclomotor","Bermejo ",3,2,0,0,1,0,0,,"Calle",,"CARCARAÑÁ","San Lorenzo","Tierra","No existe","XVII","Dentro","Urbana","Ninguna","No existe","Intersección","Bueno","Reducida","Amanecer","Lluvia","S/D","S/D","Colisión","S/D","Faltante","Ninguna","Sin restricción"
2016,3145,6/9/2016,"Jueves",0,11:45:00,,"0.0",2,"Automóvil,Pickup/Utilitario","Moreno Y Santa Fe",7,6,0,0,1,0,0,,"Calle",,"BOMBAL","Constitución","Hormigón","No existe","VI","Dentro","Urbana","Ninguna","No existe","Intersección","Bueno","Buena","Diurna","Buen Tiempo","Lateral","S/D","Colisión","Ninguna","Vertical","Ninguna","Sin restricción"
2016,3146,6/9/2016,"Jueves",0,12:30:00,,"149.0",2,"Automóvil,Bicicleta","B Mitre 1800",2,1,0,0,1,0,0,,"Calle",,"FRANCK","Las Colonias","Asfalto","No existe","XI","Dentro","Urbana","Ninguna","No existe","Recta","Deteriorada","Buena","Diurna","Buen Tiempo","Lateral","Ciclista","Atropello","S/D","Horizontal","Cordón divisorio","Sin restricción"
2016,3147,6/25/2016,"Sabado",0,11:10:00,,"0.0",2,"Automóvil,Automóvil","Velez Sarsfield Y Mariano Moreno",2,1,0,0,1,0,0,,"Calle",,"VENADO TUERTO","General López","Asfalto","No existe","VIII","Dentro","Urbana","S/D","No existe","Intersección","Bueno","Buena","Diurna","S/D","S/D","S/D","S/D","S/D","Vertical","S/D","S/D"
2016,3148,6/12/2016,"Domingo",0,21:20:00,"Ruta Secundaria 250-s","0.0",2,"Otros,Otros"," ",2,1,0,0,1,0,0,,"Ruta","250-s","LAS TUNAS","Las Colonias","Asfalto","Natural","XI","Dentro","Urbana","Ninguna","No existe","Recta","Con baches","Reducida","Nocturna","Buen Tiempo","De alcance","S/D","Colisión","S/D","Vertical","Ninguna","Sin restricción"
2016,3149,6/2/2016,"Jueves",0,18:35:00,,"0.0",2,"Pickup/Utilitario,Moto/Ciclomotor"," ",2,0,1,0,1,0,0,,"Calle",,"NUEVO TORINO","Las Colonias","Asfalto","Ripio","XI","Dentro","Urbana","Marca Vial","No existe","Recta","Bueno","S/D","Nocturna","Buen Tiempo","Lateral","S/D","Colisión","S/D","Horizontal","Ninguna","S/D"
2016,3150,6/20/2016,"Lunes",0,18:00:00,,"0.0",2,"Moto/Ciclomotor,Automóvil","Av San Martin Y Corrientes",3,1,0,0,2,0,0,,"Avenida",,"EMPALME VILLA CONSTITUCIÓN","Constitución","Hormigón","Natural","VI","Dentro","Urbana","Ninguna","No existe","Intersección","Deteriorada","Buena","Diurna","Buen Tiempo","Lateral","S/D","Colisión","S/D","Vertical","Línea divisoria pintada","Sin restricción"
2016,3151,6/7/2016,"Martes",0,,,"0.0",2,"Moto/Ciclomotor,Otros","Santiago del Estero Y Martin Miguel de Guemes",2,1,0,0,0,0,1,,"Calle",,"VILLA CONSTITUCIÓN","Constitución","Asfalto","No existe","VI","Dentro","Urbana","Ninguna","No existe","Recta","Bueno","Buena","Diurna","Buen Tiempo","S/D","S/D","Colisión","S/D","Faltante","Ninguna","Sin restricción"
2016,3152,6/3/2016,"Viernes",0,15:20:00,"Ruta Nacional 19","61.0",1,"Automóvil"," ",1,1,0,0,0,0,0,,"Ruta",19,"SA PEREIRA","Las Colonias","Asfalto","Natural","XI","Dentro","Urbana","Ninguna","S/D","Recta","Bueno","Buena","Diurna","Buen Tiempo","S/D","S/D","Vuelco","S/D","S/D","Vegetación","Sin restricción"
2016,3153,6/2/2016,"Jueves",0,14:00:00,,"0.0",2,"Moto/Ciclomotor,Automóvil","14 de Febrero Y San Martin",3,1,0,0,2,0,0,,"Avenida",,"VILLA CONSTITUCIÓN","Constitución","Asfalto","No existe","VI","S/D","Urbana","Ninguna","Funciona","Recta","Bueno","Buena","Diurna","Buen Tiempo","S/D","S/D","Colisión","Ninguna","Vertical","Línea divisoria pintada","Sin restricción"
2016,3154,6/29/2016,"Miercoles",0,19:00:00,"Ruta Nacional 33","0.0",2,"Camión c / Acoplado,Camión c / Acoplado"," ",2,1,0,0,1,0,0,,"Ruta",33,"SANFORD","Caseros","Asfalto","Natural","IV","Dentro","Urbana","Ninguna","No existe","Curva","Bueno","Buena","Nocturna","Buen Tiempo","S/D","S/D","Colisión","S/D","Faltante","Línea divisoria pintada","Sin restricción"
2016,3155,6/18/2016,"Sabado",0,,,"0.0",2,"Automóvil,Automóvil","Tello Y D Peña",2,1,0,0,0,0,1,,"Calle",,"VILLA CONSTITUCIÓN","Constitución","Asfalto","S/D","VI","Dentro","S/D","Ninguna","S/D","Intersección","S/D","Buena","S/D","Buen Tiempo","Frontal","S/D","Colisión","S/D","S/D","Vegetación","S/D"
2016,3156,6/11/2016,"Sabado",0,10:15:00,,"0.0",2,"Pickup/Utilitario,Moto/Ciclomotor","irigoyen 127",2,1,0,0,1,0,0,,"Avenida",,"RECONQUISTA","General Obligado","Asfalto","S/D","IX","S/D","Urbana","Ninguna","No existe","Recta","Bueno","Buena","Diurna","Buen Tiempo","Otro","S/D","Colisión","Ninguna","S/D","S/D","S/D"
2016,3157,6/12/2016,"Domingo",0,,,"0.0",2,"Automóvil,Moto/Ciclomotor","Cordoba Y Comodoro Rivadavia",3,1,1,0,1,0,0,,"Calle",,"VILLA CONSTITUCIÓN","Constitución","Asfalto","No existe","VI","S/D","Urbana","Ninguna","Funciona","Intersección","Bueno","Buena","Diurna","Buen Tiempo","S/D","S/D","Colisión","Ninguna","Faltante","Ninguna","Sin restricción"
2016,3158,6/16/2016,"Jueves",0,19:45:00,,"0.0",2,"Moto/Ciclomotor,Bicicleta","Facundo Quiroga Y Oroño",2,0,0,0,0,0,2,,"S/D",,"VILLA CONSTITUCIÓN","Constitución","S/D","S/D","VI","S/D","S/D","S/D","S/D","Intersección","S/D","S/D","Atardecer","S/D","S/D","Ciclista","Atropello","S/D","S/D","S/D","S/D"
2016,3159,6/25/2016,"Sabado",0,,,"0.0",2,"Bicicleta,Pickup/Utilitario","Aguero Y C Garbarino",2,1,0,0,1,0,0,,"Calle",,"VENADO TUERTO","General López","Asfalto","No existe","VIII","Dentro","Urbana","S/D","No existe","Intersección","Deteriorada","S/D","S/D","S/D","S/D","Ciclista","Atropello","S/D","S/D","S/D","S/D"
2016,3160,6/29/2016,"Miercoles",0,12:20:00,,"0.0",2,"Automóvil,Moto/Ciclomotor","Calle 16-Obligado Y Calle 31-Newbery",4,3,0,0,1,0,0,,"S/D",,"RECONQUISTA","General Obligado","Asfalto","S/D","IX","S/D","Urbana","Ninguna","No existe","Intersección","Bueno","Buena","Diurna","Buen Tiempo","Lateral","S/D","Colisión","Ninguna","S/D","Ninguna","S/D"
2016,3161,6/3/2016,"Viernes",0,18:25:00,"Ruta Provincial 92","0.0",2,"Pickup/Utilitario,Moto/Ciclomotor"," ",3,2,0,0,1,0,0,,"Ruta",92,"ARTEAGA","Caseros","Asfalto","Pavimento","IV","Dentro","Urbana","Marca Vial","No existe","Recta","Bueno","Buena","Diurna","Buen Tiempo","Lateral","S/D","Colisión","S/D","S/D","Cordón divisorio","Sin restricción"
2016,3162,6/16/2016,"Jueves",0,11:30:00,,"0.0",2,"Moto/Ciclomotor,Automóvil","Oroño Y Tabares",2,0,0,0,0,0,2,,"S/D",,"VILLA CONSTITUCIÓN","Constitución","Asfalto","Natural","VI","S/D","S/D","Ninguna","S/D","Intersección","Bueno","Buena","Diurna","Buen Tiempo","Frontal","S/D","Colisión","S/D","S/D","Ninguna","Sin restricción"
2016,3163,6/28/2016,"Martes",0,,,"0.0",2,"Automóvil,Bicicleta"," ",2,1,0,0,1,0,0,,"Calle",,"VILLA CONSTITUCIÓN","Constitución","S/D","No existe","VI","Dentro","Urbana","S/D","No existe","Intersección","Bueno","Buena","Diurna","S/D","S/D","Ciclista","Atropello","Agua","Faltante","S/D","S/D"
2016,3164,6/23/2016,"Jueves",0,,,"0.0",2,"Pickup/Utilitario,Moto/Ciclomotor","España Y Lopez",2,0,1,0,1,0,0,,"Avenida",,"VENADO TUERTO","General López","Asfalto","No existe","VIII","Dentro","Urbana","S/D","No existe","Intersección","Bueno","Buena","S/D","S/D","S/D","S/D","S/D","S/D","Vertical","S/D","S/D"
2016,3165,6/17/2016,"Viernes",0,11:30:00,,"0.0",2,"Pickup/Utilitario,Moto/Ciclomotor","Independencia Y L N Alem",3,1,0,0,2,0,0,,"Calle",,"ARTEAGA","Caseros","Asfalto","No existe","IV","Dentro","Urbana","Ninguna","No existe","Intersección","Bueno","Buena","Diurna","Buen Tiempo","S/D","S/D","Colisión","S/D","Faltante","Cordón divisorio","Sin restricción"
2016,3166,6/13/2016,"Lunes",0,19:50:00,,"0.0",2,"Transporte Escolar,Pickup/Utilitario","Jose Ingenieros Y Moreno",4,3,0,0,0,0,1,,"Calle",,"VILLA CONSTITUCIÓN","Constitución","Asfalto","S/D","VI","Dentro","Urbana","Ninguna","S/D","Recta","Bueno","Buena","Nocturna","Buen Tiempo","S/D","S/D","Colisión","S/D","S/D","Ninguna","S/D"
2016,3167,6/23/2016,"Jueves",0,,,"0.0",2,"Bicicleta,Automóvil","Independencia Y Catamarca",2,1,0,0,1,0,0,,"Calle",,"VILLA CONSTITUCIÓN","Constitución","Asfalto","No existe","VI","S/D","Urbana","Ninguna","No existe","Intersección","Bueno","Buena","Diurna","Buen Tiempo","S/D","S/D","Atropello","Ninguna","Faltante","Ninguna","Sin restricción"
2016,3168,6/19/2016,"Domingo",0,7:30:00,"Ruta Provincial 92","0.0",1,"Pickup/Utilitario"," ",1,1,0,0,0,0,0,,"Ruta",92,"ARTEAGA","Caseros","Asfalto","Natural","IV","Dentro","Urbana","Ninguna","No existe","Recta","Bueno","Reducida","Diurna","Niebla","S/D","S/D","Despiste","S/D","Horizontal","Línea divisoria pintada","Sin restricción"
2016,3169,6/23/2016,"Jueves",0,7:30:00,,"0.0",2,"Automóvil,Bicicleta","Laprida Y Entre Rios",2,1,0,0,1,0,0,,"Avenida",,"VENADO TUERTO","General López","Asfalto","No existe","VIII","Dentro","Urbana","S/D","No existe","Intersección","Bueno","Buena","Diurna","S/D","S/D","Ciclista","Atropello","S/D","Vertical","S/D","S/D"
2016,3170,6/17/2016,"Viernes",0,11:15:00,,"0.0",2,"Automóvil,Moto/Ciclomotor","Calle 42 - Misiones Y Calle 19-Habegger",3,2,0,0,1,0,0,,"S/D",,"RECONQUISTA","General Obligado","Asfalto","S/D","IX","S/D","Urbana","Ninguna","No existe","Intersección","Bueno","Buena","Diurna","Buen Tiempo","Otro","S/D","Colisión","Ninguna","S/D","S/D","S/D"
2016,3171,6/20/2016,"Lunes",0,11:00:00,"Ruta Provincial 92","0.0",2,"Automóvil,Pickup/Utilitario"," ",6,4,0,0,2,0,0,,"Ruta",92,"ARTEAGA","Caseros","Asfalto","Natural","IV","Dentro","Urbana","Marca Vial","No existe","S/D","Bueno","Buena","Diurna","Buen Tiempo","S/D","S/D","Colisión","S/D","Horizontal","Ninguna","Sin restricción"
2016,3172,6/16/2016,"Jueves",0,7:05:00,,"0.0",2,"Camión,Pickup/Utilitario"," ",3,1,0,0,0,0,2,,"S/D",,"VILLA CONSTITUCIÓN","Constitución","Asfalto","Natural","VI","Dentro","S/D","S/D","S/D","Recta","S/D","Reducida","Diurna","Niebla","S/D","S/D","Vuelco","S/D","S/D","Vegetación","S/D"
2016,3173,6/29/2016,"Miercoles",0,,,"0.0",2,"Moto/Ciclomotor,Automóvil","CHAPUY Y MORENO",3,1,0,0,2,0,0,,"Calle",,"VILLA CONSTITUCIÓN","Constitución","Asfalto","Ripio","VI","Dentro","Urbana","Ninguna","No existe","Intersección","Bueno","Buena","Diurna","Buen Tiempo","Lateral","S/D","Colisión","Ninguna","Faltante","Línea divisoria pintada","S/D"
2016,3174,6/23/2016,"Jueves",0,11:20:00,,"0.0",2,"Moto/Ciclomotor,Moto/Ciclomotor","Piacenza Y Pasaje K",2,1,0,0,1,0,0,,"Calle",,"VENADO TUERTO","General López","Asfalto","No existe","VIII","Dentro","Urbana","S/D","No existe","Intersección","Bueno","Buena","Diurna","S/D","S/D","S/D","S/D","S/D","S/D","S/D","S/D"
2016,3175,6/17/2016,"Viernes",0,12:00:00,"Ruta Provincial 1","0.0",3,"Camión c / Acoplado,Camión Chasis,Camión c / Acoplado"," ",4,1,0,0,3,0,0,,"Ruta",1,"ALEJANDRA","San Javier","Asfalto","Natural","XIV","Dentro","Urbana","Ninguna","No existe","Recta","Bueno","Buena","Diurna","Buen Tiempo","Múltiple","S/D","Colisión","S/D","Faltante","Línea divisoria pintada","Sin restricción"
2016,3176,6/6/2016,"Lunes",0,7:15:00,"Ruta Nacional 177","0.0",2,"Automóvil,Automóvil"," ",6,0,1,0,5,0,0,,"Ruta",177,"VILLA CONSTITUCIÓN","Constitución","Asfalto","Ripio","VI","S/D","Urbana","Ninguna","No existe","Recta","S/D","Buena","Nocturna","Buen Tiempo","Frontal","S/D","Colisión","Ninguna","Faltante","Línea divisoria pintada","Sin restricción"
2016,3177,6/25/2016,"Sabado",0,1:30:00,,"0.0",2,"Moto/Ciclomotor,Automóvil","C Ramseyer Y Moreno",5,0,1,0,4,0,0,,"Calle",,"ROMANG","San Javier","Asfalto","No existe","XIV","Dentro","Urbana","Otra Señal","No existe","Intersección","Bueno","Buena","Nocturna","Lluvia","Múltiple","S/D","Colisión","Agua","Horizontal,Vertical","Ninguna","Sin restricción"
2016,3178,6/6/2016,"Lunes",0,6:45:00,"Ruta Nacional 177","0.0",1,"Automóvil"," ",2,2,0,0,0,0,0,,"Ruta",177,"VILLA CONSTITUCIÓN","Constitución","Asfalto","Ripio","VI","Dentro","Urbana","Ninguna","S/D","Recta","S/D","Buena","Nocturna","Buen Tiempo","S/D","S/D","Vuelco","S/D","Faltante","Línea divisoria pintada","Sin restricción"
2016,3179,6/3/2016,"Viernes",0,7:00:00,,"0.0",2,"Transporte de Pasajeros Urbano (> 8 asientos),Automóvil","Manuel Dorrego Y Salta",2,2,0,0,0,0,0,,"Calle",,"VILLA CONSTITUCIÓN","Constitución","Asfalto","No existe","VI","Dentro","Urbana","Ninguna","S/D","Intersección","Bueno","Buena","Diurna","Buen Tiempo","S/D","S/D","Colisión","S/D","S/D","Ninguna","Sin restricción"
2016,3180,6/2/2016,"Jueves",0,13:15:00,,"0.0",2,"Moto/Ciclomotor,Moto/Ciclomotor","Santiago del Estero Y Rivadavia",2,1,0,0,1,0,0,,"Calle",,"VILLA CONSTITUCIÓN","Constitución","Asfalto","No existe","VI","Dentro","Urbana","Ninguna","No existe","Recta","S/D","Buena","Diurna","Buen Tiempo","S/D","S/D","Colisión","S/D","S/D","Ninguna","Sin restricción"
2016,3181,6/20/2016,"Lunes",0,,,"0.0",1,"Automóvil","Acevedo 36",2,1,0,0,1,0,0,,"Calle",,"VILLA CONSTITUCIÓN","Constitución","Asfalto","No existe","VI","Dentro","Urbana","Ninguna","No existe","Curva","Bueno","Buena","Diurna","Buen Tiempo","Contra objeto fijo","S/D","Colisión","S/D","Faltante","Ninguna","Sin restricción"
2016,3182,6/23/2016,"Jueves",0,16:30:00,,"0.0",2,"Automóvil,Bicicleta","Bernardino Rivadavia Y Lisandro de la Torre",2,0,1,0,1,0,0,,"Calle",,"VENADO TUERTO","General López","Asfalto","No existe","VIII","Dentro","Urbana","S/D","No existe","Intersección","Bueno","Buena","Diurna","S/D","S/D","Ciclista","Atropello","S/D","Vertical","S/D","S/D"
2016,3183,6/22/2016,"Miercoles",0,19:00:00,"Ruta Nacional 8","0.0",2,"Pickup/Utilitario,Moto/Ciclomotor","Cristobal Colon ",2,1,0,0,1,0,0,,"Ruta",8,"VENADO TUERTO","General López","Asfalto","No existe","VIII","Dentro","Urbana","S/D","Funciona","Intersección","Bueno","Buena","Atardecer,Con luz artificial","S/D","S/D","S/D","Colisión","S/D","Vertical","S/D","S/D"
2016,3184,6/22/2016,"Miercoles",0,1:00:00,"Ruta Nacional 8","0.0",2,"Automóvil,Bicicleta","Fernando Azcoaga ",3,2,0,0,1,0,0,,"Ruta",8,"VENADO TUERTO","General López","Asfalto","No existe","VIII","Dentro","Urbana","S/D","Funciona","Intersección","Bueno","Buena","Nocturna,Con luz artificial","S/D","S/D","Ciclista","Atropello","S/D","Vertical","S/D","S/D"
2016,3185,6/18/2016,"Sabado",0,14:00:00,,"0.0",2,"Moto/Ciclomotor,Automóvil","Maipu Y Juan Lavalle",2,0,1,0,1,0,0,,"Calle",,"VENADO TUERTO","General López","Asfalto","No existe","VIII","Dentro","Urbana","S/D","No existe","Intersección","Bueno","Buena","Diurna","S/D","S/D","S/D","Colisión","S/D","Vertical","S/D","S/D"
2016,3186,6/15/2016,"Miercoles",0,,,"0.0",2,"Automóvil,Moto/Ciclomotor","Iturbide Y Juan Lavalle",2,1,0,0,1,0,0,,"Calle",,"VENADO TUERTO","General López","Asfalto","No existe","VIII","Dentro","Urbana","S/D","No existe","Intersección","Bueno","Buena","S/D","S/D","S/D","S/D","Colisión","S/D","Vertical","S/D","S/D"
2016,3187,6/15/2016,"Miercoles",0,,,"0.0",2,"Automóvil,Moto/Ciclomotor","Entre Rios Y Malvinas",2,1,0,0,1,0,0,,"Calle",,"VENADO TUERTO","General López","Asfalto","No existe","VIII","Dentro","Urbana","S/D","No existe","Intersección","Bueno","Buena","S/D","S/D","S/D","S/D","Colisión","S/D","Vertical","S/D","S/D"
2016,3188,6/12/2016,"Domingo",0,18:00:00,,"0.0",2,"Moto/Ciclomotor,Automóvil","Laprida Y Chaco",2,0,1,0,1,0,0,,"Calle",,"VENADO TUERTO","General López","Asfalto","No existe","VIII","Dentro","Urbana","S/D","Funciona","Intersección","Bueno","Buena","Amanecer,Con luz artificial","S/D","S/D","S/D","Colisión","S/D","Horizontal,Vertical","S/D","S/D"
2016,3189,6/11/2016,"Sabado",0,,,"0.0",2,"Automóvil,Moto/Ciclomotor","Lisandro de la Torre Y Guillermo Brown",2,0,1,0,1,0,0,,"Calle",,"VENADO TUERTO","General López","Asfalto","No existe","VIII","Dentro","Urbana","S/D","No existe","Intersección","Bueno","Buena","S/D","S/D","S/D","S/D","Colisión","S/D","Horizontal,Vertical","S/D","S/D"
2016,3190,6/11/2016,"Sabado",0,11:45:00,,"0.0",2,"Pickup/Utilitario,Bicicleta","Gral Jose de San Martin Y Cristobal Colon",2,0,1,0,1,0,0,,"Calle",,"VENADO TUERTO","General López","Asfalto","No existe","VIII","Dentro","Urbana","S/D","No existe","Intersección","Bueno","Buena","Diurna","S/D","S/D","Ciclista","Atropello","S/D","Vertical","S/D","S/D"
2016,3191,6/10/2016,"Viernes",0,8:10:00,,"0.0",2,"Bicicleta,Automóvil","España Y Carlos Pellegrini",2,1,0,0,1,0,0,,"Calle",,"VENADO TUERTO","General López","Asfalto","No existe","VIII","Dentro","Urbana","S/D","No existe","Intersección","Bueno","Buena","Diurna","S/D","S/D","Ciclista","Atropello","S/D","Vertical","S/D","S/D"
2016,3192,6/9/2016,"Jueves",0,10:00:00,,"0.0",2,"Bicicleta,Moto/Ciclomotor","Gral Manuel Belgrano Y Iturraspe",2,1,0,0,1,0,0,,"Calle",,"VENADO TUERTO","General López","Asfalto","No existe","VIII","Dentro","Urbana","S/D","No existe","Recta","Bueno","Buena","Diurna","S/D","S/D","Ciclista","Atropello","S/D","Vertical","S/D","S/D"
2016,3193,6/5/2016,"Domingo",0,1:40:00,,"0.0",1,"Automóvil","Cornelio Saavedra Y Alvear",4,2,1,0,1,0,0,,"Calle",,"VENADO TUERTO","General López","Asfalto","No existe","VIII","Dentro","Urbana","S/D","No existe","Intersección","Bueno","Buena","Nocturna,Con luz artificial","S/D","Contra objeto fijo","S/D","Colisión","S/D","Vertical","S/D","S/D"
2016,3194,6/5/2016,"Domingo",0,,,"0.0",2,"Automóvil,Moto/Ciclomotor","Dean Funes Y Italia",3,2,0,0,1,0,0,,"Calle",,"VENADO TUERTO","General López","Asfalto","No existe","VIII","Dentro","Urbana","S/D","No existe","Intersección","Bueno","Buena","Diurna","S/D","S/D","S/D","Colisión","S/D","S/D","S/D","S/D"