"anio_acci","nro_acci","fecha","desc_dia","fecha_aprox","hora_aprox","desc_ruta","km","cant_participantes","desc_participante","calle_avenida_km","total","heridos_leves","heridos_graves","heridos_gravisimos","ilesos","fallecidos","sin_datos","posicion_XY","desc_tipo_via","desc_ruta_ori","desc_loc","desc_dpto","desc_tipo_calzada","desc_tipo_banquina","desc_unidad_regional","desc_lugar_calzada","desc_zona","desc_prioridad","desc_estado_semaforo","desc_lugar_via","desc_estado_via","desc_estado_visibilidad","desc_luminosidad","desc_estado_clima","desc_tipo_colision","desc_tipo_atropello","desc_tipo_hecho","desc_pres_calzada","desc_senializacion","desc_separacion_via","desc_restriccion"
2016,3195,6/4/2016,"Sabado",0,,"Ruta Nacional 8","0.0",2,"Automóvil,Moto/Ciclomotor","Chacabuco ",3,0,2,0,1,0,0,,"Ruta",8,"VENADO TUERTO","General López","Asfalto","No existe","VIII","Dentro","Urbana","S/D","Funciona","Intersección","Bueno","Buena","S/D","Buen Tiempo","S/D","S/D","Colisión","S/D","Vertical","S/D","Sin restricción"
2016,3196,6/2/2016,"Jueves",0,,"Ruta Nacional 8","0.0",2,"Automóvil,Moto/Ciclomotor"," ",2,1,0,0,1,0,0,,"Ruta",8,"VENADO TUERTO","General López","Asfalto","No existe","VIII","Dentro","Urbana","S/D","Funciona","S/D","Bueno","Buena","S/D","S/D","S/D","S/D","Colisión","S/D","Vertical","S/D","S/D"
2016,3197,6/2/2016,"Jueves",0,,,"0.0",2,"Automóvil,Moto/Ciclomotor","Junin Y Guillermo Dimmer",2,0,1,0,1,0,0,,"Calle",,"VENADO TUERTO","General López","Tierra,Ripio","No existe","VIII","Dentro","Urbana","S/D","No existe","Intersección","Con baches","S/D","S/D","S/D","S/D","S/D","Colisión","S/D","S/D","S/D","S/D"
2016,3198,6/1/2016,"Miercoles",0,,,"0.0",2,"Camión,Moto/Ciclomotor","Velez Sarsfield Y Miguel de Azcuenaga",3,2,0,0,1,0,0,,"Calle",,"VENADO TUERTO","General López","Asfalto","No existe","VIII","Dentro","Urbana","S/D","S/D","Intersección","Bueno","Buena","S/D","S/D","S/D","S/D","Colisión","S/D","S/D","S/D","Sin restricción"
2016,3199,6/28/2016,"Martes",0,18:00:00,,"0.0",2,"Bicicleta,Automóvil","Roque Saenz Pe±a Y Domingo F Sarmiento",2,1,0,0,1,0,0,,"Avenida",,"GODOY","Constitución","Hormigón","Pavimento","VI","S/D","Urbana","Ninguna","No existe","Intersección","Bueno","Buena","Diurna","Buen Tiempo","S/D","Ciclista","Atropello","Ninguna","Faltante","Ninguna","Sin restricción"
2016,3200,6/27/2016,"Lunes",0,22:30:00,"Ruta Provincial 1","0.0",1,"Automóvil"," ",1,0,0,0,0,0,1,,"Ruta",1,"CAYASTA","Garay","Asfalto","Natural","VII","S/D","Rural","Ninguna","No existe","Curva","Bueno","Buena","Diurna","Buen Tiempo","S/D","S/D","Vuelco","S/D","S/D","Línea divisoria pintada","Sin restricción"
2016,3201,6/1/2016,"Miercoles",0,17:00:00,,"0.0",2,"Moto/Ciclomotor,Automóvil","Santa Fe Y Chacabuco",2,1,0,0,1,0,0,,"Calle",,"VENADO TUERTO","General López","Asfalto","No existe","VIII","Dentro","Urbana","S/D","No existe","Intersección","Bueno","Buena","Diurna","S/D","S/D","S/D","Colisión","S/D","Vertical","S/D","S/D"
2016,3202,6/23/2016,"Jueves",0,15:00:00,,"0.0",1,"Pickup/Utilitario"," ",7,5,2,0,0,0,0,,"Calle",,"LA RUBIA","San Cristóbal","Tierra","Natural","XIII","S/D","Urbana","Ninguna","No existe","Intersección","Bueno","Buena","Diurna","Buen Tiempo","S/D","S/D","Vuelco","Material Suelto","Faltante","Ninguna","Sin restricción"
2016,3203,5/16/2016,"Lunes",0,20:30:00,,"0.0",2,"Bicicleta,Pickup/Utilitario","Juan Jose Castelli Y Roca",2,1,0,0,1,0,0,,"Calle",,"VENADO TUERTO","General López","Asfalto","No existe","VIII","Dentro","Urbana","S/D","No existe","Intersección","Bueno","Buena","Nocturna,Con luz artificial","S/D","S/D","Ciclista","Atropello","S/D","Vertical","S/D","S/D"
2016,3204,6/6/2016,"Lunes",0,6:50:00,,"0.0",2,"Automóvil,Camión","Espa±a 705",3,1,0,0,2,0,0,,"Calle",,"GOBERNADOR CRESPO","San Justo","Asfalto","Pavimento","XVI","Dentro","Urbana","Ninguna","No existe","S/D","Bueno","Buena","Amanecer","Buen Tiempo","S/D","S/D","Colisión","Ninguna","Faltante","Línea divisoria pintada","Sin restricción"
2016,3205,6/2/2016,"Jueves",0,4:50:00,"Ruta Provincial 39","52.0",2,"Moto/Ciclomotor,Bicicleta"," ",2,2,0,0,0,0,0,,"Ruta",39,"GOBERNADOR CRESPO","San Justo","Asfalto","Natural","XVI","Dentro","Rural","Ninguna","No existe","Recta","Con baches","Reducida","Amanecer","S/D","S/D","Ciclista","Atropello","S/D","Faltante","Línea divisoria pintada","Sin restricción"
2016,3206,6/27/2016,"Lunes",0,19:45:00,,"0.0",2,"Automóvil,Moto/Ciclomotor","Calle 32 - Amenabar Y Calle 31-Newbery",3,2,0,0,1,0,0,,"Calle",,"RECONQUISTA","General Obligado","Asfalto","Pavimento","IX","Dentro","Urbana","Ninguna","No existe","Intersección","Bueno","Buena","Diurna","Buen Tiempo","De alcance","S/D","Colisión","Ninguna","S/D","Ninguna","Sin restricción"
2016,3207,6/15/2016,"Miercoles",0,19:00:00,,"0.0",2,"Automóvil,Moto/Ciclomotor","Calle 44-27 de Abril Y Calle 33-Pueyrredon",3,1,1,0,0,0,1,,"S/D",,"RECONQUISTA","General Obligado","Asfalto","Natural","IX","Dentro","Urbana","Ninguna","No existe","Recta","Bueno","Buena","Nocturna","Buen Tiempo","Lateral","S/D","Colisión","Ninguna","Horizontal","Ninguna","Sin restricción"
2016,3208,6/25/2016,"Sabado",0,20:00:00,,"0.0",2,"Automóvil,Bicicleta","Calle 33-Pueyrredon Y Calle 24 - Olessio",3,2,0,0,0,0,1,,"Calle",,"RECONQUISTA","General Obligado","Asfalto","Pavimento","IX","Dentro","Urbana","Ninguna","No existe","Intersección","Bueno","Buena","Nocturna","Buen Tiempo","Lateral","Ciclista","Atropello","S/D","Horizontal","Ninguna","Sin restricción"
2016,3209,6/21/2016,"Martes",0,10:30:00,,"0.0",2,"Pickup/Utilitario,Moto/Ciclomotor","Calle 12 San Martin 1153",2,2,0,0,0,0,0,,"Calle",,"RECONQUISTA","General Obligado","Asfalto","Pavimento","IX","Dentro","Urbana","Ninguna","No existe","Recta","Bueno","Buena","Diurna","Buen Tiempo","Lateral","S/D","Colisión","S/D","Horizontal","Ninguna","Sin restricción"
2016,3210,6/6/2016,"Lunes",0,20:10:00,"Ruta Secundaria 32-s","0.0",1,"Moto/Ciclomotor"," ",2,1,0,0,1,0,0,,"Ruta","32-s","VILLA ANA","General Obligado","Tierra","No existe","IX","Dentro","Urbana","Ninguna","No existe","Curva","Ahuellamiento","Reducida polvo","Nocturna","Buen Tiempo","Atropello animal","S/D","Colisión","S/D","S/D","Ninguna","Sin restricción"
2016,3211,6/3/2016,"Viernes",0,13:00:00,,"0.0",2,"Automóvil,Moto/Ciclomotor"," ",2,2,0,0,0,0,0,,"S/D",,"RECONQUISTA","General Obligado","Asfalto","Pavimento","IX","S/D","Urbana","Semáforo","Funciona","Recta","Bueno","Buena","Diurna","Buen Tiempo","Lateral","S/D","Colisión","Ninguna","Horizontal","S/D","Sin restricción"
2016,3212,6/29/2016,"Miercoles",0,18:20:00,,"0.0",2,"Moto/Ciclomotor,Automóvil","25 de Mayo Y F Ameghino",5,4,0,0,1,0,0,,"Calle",,"SUNCHALES","Castellanos","Asfalto","No existe","V","Dentro","Urbana","Ninguna","No existe","Intersección","Bueno","Buena","Diurna","Buen Tiempo","Lateral","S/D","Colisión","S/D","Faltante","Ninguna","Sin restricción"
2016,3213,6/8/2016,"Miercoles",0,17:45:00,,"0.0",2,"Bicicleta,Pickup/Utilitario","Cordoba Y Francisco A. Candioti",2,1,0,0,1,0,0,,"Calle",,"EL TRÉBOL","San Martín","Asfalto","No existe","XVIII","Dentro","Urbana","Ninguna","No existe","Intersección","Bueno","Buena","Diurna","Buen Tiempo","S/D","Ciclista","Atropello","Ninguna","Horizontal","Ninguna","Sin restricción"
2016,3214,6/21/2016,"Martes",0,13:40:00,,"0.0",2,"Moto/Ciclomotor,Automóvil","B Manera Y B Geuna",4,2,0,0,1,0,1,,"Calle",,"RAFAELA","Castellanos","Ripio","No existe","V","Dentro","Urbana","Ninguna","No existe","Intersección","Bueno","Buena","Diurna","Buen Tiempo","S/D","S/D","Colisión","Ninguna","Faltante","Cordón divisorio","Sin restricción"
2016,3215,6/13/2016,"Lunes",0,13:15:00,,"0.0",2,"Moto/Ciclomotor,Automóvil","B Geuna Y Pbro A Zurbriggen",3,1,0,0,2,0,0,,"Calle",,"RAFAELA","Castellanos","Ripio","No existe","V","Dentro","Urbana","Ninguna","No existe","Intersección","Bueno","Buena","Diurna","Buen Tiempo","Lateral","S/D","Colisión","S/D","Faltante","Ninguna","Sin restricción"
2016,3216,6/17/2016,"Viernes",0,1:30:00,"Ruta Provincial 13","34.0",1,"Automóvil"," ",2,2,0,0,0,0,0,,"Ruta",13,"EL TRÉBOL","San Martín","Asfalto","Natural","XVIII","Fuera","Rural","Ninguna","No existe","Curva","Bueno","Reducida","Nocturna","Niebla","S/D","S/D","Vuelco","Ninguna","Faltante","Línea divisoria pintada","Sin restricción"
2016,3217,6/15/2016,"Miercoles",0,20:30:00,,"0.0",2,"Moto/Ciclomotor,Otros","Calle 56 ",4,2,0,0,2,0,0,,"Calle",,"FRONTERA","Castellanos","Asfalto","S/D","V","Dentro","Urbana","S/D","S/D","Intersección","Bueno","Buena","Nocturna,Con luz artificial","Buen Tiempo","Lateral","S/D","Colisión","S/D","S/D","S/D","S/D"
2016,3218,6/17/2016,"Viernes",0,6:30:00,,"0.0",1,"Moto/Ciclomotor","San Lorenzo Y Rio Negro",3,2,0,0,0,0,1,,"Calle",,"EL TRÉBOL","San Martín","Hormigón","No existe","XVIII","Dentro","Urbana","Ninguna","No existe","Intersección","Bueno","Reducida","Amanecer,Con luz artificial","Niebla","Lateral","S/D","Colisión","Ninguna","Horizontal","Ninguna","Sin restricción"
2016,3219,6/11/2016,"Sabado",0,7:00:00,,"0.0",1,"Moto/Ciclomotor","Islas Malvinas-Calle 82 Y Suipacha-Calle 74",2,1,0,0,1,0,0,,"Calle",,"FRONTERA","Castellanos","Asfalto","S/D","V","Dentro","Urbana","S/D","S/D","Recta","Bueno","Buena","Amanecer","Buen Tiempo","S/D","S/D","Caída ocupante","S/D","S/D","S/D","Sin restricción"
2016,3220,6/24/2016,"Viernes",0,16:20:00,,"0.0",2,"Moto/Ciclomotor,Moto/Ciclomotor","Calle 15-Patricio Diez Y Calle 30-Lucas Funes",2,2,0,0,0,0,0,,"Calle",,"RECONQUISTA","General Obligado","Asfalto","Pavimento","IX","Dentro","Urbana","Ninguna","No existe","Recta","Bueno","Buena","Diurna","Buen Tiempo","Lateral","S/D","Colisión","S/D","Horizontal","Ninguna","Sin restricción"
2016,3221,6/18/2016,"Sabado",0,23:45:00,,"0.0",2,"Camión Chasis,Moto/Ciclomotor","Calle 20 9 de Julio Y Calle 35-Espa±a",2,1,0,0,1,0,0,,"Calle",,"RECONQUISTA","General Obligado","Asfalto","No existe","IX","Dentro","Urbana","Ninguna","No existe","Recta","Bueno","Buena","Nocturna","Buen Tiempo","Lateral","S/D","Colisión","S/D","Horizontal","Ninguna","Sin restricción"
2016,3222,6/17/2016,"Viernes",0,16:30:00,,"0.0",2,"Moto/Ciclomotor,Moto/Ciclomotor","Calle 100 Y Calle 5",2,1,1,0,0,0,0,,"Calle",,"FRONTERA","Castellanos","Asfalto","S/D","V","Dentro","Urbana","S/D","S/D","Intersección","Bueno","Buena","Diurna","Buen Tiempo","Lateral","S/D","Colisión","S/D","S/D","S/D","S/D"
2016,3223,6/18/2016,"Sabado",0,10:30:00,,"0.0",2,"Automóvil,Bicicleta","Mariano Moreno Y Rosario",2,0,1,0,1,0,0,,"Calle",,"RAFAELA","Castellanos","Hormigón","No existe","V","Dentro","Urbana","Ninguna","No existe","Intersección","Bueno","Buena","Diurna","Buen Tiempo","Frontal","Ciclista","Atropello","S/D","Vertical","Ninguna","Sin restricción"
2016,3224,6/24/2016,"Viernes",0,16:00:00,"Ruta Nacional 34","0.0",2,"Moto/Ciclomotor,Automóvil","Carlos Pellegrini ",3,1,0,0,2,0,0,,"Ruta",34,"RAFAELA","Castellanos","Asfalto","No existe","V","Dentro","Urbana","S/D","Funciona","Intersección","Bueno","Buena","Diurna","Buen Tiempo","Lateral","S/D","Colisión","S/D","S/D","S/D","Sin restricción"
2016,3225,6/20/2016,"Lunes",0,4:40:00,,"0.0",1,"Moto/Ciclomotor","25 de Mayo Y Bv Pte Roca",2,1,0,0,1,0,0,,"Calle",,"RAFAELA","Castellanos","S/D","No existe","V","Dentro","Urbana","S/D","No existe","Curva","Bueno","Buena","Nocturna","Niebla","S/D","S/D","Caída ocupante,Colisión","S/D","Vertical","Cordón divisorio","S/D"
2016,3226,6/18/2016,"Sabado",0,20:00:00,,"0.0",2,"Automóvil,Peatón","Barcelona Y Rosario",2,1,0,0,1,0,0,,"Calle",,"RAFAELA","Castellanos","Asfalto","No existe","V","Dentro","Urbana","Ninguna","No existe","Intersección","Bueno","Buena","Nocturna","Buen Tiempo","De alcance","Peatón","Atropello","S/D","S/D","Ninguna","Sin restricción"
2016,3227,6/6/2016,"Lunes",0,15:00:00,,"0.0",2,"Automóvil,Bicicleta","Monteaguado Y Velez Sarfield",2,1,0,0,1,0,0,,"Calle",,"RAFAELA","Castellanos","Asfalto","S/D","V","Dentro","Urbana","S/D","S/D","Intersección","Bueno","Buena","Atardecer","S/D","Lateral","Ciclista","Atropello","S/D","S/D","S/D","S/D"
2016,3228,6/19/2016,"Domingo",0,20:30:00,,"0.0",2,"Moto/Ciclomotor,Automóvil","Av Brasil Y Guemes",3,0,2,0,1,0,0,,"Calle",,"RAFAELA","Castellanos","Asfalto","Pavimento","V","Dentro","Urbana","Ninguna","No existe","Intersección","Bueno","Buena","Nocturna","Buen Tiempo","Lateral","S/D","Colisión","S/D","S/D","Ninguna","Sin restricción"
2016,3229,6/13/2016,"Lunes",0,20:15:00,,"0.0",2,"Automóvil,Bicicleta","Av Cobos Y Rivadavia",2,1,0,0,1,0,0,,"Calle",,"RUFINO","General López","Asfalto","No existe","VIII","Dentro","Urbana","Ninguna","No existe","Intersección","Bueno","Buena","Nocturna,Con luz artificial","Buen Tiempo","S/D","Ciclista","Atropello","S/D","S/D","Ninguna","Sin restricción"
2016,3230,6/17/2016,"Viernes",0,9:00:00,"Ruta Nacional 7","428.0",8,"Taxi/Remis,Automóvil,Automóvil,Camión,Camión,Automóvil,Automóvil,Automóvil"," ",19,5,1,0,13,0,0,,"Ruta",7,"RUFINO","General López","Asfalto","Natural","VIII","Dentro","Urbana","Ninguna","No existe","Recta","Bueno","Buena","Con luz artificial","Buen Tiempo","Múltiple","S/D","Colisión","S/D","Horizontal,Vertical","Línea divisoria pintada","Sin restricción"
2016,3231,6/9/2016,"Jueves",0,17:00:00,,"0.0",2,"Moto/Ciclomotor,Pickup/Utilitario","Espa±a Y Santa Fe",2,1,0,0,1,0,0,,"Calle",,"RUFINO","General López","Asfalto","No existe","VIII","Dentro","Urbana","Ninguna","No existe","Intersección","Bueno","Buena","Diurna","Buen Tiempo","S/D","S/D","Colisión","S/D","S/D","Cordón divisorio","Sin restricción"
2016,3232,6/24/2016,"Viernes",0,12:30:00,,"0.0",2,"Pickup/Utilitario,Automóvil","25 de mayo Y Av Blas Parera",4,3,0,0,1,0,0,,"Calle",,"CERES","San Cristóbal","Asfalto","No existe","XIII","Dentro","Urbana","Ninguna","No existe","Intersección","Bueno","Buena","Diurna","Buen Tiempo","Frontal","S/D","Colisión","S/D","Faltante","Cordón divisorio","Sin restricción"
2016,3233,6/26/2016,"Domingo",0,6:50:00,,"0.0",1,"Moto/Ciclomotor","Belgrano Y Delfor del Valle",2,1,1,0,0,0,0,,"Calle",,"CERES","San Cristóbal","Asfalto","No existe","XIII","Dentro","Urbana","Ninguna","No existe","Intersección","Resbaladiza","Reducida","Nocturna,Con luz artificial","Lluvia","Contra objeto fijo","S/D","Colisión","Agua","Vertical","Ninguna","Reparación de Vía"
2016,3234,6/4/2016,"Sabado",0,12:05:00,"Ruta Provincial 1","71.5",1,"Moto/Ciclomotor"," ",2,2,0,0,0,0,0,,"Ruta",1,"CAYASTA","Garay","Asfalto","Natural","VII","Dentro","Urbana","Ninguna","No existe","Recta","Bueno","Buena","Diurna","Buen Tiempo","S/D","S/D","Caída ocupante","S/D","S/D","Línea divisoria pintada","Sin restricción"
2016,3235,6/28/2016,"Martes",0,9:10:00,,"0.0",2,"Moto/Ciclomotor,Camión","Capitan Bermudez Y Dorrego",3,2,0,0,1,0,0,,"Calle",,"GÁLVEZ","San Jerónimo","Asfalto","No existe","XV","Dentro","Urbana","Ninguna","No existe","Intersección","Bueno","Buena","Diurna","Buen Tiempo","S/D","S/D","Colisión","S/D","S/D","Ninguna","Sin restricción"
2016,3236,6/17/2016,"Viernes",0,13:15:00,"Ruta Provincial 1","68.0",2,"Moto/Ciclomotor,Camión"," ",2,0,0,0,0,0,2,,"Ruta",1,"CAYASTA","Garay","Asfalto","Natural","VII","Dentro","Urbana","S/D","No existe","Curva","Bueno","Buena","Diurna","Buen Tiempo","Lateral","S/D","Colisión","S/D","S/D","Línea divisoria pintada","Sin restricción"
2016,3237,6/23/2016,"Jueves",0,18:45:00,"Ruta Provincial 1","72.0",2,"Pickup/Utilitario,Peatón"," ",2,0,1,0,1,0,0,,"Ruta",1,"CAYASTA","Garay","Asfalto","Natural","VII","Dentro","Urbana","Ninguna","Intermitente","Recta","Ahuellamiento","Buena","Nocturna","Buen Tiempo","S/D","Peatón","Atropello","S/D","S/D","Ninguna","Sin restricción"
2016,3238,6/12/2016,"Domingo",0,16:11:00,,"0.0",2,"Bicicleta,Moto/Ciclomotor","Laprida 130",2,1,0,0,1,0,0,,"Calle",,"MURPHY","General López","Asfalto","S/D","VIII","Dentro","Urbana","Ninguna","No existe","Recta","Bueno","Buena","Diurna","Buen Tiempo","Lateral","Ciclista","Atropello","S/D","Faltante","Ninguna","Sin restricción"
2016,3239,6/26/2016,"Domingo",0,14:40:00,,"0.0",2,"Automóvil,Automóvil","Silvio Arcas Y Rinaldi",4,1,0,0,3,0,0,,"Calle",,"GÁLVEZ","San Jerónimo","Asfalto","No existe","XV","S/D","Urbana","Ninguna","No existe","Intersección","Bueno","Reducida","Diurna","Lluvia","S/D","S/D","Colisión","S/D","S/D","Ninguna","Sin restricción"
2016,3240,6/28/2016,"Martes",0,,,"0.0",2,"Bicicleta,Pickup/Utilitario","Juan Jose Castelli Y Nora Wade de Basualde",2,1,0,0,1,0,0,,"Calle",,"VENADO TUERTO","General López","Asfalto","No existe","VIII","Dentro","Urbana","S/D","No existe","Intersección","Con baches","Buena","S/D","S/D","S/D","Ciclista","Atropello","S/D","S/D","S/D","S/D"
2016,3241,6/5/2016,"Domingo",0,15:20:00,,"0.0",2,"Moto/Ciclomotor,Pickup/Utilitario","Ctda Manuel de Iriondo Y Italia",2,1,1,0,0,0,0,,"Calle",,"SAN JUSTO","San Justo","Asfalto","No existe","XVI","Dentro","Urbana","Ninguna","No existe","Intersección","Con baches","Buena","Diurna","Buen Tiempo","Lateral","S/D","Colisión","S/D","Horizontal","Cordón divisorio","Sin restricción"
2016,3242,6/14/2016,"Martes",0,13:40:00,,"0.0",2,"Moto/Ciclomotor,Automóvil","R Gonzales Y M S M de Balcarce",2,1,0,0,1,0,0,,"Calle",,"SAN JUSTO","San Justo","Asfalto","No existe","XVI","Dentro","Urbana","Ninguna","No existe","Intersección","Bueno","Buena","Diurna","Buen Tiempo","Lateral","S/D","Colisión","S/D","Faltante","Cordón divisorio","Sin restricción"
2016,3243,6/25/2016,"Sabado",0,19:20:00,,"0.0",2,"Automóvil,Moto/Ciclomotor","Antartida Argentina Y Chaco Bis",2,1,0,0,1,0,0,,"Calle",,"GÁLVEZ","San Jerónimo","Asfalto","No existe","XV","S/D","Urbana","Ninguna","No existe","Intersección","Bueno","Buena","Atardecer","Buen Tiempo","S/D","S/D","Colisión","S/D","S/D","Ninguna","Sin restricción"
2016,3244,6/14/2016,"Martes",0,21:40:00,,"0.0",2,"Moto/Ciclomotor,Automóvil","Gdor Cabal Y 9 de Julio",5,2,0,0,3,0,0,,"Calle",,"SAN JUSTO","San Justo","Asfalto","No existe","XVI","Dentro","Urbana","Otra Señal","No existe","Intersección","Bueno","Buena","Nocturna","Buen Tiempo","Lateral","S/D","Colisión","S/D","Horizontal","Cordón divisorio","Sin restricción"
2016,3245,6/21/2016,"Martes",0,7:50:00,,"0.0",2,"Automóvil,Bicicleta","Nazareno C Rossi Y Bme Mitre",2,1,0,0,1,0,0,,"Calle",,"GÁLVEZ","San Jerónimo","Asfalto","No existe","XV","S/D","Urbana","Ninguna","No existe","Intersección","Bueno","Buena","Diurna","Buen Tiempo","S/D","Ciclista","Atropello","S/D","S/D","Ninguna","Sin restricción"
2016,3246,6/18/2016,"Sabado",0,10:55:00,,"0.0",2,"Pickup/Utilitario,Moto/Ciclomotor","9 de Julio Y Santa Fe",3,2,0,0,1,0,0,,"Calle",,"SAN JUSTO","San Justo","Asfalto","No existe","XVI","Dentro","Urbana","Otra Señal","No existe","Intersección","Bueno","Buena","Diurna","Buen Tiempo","Lateral","S/D","Colisión","S/D","Horizontal","Cordón divisorio","Sin restricción"
2016,3247,6/25/2016,"Sabado",0,13:10:00,,"0.0",2,"Pickup/Utilitario,Moto/Ciclomotor","Av Iriondo Y M S M de Balcarce",2,1,0,0,1,0,0,,"Calle",,"SAN JUSTO","San Justo","Asfalto","No existe","XVI","Dentro","Urbana","Señal Pare","No existe","Intersección","Deteriorada","Reducida","Diurna","Lluvia","Lateral","S/D","Colisión","Agua","Horizontal","Cordón divisorio","Sin restricción"
2016,3248,6/26/2016,"Domingo",0,18:20:00,,"0.0",2,"Pickup/Utilitario,Moto/Ciclomotor","9 de Julio Y 25 de Mayo",2,1,0,0,1,0,0,,"Calle",,"SAN JUSTO","San Justo","Asfalto","No existe","XVI","Dentro","Urbana","Ninguna","No existe","Intersección","Bueno","Reducida","Atardecer","Viento Fuerte","Lateral","S/D","Colisión","Ninguna","Faltante","Cordón divisorio","Sin restricción"
2016,3249,6/28/2016,"Martes",0,19:00:00,,"0.0",2,"Pickup/Utilitario,Moto/Ciclomotor","L N Alem Y Bv C Pellegrini",3,2,0,0,1,0,0,,"Calle",,"SAN JUSTO","San Justo","Asfalto","No existe","XVI","Dentro","Urbana","Ninguna","No existe","Intersección","Bueno","Reducida","Atardecer","Buen Tiempo","Lateral","S/D","Colisión","S/D","Faltante","Cordón divisorio","Sin restricción"
2016,3250,6/10/2016,"Viernes",0,5:30:00,"Ruta Provincial 65","15.0",2,"Camión,Tren"," ",4,1,0,0,3,0,0,,"Ruta",65,"ESTACIÓN DÍAZ","San Jerónimo","Asfalto","Ripio","XV","Dentro","Urbana","Señal Pare","No existe","Paso a Nivel FFCC","Deteriorada","Reducida","Nocturna","Buen Tiempo","Lateral","S/D","Colisión","S/D","S/D","Ninguna","Sin restricción"
2016,3251,6/18/2016,"Sabado",0,13:30:00,,"0.0",2,"Moto/Ciclomotor,Moto/Ciclomotor","Echeverria Y Mendoza",2,2,0,0,0,0,0,,"Calle",,"GÁLVEZ","San Jerónimo","Asfalto","No existe","XV","Dentro","Urbana","Ninguna","No existe","Intersección","Bueno","Buena","Diurna","Buen Tiempo","S/D","S/D","Colisión","S/D","S/D","Ninguna","Sin restricción"
2016,3252,6/16/2016,"Jueves",0,16:40:00,,"0.0",2,"Moto/Ciclomotor,Automóvil","Rivadavia Y Dorrego",2,1,0,0,1,0,0,,"Calle",,"GÁLVEZ","San Jerónimo","Asfalto","S/D","XV","S/D","Urbana","Ninguna","S/D","Intersección","Bueno","Buena","Atardecer","Buen Tiempo","S/D","S/D","Colisión","S/D","S/D","Ninguna","Sin restricción"
2016,3253,6/16/2016,"Jueves",0,18:05:00,,"0.0",2,"Moto/Ciclomotor,Automóvil","Primera Junta Y Lavalle",2,1,0,0,1,0,0,,"Calle",,"GÁLVEZ","San Jerónimo","Asfalto","No existe","XV","Dentro","Urbana","Ninguna","No existe","Intersección","Bueno","Buena","Atardecer","Buen Tiempo","Lateral","S/D","Colisión","S/D","S/D","Ninguna","Sin restricción"
2016,3254,6/9/2016,"Jueves",0,14:10:00,,"0.0",1,"Moto/Ciclomotor"," ",2,1,0,0,1,0,0,,"Camino Rural",,"GÁLVEZ","San Jerónimo","Tierra","Natural","XV","Dentro","Rural","Ninguna","No existe","Recta","Con baches","Buena","Diurna","Buen Tiempo","S/D","S/D","Caída ocupante","S/D","S/D","Ninguna","Sin restricción"
2016,3255,6/7/2016,"Martes",0,20:20:00,,"0.0",2,"Moto/Ciclomotor,Automóvil","Gro Baigorria 650",2,1,0,0,1,0,0,,"Calle",,"GÁLVEZ","San Jerónimo","Asfalto","No existe","XV","Dentro","Urbana","Ninguna","No existe","Recta","Bueno","Buena","Nocturna","Buen Tiempo","Frontal","S/D","Colisión","S/D","S/D","Ninguna","Sin restricción"
2016,3256,6/27/2016,"Lunes",0,8:10:00,"Ruta Provincial 80","0.0",2,"Automóvil,Pickup/Utilitario"," ",3,1,0,0,2,0,0,,"Ruta",80,"AROCENA","San Jerónimo","Asfalto","Natural","XV","Dentro","Rural","Ninguna","No existe","Recta","Bueno","Buena","Diurna","Otro","Frontal","S/D","Colisión","S/D","Vertical","Línea divisoria pintada","Sin restricción"
2016,3257,6/28/2016,"Martes",0,19:10:00,"Ruta Nacional 11","432.5",2,"Moto/Ciclomotor,Bicicleta"," ",3,2,1,0,0,0,0,,"Ruta",11,"DESVÍO ARIJÓN","San Jerónimo","Asfalto","Natural","XV","S/D","Rural","Ninguna","No existe","Recta","Bueno","Buena","Diurna","Buen Tiempo","S/D","Ciclista","Atropello","Ninguna","Faltante","Línea divisoria pintada","Sin restricción"
2016,3258,3/14/2016,"Lunes",0,5:45:00,"Ruta Provincial 1","162.0",2,"Pickup/Utilitario,Camión"," ",4,2,0,0,0,2,0,"-30.388207, -59.953133","Ruta",1,"COLONIA SAN JOSÉ","San Javier","Hormigón","Natural","XIV","Dentro","S/D","S/D","S/D","Recta","S/D","S/D","Nocturna","S/D","De alcance","S/D","Colisión","S/D","S/D","S/D","S/D"
2016,3259,6/19/2016,"Domingo",0,21:50:00,,"0.0",2,"Moto/Ciclomotor,Moto/Ciclomotor","S/D ",2,1,0,0,1,0,0,,"S/D",,"DESVÍO ARIJÓN","San Jerónimo","Asfalto","Natural","XV","Dentro","Urbana","Ninguna","No existe","Recta","Bueno","Reducida","Nocturna","Buen Tiempo","De alcance","S/D","Colisión","S/D","S/D","Cordón divisorio","Sin restricción"
2016,3260,6/17/2016,"Viernes",0,,"Ruta Provincial Brigadier E.López","96.0",2,"Automóvil,Automóvil"," ",5,1,1,0,3,0,0,,"Ruta","Brigadier E.López","AROCENA","San Jerónimo","Asfalto","Natural","XV","Dentro","Urbana","Ninguna","No existe","Recta","Bueno","Buena","Atardecer","Buen Tiempo","De alcance","S/D","Colisión","S/D","Horizontal","Línea divisoria pintada","Sin restricción"