"anio_acci","nro_acci","fecha","desc_dia","fecha_aprox","hora_aprox","desc_ruta","km","cant_participantes","desc_participante","calle_avenida_km","total","heridos_leves","heridos_graves","heridos_gravisimos","ilesos","fallecidos","sin_datos","posicion_XY","desc_tipo_via","desc_ruta_ori","desc_loc","desc_dpto","desc_tipo_calzada","desc_tipo_banquina","desc_unidad_regional","desc_lugar_calzada","desc_zona","desc_prioridad","desc_estado_semaforo","desc_lugar_via","desc_estado_via","desc_estado_visibilidad","desc_luminosidad","desc_estado_clima","desc_tipo_colision","desc_tipo_atropello","desc_tipo_hecho","desc_pres_calzada","desc_senializacion","desc_separacion_via","desc_restriccion"
2016,3261,6/22/2016,"Miercoles",0,7:40:00,"Ruta Provincial 1","42.0",1,"Pickup/Utilitario"," ",3,1,0,0,2,0,0,,"Ruta",1,"SANTA ROSA DE CALCHINES","Garay","Asfalto","Natural","VII","Dentro","Urbana","Ninguna","No existe","Recta","Bueno","Buena","Diurna","Buen Tiempo","Atropello animal","S/D","Colisión","S/D","Faltante","Ninguna","Sin restricción"
2016,3262,6/22/2016,"Miercoles",0,9:00:00,,"0.0",1,"Moto/Ciclomotor","Dr Romang Y Presidente B Rivadavia",1,1,0,0,0,0,0,,"Calle",,"HELVECIA","Garay","Arena","Natural","VII","Dentro","Urbana","Ninguna","No existe","Recta","Bueno","Buena","Diurna","Buen Tiempo","Atropello animal","S/D","Colisión","S/D","Faltante","Ninguna","Sin restricción"
2016,3263,6/1/2016,"Miercoles",0,13:30:00,"Ruta Provincial 1","0.0",2,"Moto/Ciclomotor,Otros","Maipu ",3,1,1,0,0,0,1,,"Ruta",1,"HELVECIA","Garay","Arena","Natural","VII","Dentro","Urbana","Ninguna","No existe","Recta","Bueno","Buena","Diurna","Buen Tiempo","S/D","S/D","Colisión","S/D","Faltante","Ninguna","Sin restricción"
2016,3264,6/9/2016,"Jueves",0,13:00:00,,"0.0",2,"Automóvil,Otros","Boulevard Dr Jose Galvez ",2,0,1,0,1,0,0,,"Calle",,"HELVECIA","Garay","Asfalto","Pavimento","VII","Dentro","Urbana","Ninguna","No existe","Recta","Bueno","Buena","Diurna","Buen Tiempo","S/D","S/D","Colisión","S/D","Faltante","Ninguna","Sin restricción"
2016,3265,6/11/2016,"Sabado",0,15:45:00,"Ruta Provincial 1","0.0",2,"Moto/Ciclomotor,Automóvil"," ",2,1,0,0,0,0,1,,"Ruta",1,"HELVECIA","Garay","Asfalto","Pavimento","VII","Dentro","Urbana","Ninguna","No existe","Recta","Bueno","Buena","Diurna","Buen Tiempo","S/D","S/D","Colisión","S/D","Faltante","Ninguna","Sin restricción"
2016,3266,6/19/2016,"Domingo",0,19:10:00,"Ruta Provincial 1","0.0",2,"Moto/Ciclomotor,Otros","Americo Vespucio ",3,2,0,0,1,0,0,,"Ruta",1,"HELVECIA","Garay","Asfalto","Natural","VII","Dentro","Urbana","Ninguna","No existe","Recta","Bueno","Buena","Diurna","Buen Tiempo","S/D","S/D","Colisión","S/D","Faltante","Ninguna","Sin restricción"
2016,3267,6/20/2016,"Lunes",0,22:00:00,,"0.0",2,"Peatón,Automóvil","Paseo Cristobal Colon ",2,1,0,0,1,0,0,,"Calle",,"HELVECIA","Garay","Asfalto","Pavimento","VII","Dentro","Urbana","Ninguna","No existe","Recta","Bueno","Buena","Nocturna","Buen Tiempo","S/D","Peatón","Atropello","S/D","Faltante","Ninguna","Sin restricción"
2016,3268,6/3/2016,"Viernes",0,18:20:00,,"0.0",2,"Automóvil,Bicicleta","Tucuman Y Av. Francia",2,1,0,0,1,0,0,,"Calle",,"ROSARIO","Rosario","Asfalto","No existe","II","Dentro","Urbana","Ninguna","No existe","Recta","S/D","Buena","Diurna","Buen Tiempo","S/D","Ciclista","Atropello","S/D","Faltante","Ninguna","Sin restricción"
2016,3269,6/5/2016,"Domingo",0,5:50:00,,"0.0",2,"Moto/Ciclomotor,Taxi/Remis","Santa Fe Y Ricchieri",2,1,0,0,1,0,0,,"Calle",,"ROSARIO","Rosario","S/D","No existe","II","Dentro","Urbana","Semáforo","Funciona","Recta","S/D","Buena","Amanecer","Buen Tiempo","S/D","S/D","Colisión","S/D","Horizontal","Ninguna","Sin restricción"
2016,3270,6/5/2016,"Domingo",0,11:20:00,,"0.0",2,"Automóvil,Automóvil","Urquiza Y Ricchieri",2,1,0,0,0,0,1,,"Calle",,"ROSARIO","Rosario","S/D","No existe","II","Dentro","Urbana","Ninguna","No existe","Recta","S/D","Buena","Diurna","Buen Tiempo","S/D","S/D","Colisión","S/D","Faltante","Ninguna","Sin restricción"
2016,3271,6/6/2016,"Lunes",0,17:20:00,,"0.0",2,"Automóvil,Moto/Ciclomotor","San Nicolas Y San Lorenzo",2,1,0,0,1,0,0,,"Calle",,"ROSARIO","Rosario","S/D","No existe","II","Dentro","Urbana","Ninguna","No existe","Recta","Bueno","Buena","Diurna","Buen Tiempo","S/D","S/D","Colisión","S/D","Faltante","Ninguna","Sin restricción"
2016,3272,6/13/2016,"Lunes",0,17:30:00,,"0.0",2,"Pickup/Utilitario,Moto/Ciclomotor","Tucuman Y Av. Francia",2,1,0,0,1,0,0,,"Calle",,"ROSARIO","Rosario","Asfalto","No existe","II","Dentro","Urbana","Ninguna","No existe","Recta","Bueno","Buena","Diurna","Buen Tiempo","S/D","S/D","Colisión","S/D","S/D","Ninguna","Sin restricción"
2016,3273,6/14/2016,"Martes",0,18:30:00,,"0.0",2,"Bicicleta,Automóvil","Salta Y Pueyrredon",2,1,0,0,1,0,0,,"Calle",,"ROSARIO","Rosario","Asfalto","No existe","II","Dentro","Urbana","Semáforo","Funciona","Recta","Bueno","Buena","Atardecer","Buen Tiempo","Frontal","Ciclista","Atropello","S/D","S/D","Ninguna","Sin restricción"
2016,3274,6/24/2016,"Viernes",0,10:55:00,,"0.0",2,"Peatón,Automóvil"," ",2,1,0,0,1,0,0,,"Calle",,"ROSARIO","Rosario","Asfalto","S/D","II","S/D","Urbana","S/D","S/D","Curva","Bueno","S/D","Diurna","S/D","S/D","Peatón","Atropello","S/D","S/D","S/D","S/D"
2016,3275,6/15/2016,"Miercoles",0,9:00:00,,"0.0",2,"Moto/Ciclomotor,Taxi/Remis","Catamarca Y Pueyrredon",2,1,0,0,1,0,0,,"Calle",,"ROSARIO","Rosario","Asfalto","No existe","II","Dentro","Urbana","Semáforo","Funciona","Recta","Bueno","Buena","Diurna","Buen Tiempo","De alcance","S/D","Colisión","S/D","S/D","Ninguna","Sin restricción"
2016,3276,6/16/2016,"Jueves",0,19:15:00,,"0.0",2,"Automóvil,Taxi/Remis","Rivadavia Y Av. Ovidio Lagos",2,1,0,0,1,0,0,,"Calle",,"ROSARIO","Rosario","Asfalto","No existe","II","Dentro","Urbana","Semáforo","Funciona","Recta","Bueno","Buena","Diurna","Buen Tiempo","S/D","S/D","Colisión","S/D","S/D","Ninguna","Sin restricción"
2016,3277,6/17/2016,"Viernes",0,14:45:00,,"0.0",2,"Bicicleta,Pickup/Utilitario","Santa Fe 2600",2,1,0,0,1,0,0,,"Calle",,"ROSARIO","Rosario","Asfalto","No existe","II","Dentro","Urbana","Ninguna","No existe","Recta","Bueno","Buena","Diurna","Buen Tiempo","S/D","Ciclista","Atropello","S/D","Faltante","Ninguna","Sin restricción"
2016,3278,6/21/2016,"Martes",0,12:10:00,,"0.0",2,"Automóvil,Pickup/Utilitario"," ",2,1,0,0,1,0,0,,"S/D",,"ROSARIO","Rosario","Asfalto","S/D","II","S/D","Urbana","S/D","S/D","Puente","Bueno","S/D","Diurna","S/D","S/D","S/D","Colisión","S/D","S/D","S/D","S/D"
2016,3279,6/16/2016,"Jueves",0,9:45:00,,"0.0",2,"Moto/Ciclomotor,Automóvil","Junin Y Av. Francia",2,1,0,0,1,0,0,,"Calle",,"ROSARIO","Rosario","Asfalto","S/D","II","S/D","Urbana","S/D","S/D","Intersección","S/D","S/D","Diurna","S/D","S/D","S/D","Colisión","S/D","S/D","S/D","S/D"
2016,3280,6/12/2016,"Domingo",0,3:00:00,,"0.0",2,"Automóvil,Automóvil","Junin Y Suiza",4,2,0,0,2,0,0,,"Calle",,"ROSARIO","Rosario","Asfalto","S/D","II","S/D","S/D","S/D","S/D","Intersección","S/D","S/D","Nocturna","S/D","S/D","S/D","Colisión","S/D","S/D","S/D","S/D"
2016,3281,6/18/2016,"Sabado",0,6:00:00,,"0.0",2,"Automóvil,Automóvil","Av. Ovidio Lagos Y Catamarca",2,1,0,0,1,0,0,,"Calle",,"ROSARIO","Rosario","Hormigón","No existe","II","Dentro","Urbana","Semáforo","Funciona","Recta","S/D","Buena","Amanecer","Buen Tiempo","S/D","S/D","Colisión","S/D","Horizontal","Ninguna","Sin restricción"
2016,3282,6/19/2016,"Domingo",0,8:20:00,,"0.0",1,"Automóvil","Ing.Thedy Bis Y Pje. Vertiz Bis",2,2,0,0,0,0,0,,"Calle",,"ROSARIO","Rosario","Asfalto","S/D","II","Dentro","Urbana","S/D","S/D","Intersección","S/D","S/D","Diurna","S/D","Contra objeto fijo","S/D","Colisión","S/D","S/D","S/D","S/D"
2016,3283,6/21/2016,"Martes",0,19:50:00,,"0.0",2,"Moto/Ciclomotor,Moto/Ciclomotor","Rodriguez 500",2,1,0,0,1,0,0,,"Calle",,"ROSARIO","Rosario","Asfalto","No existe","II","Dentro","Urbana","Ninguna","No existe","Recta","S/D","Buena","Diurna","Buen Tiempo","S/D","S/D","Colisión","S/D","Faltante","Ninguna","Sin restricción"
2016,3284,6/15/2016,"Miercoles",0,8:40:00,,"0.0",2,"Moto/Ciclomotor,Pickup/Utilitario","Av. Francia Y Av. Caseros Bis",2,1,0,0,0,0,1,,"Calle",,"ROSARIO","Rosario","Asfalto","S/D","II","Dentro","Urbana","S/D","S/D","Intersección","S/D","S/D","Diurna","S/D","S/D","S/D","Colisión","S/D","S/D","S/D","S/D"
2016,3285,6/22/2016,"Miercoles",0,15:45:00,,"0.0",2,"Moto/Ciclomotor,Automóvil","Rodriguez Y Guemes",2,1,0,0,1,0,0,,"Calle",,"ROSARIO","Rosario","S/D","No existe","II","Dentro","Urbana","Ninguna","No existe","Recta","S/D","Buena","Diurna","Buen Tiempo","S/D","S/D","Colisión","S/D","Faltante","Ninguna","Sin restricción"
2016,3286,6/29/2016,"Miercoles",0,17:00:00,,"0.0",2,"Moto/Ciclomotor,Automóvil","Tucuman Y Lavalle",2,1,0,0,1,0,0,,"Calle",,"ROSARIO","Rosario","S/D","No existe","II","Dentro","Urbana","Ninguna","No existe","Recta","S/D","Buena","Diurna","Buen Tiempo","S/D","S/D","Colisión","S/D","Faltante","Ninguna","Sin restricción"
2016,3287,6/13/2016,"Lunes",0,10:00:00,,"0.0",2,"Moto/Ciclomotor,Automóvil","Albert Sabin Y Velez Sarsfield",3,1,0,0,0,0,2,,"Calle",,"ROSARIO","Rosario","Asfalto","S/D","II","Dentro","Urbana","S/D","S/D","Intersección","S/D","S/D","Diurna","S/D","S/D","S/D","Inmersión","S/D","S/D","S/D","S/D"
2016,3288,6/17/2016,"Viernes",0,12:30:00,,"0.0",2,"Bicicleta,Transporte de Pasajeros Urbano (> 8 asientos)"," ",2,1,0,0,0,0,1,,"Calle",,"ROSARIO","Rosario","Asfalto","S/D","II","S/D","S/D","S/D","S/D","Intersección","S/D","S/D","Diurna","S/D","S/D","Ciclista","Atropello","S/D","S/D","S/D","S/D"
2016,3289,6/15/2016,"Miercoles",0,20:15:00,,"0.0",2,"Automóvil,Automóvil","Bartolome Mitre gral Y Galvez",4,2,0,0,2,0,0,,"Calle",,"ARROYO SECO","Rosario","Asfalto","S/D","II","Dentro","Urbana","Ninguna","S/D","Intersección","Bueno","S/D","Diurna","Buen Tiempo","Lateral","S/D","Colisión","S/D","Faltante","Ninguna","Sin restricción"
2016,3290,6/6/2016,"Lunes",0,8:50:00,,"0.0",2,"Pickup/Utilitario,Peatón","San Sebastian 1900",2,1,0,0,1,0,0,,"Calle",,"FUNES","Rosario","Asfalto","No existe","II","Dentro","Urbana","S/D","No existe","Recta","Bueno","Reducida","Diurna","Niebla","Lateral","Peatón","Atropello","S/D","Faltante","Ninguna","Sin restricción"
2016,3291,6/1/2016,"Miercoles",0,13:30:00,,"0.0",1,"Transporte de Pasajeros Urbano (> 8 asientos)","Humberto I Y Alberdi",1,1,0,0,0,0,0,,"Calle",,"ROSARIO","Rosario","Asfalto","S/D","II","Dentro","Urbana","S/D","S/D","Intersección","S/D","S/D","Diurna","S/D","S/D","S/D","S/D","S/D","S/D","S/D","S/D"
2016,3292,6/1/2016,"Miercoles",1,,,"0.0",2,"Moto/Ciclomotor,Automóvil"," ",2,1,0,0,1,0,0,,"Avenida",,"ROSARIO","Rosario","Asfalto","S/D","II","S/D","Urbana","S/D","S/D","Intersección","S/D","S/D","S/D","S/D","S/D","S/D","Colisión","S/D","S/D","S/D","S/D"
2016,3293,6/21/2016,"Martes",0,7:45:00,,"0.0",2,"Moto/Ciclomotor,Bicicleta","Jorge Newbery ",2,1,0,0,1,0,0,,"Calle",,"FUNES","Rosario","Asfalto","No existe","II","Dentro","Urbana","S/D","No existe","Recta","Bueno","Buena","Diurna","Buen Tiempo","De alcance","Ciclista","Atropello","S/D","Horizontal","S/D","Sin restricción"
2016,3294,6/6/2016,"Lunes",0,10:50:00,,"0.0",2,"Automóvil,Automóvil","Junin 1600",3,2,0,0,0,0,1,,"Calle",,"ROSARIO","Rosario","Asfalto","S/D","II","Dentro","Urbana","S/D","S/D","Recta","S/D","S/D","Diurna","S/D","S/D","S/D","Colisión","S/D","S/D","S/D","S/D"
2016,3295,6/27/2016,"Lunes",0,18:30:00,,"0.0",2,"Automóvil,Peatón","INDEPENDENCIA 1400",2,1,0,0,1,0,0,,"Calle",,"FUNES","Rosario","Asfalto","No existe","II","Dentro","Urbana","Ninguna","No existe","Recta","Bueno","Reducida","Nocturna","Lluvia","S/D","Peatón","Atropello","Agua","Faltante","Ninguna","Sin restricción"
2016,3296,6/6/2016,"Lunes",0,12:00:00,,"0.0",2,"Automóvil,Cuatriciclo","Av. Luis Carballo Y Bv. Avellaneda",3,1,0,0,0,0,2,,"Avenida",,"ROSARIO","Rosario","Asfalto","S/D","II","Dentro","Urbana","S/D","S/D","Intersección","S/D","S/D","Diurna","S/D","S/D","S/D","Colisión","S/D","S/D","S/D","S/D"
2016,3297,6/14/2016,"Martes",0,20:10:00,,"0.0",2,"Moto/Ciclomotor,Moto/Ciclomotor"," ",2,2,0,0,0,0,0,,"Calle",,"GATO COLORADO","9 de Julio","Ripio","No existe","XII","S/D","Urbana","Ninguna","No existe","Intersección","Bueno","Reducida","Nocturna","Buen Tiempo","Lateral","S/D","Colisión","S/D","Faltante","Ninguna","Sin restricción"
2016,3298,6/12/2016,"Domingo",0,12:50:00,,"0.0",2,"Automóvil,Moto/Ciclomotor","Urquiza Y Jorge Newbery",2,1,0,0,1,0,0,,"Calle",,"FUNES","Rosario","Asfalto","Natural","II","Dentro","Urbana","Ninguna","No existe","Recta","Bueno","Buena","Diurna","Buen Tiempo","De alcance","S/D","Colisión","S/D","S/D","S/D","Sin restricción"
2016,3299,6/24/2016,"Viernes",0,10:30:00,"Ruta Provincial 2","280.0",2,"Camión,Camión"," ",2,1,0,0,1,0,0,,"Ruta",2,"ESTEBAN RAMS","9 de Julio","Asfalto","Natural","XII","Dentro","Rural","Ninguna","No existe","Recta","Con baches","Buena","Diurna","Buen Tiempo","De alcance","S/D","Colisión","S/D","Faltante","Ninguna","Sin restricción"
2016,3300,6/13/2016,"Lunes",0,8:45:00,,"0.0",2,"Pickup/Utilitario,Moto/Ciclomotor","Gorriti Y Barra",2,0,0,0,0,0,2,,"Calle",,"ROSARIO","Rosario","Asfalto","No existe","II","Dentro","Urbana","S/D","No existe","Intersección","S/D","Buena","Diurna","S/D","De alcance","S/D","Colisión","S/D","Faltante","S/D","S/D"
2016,3301,6/23/2016,"Jueves",0,,,"0.0",2,"Automóvil,Pickup/Utilitario","Junin Y Tte.Agneta",2,1,0,0,0,0,1,,"Calle",,"ROSARIO","Rosario","Asfalto","Pavimento","II","Dentro","Urbana","Ninguna","Funciona","Intersección","Bueno","Buena","Diurna","Buen Tiempo","Lateral","S/D","Colisión","S/D","S/D","Línea divisoria pintada","Accidente Previo"
2016,3302,6/5/2016,"Domingo",0,8:00:00,,"0.0",2,"Moto/Ciclomotor,Pickup/Utilitario","Av Eduardo Minetti Y Manuel Belgrano",2,1,0,0,1,0,0,,"Avenida",,"VILLA MINETTI","9 de Julio","Asfalto","No existe","XII","Dentro","Urbana","Otra Señal","No existe","Intersección","Bueno","Buena","Diurna","Buen Tiempo","Lateral","S/D","Colisión","S/D","S/D","Cordón divisorio","Sin restricción"
2016,3303,6/18/2016,"Sabado",0,0:15:00,,"0.0",2,"Peatón,Moto/Ciclomotor","Pje. 1754 2000",2,1,0,0,1,0,0,,"Calle",,"ROSARIO","Rosario","Asfalto","No existe","II","Dentro","Urbana","Ninguna","No existe","S/D","Bueno","Reducida","Nocturna","Buen Tiempo","S/D","Peatón","Atropello","S/D","Faltante","S/D","Sin restricción"
2016,3304,6/13/2016,"Lunes",0,16:20:00,"Ruta Secundaria 294-s","0.0",2,"Moto/Ciclomotor,Moto/Ciclomotor"," ",2,2,0,0,0,0,0,,"Ruta","294-s","GREGORIA P. DE DENIS","9 de Julio","Asfalto","Natural","XII","Dentro","Rural","S/D","No existe","Recta","Con baches","Buena","Diurna","Buen Tiempo","Lateral","S/D","Colisión","Ninguna","Faltante","Vegetación","Sin restricción"
2016,3305,6/3/2016,"Viernes",0,19:45:00,,"0.0",2,"Automóvil,Moto/Ciclomotor","Av Gral San Martin ",3,2,0,0,1,0,0,,"Avenida",,"GREGORIA P. DE DENIS","9 de Julio","Ripio","No existe","XII","Dentro","Urbana","Ninguna","No existe","Recta","Bueno","Reducida","Atardecer,Con luz artificial","Buen Tiempo","Lateral","S/D","Colisión","Ninguna","Faltante","Ninguna","Sin restricción"
2016,3306,6/13/2016,"Lunes",0,4:15:00,,"0.0",2,"Automóvil,Otros","Av. Circunvalacion Y Av. Pellegrini",2,0,0,0,0,1,1,"-32.948921, -60.722030","Calle",,"ROSARIO","Rosario","Asfalto","Pavimento","II","Dentro","Urbana","Ninguna","No existe","S/D","Bueno","Buena","Nocturna","Buen Tiempo","Frontal","S/D","Colisión","S/D","Faltante","S/D","Sin restricción"
2016,3307,6/7/2016,"Martes",0,9:15:00,"Ruta Provincial 18","6.0",2,"Moto/Ciclomotor,Pickup/Utilitario"," ",4,1,0,0,3,0,0,,"Ruta",18,"PIÑERO","Rosario","Asfalto","Natural","II","Dentro","Urbana","Ninguna","No existe","Recta","Bueno","Buena","Diurna","Buen Tiempo","Frontal","S/D","Colisión","S/D","Faltante","Línea divisoria pintada","Sin restricción"
2016,3308,6/16/2016,"Jueves",0,6:15:00,"Ruta Provincial 18","4.0",2,"Moto/Ciclomotor,Camión"," ",2,1,0,0,1,0,0,,"Ruta",18,"PIÑERO","Rosario","Asfalto","Natural","II","Dentro","Urbana","Ninguna","No existe","Recta","Bueno","Buena","Amanecer","Niebla","Frontal","S/D","Colisión","S/D","Faltante","Línea divisoria pintada","Sin restricción"
2016,3309,6/20/2016,"Lunes",0,12:00:00,"Ruta Nacional A012","0.0",2,"Automóvil,Automóvil"," ",4,1,0,0,3,0,0,,"Ruta","A012","PIÑERO","Rosario","Asfalto","Natural","II","Dentro","Urbana","Señal Pare","No existe","Cruce","Bueno","Buena","Diurna","Buen Tiempo","Frontal","S/D","Colisión","S/D","Vertical","Línea divisoria pintada","Sin restricción"
2016,3310,6/2/2016,"Jueves",0,7:35:00,,"0.0",2,"Automóvil,Otros","Brown 446",2,1,0,0,0,0,1,,"Calle",,"ÁLVAREZ","Rosario","Tierra","S/D","II","Dentro","Urbana","Ninguna","No existe","Recta","Deteriorada","Reducida","Amanecer","Buen Tiempo","Lateral","S/D","Colisión","Ninguna","Faltante","Ninguna","Sin restricción"
2016,3311,6/25/2016,"Sabado",0,3:00:00,,"0.0",2,"Automóvil,Automóvil","ALBERDI  1100",2,1,0,0,1,0,0,,"S/D",,"PUEBLO ESTHER","Rosario","Asfalto","No existe","II","S/D","S/D","Ninguna","No existe","Recta","S/D","S/D","Nocturna","S/D","Lateral","S/D","Colisión","S/D","Faltante","Cordón divisorio","Sin restricción"
2016,3312,6/26/2016,"Domingo",0,20:00:00,,"0.0",2,"Automóvil,Moto/Ciclomotor","VESPUCIO Y 3 DE FEBRERO",2,1,0,0,1,0,0,,"S/D",,"PUEBLO ESTHER","Rosario","Asfalto","No existe","II","S/D","S/D","Ninguna","No existe","Recta","Bueno","Buena","Nocturna","S/D","Lateral","S/D","Colisión","S/D","Faltante","Ninguna","Sin restricción"
2016,3313,6/23/2016,"Jueves",0,7:25:00,"Ruta Provincial 21","14.0",3,"Pickup/Utilitario,Camión,Otros"," ",4,2,0,0,2,0,0,,"Ruta",21,"GENERAL LAGOS","Rosario","Asfalto","Natural","II","S/D","Urbana","Ninguna","No existe","Recta","Bueno","Buena","Diurna","Buen Tiempo","Lateral","S/D","Colisión","S/D","Faltante","Ninguna","Sin restricción"
2016,3314,6/3/2016,"Viernes",0,7:50:00,"Ruta Nacional A012","3.0",2,"Camión,Camión"," ",2,1,0,0,1,0,0,,"Ruta","A012","ALVEAR","Rosario","Asfalto","Natural","II","Dentro","Rural","Ninguna","No existe","Recta","Con baches","Buena","Amanecer","Buen Tiempo","Lateral","S/D","Colisión","S/D","S/D","Ninguna","S/D"
2016,3315,6/3/2016,"Viernes",0,18:00:00,"Ruta Provincial 21","0.0",2,"Moto/Ciclomotor,Automóvil"," ",2,1,0,0,0,0,1,,"Ruta",21,"ALVEAR","Rosario","Asfalto","Natural","II","S/D","S/D","Ninguna","Funciona","Recta","Bueno","Buena","Atardecer","Buen Tiempo","Lateral","S/D","Colisión","S/D","S/D","Cordón divisorio","S/D"
2016,3316,3/15/2016,"Martes",0,10:30:00,,"0.0",2,"Moto/Ciclomotor,Moto/Ciclomotor","Manuel Belgrano Y Tucuman",2,0,0,0,1,1,0,"-31.734636, -61.093427","Calle",,"SAN CARLOS CENTRO","Las Colonias","Hormigón","No existe","XI","Dentro","Urbana","Ninguna","S/D","Intersección","Bueno","S/D","Diurna","Buen Tiempo","Lateral","S/D","Colisión","Ninguna","S/D","Ninguna","Sin restricción"
2016,3317,3/14/2016,"Lunes",0,23:00:00,"Ruta Provincial 6","0.0",1,"Moto/Ciclomotor","RP 6 Y AV LOS COLONIZADORES 186 ",1,0,0,0,0,1,0,"-31.453327, -60.911925","Ruta",6,"ESPERANZA","Las Colonias","Hormigón","S/D","XI","Dentro","Urbana","S/D","S/D","Cruce","S/D","S/D","Nocturna","S/D","Contra objeto fijo","S/D","Colisión","S/D","Horizontal,Vertical","S/D","S/D"
2016,3318,3/31/2016,"Jueves",0,21:00:00,,"0.0",2,"Moto/Ciclomotor,Automóvil","Campbell Y Rio Negro",2,0,0,0,1,1,0,"-32.942370, -60.707884","Calle",,"ROSARIO","Rosario","Hormigón","S/D","II","Dentro","Urbana","S/D","S/D","Intersección","S/D","S/D","Nocturna","S/D","Lateral","S/D","Colisión","S/D","S/D","S/D","S/D"
2016,3319,6/9/2016,"Jueves",0,7:30:00,,"0.0",2,"Moto/Ciclomotor,Automóvil"," ",2,1,0,0,1,0,0,,"Calle",,"VILLA GOBERNADOR GÁLVEZ","Rosario","Asfalto","No existe","II","Dentro","Urbana","Ninguna","No existe","Intersección","Deteriorada","Buena","Amanecer","Buen Tiempo","S/D","S/D","Colisión","Material Suelto","Faltante","Ninguna","Sin restricción"
2016,3320,6/5/2016,"Domingo",0,9:20:00,,"0.0",2,"Automóvil,Automóvil","Av Gral San Martin Y Av Peñaloza",2,1,0,0,1,0,0,,"Calle",,"VILLA GOBERNADOR GÁLVEZ","Rosario","S/D","No existe","II","Dentro","Urbana","Ninguna","No existe","Intersección","Con baches","Buena","Diurna","Buen Tiempo","Lateral","S/D","Colisión","S/D","Faltante","Ninguna","Sin restricción"
2016,3321,5/5/2016,"Jueves",0,4:12:00,,"0.0",2,"Automóvil,Automóvil","Av Gral San Martin Y Chubut",2,1,0,0,1,0,0,,"Calle",,"VILLA GOBERNADOR GÁLVEZ","Rosario","Asfalto","No existe","II","Dentro","Urbana","Ninguna","No funciona","Intersección","S/D","Reducida","Nocturna,Con luz artificial","Buen Tiempo","Lateral","S/D","Colisión","Material Suelto","Faltante","Ninguna","Obra en Construcción"
2016,3322,6/7/2016,"Martes",0,8:30:00,,"0.0",2,"Automóvil,Moto/Ciclomotor","J A Roca 600",2,1,0,0,1,0,0,,"Calle",,"VILLA GOBERNADOR GÁLVEZ","Rosario","Asfalto","No existe","II","Dentro","Urbana","Ninguna","No existe","Recta","Bueno","Buena","Diurna","Buen Tiempo","Lateral","S/D","Colisión","S/D","Faltante","Ninguna","Sin restricción"
2016,3323,6/8/2016,"Miercoles",0,20:30:00,,"0.0",2,"Automóvil,Moto/Ciclomotor","Garay Y Eva Peron",2,1,0,0,1,0,0,,"Calle",,"VILLA GOBERNADOR GÁLVEZ","Rosario","Asfalto","No existe","II","Dentro","Urbana","Ninguna","No existe","Intersección","Con baches","Reducida","Nocturna,Con luz artificial","Buen Tiempo","Lateral","S/D","Colisión","Agua","Faltante","Ninguna","Sin restricción"
2016,3324,6/9/2016,"Jueves",0,20:50:00,,"0.0",2,"Moto/Ciclomotor,Automóvil","Espora 679",2,1,0,0,1,0,0,,"Calle",,"VILLA GOBERNADOR GÁLVEZ","Rosario","Asfalto","No existe","II","Dentro","Urbana","Ninguna","No existe","Recta","Con baches","Reducida","Nocturna","Buen Tiempo","De alcance","S/D","Colisión","S/D","Faltante","Ninguna","Sin restricción"
2016,3325,6/10/2016,"Viernes",0,13:45:00,,"0.0",1,"Moto/Ciclomotor","Av Gral San Martin Y Balcarce",1,1,0,0,0,0,0,,"Calle",,"VILLA GOBERNADOR GÁLVEZ","Rosario","Asfalto","No existe","II","Dentro","Urbana","Ninguna","No existe","Intersección","Bueno","Buena","Diurna","Buen Tiempo","Atropello animal","S/D","Colisión","S/D","Faltante","Ninguna","Sin restricción"
2016,3326,6/10/2016,"Viernes",0,14:00:00,,"0.0",2,"Moto/Ciclomotor,Automóvil","Av Gral San Martin ",2,1,0,0,1,0,0,,"Calle",,"VILLA GOBERNADOR GÁLVEZ","Rosario","Asfalto","No existe","II","Dentro","Urbana","Ninguna","No existe","Intersección","Con baches","Buena","Diurna","Buen Tiempo","Lateral","S/D","Colisión","Material Suelto","Faltante","Ninguna","Sin restricción"
2016,3327,6/2/2016,"Jueves",0,23:30:00,,"0.0",2,"Automóvil,Moto/Ciclomotor","J F Kennedy Y Saavedra",2,1,0,0,1,0,0,,"Calle",,"VILLA GOBERNADOR GÁLVEZ","Rosario","Asfalto","No existe","II","Dentro","Urbana","Ninguna","No existe","Intersección","Deteriorada","Reducida","Nocturna","Buen Tiempo","Lateral","S/D","Colisión","S/D","Faltante","Ninguna","Sin restricción"
2016,3328,6/12/2016,"Domingo",0,17:40:00,,"0.0",2,"Automóvil,Automóvil","ROTONDA PARQUE SUR ",2,1,1,0,0,0,0,,"Calle",,"VILLA GOBERNADOR GÁLVEZ","Rosario","Asfalto","No existe","II","Dentro","Urbana","Ninguna","No existe","Rotonda","Bueno","Buena","Atardecer","Buen Tiempo","De alcance","S/D","Colisión","S/D","Faltante","Ninguna","Sin restricción"
2016,3329,6/16/2016,"Jueves",0,12:00:00,,"0.0",2,"Moto/Ciclomotor,Automóvil","Av Gral San Martin Y I A Edison",2,1,0,0,1,0,0,,"Calle",,"VILLA GOBERNADOR GÁLVEZ","Rosario","Asfalto","No existe","II","Dentro","Urbana","Ninguna","No existe","Intersección","Bueno","Buena","Diurna","Buen Tiempo","Lateral","S/D","Colisión","S/D","Faltante","Ninguna","Sin restricción"