"anio_acci","nro_acci","fecha","desc_dia","fecha_aprox","hora_aprox","desc_ruta","km","cant_participantes","desc_participante","calle_avenida_km","total","heridos_leves","heridos_graves","heridos_gravisimos","ilesos","fallecidos","sin_datos","posicion_XY","desc_tipo_via","desc_ruta_ori","desc_loc","desc_dpto","desc_tipo_calzada","desc_tipo_banquina","desc_unidad_regional","desc_lugar_calzada","desc_zona","desc_prioridad","desc_estado_semaforo","desc_lugar_via","desc_estado_via","desc_estado_visibilidad","desc_luminosidad","desc_estado_clima","desc_tipo_colision","desc_tipo_atropello","desc_tipo_hecho","desc_pres_calzada","desc_senializacion","desc_separacion_via","desc_restriccion"
2016,3330,6/17/2016,"Viernes",0,18:00:00,,"0.0",2,"Moto/Ciclomotor,Automóvil","Av Gral San Martin Y Esperanza",2,1,0,0,1,0,0,,"Calle",,"VILLA GOBERNADOR GÁLVEZ","Rosario","Asfalto","No existe","II","Dentro","Urbana","Ninguna","No funciona","Intersección","Con baches","Reducida","Atardecer","Buen Tiempo","Lateral","S/D","Colisión","Agua","Faltante","Ninguna","Sin restricción"
2016,3331,6/18/2016,"Sabado",0,17:30:00,,"0.0",2,"Moto/Ciclomotor,Moto/Ciclomotor","Espora Y 20 de Junio",2,1,0,0,1,0,0,,"Calle",,"VILLA GOBERNADOR GÁLVEZ","Rosario","Asfalto","No existe","II","Dentro","Urbana","Ninguna","S/D","Intersección","Bueno","Buena","Atardecer","Buen Tiempo","Lateral","S/D","Colisión","S/D","Faltante","Ninguna","Sin restricción"
2016,3332,6/18/2016,"Sabado",0,20:40:00,,"0.0",2,"Moto/Ciclomotor,Pickup/Utilitario","San Jeronimo Y Estanislao Zeballos",2,1,0,0,1,0,0,,"Calle",,"SANTA FE","La Capital","Hormigón","No existe","I","Dentro","Urbana","Ninguna","No existe","Intersección","Bueno","S/D","Nocturna,Con luz artificial","Buen Tiempo","Lateral","S/D","Colisión","Ninguna","Faltante","Ninguna","Sin restricción"
2016,3333,6/19/2016,"Domingo",0,16:30:00,,"0.0",3,"Moto/Ciclomotor,Peatón,Peatón","Av A del Valle Y Salvador del Carril",3,1,0,0,2,0,0,,"Avenida",,"SANTA FE","La Capital","Hormigón","No existe","I","Dentro","Urbana","Semáforo","Funciona","Intersección","Con baches","Buena","Diurna","Buen Tiempo","S/D","Peatón","Atropello","Ninguna","Vertical","Línea divisoria pintada","Sin restricción"
2016,3334,6/20/2016,"Lunes",0,14:20:00,,"0.0",2,"Automóvil,Automóvil","9 de Julio Y Vieytes",5,1,0,0,4,0,0,,"Calle",,"SANTA FE","La Capital","Asfalto","No existe","I","Dentro","Urbana","Ninguna","No existe","Intersección","Con baches","Buena","Diurna","Buen Tiempo","Lateral","S/D","Colisión","Ninguna","Vertical","Ninguna","Sin restricción"
2016,3335,6/23/2016,"Jueves",0,13:50:00,,"0.0",2,"Moto/Ciclomotor,Transporte Escolar","Jujuy Y J M Estrada",2,1,0,0,1,0,0,,"Calle",,"VILLA GOBERNADOR GÁLVEZ","Rosario","Asfalto","No existe","II","Dentro","Urbana","Ninguna","No existe","Intersección","Deteriorada","Buena","Diurna","Buen Tiempo","Lateral","S/D","Colisión","S/D","Faltante","Ninguna","Sin restricción"
2016,3336,6/26/2016,"Domingo",0,13:50:00,,"0.0",2,"Automóvil,Automóvil","Av Juan Domingo Peron Y Av Gral San Martin",2,1,0,0,1,0,0,,"Calle",,"VILLA GOBERNADOR GÁLVEZ","Rosario","Asfalto","No existe","II","Dentro","Urbana","Ninguna","No existe","Intersección","Bueno","Buena","Diurna","Buen Tiempo","Lateral","S/D","Colisión","S/D","Faltante","Ninguna","Sin restricción"
2016,3337,6/21/2016,"Martes",0,19:00:00,,"0.0",2,"Moto/Ciclomotor,Moto/Ciclomotor","J Castelli Y San Martin",2,1,0,0,1,0,0,,"Calle",,"SANTA FE","La Capital","Hormigón","No existe","I","Dentro","Urbana","Ninguna","No existe","Otro","Bueno","Buena","Nocturna,Con luz artificial","Buen Tiempo","Otro","S/D","Colisión","Ninguna","Vertical","Ninguna","Sin restricción"
2016,3338,6/21/2016,"Martes",0,20:00:00,,"0.0",2,"Moto/Ciclomotor,Pickup/Utilitario","9 de Julio Y Vieytes",2,1,0,0,1,0,0,,"Calle",,"SANTA FE","La Capital","Asfalto","No existe","I","Dentro","Urbana","Ninguna","No existe","Intersección","Bueno","Buena","Nocturna,Con luz artificial","Buen Tiempo","Lateral","S/D","Colisión","Ninguna","Vertical","Ninguna","Sin restricción"
2016,3339,6/17/2016,"Viernes",0,22:00:00,,"0.0",2,"Moto/Ciclomotor,Automóvil","Av A del Valle Y Martin Zapata",4,1,0,0,3,0,0,,"Calle",,"SANTA FE","La Capital","Hormigón","No existe","I","Dentro","Urbana","Ninguna","No existe","Intersección","Bueno","Buena","Nocturna,Con luz artificial","Buen Tiempo","Lateral","S/D","Colisión","S/D","Faltante","Ninguna","Sin restricción"
2016,3340,6/22/2016,"Miercoles",0,17:40:00,,"0.0",2,"Moto/Ciclomotor,Automóvil","Juan Del Campillo Y San Jeronimo",2,1,0,0,1,0,0,,"Calle",,"SANTA FE","La Capital","Hormigón","No existe","I","Dentro","Urbana","Ninguna","No existe","Intersección","Bueno","Buena","Atardecer,Con luz artificial","Buen Tiempo","Lateral","S/D","Colisión","Ninguna","Vertical","Línea divisoria pintada","Sin restricción"
2016,3341,6/23/2016,"Jueves",0,19:00:00,,"0.0",2,"Bicicleta,Automóvil","Av Santa Fe Y Gorostiaga",2,1,0,0,1,0,0,,"Avenida",,"SANTA FE","La Capital","Hormigón","No existe","I","Dentro","Urbana","Semáforo","Funciona","Recta","Bueno","Buena","Nocturna,Con luz artificial","Buen Tiempo","S/D","Ciclista","Atropello","Ninguna","Vertical","Línea divisoria pintada","S/D"
2016,3342,6/24/2016,"Viernes",0,22:00:00,,"0.0",2,"Automóvil,Peatón","9 de Julio Y Padilla",2,1,0,0,1,0,0,,"Calle",,"SANTA FE","La Capital","Hormigón","No existe","I","Dentro","Urbana","Ninguna","No existe","Intersección","Con baches","Buena","Nocturna,Con luz artificial","Buen Tiempo","Otro","Peatón","Atropello","Ninguna","Vertical","Ninguna","Sin restricción"
2016,3343,6/24/2016,"Viernes",0,23:50:00,,"0.0",2,"Moto/Ciclomotor,Automóvil","J M Zuviria Y Pedro Ferre",2,1,0,0,1,0,0,,"Avenida",,"SANTA FE","La Capital","Hormigón","No existe","II","Dentro","Urbana","Semáforo","Funciona","Intersección","Bueno","Buena","Nocturna","Buen Tiempo","Lateral","S/D","Colisión","Ninguna","Vertical","Línea divisoria pintada","Sin restricción"
2016,3344,6/22/2016,"Miercoles",0,10:15:00,,"0.0",2,"Moto/Ciclomotor,Automóvil","Amenabar Y San Juan",2,1,0,0,1,0,0,,"Calle",,"SANTA FE","La Capital","Asfalto","No existe","I","Dentro","Urbana","Ninguna","No existe","Intersección","Con baches","Buena","Diurna","Buen Tiempo","De alcance","S/D","Colisión","S/D","Faltante","Ninguna","Sin restricción"
2016,3345,6/25/2016,"Sabado",0,10:40:00,,"0.0",2,"Pickup/Utilitario,Moto/Ciclomotor","Av Facundo Zuviria Y Iturraspe",2,1,0,0,1,0,0,,"Avenida",,"SANTA FE","La Capital","Hormigón","No existe","I","Dentro","Urbana","Semáforo","Funciona","Intersección","Bueno","Buena","Diurna","Buen Tiempo","Lateral","S/D","Colisión","Ninguna","Vertical","Línea divisoria pintada","Sin restricción"
2016,3346,6/25/2016,"Sabado",0,12:00:00,,"0.0",2,"Moto/Ciclomotor,Peatón","Av A del Valle Y Boneo",2,1,0,0,1,0,0,,"Avenida",,"SANTA FE","La Capital","Asfalto,Hormigón","No existe","I","Dentro","Urbana","Ninguna","No existe","Intersección","Bueno","Buena","Diurna","Buen Tiempo","S/D","Peatón","Atropello","Ninguna","Faltante","Ninguna","Sin restricción"
2016,3347,6/27/2016,"Lunes",0,18:15:00,,"0.0",2,"Moto/Ciclomotor,Pickup/Utilitario","Domingo Silva Y San Martin",2,1,0,0,1,0,0,,"Calle",,"SANTA FE","La Capital","Hormigón","No existe","I","Dentro","Urbana","Otra Señal","No existe","Intersección","Bueno","Buena","Atardecer,Con luz artificial","Buen Tiempo","Lateral","S/D","Colisión","Ninguna","Faltante","Ninguna","Sin restricción"
2016,3348,6/28/2016,"Martes",0,10:40:00,,"0.0",2,"Moto/Ciclomotor,Automóvil","Iturraspe Y San Jeronimo",2,1,0,0,1,0,0,,"Calle",,"SANTA FE","La Capital","Hormigón","No existe","I","Dentro","Urbana","Ninguna","No existe","Intersección","Bueno","Buena","Diurna","Buen Tiempo","Lateral","S/D","Colisión","Ninguna","Faltante","Línea divisoria pintada","Sin restricción"
2016,3349,6/21/2016,"Martes",0,19:20:00,,"0.0",2,"Moto/Ciclomotor,Moto/Ciclomotor","Pje Olegario Victor Andrade Y Dr Zavalla",2,1,0,0,1,0,0,,"Calle",,"SANTA FE","La Capital","Asfalto","No existe","I","Dentro","Urbana","Ninguna","No existe","Intersección","Con baches","Buena","Diurna","Buen Tiempo","Lateral","S/D","Colisión","S/D","Faltante","Ninguna","Sin restricción"
2016,3350,6/21/2016,"Martes",0,17:45:00,,"0.0",2,"Moto/Ciclomotor,Pickup/Utilitario","3 de Febrero Y Pje Esteban Echeverria",2,1,0,0,1,0,0,,"Calle",,"SANTA FE","La Capital","Asfalto","No existe","I","Dentro","Urbana","Ninguna","No existe","Intersección","Con baches","Buena","Diurna","Buen Tiempo","Lateral","S/D","Colisión","S/D","Faltante","Ninguna","Sin restricción"
2016,3351,6/18/2016,"Sabado",0,12:30:00,,"0.0",2,"Moto/Ciclomotor,Automóvil","Av Gral Lopez Y San Lorenzo",2,1,0,0,1,0,0,,"Calle",,"SANTA FE","La Capital","Asfalto","No existe","I","Dentro","Urbana","Ninguna","No existe","Intersección","Bueno","Buena","Diurna","Buen Tiempo","Lateral","S/D","Colisión","S/D","Faltante","Ninguna","Sin restricción"
2016,3352,6/15/2016,"Miercoles",0,17:25:00,,"0.0",2,"Automóvil,Automóvil","Av Gral Lopez Y San Lorenzo",3,2,0,0,1,0,0,,"Calle",,"SANTA FE","La Capital","Asfalto","No existe","I","Dentro","Urbana","Ninguna","No existe","Intersección","Bueno","Buena","Diurna","Buen Tiempo","Lateral","S/D","Colisión","S/D","Faltante","Ninguna","Sin restricción"
2016,3353,6/12/2016,"Domingo",0,23:30:00,,"0.0",2,"Moto/Ciclomotor,Automóvil"," ",2,1,0,0,1,0,0,,"Calle",,"SANTA FE","La Capital","Asfalto","Pavimento","I","Dentro","Urbana","Ninguna","No existe","Curva","Bueno","Buena","Nocturna","Buen Tiempo","Lateral","S/D","Colisión","S/D","Faltante","Cordón divisorio","Sin restricción"
2016,3354,6/11/2016,"Sabado",0,12:00:00,,"0.0",2,"Moto/Ciclomotor,Automóvil","Dr Zavalla Y J J Paso",2,1,0,0,1,0,0,,"Calle",,"SANTA FE","La Capital","Asfalto","No existe","I","Dentro","Urbana","Ninguna","No existe","Intersección","Con baches","Buena","Diurna","Buen Tiempo","Lateral","S/D","Colisión","S/D","Vertical","Cordón divisorio","Sin restricción"
2016,3355,6/9/2016,"Jueves",0,10:45:00,,"0.0",2,"Automóvil,Moto/Ciclomotor","Entre Rios Y Francia",2,1,0,0,1,0,0,,"Calle",,"SANTA FE","La Capital","Asfalto","No existe","I","Dentro","Urbana","Ninguna","No existe","Intersección","Bueno","Buena","Diurna","Buen Tiempo","Lateral","S/D","Colisión","S/D","Vertical","Ninguna","Sin restricción"
2016,3356,6/23/2016,"Jueves",0,0:10:00,,"0.0",2,"Automóvil,Automóvil","Bv. Avellaneda Y San Juan",3,1,0,0,2,0,0,,"Avenida",,"ROSARIO","Rosario","Asfalto","S/D","II","Dentro","Urbana","S/D","S/D","S/D","S/D","S/D","S/D","S/D","S/D","S/D","Colisión","S/D","S/D","S/D","S/D"
2016,3357,6/6/2016,"Lunes",0,7:20:00,,"0.0",2,"Moto/Ciclomotor,Automóvil","Av Gral Lopez Y Francia",2,1,0,0,1,0,0,,"Calle",,"SANTA FE","La Capital","Asfalto","No existe","I","Dentro","Urbana","Paso Peatonal","No existe","Intersección","Bueno","Reducida","Amanecer","Lluvia","Lateral","S/D","Colisión","Agua","Horizontal","Ninguna","Sin restricción"
2016,3358,6/28/2016,"Martes",0,16:30:00,,"0.0",2,"Bicicleta,Automóvil","Martin Zapata Y 4 de Enero",2,1,0,0,1,0,0,,"Calle",,"SANTA FE","La Capital","Hormigón","No existe","I","Dentro","Urbana","Ninguna","No existe","Intersección","Bueno","Buena","Diurna","Buen Tiempo","S/D","Ciclista","Atropello","Ninguna","Faltante","Ninguna","Sin restricción"
2016,3359,6/11/2016,"Sabado",0,11:30:00,,"0.0",2,"Moto/Ciclomotor,Automóvil","Av. Ovidio Lagos Y Rioja",2,1,0,0,0,0,1,,"S/D",,"ROSARIO","Rosario","Asfalto","S/D","II","Dentro","Urbana","S/D","S/D","S/D","S/D","S/D","S/D","S/D","S/D","S/D","S/D","S/D","S/D","S/D","S/D"
2016,3360,6/29/2016,"Miercoles",0,14:30:00,,"0.0",2,"Pickup/Utilitario,Moto/Ciclomotor","Vieytes Y Pje Ingenieros",2,1,0,0,1,0,0,,"Calle",,"SANTA FE","La Capital","Hormigón","No existe","I","Dentro","Urbana","Ninguna","No existe","Intersección","Bueno","Buena","Diurna","Buen Tiempo","Lateral","S/D","Colisión","Ninguna","Faltante","Ninguna","Sin restricción"
2016,3361,6/18/2016,"Sabado",0,16:30:00,,"0.0",2,"Automóvil,Automóvil","Bv. Avellaneda Y 9 De Julio",3,2,0,0,1,0,0,,"Avenida",,"ROSARIO","Rosario","Asfalto","S/D","II","Dentro","Urbana","S/D","S/D","S/D","S/D","S/D","S/D","S/D","S/D","S/D","Colisión","S/D","S/D","S/D","S/D"
2016,3362,6/29/2016,"Miercoles",0,23:15:00,,"0.0",2,"Automóvil,Moto/Ciclomotor","Domingo Silva Y Av A del Valle",2,1,0,0,1,0,0,,"Avenida",,"SANTA FE","La Capital","Hormigón","No existe","I","Dentro","Urbana","Ninguna","No existe","Intersección","Bueno","Buena","Nocturna","Buen Tiempo","Lateral","S/D","Colisión","Ninguna","Faltante","Ninguna","Sin restricción"
2016,3363,6/19/2016,"Domingo",0,4:30:00,,"0.0",1,"Moto/Ciclomotor","Parana Y Mendoza",2,1,0,0,1,0,0,,"Calle",,"ROSARIO","Rosario","Asfalto","S/D","II","Dentro","Urbana","S/D","S/D","S/D","S/D","S/D","S/D","S/D","S/D","S/D","Colisión","S/D","S/D","S/D","S/D"
2016,3364,6/1/2016,"Miercoles",0,14:50:00,"Ruta Nacional 11","0.0",2,"Automóvil,Moto/Ciclomotor"," ",2,1,0,0,1,0,0,,"Ruta",11,"SANTA FE","La Capital","Asfalto","Pavimento","I","Dentro","Urbana","Ninguna","No existe","Recta","Bueno","Buena","Diurna","Buen Tiempo","Frontal","S/D","Colisión","S/D","Faltante","Línea divisoria pintada","Sin restricción"
2016,3365,6/5/2016,"Domingo",0,9:15:00,,"0.0",2,"Bicicleta,Automóvil","Av Mosconi Y Juan de Garay",2,1,0,0,1,0,0,,"Calle",,"SANTA FE","La Capital","Asfalto","No existe","I","Dentro","Urbana","Ninguna","No existe","Intersección","Bueno","Buena","Diurna","Buen Tiempo","Lateral","Ciclista","Atropello","S/D","Vertical","Línea divisoria pintada","Sin restricción"
2016,3366,6/16/2016,"Jueves",0,22:20:00,,"0.0",2,"Taxi/Remis,Automóvil","San Juan Y Suipacha",4,2,0,0,2,0,0,,"Calle",,"ROSARIO","Rosario","Asfalto","S/D","II","Dentro","Urbana","S/D","S/D","S/D","S/D","S/D","S/D","S/D","S/D","S/D","Colisión","S/D","S/D","S/D","S/D"
2016,3367,6/30/2016,"Jueves",0,16:30:00,,"0.0",2,"Moto/Ciclomotor,Automóvil","J Castelli Y 9 de Julio",2,1,0,0,1,0,0,,"Calle",,"SANTA FE","La Capital","Hormigón","S/D","I","Dentro","Urbana","Ninguna","S/D","Intersección","Bueno","S/D","Diurna","Buen Tiempo","Lateral","S/D","Colisión","Ninguna","Faltante","Ninguna","Sin restricción"
2016,3368,6/15/2016,"Miercoles",0,16:00:00,,"0.0",1,"Moto/Ciclomotor","Entre Rios Y San Jose",2,1,1,0,0,0,0,,"Calle",,"SANTA FE","La Capital","Asfalto","No existe","I","S/D","Urbana","Ninguna","No existe","Intersección","Bueno","Buena","Diurna","Buen Tiempo","S/D","S/D","Vuelco","Otro","Faltante","Ninguna","Sin restricción"
2016,3369,6/18/2016,"Sabado",0,4:30:00,,"0.0",2,"Automóvil,Automóvil","Santa Fe Y Suipacha",3,2,0,0,1,0,0,,"Calle",,"ROSARIO","Rosario","Asfalto","S/D","II","Dentro","Urbana","S/D","S/D","S/D","S/D","S/D","S/D","S/D","S/D","S/D","Colisión","S/D","S/D","S/D","S/D"
2016,3370,6/25/2016,"Sabado",0,13:00:00,,"0.0",2,"Pickup/Utilitario,Moto/Ciclomotor","Montevideo Y Carriego",3,2,0,0,1,0,0,,"Calle",,"ROSARIO","Rosario","Asfalto","S/D","II","Dentro","Urbana","S/D","S/D","Intersección","S/D","S/D","Diurna","S/D","S/D","S/D","Colisión","S/D","S/D","S/D","S/D"
2016,3371,6/25/2016,"Sabado",0,13:55:00,,"0.0",2,"Moto/Ciclomotor,Automóvil","Lima Y E.Zeballos",2,1,0,0,1,0,0,,"Calle",,"ROSARIO","Rosario","Asfalto","S/D","II","Dentro","Urbana","S/D","S/D","Intersección","S/D","S/D","Diurna","S/D","S/D","S/D","Colisión","S/D","S/D","S/D","S/D"
2016,3372,6/24/2016,"Viernes",0,,,"0.0",2,"Moto/Ciclomotor,Automóvil","San Juan Y Vera Mujica",2,1,0,0,1,0,0,,"Calle",,"ROSARIO","Rosario","Asfalto","S/D","II","Dentro","Urbana","S/D","S/D","Intersección","S/D","S/D","S/D","S/D","S/D","S/D","Colisión","S/D","S/D","S/D","S/D"
2016,3373,6/20/2016,"Lunes",0,3:30:00,,"0.0",2,"Automóvil,Automóvil","San Luis Y Pueyrredon",2,1,0,0,1,0,0,,"Calle",,"ROSARIO","Rosario","Asfalto","S/D","II","Dentro","Urbana","S/D","S/D","S/D","S/D","S/D","S/D","S/D","S/D","S/D","Colisión","S/D","S/D","S/D","S/D"
2016,3374,6/20/2016,"Lunes",0,11:20:00,,"0.0",3,"Automóvil,Automóvil,Automóvil","San Juan Y Iriondo",5,1,0,0,4,0,0,,"Calle",,"ROSARIO","Rosario","Asfalto","S/D","II","Dentro","Urbana","S/D","S/D","S/D","S/D","S/D","S/D","S/D","S/D","S/D","Colisión","S/D","S/D","S/D","S/D"
2016,3375,6/21/2016,"Martes",0,8:45:00,,"0.0",2,"Taxi/Remis,Peatón","Montevideo 4800",2,1,0,0,1,0,0,,"S/D",,"ROSARIO","Rosario","Asfalto","S/D","II","Dentro","Urbana","S/D","S/D","S/D","S/D","S/D","S/D","S/D","S/D","Peatón","Atropello","S/D","S/D","S/D","S/D"
2016,3376,6/3/2016,"Viernes",0,8:20:00,,"0.0",2,"Automóvil,Moto/Ciclomotor","9 De Julio Y Iriondo",2,1,0,0,1,0,0,,"Calle",,"ROSARIO","Rosario","Asfalto","S/D","II","Dentro","Urbana","S/D","S/D","S/D","S/D","S/D","S/D","S/D","S/D","S/D","Colisión","S/D","S/D","S/D","S/D"
2016,3377,4/18/2016,"Lunes",0,4:35:00,,"0.0",1,"Moto/Ciclomotor","Arturo Illia Y Uruguay",2,0,1,0,0,1,0,"-31.661366, -60.710947","Calle",,"SANTA FE","La Capital","Asfalto","S/D","I","Dentro","Urbana","S/D","No existe","Recta","Bueno","Buena","Nocturna","S/D","Contra objeto fijo","S/D","Colisión,Despiste","S/D","S/D","S/D","S/D"
2016,3378,4/20/2016,"Miercoles",0,20:05:00,"Ruta Nacional 11","0.0",2,"Bicicleta,Camión Chasis","Calle 47-Islas Malvinas Y Ruta Nacional 11",2,0,0,0,1,1,0,"-29.160273, -59.658358","Ruta",11,"RECONQUISTA","General Obligado","S/D","S/D","IX","Dentro","Urbana","S/D","S/D","Intersección","S/D","S/D","Nocturna","Buen Tiempo","S/D","Ciclista","Atropello","S/D","S/D","S/D","S/D"
2016,3379,6/18/2016,"Sabado",0,6:45:00,"Ruta Provincial 39","0.0",2,"Automóvil,Moto/Ciclomotor","5 KM AL OESTE DE LA LOCALIDAD ARRUFO ",2,1,0,0,0,1,0,"-30.220730, -61.792375","Ruta",39,"ARRUFÓ","San Cristóbal","Asfalto","Natural","XIII","Fuera","Rural","Ninguna","No existe","Recta","Bueno","Reducida","Amanecer","Niebla","Frontal","S/D","Colisión","Ninguna","Faltante","Ninguna","Sin restricción"
2016,3380,6/17/2016,"Viernes",0,4:15:00,"Ruta Nacional 34","372.0",2,"Automóvil,Camión c / Acoplado"," ",5,0,2,0,1,2,0,"-29.983953, -61.851113","Ruta",34,"HERSILIA","San Cristóbal","Asfalto","Natural","XIII","Dentro","Rural","Señal Ceda el Paso","No existe","Curva","Con baches","Buena","Nocturna","Buen Tiempo","Múltiple","S/D","Colisión","Ninguna","Horizontal","Línea divisoria pintada","Sin restricción"
2016,3381,4/21/2016,"Jueves",0,18:05:00,,"0.0",2,"Moto/Ciclomotor,Bicicleta","CARLOS HUTREK  Y MENCHACA",2,0,0,0,0,1,1,"-28.244221, -59.449097","Calle",,"VILLA GUILLERMINA","General Obligado","S/D","S/D","IX","Dentro","Urbana","S/D","S/D","Intersección","S/D","S/D","Diurna","S/D","S/D","Ciclista","Atropello","S/D","S/D","S/D","S/D"
2016,3382,6/3/2016,"Viernes",0,21:30:00,,"0.0",2,"Pickup/Utilitario,Moto/Ciclomotor","Av Luis Fanti Y Dante Alighieri",2,0,0,0,1,1,0,"-31.261249, -61.498406","Calle",,"RAFAELA","Castellanos","Hormigón","S/D","V","Dentro","Urbana","S/D","No existe","Intersección","Bueno","Buena","Nocturna","Buen Tiempo","Lateral","S/D","Colisión","S/D","S/D","S/D","Sin restricción"
2016,3383,6/12/2016,"Domingo",0,22:45:00,,"0.0",2,"Automóvil,Bicicleta","J.J.Paso 7200",2,0,0,0,1,1,0,"-32.920423, -60.719387","Avenida",,"ROSARIO","Rosario","Asfalto","Pavimento","II","Dentro","Urbana","Semáforo","Funciona","Recta","Bueno","Buena","Nocturna,Con luz artificial","Buen Tiempo","S/D","Ciclista","Atropello","S/D","Vertical","Cordón divisorio","S/D"
2016,3384,6/5/2016,"Domingo",0,0:00:00,,"0.0",2,"Tren,Peatón","AVELLANEDA Y VIAS FERREAS ",2,0,0,0,1,1,0,"-32.982435, -60.688685","Calle",,"ROSARIO","Rosario","S/D","No existe","II","Dentro","Urbana","Ninguna","No existe","Cruce","S/D","S/D","Nocturna","Buen Tiempo","S/D","Peatón","Atropello","Ninguna","S/D","Ninguna","S/D"
2016,3385,6/2/2016,"Jueves",0,20:15:00,,"0.0",2,"Automóvil,Peatón","Mendoza Y Gutenberg",2,1,0,0,1,0,0,,"Calle",,"ROSARIO","Rosario","Asfalto","S/D","II","Dentro","Urbana","S/D","S/D","S/D","S/D","S/D","S/D","S/D","S/D","Peatón","Atropello","S/D","S/D","S/D","S/D"
2016,3386,6/9/2016,"Jueves",0,7:50:00,,"0.0",2,"Bicicleta,Taxi/Remis","Av. Pellegrini Y Pueyrredon",2,1,0,0,1,0,0,,"S/D",,"ROSARIO","Rosario","Asfalto","S/D","II","Dentro","Urbana","S/D","S/D","S/D","S/D","S/D","S/D","S/D","S/D","Ciclista","Atropello","S/D","S/D","S/D","S/D"
2016,3387,6/9/2016,"Jueves",0,22:15:00,,"0.0",2,"Automóvil,Automóvil","Lavalle Y Cordoba",4,1,0,0,3,0,0,,"S/D",,"ROSARIO","Rosario","Asfalto","S/D","II","Dentro","Urbana","S/D","S/D","S/D","S/D","S/D","S/D","S/D","S/D","S/D","Colisión","S/D","S/D","S/D","S/D"
2016,3388,6/2/2016,"Jueves",0,10:10:00,,"0.0",1,"Moto/Ciclomotor","Av Blas Parera Y Pje Boedo",1,1,0,0,0,0,0,,"Calle",,"SANTA FE","La Capital","Hormigón","Pavimento","I","Dentro","Urbana","Otra Señal","No existe","Recta","Deteriorada","Buena","Diurna","Buen Tiempo","Contra objeto fijo","S/D","Colisión","Material Suelto","Horizontal,Vertical","Cordón divisorio","Obra en Construcción"
2016,3389,6/25/2016,"Sabado",0,20:55:00,,"0.0",2,"Automóvil,Peatón","San Juan Y Italia",2,1,0,0,1,0,0,,"Calle",,"ROSARIO","Rosario","Asfalto","Pavimento","II","Dentro","Urbana","Paso Peatonal","No existe","Intersección","Bueno","Buena","Diurna","Buen Tiempo","S/D","Peatón","Atropello","S/D","Horizontal","Cordón divisorio","Sin restricción"
2016,3390,6/2/2016,"Jueves",0,12:30:00,,"0.0",2,"Automóvil,Moto/Ciclomotor","Cordoba Y Av. Ovidio Lagos",2,1,0,0,1,0,0,,"S/D",,"ROSARIO","Rosario","Asfalto","S/D","II","Dentro","Urbana","S/D","S/D","S/D","S/D","S/D","Diurna","S/D","S/D","S/D","Colisión","S/D","S/D","S/D","S/D"
2016,3391,6/3/2016,"Viernes",0,7:30:00,,"0.0",1,"Bicicleta","J Castelli Y Estrada",2,2,0,0,0,0,0,,"Calle",,"SANTA FE","La Capital","Hormigón","Pavimento","I","Dentro","Urbana","Ninguna","No existe","Intersección","Resbaladiza","Buena","Diurna","Buen Tiempo","Lateral","Ciclista","Atropello","Agua","Vertical","Ninguna","Sin restricción"
2016,3392,6/22/2016,"Miercoles",0,18:40:00,,"0.0",2,"Peatón,Bicicleta","Garay Y San Martin",2,1,0,0,1,0,0,,"Calle",,"ROSARIO","Rosario","Asfalto","No existe","II","Dentro","Urbana","Ninguna","Funciona","Intersección","Bueno","Buena","Atardecer","Buen Tiempo","S/D","Peatón","Atropello","Ninguna","Horizontal","Ninguna","Sin restricción"
2016,3393,6/29/2016,"Miercoles",0,10:15:00,,"0.0",2,"Moto/Ciclomotor,Automóvil","Alvear Y Sargento Cabral",2,1,0,0,1,0,0,,"Calle",,"SANTA FE","La Capital","Asfalto","No existe","I","Dentro","Urbana","S/D","No existe","Intersección","Bueno","S/D","Diurna","S/D","Lateral","S/D","Colisión","S/D","S/D","S/D","S/D"
2016,3394,6/14/2016,"Martes",0,14:50:00,,"0.0",2,"Automóvil,Moto/Ciclomotor","Lima Y Mendoza",2,1,0,0,1,0,0,,"Calle",,"ROSARIO","Rosario","Asfalto","S/D","II","Dentro","Urbana","S/D","S/D","S/D","S/D","S/D","Diurna","S/D","S/D","S/D","Colisión","S/D","S/D","S/D","S/D"
2016,3395,6/6/2016,"Lunes",0,10:20:00,,"0.0",2,"Moto/Ciclomotor,Automóvil","Av Blas Parera Y Larrea",2,1,0,0,1,0,0,,"Calle",,"SANTA FE","La Capital","Hormigón","Pavimento","I","Dentro","Urbana","Semáforo","Funciona","Intersección","Deteriorada","Buena","Diurna","Buen Tiempo","De alcance","S/D","Colisión","Material Suelto","Horizontal,Vertical","Cordón divisorio","Sin restricción"
2016,3396,6/17/2016,"Viernes",0,7:30:00,,"0.0",2,"Moto/Ciclomotor,Pickup/Utilitario","Bv. Oroño Y Montevideo",2,1,0,0,1,0,0,,"Avenida",,"ROSARIO","Rosario","Asfalto","Pavimento","II","Dentro","Urbana","Semáforo","Funciona","Intersección","Bueno","Buena","Diurna","Buen Tiempo","Lateral","S/D","Colisión","S/D","Vertical","Cordón divisorio","Sin restricción"