"anio_acci","nro_acci","fecha","desc_dia","fecha_aprox","hora_aprox","desc_ruta","km","cant_participantes","desc_participante","calle_avenida_km","total","heridos_leves","heridos_graves","heridos_gravisimos","ilesos","fallecidos","sin_datos","posicion_XY","desc_tipo_via","desc_ruta_ori","desc_loc","desc_dpto","desc_tipo_calzada","desc_tipo_banquina","desc_unidad_regional","desc_lugar_calzada","desc_zona","desc_prioridad","desc_estado_semaforo","desc_lugar_via","desc_estado_via","desc_estado_visibilidad","desc_luminosidad","desc_estado_clima","desc_tipo_colision","desc_tipo_atropello","desc_tipo_hecho","desc_pres_calzada","desc_senializacion","desc_separacion_via","desc_restriccion"
2016,3397,6/21/2016,"Martes",0,17:35:00,,"0.0",2,"Automóvil,Peatón","San Martin Y Ayolas",2,1,0,0,1,0,0,,"Calle",,"ROSARIO","Rosario","Asfalto","No existe","II","Dentro","Urbana","Semáforo","Funciona","Intersección","Bueno","Buena","Diurna","Buen Tiempo","S/D","Peatón","Atropello","Ninguna","Vertical","Ninguna","Sin restricción"
2016,3398,6/9/2016,"Jueves",0,16:30:00,,"0.0",2,"Peatón,Automóvil","Ignacio Crespo Y French",2,1,0,0,1,0,0,,"Calle",,"SANTA FE","La Capital","Hormigón","Pavimento","I","Dentro","Urbana","Ninguna","No existe","Intersección","Bueno","Buena","Diurna","Buen Tiempo","S/D","Peatón","Atropello","S/D","Faltante","Ninguna","Sin restricción"
2016,3399,6/28/2016,"Martes",0,,,"0.0",2,"Pickup/Utilitario,Moto/Ciclomotor","San Juan Y Cafferata",2,1,0,0,1,0,0,,"S/D",,"ROSARIO","Rosario","Asfalto","S/D","II","Dentro","Urbana","S/D","S/D","S/D","S/D","S/D","S/D","S/D","S/D","S/D","Colisión","S/D","S/D","S/D","S/D"
2016,3400,6/30/2016,"Jueves",0,11:50:00,,"0.0",2,"Bicicleta,Pickup/Utilitario","PUENTE CARRETERO ",2,1,0,0,1,0,0,,"Calle",,"SANTA FE","La Capital","S/D","S/D","I","Dentro","Urbana","S/D","S/D","Puente","S/D","Buena","Diurna","S/D","S/D","Ciclista","Atropello","S/D","S/D","S/D","S/D"
2016,3401,6/15/2016,"Miercoles",0,11:00:00,,"0.0",2,"Bicicleta,Pickup/Utilitario","Bv. Avellaneda Y Mendoza",2,1,0,0,1,0,0,,"Avenida",,"ROSARIO","Rosario","Asfalto","S/D","II","Dentro","Urbana","S/D","S/D","S/D","S/D","S/D","Diurna","S/D","S/D","S/D","Colisión","S/D","S/D","S/D","S/D"
2016,3402,6/22/2016,"Miercoles",0,11:30:00,,"0.0",2,"Automóvil,Peatón","Mariano Moreno Y Montevideo",2,1,0,0,1,0,0,,"Calle",,"ROSARIO","Rosario","Asfalto","Pavimento","II","Dentro","Urbana","Marca Vial","No existe","Intersección","Bueno","Buena","Diurna","Buen Tiempo","S/D","Peatón","Atropello","S/D","Vertical","Cordón divisorio","Sin restricción"
2016,3403,6/21/2016,"Martes",0,9:35:00,,"0.0",2,"Automóvil,Peatón","San Martin Y Av. Ntra.Sra.del Rosario",2,1,0,0,1,0,0,,"Avenida",,"ROSARIO","Rosario","Asfalto","No existe","II","Dentro","Urbana","Semáforo","Funciona","Intersección","Bueno","Buena","Atardecer","Buen Tiempo","S/D","Peatón","Atropello","Ninguna","Horizontal","Ninguna","Sin restricción"
2016,3404,6/26/2016,"Domingo",0,22:00:00,,"0.0",2,"Taxi/Remis,Moto/Ciclomotor","Arenales Y Roque Saenz Peña",3,1,0,0,2,0,0,,"Calle",,"SANTA FE","La Capital","Tierra","No existe","I","Dentro","Urbana","Ninguna","No existe","Intersección","Con baches","Buena","Nocturna","Buen Tiempo","Lateral","S/D","Colisión","S/D","Faltante","Ninguna","Sin restricción"
2016,3405,6/16/2016,"Jueves",0,19:30:00,,"0.0",2,"Automóvil,Camión","Av Leandro Alem ",2,1,0,0,1,0,0,,"Avenida",,"SANTA FE","La Capital","Hormigón","No existe","I","Dentro","Urbana","S/D","No existe","Curva","Bueno","S/D","Atardecer","S/D","Lateral","S/D","Colisión","S/D","S/D","Cordón divisorio","S/D"
2016,3406,6/13/2016,"Lunes",0,23:00:00,,"0.0",2,"Automóvil,Taxi/Remis","Suipacha Y Rioja",3,1,0,0,2,0,0,,"Calle",,"ROSARIO","Rosario","Asfalto","S/D","II","Dentro","Urbana","S/D","S/D","S/D","S/D","S/D","Nocturna","S/D","S/D","S/D","Colisión","S/D","S/D","S/D","S/D"
2016,3407,6/25/2016,"Sabado",0,23:55:00,,"0.0",2,"Moto/Ciclomotor,Moto/Ciclomotor","J J Paso Y Francia",2,1,0,0,1,0,0,,"Calle",,"SANTA FE","La Capital","Asfalto","No existe","I","Dentro","Urbana","Ninguna","No existe","Intersección","Con baches","Buena","Nocturna","Buen Tiempo","Lateral","S/D","Colisión","Agua","Faltante","Ninguna","Sin restricción"
2016,3408,6/18/2016,"Sabado",0,13:20:00,,"0.0",2,"Moto/Ciclomotor,Automóvil","Bv. Segui Y Paraguay",2,1,0,0,1,0,0,,"Calle",,"ROSARIO","Rosario","Asfalto","No existe","II","Dentro","Urbana","Ninguna","No existe","Intersección","Bueno","Buena","Diurna","Buen Tiempo","De alcance","S/D","Colisión","Ninguna","Faltante","Ninguna","Sin restricción"
2016,3409,6/7/2016,"Martes",0,15:45:00,,"0.0",2,"Automóvil,Automóvil","Suipacha Y Las Heras",2,1,0,0,1,0,0,,"Calle",,"SANTA FE","La Capital","Asfalto","No existe","I","Dentro","Urbana","S/D","S/D","Intersección","Bueno","S/D","Diurna","S/D","Lateral","S/D","Colisión","S/D","S/D","S/D","S/D"
2016,3410,6/24/2016,"Viernes",0,11:10:00,,"0.0",2,"Moto/Ciclomotor,Automóvil","Av Urquiza Y Lisandro de la Torre",2,1,0,0,1,0,0,,"Calle",,"SANTA FE","La Capital","Asfalto","No existe","I","Dentro","Urbana","Ninguna","No existe","Intersección","Con baches","Buena","Diurna","Buen Tiempo","Lateral","S/D","Colisión","S/D","Faltante","Ninguna","Sin restricción"
2016,3411,6/4/2016,"Sabado",0,13:45:00,,"0.0",2,"Automóvil,Automóvil","Castellanos Y 3 De Febrero",3,1,0,0,2,0,0,,"Calle",,"ROSARIO","Rosario","Asfalto","S/D","II","Dentro","Urbana","S/D","S/D","S/D","S/D","S/D","Nocturna","S/D","S/D","S/D","Colisión","S/D","S/D","S/D","S/D"
2016,3412,6/20/2016,"Lunes",0,6:45:00,,"0.0",2,"Peatón,Otros","Mitre Y E.Zeballos",2,1,0,0,0,0,1,,"Calle",,"ROSARIO","Rosario","Asfalto","Pavimento","II","Dentro","Urbana","Semáforo","Funciona","Intersección","Bueno","Buena","Diurna","Buen Tiempo","S/D","S/D","Atropello","S/D","Horizontal","Cordón divisorio","Sin restricción"
2016,3413,6/16/2016,"Jueves",0,12:00:00,,"0.0",2,"Automóvil,Moto/Ciclomotor","Saavedra Y Italia",2,1,0,0,1,0,0,,"Calle",,"ROSARIO","Rosario","Asfalto","No existe","II","Dentro","Urbana","Ninguna","No existe","Intersección","Bueno","Buena","Diurna","Buen Tiempo","De alcance","S/D","Colisión","Ninguna","Faltante","Ninguna","S/D"
2016,3414,6/13/2016,"Lunes",0,22:20:00,,"0.0",2,"Automóvil,Bicicleta","San Juan Y Vera Mujica",2,1,0,0,1,0,0,,"Calle",,"ROSARIO","Rosario","Asfalto","S/D","II","Dentro","Urbana","S/D","S/D","S/D","S/D","Buena","Nocturna","S/D","S/D","Ciclista","Atropello","S/D","S/D","S/D","S/D"
2016,3415,6/20/2016,"Lunes",0,21:15:00,,"0.0",1,"Automóvil","Nicasio Oroño Y Av Almte Brown",3,2,0,0,1,0,0,,"Avenida",,"SANTA FE","La Capital","Asfalto","Pavimento","I","Dentro","Urbana","S/D","S/D","Curva","Bueno","S/D","Nocturna","S/D","Contra objeto fijo","S/D","Colisión,Despiste","S/D","S/D","S/D","S/D"
2016,3416,6/20/2016,"Lunes",0,17:06:00,,"0.0",2,"Moto/Ciclomotor,Automóvil","Balcarce Y 9 De Julio",2,1,0,0,1,0,0,,"Calle",,"ROSARIO","Rosario","Asfalto","Pavimento","II","Dentro","Urbana","Marca Vial","No existe","Intersección","Bueno","S/D","Diurna","Buen Tiempo","Lateral","S/D","Colisión","S/D","Horizontal","Cordón divisorio","Sin restricción"
2016,3417,6/6/2016,"Lunes",0,17:50:00,,"0.0",2,"Automóvil,Automóvil","Servando Bayo Y E.Zeballos",6,3,0,0,3,0,0,,"Calle",,"ROSARIO","Rosario","Asfalto","S/D","II","Dentro","Urbana","S/D","S/D","S/D","S/D","S/D","Diurna","S/D","S/D","S/D","Colisión","S/D","S/D","S/D","S/D"
2016,3418,6/1/2016,"Miercoles",0,7:15:00,,"0.0",2,"Transporte de Pasajeros Urbano (> 8 asientos),Automóvil","San Juan Y Gutenberg",5,1,0,0,4,0,0,,"Calle",,"ROSARIO","Rosario","Asfalto","S/D","II","Dentro","Urbana","S/D","S/D","Intersección","S/D","Buena","Diurna","S/D","S/D","S/D","Colisión","S/D","S/D","S/D","S/D"
2016,3419,6/15/2016,"Miercoles",0,17:20:00,,"0.0",2,"Moto/Ciclomotor,Taxi/Remis","Rivadavia Y Pje. Bolonia",2,1,0,0,1,0,0,,"Calle",,"ROSARIO","Rosario","Asfalto","No existe","II","Dentro","Urbana","Ninguna","No existe","Intersección","Bueno","Buena","Diurna","Buen Tiempo","De alcance","S/D","Colisión","Ninguna","Faltante","Ninguna","Sin restricción"
2016,3420,6/8/2016,"Miercoles",0,8:15:00,,"0.0",2,"Moto/Ciclomotor,Automóvil","San Luis Y Vera Mujica",2,1,0,0,1,0,0,,"Calle",,"ROSARIO","Rosario","Asfalto","S/D","II","Dentro","Urbana","S/D","S/D","S/D","S/D","S/D","Diurna","S/D","S/D","S/D","Colisión","S/D","S/D","S/D","S/D"
2016,3421,6/23/2016,"Jueves",0,15:30:00,,"0.0",2,"Moto/Ciclomotor,Automóvil","Montevideo Y Balcarce",2,1,0,0,1,0,0,,"Calle",,"ROSARIO","Rosario","Asfalto","Pavimento","II","Dentro","Urbana","Marca Vial","No existe","Intersección","Bueno","Buena","Diurna","Buen Tiempo","Lateral","S/D","Colisión","S/D","Horizontal","Cordón divisorio","Sin restricción"
2016,3422,6/21/2016,"Martes",0,18:10:00,,"0.0",2,"Moto/Ciclomotor,Automóvil","Eva Peron Y Las Heras",2,1,0,0,0,0,1,,"Calle",,"SANTA FE","La Capital","Asfalto","No existe","I","Dentro","Urbana","S/D","S/D","Intersección","Bueno","S/D","Atardecer","S/D","Lateral","S/D","Colisión","S/D","S/D","S/D","S/D"
2016,3423,6/11/2016,"Sabado",0,13:10:00,,"0.0",2,"Automóvil,Automóvil","Servando Bayo Y Mendoza",2,1,0,0,1,0,0,,"Calle",,"ROSARIO","Rosario","Asfalto","S/D","II","Dentro","Urbana","S/D","S/D","S/D","S/D","S/D","Diurna","S/D","S/D","S/D","Colisión","S/D","S/D","S/D","S/D"
2016,3424,6/1/2016,"Miercoles",0,15:15:00,,"0.0",2,"Otros,Moto/Ciclomotor","Cordoba 2600",2,1,0,0,1,0,0,,"Calle",,"ROSARIO","Rosario","Asfalto","S/D","II","Dentro","Urbana","S/D","S/D","S/D","S/D","S/D","Diurna","S/D","S/D","S/D","Colisión","S/D","S/D","S/D","S/D"
2016,3425,6/15/2016,"Miercoles",0,11:35:00,,"0.0",2,"Automóvil,Camión","Av. Jorge Cura 2300",2,1,0,0,1,0,0,,"Avenida",,"ROSARIO","Rosario","Asfalto","No existe","II","Dentro","Urbana","Ninguna","No existe","Recta","Bueno","Buena","Diurna","Buen Tiempo","De alcance","S/D","Colisión","Ninguna","Faltante","Ninguna","Sin restricción"
2016,3426,6/11/2016,"Sabado",0,12:45:00,,"0.0",3,"Moto/Ciclomotor,Automóvil,Automóvil","Bv. Avellaneda Y San Juan",5,1,0,0,4,0,0,,"Calle",,"ROSARIO","Rosario","Asfalto","S/D","II","Dentro","Urbana","S/D","S/D","S/D","S/D","S/D","Diurna","S/D","S/D","S/D","Colisión","S/D","S/D","S/D","S/D"
2016,3427,6/23/2016,"Jueves",0,19:54:00,,"0.0",2,"Peatón,Automóvil","Balcarce Y Montevideo",2,1,0,0,1,0,0,,"Calle",,"ROSARIO","Rosario","Asfalto","Pavimento","II","Dentro","Urbana","Marca Vial","No existe","Cruce","Bueno","Buena","Diurna","Buen Tiempo","S/D","Peatón","Atropello","S/D","Horizontal","Cordón divisorio","Sin restricción"
2016,3428,6/1/2016,"Miercoles",0,12:10:00,,"0.0",2,"Pickup/Utilitario,Bicicleta","Rio De Janeiro 770",2,1,0,0,1,0,0,,"Calle",,"ROSARIO","Rosario","Asfalto","S/D","II","Dentro","Urbana","S/D","S/D","S/D","S/D","Buena","Diurna","S/D","S/D","Ciclista","Atropello","S/D","S/D","S/D","S/D"
2016,3429,6/22/2016,"Miercoles",0,11:00:00,,"0.0",2,"Automóvil,Moto/Ciclomotor","Belgrano Y Chacabuco",2,1,0,0,1,0,0,,"Calle",,"SANTA FE","La Capital","Asfalto","No existe","I","Dentro","Urbana","S/D","S/D","Intersección","Bueno","S/D","Diurna","S/D","Lateral","S/D","Colisión","S/D","S/D","S/D","S/D"
2016,3430,6/23/2016,"Jueves",0,4:30:00,,"0.0",2,"Taxi/Remis,Automóvil","Cordoba Y Lavalle",3,2,0,0,1,0,0,,"Calle",,"ROSARIO","Rosario","Asfalto","S/D","II","Dentro","Urbana","S/D","S/D","S/D","S/D","S/D","Nocturna","S/D","S/D","S/D","Colisión","S/D","S/D","S/D","S/D"
2016,3431,6/13/2016,"Lunes",0,12:10:00,,"0.0",2,"Moto/Ciclomotor,Automóvil","Callao Y Bv. Segui",2,1,0,0,1,0,0,,"Avenida",,"ROSARIO","Rosario","Asfalto","No existe","II","Dentro","Urbana","Ninguna","No existe","Intersección","Bueno","Buena","Diurna","Buen Tiempo","De alcance","S/D","Colisión","Ninguna","Faltante","Ninguna","Sin restricción"
2016,3432,6/27/2016,"Lunes",1,8:40:00,,"0.0",2,"Automóvil,Automóvil","Lavalle Y Balcarce",2,1,0,0,1,0,0,,"Calle",,"SANTA FE","La Capital","Asfalto","No existe","I","Dentro","Urbana","S/D","No existe","Intersección","Bueno","S/D","Diurna","S/D","Lateral","S/D","Colisión","S/D","S/D","S/D","S/D"
2016,3433,6/12/2016,"Domingo",0,23:37:00,,"0.0",2,"Automóvil,Moto/Ciclomotor","Av. Jorge Cura Y Rodriguez",2,1,0,0,1,0,0,,"Avenida",,"ROSARIO","Rosario","Asfalto","No existe","II","Dentro","Urbana","Ninguna","No existe","Intersección","Bueno","Buena","Nocturna","Buen Tiempo","De alcance","S/D","Colisión","Ninguna","Faltante","Ninguna","Sin restricción"
2016,3434,6/12/2016,"Domingo",0,3:45:00,,"0.0",2,"Moto/Ciclomotor,Automóvil","Entre Rios Y Cochabamba",2,1,0,0,1,0,0,,"Calle",,"ROSARIO","Rosario","Asfalto","S/D","II","Dentro","Urbana","Ninguna","S/D","Intersección","Bueno","Reducida","Nocturna,Con luz artificial","Buen Tiempo","Lateral","S/D","Colisión","S/D","Vertical","Ninguna","Sin restricción"
2016,3435,6/11/2016,"Sabado",0,13:25:00,,"0.0",2,"Peatón,Pickup/Utilitario","San Luis 2300",2,1,0,0,1,0,0,,"Calle",,"ROSARIO","Rosario","Asfalto","Pavimento","II","Dentro","Urbana","Marca Vial","No existe","Recta","Bueno","Buena","Diurna","Buen Tiempo","S/D","Peatón","Atropello","S/D","Horizontal","Cordón divisorio","S/D"
2016,3436,6/4/2016,"Sabado",0,3:00:00,,"0.0",2,"Automóvil,Peatón","Alvear Y Brown",2,1,0,0,1,0,0,,"Calle",,"ROSARIO","Rosario","Hormigón","Pavimento","II","Dentro","Urbana","Ninguna","No existe","Intersección","S/D","Buena","Nocturna","Buen Tiempo","S/D","Peatón","Atropello","Otro","Faltante","Ninguna","Sin restricción"
2016,3437,6/10/2016,"Viernes",0,21:30:00,,"0.0",2,"Bicicleta,Automóvil","Av. Dante Alighieri Y Bv. Oroño",2,1,0,0,1,0,0,,"Calle",,"ROSARIO","Rosario","Asfalto","S/D","II","Dentro","Urbana","Ninguna","S/D","Intersección","Bueno","Buena","Nocturna,Con luz artificial","Buen Tiempo","S/D","Ciclista","Atropello","S/D","Faltante","S/D","S/D"
2016,3438,6/12/2016,"Domingo",0,14:25:00,,"0.0",2,"Taxi/Remis,Moto/Ciclomotor","Av. Corrientes Y Bv. Segui",2,1,0,0,1,0,0,,"Calle",,"ROSARIO","Rosario","Asfalto","No existe","II","Dentro","Urbana","Señal Pare","No existe","Intersección","Bueno","Buena","Diurna","Buen Tiempo","De alcance","S/D","Colisión","Ninguna","Faltante","Ninguna","Sin restricción"
2016,3439,6/10/2016,"Viernes",0,13:50:00,,"0.0",3,"Automóvil,Automóvil,Automóvil","Bv. 27 De Febrero 1900",3,1,0,0,2,0,0,,"Calle",,"ROSARIO","Rosario","Asfalto","S/D","II","Dentro","Urbana","Semáforo","Funciona","Recta","Bueno","Buena","Diurna","Buen Tiempo","Múltiple","S/D","Colisión","S/D","Vertical","Cordón divisorio","Sin restricción"
2016,3440,6/15/2016,"Miercoles",0,18:00:00,,"0.0",2,"Automóvil,Automóvil","Balcarce Y Las Heras",2,1,0,0,1,0,0,,"Calle",,"SANTA FE","La Capital","Asfalto","No existe","I","Dentro","Urbana","S/D","S/D","Intersección","Bueno","S/D","Atardecer","S/D","Lateral","S/D","Colisión","S/D","S/D","S/D","S/D"
2016,3441,6/6/2016,"Lunes",0,7:00:00,,"0.0",2,"Pickup/Utilitario,Bicicleta","Italia Y Santa Fe",2,1,0,0,1,0,0,,"Calle",,"ROSARIO","Rosario","Asfalto","Pavimento","II","Dentro","Urbana","Ninguna","No existe","Intersección","Bueno","Buena","Diurna","Buen Tiempo","S/D","Ciclista","Atropello","Otro","Vertical","Ninguna","Sin restricción"
2016,3442,6/3/2016,"Viernes",0,17:00:00,,"0.0",2,"Peatón,Taxi/Remis","Montevideo Y Mariano Moreno",2,1,0,0,1,0,0,,"Calle",,"ROSARIO","Rosario","Asfalto","Pavimento","II","Dentro","Urbana","Semáforo","Funciona","Intersección","Bueno","Buena","Diurna","Buen Tiempo","S/D","Peatón","Atropello","S/D","Vertical","Cordón divisorio","Sin restricción"
2016,3443,6/8/2016,"Miercoles",0,14:10:00,,"0.0",2,"Peatón,Automóvil","San Martin Y Rueda",2,1,0,0,1,0,0,,"Calle",,"ROSARIO","Rosario","Asfalto","S/D","II","Dentro","Urbana","Semáforo","Funciona","Intersección","Bueno","Buena","Diurna","Buen Tiempo","S/D","Peatón","Atropello","S/D","Vertical","S/D","Sin restricción"
2016,3444,6/11/2016,"Sabado",0,21:28:00,,"0.0",2,"Automóvil,Moto/Ciclomotor","Av. Corrientes Y Saavedra",2,1,0,0,1,0,0,,"Calle",,"ROSARIO","Rosario","Asfalto","No existe","II","Dentro","Urbana","Ninguna","No existe","Intersección","Bueno","Buena","Nocturna","Buen Tiempo","De alcance","S/D","Colisión","Ninguna","Faltante","Ninguna","Sin restricción"
2016,3445,6/8/2016,"Miercoles",0,10:50:00,,"0.0",2,"Moto/Ciclomotor,Automóvil","Av. Pellegrini Y Callao",3,1,0,0,2,0,0,,"Calle",,"ROSARIO","Rosario","Asfalto","S/D","II","Dentro","Urbana","Semáforo","Funciona","Intersección","Bueno","Buena","Diurna","Buen Tiempo","Lateral","S/D","Colisión","S/D","Vertical","Cordón divisorio","Sin restricción"
2016,3446,6/9/2016,"Jueves",0,6:30:00,,"0.0",2,"Moto/Ciclomotor,Automóvil","Rivadavia Y Bv. Oroño",2,1,0,0,0,0,1,,"Avenida",,"ROSARIO","Rosario","Asfalto","Pavimento","II","Dentro","Urbana","Semáforo","No existe","Intersección","Bueno","Buena","Diurna","Buen Tiempo","S/D","S/D","Caída ocupante","Otro","Vertical","Ninguna","Sin restricción"
2016,3447,6/2/2016,"Jueves",0,10:05:00,,"0.0",2,"Automóvil,Peatón","Entre Rios Y Rioja",2,1,0,0,1,0,0,,"Calle",,"ROSARIO","Rosario","Asfalto","Pavimento","II","Dentro","Urbana","Ninguna","No existe","Intersección","Bueno","Buena","Diurna","Buen Tiempo","S/D","Peatón","Atropello","S/D","Horizontal","Cordón divisorio","Sin restricción"
2016,3448,6/7/2016,"Martes",0,20:30:00,,"0.0",3,"Automóvil,Automóvil,Automóvil","Av. Pellegrini Y Callao",4,2,0,0,2,0,0,,"Calle",,"ROSARIO","Rosario","Asfalto","S/D","II","Dentro","Urbana","Semáforo","Funciona","Intersección","Bueno","Buena","Nocturna,Con luz artificial","Buen Tiempo","Múltiple","S/D","Colisión","S/D","S/D","Cordón divisorio","Sin restricción"
2016,3449,6/9/2016,"Jueves",0,22:00:00,,"0.0",2,"Automóvil,Pickup/Utilitario","Urquiza Y Alvear",3,1,0,0,0,0,2,,"Calle",,"ROSARIO","Rosario","Asfalto","Pavimento","II","Dentro","Urbana","Ninguna","No funciona","Intersección","Bueno","Buena","Nocturna","Buen Tiempo","De alcance","S/D","Colisión","Otro","Faltante","Ninguna","Sin restricción"
2016,3450,6/10/2016,"Viernes",0,12:05:00,,"0.0",2,"Automóvil,Moto/Ciclomotor","Bv. Segui Y Mitre",2,1,0,0,1,0,0,,"Avenida",,"ROSARIO","Rosario","Asfalto","No existe","II","Dentro","Urbana","Ninguna","No existe","Intersección","Bueno","Buena","Diurna","Buen Tiempo","De alcance","S/D","Colisión","Ninguna","Faltante","Ninguna","Sin restricción"
2016,3451,6/7/2016,"Martes",0,9:50:00,,"0.0",2,"Moto/Ciclomotor,Automóvil","Av. Pellegrini Y Italia",2,1,0,0,1,0,0,,"Calle",,"ROSARIO","Rosario","Asfalto","S/D","II","Dentro","Urbana","Semáforo","Funciona","Intersección","Bueno","Buena","Diurna","Buen Tiempo","Lateral","S/D","Colisión","S/D","Vertical","S/D","S/D"
2016,3452,6/10/2016,"Viernes",0,17:40:00,,"0.0",2,"Automóvil,Automóvil","Bv. Oroño Y Catamarca",2,1,0,0,1,0,0,,"Avenida",,"ROSARIO","Rosario","Asfalto","Pavimento","II","Dentro","Urbana","Semáforo","Funciona","Intersección","Bueno","Buena","Diurna","Buen Tiempo","Frontal","S/D","Colisión","Otro","Vertical","Ninguna","S/D"
2016,3453,6/9/2016,"Jueves",0,18:05:00,,"0.0",2,"Automóvil,Moto/Ciclomotor","Paraguay Y Dean Funes",2,1,0,0,1,0,0,,"Calle",,"ROSARIO","Rosario","Asfalto","No existe","II","Dentro","Urbana","Ninguna","No existe","Intersección","Bueno","Buena","Atardecer","Buen Tiempo","De alcance","S/D","Colisión","Ninguna","Faltante","Ninguna","Sin restricción"
2016,3454,6/4/2016,"Sabado",0,13:15:00,,"0.0",2,"Pickup/Utilitario,Automóvil","Dorrego Y Ocampo",2,2,0,0,0,0,0,,"Calle",,"ROSARIO","Rosario","Asfalto","S/D","II","Dentro","Urbana","Ninguna","S/D","Intersección","Bueno","Buena","Diurna","Buen Tiempo","Lateral","S/D","Colisión","S/D","S/D","S/D","Sin restricción"
2016,3455,6/18/2016,"Sabado",0,7:10:00,,"0.0",3,"Automóvil,Peatón,Peatón","Brown Y Italia",3,2,0,0,1,0,0,,"Calle",,"ROSARIO","Rosario","Asfalto","Pavimento","II","Dentro","Urbana","Ninguna","No existe","Intersección","Bueno","Buena","Diurna","Buen Tiempo","S/D","Peatón","Atropello","Otro","Faltante","Ninguna","Sin restricción"
2016,3456,6/4/2016,"Sabado",0,9:00:00,,"0.0",2,"Taxi/Remis,Automóvil","Bv. Oroño Y Cochabamba",2,1,0,0,1,0,0,,"Calle",,"ROSARIO","Rosario","Asfalto","S/D","II","Dentro","Urbana","Señal Pare","No existe","Intersección","Bueno","Buena","Diurna","Buen Tiempo","Lateral","S/D","Colisión","S/D","Vertical","Cordón divisorio","Sin restricción"
2016,3457,6/9/2016,"Jueves",0,12:15:00,,"0.0",2,"Taxi/Remis,Moto/Ciclomotor","Mitre Y Uruguay",2,1,0,0,1,0,0,,"Calle",,"ROSARIO","Rosario","Asfalto","No existe","II","Dentro","Urbana","Señal Pare","No existe","Intersección","Bueno","Buena","Diurna","Buen Tiempo","De alcance","S/D","Colisión","Ninguna","Vertical","Ninguna","Sin restricción"
2016,3458,6/3/2016,"Viernes",0,12:30:00,,"0.0",2,"Automóvil,Peatón","Dorrego Y Riobamba",2,1,0,0,1,0,0,,"Calle",,"ROSARIO","Rosario","Asfalto","S/D","II","Dentro","Urbana","S/D","S/D","Recta","Bueno","Buena","Diurna","Buen Tiempo","S/D","Peatón","Atropello","S/D","Faltante","S/D","Sin restricción"
2016,3459,6/22/2016,"Miercoles",0,5:30:00,"Ruta Nacional 33","779.0",1,"Automóvil"," ",2,2,0,0,0,0,0,,"Ruta",33,"ZAVALLA","Rosario","Asfalto","Ripio","II","Dentro","Rural","Marca Vial","No existe","Recta","Bueno","Reducida","Nocturna","Niebla","Atropello animal","S/D","Colisión","S/D","Faltante","Cordón divisorio","Sin restricción"
2016,3460,6/9/2016,"Jueves",0,16:50:00,,"0.0",2,"Pickup/Utilitario,Bicicleta","Bv. Segui Y Balcarce",2,0,0,0,1,1,0,"-32.976602, -60.660154","Calle",,"ROSARIO","Rosario","Asfalto","No existe","II","Dentro","Urbana","Ninguna","No existe","Intersección","Bueno","Buena","Diurna","Buen Tiempo","De alcance","S/D","Colisión","Ninguna","Faltante","Ninguna","Sin restricción"
2016,3461,6/7/2016,"Martes",0,17:15:00,,"0.0",2,"Automóvil,Moto/Ciclomotor","San Martin Y 24 De Setiembre",2,1,0,0,1,0,0,,"Avenida",,"ROSARIO","Rosario","Asfalto","No existe","II","Dentro","Urbana","Ninguna","S/D","Intersección","S/D","Buena","Diurna","Buen Tiempo","De alcance","S/D","Colisión","Ninguna","Faltante","Ninguna","Sin restricción"
2016,3462,6/4/2016,"Sabado",0,8:50:00,,"0.0",2,"Moto/Ciclomotor,Automóvil","Ayacucho Y Hilarion de la Quintana",2,1,0,0,1,0,0,,"Calle",,"ROSARIO","Rosario","Asfalto","No existe","II","Dentro","Urbana","Semáforo","Funciona","Intersección","Bueno","Buena","Diurna","S/D","Lateral","S/D","Colisión","S/D","S/D","Línea divisoria pintada","Sin restricción"
2016,3463,6/20/2016,"Lunes",0,,"Ruta Nacional 33","779.0",1,"Automóvil"," ",3,2,0,0,1,0,0,,"Ruta",33,"ZAVALLA","Rosario","Asfalto","Ripio","II","Dentro","Rural","Marca Vial","No existe","Recta","Bueno","Reducida","Amanecer","Niebla","Atropello animal","S/D","Colisión","S/D","Faltante","Línea divisoria pintada","Sin restricción"
2016,3464,6/12/2016,"Domingo",0,7:00:00,,"0.0",1,"Moto/Ciclomotor","Santa Fe Y Italia",3,2,0,0,0,0,1,,"Calle",,"ROSARIO","Rosario","Asfalto","Pavimento","II","Dentro","Urbana","Semáforo","Funciona","Intersección","Bueno","Buena","Diurna","Buen Tiempo","Lateral","S/D","Colisión","S/D","Vertical","Cordón divisorio","Sin restricción"
2016,3465,6/20/2016,"Lunes",0,22:55:00,,"0.0",3,"Automóvil,Automóvil,Automóvil","Salta Y Italia",4,2,0,0,1,0,1,,"S/D",,"ROSARIO","Rosario","Hormigón","Pavimento","II","Dentro","Urbana","S/D","No existe","Intersección","Bueno","Buena","Nocturna","S/D","S/D","S/D","Colisión","Otro","Faltante","S/D","S/D"
2016,3466,6/6/2016,"Lunes",0,18:30:00,,"0.0",2,"Pickup/Utilitario,Moto/Ciclomotor","Bv. Oroño Y Biedma",2,1,0,0,1,0,0,,"Avenida",,"ROSARIO","Rosario","Asfalto","No existe","II","Dentro","Urbana","Semáforo","Funciona","Intersección","Bueno","Buena","Atardecer","Buen Tiempo","De alcance","S/D","Colisión","Ninguna","Vertical","Ninguna","Sin restricción"