"anio_acci","nro_acci","fecha","desc_dia","fecha_aprox","hora_aprox","desc_ruta","km","cant_participantes","desc_participante","calle_avenida_km","total","heridos_leves","heridos_graves","heridos_gravisimos","ilesos","fallecidos","sin_datos","posicion_XY","desc_tipo_via","desc_ruta_ori","desc_loc","desc_dpto","desc_tipo_calzada","desc_tipo_banquina","desc_unidad_regional","desc_lugar_calzada","desc_zona","desc_prioridad","desc_estado_semaforo","desc_lugar_via","desc_estado_via","desc_estado_visibilidad","desc_luminosidad","desc_estado_clima","desc_tipo_colision","desc_tipo_atropello","desc_tipo_hecho","desc_pres_calzada","desc_senializacion","desc_separacion_via","desc_restriccion"
2016,3467,6/12/2016,"Domingo",0,23:48:00,,"0.0",2,"Automóvil,Peatón","J.M.Gutierrez ",2,1,0,0,1,0,0,,"Calle",,"ROSARIO","Rosario","Asfalto","No existe","II","Dentro","Urbana","S/D","S/D","S/D","Bueno","Buena","Nocturna","S/D","De alcance","S/D","Colisión","S/D","S/D","Guardarrail","S/D"
2016,3468,6/11/2016,"Sabado",0,18:45:00,,"0.0",2,"Automóvil,Moto/Ciclomotor","Sastre Bv Y San Lorenzo",2,0,1,0,1,0,0,,"Calle",,"ZAVALLA","Rosario","Asfalto","Pavimento","II","Dentro","Urbana","Ninguna","No existe","Intersección","Bueno","Buena","Atardecer","Buen Tiempo","Lateral","S/D","Colisión","Ninguna","Faltante","Línea divisoria pintada","Sin restricción"
2016,3469,6/16/2016,"Jueves",0,15:30:00,,"0.0",2,"Automóvil,Moto/Ciclomotor","Ayacucho Y Sanchez de Bustamante",3,2,0,0,1,0,0,,"Calle",,"ROSARIO","Rosario","Asfalto","No existe","II","Dentro","Urbana","S/D","Funciona","Intersección","Bueno","Buena","Diurna","Buen Tiempo","S/D","S/D","Colisión","S/D","S/D","Línea divisoria pintada","S/D"
2016,3470,6/12/2016,"Domingo",0,17:30:00,,"0.0",2,"Moto/Ciclomotor,Automóvil","Av. Pellegrini Y San Martin",3,1,0,0,2,0,0,,"Avenida",,"ROSARIO","Rosario","Asfalto","Pavimento","II","Dentro","Urbana","Semáforo","Funciona","Intersección","Bueno","Buena","Diurna","Buen Tiempo","De alcance","S/D","Colisión","S/D","Vertical","Cordón divisorio","Sin restricción"
2016,3471,6/6/2016,"Lunes",0,17:00:00,,"0.0",2,"Automóvil,Automóvil","Av. Uriburu Y Paraguay",2,1,0,0,1,0,0,,"Calle",,"ROSARIO","Rosario","Asfalto","No existe","II","Dentro","Urbana","Ninguna","No existe","Intersección","Bueno","Buena","Diurna","Buen Tiempo","De alcance","S/D","Colisión","S/D","Faltante","Ninguna","Sin restricción"
2016,3472,6/21/2016,"Martes",0,12:50:00,,"0.0",2,"Moto/Ciclomotor,Peatón","Paraguay Y San Lorenzo",2,1,0,0,1,0,0,,"Calle",,"ROSARIO","Rosario","Asfalto","Pavimento","II","Dentro","Urbana","Semáforo","Funciona","Intersección","Bueno","Buena","Diurna","Buen Tiempo","S/D","Peatón","Atropello","Otro","Vertical","Ninguna","Sin restricción"
2016,3473,6/24/2016,"Viernes",0,18:15:00,,"0.0",2,"Moto/Ciclomotor,Automóvil","Av. Arijon Y Laprida",2,2,0,0,0,0,0,,"Calle",,"ROSARIO","Rosario","Asfalto","S/D","II","Dentro","Urbana","Señal Pare","No existe","Intersección","S/D","Buena","Diurna","Buen Tiempo","Lateral","S/D","Colisión","S/D","Vertical","Línea divisoria pintada","Sin restricción"
2016,3474,6/6/2016,"Lunes",0,15:30:00,,"0.0",2,"Camión,Moto/Ciclomotor","SAN LORENZO Y BV. TERUGGI",2,1,0,0,1,0,0,,"Avenida",,"ZAVALLA","Rosario","Ripio","No existe","II","Dentro","Urbana","Ninguna","No existe","Intersección","Con baches","Buena","Diurna","Buen Tiempo","Frontal","S/D","Colisión","Ninguna","Faltante","Cordón divisorio","Sin restricción"
2016,3475,6/20/2016,"Lunes",0,15:30:00,,"0.0",2,"Automóvil,Automóvil","Av. Battle y Ordoñez Y Av. Bermudez",5,3,0,0,2,0,0,,"Calle",,"ROSARIO","Rosario","Asfalto","No existe","II","Dentro","Urbana","Ninguna","No existe","Intersección","Bueno","Buena","Diurna","Buen Tiempo","S/D","S/D","Colisión","Agua","Horizontal","Línea divisoria pintada","Sin restricción"
2016,3476,6/29/2016,"Miercoles",0,19:30:00,,"0.0",2,"Automóvil,Moto/Ciclomotor","Tucuman Y Sarmiento",2,1,0,0,1,0,0,,"Calle",,"ROSARIO","Rosario","Asfalto","Pavimento","II","Dentro","Urbana","Ninguna","Funciona","Intersección","Bueno","Buena","Atardecer","Buen Tiempo","S/D","S/D","Colisión","Otro","Vertical","Ninguna","Sin restricción"
2016,3477,6/1/2016,"Miercoles",0,16:30:00,,"0.0",2,"Automóvil,Moto/Ciclomotor","Bv. Segui Y Callao",2,1,0,0,1,0,0,,"Calle",,"ROSARIO","Rosario","Asfalto","No existe","II","Dentro","Urbana","Ninguna","No existe","Intersección","Bueno","Buena","Diurna","Buen Tiempo","De alcance","S/D","Colisión","Ninguna","Faltante","Ninguna","Sin restricción"
2016,3478,6/16/2016,"Jueves",0,14:30:00,,"0.0",2,"Automóvil,Peatón","Balcarce Y Montevideo",2,1,0,0,1,0,0,,"Calle",,"ROSARIO","Rosario","Asfalto","Pavimento","II","Dentro","Urbana","Marca Vial","S/D","Intersección","Bueno","Buena","Diurna","Buen Tiempo","S/D","Peatón","Atropello","S/D","Horizontal","Cordón divisorio","Sin restricción"
2016,3479,6/13/2016,"Lunes",0,21:45:00,"Ruta Nacional 33","0.0",2,"Moto/Ciclomotor,Automóvil","Av 9 de Julio ",2,1,0,0,1,0,0,,"Ruta",33,"PEREZ","Rosario","S/D","No existe","II","S/D","Urbana","Ninguna","Funciona","Intersección","S/D","Buena","Nocturna,Con luz artificial","S/D","Lateral","S/D","Colisión","S/D","Vertical","Línea divisoria pintada","Sin restricción"
2016,3480,6/16/2016,"Jueves",0,21:15:00,,"0.0",2,"Moto/Ciclomotor,Automóvil","Lozzia Y Av. Battle y Ordoñez",2,1,0,0,1,0,0,,"Calle",,"ROSARIO","Rosario","S/D","No existe","II","Dentro","Urbana","S/D","Funciona","Intersección","S/D","Buena","Nocturna","Buen Tiempo","Lateral","S/D","Colisión","S/D","S/D","Línea divisoria pintada","Sin restricción"
2016,3481,6/5/2016,"Domingo",0,17:30:00,,"0.0",2,"Moto/Ciclomotor,Automóvil","Lavalle Y Juan Bautista Alberdi",2,1,0,0,1,0,0,,"Calle",,"PEREZ","Rosario","S/D","No existe","II","Dentro","Urbana","S/D","No existe","Intersección","S/D","Buena","Atardecer","S/D","Lateral","S/D","Colisión","S/D","S/D","S/D","Sin restricción"
2016,3482,6/16/2016,"Jueves",0,16:10:00,,"0.0",2,"Moto/Ciclomotor,Automóvil","Av. Uriburu Y Laprida",2,1,0,0,1,0,0,,"Calle",,"ROSARIO","Rosario","Asfalto","No existe","II","Dentro","Urbana","Señal Pare","No existe","Intersección","Bueno","S/D","Diurna","S/D","Lateral","S/D","Colisión","S/D","Vertical","Cordón divisorio","S/D"
2016,3483,6/18/2016,"Sabado",0,8:00:00,,"0.0",2,"Moto/Ciclomotor,Automóvil","Dorrego Y Montevideo",3,2,0,0,1,0,0,,"Calle",,"ROSARIO","Rosario","Asfalto","Pavimento","II","Dentro","Urbana","Marca Vial","No existe","Intersección","Bueno","Buena","Diurna","Buen Tiempo","Lateral","S/D","Colisión","S/D","Horizontal","Cordón divisorio","Sin restricción"
2016,3484,6/13/2016,"Lunes",0,8:50:00,,"0.0",2,"Bicicleta,Automóvil","Ituzaingo Y Maipu",2,1,0,0,1,0,0,,"Calle",,"ROSARIO","Rosario","Asfalto","S/D","II","Dentro","Urbana","S/D","S/D","Intersección","Bueno","Buena","Diurna","Buen Tiempo","S/D","Ciclista","Caída ocupante,Atropello","Ninguna","S/D","S/D","Sin restricción"
2016,3485,6/13/2016,"Lunes",0,15:30:00,,"0.0",2,"Moto/Ciclomotor,Pickup/Utilitario","Bv. 27 De Febrero Y Ayacucho",2,1,0,0,1,0,0,,"Avenida",,"ROSARIO","Rosario","Asfalto","S/D","II","Dentro","Urbana","S/D","S/D","Intersección","Bueno","Buena","Diurna","Buen Tiempo","De alcance","S/D","Colisión","S/D","S/D","S/D","Sin restricción"
2016,3486,6/19/2016,"Domingo",0,9:40:00,,"0.0",2,"Moto/Ciclomotor,Taxi/Remis","Paraguay Y Rioja",2,2,0,0,0,0,0,,"Calle",,"ROSARIO","Rosario","Asfalto","Pavimento","II","Dentro","Urbana","Semáforo","No existe","Intersección","Bueno","Buena","Diurna","Buen Tiempo","Lateral","S/D","Colisión","S/D","Vertical","Cordón divisorio","S/D"
2016,3487,6/14/2016,"Martes",0,18:40:00,,"0.0",2,"Moto/Ciclomotor,Automóvil","Colon Y Bv. 27 De Febrero",2,1,0,0,1,0,0,,"Calle",,"ROSARIO","Rosario","Asfalto","S/D","II","Dentro","Urbana","S/D","S/D","Intersección","Bueno","Buena","Diurna","Buen Tiempo","S/D","S/D","Colisión","S/D","S/D","S/D","Sin restricción"
2016,3488,6/20/2016,"Lunes",0,16:00:00,,"0.0",2,"Automóvil,Pickup/Utilitario","Bv. Oroño Y Guemes",2,1,0,0,1,0,0,,"Avenida",,"ROSARIO","Rosario","Asfalto","S/D","II","Dentro","Urbana","S/D","S/D","Intersección","Bueno","Buena","Diurna","Buen Tiempo","De alcance","S/D","Colisión","S/D","S/D","S/D","S/D"
2016,3489,6/16/2016,"Jueves",0,7:10:00,,"0.0",2,"Bicicleta,Taxi/Remis","San Juan Y Balcarce",2,1,0,0,1,0,0,,"Calle",,"ROSARIO","Rosario","Asfalto","Pavimento","II","Dentro","Urbana","Marca Vial","No existe","Intersección","Bueno","Buena","Diurna","Buen Tiempo","Lateral","Ciclista","Atropello","S/D","Horizontal","Cordón divisorio","Sin restricción"
2016,3490,6/20/2016,"Lunes",0,16:15:00,,"0.0",3,"Moto/Ciclomotor,Automóvil,Automóvil","Av. Belgrano 2000",5,3,0,0,2,0,0,,"Calle",,"ROSARIO","Rosario","Asfalto","S/D","II","Dentro","Urbana","S/D","S/D","Recta","Bueno","Buena","Diurna","Buen Tiempo","Múltiple","S/D","Colisión","S/D","S/D","S/D","S/D"
2016,3491,6/18/2016,"Sabado",0,14:40:00,,"0.0",2,"Automóvil,Automóvil","9 De Julio Y Mariano Moreno",5,1,0,0,4,0,0,,"Calle",,"ROSARIO","Rosario","Asfalto","Pavimento","II","Dentro","Urbana","S/D","S/D","Intersección","Bueno","Buena","Diurna","Buen Tiempo","Lateral","S/D","Colisión","S/D","S/D","Cordón divisorio","Sin restricción"
2016,3492,6/9/2016,"Jueves",0,21:50:00,,"0.0",2,"Automóvil,Moto/Ciclomotor","Italia Y Mendoza",2,1,0,0,1,0,0,,"Calle",,"ROSARIO","Rosario","Asfalto","Pavimento","II","Dentro","Urbana","Marca Vial","No existe","Intersección","Bueno","Buena","Nocturna","Buen Tiempo","Lateral","S/D","Colisión","S/D","Horizontal","Cordón divisorio","Sin restricción"
2016,3493,6/7/2016,"Martes",0,11:30:00,,"0.0",2,"Peatón,Moto/Ciclomotor","Santa Fe 1600",2,1,0,0,1,0,0,,"Calle",,"ROSARIO","Rosario","Asfalto","Pavimento","II","Dentro","Urbana","S/D","Funciona","Intersección","Bueno","Buena","Diurna","Buen Tiempo","Lateral","Peatón","Atropello","S/D","Horizontal","Ninguna","S/D"
2016,3494,6/27/2016,"Lunes",0,14:40:00,,"0.0",2,"Automóvil,Moto/Ciclomotor","Sarmiento Y Bv. Segui",2,1,0,0,1,0,0,,"Calle",,"ROSARIO","Rosario","Asfalto","No existe","II","Dentro","Urbana","Ninguna","No existe","Intersección","Bueno","Buena","Diurna","Buen Tiempo","De alcance","S/D","Colisión","S/D","Faltante","Ninguna","Sin restricción"
2016,3495,6/3/2016,"Viernes",0,15:05:00,,"0.0",2,"Moto/Ciclomotor,Automóvil","Pte.Roca Y Montevideo",2,1,0,0,1,0,0,,"Calle",,"ROSARIO","Rosario","Asfalto","Pavimento","II","Dentro","Urbana","Marca Vial","No existe","Intersección","Bueno","Buena","Diurna","Buen Tiempo","Lateral","S/D","Colisión","S/D","Horizontal","Cordón divisorio","Sin restricción"
2016,3496,6/6/2016,"Lunes",0,21:45:00,,"0.0",1,,"Pte.Roca Y Rioja",5,3,0,0,2,0,0,,"Calle",,"ROSARIO","Rosario","Asfalto","Pavimento","II","Dentro","Urbana","S/D","S/D","Intersección","Bueno","Buena","Nocturna","Buen Tiempo","Lateral","S/D","Colisión","S/D","S/D","Cordón divisorio","Sin restricción"
2016,3497,6/6/2016,"Lunes",0,21:45:00,,"0.0",3,"Automóvil,Automóvil,Automóvil","Pte.Roca Y Rioja",5,3,0,0,2,0,0,,"Calle",,"ROSARIO","Rosario","Asfalto","Pavimento","II","Dentro","Urbana","S/D","S/D","Intersección","Bueno","Buena","Nocturna","Buen Tiempo","Múltiple","S/D","Colisión","S/D","S/D","Cordón divisorio","Sin restricción"
2016,3498,6/25/2016,"Sabado",0,19:00:00,,"0.0",2,"Automóvil,Moto/Ciclomotor","San Martin Y Garibaldi",2,1,0,0,1,0,0,,"Calle",,"ROSARIO","Rosario","Asfalto","No existe","II","Dentro","Urbana","S/D","No existe","Intersección","Bueno","Buena","Atardecer","Buen Tiempo","De alcance","S/D","Colisión","Ninguna","Faltante","S/D","Sin restricción"
2016,3499,5/31/2016,"Martes",0,10:50:00,,"0.0",2,"Automóvil,Moto/Ciclomotor","Av Santa Fe Y Balcarce",3,2,0,0,1,0,0,,"Calle",,"SANTA FE","La Capital","Asfalto","Pavimento","II","Dentro","Urbana","S/D","S/D","Intersección","Bueno","Buena","Diurna","Buen Tiempo","Lateral","S/D","Colisión","S/D","Horizontal","Cordón divisorio","Sin restricción"
2016,3500,6/25/2016,"Sabado",0,13:00:00,,"0.0",2,"Automóvil,Automóvil","Bv. Segui Y Santiago",4,1,0,0,3,0,0,,"Calle",,"ROSARIO","Rosario","Asfalto","No existe","II","Dentro","Urbana","Ninguna","No existe","Intersección","Bueno","Buena","Diurna","Buen Tiempo","De alcance","S/D","Colisión","Ninguna","Faltante","Ninguna","Sin restricción"
2016,3501,5/31/2016,"Martes",0,14:00:00,,"0.0",2,"Bicicleta,Automóvil","Mendoza 1500",2,1,0,0,1,0,0,,"Calle",,"ROSARIO","Rosario","Asfalto","Pavimento","II","Dentro","Urbana","S/D","No existe","Recta","Bueno","Buena","Diurna","Buen Tiempo","S/D","Ciclista","Atropello","S/D","Horizontal","Cordón divisorio","Sin restricción"
2016,3502,6/2/2016,"Jueves",0,13:25:00,,"0.0",2,"Automóvil,Bicicleta","Ayacucho Y Riobamba",2,1,0,0,1,0,0,,"Calle",,"ROSARIO","Rosario","Asfalto","S/D","II","Dentro","Urbana","S/D","S/D","Intersección","Bueno","Buena","Diurna","Buen Tiempo","S/D","Ciclista","Atropello","S/D","S/D","S/D","Sin restricción"
2016,3503,6/2/2016,"Jueves",0,21:00:00,,"0.0",2,"Moto/Ciclomotor,Automóvil","L.N.Alem Y Ocampo",3,2,0,0,1,0,0,,"Calle",,"ROSARIO","Rosario","Asfalto","S/D","II","Dentro","Urbana","S/D","S/D","Intersección","Bueno","Buena","Nocturna","Buen Tiempo","Lateral","S/D","Colisión","S/D","S/D","S/D","Sin restricción"
2016,3504,6/22/2016,"Miercoles",0,19:50:00,,"0.0",2,"Moto/Ciclomotor,Automóvil","Zapiola Y Liniers",2,1,0,0,1,0,0,,"Calle",,"ROSARIO","Rosario","Asfalto","S/D","II","Dentro","Urbana","S/D","S/D","Intersección","Bueno","Buena","Atardecer","Buen Tiempo","Lateral","S/D","Colisión","S/D","S/D","S/D","S/D"
2016,3505,6/4/2016,"Sabado",0,23:55:00,,"0.0",2,"Automóvil,Moto/Ciclomotor","L.N.Alem 2021",2,1,0,0,1,0,0,,"Calle",,"ROSARIO","Rosario","Asfalto","S/D","II","Dentro","Urbana","S/D","S/D","Recta","Bueno","Buena","Nocturna","Buen Tiempo","S/D","S/D","Colisión","S/D","S/D","S/D","Sin restricción"
2016,3506,6/23/2016,"Jueves",0,12:00:00,,"0.0",2,"Moto/Ciclomotor,Automóvil","Bv. Segui Y Mitre",2,1,0,0,1,0,0,,"Calle",,"ROSARIO","Rosario","Asfalto","No existe","II","Dentro","Urbana","Ninguna","No existe","Intersección","Bueno","Buena","Diurna","Buen Tiempo","De alcance","S/D","Colisión","Ninguna","Faltante","Ninguna","Sin restricción"
2016,3507,6/2/2016,"Jueves",0,6:50:00,,"0.0",2,"Automóvil,Automóvil","Pueyrredon Y Gaboto",2,1,0,0,1,0,0,,"Calle",,"ROSARIO","Rosario","Asfalto","No existe","II","Dentro","Urbana","Ninguna","No existe","Intersección","Bueno","Buena","Amanecer","Buen Tiempo","De alcance","S/D","Colisión","Ninguna","Faltante","Ninguna","Sin restricción"
2016,3508,6/5/2016,"Domingo",0,20:10:00,,"0.0",2,"Bicicleta,Automóvil","Colon Y Pasco",2,1,0,0,1,0,0,,"Calle",,"ROSARIO","Rosario","Asfalto","S/D","II","Dentro","Urbana","S/D","S/D","Recta","Bueno","Buena","Nocturna","Buen Tiempo","S/D","Ciclista","Atropello","S/D","S/D","S/D","Sin restricción"
2016,3509,6/12/2016,"Domingo",0,23:50:00,,"0.0",2,"Automóvil,Automóvil","Juan Del Campillo Y Belgrano",2,1,0,0,1,0,0,,"Calle",,"SANTA FE","La Capital","Asfalto","No existe","I","Dentro","Urbana","S/D","No existe","Intersección","Bueno","S/D","Nocturna","S/D","Lateral","S/D","Colisión","S/D","S/D","Ninguna","S/D"
2016,3510,6/17/2016,"Viernes",0,19:50:00,,"0.0",2,"Moto/Ciclomotor,Automóvil","Av. Provincias Unidas Y Forest",2,1,0,0,1,0,0,,"Calle",,"ROSARIO","Rosario","Asfalto","S/D","II","Dentro","Urbana","S/D","S/D","Intersección","Bueno","S/D","Atardecer","Buen Tiempo","Lateral","S/D","Colisión","S/D","S/D","S/D","S/D"
2016,3511,6/7/2016,"Martes",0,3:00:00,,"0.0",2,"Automóvil,Camión","Av. Uriburu Y Centeno",3,2,0,0,1,0,0,,"Avenida",,"ROSARIO","Rosario","Asfalto","S/D","II","S/D","Urbana","Ninguna","S/D","Recta","Bueno","Buena","Con luz artificial","Buen Tiempo","Otro","S/D","Colisión","S/D","S/D","Línea divisoria pintada","Sin restricción"
2016,3512,6/17/2016,"Viernes",0,9:10:00,,"0.0",2,"Moto/Ciclomotor,Automóvil","Montevideo Y Roullon",2,1,0,0,1,0,0,,"Calle",,"ROSARIO","Rosario","Asfalto","S/D","II","Dentro","Urbana","S/D","S/D","Intersección","Bueno","Buena","Diurna","Buen Tiempo","Lateral","S/D","Colisión","S/D","S/D","S/D","S/D"
2016,3513,6/27/2016,"Lunes",0,19:30:00,,"0.0",2,"Bicicleta,Automóvil","Ayacucho Y 24 De Setiembre",2,1,0,0,1,0,0,,"Calle",,"ROSARIO","Rosario","Asfalto","No existe","II","Dentro","Urbana","Ninguna","No existe","Intersección","Bueno","Buena","Nocturna","Buen Tiempo","S/D","Ciclista","Atropello","Ninguna","Faltante","Ninguna","Sin restricción"
2016,3514,6/17/2016,"Viernes",0,18:30:00,,"0.0",2,"Automóvil,Camión","Av. Uriburu Y Av. De Las Palmeras",3,2,0,0,1,0,0,,"S/D",,"ROSARIO","Rosario","Asfalto","S/D","II","S/D","Urbana","S/D","S/D","Intersección","S/D","S/D","S/D","S/D","S/D","S/D","S/D","S/D","S/D","S/D","S/D"
2016,3515,6/10/2016,"Viernes",0,16:55:00,,"0.0",2,"Automóvil,Pickup/Utilitario","Santa Fe Y Magallanes",2,1,0,0,1,0,0,,"Calle",,"ROSARIO","Rosario","Asfalto","S/D","II","Dentro","Urbana","S/D","Funciona","Intersección","Bueno","S/D","Diurna","Buen Tiempo","Lateral","S/D","Colisión","S/D","S/D","S/D","S/D"
2016,3516,6/7/2016,"Martes",0,10:30:00,,"0.0",2,"Moto/Ciclomotor,Automóvil","Av. Provincias Unidas Y Pje. Pettinari",2,1,0,0,1,0,0,,"Calle",,"ROSARIO","Rosario","Asfalto","S/D","II","Dentro","Urbana","S/D","S/D","Intersección","Bueno","Buena","Diurna","Buen Tiempo","Lateral","S/D","Colisión","S/D","S/D","S/D","S/D"
2016,3517,6/22/2016,"Miercoles",0,19:00:00,,"0.0",2,"Moto/Ciclomotor,Automóvil","L.N.Alem Y Saavedra",2,1,0,0,1,0,0,,"Calle",,"ROSARIO","Rosario","Asfalto","No existe","II","Dentro","Urbana","Ninguna","No existe","Intersección","Bueno","Buena","Nocturna,Con luz artificial","Buen Tiempo","Lateral","S/D","Colisión","S/D","Faltante","Ninguna","Sin restricción"
2016,3518,6/19/2016,"Domingo",0,19:15:00,,"0.0",2,"Peatón,Otros","Bv. Segui Y Camilo Aldao",2,1,0,0,0,0,1,,"Avenida",,"ROSARIO","Rosario","S/D","S/D","II","Dentro","Urbana","S/D","S/D","Intersección","S/D","S/D","S/D","S/D","S/D","S/D","Atropello","S/D","S/D","S/D","S/D"
2016,3519,6/20/2016,"Lunes",0,20:00:00,,"0.0",2,"Moto/Ciclomotor,Moto/Ciclomotor","J.M.de Rosas Y Gaboto",2,2,0,0,0,0,0,,"Calle",,"ROSARIO","Rosario","Asfalto","No existe","II","Dentro","Urbana","Ninguna","No existe","Intersección","Bueno","Buena","Nocturna,Con luz artificial","Buen Tiempo","Lateral","S/D","Colisión","Ninguna","Faltante","Ninguna","Sin restricción"
2016,3520,6/25/2016,"Sabado",0,18:30:00,,"0.0",2,"Moto/Ciclomotor,Automóvil","Guillermo Hudson Y El Sauce",2,1,0,0,1,0,0,,"Calle",,"PEREZ","Rosario","Asfalto","No existe","II","S/D","Urbana","Ninguna","No existe","Intersección","Bueno","Buena","Nocturna","Buen Tiempo","Lateral","S/D","Colisión","S/D","Faltante","Ninguna","Sin restricción"
2016,3521,6/19/2016,"Domingo",0,15:45:00,,"0.0",2,"Moto/Ciclomotor,Automóvil","Av. Provincias Unidas 2800",3,2,0,0,1,0,0,,"Avenida",,"ROSARIO","Rosario","Asfalto","S/D","II","Dentro","Urbana","S/D","S/D","Recta","S/D","S/D","S/D","Buen Tiempo","S/D","S/D","S/D","S/D","S/D","S/D","S/D"
2016,3522,6/19/2016,"Domingo",0,21:50:00,,"0.0",2,"Moto/Ciclomotor,Automóvil","L.N.Alem Y Bv. Segui",2,1,0,0,1,0,0,,"Avenida",,"ROSARIO","Rosario","Asfalto","No existe","II","Dentro","Urbana","Ninguna","No existe","Intersección","Bueno","Buena","Nocturna,Con luz artificial","Buen Tiempo","Lateral","S/D","Colisión","Ninguna","Faltante","Cordón divisorio","Sin restricción"
2016,3523,6/21/2016,"Martes",0,20:00:00,,"0.0",1,"Transporte de Pasajeros Urbano (> 8 asientos)","El Algarrobo Y El Jilguero",1,1,0,0,0,0,0,,"Calle",,"PEREZ","Rosario","Tierra","No existe","II","S/D","Urbana","Ninguna","No existe","Intersección","Deteriorada","Buena","Nocturna","Buen Tiempo","S/D","S/D","Caída ocupante","S/D","Faltante","Ninguna","S/D"
2016,3524,6/26/2016,"Domingo",0,12:15:00,,"0.0",2,"Moto/Ciclomotor,Automóvil","chile ",2,1,0,0,1,0,0,,"Calle",,"VILLA GOBERNADOR GÁLVEZ","Rosario","Asfalto","No existe","II","Dentro","Urbana","Ninguna","No existe","Intersección","Bueno","Buena","Diurna","Buen Tiempo","Lateral","S/D","Colisión","Ninguna","Faltante","Ninguna","Sin restricción"
2016,3525,6/18/2016,"Sabado",0,11:00:00,,"0.0",2,"Pickup/Utilitario,Automóvil","Buenos Aires Y Amenabar",2,1,0,0,1,0,0,,"Calle",,"ROSARIO","Rosario","Asfalto","No existe","II","Dentro","Urbana","Ninguna","No existe","Intersección","Otro","Buena","Diurna","Buen Tiempo","Lateral","S/D","Colisión","Ninguna","Faltante","Ninguna","Sin restricción"
2016,3526,6/19/2016,"Domingo",0,10:50:00,,"0.0",2,"Moto/Ciclomotor,Transporte de Pasajeros (H/ 8 asientos)","3 de Febrero Y Alvear",2,0,1,0,1,0,0,,"Calle",,"VILLA GOBERNADOR GÁLVEZ","Rosario","Asfalto","No existe","II","Dentro","Urbana","Ninguna","No existe","Recta","S/D","Buena","Diurna","Buen Tiempo","De alcance","S/D","Colisión","Agua","Faltante","Ninguna","Sin restricción"
2016,3527,6/13/2016,"Lunes",0,19:30:00,,"0.0",2,"Moto/Ciclomotor,Automóvil","J.M.de Rosas Y Bv. Segui",2,1,0,0,1,0,0,,"Avenida",,"ROSARIO","Rosario","Asfalto","No existe","II","Dentro","Urbana","Ninguna","No existe","Intersección","Bueno","Buena","Nocturna","Buen Tiempo","Lateral","S/D","Colisión","Ninguna","Faltante","Cordón divisorio","Sin restricción"
2016,3528,6/21/2016,"Martes",0,11:15:00,,"0.0",2,"Automóvil,Moto/Ciclomotor","Rivarola Y C.Larralde",2,1,0,0,1,0,0,,"S/D",,"ROSARIO","Rosario","Hormigón","No existe","II","S/D","Urbana","Ninguna","No existe","Intersección","Bueno","Buena","Diurna","Buen Tiempo","Lateral","S/D","Colisión","S/D","Horizontal","Cordón divisorio","Sin restricción"
2016,3529,6/12/2016,"Domingo",0,1:00:00,,"0.0",2,"Automóvil,Moto/Ciclomotor","Av Juan Domingo Peron Y Cordoba",2,1,0,0,1,0,0,,"Calle",,"VILLA GOBERNADOR GÁLVEZ","Rosario","Asfalto","S/D","II","Dentro","Urbana","Ninguna","No existe","Recta","Con baches","Reducida","Nocturna","Niebla","De alcance","S/D","Colisión","Ninguna","Faltante","Ninguna","Sin restricción"
2016,3530,6/7/2016,"Martes",0,8:00:00,,"0.0",2,"Automóvil,Moto/Ciclomotor","Av Gral Paz Y Pedro Diaz Colodrero",2,1,0,0,0,0,1,,"Calle",,"SANTA FE","La Capital","Asfalto","No existe","I","Dentro","Urbana","S/D","Funciona","Intersección","Bueno","Buena","Diurna","S/D","Lateral","S/D","Colisión","S/D","S/D","Ninguna","S/D"
2016,3531,4/15/2016,"Viernes",0,12:00:00,"Ruta Nacional 11","927.4",2,"Peatón,Pickup/Utilitario"," ",2,0,0,0,1,1,0,"-28.039479263821,-59.224258102793","Ruta",11,"FLORENCIA","General Obligado","S/D","S/D","IX","Fuera","S/D","S/D","S/D","Recta","S/D","S/D","Diurna","S/D","S/D","Peatón","Atropello","S/D","S/D","S/D","S/D"
2016,3532,4/21/2016,"Jueves",0,8:30:00,,"0.0",2,"Bicicleta,Pickup/Utilitario","Guemes Y Maipu",2,0,0,0,1,1,0,"-33.642714, -61.855502","Calle",,"MURPHY","General López","S/D","S/D","VIII","S/D","Urbana","S/D","S/D","Intersección","S/D","S/D","Diurna","S/D","S/D","Ciclista","Atropello","S/D","S/D","S/D","S/D"
2016,3534,4/30/2016,"Sabado",0,2:00:00,"Ruta Nacional 34","235.6",3,"Moto/Ciclomotor,Moto/Ciclomotor,Camión","ACCESO A LEHMANN ",4,0,1,0,2,1,0,"-31.126286054833,-61.474159383856","Ruta",34,"LEHMANN","Castellanos","S/D","S/D","V","Dentro","Rural","S/D","S/D","Recta","S/D","Reducida","Nocturna","S/D","Múltiple","S/D","Colisión","S/D","S/D","S/D","S/D"
2016,3535,4/29/2016,"Viernes",0,13:30:00,,"0.0",2,"Bicicleta,Camión","Arenales 9300",2,0,0,0,1,1,0," -31.575885548323, -60.71914","Calle",,"SANTA FE","La Capital","S/D","S/D","I","Dentro","Urbana","S/D","S/D","Recta","S/D","S/D","Diurna","S/D","S/D","Ciclista","Atropello","S/D","S/D","S/D","S/D"
2016,3536,6/8/2016,"Miercoles",0,16:15:00,,"0.0",2,"Moto/Ciclomotor,Automóvil","Av Almte Brown Y Cordoba",2,1,0,0,1,0,0,,"Calle",,"SANTA FE","La Capital","Asfalto","No existe","I","Dentro","Urbana","Ninguna","No existe","Intersección","Bueno","Buena","Diurna","Buen Tiempo","Lateral","S/D","Colisión","S/D","S/D","Ninguna","Sin restricción"