"anio_acci","nro_acci","fecha","desc_dia","fecha_aprox","hora_aprox","desc_ruta","km","cant_participantes","desc_participante","calle_avenida_km","total","heridos_leves","heridos_graves","heridos_gravisimos","ilesos","fallecidos","sin_datos","posicion_XY","desc_tipo_via","desc_ruta_ori","desc_loc","desc_dpto","desc_tipo_calzada","desc_tipo_banquina","desc_unidad_regional","desc_lugar_calzada","desc_zona","desc_prioridad","desc_estado_semaforo","desc_lugar_via","desc_estado_via","desc_estado_visibilidad","desc_luminosidad","desc_estado_clima","desc_tipo_colision","desc_tipo_atropello","desc_tipo_hecho","desc_pres_calzada","desc_senializacion","desc_separacion_via","desc_restriccion"
2016,3537,6/18/2016,"Sabado",0,10:50:00,,"0.0",2,"Bicicleta,Automóvil","Belgrano Y Balcarce",2,1,0,0,1,0,0,,"Calle",,"SANTA FE","La Capital","Asfalto","No existe","I","Dentro","Urbana","S/D","S/D","Intersección","Bueno","S/D","Diurna","S/D","Lateral","Ciclista","Atropello","S/D","S/D","Ninguna","S/D"
2016,3538,6/10/2016,"Viernes",0,10:50:00,,"0.0",2,"Automóvil,Automóvil","Suipacha ",2,1,0,0,1,0,0,,"Calle",,"SANTA FE","La Capital","Asfalto","No existe","I","Dentro","Urbana","S/D","S/D","Intersección","Bueno","S/D","Diurna","Buen Tiempo","Lateral","S/D","Colisión","S/D","S/D","Ninguna","Sin restricción"
2016,3539,6/20/2016,"Lunes",0,21:20:00,,"0.0",2,"Automóvil,Automóvil","Av. Pte.Peron 7500",8,2,0,0,6,0,0,,"Calle",,"ROSARIO","Rosario","Hormigón","No existe","II","Dentro","Urbana","Ninguna","Funciona","Intersección","Bueno","Buena","Nocturna,Con luz artificial","Buen Tiempo","De alcance","S/D","Colisión","S/D","Faltante","Ninguna","Sin restricción"
2016,3540,6/10/2016,"Viernes",0,15:45:00,,"0.0",2,"Moto/Ciclomotor,Moto/Ciclomotor","Ayacucho Y Centeno",2,2,0,0,0,0,0,,"Calle",,"ROSARIO","Rosario","Asfalto","No existe","II","Dentro","Urbana","Ninguna","No existe","Intersección","Bueno","Buena","Diurna","Buen Tiempo","Lateral","S/D","Colisión","S/D","Faltante","Ninguna","Sin restricción"
2016,3541,6/8/2016,"Miercoles",0,14:40:00,,"0.0",2,"Automóvil,Moto/Ciclomotor","Bv. Segui Y Buenos Aires",2,1,0,0,1,0,0,,"Calle",,"ROSARIO","Rosario","Asfalto","No existe","II","Dentro","Urbana","Ninguna","No existe","Intersección","Bueno","Buena","Diurna","Buen Tiempo","Lateral","S/D","Colisión","S/D","Faltante","Cordón divisorio","Sin restricción"
2016,3542,6/6/2016,"Lunes",0,15:40:00,,"0.0",2,"Moto/Ciclomotor,Moto/Ciclomotor","Grandoli Y Bv. Segui",2,2,0,0,0,0,0,,"Calle",,"ROSARIO","Rosario","Asfalto","No existe","II","Dentro","Urbana","Ninguna","No existe","Intersección","Bueno","Buena","Diurna","Buen Tiempo","Lateral","S/D","Colisión","S/D","Faltante","Cordón divisorio","Sin restricción"
2016,3543,6/6/2016,"Lunes",0,9:15:00,,"0.0",2,"Automóvil,Moto/Ciclomotor","Bv. Segui Y Laprida",2,1,0,0,1,0,0,,"Calle",,"ROSARIO","Rosario","Asfalto","No existe","II","Dentro","Urbana","Ninguna","No existe","Intersección","Bueno","Buena","Diurna","Buen Tiempo","Lateral","S/D","Colisión","S/D","Faltante","Cordón divisorio","Sin restricción"
2016,3544,6/1/2016,"Miercoles",0,13:25:00,,"0.0",2,"Pickup/Utilitario,Otros","Bv. Segui Y Buenos Aires",2,1,0,0,1,0,0,,"Calle",,"ROSARIO","Rosario","Asfalto","No existe","II","Dentro","Urbana","Ninguna","No existe","Intersección","Bueno","Buena","Diurna","Buen Tiempo","Lateral","S/D","Colisión","S/D","Faltante","Cordón divisorio","Sin restricción"
2016,3545,6/2/2016,"Jueves",0,13:00:00,,"0.0",2,"Automóvil,Automóvil","Chacabuco Y Rueda",2,1,0,0,1,0,0,,"Calle",,"ROSARIO","Rosario","Asfalto","No existe","II","Dentro","Urbana","Ninguna","No existe","Intersección","Bueno","Buena","Diurna","Buen Tiempo","Lateral","S/D","Colisión","S/D","Faltante","Ninguna","Sin restricción"
2016,3546,6/21/2016,"Martes",0,19:30:00,,"0.0",2,"Moto/Ciclomotor,Automóvil","Dorrego Y Ituzaingo",3,2,0,0,1,0,0,,"Calle",,"ROSARIO","Rosario","Asfalto","S/D","II","Dentro","Urbana","Ninguna","No existe","Intersección","Bueno","Buena","Nocturna,Con luz artificial","Buen Tiempo","Lateral","S/D","Colisión","S/D","S/D","S/D","S/D"
2016,3547,6/16/2016,"Jueves",0,10:45:00,,"0.0",2,"Automóvil,Automóvil","Av. Pellegrini 2700",2,1,0,0,1,0,0,,"Calle",,"ROSARIO","Rosario","Asfalto","S/D","II","Dentro","Urbana","Semáforo","Funciona","Recta","Bueno","Buena","Diurna","Buen Tiempo","De alcance","S/D","Colisión","S/D","Vertical","S/D","S/D"
2016,3548,6/17/2016,"Viernes",0,23:30:00,,"0.0",2,"Moto/Ciclomotor,Automóvil","Italia Y Ocampo",3,2,0,0,1,0,0,,"Calle",,"ROSARIO","Rosario","Asfalto","S/D","II","Dentro","Urbana","S/D","S/D","Intersección","Bueno","Buena","Nocturna,Con luz artificial","Buen Tiempo","Lateral","S/D","Colisión","S/D","S/D","S/D","S/D"
2016,3549,6/15/2016,"Miercoles",0,16:30:00,,"0.0",2,"Automóvil,Moto/Ciclomotor","Bv. Segui Y Italia",3,2,0,0,1,0,0,,"Calle",,"ROSARIO","Rosario","Asfalto","No existe","II","Dentro","Urbana","Ninguna","No existe","Intersección","Bueno","Buena","Diurna","Buen Tiempo","De alcance","S/D","Colisión","S/D","Faltante","Ninguna","Sin restricción"
2016,3550,6/14/2016,"Martes",0,8:50:00,,"0.0",2,"Automóvil,Moto/Ciclomotor"," ",4,1,0,0,3,0,0,,"Calle",,"VILLA GOBERNADOR GÁLVEZ","Rosario","Asfalto","No existe","II","Dentro","Urbana","Ninguna","No existe","Recta","Con baches","Buena","Diurna","Buen Tiempo","De alcance","S/D","Colisión","S/D","Faltante","Ninguna","Sin restricción"
2016,3551,6/18/2016,"Sabado",0,15:30:00,,"0.0",2,"Moto/Ciclomotor,Moto/Ciclomotor","Av Juan Domingo Peron Y Corrientes",3,3,0,0,0,0,0,,"Calle",,"VILLA GOBERNADOR GÁLVEZ","Rosario","Asfalto","No existe","II","Dentro","Urbana","Ninguna","No existe","Recta","Con baches","Buena","Diurna","Buen Tiempo","De alcance","S/D","Colisión","Agua","Faltante","Ninguna","Sin restricción"
2016,3552,6/14/2016,"Martes",0,19:30:00,,"0.0",2,"Moto/Ciclomotor,Automóvil","Cordoba ",2,0,0,0,1,0,1,,"Calle",,"VILLA GOBERNADOR GÁLVEZ","Rosario","Asfalto","No existe","II","Dentro","Urbana","Ninguna","No existe","Recta","Con baches","Buena","Atardecer,Con luz artificial","Buen Tiempo","De alcance","S/D","Colisión","S/D","Faltante","Ninguna","Sin restricción"
2016,3553,6/6/2016,"Lunes",0,17:45:00,,"0.0",2,"Automóvil,Moto/Ciclomotor","Juan B Justo Y Pasteur",4,3,0,0,1,0,0,,"Calle",,"VILLA GOBERNADOR GÁLVEZ","Rosario","Asfalto","No existe","II","Dentro","Urbana","Ninguna","No existe","Intersección","Bueno","Buena","Diurna","Buen Tiempo","S/D","S/D","Colisión","S/D","Faltante","Ninguna","Sin restricción"
2016,3554,6/10/2016,"Viernes",0,18:00:00,,"0.0",2,"Moto/Ciclomotor,Pickup/Utilitario","Chubut Y Alberdi",2,1,0,0,1,0,0,,"Calle",,"VILLA GOBERNADOR GÁLVEZ","Rosario","Asfalto","No existe","II","Dentro","Urbana","Ninguna","No existe","Intersección","Con baches","Buena","Amanecer","Buen Tiempo","S/D","S/D","Colisión","Agua","Faltante","Ninguna","Sin restricción"
2016,3555,6/14/2016,"Martes",0,11:30:00,,"0.0",3,"Pickup/Utilitario,Automóvil,Automóvil","Pasteur Y Av Juan Domingo Peron",5,2,0,0,3,0,0,,"Calle",,"VILLA GOBERNADOR GÁLVEZ","Rosario","Asfalto","No existe","II","Dentro","Urbana","Ninguna","No existe","Intersección","Bueno","Buena","Diurna","Buen Tiempo","Múltiple","S/D","Colisión","S/D","Faltante","Cordón divisorio","Sin restricción"
2016,3556,6/19/2016,"Domingo",0,4:00:00,,"0.0",2,"Moto/Ciclomotor,Automóvil","Av Filipini Y Soldado Aguirre",3,1,0,0,2,0,0,,"Calle",,"VILLA GOBERNADOR GÁLVEZ","Rosario","Asfalto","No existe","II","Dentro","Urbana","Ninguna","No existe","Intersección","S/D","Buena","Nocturna","Buen Tiempo","S/D","S/D","Colisión","S/D","Faltante","Barrera de alto impacto","Sin restricción"
2016,3557,6/23/2016,"Jueves",0,8:30:00,,"0.0",2,"Moto/Ciclomotor,Bicicleta","Av Filipini ",2,2,0,0,0,0,0,,"Calle",,"VILLA GOBERNADOR GÁLVEZ","Rosario","Asfalto","No existe","II","Dentro","Urbana","Ninguna","No existe","Intersección","Bueno","Buena","Diurna","Buen Tiempo","S/D","Ciclista","Atropello","S/D","Faltante","Ninguna","Sin restricción"
2016,3558,6/4/2016,"Sabado",0,8:00:00,,"0.0",2,"Automóvil,Moto/Ciclomotor","Ocampo Y Laprida",3,2,0,0,1,0,0,,"Calle",,"ROSARIO","Rosario","Asfalto","S/D","II","Dentro","Urbana","S/D","S/D","Intersección","Bueno","Buena","Diurna","Buen Tiempo","S/D","S/D","Colisión","S/D","S/D","S/D","Sin restricción"
2016,3559,6/7/2016,"Martes",0,20:30:00,,"0.0",2,"Automóvil,Bicicleta","Bv. 27 De Febrero Y L.N.Alem",2,1,0,0,1,0,0,,"Calle",,"ROSARIO","Rosario","Asfalto","S/D","II","Dentro","Urbana","S/D","S/D","Intersección","Bueno","Buena","Nocturna","Buen Tiempo","S/D","Ciclista","Atropello","S/D","S/D","S/D","Sin restricción"
2016,3560,6/13/2016,"Lunes",0,7:00:00,,"0.0",2,"Moto/Ciclomotor,Automóvil","Esmeralda Y La Paz",3,2,0,0,1,0,0,,"Calle",,"ROSARIO","Rosario","Asfalto","S/D","II","Dentro","Urbana","S/D","S/D","Intersección","Bueno","Buena","Diurna","Buen Tiempo","S/D","S/D","Colisión","S/D","S/D","S/D","Sin restricción"
2016,3561,6/16/2016,"Jueves",0,11:00:00,,"0.0",2,"Bicicleta,Moto/Ciclomotor","Buenos Aires Y San Luis",2,1,0,0,1,0,0,,"Calle",,"ROSARIO","Rosario","Asfalto","S/D","II","Dentro","Urbana","S/D","S/D","S/D","Bueno","Buena","Diurna","Buen Tiempo","Lateral","Ciclista","Atropello","S/D","S/D","Cordón divisorio","Sin restricción"
2016,3562,6/19/2016,"Domingo",0,19:45:00,,"0.0",2,"Moto/Ciclomotor,Automóvil","Av Luis Fanti Y Colon",2,1,0,0,1,0,0,,"Calle",,"RAFAELA","Castellanos","Asfalto","S/D","V","Dentro","Urbana","Ninguna","No existe","Intersección","Bueno","Buena","Nocturna","Buen Tiempo","Lateral","S/D","Colisión","S/D","Horizontal","Ninguna","Sin restricción"
2016,3563,6/3/2016,"Viernes",0,18:25:00,"Ruta Nacional 34","195.0",5,"Camión,Transporte de Pasajeros Larga Distancia (Doble Piso),Camión,Automóvil,Camión"," ",34,1,0,0,33,0,0,,"Ruta",34,"ANGÉLICA","Castellanos","Asfalto","Natural","V","Dentro","Urbana","Ninguna","No existe","Recta","Bueno","Buena","Atardecer","Buen Tiempo","Múltiple","S/D","Colisión","S/D","Faltante","Línea divisoria pintada","Obra en Construcción"
2016,3564,6/27/2016,"Lunes",0,16:00:00,,"0.0",2,"Moto/Ciclomotor,Automóvil","G Mainardi Y Lisandro de la Torre",3,2,0,0,1,0,0,,"Calle",,"RAFAELA","Castellanos","Asfalto","No existe","V","Dentro","Urbana","Ninguna","No existe","Intersección","Bueno","Buena","Diurna","Buen Tiempo","Lateral","S/D","Colisión","S/D","Faltante","Ninguna","Sin restricción"
2016,3565,6/3/2016,"Viernes",0,8:30:00,,"188.0",2,"Moto/Ciclomotor,Automóvil","Camilo Aldao Y Av. Pte.Peron",2,1,0,0,1,0,0,,"Calle",,"ROSARIO","Rosario","Asfalto","No existe","II","Dentro","Urbana","Ninguna","No existe","Intersección","Bueno","Buena","Diurna","S/D","Lateral","S/D","Colisión","S/D","Faltante","Barrera de hormigón","Sin restricción"
2016,3566,6/5/2016,"Domingo",0,16:00:00,,"0.0",2,"Moto/Ciclomotor,Automóvil","Av. Pte.Peron Y Tte.Agneta",2,1,0,0,1,0,0,,"Calle",,"ROSARIO","Rosario","Asfalto","No existe","II","Dentro","Urbana","Ninguna","No existe","Intersección","Bueno","Buena","Diurna","S/D","Lateral","S/D","Colisión","S/D","Faltante","Barrera de hormigón","Sin restricción"
2016,3567,6/9/2016,"Jueves",0,10:30:00,,"0.0",2,"Automóvil,Automóvil","Liniers Y Av. Pte.Peron",2,1,0,0,1,0,0,,"Calle",,"ROSARIO","Rosario","Asfalto","No existe","II","Dentro","Urbana","Ninguna","No existe","Intersección","Bueno","Buena","Diurna","S/D","Lateral","S/D","Colisión","S/D","Faltante","Barrera de hormigón","Sin restricción"
2016,3568,6/16/2016,"Jueves",0,9:00:00,,"0.0",2,"Automóvil,Peatón","Pte.Quintana Y Garzon",2,1,0,0,1,0,0,,"Calle",,"ROSARIO","Rosario","Asfalto","No existe","II","Dentro","Urbana","Ninguna","No existe","Intersección","Bueno","Buena","Amanecer","S/D","S/D","Peatón","Atropello","S/D","Faltante","S/D","Sin restricción"
2016,3569,6/16/2016,"Jueves",0,15:00:00,,"0.0",2,"Moto/Ciclomotor,Automóvil","Bv. Segui Y Pje. Martin",2,1,0,0,1,0,0,,"Calle",,"ROSARIO","Rosario","Asfalto","No existe","II","Dentro","Urbana","Ninguna","No existe","Intersección","Bueno","Buena","Diurna","S/D","Lateral","S/D","Colisión","S/D","Faltante","S/D","Sin restricción"
2016,3570,6/2/2016,"Jueves",0,16:30:00,,"0.0",2,"Pickup/Utilitario,Automóvil","Pedro Espinosa Y Carlos Eduardo Carranza",4,3,0,0,1,0,0,,"Calle",,"SANTA FE","La Capital","Ripio","No existe","I","Dentro","Urbana","Ninguna","No existe","Intersección","Bueno","Buena","Diurna","Buen Tiempo","Lateral","S/D","Colisión","S/D","Faltante","Ninguna","Sin restricción"
2016,3571,6/15/2016,"Miercoles",0,20:30:00,"Ruta Provincial 4","0.0",2,"Moto/Ciclomotor,Moto/Ciclomotor"," ",3,3,0,0,0,0,0,,"Ruta",4,"NELSON","La Capital","Asfalto","S/D","I","Dentro","Urbana","Ninguna","No existe","S/D","Bueno","Reducida","Nocturna","Buen Tiempo","Lateral","S/D","Colisión","S/D","Vertical","S/D","Sin restricción"
2016,3572,6/25/2016,"Sabado",0,23:50:00,"Ruta Nacional 11","511.0",2,"Automóvil,Automóvil"," ",6,3,0,0,3,0,0,,"Ruta",11,"NELSON","La Capital","Asfalto","Natural","I","Dentro","Urbana","Ninguna","No existe","Recta","Resbaladiza","Reducida","Nocturna,Con luz artificial","Lluvia","S/D","S/D","Colisión","Agua","Horizontal,Vertical","Línea divisoria pintada","Sin restricción"
2016,3573,6/6/2016,"Lunes",0,18:15:00,,"0.0",2,"Moto/Ciclomotor,Automóvil","Av Peñaloza Y J Castelli",2,1,0,0,1,0,0,,"Calle",,"SANTA FE","La Capital","Hormigón","Pavimento","I","Dentro","Urbana","Semáforo","Funciona","Intersección","Bueno","Buena","Atardecer","Buen Tiempo","Lateral","S/D","Colisión","S/D","Vertical","Cordón divisorio","Sin restricción"
2016,3574,6/8/2016,"Miercoles",0,12:30:00,,"0.0",2,"Bicicleta,Moto/Ciclomotor","Av Blas Parera ",4,4,0,0,0,0,0,,"Calle",,"SANTA FE","La Capital","Hormigón","Pavimento","I","Dentro","Urbana","Ninguna","No existe","Intersección","Con baches","Buena","Diurna","Buen Tiempo","Lateral","Ciclista","Atropello","Material Suelto","Horizontal,Vertical","Cordón divisorio","Obra en Construcción"
2016,3575,6/3/2016,"Viernes",0,11:00:00,,"0.0",2,"Moto/Ciclomotor,Peatón","Chacabuco Y F Lorenzatti",2,0,1,0,1,0,0,,"Calle",,"RAFAELA","Castellanos","Hormigón","No existe","V","Dentro","Urbana","Ninguna","No existe","Recta","Bueno","Buena","Diurna","Buen Tiempo","S/D","Peatón","Atropello","S/D","Faltante","Ninguna","Sin restricción"
2016,3576,6/5/2016,"Domingo",0,22:45:00,,"0.0",2,"Peatón,Moto/Ciclomotor","Luis Maggi Y Rosario",2,2,0,0,0,0,0,,"Calle",,"RAFAELA","Castellanos","Asfalto","No existe","V","Dentro","Urbana","Ninguna","No existe","Recta","Resbaladiza","Buena","Nocturna","Lluvia","S/D","Peatón","Atropello","S/D","Faltante","Línea divisoria pintada","Sin restricción"
2016,3577,6/3/2016,"Viernes",0,12:50:00,,"0.0",2,"Transporte Escolar,Moto/Ciclomotor","Av Int Octavio Zabboli Y 27 de setiembre",3,2,0,0,1,0,0,,"Calle",,"RAFAELA","Castellanos","Asfalto","Pavimento","V","Dentro","Urbana","Señal Ceda el Paso","No funciona","Intersección","Bueno","Buena","Diurna","Buen Tiempo","De alcance","S/D","Colisión","S/D","S/D","Línea divisoria pintada","Sin restricción"
2016,3578,6/16/2016,"Jueves",0,16:00:00,,"0.0",2,"Automóvil,Automóvil","27 de setiembre Y Ayacucho",2,1,0,0,1,0,0,,"Calle",,"RAFAELA","Castellanos","Asfalto","No existe","V","Dentro","Urbana","Ninguna","No existe","Intersección","Bueno","Buena","Diurna","Buen Tiempo","Lateral","S/D","Colisión","S/D","Faltante","Ninguna","Sin restricción"
2016,3579,6/10/2016,"Viernes",0,,"Ruta Nacional 34","0.0",2,"Moto/Ciclomotor,Automóvil","Av Dr E Salva ",2,1,0,0,1,0,0,,"Ruta",34,"RAFAELA","Castellanos","Asfalto","Natural","V","Dentro","Urbana","S/D","S/D","Intersección","Bueno","Buena","Diurna","Buen Tiempo","S/D","S/D","Colisión","S/D","S/D","Ninguna","Sin restricción"
2016,3580,6/21/2016,"Martes",0,21:10:00,,"0.0",2,"Bicicleta,Moto/Ciclomotor","J Buffa Y Av Brasil",2,1,0,0,1,0,0,,"Calle",,"RAFAELA","Castellanos","Asfalto","No existe","V","Dentro","Urbana","Ninguna","No existe","Intersección","Bueno","Buena","Nocturna","Buen Tiempo","S/D","Ciclista","Atropello","S/D","Faltante","Ninguna","Sin restricción"
2016,3581,5/8/2016,"Domingo",0,18:00:00,,"0.0",2,"Moto/Ciclomotor,Moto/Ciclomotor","S/D ",2,1,1,0,0,0,0,,"Calle",,"RAFAELA","Castellanos","Asfalto","No existe","V","Dentro","Urbana","Ninguna","No existe","Intersección","Bueno","Buena","Diurna","Buen Tiempo","Lateral","S/D","Colisión","S/D","Faltante","Ninguna","Sin restricción"
2016,3582,6/12/2016,"Domingo",0,6:15:00,,"0.0",1,"Moto/Ciclomotor","Nicasio Oro±o 430",2,2,0,0,0,0,0,,"Calle",,"RAFAELA","Castellanos","Asfalto","Pavimento","V","Dentro","Urbana","Ninguna","No existe","Intersección","Bueno","Buena","Nocturna,Con luz artificial","Buen Tiempo","Contra objeto fijo","S/D","Colisión","S/D","Faltante","S/D","Sin restricción"
2016,3583,4/5/2016,"Martes",0,,"Ruta Nacional 19","15.0",1,"Automóvil"," ",2,0,1,0,0,1,0,"-31.641361319817,-60.947371725816","Ruta",19,"SAN AGUSTÍN","Las Colonias","S/D","S/D","XI","Dentro","Rural","S/D","S/D","Recta","S/D","Reducida","Diurna","Lluvia","S/D","S/D","Despiste","Agua","S/D","S/D","S/D"
2016,3584,6/21/2016,"Martes",0,6:35:00,"Ruta Provincial 3","59.0",2,"Pickup/Utilitario,Camión"," ",2,1,0,0,1,0,0,,"Ruta",3,"GARABATO","Vera","Asfalto","Natural","XIX","Dentro","Urbana","S/D","No existe","Recta","Bueno","Reducida","Amanecer","Buen Tiempo","Frontal","S/D","Colisión","S/D","Horizontal","Línea divisoria pintada","Sin restricción"
2016,3585,6/27/2016,"Lunes",0,,"Ruta Provincial 3","58.0",1,"Moto/Ciclomotor"," ",1,0,1,0,0,0,0,,"Ruta",3,"GARABATO","Vera","Asfalto","Natural","XIX","Dentro","Urbana","Marca Vial","No existe","Recta","Bueno","Reducida","Nocturna","Niebla","S/D","S/D","Caída ocupante","Agua","Horizontal","Ninguna","Sin restricción"
2016,3586,6/23/2016,"Jueves",0,19:40:00,,"0.0",2,"Moto/Ciclomotor,Peatón","Bv Belgrano Y Roque Saenz Peña",2,1,0,0,1,0,0,,"Calle",,"CALCHAQUÍ","Vera","Asfalto","No existe","XIX","Dentro","Urbana","Ninguna","No existe","Intersección","Bueno","Buena","Diurna","Buen Tiempo","De alcance","Peatón","Atropello","S/D","Vertical","Cordón divisorio","Sin restricción"
2016,3587,6/3/2016,"Viernes",0,14:00:00,,"0.0",2,"Automóvil,Bicicleta","Bv Belgrano Y San Martin",2,1,0,0,1,0,0,,"Calle",,"CALCHAQUÍ","Vera","Asfalto","No existe","XIX","Dentro","Urbana","Semáforo","Funciona","Intersección","Bueno","Buena","Diurna","Buen Tiempo","De alcance","Ciclista","Atropello","S/D","Vertical","Ninguna","Sin restricción"
2016,3588,6/3/2016,"Viernes",0,21:00:00,,"0.0",2,"Automóvil,Moto/Ciclomotor","Callejón El Sable Y Av A del Valle",2,1,0,0,1,0,0,,"Calle",,"SANTA FE","La Capital","Asfalto","Natural","I","Dentro","Urbana","S/D","No existe","Intersección","Bueno","Reducida","Nocturna,Con luz artificial","Niebla","Lateral","S/D","Colisión","S/D","Faltante","S/D","S/D"
2016,3589,6/5/2016,"Domingo",0,7:10:00,,"0.0",3,"Moto/Ciclomotor,Bicicleta,Moto/Ciclomotor","Gorriti Y Av Urquiza",4,3,0,0,1,0,0,,"Calle",,"SANTA FE","La Capital","Asfalto","Pavimento","I","Dentro","Urbana","S/D","No existe","Recta","Deteriorada","Buena","Diurna,Con luz artificial","Buen Tiempo","Múltiple","Ciclista","Atropello","S/D","Faltante","S/D","S/D"
2016,3590,6/5/2016,"Domingo",0,20:00:00,,"0.0",2,"Moto/Ciclomotor,Moto/Ciclomotor","Alfonsina Storni Y 4 de Enero",2,1,0,0,1,0,0,,"Calle",,"SANTA FE","La Capital","Asfalto,Tierra","Natural","I","Dentro","Urbana","S/D","No existe","Intersección","Con baches","Reducida","Nocturna,Con luz artificial","Buen Tiempo","Lateral","S/D","Colisión","S/D","Faltante","S/D","Sin restricción"
2016,3591,6/5/2016,"Domingo",0,17:00:00,,"0.0",2,"Otros,Otros","Av Facundo Zuviria Y Reg 12 de Infanteria",3,2,0,0,1,0,0,,"Calle",,"SANTA FE","La Capital","Asfalto","Pavimento","I","Dentro","Urbana","S/D","S/D","Intersección","Bueno","Buena","Atardecer,Con luz artificial","Buen Tiempo","Lateral","S/D","Colisión","S/D","Faltante","S/D","S/D"
2016,3592,6/5/2016,"Domingo",0,17:50:00,,"0.0",2,"Moto/Ciclomotor,Peatón","Pavon Y Av Facundo Zuviria",2,1,0,0,1,0,0,,"Calle",,"SANTA FE","La Capital","Asfalto,Tierra","Pavimento","I","Dentro","Urbana","S/D","No existe","Intersección","Bueno","Buena","Atardecer,Con luz artificial","Buen Tiempo","S/D","Peatón","Atropello","S/D","Faltante","S/D","Sin restricción"
2016,3593,6/8/2016,"Miercoles",0,20:05:00,,"0.0",2,"Moto/Ciclomotor,Moto/Ciclomotor","Av A del Valle Y Pje Publico",2,1,0,0,1,0,0,,"Calle",,"SANTA FE","La Capital","Asfalto","No existe","I","Dentro","Urbana","S/D","No existe","Intersección","Bueno","Buena","Atardecer","Buen Tiempo","Lateral","S/D","Colisión","S/D","Faltante","S/D","Sin restricción"
2016,3594,6/9/2016,"Jueves",0,15:30:00,,"0.0",2,"Automóvil,Moto/Ciclomotor","Gorriti Y Av Peñaloza",2,1,0,0,1,0,0,,"Calle",,"SANTA FE","La Capital","Asfalto","Pavimento","I","Dentro","Urbana","Semáforo","No existe","Intersección","Bueno","Buena","Diurna","Buen Tiempo","Lateral","S/D","Colisión","S/D","Vertical","S/D","Sin restricción"
2016,3595,6/11/2016,"Sabado",0,13:10:00,,"0.0",2,"Automóvil,Moto/Ciclomotor","Av Facundo Zuviria Y Javier de la Rosa",2,1,0,0,1,0,0,,"Calle",,"SANTA FE","La Capital","Asfalto","Pavimento","I","Dentro","Urbana","S/D","No existe","Intersección","Bueno","Buena","Diurna","Buen Tiempo","Lateral","S/D","Colisión","S/D","Faltante","S/D","Sin restricción"
2016,3596,6/16/2016,"Jueves",0,19:55:00,,"0.0",2,"Otros,Otros","Av A del Valle Y Larrea",2,1,0,0,1,0,0,,"Calle",,"SANTA FE","La Capital","Asfalto","Pavimento","I","Dentro","Urbana","S/D","No existe","Intersección","Bueno","Buena","Nocturna,Con luz artificial","Buen Tiempo","Lateral","S/D","Colisión","S/D","Faltante","S/D","Sin restricción"
2016,3597,6/24/2016,"Viernes",0,1:00:00,,"0.0",2,"Automóvil,Moto/Ciclomotor","Av Facundo Zuviria Y French",2,0,0,0,1,1,0,"-31.591012, -60.698502","Calle",,"SANTA FE","La Capital","Asfalto","Pavimento","I","Dentro","Urbana","S/D","No existe","Intersección","Bueno","Buena","Nocturna,Con luz artificial","Buen Tiempo","Frontal","S/D","Colisión","S/D","S/D","S/D","Sin restricción"
2016,3598,6/24/2016,"Viernes",0,8:55:00,,"0.0",2,"Camión,Pickup/Utilitario","Gorriti Y Santiago de Chile",2,1,0,0,1,0,0,,"Calle",,"SANTA FE","La Capital","Asfalto","S/D","I","Dentro","Urbana","S/D","No existe","Recta","Bueno","Buena","Diurna","Buen Tiempo","Lateral","S/D","Colisión","S/D","S/D","S/D","S/D"
2016,3599,6/2/2016,"Jueves",0,19:00:00,,"0.0",2,"Automóvil,Automóvil","General San Martin Y General M Belgrano",4,2,0,0,2,0,0,,"Calle",,"BELLA ITALIA","Castellanos","Ripio","No existe","V","Dentro","Urbana","Ninguna","No existe","Intersección","Bueno","Buena","Atardecer","Buen Tiempo","Lateral","S/D","Colisión","S/D","Faltante","Ninguna","Sin restricción"
2016,3600,6/26/2016,"Domingo",0,19:30:00,"Ruta Nacional 34","0.0",2,"Camión,Camión"," ",2,1,0,0,1,0,0,,"Ruta",34,"RAFAELA","Castellanos","Asfalto","Pavimento","V","Dentro","Urbana","Semáforo","No existe","Intersección","Bueno","Buena","Nocturna","Buen Tiempo","Frontal","S/D","Colisión","S/D","Horizontal","Cordón divisorio","Sin restricción"
2016,3601,6/19/2016,"Domingo",0,11:55:00,,"0.0",2,"Moto/Ciclomotor,Automóvil","Ciudad de Sunchales Y Juan B Justo",3,1,0,0,2,0,0,,"Calle",,"RAFAELA","Castellanos","Asfalto","Pavimento","V","Dentro","Urbana","Ninguna","No existe","Intersección","Bueno","Buena","Diurna","Buen Tiempo","Frontal","S/D","Colisión","S/D","Horizontal","Cordón divisorio","Sin restricción"