"anio_acci","nro_acci","fecha","desc_dia","fecha_aprox","hora_aprox","desc_ruta","km","cant_participantes","desc_participante","calle_avenida_km","total","heridos_leves","heridos_graves","heridos_gravisimos","ilesos","fallecidos","sin_datos","posicion_XY","desc_tipo_via","desc_ruta_ori","desc_loc","desc_dpto","desc_tipo_calzada","desc_tipo_banquina","desc_unidad_regional","desc_lugar_calzada","desc_zona","desc_prioridad","desc_estado_semaforo","desc_lugar_via","desc_estado_via","desc_estado_visibilidad","desc_luminosidad","desc_estado_clima","desc_tipo_colision","desc_tipo_atropello","desc_tipo_hecho","desc_pres_calzada","desc_senializacion","desc_separacion_via","desc_restriccion"
2016,3602,6/11/2016,"Sabado",0,17:25:00,,"0.0",2,"Moto/Ciclomotor,Automóvil","Antonio Podio 235",3,0,1,0,2,0,0,,"Calle",,"RAFAELA","Castellanos","Asfalto","S/D","V","Dentro","Urbana","Ninguna","No existe","Recta","Bueno","Buena","Atardecer","Buen Tiempo","Lateral","S/D","Colisión","S/D","S/D","Vegetación","Sin restricción"
2016,3603,6/17/2016,"Viernes",0,20:30:00,,"0.0",2,"Automóvil,Moto/Ciclomotor","Guemes Gral Y Rotania",3,1,1,0,1,0,0,,"Calle",,"SUNCHALES","Castellanos","Asfalto","No existe","V","Dentro","Urbana","Ninguna","No existe","Intersección","Bueno","Buena","Nocturna","Buen Tiempo","Lateral","S/D","Colisión","S/D","Faltante","Ninguna","Sin restricción"
2016,3604,6/10/2016,"Viernes",0,7:10:00,,"0.0",2,"Moto/Ciclomotor,Automóvil","Av Galicia Y Mitre",2,1,0,0,1,0,0,,"Calle",,"SANTA FE","La Capital","Asfalto","No existe","I","Dentro","Urbana","Ninguna","No existe","Intersección","Bueno","Reducida","Amanecer","Buen Tiempo","Lateral","S/D","Colisión","S/D","S/D","Ninguna","Sin restricción"
2016,3605,6/14/2016,"Martes",0,20:45:00,,"0.0",2,"Moto/Ciclomotor,Automóvil","Av Gral Paz Y Angel Cassanello",2,1,0,0,1,0,0,,"Calle",,"SANTA FE","La Capital","Asfalto","No existe","I","Dentro","Urbana","Ninguna","Funciona","Intersección","Bueno","Reducida","Nocturna","Buen Tiempo","Lateral","S/D","Colisión","S/D","S/D","Ninguna","Sin restricción"
2016,3606,6/16/2016,"Jueves",0,19:30:00,,"0.0",2,"Automóvil,Moto/Ciclomotor","Mitre Y Quintana",2,0,1,0,1,0,0,,"Calle",,"SANTA FE","La Capital","Asfalto","No existe","I","Dentro","Urbana","Ninguna","No existe","Intersección","Bueno","Buena","Diurna","Buen Tiempo","Lateral","S/D","Colisión","S/D","S/D","Ninguna","Sin restricción"
2016,3607,6/18/2016,"Sabado",0,11:15:00,,"0.0",2,"Moto/Ciclomotor,Automóvil","Guemes Y Quintana",2,1,0,0,1,0,0,,"Calle",,"SANTA FE","La Capital","Asfalto","No existe","I","Dentro","Urbana","Ninguna","No existe","Intersección","Bueno","Buena","Diurna","Buen Tiempo","Lateral","S/D","Colisión","S/D","S/D","Ninguna","Sin restricción"
2016,3608,6/19/2016,"Domingo",0,19:00:00,,"0.0",2,"Moto/Ciclomotor,Peatón","Salvador del Carril Y Guemes",2,2,0,0,0,0,0,,"Calle",,"SANTA FE","La Capital","Asfalto","No existe","I","Dentro","Urbana","Ninguna","No existe","Intersección","Bueno","Reducida","Atardecer","Buen Tiempo","S/D","Peatón","Atropello","S/D","S/D","Ninguna","Sin restricción"
2016,3609,6/21/2016,"Martes",0,9:00:00,,"0.0",2,"Moto/Ciclomotor,Automóvil","Pedro Diaz Colodrero Y Las Heras",2,1,0,0,1,0,0,,"Calle",,"SANTA FE","La Capital","Asfalto","No existe","I","Dentro","Urbana","Ninguna","No existe","Intersección","Bueno","Buena","Diurna","Buen Tiempo","Lateral","S/D","Colisión","S/D","S/D","Ninguna","Sin restricción"
2016,3610,6/24/2016,"Viernes",0,14:15:00,,"0.0",2,"Moto/Ciclomotor,Automóvil","Av Almte Brown Y Pedro de Vega",2,1,0,0,1,0,0,,"Calle",,"SANTA FE","La Capital","Asfalto","No existe","I","Dentro","Urbana","Ninguna","No existe","Intersección","Bueno","Buena","Diurna","Buen Tiempo","Lateral","S/D","Colisión","S/D","S/D","Ninguna","Sin restricción"
2016,3611,1/31/2016,"Domingo",0,23:30:00,"Ruta Nacional A012","0.0",3,"Moto/Ciclomotor,Automóvil,Automóvil","AV CIRCUNV. ENTRE GODOY Y URIBURU ",3,0,0,0,2,1,0,"-32.991798, -60.702071","Ruta","A012","PEREZ","Rosario","Hormigón","S/D","II","Dentro","Urbana","S/D","S/D","S/D","S/D","S/D","Nocturna","S/D","Múltiple","S/D","Colisión","S/D","S/D","S/D","S/D"
2016,3612,2/18/2016,"Jueves",0,20:00:00,,"0.0",2,"Moto/Ciclomotor,Vehículo Oficial","Calle 16 Gral Obligado Y Calle 23-Gral lopez",3,0,1,0,1,1,0,"-29.148651, -59.645471","Calle",,"RECONQUISTA","General Obligado","Asfalto","S/D","IX","Dentro","Urbana","S/D","S/D","Intersección","S/D","S/D","Nocturna","Buen Tiempo","Lateral","S/D","Colisión","S/D","S/D","Ninguna","Sin restricción"
2016,3613,2/19/2016,"Viernes",0,18:50:00,"Ruta Nacional 11","0.0",2,"Bicicleta,Automóvil","RN 11 FRENTE A LA TERMINAL ",3,0,0,0,2,1,0,"-28.0350358,-59.2239594","Ruta",11,"FLORENCIA","General Obligado","Hormigón","S/D","IX","Dentro","Urbana","S/D","S/D","S/D","S/D","S/D","Atardecer","S/D","S/D","Ciclista","Atropello","S/D","S/D","S/D","S/D"
2016,3614,6/6/2016,"Lunes",0,11:30:00,,"0.0",2,"Bicicleta,Automóvil"," ",2,0,1,0,1,0,0,,"Calle",,"LAGUNA PAIVA","La Capital","Tierra","Natural","I","Dentro","Urbana","Ninguna","No existe","Recta","Deteriorada","Reducida","Nocturna","Buen Tiempo","De alcance","Ciclista","Atropello","Material Suelto","Faltante","Ninguna","Sin restricción"
2016,3615,6/9/2016,"Jueves",0,,,"0.0",2,"Moto/Ciclomotor,Pickup/Utilitario","Florencio Sanchez Y Libertad",2,1,0,0,1,0,0,,"Calle",,"LAGUNA PAIVA","La Capital","Ripio","No existe","I","Dentro","Urbana","Ninguna","No existe","Intersección","Con baches","Buena","Diurna","Buen Tiempo","De alcance","S/D","Colisión","S/D","Faltante","Ninguna","Sin restricción"
2016,3616,6/24/2016,"Viernes",0,11:00:00,,"0.0",2,"Moto/Ciclomotor,Pickup/Utilitario","Av A del Valle Y Av Galicia",2,1,0,0,1,0,0,,"Avenida",,"SANTA FE","La Capital","Asfalto","No existe","I","S/D","Urbana","Ninguna","Funciona","Intersección","Bueno","Buena","Diurna","Buen Tiempo","Lateral","S/D","Colisión","Ninguna","S/D","Ninguna","Sin restricción"
2016,3617,6/18/2016,"Sabado",0,19:20:00,,"0.0",2,"Peatón,Moto/Ciclomotor","Avenida Nuestra Señora del Luj Y Mauri",2,1,0,0,0,0,1,,"Calle",,"SANTO TOMÉ","La Capital","Tierra","No existe","I","Dentro","Urbana","Ninguna","No existe","Intersección","Bueno","Buena","Atardecer","Buen Tiempo","S/D","Peatón","Atropello","S/D","Faltante","Ninguna","Sin restricción"
2016,3618,6/30/2016,"Jueves",0,7:30:00,,"0.0",2,"Automóvil,Moto/Ciclomotor","Guemes Gral 521",2,1,0,0,1,0,0,,"Calle",,"SUNCHALES","Castellanos","Asfalto","No existe","V","S/D","Urbana","Ninguna","No existe","Recta","Bueno","Buena","Diurna","Buen Tiempo","Frontal","S/D","Colisión","Ninguna","Faltante","Ninguna","Sin restricción"
2016,3619,6/27/2016,"Lunes",0,10:40:00,,"0.0",2,"Pickup/Utilitario,Cuatriciclo","Avenida Nuestra Señora del Luj Y Pasaje M M David",2,1,0,0,0,0,1,,"Avenida",,"SANTO TOMÉ","La Capital","Tierra,Ripio","No existe","I","Dentro","Urbana","S/D","No existe","Intersección","Bueno","Buena","Diurna","Buen Tiempo","Lateral","S/D","Colisión","S/D","Vertical","Ninguna","Sin restricción"
2016,3620,6/24/2016,"Viernes",0,14:00:00,,"0.0",2,"Moto/Ciclomotor,Pickup/Utilitario","Regis Martinez Y Necochea",2,1,0,0,1,0,0,,"Calle",,"SANTA FE","La Capital","Asfalto","No existe","I","S/D","Urbana","Ninguna","No existe","Intersección","Bueno","Buena","Diurna","Buen Tiempo","Lateral","S/D","Colisión","Ninguna","S/D","Ninguna","Sin restricción"
2016,3621,6/27/2016,"Lunes",0,18:00:00,,"0.0",2,"Moto/Ciclomotor,Automóvil","Carlos Pellegrini 50",3,2,1,0,0,0,0,,"Calle",,"SUNCHALES","Castellanos","Asfalto","No existe","V","Dentro","Urbana","S/D","S/D","Recta","Bueno","S/D","Diurna","Buen Tiempo","S/D","S/D","Colisión","S/D","Vertical","S/D","S/D"
2016,3622,6/11/2016,"Sabado",0,13:55:00,,"0.0",2,"Moto/Ciclomotor,Otros","Boassi Y Av San Martin",3,2,0,0,1,0,0,,"Calle",,"LAGUNA PAIVA","La Capital","Hormigón","No existe","I","Dentro","Urbana","Semáforo","Funciona","Intersección","Bueno","Buena","Diurna","Buen Tiempo","Lateral","S/D","Colisión","S/D","Horizontal,Vertical","Vegetación","Sin restricción"
2016,3623,6/25/2016,"Sabado",0,9:36:00,"Ruta Nacional 11","449.0",2,"Automóvil,Camión","Ruta Nac 11 ",2,0,1,0,1,0,0,,"Ruta",11,"SAUCE VIEJO","La Capital","Asfalto","Pavimento","I","Dentro","Rural","Ninguna","No funciona","Recta","Bueno","Reducida","Amanecer","Buen Tiempo","Frontal","S/D","Colisión","Otro","Faltante","Línea divisoria pintada","Accidente Previo"
2016,3624,6/12/2016,"Domingo",0,11:00:00,,"0.0",2,"Moto/Ciclomotor,Pickup/Utilitario","B Mitre Y San Luis",2,1,0,0,1,0,0,,"Calle",,"LAGUNA PAIVA","La Capital","Tierra","No existe","I","Dentro","Urbana","Ninguna","No existe","Intersección","Bueno","Buena","Diurna","Buen Tiempo","Lateral","S/D","Colisión","S/D","Faltante","Ninguna","Sin restricción"
2016,3625,6/24/2016,"Viernes",0,20:20:00,,"0.0",2,"Moto/Ciclomotor,Automóvil","Salvador del Carril Y Dorrego",3,2,0,0,1,0,0,,"Avenida",,"SANTA FE","La Capital","Asfalto","No existe","I","S/D","Urbana","Ninguna","No existe","Intersección","Bueno","Reducida","Nocturna","Buen Tiempo","Lateral","S/D","Colisión","Ninguna","S/D","Ninguna","Sin restricción"
2016,3626,6/15/2016,"Miercoles",0,21:45:00,,"0.0",2,"Pickup/Utilitario,Moto/Ciclomotor","Juan B Alberdi Y Maipu",3,2,0,0,1,0,0,,"Calle",,"LAGUNA PAIVA","La Capital","Hormigón","No existe","I","Dentro","Urbana","Ninguna","No existe","Intersección","Bueno","Buena","Nocturna,Con luz artificial","Buen Tiempo","Lateral","S/D","Colisión","S/D","Horizontal","Ninguna","Sin restricción"
2016,3627,6/16/2016,"Jueves",0,21:10:00,,"0.0",2,"Moto/Ciclomotor,Pickup/Utilitario"," ",2,1,0,0,1,0,0,,"Calle",,"SUNCHALES","Castellanos","Asfalto","S/D","V","S/D","Urbana","S/D","No existe","Intersección","Bueno","Buena","Nocturna","Buen Tiempo","Lateral","S/D","Colisión","Ninguna","S/D","S/D","S/D"
2016,3628,6/24/2016,"Viernes",0,20:15:00,"Ruta Nacional 11","0.0",2,"Pickup/Utilitario,Moto/Ciclomotor","Calle 16 - Curupi Y Ruta Nac 11",2,1,0,0,1,0,0,,"Ruta",11,"SAUCE VIEJO","La Capital","Asfalto","S/D","I","S/D","S/D","Otra Señal","No existe","Recta","Bueno","Buena","Nocturna","Buen Tiempo","Lateral","S/D","Colisión","S/D","S/D","S/D","S/D"
2016,3629,6/24/2016,"Viernes",0,19:10:00,,"0.0",2,"Automóvil,Moto/Ciclomotor","Republica de Italia Y Pastor Barrios",2,1,0,0,1,0,0,,"Calle",,"LAGUNA PAIVA","La Capital","Hormigón","Natural","I","Dentro","Urbana","Ninguna","No existe","Intersección","Bueno","Buena","Nocturna","Buen Tiempo","Frontal","S/D","Colisión","S/D","Vertical","Línea divisoria pintada","Sin restricción"
2016,3630,6/6/2016,"Lunes",0,12:50:00,"Ruta Nacional 178","0.0",1,"Automóvil"," ",2,1,0,0,1,0,0,,"Ruta",178,"LAS ROSAS","Belgrano","Asfalto","Natural","III","Fuera","Urbana","Ninguna","No existe","Curva","Bueno","Buena","Diurna","Buen Tiempo","S/D","S/D","Vuelco,Despiste","Ninguna","Faltante","Ninguna","Sin restricción"
2016,3631,6/27/2016,"Lunes",0,13:30:00,,"0.0",2,"Moto/Ciclomotor,Automóvil","Agustin Delgado Y Alvear",2,1,0,0,1,0,0,,"Calle",,"SANTA FE","La Capital","Asfalto","No existe","I","S/D","Urbana","Ninguna","No existe","Intersección","Bueno","Buena","Diurna","Buen Tiempo","Lateral","S/D","Colisión","Ninguna","S/D","Ninguna","Sin restricción"
2016,3632,6/8/2016,"Miercoles",0,18:15:00,,"0.0",2,"Automóvil,Moto/Ciclomotor"," ",2,1,0,0,1,0,0,,"Camino Rural",,"SANTA FE","La Capital","Asfalto","Natural","I","S/D","Rural","Ninguna","No existe","Recta","Bueno","Buena","Atardecer","Buen Tiempo","Lateral","S/D","Colisión","Ninguna","Faltante","Ninguna","Sin restricción"
2016,3633,6/5/2016,"Domingo",0,13:30:00,"Ruta Provincial 1","3.0",2,"Automóvil,Moto/Ciclomotor"," ",2,1,0,0,1,0,0,,"Ruta",1,"SANTA FE","La Capital","Asfalto","Natural","I","Dentro","Urbana","Ninguna","No existe","Recta","Con baches","Buena","Diurna","Buen Tiempo","Lateral","S/D","Colisión","S/D","Horizontal","Línea divisoria pintada","Sin restricción"
2016,3634,6/27/2016,"Lunes",0,,,"0.0",2,"Pickup/Utilitario,Moto/Ciclomotor","Guemes Y Quintana",2,1,0,0,1,0,0,,"Calle",,"SANTA FE","La Capital","Asfalto","No existe","I","S/D","Urbana","Ninguna","No existe","Intersección","Bueno","Buena","S/D","Buen Tiempo","Lateral","S/D","Colisión","Ninguna","S/D","Ninguna","Sin restricción"
2016,3635,6/22/2016,"Miercoles",0,19:15:00,,"0.0",2,"Automóvil,Bicicleta","AV. LAS ROSAS Y SARGENTO CABRAL",2,1,0,0,1,0,0,,"S/D",,"LAS PAREJAS","Belgrano","Ripio","No existe","III","S/D","Urbana","Ninguna","No existe","Recta","Bueno","Buena","Diurna","Buen Tiempo","S/D","Ciclista","Atropello","Ninguna","S/D","Ninguna","S/D"
2016,3636,6/9/2016,"Jueves",0,9:00:00,"Ruta Provincial 1","0.0",2,"Automóvil,Moto/Ciclomotor"," ",2,1,0,0,1,0,0,,"Ruta",1,"SANTA FE","La Capital","Asfalto","Natural","I","Dentro","Urbana","Ninguna","No existe","Recta","Bueno","Buena","Diurna","Buen Tiempo","Lateral","S/D","Colisión","S/D","Horizontal","Ninguna","S/D"
2016,3637,6/14/2016,"Martes",0,13:20:00,,"0.0",2,"Bicicleta,Pickup/Utilitario","Avenida Nuestra Señora del Luj Y Roverano",2,1,0,0,0,0,1,,"Calle",,"SANTO TOMÉ","La Capital","Ripio","Natural","I","Dentro","Urbana","Ninguna","No existe","Intersección","Bueno","Buena","Diurna","Buen Tiempo","S/D","Ciclista","Atropello","Otro","Faltante","Ninguna","Sin restricción"
2016,3638,6/30/2016,"Jueves",0,7:20:00,,"0.0",2,"Automóvil,Moto/Ciclomotor","Alvear Y Pedro Diaz Colodrero",2,1,0,0,1,0,0,,"Calle",,"SANTA FE","La Capital","Asfalto","No existe","I","S/D","Urbana","Ninguna","No existe","Intersección","Bueno","Reducida","Amanecer","Buen Tiempo","Lateral","S/D","Colisión","Ninguna","Faltante","Ninguna","Sin restricción"
2016,3639,6/15/2016,"Miercoles",0,14:00:00,"Ruta Provincial 1","2.0",2,"Automóvil,Moto/Ciclomotor"," ",2,1,0,0,1,0,0,,"Ruta",1,"SANTA FE","La Capital","Asfalto","Natural","I","Dentro","Urbana","Ninguna","No existe","Recta","Bueno","Buena","Diurna","Buen Tiempo","Lateral","S/D","Colisión","S/D","Horizontal","Ninguna","Sin restricción"
2016,3640,6/16/2016,"Jueves",0,13:15:00,"Ruta Provincial 1","0.0",2,"Automóvil,Moto/Ciclomotor"," ",2,1,0,0,1,0,0,,"Ruta",1,"SANTA FE","La Capital","Asfalto","S/D","I","Dentro","Urbana","Ninguna","No existe","Recta","S/D","S/D","S/D","S/D","Lateral","S/D","Colisión","S/D","S/D","Ninguna","Sin restricción"
2016,3641,6/3/2016,"Viernes",0,12:10:00,,"0.0",2,"Moto/Ciclomotor,Automóvil","Balcarce Y Juan Jose Castelli",2,1,0,0,1,0,0,,"S/D",,"SANTO TOMÉ","La Capital","Asfalto","No existe","I","S/D","Urbana","Ninguna","No existe","Intersección","Bueno","Buena","Diurna","Buen Tiempo","Lateral","S/D","Colisión","S/D","S/D","Ninguna","Sin restricción"
2016,3642,6/18/2016,"Sabado",0,3:30:00,"Ruta Provincial 1","19.0",2,"Peatón,Pickup/Utilitario"," ",2,1,0,0,0,0,1,,"Ruta",1,"ARROYO LEYES","La Capital","Asfalto","Natural","I","Dentro","Urbana","Marca Vial","No existe","Recta","Bueno","Reducida","Nocturna","Buen Tiempo","S/D","Peatón","Atropello","S/D","Horizontal","Línea divisoria pintada","Sin restricción"
2016,3643,6/8/2016,"Miercoles",0,17:00:00,,"0.0",2,"Pickup/Utilitario,Automóvil","Juan Francisco Segui Y Maciel Cosme",3,1,0,0,2,0,0,,"Calle",,"SAN JOSÉ DEL RINCÓN","La Capital","Arena","No existe","I","Dentro","Urbana","Ninguna","No existe","Intersección","Con baches","Buena","Diurna","Buen Tiempo","Frontal","S/D","Colisión","S/D","S/D","Ninguna","Sin restricción"
2016,3644,6/12/2016,"Domingo",0,20:20:00,,"0.0",2,"Moto/Ciclomotor,Moto/Ciclomotor","Juan Jose Castelli Y Juan Bautista Alberdi",2,1,0,0,1,0,0,,"Calle",,"SANTO TOMÉ","La Capital","Asfalto","No existe","I","S/D","Urbana","Ninguna","No existe","Intersección","Bueno","Buena","Nocturna,Con luz artificial","Buen Tiempo","Lateral","S/D","Colisión","S/D","Faltante","Línea divisoria pintada","Sin restricción"
2016,3645,6/30/2016,"Jueves",0,7:40:00,,"0.0",2,"Moto/Ciclomotor,Moto/Ciclomotor","Salvador del Carril Y Avellaneda",2,1,0,0,1,0,0,,"Avenida",,"SANTA FE","La Capital","Asfalto","No existe","I","S/D","Urbana","Ninguna","No existe","Intersección","Bueno","Reducida","Atardecer","Buen Tiempo","Lateral","S/D","Colisión","Ninguna","S/D","Ninguna","Sin restricción"
2016,3646,6/18/2016,"Sabado",0,7:30:00,,"0.0",1,"Automóvil","Las Heras Y Maipu",2,1,0,0,1,0,0,,"Calle",,"LAS ROSAS","Belgrano","Asfalto","No existe","III","Dentro","Urbana","Ninguna","No existe","Recta","Bueno","Buena","Amanecer","Buen Tiempo","Contra objeto fijo","S/D","Colisión","Ninguna","Faltante","Ninguna","Sin restricción"
2016,3647,6/4/2016,"Sabado",0,18:35:00,,"0.0",2,"Moto/Ciclomotor,Automóvil","Juan Bautista Alberdi Y Presidente Bernardino Rivadavi",2,1,0,0,0,0,1,,"Calle",,"SANTO TOMÉ","La Capital","Asfalto","No existe","I","S/D","Urbana","Ninguna","No existe","Intersección","Bueno","Buena","Diurna","Buen Tiempo","De alcance","S/D","Colisión","Otro","Faltante","Ninguna","Sin restricción"
2016,3648,6/21/2016,"Martes",0,20:30:00,,"0.0",2,"Moto/Ciclomotor,Automóvil","Jose de San Martin Y Capitan Martin Anton",3,2,0,0,1,0,0,,"Calle",,"SAN JOSÉ DEL RINCÓN","La Capital","Asfalto","No existe","I","Dentro","Urbana","Ninguna","No existe","Intersección","Bueno","Reducida","Nocturna","Buen Tiempo","Lateral","S/D","Colisión","Material Suelto","Faltante","Ninguna","Sin restricción"
2016,3649,6/30/2016,"Jueves",0,20:30:00,,"0.0",2,"Moto/Ciclomotor,Automóvil","Av A del Valle Y Lavaisse",4,2,0,0,2,0,0,,"Avenida",,"SANTA FE","La Capital","Asfalto","No existe","I","S/D","Urbana","Ninguna","No existe","Intersección","Bueno","Reducida","Nocturna","Buen Tiempo","Lateral","S/D","Colisión","Ninguna","S/D","Ninguna","Sin restricción"
2016,3650,6/16/2016,"Jueves",0,7:00:00,"Ruta Provincial 1","7.0",2,"Automóvil,Moto/Ciclomotor"," ",3,2,0,0,1,0,0,,"Ruta",1,"SAN JOSÉ DEL RINCÓN","La Capital","Asfalto","Natural","I","Dentro","Urbana","Ninguna","No existe","Recta","Resbaladiza","Reducida","Amanecer","Niebla","Lateral","S/D","Colisión","Material Suelto","S/D","Cordón divisorio","Sin restricción"
2016,3651,6/24/2016,"Viernes",0,14:15:00,,"0.0",2,"Moto/Ciclomotor,Transporte de Pasajeros Urbano (> 8 asientos)","Juan Bautista Alberdi Y Mariano Candioti",2,1,0,0,1,0,0,,"Calle",,"SANTO TOMÉ","La Capital","Asfalto","No existe","I","S/D","Urbana","Ninguna","Funciona","Intersección","Bueno","Buena","Diurna","Buen Tiempo","De alcance","S/D","Colisión","Otro","Vertical","Ninguna","Sin restricción"
2016,3652,6/29/2016,"Miercoles",0,23:30:00,,"0.0",2,"Moto/Ciclomotor,Moto/Ciclomotor","Salta Y Simon de Iriondo",2,2,0,0,0,0,0,,"Calle",,"LAS ROSAS","Belgrano","Tierra","No existe","III","Dentro","Urbana","Ninguna","No existe","Intersección","Bueno","Reducida","Nocturna","Buen Tiempo","De alcance","S/D","Colisión","Ninguna","Faltante","Cordón divisorio","Sin restricción"
2016,3653,6/26/2016,"Domingo",0,2:55:00,"Ruta Provincial 1","5.0",1,"Automóvil"," ",2,2,0,0,0,0,0,,"Ruta",1,"SAN JOSÉ DEL RINCÓN","La Capital","Hormigón","No existe","I","Dentro","Urbana","S/D","S/D","Recta","Resbaladiza","Reducida","Nocturna","Buen Tiempo","S/D","S/D","Vuelco","Agua","Horizontal","S/D","Sin restricción"
2016,3654,6/3/2016,"Viernes",0,21:10:00,,"0.0",2,"Automóvil,Automóvil","Av Pte Peron Y Bv Pellegrini",2,1,0,0,1,0,0,,"Avenida",,"SANTA FE","La Capital","Asfalto","No existe","I","Dentro","Urbana","Semáforo","Funciona","Intersección","Bueno","Buena","Nocturna","Buen Tiempo","Lateral","S/D","Colisión","Ninguna","Faltante","Cordón divisorio","Sin restricción"
2016,3655,6/15/2016,"Miercoles",0,17:00:00,,"0.0",2,"Moto/Ciclomotor,Automóvil","Lisandro de La Torre Y Cornelio de Saavedra",2,1,0,0,1,0,0,,"Calle",,"SANTO TOMÉ","La Capital","Asfalto","No existe","I","S/D","Urbana","Ninguna","No existe","Intersección","Bueno","Buena","Diurna","Buen Tiempo","De alcance","S/D","Colisión","S/D","Faltante","Ninguna","Sin restricción"
2016,3656,6/27/2016,"Lunes",0,3:30:00,,"0.0",2,"Automóvil,Moto/Ciclomotor","Avenida Nuestra Señora del Luj Y Martin Zavalla",2,1,0,0,1,0,0,,"Calle",,"SANTO TOMÉ","La Capital","Asfalto","Natural","I","Dentro","Urbana","Ninguna","No existe","Intersección","Bueno","Buena","Diurna","Buen Tiempo","Lateral","S/D","Colisión","S/D","Faltante","Ninguna","Sin restricción"
2016,3657,6/30/2016,"Jueves",0,19:40:00,,"0.0",2,"Automóvil,Moto/Ciclomotor","Avenida 16 Y Calle 19",2,1,0,0,1,0,0,,"Avenida",,"LAS PAREJAS","Belgrano","Asfalto","S/D","III","Dentro","Urbana","Ninguna","No existe","Recta","Bueno","Buena","Nocturna","Buen Tiempo","Lateral","S/D","Colisión","S/D","S/D","Cordón divisorio","Sin restricción"
2016,3658,6/9/2016,"Jueves",0,19:45:00,,"0.0",2,"Camión,Camión","Av Pte Peron Y Candido Pujato",3,1,0,0,2,0,0,,"Calle",,"SANTA FE","La Capital","Asfalto","No existe","I","Dentro","Urbana","Ninguna","No existe","Intersección","Bueno","Buena","Nocturna","Buen Tiempo","Lateral","S/D","Colisión","Ninguna","Faltante","Cordón divisorio","Sin restricción"
2016,3659,6/5/2016,"Domingo",0,8:40:00,,"0.0",2,"Peatón,Pickup/Utilitario","Juan Bautista Alberdi 2300",2,1,0,0,1,0,0,,"Calle",,"SANTO TOMÉ","La Capital","Asfalto","No existe","I","S/D","Urbana","Ninguna","No funciona","Recta","Bueno","Buena","Amanecer","Buen Tiempo","S/D","Peatón","Atropello","S/D","Faltante","Ninguna","Sin restricción"
2016,3660,6/18/2016,"Sabado",0,10:15:00,,"0.0",2,"Pickup/Utilitario,Moto/Ciclomotor","Teniente Loza Y Av Circunvalación",2,0,0,0,0,0,2,,"Calle",,"SANTA FE","La Capital","Hormigón","No existe","I","Dentro","Urbana","Señal Ceda el Paso","No existe","Intersección","Bueno","Buena","Diurna","Buen Tiempo","De alcance","S/D","Colisión","S/D","Vertical","Guardarrail","Sin restricción"
2016,3661,6/28/2016,"Martes",0,18:00:00,,"0.0",2,"Moto/Ciclomotor,Moto/Ciclomotor","Calle 11 Y Calle 20",2,1,0,0,1,0,0,,"Calle",,"LAS PAREJAS","Belgrano","Hormigón","No existe","III","S/D","Urbana","Ninguna","No existe","Recta","Deteriorada","Buena","Diurna","Buen Tiempo","S/D","S/D","Colisión","S/D","Horizontal","S/D","Sin restricción"
2016,3662,6/21/2016,"Martes",0,10:00:00,,"0.0",2,"Automóvil,Moto/Ciclomotor","Reynaldo Anselmi Y Hugo Wast",2,1,0,0,1,0,0,,"Calle",,"SANTA FE","La Capital","S/D","No existe","I","Dentro","Urbana","Ninguna","No existe","Intersección","Bueno","Buena","Diurna","Buen Tiempo","De alcance","S/D","Colisión","S/D","Faltante","Ninguna","Sin restricción"
2016,3663,6/23/2016,"Jueves",0,17:00:00,,"0.0",2,"Moto/Ciclomotor,Automóvil","Presidente Bernardino Rivadavi Y Hernandarias",2,1,0,0,1,0,0,,"S/D",,"SANTO TOMÉ","La Capital","Asfalto","No existe","I","S/D","Urbana","Ninguna","No existe","Intersección","Bueno","Buena","Atardecer","Buen Tiempo","De alcance","S/D","Colisión","Otro","Faltante","Ninguna","Sin restricción"
2016,3664,6/29/2016,"Miercoles",0,13:30:00,,"0.0",2,"Moto/Ciclomotor,Automóvil","Av A del Valle 8800",2,1,0,0,1,0,0,,"Calle",,"SANTA FE","La Capital","Asfalto","No existe","I","Dentro","Urbana","Ninguna","No existe","Recta","Con baches","Buena","Diurna","Buen Tiempo","De alcance","S/D","Colisión","S/D","Vertical","Ninguna","Sin restricción"
2016,3665,6/29/2016,"Miercoles",0,15:00:00,,"0.0",2,"Automóvil,Moto/Ciclomotor","Av A del Valle Y Belgrano",3,2,0,0,1,0,0,,"Calle",,"SANTA FE","La Capital","Asfalto","S/D","I","Dentro","Urbana","S/D","S/D","Intersección","Bueno","Buena","Diurna","S/D","Lateral","S/D","Colisión","S/D","S/D","S/D","S/D"
2016,3666,6/19/2016,"Domingo",0,22:00:00,,"0.0",2,"Moto/Ciclomotor,Moto/Ciclomotor","Av Pte Peron Y Bv Pellegrini",2,0,1,0,1,0,0,,"Calle",,"SANTA FE","La Capital","Asfalto","No existe","I","Dentro","Urbana","Semáforo","Funciona","Intersección","Bueno","Buena","Nocturna,Con luz artificial","Buen Tiempo","Lateral","S/D","Colisión","Ninguna","Faltante","Cordón divisorio","Sin restricción"