"anio_acci","nro_acci","fecha","desc_dia","fecha_aprox","hora_aprox","desc_ruta","km","cant_participantes","desc_participante","calle_avenida_km","total","heridos_leves","heridos_graves","heridos_gravisimos","ilesos","fallecidos","sin_datos","posicion_XY","desc_tipo_via","desc_ruta_ori","desc_loc","desc_dpto","desc_tipo_calzada","desc_tipo_banquina","desc_unidad_regional","desc_lugar_calzada","desc_zona","desc_prioridad","desc_estado_semaforo","desc_lugar_via","desc_estado_via","desc_estado_visibilidad","desc_luminosidad","desc_estado_clima","desc_tipo_colision","desc_tipo_atropello","desc_tipo_hecho","desc_pres_calzada","desc_senializacion","desc_separacion_via","desc_restriccion"
2016,3667,6/25/2016,"Sabado",0,9:30:00,,"0.0",2,"Automóvil,Moto/Ciclomotor","Necochea Y Ayacucho",2,1,0,0,1,0,0,,"Calle",,"SANTA FE","La Capital","Asfalto","S/D","I","Dentro","Urbana","S/D","S/D","Intersección","Bueno","Buena","Diurna","S/D","Lateral","S/D","Colisión","S/D","S/D","S/D","S/D"
2016,3668,6/14/2016,"Martes",0,15:10:00,,"0.0",2,"Moto/Ciclomotor,Automóvil","Las Heras Y San Lorenzo",3,2,0,0,1,0,0,,"Calle",,"LAS ROSAS","Belgrano","Asfalto","No existe","III","Dentro","Urbana","Ninguna","No existe","Intersección","Con baches","Buena","Diurna","Buen Tiempo","Frontal","S/D","Colisión","Ninguna","Horizontal","Cordón divisorio","Sin restricción"
2016,3669,6/9/2016,"Jueves",0,10:15:00,,"0.0",2,"Bicicleta,Automóvil","Buenos Aires Y San Luis",2,1,0,0,1,0,0,,"Calle",,"SANTO TOMÉ","La Capital","Asfalto","No existe","I","Dentro","Urbana","Ninguna","No existe","Intersección","Bueno","Buena","Atardecer","Buen Tiempo","S/D","Ciclista","Atropello","S/D","Faltante","Ninguna","Sin restricción"
2016,3670,6/22/2016,"Miercoles",0,12:25:00,,"0.0",2,"Automóvil,Moto/Ciclomotor","Belgrano Y Larrea",2,1,0,0,1,0,0,,"Calle",,"SANTA FE","La Capital","Asfalto","S/D","I","Dentro","Urbana","S/D","S/D","Intersección","Bueno","Buena","Diurna","S/D","Lateral","S/D","Colisión","S/D","S/D","S/D","S/D"
2016,3671,6/18/2016,"Sabado",0,23:20:00,,"0.0",2,"Moto/Ciclomotor,Automóvil","Av Galicia Y Alberdi",2,1,0,0,1,0,0,,"Calle",,"SANTA FE","La Capital","Asfalto","S/D","I","Dentro","Urbana","S/D","S/D","Intersección","Bueno","Buena","Nocturna","S/D","S/D","S/D","Colisión","S/D","S/D","S/D","S/D"
2016,3672,6/1/2016,"Miercoles",0,12:20:00,,"0.0",1,"Automóvil","Domingo Silva Y Av A del Valle",2,1,0,0,1,0,0,,"Avenida",,"SANTA FE","La Capital","Hormigón","No existe","I","Dentro","Urbana","Ninguna","No existe","Intersección","Bueno","Buena","Diurna","Buen Tiempo","Lateral","S/D","Colisión","Ninguna","Faltante","Línea divisoria pintada","Sin restricción"
2016,3673,6/14/2016,"Martes",0,8:45:00,,"0.0",2,"Automóvil,Moto/Ciclomotor","Risso Y Mitre",2,1,0,0,1,0,0,,"Calle",,"SANTA FE","La Capital","Asfalto","S/D","I","Dentro","Urbana","S/D","S/D","Intersección","Bueno","Buena","Diurna","S/D","Lateral","S/D","Colisión","S/D","S/D","S/D","S/D"
2016,3674,6/14/2016,"Martes",0,19:30:00,,"0.0",2,"Moto/Ciclomotor,Peatón","Salta Y Italia",2,1,0,0,1,0,0,,"S/D",,"LAS ROSAS","Belgrano","Asfalto","No existe","III","Dentro","Urbana","Ninguna","No existe","Recta","Bueno","Buena","Atardecer","Buen Tiempo","S/D","Peatón","Atropello","S/D","Faltante","Ninguna","Sin restricción"
2016,3675,6/4/2016,"Sabado",0,9:00:00,,"0.0",2,"Moto/Ciclomotor,Pickup/Utilitario","Av A del Valle Y Pedro Centeno",2,1,0,0,1,0,0,,"Avenida",,"SANTA FE","La Capital","Hormigón","No existe","I","Dentro","Urbana","Semáforo","Funciona","Intersección","Bueno","Buena","Diurna","Buen Tiempo","Lateral","S/D","Colisión","Ninguna","Vertical","Línea divisoria pintada","Sin restricción"
2016,3676,5/16/2016,"Lunes",0,11:00:00,,"0.0",2,"Moto/Ciclomotor,Automóvil","Libertad Y Sebastian Gaboto",2,1,0,0,1,0,0,,"S/D",,"SANTO TOMÉ","La Capital","Asfalto","No existe","I","Dentro","Urbana","Ninguna","No existe","Intersección","Bueno","Buena","Atardecer","Buen Tiempo","Lateral","S/D","Colisión","S/D","Faltante","Ninguna","Sin restricción"
2016,3677,6/13/2016,"Lunes",0,12:25:00,,"0.0",2,"Moto/Ciclomotor,Moto/Ciclomotor","Av Gral Lopez 6800",2,1,0,0,1,0,0,,"Calle",,"SANTA FE","La Capital","Asfalto","S/D","I","Dentro","Urbana","S/D","S/D","Recta","Bueno","Buena","Diurna","S/D","De alcance","S/D","Colisión","S/D","S/D","S/D","S/D"
2016,3678,6/6/2016,"Lunes",0,18:35:00,,"0.0",2,"Automóvil,Automóvil","Guemes Y Agustin Delgado",2,1,0,0,1,0,0,,"Calle",,"SANTA FE","La Capital","Asfalto","No existe","I","S/D","Urbana","Ninguna","No existe","Intersección","Bueno","Buena","Atardecer","Buen Tiempo","Lateral","S/D","Colisión","Ninguna","S/D","Ninguna","Sin restricción"
2016,3679,6/22/2016,"Miercoles",0,9:25:00,,"0.0",2,"Automóvil,Moto/Ciclomotor","Buenos Aires Y Jose De San Martin",2,1,0,0,1,0,0,,"S/D",,"SANTO TOMÉ","La Capital","Asfalto","No existe","I","S/D","Urbana","Señal Pare","No existe","Intersección","Bueno","Buena","Diurna","Buen Tiempo","Lateral","S/D","Colisión","S/D","Vertical","Ninguna","Sin restricción"
2016,3680,6/22/2016,"Miercoles",0,8:40:00,,"0.0",2,"Automóvil,Moto/Ciclomotor","Rivadavia Y Sarmiento",2,1,0,0,1,0,0,,"S/D",,"LAS ROSAS","Belgrano","Asfalto","No existe","III","S/D","Urbana","Ninguna","No existe","Intersección","Bueno","Buena","Diurna","Buen Tiempo","Lateral","S/D","Colisión","Ninguna","Vertical","Ninguna","Sin restricción"
2016,3681,6/4/2016,"Sabado",0,11:10:00,,"0.0",2,"Automóvil,Automóvil","Estanislao Zeballos Y San Martin",2,1,0,0,1,0,0,,"Calle",,"SANTA FE","La Capital","Hormigón","No existe","I","Dentro","Urbana","Ninguna","No existe","Intersección","Bueno","Buena","Diurna","Buen Tiempo","Lateral","S/D","Colisión","Ninguna","Faltante","Ninguna","Sin restricción"
2016,3682,6/6/2016,"Lunes",0,18:30:00,,"0.0",2,"Moto/Ciclomotor,Pickup/Utilitario","Angel Cassanello Y Velez Sarsfield",2,1,0,0,1,0,0,,"Calle",,"SANTA FE","La Capital","Asfalto","No existe","I","S/D","Urbana","Ninguna","No existe","Intersección","Bueno","Buena","Atardecer","Buen Tiempo","Lateral","S/D","Colisión","Ninguna","S/D","Ninguna","Sin restricción"
2016,3683,6/10/2016,"Viernes",0,8:30:00,,"0.0",2,"Automóvil,Moto/Ciclomotor","Las Heras Y Risso",2,1,0,0,1,0,0,,"Calle",,"SANTA FE","La Capital","Asfalto","S/D","I","Dentro","Urbana","S/D","S/D","Intersección","Bueno","Buena","Diurna","S/D","Lateral","S/D","Colisión","S/D","S/D","S/D","S/D"
2016,3684,6/8/2016,"Miercoles",0,8:30:00,,"0.0",2,"Automóvil,Pickup/Utilitario","J Castelli Y 4 de Enero",2,1,0,0,1,0,0,,"Calle",,"SANTA FE","La Capital","Hormigón","S/D","I","Dentro","Urbana","Ninguna","S/D","Intersección","Bueno,Con baches","Buena","Diurna","Buen Tiempo","Lateral","S/D","Colisión","S/D","Faltante","Ninguna","Sin restricción"
2016,3685,6/22/2016,"Miercoles",0,19:00:00,,"0.0",2,"Automóvil,Moto/Ciclomotor","Hernandarias Y Hipolito Irigoyen",2,1,0,0,1,0,0,,"Calle",,"SANTO TOMÉ","La Capital","Asfalto","S/D","I","S/D","Urbana","Semáforo","Funciona","Intersección","Bueno","Buena","Atardecer","Buen Tiempo","Lateral","S/D","Colisión","S/D","Vertical","Ninguna","Sin restricción"
2016,3686,6/8/2016,"Miercoles",0,9:00:00,,"0.0",2,"Moto/Ciclomotor,Pickup/Utilitario","Javier de la Rosa Y Mitre",2,1,0,0,1,0,0,,"Calle",,"SANTA FE","La Capital","Asfalto","S/D","I","Dentro","Urbana","S/D","S/D","Intersección","Bueno","Buena","Diurna","S/D","Lateral","S/D","Colisión","S/D","S/D","S/D","S/D"
2016,3687,6/7/2016,"Martes",0,20:40:00,,"0.0",3,"Automóvil,Pickup/Utilitario,Pickup/Utilitario","J Castelli Y Republica de Siria",3,1,0,0,2,0,0,,"Calle",,"SANTA FE","La Capital","Asfalto","No existe","I","S/D","Urbana","Ninguna","No existe","Intersección","Bueno","Reducida","Nocturna","Buen Tiempo","Lateral","S/D","Colisión","Ninguna","S/D","Ninguna","Sin restricción"
2016,3688,6/22/2016,"Miercoles",0,20:20:00,,"0.0",2,"Moto/Ciclomotor,Automóvil","Teniente Loza Y Reuteman",2,0,0,0,0,0,2,,"S/D",,"SANTA FE","La Capital","Asfalto","No existe","I","Dentro","Urbana","Ninguna","No existe","Intersección","Bueno","Reducida","Nocturna","Buen Tiempo","De alcance","S/D","Colisión","Otro","Faltante","Ninguna","Sin restricción"
2016,3689,6/3/2016,"Viernes",0,17:30:00,,"0.0",2,"Automóvil,Moto/Ciclomotor","Sarmiento 7200",3,2,0,0,1,0,0,,"Calle",,"SANTA FE","La Capital","Asfalto","S/D","I","Dentro","Urbana","S/D","S/D","Intersección","Bueno","Buena","Diurna","S/D","Lateral","S/D","Colisión","S/D","S/D","S/D","S/D"
2016,3690,6/9/2016,"Jueves",0,20:00:00,,"0.0",2,"Moto/Ciclomotor,Automóvil","Av A del Valle Y Espora",3,2,0,0,1,0,0,,"Avenida",,"SANTA FE","La Capital","Hormigón","No existe","I","Dentro","Urbana","Ninguna","No existe","Intersección","Bueno","Buena","Nocturna,Con luz artificial","Buen Tiempo","Lateral","S/D","Colisión","Ninguna","Faltante","Ninguna","Sin restricción"
2016,3691,6/8/2016,"Miercoles",0,19:00:00,,"0.0",2,"Moto/Ciclomotor,Automóvil","Av Gral Paz Y Angel Cassanello",3,2,0,0,1,0,0,,"Avenida",,"SANTA FE","La Capital","Asfalto","No existe","I","S/D","Urbana","Ninguna","Funciona","Intersección","Bueno","Reducida","Atardecer","Buen Tiempo","Lateral","S/D","Colisión","Ninguna","S/D","Ninguna","Sin restricción"
2016,3692,6/1/2016,"Miercoles",0,13:20:00,,"0.0",2,"Automóvil,Moto/Ciclomotor","Larrea Y Rivadavia",2,1,0,0,1,0,0,,"Calle",,"SANTA FE","La Capital","Asfalto","S/D","I","Dentro","Urbana","S/D","S/D","Intersección","Bueno","Buena","Diurna","S/D","Lateral","S/D","Colisión","S/D","S/D","S/D","S/D"
2016,3693,6/11/2016,"Sabado",0,2:00:00,"Ruta Nacional 11","449.0",1,"Automóvil","Ruta Nac 11 ",4,1,0,0,3,0,0,,"Ruta",11,"SAUCE VIEJO","La Capital","Asfalto","Natural","I","Dentro","Rural","Ninguna","No existe","Recta","Bueno","Reducida","Nocturna","Otro","S/D","S/D","Vuelco","Otro","Faltante","Línea divisoria pintada","Accidente Previo"
2016,3694,6/9/2016,"Jueves",0,10:40:00,,"0.0",2,"Moto/Ciclomotor,Automóvil","Av Gral Paz Y Pedro Diaz Colodrero",2,1,0,0,1,0,0,,"Avenida",,"SANTA FE","La Capital","Asfalto","No existe","I","S/D","Urbana","Ninguna","No existe","Intersección","Bueno","Buena","Diurna","Buen Tiempo","Lateral","S/D","Colisión","Ninguna","S/D","Ninguna","Sin restricción"
2016,3695,6/2/2016,"Jueves",0,16:00:00,,"0.0",2,"Moto/Ciclomotor,Automóvil","Las Heras Y Angel Cassanello",4,2,0,0,2,0,0,,"Calle",,"SANTA FE","La Capital","Asfalto","No existe","I","Dentro","Urbana","Ninguna","No existe","Intersección","Bueno","Buena","Diurna","Buen Tiempo","Lateral","S/D","Colisión","S/D","S/D","Ninguna","Sin restricción"
2016,3696,6/4/2016,"Sabado",0,18:30:00,,"0.0",2,"Moto/Ciclomotor,Moto/Ciclomotor","Teniente Loza Y 12 de Octubre",4,1,0,0,3,0,0,,"S/D",,"SANTA FE","La Capital","Asfalto","Pavimento","I","S/D","S/D","Ninguna","No existe","Intersección","Bueno","Buena","Diurna","Buen Tiempo","De alcance","S/D","Colisión","Otro","Faltante","Ninguna","Sin restricción"
2016,3697,7/7/2016,"Jueves",0,12:40:00,"Ruta Provincial 21","0.0",2,"Automóvil,Automóvil","Catamarca ",2,2,0,0,0,0,0,,"Ruta",21,"EMPALME VILLA CONSTITUCIÓN","Constitución","Asfalto","Natural","VI","Dentro","Urbana","Ninguna","No existe","Intersección","Bueno","Buena","Diurna","Buen Tiempo","De alcance","S/D","Colisión","Ninguna","Faltante","Línea divisoria pintada","Sin restricción"
2016,3698,6/10/2016,"Viernes",0,13:20:00,,"0.0",2,"Taxi/Remis,Moto/Ciclomotor","Pje Ingenieros Y Vieytes",2,1,0,0,1,0,0,,"Calle",,"SANTA FE","La Capital","Asfalto","No existe","I","Dentro","Urbana","Ninguna","No existe","Intersección","Con baches","Buena","Diurna","Buen Tiempo","Lateral","S/D","Colisión","Ninguna","Faltante","Ninguna","Sin restricción"
2016,3699,6/5/2016,"Domingo",0,,"Ruta Nacional 11","0.0",1,"Automóvil"," ",2,2,0,0,0,0,0,,"Ruta",11,"LLAMBI CAMPBELL","La Capital","Asfalto","Natural","I","S/D","S/D","Marca Vial","No existe","Recta","Con baches","Buena","Con luz artificial","Lluvia","Contra objeto fijo","S/D","Colisión","Agua","Horizontal","Línea divisoria pintada","Sin restricción"
2016,3700,6/6/2016,"Lunes",0,8:35:00,,"0.0",2,"Moto/Ciclomotor,Pickup/Utilitario","Av Gral Paz Y Agustin Delgado",2,1,0,0,1,0,0,,"Calle",,"SANTA FE","La Capital","Asfalto","No existe","I","Dentro","Urbana","Ninguna","No existe","Intersección","Bueno","Buena","Amanecer","Buen Tiempo","Lateral","S/D","Colisión","S/D","S/D","Ninguna","Sin restricción"
2016,3701,7/29/2016,"Viernes",0,17:00:00,,"0.0",2,"Automóvil,Moto/Ciclomotor","Mendoza Y Hipolito Irigoyen",2,0,1,0,1,0,0,,"Calle",,"VILLA CONSTITUCIÓN","Constitución","Asfalto","Pavimento","VI","Dentro","Urbana","Ninguna","No existe","Intersección","Bueno","Buena","Diurna","Buen Tiempo","Lateral","S/D","Colisión","Ninguna","Faltante","Línea divisoria pintada","Sin restricción"
2016,3702,6/12/2016,"Domingo",0,7:30:00,,"0.0",2,"Moto/Ciclomotor,Taxi/Remis","Av A del Valle Y Luciano Torrent",2,1,0,0,1,0,0,,"Avenida",,"SANTA FE","La Capital","Hormigón","No existe","I","Dentro","Urbana","Ninguna","No existe","Intersección","Bueno","Buena","Diurna","Buen Tiempo","Lateral","S/D","Colisión","Ninguna","Faltante","Ninguna","Sin restricción"
2016,3703,6/13/2016,"Lunes",0,19:30:00,,"0.0",2,"Bicicleta,Pickup/Utilitario","Gral San Martin Y Sarmiento",2,1,0,0,1,0,0,,"S/D",,"LLAMBI CAMPBELL","La Capital","Asfalto","No existe","I","S/D","S/D","Ninguna","No existe","Intersección","Bueno","Buena","Nocturna","Buen Tiempo","S/D","Ciclista","Atropello","Ninguna","Faltante","Cordón divisorio","Sin restricción"
2016,3704,6/13/2016,"Lunes",0,19:50:00,"Ruta Nacional 11","0.0",2,"Moto/Ciclomotor,Pickup/Utilitario"," ",3,2,0,0,1,0,0,,"Ruta",11,"RECREO","La Capital","Asfalto","Natural","I","S/D","S/D","Ninguna","No existe","Recta","Bueno","Buena","Nocturna,Con luz artificial","Buen Tiempo","Lateral","S/D","Colisión","Ninguna","Vertical","Línea divisoria pintada","Sin restricción"
2016,3705,7/29/2016,"Viernes",0,21:30:00,,"0.0",2,"Automóvil,Peatón","Alberdi Y Estanislao Lopez",3,2,0,0,1,0,0,,"Calle",,"SAN JOSÉ DE LA ESQUINA","Caseros","Hormigón","No existe","IV","Dentro","Urbana","Ninguna","No existe","Recta","Bueno","Reducida","Nocturna","Buen Tiempo","S/D","Peatón","Atropello","S/D","Faltante","Ninguna","Sin restricción"
2016,3706,7/30/2016,"Sabado",0,14:00:00,,"0.0",2,"Moto/Ciclomotor,Camión c / Acoplado","Av Rosario Y Pasteur",2,0,1,0,1,0,0,,"Avenida",,"EMPALME VILLA CONSTITUCIÓN","Constitución","Asfalto","Pavimento","VI","Dentro","Urbana","Ninguna","No existe","Intersección","Bueno","Buena","Diurna","Buen Tiempo","De alcance","S/D","Colisión","Ninguna","Faltante","Línea divisoria pintada","Sin restricción"
2016,3707,6/5/2016,"Domingo",0,19:30:00,,"0.0",2,"Moto/Ciclomotor,Automóvil","Av Blas Parera Y Chaco",2,1,0,0,1,0,0,,"S/D",,"SANTA FE","La Capital","Asfalto","S/D","I","S/D","Urbana","Semáforo","S/D","Intersección","Otro","S/D","S/D","Buen Tiempo","De alcance","S/D","Colisión","Otro","S/D","Ninguna","Sin restricción"
2016,3708,7/1/2016,"Viernes",0,12:30:00,,"0.0",2,"Moto/Ciclomotor,Pickup/Utilitario","R E De San Martin Y Gral Urquiza",2,1,0,0,1,0,0,,"Calle",,"SAN JUSTO","San Justo","Asfalto","No existe","XVI","Dentro","Urbana","Ninguna","No existe","Intersección","Bueno","Buena","Diurna","Buen Tiempo","Lateral","S/D","Colisión","S/D","Faltante","Ninguna","Sin restricción"
2016,3709,6/15/2016,"Miercoles",0,17:00:00,,"0.0",2,"Moto/Ciclomotor,Pickup/Utilitario","Av A del Valle Y Alberti",3,1,0,0,2,0,0,,"Avenida",,"SANTA FE","La Capital","Hormigón","S/D","I","Dentro","Urbana","Ninguna","No existe","Intersección","Bueno","Buena","Diurna","Buen Tiempo","Lateral","S/D","Colisión","Ninguna","Faltante","Ninguna","Sin restricción"
2016,3710,6/24/2016,"Viernes",0,15:20:00,,"0.0",2,"Otros,Automóvil","Mateo Booz Y Guemes",2,1,0,0,1,0,0,,"Calle",,"RECREO","La Capital","Tierra","Natural","I","S/D","Urbana","Ninguna","No existe","Intersección","Deteriorada","Buena","Diurna","Buen Tiempo","Lateral","S/D","Colisión","Ninguna","Faltante","Ninguna","Sin restricción"
2016,3711,7/30/2016,"Sabado",0,17:00:00,,"0.0",2,"Automóvil,Moto/Ciclomotor","Av Escalada Y Cochabamba",2,1,0,0,1,0,0,,"Avenida",,"EMPALME VILLA CONSTITUCIÓN","Constitución","Asfalto","Natural","VI","Dentro","Urbana","Ninguna","No existe","Intersección","Bueno","Buena","Diurna","Buen Tiempo","De alcance","S/D","Colisión","Ninguna","Faltante","Línea divisoria pintada","Sin restricción"
2016,3712,6/16/2016,"Jueves",0,19:30:00,"Ruta Nacional 11","482.0",2,"Moto/Ciclomotor,Pickup/Utilitario"," ",2,1,0,0,1,0,0,,"Ruta",11,"RECREO","La Capital","Asfalto","Natural","I","S/D","Urbana","Ninguna","No existe","Recta","Bueno","Reducida","Nocturna","Buen Tiempo","Lateral","S/D","Colisión","Ninguna","Vertical","Línea divisoria pintada","Sin restricción"
2016,3713,7/4/2016,"Lunes",0,19:30:00,,"0.0",2,"Moto/Ciclomotor,Pickup/Utilitario","9 de Julio Y Combate de San Lorenzo",3,1,0,0,2,0,0,,"Calle",,"GOBERNADOR CRESPO","San Justo","Asfalto","Pavimento","XVI","Dentro","Urbana","Ninguna","No existe","Intersección","Bueno","Buena","Amanecer","Buen Tiempo","Lateral","S/D","Colisión","S/D","Faltante","Ninguna","Sin restricción"
2016,3714,6/4/2016,"Sabado",0,6:25:00,"Ruta Nacional 19","0.0",3,"Automóvil,Automóvil,Automóvil"," ",6,3,0,0,3,0,0,,"Ruta",19,"SANTO TOMÉ","La Capital","Asfalto","Natural","I","Dentro","Urbana","Semáforo","Funciona","Intersección","Bueno","Buena","Amanecer","Buen Tiempo","Múltiple","S/D","Colisión","S/D","Vertical","Línea divisoria pintada","Sin restricción"
2016,3715,6/15/2016,"Miercoles",0,17:30:00,,"0.0",2,"Moto/Ciclomotor,Automóvil","1ro de Mayo ",3,1,0,0,2,0,0,,"Calle",,"SANTA FE","La Capital","Hormigón","No existe","I","Dentro","Urbana","Ninguna","No existe","Intersección","Bueno","Buena","Atardecer,Con luz artificial","Buen Tiempo","Lateral","S/D","Colisión","S/D","Faltante","Ninguna","Sin restricción"
2016,3716,7/20/2016,"Miercoles",0,,,"0.0",2,"Bicicleta,Moto/Ciclomotor","San Martin Y Cordoba",3,1,0,0,2,0,0,,"Calle",,"VILLA CONSTITUCIÓN","Constitución","Asfalto","No existe","VI","Dentro","Urbana","Ninguna","No existe","Recta","Bueno","Buena","Diurna","Buen Tiempo","S/D","Ciclista","Atropello","Ninguna","Faltante","Ninguna","Sin restricción"
2016,3717,7/14/2016,"Jueves",0,14:00:00,,"0.0",2,"Bicicleta,Pickup/Utilitario","San Romulo ",2,1,0,0,1,0,0,,"S/D",,"GOBERNADOR CRESPO","San Justo","Ripio","Pavimento","XVI","Dentro","Urbana","Ninguna","No existe","Recta","Con baches","Buena","Atardecer,Con luz artificial","Buen Tiempo","S/D","Ciclista","Atropello","S/D","Faltante","Ninguna","Sin restricción"
2016,3718,6/2/2016,"Jueves",0,17:50:00,,"0.0",2,"Pickup/Utilitario,Pickup/Utilitario","Pedro Espinosa 6300",2,2,0,0,0,0,0,,"S/D",,"SANTA FE","La Capital","Asfalto","No existe","I","S/D","Urbana","Ninguna","No existe","Recta","Bueno","Buena","Diurna","Buen Tiempo","De alcance","S/D","Colisión","Ninguna","Faltante","Ninguna","Sin restricción"
2016,3719,7/31/2016,"Domingo",1,,"Ruta Provincial 62","55.0",2,"Moto/Ciclomotor,Automóvil"," ",2,1,0,0,1,0,0,,"Ruta",62,"CAYASTACITO","San Justo","Asfalto","Natural","XVI","Dentro","Urbana","Marca Vial","No existe","Recta","Deteriorada","Reducida humo","Diurna","Buen Tiempo","De alcance","S/D","Colisión","Material Suelto","Horizontal","Línea divisoria pintada","Sin restricción"
2016,3720,7/19/2016,"Martes",0,,,"0.0",2,"Automóvil,Automóvil","Catamarca Y Simon Bolivar",2,1,0,0,1,0,0,,"S/D",,"VILLA CONSTITUCIÓN","Constitución","S/D","S/D","VI","S/D","S/D","Ninguna","No existe","Intersección","Otro","S/D","Diurna","Buen Tiempo","Lateral","S/D","Colisión","Ninguna","S/D","Ninguna","Sin restricción"
2016,3721,7/28/2016,"Jueves",0,16:55:00,,"0.0",2,"Moto/Ciclomotor,Pickup/Utilitario","Ferrocarril Manuel Belgrano Y San Pablo",3,1,0,0,2,0,0,,"Calle",,"GREGORIA P. DE DENIS","9 de Julio","Ripio","Natural","XII","Dentro","Urbana","Ninguna","No existe","Intersección","Bueno","Buena","Diurna","Buen Tiempo","Lateral","S/D","Colisión","S/D","Faltante","Ninguna","Sin restricción"
2016,3722,7/17/2016,"Domingo",0,20:35:00,,"0.0",2,"Moto/Ciclomotor,Pickup/Utilitario","Simon Bolivar Y Catamarca",2,1,0,0,1,0,0,,"Calle",,"VILLA CONSTITUCIÓN","Constitución","Asfalto","No existe","VI","Dentro","Urbana","Ninguna","No existe","Intersección","Bueno","Buena","Diurna","Buen Tiempo","Lateral","S/D","Colisión","Ninguna","Faltante","Ninguna","Sin restricción"
2016,3723,6/10/2016,"Viernes",0,1:00:00,"Ruta Nacional 11","492.0",2,"Camión,Pickup/Utilitario"," ",7,4,0,0,3,0,0,,"Ruta",11,"CANDIOTI","La Capital","Asfalto","Natural","I","Dentro","Rural","Ninguna","No existe","Recta","Bueno","Reducida","Nocturna","Buen Tiempo","Lateral","S/D","Colisión","Ninguna","Faltante","Línea divisoria pintada","Sin restricción"
2016,3724,6/15/2016,"Miercoles",0,19:30:00,,"0.0",2,"Moto/Ciclomotor,Automóvil","Av A del Valle Y Alberti",3,2,0,0,1,0,0,,"Avenida",,"SANTA FE","La Capital","Hormigón","No existe","I","Dentro","Urbana","Ninguna","No existe","Intersección","Bueno","Buena","Nocturna,Con luz artificial","Buen Tiempo","Lateral","S/D","Colisión","Ninguna","Faltante","Línea divisoria pintada","Sin restricción"
2016,3725,6/2/2016,"Jueves",0,21:40:00,,"0.0",2,"Automóvil,Moto/Ciclomotor","Hugo Wast Y Cafferata",2,1,0,0,1,0,0,,"Calle",,"SANTA FE","La Capital","Asfalto","No existe","I","Dentro","Urbana","Ninguna","No existe","Recta","Bueno","Buena","Nocturna","Buen Tiempo","Lateral","S/D","Colisión","Ninguna","Faltante","Ninguna","Sin restricción"
2016,3726,7/13/2016,"Miercoles",0,22:40:00,,"0.0",2,"Moto/Ciclomotor,Moto/Ciclomotor","Independencia Y Avenida Rivadavia",3,2,0,0,1,0,0,,"Calle",,"TOSTADO","9 de Julio","Asfalto","No existe","XII","Dentro","Urbana","Semáforo","Funciona","Intersección","Bueno","Buena","Nocturna","Buen Tiempo","Lateral","S/D","Colisión","S/D","Faltante","Ninguna","S/D"
2016,3727,6/10/2016,"Viernes",0,16:25:00,"Ruta Nacional 19","0.0",2,"Automóvil,Moto/Ciclomotor","3 de febrero ",3,1,0,0,2,0,0,,"Ruta",19,"SANTO TOMÉ","La Capital","Asfalto","Ripio","I","S/D","Urbana","Ninguna","No existe","Intersección","Bueno","Buena","Atardecer","Buen Tiempo","Lateral","S/D","Colisión","S/D","Faltante","Línea divisoria pintada","Sin restricción"
2016,3728,6/15/2016,"Miercoles",0,21:45:00,,"0.0",2,"Moto/Ciclomotor,Automóvil","9 de Julio 5000",2,1,0,0,1,0,0,,"Calle",,"SANTA FE","La Capital","Hormigón","No existe","I","Dentro","Urbana","Ninguna","No existe","Recta","Bueno","Buena","Nocturna,Con luz artificial","Buen Tiempo","De alcance","S/D","Colisión","S/D","Faltante","Ninguna","Sin restricción"
2016,3729,6/7/2016,"Martes",0,13:00:00,,"0.0",2,"Automóvil,Moto/Ciclomotor","Callejon Aguirre Y Av Blas Parera",2,1,0,0,1,0,0,,"Calle",,"SANTA FE","La Capital","Asfalto","No existe","I","S/D","Urbana","Ninguna","No existe","Recta","Bueno","Buena","Diurna","Buen Tiempo","De alcance","S/D","Colisión","Ninguna","Faltante","Ninguna","Sin restricción"
2016,3730,7/3/2016,"Domingo",0,7:45:00,,"0.0",1,"Moto/Ciclomotor","Rio Negro Y Entre Rios",1,0,1,0,0,0,0,,"Calle",,"TOSTADO","9 de Julio","Asfalto","No existe","XII","Dentro","Urbana","Ninguna","No existe","Intersección","Deteriorada","Buena","Amanecer","Buen Tiempo","S/D","S/D","Vuelco","S/D","Faltante","Ninguna","Sin restricción"
2016,3731,7/31/2016,"Domingo",0,,,"0.0",2,"Pickup/Utilitario,Moto/Ciclomotor","Sarmiento Y San Lorenzo",4,1,1,0,2,0,0,,"Calle",,"TOSTADO","9 de Julio","Asfalto","Natural","XII","Dentro","Urbana","Ninguna","No existe","Intersección","Bueno","Buena","Nocturna","Buen Tiempo","S/D","S/D","Colisión","S/D","Faltante","Ninguna","Sin restricción"