"anio_acci","nro_acci","fecha","desc_dia","fecha_aprox","hora_aprox","desc_ruta","km","cant_participantes","desc_participante","calle_avenida_km","total","heridos_leves","heridos_graves","heridos_gravisimos","ilesos","fallecidos","sin_datos","posicion_XY","desc_tipo_via","desc_ruta_ori","desc_loc","desc_dpto","desc_tipo_calzada","desc_tipo_banquina","desc_unidad_regional","desc_lugar_calzada","desc_zona","desc_prioridad","desc_estado_semaforo","desc_lugar_via","desc_estado_via","desc_estado_visibilidad","desc_luminosidad","desc_estado_clima","desc_tipo_colision","desc_tipo_atropello","desc_tipo_hecho","desc_pres_calzada","desc_senializacion","desc_separacion_via","desc_restriccion"
2016,3732,6/15/2016,"Miercoles",0,22:10:00,,"0.0",2,"Moto/Ciclomotor,Automóvil","Pje Ingenieros Y Quintana",2,1,0,0,0,0,1,,"Calle",,"SANTA FE","La Capital","Hormigón","No existe","I","Dentro","Urbana","Ninguna","No existe","Intersección","Bueno","Buena","Nocturna,Con luz artificial","Buen Tiempo","Lateral","S/D","Colisión","Ninguna","Faltante","Ninguna","Sin restricción"
2016,3733,6/17/2016,"Viernes",0,18:00:00,"Ruta Nacional 11","0.0",1,"Automóvil","Ruta Nacional 11 Y Aramburu",2,1,0,0,1,0,0,,"Ruta",11,"CANDIOTI","La Capital","Asfalto","Natural","I","Dentro","Urbana","Ninguna","No existe","Intersección","Bueno","Buena","Atardecer","Buen Tiempo","S/D","S/D","Despiste","Ninguna","Faltante","Ninguna","Sin restricción"
2016,3734,6/16/2016,"Jueves",0,11:20:00,,"0.0",2,"Automóvil,Moto/Ciclomotor","Av A del Valle Y Boneo",2,1,0,0,1,0,0,,"Avenida",,"SANTA FE","La Capital","Hormigón","No existe","I","Dentro","Urbana","Ninguna","No existe","Intersección","Bueno","Buena","Diurna","Buen Tiempo","Lateral","S/D","Colisión","Ninguna","Faltante","Ninguna","Sin restricción"
2016,3735,6/16/2016,"Jueves",0,14:30:00,,"0.0",2,"Moto/Ciclomotor,Automóvil","J Castelli Y 9 de Julio",2,1,0,0,1,0,0,,"Calle",,"SANTA FE","La Capital","Hormigón","No existe","I","Dentro","Urbana","Ninguna","No existe","Intersección","Bueno","Buena","Diurna","Buen Tiempo","Lateral","S/D","Colisión","Ninguna","Faltante","Ninguna","Sin restricción"
2016,3736,6/16/2016,"Jueves",0,16:30:00,,"0.0",2,"Automóvil,Moto/Ciclomotor","Av A del Valle Y Alberti",2,1,0,0,1,0,0,,"Avenida",,"SANTA FE","La Capital","Asfalto,Hormigón","No existe","I","Dentro","Urbana","Ninguna","No existe","Intersección","Bueno","Buena","Diurna","Buen Tiempo","S/D","S/D","Colisión","Ninguna","Faltante","Ninguna","S/D"
2016,3737,6/17/2016,"Viernes",0,19:00:00,,"0.0",2,"Automóvil,Moto/Ciclomotor","Av A del Valle Y Risso",2,1,0,0,1,0,0,,"Avenida",,"SANTA FE","La Capital","Hormigón","No existe","I","Dentro","Urbana","Ninguna","Funciona","Intersección","Con baches","Buena","Con luz artificial","Buen Tiempo","Lateral","S/D","Colisión","Ninguna","Faltante","Ninguna","Sin restricción"
2016,3738,6/24/2016,"Viernes",0,9:40:00,,"0.0",2,"Moto/Ciclomotor,Automóvil"," ",2,1,0,0,0,0,1,,"Calle",,"SANTO TOMÉ","La Capital","Asfalto","Natural","I","S/D","S/D","Ninguna","No existe","Intersección","Bueno","Buena","Diurna","Buen Tiempo","Lateral","S/D","Colisión","Ninguna","Faltante","Ninguna","Sin restricción"
2016,3739,6/30/2016,"Jueves",0,18:30:00,,"0.0",2,"Automóvil,Pickup/Utilitario","Lisandro de La Torre Y  Saavedra Miguel de Cervantes",5,3,0,0,2,0,0,,"Calle",,"SANTO TOMÉ","La Capital","Asfalto","No existe","I","S/D","Urbana","Otra Señal","No existe","Intersección","Bueno","S/D","Atardecer,Con luz artificial","Buen Tiempo","Múltiple","S/D","Colisión","S/D","Faltante","Cordón divisorio","S/D"
2016,3740,6/12/2016,"Domingo",0,19:20:00,,"0.0",2,"Automóvil,Moto/Ciclomotor","Av Blas Parera Y Florencio Fernandez",2,1,0,0,1,0,0,,"S/D",,"SANTA FE","La Capital","Asfalto","No existe","I","S/D","Urbana","Ninguna","No existe","Recta","Bueno","Reducida p/ objetos","Nocturna","Buen Tiempo","De alcance","S/D","Colisión","Ninguna","Faltante","Ninguna","Obra en Construcción"
2016,3741,6/14/2016,"Martes",0,13:00:00,,"0.0",2,"Moto/Ciclomotor,Moto/Ciclomotor","Gorriti Y Av Blas Parera",3,3,0,0,0,0,0,,"Avenida",,"SANTA FE","La Capital","Asfalto","No existe","I","S/D","Urbana","Ninguna","Funciona","Intersección","Bueno","Buena","Diurna","Buen Tiempo","Frontal","S/D","Colisión","Ninguna","Faltante","Ninguna","Obra en Construcción"
2016,3742,6/19/2016,"Domingo",0,8:00:00,,"0.0",2,"Automóvil,Moto/Ciclomotor","Av Blas Parera Y Callejon Aguirre",2,1,0,0,1,0,0,,"Avenida",,"SANTA FE","La Capital","Asfalto","No existe","I","S/D","Urbana","Semáforo","Funciona","Recta","Bueno","Buena","Diurna","Buen Tiempo","De alcance","S/D","Colisión","Ninguna","Faltante","Ninguna","Obra en Construcción"
2016,3743,6/27/2016,"Lunes",0,18:00:00,,"0.0",2,"Automóvil,Bicicleta","Callejon Mendez 6100",2,1,0,0,1,0,0,,"Calle",,"SANTA FE","La Capital","Asfalto","No existe","I","S/D","Urbana","Ninguna","No existe","Recta","Bueno","Buena","Atardecer","Buen Tiempo","S/D","Ciclista","Atropello","Ninguna","Faltante","Ninguna","Sin restricción"
2016,3744,6/27/2016,"Lunes",0,21:00:00,,"0.0",2,"Automóvil,Moto/Ciclomotor","Av Blas Parera Y Millan Medina",3,1,0,0,1,0,1,,"Avenida",,"SANTA FE","La Capital","Asfalto","S/D","I","S/D","Urbana","Ninguna","S/D","Intersección","Bueno","S/D","Nocturna","Buen Tiempo","Frontal","S/D","Colisión","Otro","Horizontal","Ninguna","Sin restricción"
2016,3745,6/6/2016,"Lunes",0,8:10:00,,"0.0",2,"Peatón,Moto/Ciclomotor","Av Peñaloza Y Azcuenaga",2,1,0,0,1,0,0,,"Avenida",,"SANTA FE","La Capital","Asfalto","S/D","I","S/D","Urbana","Ninguna","S/D","Intersección","Bueno","S/D","Diurna","Buen Tiempo","S/D","S/D","Colisión","Otro","Horizontal","Ninguna","Sin restricción"
2016,3746,6/11/2016,"Sabado",0,,,"0.0",2,"Automóvil,Moto/Ciclomotor","Av Peñaloza Y Matheu",2,1,0,0,1,0,0,,"Avenida",,"SANTA FE","La Capital","Asfalto","S/D","I","S/D","Urbana","Ninguna","S/D","Intersección","Bueno","S/D","S/D","Buen Tiempo","S/D","S/D","Colisión","S/D","Horizontal","Ninguna","Sin restricción"
2016,3747,3/1/2016,"Martes",0,2:35:00,,"0.0",2,"Moto/Ciclomotor,Automóvil","Pasco Y Bolivia",4,3,0,0,1,0,0,,"Calle",,"ROSARIO","Rosario","S/D","S/D","II","Dentro","Urbana","S/D","S/D","S/D","S/D","S/D","Nocturna","S/D","S/D","S/D","Colisión","S/D","S/D","S/D","S/D"
2016,3748,3/5/2016,"Sabado",0,2:20:00,,"0.0",2,"Camión,Moto/Ciclomotor","Av. Provincias Unidas Y Cerrito",2,1,0,0,1,0,0,,"Calle",,"ROSARIO","Rosario","S/D","S/D","II","Dentro","Urbana","S/D","S/D","S/D","S/D","S/D","Nocturna","S/D","S/D","S/D","Colisión","S/D","S/D","S/D","S/D"
2016,3749,3/5/2016,"Sabado",0,2:00:00,,"0.0",2,"Moto/Ciclomotor,Automóvil","Camino Interprovincial Y Calle 60",3,2,0,0,1,0,0,,"Calle",,"FRONTERA","Castellanos","S/D","S/D","V","Dentro","Urbana","S/D","S/D","S/D","S/D","S/D","Nocturna","S/D","S/D","S/D","Colisión","S/D","S/D","S/D","S/D"
2016,3750,3/7/2016,"Lunes",0,19:50:00,,"0.0",2,"Tren,Peatón","J M Zuviria Y Av A del Valle",2,1,0,0,1,0,0,,"Calle",,"SANTA FE","La Capital","S/D","S/D","I","Dentro","Urbana","S/D","S/D","Paso a Nivel FFCC","S/D","S/D","Atardecer","S/D","S/D","Peatón","Atropello","S/D","S/D","S/D","S/D"
2016,3751,3/17/2016,"Jueves",0,22:05:00,,"0.0",2,"Vehículo Oficial,Vehículo Oficial","Colon Y San Luis",2,2,0,0,0,0,0,,"Calle",,"VILLA CONSTITUCIÓN","Constitución","S/D","S/D","VI","Dentro","Urbana","S/D","S/D","S/D","S/D","S/D","Nocturna","S/D","De alcance","S/D","Colisión","S/D","S/D","S/D","S/D"
2016,3752,3/23/2016,"Miercoles",0,3:00:00,,"0.0",2,"Moto/Ciclomotor,Peatón","Av. Provincias Unidas Y F.M.Esquiu",3,2,0,0,1,0,0,,"Calle",,"ROSARIO","Rosario","S/D","S/D","II","Dentro","Urbana","S/D","S/D","S/D","S/D","S/D","Nocturna","S/D","S/D","Peatón","Atropello","S/D","S/D","S/D","S/D"
2016,3753,3/26/2016,"Sabado",0,21:00:00,,"0.0",1,"Moto/Ciclomotor","Av. Ovidio Lagos Y Copacabana",1,0,1,0,0,0,0,,"Calle",,"ROSARIO","Rosario","Asfalto","S/D","II","Dentro","Urbana","S/D","S/D","Intersección","S/D","Buena","Nocturna","S/D","Contra objeto fijo","S/D","Colisión","S/D","S/D","S/D","S/D"
2016,3754,4/19/2016,"Martes",0,19:00:00,"Ruta Nacional 11","0.0",2,"Bicicleta,Pickup/Utilitario"," ",3,1,0,0,2,0,0,,"Ruta",11,"EL RABÓN","General Obligado","Asfalto","Natural","IX","Dentro","Urbana","Ninguna","No existe","Recta","Deteriorada","Reducida","Atardecer","Lluvia","S/D","Ciclista","Atropello","Ninguna","Faltante","Línea divisoria pintada","Sin restricción"
2016,3755,3/10/2016,"Jueves",0,23:50:00,"Ruta Provincial Brigadier E.López","67.0",1,"Pickup/Utilitario"," ",1,1,0,0,0,0,0,,"Ruta","Brigadier E.López","MONJE","San Jerónimo","S/D","S/D","II","Dentro","Urbana","S/D","S/D","Recta","S/D","Buena","Diurna","S/D","S/D","S/D","Vuelco","S/D","S/D","S/D","S/D"
2016,3756,4/16/2016,"Sabado",0,10:45:00,,"0.0",2,"Moto/Ciclomotor,Moto/Ciclomotor","Av Aristobulo del Valle 1000",3,1,0,0,2,0,0,,"Avenida",,"RAFAELA","Castellanos","Asfalto","No existe","V","Dentro","Urbana","Ninguna","No existe","Recta","Bueno","Buena","Diurna","S/D","Múltiple","S/D","Colisión","Ninguna","Vertical","Cordón divisorio","Sin restricción"
2016,3757,3/13/2016,"Domingo",0,3:45:00,"Ruta Nacional 11","886.0",1,"Automóvil"," ",1,1,0,0,0,0,0,,"Ruta",11,"TACUARENDÍ","General Obligado","S/D","S/D","IX","Dentro","Urbana","S/D","S/D","Recta","S/D","S/D","Nocturna","S/D","S/D","S/D","Despiste","S/D","S/D","S/D","Sin restricción"
2016,3758,2/17/2016,"Miercoles",0,18:00:00,,"0.0",2,"Moto/Ciclomotor,Moto/Ciclomotor","Suipacha Y Derqui",3,3,0,0,0,0,0,,"Calle",,"CAÑADA DE GÓMEZ","Iriondo","S/D","No existe","X","S/D","Urbana","Ninguna","No existe","Intersección","Bueno","Buena","Diurna","Buen Tiempo","Frontal","S/D","Colisión","S/D","S/D","Ninguna","Sin restricción"
2016,3759,3/13/2016,"Domingo",0,7:50:00,"Ruta Provincial Brigadier E.López","4.0",1,"Automóvil"," ",1,1,0,0,0,0,0,,"Ruta","Brigadier E.López","GRANADERO BAIGORRIA","Rosario","S/D","S/D","II","Dentro","Urbana","S/D","S/D","Recta","S/D","Buena","Diurna","S/D","S/D","S/D","Despiste","S/D","S/D","S/D","S/D"
2016,3760,3/9/2016,"Miercoles",0,,,"0.0",2,"Automóvil,Automóvil","Boulevard Centenario Y Sarmiento",2,1,0,0,1,0,0,,"Calle",,"CAÑADA DE GÓMEZ","Iriondo","Asfalto","No existe","X","Dentro","Urbana","Ninguna","No existe","Intersección","Bueno","Buena","Nocturna","Buen Tiempo","Lateral","S/D","Colisión","Ninguna","Vertical","Ninguna","Sin restricción"
2016,3761,3/19/2016,"Sabado",0,21:20:00,"Ruta Nacional 34","155.0",2,"Camión c / Semirremolque,Camión c / Semirremolque"," ",2,2,0,0,0,0,0,,"Ruta",34,"SAN VICENTE.","Castellanos","S/D","S/D","V","Dentro","Urbana","S/D","S/D","Recta","S/D","S/D","Nocturna","S/D","S/D","S/D","Colisión","S/D","S/D","S/D","S/D"
2016,3762,3/23/2016,"Miercoles",0,12:05:00,,"0.0",2,"Pickup/Utilitario,Moto/Ciclomotor","Ballesteros Y San Martin",2,1,0,0,1,0,0,,"Calle",,"CAÑADA DE GÓMEZ","Iriondo","Asfalto","No existe","X","Dentro","Urbana","Ninguna","No existe","Intersección","Bueno","Buena","Diurna","Buen Tiempo","Lateral","S/D","Colisión","Ninguna","Horizontal","Cordón divisorio","Sin restricción"
2016,3763,3/24/2016,"Jueves",0,8:25:00,"Ruta Nacional 9","370.0",2,"Camión,Automóvil"," ",2,1,0,0,1,0,0,,"Ruta",9,"CAÑADA DE GÓMEZ","Iriondo","Asfalto","No existe","X","Dentro","Urbana","Ninguna","No existe","Recta","Bueno","Buena","Diurna","Buen Tiempo","Lateral","S/D","Colisión","S/D","Faltante","Ninguna","Accidente Previo"
2016,3764,5/20/2016,"Viernes",0,18:45:00,,"0.0",2,"Automóvil,Bicicleta","Nicolas Avellaneda Y Maipu",2,1,0,0,1,0,0,,"Calle",,"CAÑADA DE GÓMEZ","Iriondo","Asfalto","No existe","X","Dentro","Urbana","Ninguna","No existe","Recta","Bueno","Buena","Atardecer,Con luz artificial","Buen Tiempo","Frontal","Ciclista","Atropello","S/D","Horizontal","Ninguna","Sin restricción"
2016,3765,3/24/2016,"Jueves",0,7:35:00,"Ruta Nacional 9","371.0",1,"Automóvil"," ",3,3,0,0,0,0,0,,"Ruta",9,"CAÑADA DE GÓMEZ","Iriondo","Asfalto","Ripio","X","Dentro","Urbana","Ninguna","No existe","Curva","Bueno","Buena","Diurna","Buen Tiempo","S/D","S/D","Vuelco","S/D","Faltante","Ninguna","Sin restricción"
2016,3766,3/27/2016,"Domingo",0,9:45:00,,"0.0",2,"Automóvil,Automóvil","Av. Santa Fe Y Mitre",4,1,0,0,3,0,0,,"Calle",,"CAÑADA DE GÓMEZ","Iriondo","Asfalto","No existe","X","Dentro","Urbana","Semáforo","Funciona","Puente","Con baches,Deteriorada","Buena","Diurna","Buen Tiempo","Lateral","S/D","Colisión","S/D","Faltante","Ninguna","Sin restricción"
2016,3767,3/25/2016,"Viernes",0,3:25:00,,"0.0",2,"Pickup/Utilitario,Moto/Ciclomotor","Lavalle Y Sarmiento",2,1,0,0,1,0,0,,"Calle",,"CAÑADA DE GÓMEZ","Iriondo","Asfalto","No existe","X","Dentro","Urbana","Ninguna","No existe","Intersección","Bueno","Buena","Nocturna","Buen Tiempo","De alcance","S/D","Colisión","S/D","Vertical","Ninguna","Sin restricción"
2016,3768,3/3/2016,"Jueves",0,19:15:00,,"0.0",2,"Moto/Ciclomotor,Moto/Ciclomotor","Av. Santa Fe Y España",2,2,0,0,0,0,0,,"Calle",,"CAÑADA DE GÓMEZ","Iriondo","Asfalto","No existe","X","Dentro","Urbana","Ninguna","No existe","Intersección","Bueno","Buena","Diurna","Buen Tiempo","Frontal","S/D","Colisión","S/D","Faltante","Ninguna","Sin restricción"
2016,3769,4/27/2016,"Miercoles",0,8:00:00,,"0.0",2,"Moto/Ciclomotor,Automóvil","Nicolas Avellaneda Y Maipu",2,2,0,0,0,0,0,,"Calle",,"CAÑADA DE GÓMEZ","Iriondo","Asfalto","No existe","X","Dentro","Urbana","Ninguna","No existe","Intersección","Bueno","Buena","Diurna","Buen Tiempo","Lateral","S/D","Colisión","Ninguna","Faltante","Ninguna","Sin restricción"
2016,3770,4/13/2016,"Miercoles",0,8:00:00,,"0.0",2,"Moto/Ciclomotor,Pickup/Utilitario","Bv. Balcarce Y San Martin",2,1,0,0,1,0,0,,"Calle",,"CAÑADA DE GÓMEZ","Iriondo","Asfalto","No existe","X","Dentro","Urbana","Ninguna","No existe","Recta","Bueno","Buena","Diurna","Buen Tiempo","Lateral","S/D","Colisión","Agua","Faltante","Cordón divisorio","Sin restricción"
2016,3771,4/16/2016,"Sabado",0,10:30:00,,"0.0",2,"Otros,Moto/Ciclomotor","Independencia Y Almte. Brown",2,1,0,0,1,0,0,,"Calle",,"CAÑADA DE GÓMEZ","Iriondo","Asfalto","No existe","X","Dentro","Urbana","Ninguna","No existe","Recta","Bueno","Buena","Atardecer,Con luz artificial","Buen Tiempo","Lateral","S/D","Colisión","Agua","Faltante","Cordón divisorio","Sin restricción"
2016,3772,4/16/2016,"Sabado",0,4:30:00,,"0.0",2,"Automóvil,Moto/Ciclomotor","Hipolito Irigoyen Y Almte. Brown",2,1,0,0,1,0,0,,"Calle",,"CAÑADA DE GÓMEZ","Iriondo","Hormigón","No existe","X","Dentro","Urbana","Ninguna","No existe","Intersección","Bueno","Buena","Nocturna","Buen Tiempo","Lateral","S/D","Colisión","S/D","Vertical","Ninguna","Sin restricción"
2016,3773,4/21/2016,"Jueves",0,17:05:00,,"0.0",1,"Moto/Ciclomotor","Independencia Y Primera Junta",1,1,0,0,0,0,0,,"Calle",,"CAÑADA DE GÓMEZ","Iriondo","Hormigón","No existe","X","Dentro","Urbana","Ninguna","No existe","Intersección","Bueno","Buena","Diurna","Buen Tiempo","S/D","S/D","Caída ocupante","S/D","Vertical","Barrera de hormigón","Sin restricción"
2016,3774,5/18/2016,"Miercoles",0,10:25:00,,"0.0",2,"Moto/Ciclomotor,Pickup/Utilitario","Ocampo Y Moreno",2,1,0,0,1,0,0,,"Calle",,"CAÑADA DE GÓMEZ","Iriondo","Hormigón","No existe","X","Dentro","Urbana","Ninguna","No existe","Intersección","Bueno","Buena","Amanecer","Buen Tiempo","S/D","S/D","Colisión","S/D","Vertical","Ninguna","Sin restricción"
2016,3775,5/21/2016,"Sabado",0,5:40:00,,"0.0",2,"Moto/Ciclomotor,Automóvil","Ocampo Y España",3,1,0,0,2,0,0,,"Calle",,"CAÑADA DE GÓMEZ","Iriondo","Asfalto","No existe","X","Dentro","Urbana","Ninguna","No existe","Intersección","Bueno","Buena","Nocturna","Buen Tiempo","S/D","S/D","Colisión","S/D","Vertical","Ninguna","Sin restricción"
2016,3776,6/17/2016,"Viernes",0,9:00:00,,"0.0",2,"Camión,Bicicleta","Lavalle Y 9 de Julio",2,1,0,0,1,0,0,,"Calle",,"TOTORAS","Iriondo","Asfalto","No existe","X","Dentro","Urbana","S/D","No existe","Intersección","Bueno","Buena","Diurna","Buen Tiempo","Lateral","Ciclista","Atropello","S/D","S/D","S/D","Sin restricción"
2016,3777,6/9/2016,"Jueves",0,17:20:00,,"0.0",2,"Bicicleta,Automóvil","Boulevard Colon Y Sarmiento",2,0,1,0,1,0,0,,"Calle",,"TOTORAS","Iriondo","Asfalto","No existe","X","Dentro","Urbana","S/D","No existe","Intersección","Bueno","Buena","Atardecer","Buen Tiempo","S/D","Ciclista","Atropello","S/D","S/D","S/D","Sin restricción"
2016,3778,6/21/2016,"Martes",0,8:30:00,,"0.0",2,"Bicicleta,Automóvil","Av San Martin Y Carlos Pellegrini",2,1,0,0,1,0,0,,"Calle",,"TOTORAS","Iriondo","Hormigón","No existe","X","Dentro","Urbana","S/D","Funciona","Intersección","Bueno","Buena","Diurna","Buen Tiempo","S/D","Ciclista","Atropello","S/D","Vertical","S/D","Sin restricción"
2016,3779,6/27/2016,"Lunes",0,8:05:00,"Ruta Nacional 34","55.0",2,"Automóvil,Moto/Ciclomotor"," ",3,1,0,0,2,0,0,,"Ruta",34,"TOTORAS","Iriondo","Asfalto","Ripio","X","Dentro","Urbana","Ninguna","No existe","Recta","Resbaladiza","Reducida","Amanecer","Buen Tiempo","De alcance","S/D","Colisión","Agua","Faltante","Ninguna","Sin restricción"
2016,3780,6/21/2016,"Martes",0,7:00:00,,"0.0",2,"Moto/Ciclomotor,Otros","Azopardo Y Reg 12 de Infanteria",3,2,0,0,1,0,0,,"Calle",,"SANTA FE","La Capital","Asfalto","S/D","I","Dentro","Urbana","Ninguna","S/D","Intersección","Bueno","Buena","Diurna","S/D","Frontal","S/D","Colisión","S/D","Horizontal","Ninguna","Sin restricción"
2016,3781,6/14/2016,"Martes",0,13:10:00,,"0.0",2,"Automóvil,Moto/Ciclomotor","Estrada Y Don Guanella",4,2,0,0,2,0,0,,"Calle",,"SANTA FE","La Capital","Asfalto","No existe","I","Dentro","Urbana","Ninguna","No existe","Intersección","Bueno","Buena","Diurna","Buen Tiempo","Lateral","S/D","Colisión","S/D","Faltante","Ninguna","S/D"
2016,3782,6/28/2016,"Martes",0,17:25:00,"Ruta Provincial 2","12.0",2,"Moto/Ciclomotor,Pickup/Utilitario"," ",3,0,2,0,1,0,0,,"Ruta",2,"ANGEL GALLARDO","La Capital","Hormigón","Natural","I","Dentro","Rural","Ninguna","No existe","Curva","Bueno","Buena","Diurna","Buen Tiempo","Frontal","S/D","Colisión","Ninguna","S/D","Ninguna","Sin restricción"
2016,3783,6/23/2016,"Jueves",0,20:30:00,,"0.0",2,"Automóvil,Moto/Ciclomotor","Av Peñaloza 7300",2,1,0,0,1,0,0,,"Calle",,"SANTA FE","La Capital","Asfalto","No existe","I","Dentro","Urbana","Ninguna","No existe","Recta","Bueno","Buena","Nocturna,Con luz artificial","Buen Tiempo","Lateral","S/D","Colisión","S/D","Horizontal","Ninguna","Sin restricción"
2016,3784,6/22/2016,"Miercoles",0,14:20:00,,"0.0",2,"Pickup/Utilitario,Moto/Ciclomotor","San Juan Y Javier de la Rosa",3,2,0,0,1,0,0,,"Calle",,"SANTA FE","La Capital","S/D","No existe","I","Dentro","Urbana","Ninguna","No existe","Intersección","Bueno","Buena","Diurna","Buen Tiempo","Lateral","S/D","Colisión","S/D","Faltante","Ninguna","Sin restricción"
2016,3785,6/4/2016,"Sabado",0,3:00:00,,"0.0",1,"Automóvil"," ",1,1,0,0,0,0,0,,"Avenida",,"ANGEL GALLARDO","La Capital","Hormigón","Natural","I","Dentro","Rural","Ninguna","No existe","Recta","Resbaladiza","Buena","Nocturna,Con luz artificial","Lluvia","S/D","S/D","Vuelco","Agua","S/D","Ninguna","Sin restricción"
2016,3786,6/17/2016,"Viernes",0,17:30:00,,"0.0",1,"Moto/Ciclomotor","Av Peñaloza Y Reg 12 de Infanteria",2,1,0,0,1,0,0,,"Calle",,"SANTA FE","La Capital","Asfalto","Natural","I","Dentro","Urbana","Semáforo","Funciona","Intersección","Bueno","Buena","Diurna","Buen Tiempo","S/D","S/D","Caída ocupante","S/D","Horizontal,Vertical","Línea divisoria pintada","Sin restricción"
2016,3787,6/5/2016,"Domingo",0,21:00:00,"Ruta Nacional 11","0.0",2,"Moto/Ciclomotor,Moto/Ciclomotor","Juan de Garay Y Salta",2,2,0,0,0,0,0,,"Ruta",11,"RECREO","La Capital","Asfalto","Natural","I","Dentro","Urbana","Ninguna","No existe","Intersección","Bueno","Buena","Diurna","Buen Tiempo","Lateral","S/D","Colisión","S/D","Horizontal","Línea divisoria pintada","Sin restricción"
2016,3788,6/6/2016,"Lunes",0,20:10:00,"Ruta Nacional 11","0.0",2,"Automóvil,Moto/Ciclomotor","Juan de Garay Y Salta",2,1,0,0,1,0,0,,"Ruta",11,"RECREO","La Capital","Asfalto","Natural","I","Dentro","Urbana","Ninguna","No existe","Intersección","Bueno","Buena","Diurna","Buen Tiempo","Lateral","S/D","Colisión","S/D","Vertical","Línea divisoria pintada","Sin restricción"
2016,3789,6/21/2016,"Martes",0,9:20:00,"Ruta Nacional 11","0.0",2,"Moto/Ciclomotor,Moto/Ciclomotor","Juan de Garay Y Jujuy",2,1,0,0,1,0,0,,"Ruta",11,"RECREO","La Capital","Asfalto","Natural","I","Dentro","Urbana","Ninguna","No existe","Intersección","Bueno","Buena","Diurna","Buen Tiempo","Lateral","S/D","Colisión","S/D","Horizontal","Línea divisoria pintada","Sin restricción"
2016,3790,6/15/2016,"Miercoles",0,18:45:00,,"0.0",2,"Moto/Ciclomotor,Pickup/Utilitario"," ",2,1,0,0,1,0,0,,"Avenida",,"ANGEL GALLARDO","La Capital","Hormigón","Natural","I","Dentro","Rural","Ninguna","No existe","Recta","Bueno","Buena","Atardecer","Buen Tiempo","De alcance","S/D","Colisión","Ninguna","S/D","Ninguna","Sin restricción"
2016,3791,6/24/2016,"Viernes",0,19:10:00,"Ruta Provincial 2","11.0",2,"Automóvil,Moto/Ciclomotor"," ",2,0,1,0,1,0,0,,"Ruta",2,"ANGEL GALLARDO","La Capital","Hormigón","Natural","I","Dentro","Urbana","Señal Ceda el Paso","No existe","Intersección","Bueno","Buena","Atardecer,Con luz artificial","Buen Tiempo","Lateral","S/D","Colisión","S/D","S/D","Ninguna","Sin restricción"
2016,3792,6/12/2016,"Domingo",0,6:25:00,"Ruta Provincial 2","25.5",2,"Automóvil,Automóvil"," ",4,3,0,0,1,0,0,,"Ruta",2,"ARROYO AGUIAR","La Capital","Asfalto","Natural","I","S/D","Urbana","Ninguna","No existe","Recta","Bueno","Reducida","Nocturna","Buen Tiempo","Lateral","S/D","Colisión","S/D","S/D","Línea divisoria pintada","Sin restricción"
2016,3793,6/6/2016,"Lunes",0,19:10:00,,"0.0",2,"Moto/Ciclomotor,Automóvil","Necochea 400",2,1,0,0,1,0,0,,"Calle",,"RAFAELA","Castellanos","Hormigón","Pavimento","V","Dentro","Urbana","Ninguna","S/D","S/D","Bueno","Buena","Nocturna","Buen Tiempo","S/D","S/D","Colisión","S/D","S/D","Ninguna","Sin restricción"
2016,3794,6/2/2016,"Jueves",0,20:20:00,,"0.0",2,"Automóvil,Moto/Ciclomotor","9 de Julio Y Juan B Alberdi",2,1,0,0,1,0,0,,"Calle",,"LAGUNA PAIVA","La Capital","Ripio","No existe","I","Dentro","Urbana","Ninguna","No existe","Intersección","Con baches","Buena","Nocturna,Con luz artificial","Buen Tiempo","Lateral","S/D","Colisión","Ninguna","Horizontal","Ninguna","S/D"
2016,3795,6/18/2016,"Sabado",0,19:00:00,,"0.0",2,"Moto/Ciclomotor,Automóvil","Av Aristobulo del Valle Y Av Roque Saenz Pe±a",3,1,0,0,2,0,0,,"Calle",,"RAFAELA","Castellanos","Hormigón","S/D","V","Dentro","Urbana","S/D","S/D","Intersección","Bueno","Buena","Diurna","Buen Tiempo","Lateral","S/D","Colisión","S/D","S/D","Ninguna","S/D"
2016,3796,6/3/2016,"Viernes",0,14:10:00,,"0.0",2,"Moto/Ciclomotor,Automóvil"," ",2,1,0,0,1,0,0,,"Calle",,"LAGUNA PAIVA","La Capital","Ripio","No existe","I","Dentro","Urbana","Ninguna","No existe","Intersección","Bueno","Buena","Diurna","Buen Tiempo","Lateral","S/D","Colisión","Ninguna","Faltante","Ninguna","Sin restricción"
2016,3797,6/3/2016,"Viernes",0,11:30:00,,"0.0",2,"Automóvil,Moto/Ciclomotor","Bv Santa Fe Y Av Italia",2,1,0,0,1,0,0,,"Calle",,"RAFAELA","Castellanos","Asfalto","No existe","V","Dentro","Urbana","Ninguna","No existe","Recta","Bueno","Buena","Diurna","Buen Tiempo","S/D","S/D","Colisión","S/D","Horizontal","Línea divisoria pintada","Sin restricción"
2016,3798,7/6/2016,"Miercoles",0,7:45:00,"Ruta Nacional 95","0.0",1,"Pickup/Utilitario"," ",1,1,0,0,0,0,0,,"Ruta",95,"JUAN DE GARAY","9 de Julio","Asfalto","Natural","XII","S/D","Rural","Ninguna","No existe","Recta","Bueno","Buena","Amanecer","Buen Tiempo","S/D","S/D","Vuelco","Ninguna","S/D","Línea divisoria pintada","Sin restricción"