"anio_acci","nro_acci","fecha","desc_dia","fecha_aprox","hora_aprox","desc_ruta","km","cant_participantes","desc_participante","calle_avenida_km","total","heridos_leves","heridos_graves","heridos_gravisimos","ilesos","fallecidos","sin_datos","posicion_XY","desc_tipo_via","desc_ruta_ori","desc_loc","desc_dpto","desc_tipo_calzada","desc_tipo_banquina","desc_unidad_regional","desc_lugar_calzada","desc_zona","desc_prioridad","desc_estado_semaforo","desc_lugar_via","desc_estado_via","desc_estado_visibilidad","desc_luminosidad","desc_estado_clima","desc_tipo_colision","desc_tipo_atropello","desc_tipo_hecho","desc_pres_calzada","desc_senializacion","desc_separacion_via","desc_restriccion"
2016,3799,7/18/2016,"Lunes",0,15:00:00,"Ruta Provincial 2","290.0",3,"Camión c / Acoplado,Automóvil,Automóvil"," ",5,1,2,0,2,0,0,,"Ruta",2,"JUAN DE GARAY","9 de Julio","Asfalto","Natural","XII","Dentro","Rural","Ninguna","No existe","Recta","Bueno","Buena","Diurna","Buen Tiempo","Lateral","S/D","Colisión","Ninguna","Faltante","Línea divisoria pintada","Sin restricción"
2016,3800,6/23/2016,"Jueves",0,,,"0.0",2,"Pickup/Utilitario,Moto/Ciclomotor","Av Gral Bartolome Mitre Y Av Italia",2,1,0,0,1,0,0,,"Calle",,"RAFAELA","Castellanos","Asfalto","No existe","V","Dentro","Urbana","Ninguna","No existe","Intersección","Bueno","Buena","Diurna","Buen Tiempo","De alcance","S/D","Colisión","S/D","Faltante","Ninguna","Sin restricción"
2016,3801,6/7/2016,"Martes",0,18:00:00,,"0.0",2,"Automóvil,Bicicleta","San Juan Y Sarmiento",2,1,0,0,1,0,0,,"Calle",,"SUNCHALES","Castellanos","Asfalto","Pavimento","V","Dentro","Urbana","Ninguna","No existe","Intersección","Bueno","Buena","Atardecer","Buen Tiempo","S/D","Ciclista","Atropello","S/D","Faltante","Cordón divisorio","Sin restricción"
2016,3802,6/7/2016,"Martes",0,10:30:00,"Ruta Nacional 9","359.0",2,"Automóvil,Camión"," ",4,3,0,0,1,0,0,,"Ruta",9,"CAÑADA DE GÓMEZ","Iriondo","Hormigón","No existe","X","Dentro","Urbana","Ninguna","No existe","Recta","Bueno","Buena","Diurna","Buen Tiempo","S/D","S/D","Colisión","S/D","Vertical","Guardarrail","Sin restricción"
2016,3803,6/20/2016,"Lunes",0,19:40:00,,"0.0",2,"Moto/Ciclomotor,Moto/Ciclomotor","Urquiza Y Paraguay",2,2,0,0,0,0,0,,"Calle",,"CAÑADA DE GÓMEZ","Iriondo","Asfalto","No existe","X","Dentro","Urbana","Ninguna","No existe","Intersección","Bueno","Buena","Atardecer,Con luz artificial","Buen Tiempo","Frontal","S/D","Colisión","S/D","Faltante","Ninguna","Sin restricción"
2016,3804,7/1/2016,"Viernes",0,9:30:00,,"0.0",2,"Moto/Ciclomotor,Automóvil","Cordoba Y Independencia",3,1,0,0,2,0,0,,"Calle",,"VILLA CONSTITUCIÓN","Constitución","Asfalto","No existe","VI","Dentro","Urbana","Ninguna","No existe","Intersección","Bueno","Buena","Diurna","Buen Tiempo","Lateral","S/D","Colisión","Ninguna","Faltante","Ninguna","Sin restricción"
2016,3805,6/27/2016,"Lunes",0,13:10:00,,"0.0",2,"Otros,Bicicleta","Bv. Lopez Y Ovidio Lagos",2,1,0,0,1,0,0,,"Calle",,"CAÑADA DE GÓMEZ","Iriondo","Asfalto","No existe","X","Dentro","Urbana","Ninguna","No existe","Recta","Bueno","Buena","Diurna","Buen Tiempo","S/D","Ciclista","Atropello","S/D","Vertical","Ninguna","Sin restricción"
2016,3806,6/4/2016,"Sabado",0,6:15:00,"Ruta Provincial 91","0.0",2,"Automóvil,Automóvil"," ",7,4,1,0,2,0,0,,"Ruta",91,"SERODINO","Iriondo","Asfalto","Natural","X","Dentro","Urbana","Ninguna","No existe","Recta","Resbaladiza","Reducida","Nocturna","Lluvia","Frontal","S/D","Colisión","Agua","Faltante","Línea divisoria pintada","S/D"
2016,3807,6/22/2016,"Miercoles",0,9:30:00,"Ruta Provincial 91","0.0",2,"Camión,Automóvil"," ",2,0,1,0,1,0,0,,"Ruta",91,"SERODINO","Iriondo","Asfalto","Natural","X","Dentro","Urbana","Ninguna","No existe","Curva","Bueno","Reducida","Diurna","Niebla","Frontal","S/D","Colisión","S/D","Horizontal","Línea divisoria pintada","Sin restricción"
2016,3808,6/16/2016,"Jueves",0,1:15:00,"Ruta Nacional 9","371.0",2,"Camión,Camión"," ",2,2,0,0,0,0,0,,"Ruta",9,"CAÑADA DE GÓMEZ","Iriondo","Asfalto","No existe","X","Dentro","Urbana","Ninguna","No existe","Recta","Bueno","Buena","Nocturna","Buen Tiempo","De alcance","S/D","Colisión","S/D","S/D","Línea divisoria pintada","Sin restricción"
2016,3809,6/21/2016,"Martes",0,14:00:00,,"0.0",2,"Moto/Ciclomotor,Automóvil","Urquiza Y Paraguay",2,2,0,0,0,0,0,,"Calle",,"CAÑADA DE GÓMEZ","Iriondo","Asfalto","No existe","X","Dentro","Urbana","Ninguna","No existe","Intersección","Bueno","Buena","Diurna","Buen Tiempo","Lateral","S/D","Colisión","S/D","S/D","Ninguna","Sin restricción"
2016,3810,7/2/2016,"Sabado",0,,,"0.0",1,"Automóvil"," ",3,2,1,0,0,0,0,,"S/D",,"VILLA CONSTITUCIÓN","Constitución","Asfalto","Ripio","VI","S/D","Rural","Ninguna","No existe","Recta","Bueno","Buena","Diurna","Buen Tiempo","S/D","S/D","Vuelco","Ninguna","Faltante","Ninguna","Sin restricción"
2016,3811,6/23/2016,"Jueves",0,10:15:00,,"0.0",2,"Pickup/Utilitario,Moto/Ciclomotor","Laprida Y Almte. Brown",3,1,0,0,2,0,0,,"Calle",,"CAÑADA DE GÓMEZ","Iriondo","Asfalto","No existe","X","Dentro","Urbana","Ninguna","No existe","Intersección","Bueno","Buena","Diurna","Buen Tiempo","Lateral","S/D","Colisión","S/D","Vertical","Ninguna","Sin restricción"
2016,3812,7/16/2016,"Sabado",0,3:20:00,,"0.0",2,"Automóvil,Moto/Ciclomotor","Yapeyu Y Las Heras",4,1,0,0,2,0,1,,"Calle",,"VILLA CONSTITUCIÓN","Constitución","Asfalto","Ripio","VI","Dentro","Urbana","Ninguna","No existe","Intersección","Otro","Buena","Nocturna","Buen Tiempo","Otro","S/D","Colisión","Ninguna","S/D","Ninguna","Sin restricción"
2016,3813,7/24/2016,"Domingo",0,23:50:00,"Ruta Nacional 177","85.0",2,"Automóvil,Automóvil"," ",4,0,2,0,2,0,0,,"Ruta",177,"ALCORTA","Constitución","Asfalto","Natural","VI","Dentro","Urbana","Marca Vial","No existe","Recta","Bueno","Buena","Nocturna,Con luz artificial","Buen Tiempo","De alcance","S/D","Colisión","Ninguna","Faltante","Línea divisoria pintada","Sin restricción"
2016,3814,6/11/2016,"Sabado",0,9:40:00,,"0.0",2,"Automóvil,Automóvil","Alberdi 525",2,1,0,0,1,0,0,,"Calle",,"CAÑADA DE GÓMEZ","Iriondo","Asfalto","No existe","X","Dentro","Urbana","Ninguna","No existe","Recta","Bueno","Buena","Diurna","Buen Tiempo","S/D","S/D","Colisión","S/D","Vertical","Ninguna","Sin restricción"
2016,3815,7/27/2016,"Miercoles",0,11:50:00,,"0.0",2,"Automóvil,Moto/Ciclomotor","Salta Y Rivadavia",3,2,0,0,1,0,0,,"S/D",,"VILLA CONSTITUCIÓN","Constitución","Asfalto","No existe","VI","S/D","S/D","Ninguna","No existe","Recta","Bueno","Buena","Diurna","Buen Tiempo","Lateral","S/D","Colisión","Ninguna","Faltante","Ninguna","Sin restricción"
2016,3816,6/11/2016,"Sabado",0,17:30:00,,"0.0",2,"Automóvil,Automóvil","San Martin Y 7 de Octubre",3,2,0,0,1,0,0,,"Calle",,"CAÑADA DE GÓMEZ","Iriondo","Asfalto","No existe","X","Dentro","Urbana","Ninguna","No existe","Intersección","Bueno","Buena","Diurna","Buen Tiempo","Lateral","S/D","Colisión","Ninguna","Faltante","Ninguna","Sin restricción"
2016,3817,7/24/2016,"Domingo",0,,,"0.0",2,"Moto/Ciclomotor,Automóvil","Sarmiento Y Hipolito Irigoyen",4,1,0,0,1,0,2,,"Calle",,"VILLA CONSTITUCIÓN","Constitución","Asfalto","No existe","VI","S/D","Urbana","Ninguna","No existe","Intersección","Bueno","Buena","Diurna","Buen Tiempo","Lateral","S/D","Colisión","Ninguna","Faltante","Ninguna","Sin restricción"
2016,3818,7/5/2016,"Martes",0,,,"0.0",2,"Moto/Ciclomotor,Automóvil","Manuel Dorrego Y Berutti",3,1,0,0,2,0,0,,"Calle",,"VILLA CONSTITUCIÓN","Constitución","Asfalto","No existe","VI","S/D","Urbana","Ninguna","No existe","Intersección","Bueno","Buena","Diurna","Buen Tiempo","Otro","S/D","Colisión","Ninguna","Faltante","Ninguna","Sin restricción"
2016,3819,3/24/2016,"Jueves",0,6:25:00,"Ruta Nacional 11","0.0",2,"Automóvil,Automóvil","Av de Circunvalacion ",3,1,0,0,2,0,0,,"Ruta",11,"RECREO","La Capital","S/D","S/D","I","Dentro","Urbana","S/D","S/D","S/D","S/D","S/D","Diurna","S/D","S/D","S/D","Colisión","S/D","S/D","S/D","S/D"
2016,3820,7/4/2016,"Lunes",0,6:50:00,"Ruta Provincial 21","0.0",2,"Automóvil,Automóvil","Salvador Rull ",3,1,0,0,2,0,0,,"Ruta",21,"EMPALME VILLA CONSTITUCIÓN","Constitución","Asfalto","Natural","VI","Dentro","Urbana","Semáforo","Funciona","Intersección","Bueno","Buena","Amanecer","Buen Tiempo","Contra objeto fijo","S/D","Colisión","Ninguna","Horizontal","Línea divisoria pintada","Sin restricción"
2016,3821,3/24/2016,"Jueves",0,13:15:00,"Ruta Nacional Rosario -Cordoba","0.0",3,"Automóvil,Automóvil,Automóvil","SOBRE PUENTE CARCARAÑA ",8,2,0,0,6,0,0,,"Ruta","Rosario -Cordoba","CARCARAÑÁ","San Lorenzo","S/D","S/D","II","Dentro","Urbana","S/D","S/D","S/D","S/D","S/D","Diurna","S/D","Múltiple","S/D","Colisión","S/D","S/D","S/D","S/D"
2016,3822,7/7/2016,"Jueves",0,11:30:00,,"0.0",2,"Moto/Ciclomotor,Automóvil","Juan Jose de Urquiza Y 14 de Febrero",3,2,0,0,1,0,0,,"Calle",,"VILLA CONSTITUCIÓN","Constitución","S/D","No existe","VI","Dentro","Urbana","Ninguna","S/D","Intersección","Otro","S/D","Diurna","Buen Tiempo","Otro","S/D","Colisión","Ninguna","Faltante","Ninguna","Sin restricción"
2016,3823,7/7/2016,"Jueves",0,16:30:00,,"0.0",2,"Moto/Ciclomotor,Automóvil","Juan Jose de Urquiza Y Santiago del Estero",3,1,0,0,0,0,2,,"S/D",,"VILLA CONSTITUCIÓN","Constitución","Asfalto","No existe","VI","S/D","Urbana","Ninguna","No existe","Intersección","Bueno","Buena","Diurna","Buen Tiempo","S/D","S/D","Colisión","Ninguna","Faltante","Ninguna","Sin restricción"
2016,3824,3/26/2016,"Sabado",0,11:20:00,"Ruta Provincial 1","0.0",2,"Moto/Ciclomotor,Automóvil"," ",4,2,0,0,2,0,0,,"Ruta",1,"COLASTINE","La Capital","S/D","S/D","I","Dentro","Urbana","S/D","S/D","S/D","S/D","S/D","Diurna","S/D","S/D","S/D","Colisión","S/D","S/D","S/D","S/D"
2016,3825,5/7/2016,"Sabado",0,6:35:00,,"0.0",1,"Automóvil","Av San Martin Y Republica del Pareguay",3,2,0,0,0,1,0,"-32.761720431348,-60.732812175657","Avenida",,"SAN LORENZO","San Lorenzo","S/D","S/D","XVII","Dentro","Urbana","S/D","S/D","Intersección","S/D","S/D","Amanecer","S/D","Contra objeto fijo","S/D","Colisión,Despiste","S/D","S/D","S/D","S/D"
2016,3826,5/8/2016,"Domingo",0,6:00:00,,"0.0",1,"Automóvil","25 de mayo Y Jose De San Martin",1,0,0,0,0,1,0,"-31.664300, -60.762563","Calle",,"SANTO TOMÉ","La Capital","S/D","S/D","I","Fuera","Urbana","S/D","S/D","Intersección","S/D","S/D","Nocturna","S/D","Contra objeto fijo","S/D","Colisión","S/D","S/D","S/D","S/D"
2016,3827,7/8/2016,"Viernes",0,3:45:00,,"0.0",2,"Automóvil,Automóvil","Presidente Peron Y Manuel Dorrego",3,2,0,0,1,0,0,,"Calle",,"VILLA CONSTITUCIÓN","Constitución","S/D","No existe","VI","Dentro","Urbana","S/D","Funciona","Intersección","Bueno","Buena","Diurna","S/D","S/D","S/D","S/D","Ninguna","Faltante","S/D","S/D"
2016,3828,7/22/2016,"Viernes",0,14:10:00,,"0.0",2,"Automóvil,Automóvil","Pte Hipolito Irigoyen Y America",5,3,0,0,2,0,0,,"Calle",,"PUERTO SAN MARTÍN","San Lorenzo","Asfalto","Natural","XVII","Dentro","Rural","Ninguna","No existe","Intersección","Deteriorada","Buena","Diurna","Buen Tiempo","Lateral","S/D","Colisión","S/D","Horizontal","Ninguna","Sin restricción"
2016,3829,7/12/2016,"Martes",0,18:50:00,,"0.0",2,"Moto/Ciclomotor,Automóvil","Santiago del Estero Y 14 de Febrero",3,2,0,0,1,0,0,,"Calle",,"VILLA CONSTITUCIÓN","Constitución","Asfalto","No existe","VI","Dentro","Urbana","Ninguna","No existe","Intersección","Bueno","Buena","Diurna","Otro","Otro","S/D","Colisión","Ninguna","Faltante","Ninguna","Sin restricción"
2016,3830,7/13/2016,"Miercoles",0,11:40:00,,"0.0",2,"Camión Chasis,Automóvil","Brasil ",2,0,1,0,1,0,0,,"Calle",,"PUERTO SAN MARTÍN","San Lorenzo","Asfalto","No existe","XVII","Dentro","Urbana","Ninguna","No existe","Recta","Bueno","Buena","Diurna","Buen Tiempo","S/D","S/D","Colisión","S/D","Horizontal","Ninguna","Sin restricción"
2016,3831,7/12/2016,"Martes",0,16:00:00,,"0.0",2,"Moto/Ciclomotor,Automóvil","Piton ",2,1,0,0,1,0,0,,"Calle",,"PUERTO SAN MARTÍN","San Lorenzo","Asfalto","No existe","XVII","Dentro","Urbana","Ninguna","No existe","Intersección","Bueno","Buena","Diurna","Buen Tiempo","Lateral","S/D","Colisión","S/D","Horizontal","Ninguna","Sin restricción"
2016,3832,7/7/2016,"Jueves",0,8:00:00,,"0.0",2,"Moto/Ciclomotor,Automóvil","Cordoba Y San Lorenzo",2,1,0,0,1,0,0,,"Calle",,"PUERTO SAN MARTÍN","San Lorenzo","Asfalto","No existe","XVII","Dentro","Urbana","Ninguna","No existe","Intersección","Bueno","Buena","Diurna","Buen Tiempo","Lateral","S/D","Colisión","S/D","Horizontal","Ninguna","Sin restricción"
2016,3833,7/4/2016,"Lunes",0,23:00:00,,"0.0",2,"Moto/Ciclomotor,Automóvil","Av San Martin Y Cordoba",3,2,0,0,1,0,0,,"Calle",,"PUERTO SAN MARTÍN","San Lorenzo","Asfalto","No existe","XVII","Dentro","Urbana","Ninguna","No existe","Intersección","Bueno","Buena","Nocturna","Buen Tiempo","Lateral","S/D","Colisión","S/D","Horizontal","Ninguna","Sin restricción"
2016,3834,7/30/2016,"Sabado",0,,,"0.0",2,"Automóvil,Moto/Ciclomotor","14 de Febrero Y Independencia",2,1,0,0,1,0,0,,"S/D",,"VILLA CONSTITUCIÓN","Constitución","S/D","No existe","I","S/D","S/D","Ninguna","S/D","Intersección","S/D","Buena","Diurna","Buen Tiempo","Frontal","S/D","Colisión","Ninguna","Faltante","Ninguna","S/D"
2016,3835,7/6/2016,"Miercoles",0,12:30:00,,"0.0",2,"Automóvil,Moto/Ciclomotor","Av San Martin 1000",2,1,0,0,1,0,0,,"Calle",,"FRAY LUIS BELTRÁN","San Lorenzo","Asfalto","Pavimento","XVII","Dentro","Urbana","Ninguna","No existe","Recta","Bueno","Buena","Diurna","Buen Tiempo","Lateral","S/D","Colisión","S/D","Faltante","Ninguna","Sin restricción"
2016,3836,7/11/2016,"Lunes",0,18:00:00,,"0.0",2,"Automóvil,Automóvil","Av San Martin Y General Richieri",2,2,0,0,0,0,0,,"Calle",,"FRAY LUIS BELTRÁN","San Lorenzo","Asfalto","Ripio","XVII","Dentro","Urbana","Semáforo","Funciona","Recta","Bueno","Buena","Atardecer,Con luz artificial","Buen Tiempo","Frontal","S/D","Colisión","S/D","Vertical","Ninguna","Sin restricción"
2016,3837,7/20/2016,"Miercoles",0,11:30:00,,"0.0",2,"Moto/Ciclomotor,Automóvil","Chubut Y Manuel Dorrego",2,1,0,0,0,0,1,,"Calle",,"VILLA CONSTITUCIÓN","Constitución","Asfalto","No existe","VI","Dentro","Urbana","Ninguna","No existe","Intersección","Bueno","Buena","Diurna","Buen Tiempo","Frontal","S/D","Colisión","Ninguna","S/D","Ninguna","Sin restricción"
2016,3838,7/19/2016,"Martes",0,14:30:00,,"0.0",2,"Camión Chasis,Moto/Ciclomotor","Av San Martin Y Pellegrini",2,1,0,0,1,0,0,,"Calle",,"FRAY LUIS BELTRÁN","San Lorenzo","Asfalto","Ripio","XVII","Dentro","Urbana","Ninguna","No existe","Recta","Bueno","Buena","Diurna","Buen Tiempo","Lateral","S/D","Colisión","S/D","Faltante","Ninguna","Sin restricción"
2016,3839,7/9/2016,"Sabado",0,19:15:00,,"0.0",2,"Moto/Ciclomotor,Automóvil","Mosconi Y Cordoba",2,1,0,0,1,0,0,,"Calle",,"VILLA CONSTITUCIÓN","Constitución","Asfalto","No existe","VI","Dentro","Urbana","Ninguna","S/D","Recta","Bueno","S/D","Atardecer","Buen Tiempo","Frontal","S/D","Colisión","Ninguna","S/D","Ninguna","S/D"
2016,3840,7/8/2016,"Viernes",0,21:15:00,"Ruta Provincial 21","0.0",1,"Moto/Ciclomotor"," ",1,1,0,0,0,0,0,,"Ruta",21,"VILLA CONSTITUCIÓN","Constitución","Asfalto","Natural","VI","Dentro","Urbana","Ninguna","No existe","Recta","Bueno","Buena","Nocturna","Buen Tiempo","S/D","S/D","Caída ocupante","Ninguna","S/D","Ninguna","Sin restricción"
2016,3841,7/21/2016,"Jueves",0,20:00:00,,"0.0",2,"Automóvil,Moto/Ciclomotor","Av San Martin ",2,1,0,0,1,0,0,,"Calle",,"FRAY LUIS BELTRÁN","San Lorenzo","Asfalto","Ripio","XVII","Dentro","Urbana","Ninguna","No existe","Intersección","Bueno","Buena","Nocturna","Buen Tiempo","Lateral","S/D","Colisión","S/D","Faltante","Ninguna","Sin restricción"
2016,3842,7/26/2016,"Martes",0,10:40:00,,"0.0",2,"Moto/Ciclomotor,Pickup/Utilitario","Parana ",2,1,0,0,1,0,0,,"Calle",,"CARCARAÑÁ","San Lorenzo","Asfalto","Pavimento","XVII","Dentro","Urbana","Otra Señal","No existe","Recta","Bueno","Buena","Diurna","Buen Tiempo","De alcance","S/D","Colisión","S/D","Faltante","Ninguna","Sin restricción"
2016,3843,7/2/2016,"Sabado",0,14:00:00,"Ruta Provincial 18","49.2",2,"Automóvil,Automóvil"," ",7,3,0,0,4,0,0,,"Ruta",18,"SANTA TERESA","Constitución","Asfalto","Pavimento","VI","Dentro","Rural","Señal Pare","No existe","Cruce","Resbaladiza","Reducida","Diurna","Niebla","Lateral","S/D","Colisión","Agua","Faltante","Cordón divisorio,Línea divisoria pintada","Sin restricción"
2016,3844,7/5/2016,"Martes",0,18:00:00,,"0.0",2,"Moto/Ciclomotor,Automóvil","Av San Lorenzo Y Porvenir",2,1,0,0,1,0,0,,"Calle",,"CAPITÁN BERMÚDEZ","San Lorenzo","Asfalto","No existe","XVII","Dentro","Urbana","Ninguna","No existe","Intersección","Bueno","Buena","Atardecer","Buen Tiempo","S/D","S/D","Colisión","S/D","Horizontal","Ninguna","Sin restricción"
2016,3845,7/6/2016,"Miercoles",0,19:10:00,,"0.0",2,"Automóvil,Moto/Ciclomotor","Colon Y Juan de Garay",2,1,0,0,1,0,0,,"Calle",,"CAPITÁN BERMÚDEZ","San Lorenzo","Asfalto","No existe","XVII","Dentro","Urbana","Ninguna","No existe","Curva","Bueno","Buena","Atardecer","Buen Tiempo","S/D","S/D","Colisión","S/D","Faltante","Ninguna","Sin restricción"
2016,3846,7/7/2016,"Jueves",0,9:30:00,,"0.0",2,"Automóvil,Moto/Ciclomotor","Av San Lorenzo Y San Salvador",2,1,0,0,1,0,0,,"Calle",,"CAPITÁN BERMÚDEZ","San Lorenzo","Asfalto","S/D","XVII","Dentro","Urbana","Ninguna","S/D","Intersección","Bueno","Buena","Diurna","Buen Tiempo","Frontal","S/D","Colisión","S/D","Faltante","Ninguna","Sin restricción"
2016,3847,7/11/2016,"Lunes",0,14:30:00,,"0.0",2,"Moto/Ciclomotor,Automóvil","Av San Lorenzo 1900",2,1,0,0,1,0,0,,"Calle",,"CAPITÁN BERMÚDEZ","San Lorenzo","Asfalto","No existe","XVII","Dentro","Urbana","Ninguna","Intermitente","Otro","Bueno","Buena","Atardecer","Buen Tiempo","S/D","S/D","Colisión","S/D","Vertical","Ninguna","Sin restricción"
2016,3848,7/12/2016,"Martes",0,10:30:00,,"0.0",2,"Automóvil,Moto/Ciclomotor","Av San Lorenzo Y Chacabuco",4,2,0,0,2,0,0,,"Calle",,"CAPITÁN BERMÚDEZ","San Lorenzo","Asfalto","No existe","XVII","Dentro","Urbana","Ninguna","S/D","Curva","Bueno","Buena","Diurna","Buen Tiempo","S/D","S/D","Colisión","S/D","Horizontal","Ninguna","Sin restricción"
2016,3849,7/16/2016,"Sabado",0,12:10:00,"Ruta Provincial 18","49.0",2,"Automóvil,Camión c / Semirremolque"," ",2,0,1,0,1,0,0,,"Ruta",18,"SANTA TERESA","Constitución","Asfalto","Pavimento","VI","Dentro","Rural","Señal Pare","No existe","Intersección","Bueno","Buena","Diurna","Buen Tiempo","Lateral","S/D","Atropello","Ninguna","Faltante","Línea divisoria pintada","Sin restricción"
2016,3850,7/16/2016,"Sabado",0,9:10:00,,"0.0",2,"Moto/Ciclomotor,Automóvil","Av San Lorenzo Y Martin Fierro",2,1,0,0,1,0,0,,"Calle",,"CAPITÁN BERMÚDEZ","San Lorenzo","Asfalto","No existe","XVII","Dentro","Urbana","Semáforo","Funciona","Intersección","Bueno","Buena","Diurna","Buen Tiempo","S/D","S/D","Colisión","S/D","Vertical","Ninguna","S/D"
2016,3851,7/30/2016,"Sabado",0,11:00:00,"Ruta Provincial 10","0.0",2,"Pickup/Utilitario,Automóvil"," ",2,1,0,0,1,0,0,,"Ruta",10,"SAN LORENZO","San Lorenzo","S/D","S/D","XVII","Dentro","Urbana","S/D","S/D","S/D","S/D","S/D","Diurna","S/D","S/D","S/D","Colisión","S/D","S/D","S/D","S/D"
2016,3852,7/30/2016,"Sabado",0,15:10:00,"Ruta Nacional A012","0.0",1,"Camión Chasis"," ",1,1,0,0,0,0,0,,"Ruta","A012","SAN LORENZO","San Lorenzo","S/D","S/D","XVII","Dentro","Urbana","S/D","S/D","S/D","S/D","S/D","Diurna","S/D","S/D","S/D","Vuelco","S/D","S/D","S/D","S/D"
2016,3853,7/30/2016,"Sabado",0,9:55:00,,"0.0",2,"Moto/Ciclomotor,Automóvil","Urquiza ",2,1,0,0,1,0,0,,"Calle",,"SAN LORENZO","San Lorenzo","S/D","S/D","XVII","Dentro","Urbana","S/D","S/D","S/D","S/D","Buena","Diurna","S/D","S/D","S/D","Colisión","S/D","S/D","S/D","S/D"
2016,3854,7/30/2016,"Sabado",0,,"Ruta Nacional 11","0.0",2,"Camión c / Acoplado,Automóvil","RUTA 10 ",2,1,0,0,1,0,0,,"Ruta",11,"SAN LORENZO","San Lorenzo","S/D","S/D","XVII","Dentro","Urbana","S/D","S/D","S/D","S/D","S/D","S/D","S/D","S/D","S/D","Colisión","S/D","S/D","S/D","S/D"
2016,3855,7/17/2016,"Domingo",0,19:00:00,"Ruta Provincial 18","49.0",2,"Camión c / Acoplado,Automóvil"," ",3,1,0,0,2,0,0,,"Ruta",18,"SANTA TERESA","Constitución","Asfalto","Pavimento","VI","Dentro","Rural","Señal Pare","No existe","Cruce","Bueno","Buena","Nocturna,Con luz artificial","Buen Tiempo","Lateral","S/D","Atropello","Ninguna","Faltante","Cordón divisorio","Sin restricción"
2016,3856,7/27/2016,"Miercoles",0,17:30:00,,"0.0",2,"Automóvil,Moto/Ciclomotor","Artigas Y Juan M De Rosas",2,1,0,0,1,0,0,,"Calle",,"SAN LORENZO","San Lorenzo","S/D","S/D","XVII","Dentro","Urbana","S/D","S/D","S/D","S/D","S/D","Diurna","S/D","S/D","S/D","Colisión","S/D","S/D","S/D","S/D"
2016,3857,7/26/2016,"Martes",0,15:55:00,,"0.0",2,"Moto/Ciclomotor,Taxi/Remis","San Juan Y Av Carlos A Poucel",2,1,0,0,1,0,0,,"Calle",,"SAN LORENZO","San Lorenzo","S/D","S/D","XVII","Dentro","Urbana","S/D","S/D","S/D","S/D","S/D","Diurna","S/D","S/D","S/D","Colisión","S/D","S/D","S/D","S/D"
2016,3858,7/2/2016,"Sabado",0,6:00:00,"Ruta Provincial 66","0.0",1,"Automóvil"," ",4,4,0,0,0,0,0,,"Ruta",66,"CARLOS PELLEGRINI","San Martín","Asfalto","Natural","XVIII","Dentro","Urbana","Otra Señal","No existe","Recta","Con baches","Reducida","Amanecer","S/D","S/D","S/D","Vuelco","S/D","Vertical","Línea divisoria pintada","Obra en Construcción"
2016,3859,7/16/2016,"Sabado",0,8:30:00,"Ruta Provincial 66","0.0",2,"Pickup/Utilitario,Camión"," ",2,2,0,0,0,0,0,,"Ruta",66,"CARLOS PELLEGRINI","San Martín","Asfalto","Natural","XVIII","Dentro","Urbana","Ninguna","No existe","Intersección","Bueno","Buena","Diurna","Buen Tiempo","Lateral","S/D","Colisión","S/D","S/D","Cordón divisorio","Sin restricción"
2016,3860,7/1/2016,"Viernes",0,0:20:00,,"0.0",2,"Automóvil,Automóvil","San Carlos Y Rosario",2,2,0,0,0,0,0,,"S/D",,"SAN LORENZO","San Lorenzo","S/D","S/D","XVII","S/D","S/D","S/D","S/D","S/D","S/D","S/D","Nocturna","S/D","S/D","S/D","S/D","S/D","S/D","S/D","S/D"
2016,3861,7/10/2016,"Domingo",0,1:15:00,"Ruta Nacional A012","57.0",1,"Automóvil"," ",2,0,0,0,1,1,0,"-32.794625, -60.814137","Ruta","A012","RICARDONE","San Lorenzo","Hormigón","Natural","XVII","Dentro","Urbana","Ninguna","No existe","Curva","Bueno","Buena","Nocturna","Buen Tiempo","S/D","S/D","Vuelco","S/D","Faltante","Ninguna","Sin restricción"
2016,3862,7/6/2016,"Miercoles",0,,,"0.0",2,"Automóvil,Automóvil","Urquiza 700",3,1,0,0,0,0,2,,"S/D",,"SAN LORENZO","San Lorenzo","S/D","S/D","XVII","S/D","S/D","S/D","S/D","S/D","S/D","S/D","S/D","S/D","S/D","S/D","S/D","S/D","S/D","S/D","S/D"
2016,3863,7/3/2016,"Domingo",0,6:00:00,,"0.0",2,"Moto/Ciclomotor,Automóvil","Av. Ovidio Lagos Y Brown",2,1,0,0,1,0,0,,"Calle",,"ROSARIO","Rosario","S/D","No existe","II","Dentro","Urbana","Semáforo","Funciona","Recta","S/D","Buena","Amanecer","Buen Tiempo","S/D","S/D","Colisión","S/D","Horizontal","Ninguna","Sin restricción"
2016,3864,7/5/2016,"Martes",0,13:00:00,,"0.0",2,"Automóvil,Moto/Ciclomotor","Crespo Y Tucuman",2,1,0,0,1,0,0,,"Calle",,"ROSARIO","Rosario","S/D","No existe","II","Dentro","Urbana","S/D","No existe","Recta","S/D","Buena","Diurna","Buen Tiempo","S/D","S/D","Colisión","S/D","S/D","S/D","Sin restricción"
2016,3865,7/14/2016,"Jueves",0,17:40:00,"Ruta Nacional 34","17.0",4,"Pickup/Utilitario,Automóvil,Automóvil,Automóvil"," ",8,1,1,0,6,0,0,,"Ruta",34,"RICARDONE","San Lorenzo","Hormigón","Natural","XVII","Dentro","Urbana","Ninguna","No existe","Recta","Bueno","Buena","Diurna","Buen Tiempo","Múltiple","S/D","Colisión","S/D","Faltante","Ninguna","Sin restricción"