"anio_acci","nro_acci","fecha","desc_dia","fecha_aprox","hora_aprox","desc_ruta","km","cant_participantes","desc_participante","calle_avenida_km","total","heridos_leves","heridos_graves","heridos_gravisimos","ilesos","fallecidos","sin_datos","posicion_XY","desc_tipo_via","desc_ruta_ori","desc_loc","desc_dpto","desc_tipo_calzada","desc_tipo_banquina","desc_unidad_regional","desc_lugar_calzada","desc_zona","desc_prioridad","desc_estado_semaforo","desc_lugar_via","desc_estado_via","desc_estado_visibilidad","desc_luminosidad","desc_estado_clima","desc_tipo_colision","desc_tipo_atropello","desc_tipo_hecho","desc_pres_calzada","desc_senializacion","desc_separacion_via","desc_restriccion"
2016,3866,7/2/2016,"Sabado",0,6:30:00,,"0.0",2,"Moto/Ciclomotor,Automóvil","Av San Martin Y Richieri",5,1,0,0,4,0,0,,"S/D",,"SAN LORENZO","San Lorenzo","S/D","S/D","XVII","S/D","S/D","S/D","S/D","S/D","S/D","S/D","Diurna","S/D","S/D","S/D","S/D","S/D","S/D","S/D","S/D"
2016,3867,7/8/2016,"Viernes",0,7:20:00,,"0.0",2,"Moto/Ciclomotor,Automóvil","Alsina Y San Lorenzo",2,1,0,0,0,0,1,,"Calle",,"ROSARIO","Rosario","S/D","No existe","II","Dentro","Urbana","Ninguna","No existe","Recta","S/D","Buena","Diurna","Buen Tiempo","S/D","S/D","Colisión","S/D","Faltante","Ninguna","Sin restricción"
2016,3868,7/9/2016,"Sabado",0,21:20:00,"Ruta Nacional 11","0.0",1,"Automóvil","Mangol Cacique ",5,4,0,0,1,0,0,,"Ruta",11,"TIMBÚES","San Lorenzo","Asfalto","Natural","XVII","Dentro","Urbana","Ninguna","No existe","Intersección","Deteriorada","Reducida polvo","Nocturna","Buen Tiempo","S/D","S/D","Vuelco","S/D","Horizontal","Línea divisoria pintada","Sin restricción"
2016,3869,7/12/2016,"Martes",0,15:40:00,,"0.0",2,"Bicicleta,Automóvil","Santa Fe Y Callao",2,1,0,0,1,0,0,,"Calle",,"ROSARIO","Rosario","S/D","No existe","II","Dentro","Urbana","Semáforo","Funciona","Recta","S/D","Buena","Diurna","Buen Tiempo","S/D","Ciclista","Atropello","S/D","Horizontal","S/D","Sin restricción"
2016,3870,7/1/2016,"Viernes",0,13:30:00,,"0.0",1,"Automóvil","M de Iriondo ",1,1,0,0,0,0,0,,"S/D",,"SAN LORENZO","San Lorenzo","S/D","S/D","XVII","S/D","S/D","S/D","S/D","S/D","S/D","S/D","Diurna","S/D","S/D","S/D","S/D","S/D","S/D","S/D","S/D"
2016,3871,7/14/2016,"Jueves",0,8:20:00,,"0.0",2,"Automóvil,Moto/Ciclomotor","Rodriguez Y Rivadavia",2,1,0,0,1,0,0,,"Calle",,"ROSARIO","Rosario","S/D","No existe","II","Dentro","Urbana","Ninguna","No existe","Recta","S/D","Buena","Diurna","Buen Tiempo","S/D","S/D","Colisión","S/D","Faltante","Ninguna","Sin restricción"
2016,3872,7/11/2016,"Lunes",0,12:05:00,,"0.0",2,"Automóvil,Moto/Ciclomotor","Callao Y Coulin",2,0,1,0,1,0,0,,"Calle",,"ROSARIO","Rosario","Asfalto","No existe","II","Dentro","Urbana","Ninguna","No existe","Intersección","Bueno","Buena","Diurna","Buen Tiempo","De alcance","S/D","Colisión","Ninguna","Faltante","Ninguna","Sin restricción"
2016,3873,7/10/2016,"Domingo",0,11:00:00,,"0.0",2,"Pickup/Utilitario,Moto/Ciclomotor","ESTANISLAO LOPEZ Y LONDRES",3,1,0,0,2,0,0,,"Calle",,"SAN JERÓNIMO SUR","San Lorenzo","Asfalto","Pavimento","XVII","Dentro","Urbana","Ninguna","No existe","Recta","Bueno","Buena","Diurna","Buen Tiempo","S/D","S/D","Colisión","S/D","Faltante","Ninguna","Sin restricción"
2016,3874,7/7/2016,"Jueves",0,13:00:00,,"0.0",2,"Automóvil,Moto/Ciclomotor","Bv. Rondeau ",2,1,0,0,1,0,0,,"Calle",,"ROSARIO","Rosario","Asfalto","No existe","II","Dentro","Urbana","S/D","S/D","Recta","Bueno","S/D","Diurna","S/D","S/D","S/D","S/D","S/D","S/D","S/D","S/D"
2016,3875,7/18/2016,"Lunes",0,15:25:00,,"0.0",2,"Automóvil,Transporte de Pasajeros Larga Distancia (> 8 asientos)","Suipacha Y Urquiza",2,1,0,0,1,0,0,,"Calle",,"ROSARIO","Rosario","S/D","No existe","II","Dentro","Urbana","Ninguna","No existe","Recta","S/D","Buena","Diurna","Buen Tiempo","S/D","S/D","Colisión","S/D","Faltante","S/D","Sin restricción"
2016,3876,7/7/2016,"Jueves",0,8:15:00,,"0.0",2,"Moto/Ciclomotor,Automóvil","Saavedra Y Alvear",2,1,0,0,1,0,0,,"Calle",,"ROSARIO","Rosario","Asfalto","No existe","II","Dentro","Urbana","Ninguna","No existe","Intersección","Bueno","Buena","Diurna","Buen Tiempo","De alcance","S/D","Colisión","Ninguna","Faltante","Ninguna","Sin restricción"
2016,3877,7/25/2016,"Lunes",0,2:00:00,,"0.0",1,"Automóvil","Bv. Rondeau 4300",1,1,0,0,0,0,0,,"Avenida",,"ROSARIO","Rosario","Asfalto","S/D","II","Dentro","Urbana","S/D","S/D","Recta","Bueno","S/D","Nocturna","S/D","S/D","S/D","S/D","S/D","S/D","S/D","S/D"
2016,3878,7/5/2016,"Martes",0,21:30:00,,"0.0",2,"Moto/Ciclomotor,Automóvil","San Martin Y Hilarion de la Quintana",2,1,0,0,1,0,0,,"Avenida",,"ROSARIO","Rosario","Asfalto","No existe","II","Dentro","Urbana","Ninguna","No existe","Intersección","Bueno","Buena","Nocturna","Buen Tiempo","De alcance","S/D","Colisión","Ninguna","Faltante","Ninguna","Sin restricción"
2016,3879,7/24/2016,"Domingo",0,5:50:00,,"0.0",2,"Moto/Ciclomotor,Automóvil","Catamarca Y Av. Francia",2,1,0,0,1,0,0,,"Calle",,"ROSARIO","Rosario","S/D","S/D","II","Dentro","Urbana","Semáforo","Funciona","Recta","S/D","Buena","Amanecer","Buen Tiempo","S/D","S/D","Colisión","S/D","Vertical","S/D","Sin restricción"
2016,3880,7/4/2016,"Lunes",0,20:30:00,,"0.0",2,"Automóvil,Automóvil","Bomberos Voluntarios Y Mitre",3,0,1,0,2,0,0,,"Calle",,"VILLA GOBERNADOR GÁLVEZ","Rosario","Asfalto","No existe","II","Dentro","Urbana","Ninguna","No existe","Intersección","Bueno","Buena","Nocturna","Buen Tiempo","S/D","S/D","Colisión","Ninguna","Faltante","Ninguna","Sin restricción"
2016,3881,7/4/2016,"Lunes",0,7:15:00,,"0.0",2,"Bicicleta,Pickup/Utilitario","Av. Uriburu Y Pueyrredon",2,1,0,0,1,0,0,,"Calle",,"ROSARIO","Rosario","Asfalto","No existe","II","Dentro","Urbana","Ninguna","No existe","Intersección","Bueno","Buena","Diurna","Buen Tiempo","S/D","Ciclista","Atropello","Ninguna","Faltante","Ninguna","Sin restricción"
2016,3882,7/25/2016,"Lunes",0,6:10:00,,"0.0",2,"Pickup/Utilitario,Moto/Ciclomotor","Suipacha Y Salta",3,2,0,0,1,0,0,,"Calle",,"ROSARIO","Rosario","S/D","No existe","II","Dentro","Urbana","Semáforo","Funciona","Recta","S/D","Buena","Amanecer","Buen Tiempo","S/D","S/D","Colisión","S/D","Vertical","Ninguna","Sin restricción"
2016,3883,7/2/2016,"Sabado",0,16:20:00,,"0.0",1,"Moto/Ciclomotor","Silverio Cordoba Y Irigoyen",1,1,0,0,0,0,0,,"Calle",,"SAN LORENZO","San Lorenzo","Hormigón","No existe","XVII","Dentro","Urbana","Ninguna","No existe","Recta","Bueno","Buena","Diurna","Buen Tiempo","S/D","S/D","Caída ocupante","S/D","S/D","Ninguna","S/D"
2016,3884,7/1/2016,"Viernes",0,9:30:00,,"0.0",2,"Automóvil,Automóvil","Bv. Oroño Y Av. Jorge Cura",2,1,0,0,1,0,0,,"Avenida",,"ROSARIO","Rosario","Asfalto","No existe","II","Dentro","Urbana","Semáforo","Funciona","Intersección","Bueno","Buena","Diurna","Buen Tiempo","De alcance","S/D","Colisión","Ninguna","Horizontal","Ninguna","Sin restricción"
2016,3885,7/8/2016,"Viernes",0,16:20:00,,"0.0",2,"Automóvil,Moto/Ciclomotor","Emilio Zola 2500",3,2,0,0,1,0,0,,"S/D",,"VILLA GOBERNADOR GÁLVEZ","Rosario","Asfalto","No existe","II","S/D","S/D","Ninguna","No existe","Recta","Con baches","Buena","Diurna","Buen Tiempo","S/D","S/D","Colisión","Agua","Faltante","Ninguna","Sin restricción"
2016,3886,7/7/2016,"Jueves",0,17:30:00,,"0.0",2,"Pickup/Utilitario,Tracción animal / Carro","Av San Martin Y Eva Peron",3,2,0,0,1,0,0,,"Calle",,"SAN LORENZO","San Lorenzo","Hormigón","No existe","XVII","Dentro","Urbana","S/D","No existe","Intersección","Bueno","Buena","Diurna","Buen Tiempo","S/D","S/D","Colisión","S/D","S/D","Ninguna","Sin restricción"
2016,3887,7/27/2016,"Miercoles",0,9:30:00,,"0.0",2,"Automóvil,Pickup/Utilitario","Lavalle Y Tucuman",2,1,0,0,1,0,0,,"Calle",,"ROSARIO","Rosario","S/D","No existe","II","Dentro","Urbana","Ninguna","No existe","Recta","S/D","Buena","Diurna","Buen Tiempo","S/D","S/D","Colisión","S/D","Faltante","Ninguna","Sin restricción"
2016,3888,7/1/2016,"Viernes",0,13:30:00,,"0.0",2,"Automóvil,Moto/Ciclomotor","Bv. Segui Y Mariano Moreno",2,1,0,0,1,0,0,,"Avenida",,"ROSARIO","Rosario","Asfalto","No existe","II","Dentro","Urbana","Ninguna","No existe","Intersección","Bueno","Buena","Diurna","Buen Tiempo","De alcance","S/D","Colisión","Ninguna","Faltante","Ninguna","Sin restricción"
2016,3889,7/9/2016,"Sabado",0,10:15:00,,"0.0",2,"Pickup/Utilitario,Moto/Ciclomotor","P Opicci Y Pje 4",2,1,0,0,1,0,0,,"Calle",,"VILLA GOBERNADOR GÁLVEZ","Rosario","Asfalto","No existe","II","S/D","Urbana","Ninguna","No existe","Intersección","Con baches","Buena","Diurna","Buen Tiempo","S/D","S/D","Colisión","Ninguna","Faltante","Ninguna","Sin restricción"
2016,3890,7/12/2016,"Martes",0,6:00:00,,"0.0",2,"Automóvil,Moto/Ciclomotor","Guido y Spano Y Av Filipini",3,1,0,0,2,0,0,,"Calle",,"VILLA GOBERNADOR GÁLVEZ","Rosario","Asfalto","No existe","II","Dentro","Urbana","Ninguna","No existe","Intersección","Bueno","Buena","Nocturna","Buen Tiempo","S/D","S/D","Colisión","Ninguna","Faltante","Ninguna","Sin restricción"
2016,3891,7/30/2016,"Sabado",0,3:00:00,,"0.0",2,"Taxi/Remis,Automóvil","Pueyrredon Y Tucuman",3,2,0,0,1,0,0,,"Calle",,"ROSARIO","Rosario","S/D","No existe","II","Dentro","Urbana","S/D","No existe","Recta","S/D","Buena","Nocturna","Buen Tiempo","S/D","S/D","Colisión","S/D","Faltante","Ninguna","Sin restricción"
2016,3892,7/22/2016,"Viernes",0,21:10:00,,"0.0",3,"Automóvil,Moto/Ciclomotor,Moto/Ciclomotor","Av San Martin 3150",6,2,0,0,4,0,0,,"Calle",,"SAN LORENZO","San Lorenzo","Hormigón","No existe","XVII","Dentro","Urbana","S/D","S/D","Recta","Bueno","Buena","Nocturna","S/D","Múltiple","S/D","Colisión","S/D","S/D","S/D","S/D"
2016,3893,7/25/2016,"Lunes",0,19:20:00,,"0.0",2,"Automóvil,Moto/Ciclomotor","SARMIENTO Y SAVIO",2,1,0,0,1,0,0,,"Calle",,"ROSARIO","Rosario","Asfalto","No existe","II","Dentro","Urbana","Ninguna","No existe","Intersección","Bueno","Buena","Atardecer","Buen Tiempo","De alcance","S/D","Colisión","Ninguna","Faltante","Ninguna","Sin restricción"
2016,3894,7/24/2016,"Domingo",0,13:55:00,,"0.0",2,"Automóvil,Moto/Ciclomotor","Bv. Oroño Y Garibaldi",3,1,0,0,2,0,0,,"Avenida",,"ROSARIO","Rosario","Asfalto","No existe","II","Dentro","Urbana","Semáforo","Funciona","Intersección","Bueno","Buena","Diurna","Buen Tiempo","De alcance","S/D","Colisión","Ninguna","Horizontal","Ninguna","Sin restricción"
2016,3895,7/6/2016,"Miercoles",0,17:40:00,,"0.0",2,"Moto/Ciclomotor,Automóvil","Laprida Y Bv Estanislao Lopez",4,3,0,0,1,0,0,,"Calle",,"ROLDÁN","San Lorenzo","Tierra","No existe","XVII","Dentro","Urbana","Ninguna","No existe","Intersección","Bueno","Buena","Diurna","Buen Tiempo","Lateral","S/D","Colisión","S/D","Vertical","Ninguna","Sin restricción"
2016,3896,7/8/2016,"Viernes",0,12:30:00,,"0.0",2,"Automóvil,Automóvil","Av Gral San Martin Y Av Leandro Alem",2,1,0,0,1,0,0,,"Avenida",,"VILLA GOBERNADOR GÁLVEZ","Rosario","Asfalto","No existe","II","S/D","Urbana","Semáforo","Funciona","Intersección","Bueno","Buena","Diurna","Buen Tiempo","Contra objeto fijo","S/D","Colisión","Ninguna","S/D","Vegetación","Sin restricción"
2016,3897,7/3/2016,"Domingo",0,5:30:00,,"0.0",1,"Automóvil","Belgrano Y Italia",2,2,0,0,0,0,0,,"Calle",,"LAS ROSAS","Belgrano","Asfalto","No existe","III","Dentro","Urbana","Ninguna","No existe","Intersección","Resbaladiza","Reducida","Nocturna","Lluvia","Contra objeto fijo","S/D","Colisión","Agua","Faltante","Cordón divisorio","Sin restricción"
2016,3898,7/19/2016,"Martes",0,17:50:00,,"0.0",2,"Bicicleta,Automóvil","Entre Rios Y Saavedra",2,1,0,0,1,0,0,,"Calle",,"ROSARIO","Rosario","Asfalto","No existe","II","Dentro","Urbana","Ninguna","No existe","Intersección","Bueno","Buena","Diurna","Buen Tiempo","S/D","Ciclista","Atropello","Ninguna","Faltante","Ninguna","Sin restricción"
2016,3899,7/8/2016,"Viernes",0,19:30:00,,"0.0",2,"Moto/Ciclomotor,Automóvil","Urquiza Y M Ateca",2,1,0,0,1,0,0,,"Calle",,"ROLDÁN","San Lorenzo","Asfalto","No existe","XVII","Dentro","Urbana","Ninguna","No existe","Intersección","Bueno","Reducida","Atardecer","Buen Tiempo","Lateral","S/D","Colisión","S/D","Faltante","Ninguna","Sin restricción"
2016,3900,7/12/2016,"Martes",0,,,"0.0",2,"Automóvil,Camión Chasis","Av Juan Domingo Peron Y Pasteur",2,1,0,0,1,0,0,,"Avenida",,"VILLA GOBERNADOR GÁLVEZ","Rosario","Asfalto","No existe","II","S/D","Urbana","Semáforo","Funciona","Recta","Bueno","Buena","S/D","Buen Tiempo","S/D","S/D","Colisión","Ninguna","Faltante","Cordón divisorio","Sin restricción"
2016,3901,7/24/2016,"Domingo",0,11:40:00,"Ruta Nacional Rosario -Cordoba","314.0",1,"Automóvil"," ",2,0,2,0,0,0,0,,"Ruta","Rosario -Cordoba","ROLDÁN","San Lorenzo","Asfalto","Natural","XVII","Dentro","Urbana","Ninguna","No existe","Recta","Bueno","Buena","Diurna","Buen Tiempo","S/D","S/D","Vuelco","S/D","Vertical","Ninguna","Sin restricción"
2016,3902,7/24/2016,"Domingo",0,9:20:00,"Ruta Provincial 21","0.0",1,"Automóvil"," ",1,1,0,0,0,0,0,,"Ruta",21,"VILLA GOBERNADOR GÁLVEZ","Rosario","Asfalto","Natural","II","S/D","Urbana","Ninguna","No existe","Recta","Bueno","Buena","Diurna","Buen Tiempo","S/D","S/D","Colisión","S/D","S/D","Cordón divisorio","Sin restricción"
2016,3903,7/26/2016,"Martes",0,7:30:00,"Ruta Nacional A012","41.0",2,"Automóvil,Peatón"," ",2,1,0,0,1,0,0,,"Ruta","A012","ROLDÁN","San Lorenzo","Asfalto","Natural","XVII","Dentro","Urbana","Ninguna","Intermitente","Intersección","Bueno","Buena","Amanecer","Buen Tiempo","S/D","Peatón","Atropello","S/D","Vertical","Ninguna","Sin restricción"
2016,3904,7/19/2016,"Martes",0,11:15:00,,"0.0",2,"Moto/Ciclomotor,Pickup/Utilitario","Bv. Segui Y Rodriguez",3,2,0,0,1,0,0,,"Calle",,"ROSARIO","Rosario","Asfalto","No existe","II","Dentro","Urbana","Ninguna","No existe","Intersección","Bueno","Buena","Diurna","Buen Tiempo","De alcance","S/D","Colisión","Ninguna","Faltante","Ninguna","Sin restricción"
2016,3905,7/30/2016,"Sabado",0,7:45:00,,"0.0",2,"Automóvil,Moto/Ciclomotor","Mitre Y Iriondo",4,2,0,0,2,0,0,,"Calle",,"VILLA GOBERNADOR GÁLVEZ","Rosario","Asfalto","No existe","II","Dentro","Urbana","Ninguna","No existe","Intersección","Bueno","Buena","Amanecer","Buen Tiempo","S/D","S/D","Colisión","Ninguna","Faltante","Ninguna","Sin restricción"
2016,3906,7/16/2016,"Sabado",0,21:30:00,,"0.0",2,"Moto/Ciclomotor,Automóvil","Bv Pte Roca Y 500 Millas Argentinas",4,1,1,0,2,0,0,,"Avenida",,"RAFAELA","Castellanos","Asfalto","No existe","V","Dentro","Urbana","S/D","No existe","Intersección","Bueno","Reducida","Nocturna","Buen Tiempo","Frontal","S/D","Colisión","S/D","S/D","S/D","Sin restricción"
2016,3907,7/26/2016,"Martes",0,20:10:00,"Ruta Nacional A012","40.0",2,"Moto/Ciclomotor,Moto/Ciclomotor"," ",2,0,2,0,0,0,0,,"Ruta","A012","ROLDÁN","San Lorenzo","Asfalto","Natural","XVII","Dentro","Urbana","Ninguna","No existe","Recta","Bueno","Reducida","Nocturna,Con luz artificial","Buen Tiempo","S/D","S/D","Colisión","S/D","Vertical","Ninguna","Sin restricción"
2016,3908,7/16/2016,"Sabado",0,13:45:00,,"0.0",2,"Moto/Ciclomotor,Automóvil","Saavedra Y Mariano Moreno",2,1,0,0,1,0,0,,"Calle",,"ROSARIO","Rosario","Asfalto","No existe","II","Dentro","Urbana","Ninguna","No existe","Intersección","Bueno","Buena","Diurna","Buen Tiempo","De alcance","S/D","Colisión","Ninguna","Faltante","Ninguna","Sin restricción"
2016,3909,7/3/2016,"Domingo",0,1:45:00,,"0.0",2,"Taxi/Remis,Automóvil","Av Gral San Martin Y Mitre",4,2,0,0,2,0,0,,"Calle",,"VILLA GOBERNADOR GÁLVEZ","Rosario","Asfalto","Pavimento","II","Dentro","Urbana","Ninguna","No existe","Intersección","Bueno","S/D","Nocturna,Con luz artificial","Buen Tiempo","Lateral","S/D","Colisión","Ninguna","Faltante","Cordón divisorio","Sin restricción"
2016,3910,7/30/2016,"Sabado",0,9:30:00,,"0.0",2,"Automóvil,Peatón","Catamarca Y 1 de Mayo",2,1,0,0,1,0,0,,"Calle",,"ROLDÁN","San Lorenzo","Hormigón","No existe","XVII","Dentro","Urbana","Ninguna","No existe","Recta","Bueno","Buena","Diurna","Buen Tiempo","S/D","S/D","Atropello","S/D","Vertical","Ninguna","Sin restricción"
2016,3911,7/15/2016,"Viernes",0,19:30:00,,"0.0",2,"Moto/Ciclomotor,Automóvil","Bv Pte Roca Y 3 de Febrero",5,1,0,0,4,0,0,,"Avenida",,"RAFAELA","Castellanos","Hormigón","No existe","V","Dentro","Urbana","S/D","Funciona","Recta","Bueno","Reducida","Nocturna","Buen Tiempo","De alcance","S/D","Colisión","S/D","S/D","S/D","Sin restricción"
2016,3912,7/16/2016,"Sabado",0,7:50:00,,"0.0",2,"Automóvil,Moto/Ciclomotor","Bv. Segui Y Av. Corrientes",2,1,0,0,0,0,1,,"Calle",,"ROSARIO","Rosario","Asfalto","No existe","II","Dentro","Urbana","Señal Pare","No existe","Intersección","Bueno","Buena","Amanecer","Buen Tiempo","De alcance","S/D","Colisión","Ninguna","Faltante","Ninguna","Sin restricción"
2016,3913,7/25/2016,"Lunes",0,,,"0.0",2,"Moto/Ciclomotor,Automóvil","Av San Martin Y Falucho",2,1,0,0,1,0,0,,"Calle",,"SAN LORENZO","San Lorenzo","S/D","S/D","XVII","Dentro","Urbana","S/D","S/D","S/D","S/D","S/D","S/D","S/D","S/D","S/D","Colisión","S/D","S/D","S/D","S/D"
2016,3914,7/24/2016,"Domingo",0,,,"0.0",2,"Moto/Ciclomotor,Automóvil","San Juan Y Jose Rucci",3,2,0,0,1,0,0,,"Calle",,"SAN LORENZO","San Lorenzo","S/D","S/D","XVII","Dentro","Urbana","S/D","S/D","S/D","S/D","S/D","S/D","S/D","S/D","S/D","Colisión","S/D","S/D","S/D","S/D"
2016,3915,7/15/2016,"Viernes",0,19:40:00,,"0.0",2,"Bicicleta,Automóvil","Italia Y Saavedra",3,2,0,0,1,0,0,,"Calle",,"ROSARIO","Rosario","Asfalto","No existe","II","Dentro","Urbana","Ninguna","No existe","Intersección","Bueno","Buena","Nocturna","Buen Tiempo","S/D","Ciclista","Atropello","Ninguna","Faltante","Ninguna","Sin restricción"
2016,3916,7/12/2016,"Martes",0,,,"0.0",2,"Moto/Ciclomotor,Transporte de Pasajeros Urbano (> 8 asientos)"," ",2,0,1,0,0,0,1,,"Calle",,"RAFAELA","Castellanos","Asfalto","S/D","V","S/D","Urbana","S/D","S/D","Intersección","Bueno","S/D","S/D","Buen Tiempo","S/D","S/D","Colisión","S/D","S/D","S/D","Sin restricción"
2016,3917,7/13/2016,"Miercoles",0,10:00:00,,"0.0",2,"Taxi/Remis,Camión Chasis","Mitre Y Gaboto",2,1,0,0,1,0,0,,"Calle",,"ROSARIO","Rosario","Asfalto","No existe","II","Dentro","Urbana","Ninguna","No existe","Intersección","Bueno","Buena","Diurna","Buen Tiempo","De alcance","S/D","Colisión","Ninguna","S/D","S/D","Sin restricción"
2016,3918,7/19/2016,"Martes",0,17:30:00,,"0.0",2,"Moto/Ciclomotor,Automóvil","Santiago del Estero Y Thompson",2,1,0,0,1,0,0,,"Calle",,"SAN LORENZO","San Lorenzo","S/D","S/D","XVII","Dentro","Urbana","S/D","S/D","S/D","S/D","S/D","Diurna","S/D","S/D","S/D","Colisión","S/D","S/D","S/D","S/D"
2016,3919,7/7/2016,"Jueves",0,17:30:00,,"0.0",2,"Automóvil,Automóvil","Av Gral San Martin 1900",3,1,0,0,2,0,0,,"Calle",,"VILLA GOBERNADOR GÁLVEZ","Rosario","Asfalto","No existe","II","Dentro","Urbana","Ninguna","No existe","Recta","Bueno","Buena","Diurna","Buen Tiempo","Lateral","S/D","Colisión","Ninguna","Faltante","Ninguna","Sin restricción"
2016,3920,7/7/2016,"Jueves",0,19:00:00,,"0.0",2,"Bicicleta,Moto/Ciclomotor","Bv Pte Roca Y J G Artigas",2,2,0,0,0,0,0,,"Calle",,"RAFAELA","Castellanos","Hormigón","No existe","V","Dentro","Urbana","Semáforo","No existe","Intersección","Bueno","Buena","Diurna","Buen Tiempo","S/D","Ciclista","Atropello","S/D","S/D","Barrera de hormigón","Sin restricción"
2016,3921,7/12/2016,"Martes",0,13:00:00,,"0.0",2,"Bicicleta,Automóvil","Paraguay Y Milan",2,1,0,0,1,0,0,,"Calle",,"ROSARIO","Rosario","Asfalto","No existe","II","Dentro","Urbana","Ninguna","No existe","Intersección","Bueno","Buena","Diurna","Buen Tiempo","S/D","Ciclista","Atropello","Ninguna","S/D","Ninguna","Sin restricción"
2016,3922,7/19/2016,"Martes",0,16:10:00,"Ruta Provincial Brigadier E.López","14.0",1,"Moto/Ciclomotor"," ",2,2,0,0,0,0,0,,"Ruta","Brigadier E.López","SAN LORENZO","San Lorenzo","S/D","S/D","XVII","Dentro","Urbana","S/D","S/D","S/D","S/D","S/D","Diurna","S/D","S/D","S/D","Caída ocupante","S/D","S/D","S/D","S/D"
2016,3923,7/1/2016,"Viernes",0,9:00:00,,"0.0",2,"Moto/Ciclomotor,Automóvil","Francisco Saenz Diaz Y Ituzaingo",3,1,0,0,2,0,0,,"Calle",,"RAFAELA","Castellanos","Asfalto","No existe","V","Dentro","Urbana","Ninguna","No existe","Intersección","Bueno","Buena","Diurna","Buen Tiempo","Lateral","S/D","Colisión","S/D","Horizontal,Vertical","Ninguna","Sin restricción"
2016,3924,7/15/2016,"Viernes",0,17:00:00,,"0.0",2,"Automóvil,Bicicleta","Entre Rios Y Irigoyen",2,1,0,0,1,0,0,,"Calle",,"SAN LORENZO","San Lorenzo","S/D","S/D","XVII","Dentro","Urbana","S/D","S/D","S/D","S/D","S/D","Diurna","S/D","S/D","Ciclista","Atropello","S/D","S/D","S/D","S/D"
2016,3925,7/13/2016,"Miercoles",0,20:15:00,,"0.0",2,"Moto/Ciclomotor,Moto/Ciclomotor","Av Gral San Martin Y Av de Circunvalacion",4,4,0,0,0,0,0,,"Calle",,"VILLA GOBERNADOR GÁLVEZ","Rosario","Asfalto","No existe","II","Dentro","Urbana","Semáforo","Funciona","Intersección","Bueno","Buena","Nocturna,Con luz artificial","Buen Tiempo","Lateral","S/D","Colisión","Ninguna","Faltante","Ninguna","Sin restricción"
2016,3926,7/11/2016,"Lunes",0,18:15:00,,"0.0",2,"Automóvil,Moto/Ciclomotor","AV URIBURU Y MARGIS",2,1,0,0,1,0,0,,"Calle",,"ROSARIO","Rosario","Asfalto","No existe","II","Dentro","Urbana","Ninguna","No existe","Intersección","Resbaladiza","S/D","S/D","Lluvia","De alcance","S/D","Colisión","S/D","S/D","Ninguna","Sin restricción"
2016,3927,7/15/2016,"Viernes",0,17:00:00,,"0.0",2,"Automóvil,Moto/Ciclomotor","Urquiza Y Juan M De Rosas",3,2,0,0,1,0,0,,"Calle",,"SAN LORENZO","San Lorenzo","S/D","S/D","XVII","Dentro","Urbana","S/D","S/D","S/D","S/D","S/D","Diurna","S/D","S/D","S/D","Colisión","S/D","S/D","S/D","S/D"
2016,3928,7/1/2016,"Viernes",0,20:30:00,,"0.0",2,"Moto/Ciclomotor,Automóvil","Av Luis Fanti Y Viamonte",4,1,0,0,3,0,0,,"Avenida",,"RAFAELA","Castellanos","Hormigón","S/D","V","Dentro","Urbana","Ninguna","No existe","Intersección","Bueno","Buena","Nocturna","Buen Tiempo","Lateral","S/D","Colisión","S/D","S/D","Ninguna","Sin restricción"
2016,3929,7/22/2016,"Viernes",0,23:30:00,,"0.0",2,"Automóvil,Moto/Ciclomotor","Sarmiento Y Bv. Segui",3,2,0,0,1,0,0,,"Avenida",,"ROSARIO","Rosario","Asfalto","No existe","II","Dentro","Urbana","Ninguna","No existe","Intersección","Bueno","Buena","Nocturna","Buen Tiempo","De alcance","S/D","Colisión","Ninguna","Faltante","Ninguna","Sin restricción"
2016,3930,7/15/2016,"Viernes",0,17:00:00,,"0.0",2,"Moto/Ciclomotor,Bicicleta","General Lopez 1300",2,1,0,0,1,0,0,,"Calle",,"SAN LORENZO","San Lorenzo","Asfalto","Pavimento","XVII","Dentro","Urbana","S/D","No existe","Recta","Bueno","Buena","Diurna","S/D","S/D","Ciclista","Atropello","Agua","Faltante","S/D","S/D"
2016,3931,7/6/2016,"Miercoles",0,20:00:00,,"0.0",1,"Moto/Ciclomotor"," ",3,0,1,0,2,0,0,,"Camino Rural",,"LANTERI","General Obligado","Tierra","Natural","IX","Dentro","Rural","S/D","No existe","Recta","Ahuellamiento","Reducida polvo","Atardecer","Buen Tiempo","S/D","S/D","Despiste","Agua","Faltante","Vegetación","Sin restricción"
2016,3932,7/16/2016,"Sabado",0,11:40:00,,"0.0",2,"Moto/Ciclomotor,Automóvil","Bv San diego Y Alvear",3,2,0,0,1,0,0,,"Calle",,"VILLA GOBERNADOR GÁLVEZ","Rosario","Asfalto","No existe","II","Dentro","Urbana","Ninguna","No existe","Intersección","Bueno","Buena","Diurna","Buen Tiempo","Lateral","S/D","Colisión","Ninguna","Faltante","Ninguna","Sin restricción"
2016,3933,7/25/2016,"Lunes",0,,"Ruta Secundaria 22-s","0.0",1,"Moto/Ciclomotor","Soldado Aguirre Y Ruta Prov 22 S",1,1,0,0,0,0,0,,"Ruta","22-s","VILLA GOBERNADOR GÁLVEZ","Rosario","Asfalto","Natural","II","Dentro","Urbana","Ninguna","No existe","Intersección","Con baches","Buena","S/D","Buen Tiempo","Atropello animal","S/D","Caída ocupante","Material Suelto","S/D","Ninguna","Sin restricción"