"anio_acci","nro_acci","fecha","desc_dia","fecha_aprox","hora_aprox","desc_ruta","km","cant_participantes","desc_participante","calle_avenida_km","total","heridos_leves","heridos_graves","heridos_gravisimos","ilesos","fallecidos","sin_datos","posicion_XY","desc_tipo_via","desc_ruta_ori","desc_loc","desc_dpto","desc_tipo_calzada","desc_tipo_banquina","desc_unidad_regional","desc_lugar_calzada","desc_zona","desc_prioridad","desc_estado_semaforo","desc_lugar_via","desc_estado_via","desc_estado_visibilidad","desc_luminosidad","desc_estado_clima","desc_tipo_colision","desc_tipo_atropello","desc_tipo_hecho","desc_pres_calzada","desc_senializacion","desc_separacion_via","desc_restriccion"
2016,3934,7/7/2016,"Jueves",0,18:15:00,,"0.0",2,"Moto/Ciclomotor,Camión Chasis","Av Italia Y Carlos Gardel",3,1,0,0,2,0,0,,"Avenida",,"RAFAELA","Castellanos","Ripio","Pavimento","V","Dentro","Urbana","Ninguna","No existe","Intersección","Con baches","Buena","Atardecer","Buen Tiempo","Lateral","S/D","Colisión","Ninguna","Faltante","Ninguna","Sin restricción"
2016,3935,7/20/2016,"Miercoles",0,,"Ruta Secundaria 22-s","0.0",2,"Automóvil,Moto/Ciclomotor","Ruta Prov 22 S Y Bordabhere",2,0,1,0,1,0,0,,"Ruta","22-s","VILLA GOBERNADOR GÁLVEZ","Rosario","Asfalto","No existe","II","Fuera","Urbana","Ninguna","No existe","Intersección","Deteriorada","Buena","Nocturna","Buen Tiempo","Lateral","S/D","Colisión,Despiste","Material Suelto","Faltante","Ninguna","Sin restricción"
2016,3936,7/21/2016,"Jueves",0,21:50:00,,"0.0",2,"Moto/Ciclomotor,Automóvil","Bv San diego Y 17 de Octubre",2,1,0,0,1,0,0,,"Calle",,"VILLA GOBERNADOR GÁLVEZ","Rosario","Asfalto","No existe","II","Dentro","Urbana","Ninguna","No existe","Intersección","Bueno","Buena","Nocturna,Con luz artificial","Buen Tiempo","Contra objeto fijo","S/D","Colisión","Ninguna","Faltante","Ninguna","Sin restricción"
2016,3937,7/11/2016,"Lunes",0,6:10:00,"Ruta Provincial 1","282.0",1,"Automóvil"," ",2,1,0,0,1,0,0,,"Ruta",1,"LOS LAURELES","General Obligado","Asfalto","Natural","IX","Dentro","Urbana","Marca Vial","No existe","Recta","Bueno","Reducida","Nocturna","Buen Tiempo","Contra objeto fijo","S/D","Colisión","S/D","Faltante","Línea divisoria pintada","Sin restricción"
2016,3938,7/20/2016,"Miercoles",0,18:55:00,,"0.0",2,"Moto/Ciclomotor,Automóvil","Soldado Aguirre Y San Lorenzo",2,1,0,0,1,0,0,,"Avenida",,"VILLA GOBERNADOR GÁLVEZ","Rosario","Asfalto","No existe","II","Dentro","Urbana","Ninguna","No existe","Intersección","Bueno","Buena","Atardecer","Buen Tiempo","Lateral","S/D","Colisión","S/D","S/D","Ninguna","Sin restricción"
2016,3939,7/8/2016,"Viernes",0,17:30:00,,"0.0",2,"Moto/Ciclomotor,Pickup/Utilitario","San martin Y 9 de Julio",3,0,1,1,1,0,0,,"Calle",,"FLORENCIA","General Obligado","Hormigón","S/D","IX","Dentro","Urbana","Ninguna","No existe","Intersección","Bueno","Buena","Diurna","Buen Tiempo","Frontal","S/D","Colisión","S/D","S/D","Ninguna","Sin restricción"
2016,3940,7/21/2016,"Jueves",0,,,"0.0",2,"Moto/Ciclomotor,Automóvil","Bv Santa Fe Y Jorge Newbery",2,1,0,0,1,0,0,,"Avenida",,"RAFAELA","Castellanos","S/D","Ripio","I","S/D","Urbana","Ninguna","No existe","Intersección","Resbaladiza","Buena","Nocturna","Buen Tiempo","Frontal","S/D","Colisión","Agua","Faltante","Ninguna","Sin restricción"
2016,3941,7/26/2016,"Martes",0,8:50:00,,"0.0",2,"Moto/Ciclomotor,Automóvil","Laprida Y Belgrano",2,1,0,0,1,0,0,,"Calle",,"VILLA GOBERNADOR GÁLVEZ","Rosario","Asfalto","No existe","II","Dentro","Urbana","Ninguna","No existe","Intersección","Bueno","Buena","Diurna","Buen Tiempo","Lateral","S/D","Colisión","Ninguna","Faltante","Ninguna","Sin restricción"
2016,3942,7/6/2016,"Miercoles",0,14:00:00,,"0.0",2,"Automóvil,Automóvil","Santa Fe Y Almirante Brown",2,1,0,0,1,0,0,,"Calle",,"MALABRIGO","General Obligado","Asfalto","Natural","IX","Dentro","Urbana","Ninguna","No existe","Intersección","Bueno","Buena","Diurna","Buen Tiempo","Lateral","S/D","Colisión","S/D","S/D","Ninguna","Sin restricción"
2016,3943,7/12/2016,"Martes",0,16:00:00,,"0.0",2,"Peatón,Transporte de Pasajeros Urbano (> 8 asientos)","A F Temporelli Y Rosario",2,1,0,0,1,0,0,,"Calle",,"VILLA GOBERNADOR GÁLVEZ","Rosario","Asfalto","Natural","II","Dentro","Urbana","Ninguna","No existe","Intersección","Bueno","Buena","Diurna","Buen Tiempo","S/D","Peatón","Atropello","Material Suelto","S/D","Ninguna","Sin restricción"
2016,3944,7/21/2016,"Jueves",0,17:00:00,,"0.0",2,"Automóvil,Moto/Ciclomotor","San Martin Y Santa Fe",2,1,0,0,1,0,0,,"Calle",,"MALABRIGO","General Obligado","Hormigón","Pavimento","IX","Fuera","Urbana","Ninguna","No existe","Intersección","Bueno","Buena","Diurna","Buen Tiempo","S/D","S/D","Colisión","S/D","S/D","Ninguna","Sin restricción"
2016,3945,7/24/2016,"Domingo",0,12:45:00,,"0.0",2,"Moto/Ciclomotor,Automóvil","Colon Y Cordoba",2,1,0,0,1,0,0,,"S/D",,"VILLA GOBERNADOR GÁLVEZ","Rosario","Hormigón","No existe","II","S/D","Urbana","Ninguna","No existe","Recta","Con baches","Buena","Diurna","Buen Tiempo","De alcance","S/D","Colisión","Ninguna","Faltante","Ninguna","Sin restricción"
2016,3946,7/7/2016,"Jueves",0,16:20:00,"Ruta Secundaria 22-s","0.0",2,"Automóvil,Camión c / Acoplado"," ",2,1,0,0,1,0,0,,"Ruta","22-s","VILLA GOBERNADOR GÁLVEZ","Rosario","Asfalto","Pavimento","II","Dentro","Rural","Ninguna","No existe","Intersección","Bueno","Buena","Diurna","Buen Tiempo","S/D","S/D","Colisión","Ninguna","S/D","Vegetación","Sin restricción"
2016,3947,7/28/2016,"Jueves",0,16:30:00,,"0.0",2,"Bicicleta,Automóvil","Bvard 20 de Junio Y Avda. Jorge Newbery",2,1,0,0,1,0,0,,"Calle",,"GÁLVEZ","San Jerónimo","Asfalto","No existe","XV","Dentro","Urbana","Ninguna","No existe","Intersección","Bueno","Buena","Diurna","Buen Tiempo","S/D","Ciclista","Atropello","S/D","Faltante","Ninguna","Sin restricción"
2016,3948,7/26/2016,"Martes",0,10:30:00,,"0.0",2,"Bicicleta,Automóvil","Avda 25 de Mayo ",2,1,0,0,1,0,0,,"Calle",,"GÁLVEZ","San Jerónimo","Asfalto","No existe","XV","Dentro","Urbana","Ninguna","No existe","Recta","Bueno","Buena","Diurna","Buen Tiempo","S/D","Ciclista","Atropello","S/D","S/D","Barrera de hormigón","Sin restricción"
2016,3949,7/16/2016,"Sabado",0,6:20:00,,"0.0",2,"Moto/Ciclomotor,Automóvil","Av Irigoyen Y J V Gonzalez",3,2,0,0,1,0,0,,"Avenida",,"SUNCHALES","Castellanos","Asfalto","S/D","V","S/D","Urbana","Ninguna","No existe","Intersección","Bueno","Buena","Nocturna","Buen Tiempo","Lateral","S/D","Colisión","Ninguna","Faltante","Cordón divisorio","Sin restricción"
2016,3950,7/23/2016,"Sabado",0,17:10:00,,"0.0",2,"Automóvil,Automóvil","Av de Circunvalacion Y Nogues",3,1,0,0,2,0,0,,"S/D",,"VILLA GOBERNADOR GÁLVEZ","Rosario","Asfalto","S/D","II","S/D","Urbana","Ninguna","No existe","Curva","Bueno","Buena","Diurna","Buen Tiempo","De alcance","S/D","Colisión","Ninguna","Faltante","Ninguna","Sin restricción"
2016,3951,7/23/2016,"Sabado",0,19:10:00,,"0.0",2,"Automóvil,Bicicleta","Sarmiento 750",2,1,0,0,1,0,0,,"Calle",,"GÁLVEZ","San Jerónimo","Asfalto","No existe","XV","Dentro","Urbana","Ninguna","No existe","Recta","Bueno","Buena","Atardecer","Buen Tiempo","S/D","Ciclista","Atropello","S/D","Horizontal","S/D","Sin restricción"
2016,3952,7/24/2016,"Domingo",0,7:40:00,"Ruta Provincial 21","286.0",2,"Automóvil,Moto/Ciclomotor"," ",2,1,0,0,0,0,1,,"Ruta",21,"ALVEAR","Rosario","Asfalto","Natural","II","Dentro","Rural","Ninguna","No existe","Recta","Bueno","Buena","Amanecer","Buen Tiempo","Frontal","S/D","Colisión","Ninguna","S/D","Línea divisoria pintada","Sin restricción"
2016,3953,7/19/2016,"Martes",0,17:50:00,,"0.0",2,"Automóvil,Moto/Ciclomotor","Bvard 20 de Junio Y Maipu",2,1,0,0,1,0,0,,"Calle",,"GÁLVEZ","San Jerónimo","Asfalto","No existe","XV","Dentro","Urbana","S/D","S/D","Intersección","Bueno","Buena","Atardecer","Buen Tiempo","Lateral","S/D","Colisión","Ninguna","S/D","Cordón divisorio","Sin restricción"
2016,3954,7/11/2016,"Lunes",0,0:45:00,,"0.0",1,"Moto/Ciclomotor","Avda 25 de Mayo Y Bvard Pasteur",1,1,0,0,0,0,0,,"Calle",,"GÁLVEZ","San Jerónimo","S/D","No existe","XV","Dentro","Urbana","Otra Señal","No existe","S/D","S/D","Buena","Nocturna","Buen Tiempo","Contra objeto fijo","S/D","Colisión","S/D","S/D","Ninguna","Sin restricción"
2016,3955,7/7/2016,"Jueves",0,20:40:00,"Ruta Provincial 21","0.0",2,"Automóvil,Automóvil","Sarmiento ",2,1,0,0,1,0,0,,"Ruta",21,"GENERAL LAGOS","Rosario","Asfalto","Natural","II","Dentro","Urbana","Ninguna","S/D","Intersección","Bueno","Buena","Nocturna,Con luz artificial","Buen Tiempo","Frontal","S/D","Colisión","S/D","Faltante","Ninguna","Sin restricción"
2016,3956,7/9/2016,"Sabado",0,1:20:00,,"0.0",2,"Automóvil,Moto/Ciclomotor","Avda 25 de Mayo Y Sarmiento",3,2,0,0,1,0,0,,"Calle",,"GÁLVEZ","San Jerónimo","Asfalto","S/D","XV","Dentro","Urbana","Ninguna","No existe","Intersección","Bueno","Buena","Nocturna","Buen Tiempo","Lateral","S/D","Colisión","S/D","S/D","Cordón divisorio","Sin restricción"
2016,3957,7/20/2016,"Miercoles",0,7:30:00,"Ruta Secundaria 25-s","0.0",2,"Automóvil,Moto/Ciclomotor"," ",2,1,0,0,1,0,0,,"Ruta","25-s","ALVEAR","Rosario","Asfalto","Natural","II","Dentro","Rural","Ninguna","No existe","Otro","Bueno","Buena","Amanecer","Buen Tiempo","Lateral","S/D","Colisión","Ninguna","S/D","Línea divisoria pintada","S/D"
2016,3958,7/30/2016,"Sabado",0,20:30:00,,"0.0",1,"Moto/Ciclomotor","Juan B Justo ",2,2,0,0,0,0,0,,"Calle",,"SAN GENARO","San Jerónimo","Asfalto","No existe","XV","Dentro","Urbana","Ninguna","No existe","Intersección","Con baches","Reducida","Nocturna,Con luz artificial","Buen Tiempo","S/D","S/D","Caída ocupante","S/D","Vertical","Ninguna","Sin restricción"
2016,3959,7/28/2016,"Jueves",0,23:30:00,,"0.0",2,"Automóvil,Moto/Ciclomotor","Colon Y Juan B Justo",2,1,0,0,1,0,0,,"Calle",,"RAFAELA","Castellanos","Asfalto","Pavimento","V","Dentro","Urbana","S/D","No existe","Intersección","Bueno","Reducida","Nocturna","Buen Tiempo","Lateral","S/D","Colisión","S/D","Faltante","S/D","Sin restricción"
2016,3960,7/1/2016,"Viernes",0,18:50:00,"Ruta Provincial 21","0.0",2,"Automóvil,Moto/Ciclomotor","AV RUBINI ",2,1,0,0,1,0,0,,"Ruta",21,"ALVEAR","Rosario","Asfalto","Natural","II","Dentro","Rural","Ninguna","Funciona","Recta","Bueno","Buena","Atardecer","Buen Tiempo","De alcance","S/D","Colisión","Ninguna","Vertical","Línea divisoria pintada","S/D"
2016,3961,7/16/2016,"Sabado",0,16:50:00,"Ruta Provincial 14","0.0",2,"Automóvil,Automóvil","RUTA PROV 14 Y RUTA NAC A012",7,6,0,0,0,1,0,"-33.091924949924,-60.790833654995","Ruta",14,"PIÑERO","Rosario","S/D","S/D","II","Dentro","Urbana","S/D","S/D","Intersección","S/D","S/D","Diurna","S/D","S/D","S/D","Colisión","S/D","S/D","Ninguna,S/D","S/D"
2016,3962,7/10/2016,"Domingo",0,4:40:00,,"0.0",1,"Moto/Ciclomotor","ENTRE RIOS Y 19 DE SEPTIEMBRE",3,2,0,0,1,0,0,,"Calle",,"SAN GENARO","San Jerónimo","Asfalto","No existe","XV","Dentro","Urbana","Ninguna","No existe","Intersección","Con baches","Reducida","Nocturna,Con luz artificial","Buen Tiempo","S/D","S/D","Caída ocupante","S/D","Horizontal,Vertical","Ninguna","Sin restricción"
2016,3963,7/26/2016,"Martes",0,20:00:00,,"0.0",1,"Moto/Ciclomotor","Bv Pte Roca Y Parana",2,1,0,0,0,0,1,,"Avenida",,"RAFAELA","Castellanos","Hormigón","No existe","V","Dentro","Urbana","Ninguna","No existe","Intersección","Bueno","Buena","Nocturna","Viento Fuerte","Lateral","S/D","Colisión","S/D","Horizontal,Vertical","Barrera de hormigón,Vegetación","Sin restricción"
2016,3964,7/13/2016,"Miercoles",0,6:30:00,"Ruta Nacional 11","433.0",2,"Moto/Ciclomotor,Transporte de Pasajeros (H/ 8 asientos)"," ",11,0,1,0,10,0,0,,"Ruta",11,"DESVÍO ARIJÓN","San Jerónimo","Asfalto","Natural","XV","Dentro","Urbana","Ninguna","No existe","Recta","Bueno","Reducida","Amanecer","Buen Tiempo","Lateral","S/D","Colisión","S/D","Faltante","Línea divisoria pintada","Sin restricción"
2016,3965,7/8/2016,"Viernes",0,21:40:00,,"0.0",2,"Moto/Ciclomotor,Transporte de Pasajeros Urbano (> 8 asientos)","Ayacucho Y Marco Polo",2,1,0,0,1,0,0,,"Avenida",,"ROSARIO","Rosario","Asfalto","No existe","II","Dentro","Urbana","Ninguna","No existe","Intersección","Bueno","S/D","Nocturna","Buen Tiempo","Lateral","S/D","Colisión","S/D","S/D","Línea divisoria pintada","Sin restricción"
2016,3966,7/14/2016,"Jueves",0,6:15:00,,"0.0",1,"Moto/Ciclomotor","ESTANILAO LOPEZ Y 13 DE JUNIO",1,0,1,0,0,0,0,,"Calle",,"SÁNCHEZ","Constitución","Asfalto","No existe","VI","S/D","Urbana","Ninguna","S/D","Recta","Bueno","Reducida","Nocturna","Buen Tiempo","S/D","S/D","Caída ocupante","Otro","S/D","Ninguna","Sin restricción"
2016,3967,7/25/2016,"Lunes",0,16:30:00,,"0.0",2,"Automóvil,Pickup/Utilitario","Alberdi Y Gorriti",3,1,0,0,1,0,1,,"Calle",,"ROSARIO","Rosario","Asfalto","S/D","II","Dentro","Urbana","S/D","S/D","Intersección","S/D","S/D","Diurna","S/D","S/D","S/D","Colisión","S/D","S/D","S/D","S/D"
2016,3968,7/27/2016,"Miercoles",0,7:40:00,,"0.0",2,"Peatón,Moto/Ciclomotor","Av. Luis Carballo ",2,1,0,0,0,0,1,,"Calle",,"ROSARIO","Rosario","Asfalto","S/D","II","Dentro","Urbana","S/D","S/D","Intersección","S/D","S/D","Diurna","S/D","S/D","Peatón","Atropello","S/D","S/D","S/D","S/D"
2016,3969,7/27/2016,"Miercoles",0,3:25:00,,"0.0",1,"Moto/Ciclomotor","Alberdi Y Velez Sarsfield",2,2,0,0,0,0,0,,"Calle",,"ROSARIO","Rosario","Asfalto","S/D","II","Dentro","Urbana","S/D","S/D","Intersección","S/D","S/D","Nocturna","S/D","Contra objeto fijo","S/D","Colisión","S/D","S/D","S/D","S/D"
2016,3970,7/18/2016,"Lunes",0,19:15:00,,"0.0",2,"Automóvil,Automóvil","Bv. Avellaneda ",2,1,0,0,0,0,1,,"Calle",,"ROSARIO","Rosario","S/D","S/D","II","Dentro","Urbana","S/D","S/D","S/D","S/D","S/D","Atardecer","S/D","S/D","S/D","Colisión","S/D","S/D","S/D","S/D"
2016,3971,7/16/2016,"Sabado",0,20:35:00,,"0.0",1,"Automóvil","Gorriti ",2,2,0,0,0,0,0,,"Calle",,"ROSARIO","Rosario","Asfalto","S/D","II","Dentro","Urbana","S/D","S/D","Intersección","S/D","S/D","Nocturna","S/D","Contra objeto fijo","S/D","Colisión","S/D","S/D","S/D","S/D"
2016,3972,7/15/2016,"Viernes",0,18:30:00,,"0.0",2,"Peatón,Moto/Ciclomotor"," ",3,2,0,0,0,0,1,,"Calle",,"ROSARIO","Rosario","Asfalto","S/D","II","Dentro","Urbana","S/D","S/D","Recta","S/D","S/D","Atardecer","S/D","S/D","Peatón","Atropello","S/D","S/D","S/D","S/D"
2016,3973,5/14/2016,"Sabado",0,19:00:00,,"0.0",2,"Moto/Ciclomotor,Moto/Ciclomotor","Monseñor Zaspe Y Roque Saenz Peña",4,1,1,0,0,2,0,"-31.652933, -60.727851","Calle",,"SANTA FE","La Capital","S/D","S/D","I","Dentro","Urbana","S/D","S/D","Intersección","S/D","S/D","Diurna","S/D","S/D","S/D","Colisión","S/D","S/D","S/D","S/D"
2016,3974,3/1/2016,"Martes",0,10:30:00,"Ruta Nacional 168","0.0",3,"Camión,Automóvil,Automóvil","ACCESO BARRIO EL POZO ",3,1,0,0,0,0,2,,"Ruta",168,"SANTA FE","La Capital","S/D","S/D","I","Dentro","Urbana","S/D","S/D","S/D","S/D","S/D","Diurna","S/D","Múltiple","S/D","Colisión","S/D","S/D","S/D","S/D"
2016,3975,2/27/2016,"Sabado",0,,"Ruta Provincial 26","0.0",2,"Bicicleta,Automóvil"," ",2,1,0,0,1,0,0,,"Ruta",26,"CASILDA","Caseros","S/D","S/D","IV","Dentro","Urbana","S/D","S/D","S/D","S/D","S/D","Atardecer","S/D","S/D","Ciclista","Atropello","S/D","S/D","S/D","S/D"
2016,3976,2/28/2016,"Domingo",0,,"Ruta Nacional 33","0.0",2,"Automóvil,Automóvil","Boulevard Doctor E Tomat ",6,6,0,0,0,0,0,,"Ruta",33,"CASILDA","Caseros","S/D","S/D","IV","Dentro","Urbana","S/D","S/D","S/D","S/D","S/D","Nocturna","S/D","S/D","S/D","Colisión","S/D","S/D","S/D","S/D"
2016,3977,3/3/2016,"Jueves",0,6:00:00,,"0.0",2,"Automóvil,Pickup/Utilitario","25 de Mayo ",3,2,0,0,1,0,0,,"Calle",,"SANTA FE","La Capital","S/D","S/D","I","Dentro","Urbana","Semáforo","Funciona","Intersección","S/D","S/D","Diurna","S/D","Lateral","S/D","Colisión","S/D","S/D","S/D","S/D"
2016,3978,3/3/2016,"Jueves",0,19:30:00,,"0.0",1,"Automóvil","Calle 30-Lucas Funes 1300",3,3,0,0,0,0,0,,"Calle",,"RECONQUISTA","General Obligado","S/D","S/D","IX","Dentro","Urbana","S/D","S/D","S/D","S/D","Buena","Atardecer","S/D","S/D","S/D","Despiste","S/D","S/D","S/D","S/D"
2016,3979,7/13/2016,"Miercoles",0,16:00:00,,"0.0",2,"Moto/Ciclomotor,Automóvil","Pje. Arenales 300",2,0,1,0,1,0,0,,"Calle",,"ROSARIO","Rosario","Asfalto","S/D","II","Dentro","Urbana","S/D","S/D","Recta","S/D","S/D","Diurna","S/D","S/D","S/D","Colisión","S/D","S/D","S/D","S/D"
2016,3980,7/7/2016,"Jueves",0,20:35:00,,"0.0",2,"Peatón,Automóvil","Junin 300",2,1,0,0,1,0,0,,"Calle",,"ROSARIO","Rosario","Asfalto","S/D","II","Dentro","Urbana","S/D","S/D","Recta","S/D","S/D","Diurna","S/D","S/D","Peatón","Atropello","S/D","S/D","S/D","S/D"
2016,3981,7/11/2016,"Lunes",0,19:30:00,,"0.0",2,"Peatón,Automóvil","Bv. Avellaneda Y Av. Luis Carballo",2,1,0,0,1,0,0,,"Calle",,"ROSARIO","Rosario","Asfalto","S/D","II","Dentro","Urbana","S/D","S/D","Intersección","S/D","S/D","Diurna","S/D","S/D","Peatón","Atropello","S/D","S/D","S/D","S/D"
2016,3982,7/14/2016,"Jueves",0,17:10:00,,"0.0",2,"Moto/Ciclomotor,Automóvil","Av. Ntra.Sra.del Rosario Y Av. Belgrano",3,1,0,0,2,0,0,,"Calle",,"ROSARIO","Rosario","Asfalto","No existe","II","Dentro","Urbana","Ninguna","No existe","Intersección","Bueno","Buena","Diurna","Buen Tiempo","Lateral","S/D","Colisión","Agua","S/D","Ninguna","Sin restricción"
2016,3983,7/18/2016,"Lunes",0,,,"0.0",2,"Moto/Ciclomotor,Pickup/Utilitario","Av. Circunvalacion Y Av. Belgrano",2,1,0,0,1,0,0,,"Calle",,"ROSARIO","Rosario","Asfalto","Pavimento","II","Dentro","Urbana","Ninguna","No existe","Pendiente","S/D","S/D","S/D","S/D","Lateral","S/D","Colisión","S/D","S/D","Ninguna","Sin restricción"
2016,3984,7/21/2016,"Jueves",0,7:20:00,,"0.0",2,"Moto/Ciclomotor,Taxi/Remis","Ayacucho Y Reg.11 de Infanteria",2,1,0,0,1,0,0,,"Calle",,"ROSARIO","Rosario","Asfalto","No existe","II","Dentro","Urbana","Ninguna","S/D","Intersección","Bueno","Buena","Amanecer","Buen Tiempo","Lateral","S/D","Colisión","S/D","S/D","Línea divisoria pintada","Sin restricción"
2016,3985,7/25/2016,"Lunes",0,19:20:00,,"0.0",2,"Moto/Ciclomotor,Automóvil","Av. Battle y Ordoñez ",3,2,0,0,1,0,0,,"Calle",,"ROSARIO","Rosario","Asfalto","No existe","II","Dentro","Urbana","Ninguna","No existe","Intersección","Bueno","S/D","Nocturna","Buen Tiempo","Lateral","S/D","Colisión","S/D","S/D","Línea divisoria pintada","Sin restricción"
2016,3986,7/22/2016,"Viernes",0,16:20:00,,"0.0",2,"Moto/Ciclomotor,Automóvil","Av. Ntra.Sra.del Rosario Y Buenos Aires",2,1,0,0,1,0,0,,"Calle",,"ROSARIO","Rosario","Asfalto","No existe","II","Dentro","Urbana","Ninguna","No existe","Intersección","Bueno","Buena","Diurna","Buen Tiempo","Lateral","S/D","Colisión","S/D","S/D","Ninguna","Sin restricción"
2016,3987,7/20/2016,"Miercoles",0,14:50:00,"Ruta Provincial 21","286.0",2,"Moto/Ciclomotor,Automóvil"," ",3,2,0,0,1,0,0,,"Ruta",21,"ALVEAR","Rosario","Asfalto","Natural","II","Dentro","Urbana","Ninguna","No existe","Recta","Bueno","Buena","Diurna","Buen Tiempo","Lateral","S/D","Colisión","S/D","Faltante","Línea divisoria pintada","S/D"
2016,3988,7/4/2016,"Lunes",0,11:00:00,"Ruta Provincial 21","283.0",2,"Automóvil,Camión c / Acoplado"," ",3,1,0,0,2,0,0,,"Ruta",21,"ALVEAR","Rosario","Asfalto","Natural","II","Dentro","Urbana","Ninguna","Funciona","Recta","Bueno","Buena","Diurna","S/D","Lateral","S/D","Colisión","S/D","Faltante","Cordón divisorio","S/D"
2016,3989,7/2/2016,"Sabado",0,14:00:00,,"0.0",2,"Camión,Transporte de Pasajeros Urbano (> 8 asientos)","Av. Corrientes Y Gaboto",3,1,0,0,2,0,0,,"Calle",,"ROSARIO","Rosario","Asfalto","No existe","II","Dentro","Urbana","Ninguna","No existe","Intersección","Bueno","Buena","Diurna","Buen Tiempo","De alcance","S/D","Colisión","S/D","Faltante","Ninguna","Sin restricción"
2016,3990,3/3/2016,"Jueves",0,20:00:00,,"0.0",2,"Moto/Ciclomotor,Moto/Ciclomotor","Calle 47-Islas Malvinas Y Calle 64 La Pampa",3,1,1,0,1,0,0,,"Calle",,"RECONQUISTA","General Obligado","S/D","S/D","IX","Dentro","Urbana","S/D","S/D","Intersección","S/D","S/D","Nocturna","S/D","De alcance","S/D","Colisión","S/D","S/D","S/D","S/D"
2016,3991,3/3/2016,"Jueves",0,15:30:00,,"0.0",2,"Camión,Moto/Ciclomotor","COLON Y LANGWORTH",2,1,0,0,1,0,0,,"Calle",,"VILLA OCAMPO","General Obligado","S/D","S/D","IX","Dentro","Urbana","S/D","S/D","S/D","S/D","S/D","Diurna","S/D","S/D","S/D","Colisión","S/D","S/D","S/D","S/D"
2016,3992,3/6/2016,"Domingo",0,12:15:00,"Ruta Nacional A009","0.0",2,"Moto/Ciclomotor,Pickup/Utilitario"," ",3,2,0,0,1,0,0,,"Ruta","A009","RECONQUISTA","General Obligado","S/D","S/D","IX","Dentro","Urbana","S/D","S/D","S/D","S/D","S/D","Diurna","S/D","S/D","S/D","Colisión","S/D","S/D","S/D","S/D"
2016,3993,3/6/2016,"Domingo",0,12:15:00,,"0.0",2,"Moto/Ciclomotor,Moto/Ciclomotor","Calle 47-Islas Malvinas ",2,0,1,0,1,0,0,,"Calle",,"RECONQUISTA","General Obligado","S/D","S/D","IX","Dentro","Urbana","S/D","S/D","S/D","S/D","S/D","Diurna","S/D","S/D","S/D","Colisión","S/D","S/D","S/D","S/D"
2016,3994,3/5/2016,"Sabado",0,7:40:00,,"0.0",1,"Moto/Ciclomotor","Calle 18-Belgrano Y Calle 7-Sarmiento",1,1,0,0,0,0,0,,"Calle",,"RECONQUISTA","General Obligado","S/D","S/D","IX","Dentro","Urbana","S/D","S/D","S/D","S/D","S/D","Diurna","S/D","S/D","S/D","Caída ocupante","S/D","S/D","S/D","S/D"
2016,3995,3/4/2016,"Viernes",0,21:00:00,"Ruta Provincial 1","0.0",2,"Automóvil,Moto/Ciclomotor","Calle 24 - Olessio ",3,2,0,0,1,0,0,,"Ruta",1,"RECONQUISTA","General Obligado","S/D","S/D","IX","Dentro","Urbana","S/D","S/D","S/D","S/D","S/D","Nocturna","S/D","S/D","S/D","Colisión","S/D","S/D","S/D","S/D"
2016,3996,3/4/2016,"Viernes",0,9:32:00,,"0.0",2,"Moto/Ciclomotor,Pickup/Utilitario","Calle 12 Y CAlle 14",3,2,0,0,1,0,0,,"Calle",,"AVELLANEDA","General Obligado","S/D","S/D","IX","Dentro","Urbana","S/D","S/D","S/D","S/D","S/D","Diurna","S/D","S/D","S/D","Colisión","S/D","S/D","S/D","S/D"
2016,3997,3/5/2016,"Sabado",0,19:55:00,,"0.0",2,"Automóvil,Moto/Ciclomotor","San Martin Y Yapeyu",2,0,1,0,1,0,0,,"Calle",,"ROMANG","San Javier","S/D","S/D","XIV","Dentro","Urbana","S/D","S/D","S/D","S/D","S/D","Diurna","S/D","S/D","S/D","Colisión","S/D","S/D","S/D","S/D"
2016,3998,3/5/2016,"Sabado",0,19:40:00,,"0.0",2,"Pickup/Utilitario,Moto/Ciclomotor","3 de Junio Y Sarmiento",2,1,0,0,1,0,0,,"Calle",,"ROMANG","San Javier","S/D","S/D","XIV","Dentro","Urbana","S/D","S/D","S/D","S/D","S/D","Atardecer","S/D","S/D","S/D","Colisión","S/D","S/D","S/D","S/D"
2016,3999,3/4/2016,"Viernes",0,10:20:00,,"0.0",2,"Pickup/Utilitario,Moto/Ciclomotor","H Irigoyen Y S Caballero",2,1,0,0,1,0,0,,"Calle",,"ROMANG","San Javier","S/D","S/D","XIV","Dentro","Urbana","S/D","S/D","S/D","S/D","S/D","Diurna","S/D","S/D","S/D","Colisión","S/D","S/D","S/D","S/D"
2016,4000,5/16/2016,"Lunes",0,23:30:00,"Ruta Nacional 11","383.0",1,"Automóvil","A LA ALTURA DEL CAMINO LA MOYA, MONJE ",2,1,0,0,0,1,0,"-32.304543, -60.961319","Ruta",11,"MONJE","San Jerónimo","S/D","S/D","XV","Fuera","Rural","S/D","S/D","Recta","S/D","S/D","Nocturna","S/D","S/D","S/D","Vuelco,Despiste","S/D","S/D","S/D","S/D"
2016,4001,7/20/2016,"Miercoles",0,,,"0.0",2,"Automóvil,Moto/Ciclomotor","Liniers Y Mitre",3,1,0,0,2,0,0,,"Calle",,"VILLA GOBERNADOR GÁLVEZ","Rosario","Tierra","No existe","II","Dentro","Urbana","Ninguna","No existe","Intersección","Con baches","Buena","Nocturna","Buen Tiempo","S/D","S/D","Colisión","Material Suelto","Faltante","Ninguna","Sin restricción"