"anio_acci","nro_acci","fecha","desc_dia","fecha_aprox","hora_aprox","desc_ruta","km","cant_participantes","desc_participante","calle_avenida_km","total","heridos_leves","heridos_graves","heridos_gravisimos","ilesos","fallecidos","sin_datos","posicion_XY","desc_tipo_via","desc_ruta_ori","desc_loc","desc_dpto","desc_tipo_calzada","desc_tipo_banquina","desc_unidad_regional","desc_lugar_calzada","desc_zona","desc_prioridad","desc_estado_semaforo","desc_lugar_via","desc_estado_via","desc_estado_visibilidad","desc_luminosidad","desc_estado_clima","desc_tipo_colision","desc_tipo_atropello","desc_tipo_hecho","desc_pres_calzada","desc_senializacion","desc_separacion_via","desc_restriccion"
2016,4002,7/7/2016,"Jueves",0,17:45:00,,"0.0",2,"Moto/Ciclomotor,Automóvil","Soldado Aguirre Y 9 de Julio",3,1,0,0,2,0,0,,"Calle",,"VILLA GOBERNADOR GÁLVEZ","Rosario","Asfalto","No existe","II","Dentro","Urbana","Ninguna","No existe","Intersección","Deteriorada","Buena","Atardecer","Buen Tiempo","S/D","S/D","Colisión","Material Suelto","Faltante","Cordón divisorio","Sin restricción"
2016,4003,7/21/2016,"Jueves",0,20:15:00,,"0.0",2,"Automóvil,Moto/Ciclomotor","Bv. Segui Y Italia",4,1,0,0,3,0,0,,"Calle",,"ROSARIO","Rosario","Asfalto","No existe","II","Dentro","Urbana","Ninguna","No existe","Intersección","Bueno","Buena","Nocturna","Buen Tiempo","De alcance","S/D","Colisión","S/D","Faltante","Ninguna","Sin restricción"
2016,4004,7/13/2016,"Miercoles",0,7:40:00,"Ruta Nacional 11","437.0",1,"Moto/Ciclomotor"," ",1,1,0,0,0,0,0,,"Ruta",11,"DESVÍO ARIJÓN","San Jerónimo","Asfalto","Natural","XV","Dentro","Urbana","Ninguna","No existe","Recta","Bueno","Buena","Diurna","Buen Tiempo","S/D","S/D","Caída ocupante","S/D","Faltante","Línea divisoria pintada","Sin restricción"
2016,4005,7/23/2016,"Sabado",0,20:25:00,"Ruta Nacional 11","434.0",2,"Moto/Ciclomotor,Moto/Ciclomotor"," ",2,1,0,0,1,0,0,,"Ruta",11,"DESVÍO ARIJÓN","San Jerónimo","Asfalto","Natural","XV","Dentro","Urbana","Ninguna","No existe","Recta","Bueno","Buena","Nocturna,Con luz artificial","Buen Tiempo","Lateral","S/D","Colisión","S/D","Faltante","Línea divisoria pintada","Sin restricción"
2016,4006,7/30/2016,"Sabado",1,,,"434.0",1,"Moto/Ciclomotor","S/D ",1,1,0,0,0,0,0,,"Calle",,"DESVÍO ARIJÓN","San Jerónimo","Tierra","Natural","XV","Dentro","Urbana","Ninguna","No existe","Recta","Resbaladiza","Buena","Diurna","Buen Tiempo","S/D","S/D","Caída ocupante","S/D","Faltante","Ninguna","Sin restricción"
2016,4007,7/15/2016,"Viernes",0,6:30:00,"Ruta Provincial Brigadier E.López","55.0",2,"Camión c / Acoplado,Otros"," ",2,0,1,0,1,0,0,,"Ruta","Brigadier E.López","MACIEL","San Jerónimo","Asfalto","Natural","XV","Dentro","Urbana","Ninguna","No existe","Recta","Bueno","Reducida","Nocturna","Niebla","S/D","S/D","Colisión","S/D","Vertical","Línea divisoria pintada","Sin restricción"
2016,4008,7/19/2016,"Martes",0,13:20:00,,"0.0",2,"Camión c / Semirremolque,Pickup/Utilitario"," ",2,0,1,0,1,0,0,,"Calle",,"MACIEL","San Jerónimo","Asfalto","Natural","XV","Dentro","Urbana","Marca Vial","No existe","Recta","Bueno","Buena","Diurna","Buen Tiempo","De alcance","S/D","Colisión","S/D","Vertical","Vegetación","Sin restricción"
2016,4009,7/28/2016,"Jueves",0,22:10:00,"Ruta Secundaria 80-s","0.0",2,"Automóvil,Automóvil","Gral Lopez ",2,1,0,0,1,0,0,,"Ruta","80-s","AROCENA","San Jerónimo","Asfalto","Natural","XV","Dentro","Urbana","Ninguna","No existe","Recta","S/D","Reducida","Nocturna","Buen Tiempo","S/D","S/D","Colisión","S/D","Vertical","Línea divisoria pintada","Sin restricción"
2016,4010,7/23/2016,"Sabado",0,7:50:00,"Ruta Provincial Brigadier E.López","63.0",2,"Camión c / Acoplado,Automóvil"," ",3,2,0,0,1,0,0,,"Ruta","Brigadier E.López","MONJE","San Jerónimo","Asfalto","Ripio","XV","Dentro","Urbana","Ninguna","No existe","Recta","Bueno","Buena","Diurna","Buen Tiempo","Lateral","S/D","Colisión","S/D","Horizontal","Vegetación","Sin restricción"
2016,4011,7/14/2016,"Jueves",0,16:20:00,"Ruta Provincial Brigadier E.López","68.0",1,"Camión c / Acoplado"," ",1,1,0,0,0,0,0,,"Ruta","Brigadier E.López","MONJE","San Jerónimo","Asfalto","Ripio","XV","Dentro","Urbana","Ninguna","No existe","Recta","Bueno","Buena","Diurna","Buen Tiempo","S/D","S/D","Vuelco","S/D","Horizontal","Guardarrail","Sin restricción"
2016,4012,7/23/2016,"Sabado",0,21:50:00,,"0.0",2,"Moto/Ciclomotor,Automóvil","DR JOSE M LIPNIK  Y CORRIENTES",2,0,1,0,1,0,0,,"Calle",,"CENTENO","San Jerónimo","Hormigón","No existe","XV","Dentro","Urbana","Ninguna","No existe","Intersección","Bueno","Buena","Nocturna,Con luz artificial","Buen Tiempo","Lateral","S/D","Colisión","S/D","S/D","Ninguna","Sin restricción"
2016,4013,7/28/2016,"Jueves",0,19:15:00,,"0.0",2,"Moto/Ciclomotor,Automóvil","Av Angel Igobone Y San Luis",2,1,0,0,1,0,0,,"Calle",,"SAN GENARO","San Jerónimo","Asfalto","No existe","XV","Dentro","Urbana","Ninguna","No existe","Intersección","Bueno","Buena","Atardecer,Con luz artificial","Buen Tiempo","Lateral","S/D","Colisión","S/D","Faltante","Ninguna","Sin restricción"
2016,4014,3/7/2016,"Lunes",0,5:30:00,,"0.0",2,"Peatón,Automóvil","Guillermo Dimmer 1946",9,5,0,0,4,0,0,,"Calle",,"VENADO TUERTO","General López","S/D","S/D","VIII","Dentro","Urbana","S/D","S/D","S/D","S/D","S/D","Nocturna","S/D","S/D","Peatón","Atropello","S/D","S/D","S/D","S/D"
2016,4015,3/7/2016,"Lunes",0,10:25:00,,"0.0",2,"Moto/Ciclomotor,Moto/Ciclomotor","Bernardino Rivadavia Y Ituzaingo",2,1,0,0,1,0,0,,"Calle",,"VENADO TUERTO","General López","S/D","S/D","VIII","Dentro","Urbana","S/D","S/D","S/D","S/D","S/D","Diurna","S/D","S/D","S/D","Colisión","S/D","S/D","S/D","S/D"
2016,4016,3/7/2016,"Lunes",0,17:15:00,,"0.0",2,"Moto/Ciclomotor,Moto/Ciclomotor","España Y Chacabuco",2,1,0,0,1,0,0,,"Calle",,"VENADO TUERTO","General López","S/D","S/D","VIII","Dentro","Urbana","S/D","S/D","S/D","S/D","S/D","Diurna","S/D","S/D","S/D","Colisión","S/D","S/D","S/D","S/D"
2016,4017,3/7/2016,"Lunes",0,18:40:00,,"0.0",2,"Moto/Ciclomotor,Peatón","E Di Martino Y Juan B Justo",2,1,0,0,1,0,0,,"Calle",,"VENADO TUERTO","General López","S/D","S/D","VIII","Dentro","Urbana","S/D","S/D","S/D","S/D","S/D","Diurna","S/D","S/D","Peatón","Atropello","S/D","S/D","S/D","S/D"
2016,4018,3/7/2016,"Lunes",0,,"Ruta Provincial 2","0.0",2,"Moto/Ciclomotor,Automóvil","AMEGHINO ",4,4,0,0,0,0,0,,"Ruta",2,"ARRUFÓ","San Cristóbal","S/D","S/D","XIII","Dentro","Urbana","S/D","S/D","S/D","S/D","S/D","S/D","S/D","S/D","S/D","Colisión","S/D","S/D","S/D","S/D"
2016,4019,3/8/2016,"Martes",0,20:00:00,,"0.0",2,"Peatón,Tren","Av A del Valle Y J M Zuviria",2,1,0,0,1,0,0,,"Calle",,"SANTA FE","La Capital","S/D","S/D","I","Dentro","Urbana","Otra Señal","S/D","Paso a Nivel FFCC","S/D","S/D","Atardecer","S/D","S/D","Peatón","Atropello","S/D","S/D","S/D","S/D"
2016,4020,3/8/2016,"Martes",0,,,"0.0",2,"Bicicleta,Automóvil","Calle 15-Patricio Diez Y Calle 10-Ludue±a",2,1,0,0,1,0,0,,"Calle",,"RECONQUISTA","General Obligado","S/D","S/D","IX","Dentro","Urbana","S/D","S/D","S/D","S/D","S/D","Diurna","S/D","S/D","Ciclista","Atropello","S/D","S/D","S/D","S/D"
2016,4021,3/8/2016,"Martes",0,14:00:00,,"0.0",1,"Moto/Ciclomotor","Dean Funes Y España",1,1,0,0,0,0,0,,"Calle",,"VENADO TUERTO","General López","S/D","S/D","VIII","Dentro","Urbana","S/D","S/D","S/D","S/D","S/D","Diurna","S/D","Atropello animal","S/D","Colisión","S/D","S/D","S/D","S/D"
2016,4022,3/9/2016,"Miercoles",0,7:45:00,,"0.0",2,"Pickup/Utilitario,Automóvil","Luciano Torrent Y Gdor Freyre",4,3,0,0,1,0,0,,"Calle",,"SANTA FE","La Capital","S/D","S/D","I","Dentro","Urbana","S/D","S/D","S/D","S/D","S/D","Diurna","S/D","S/D","S/D","Vuelco","S/D","S/D","S/D","S/D"
2016,4023,3/9/2016,"Miercoles",0,17:55:00,,"0.0",2,"Pickup/Utilitario,Moto/Ciclomotor","Junin Y Cristobal Colon",4,3,0,0,1,0,0,,"Calle",,"VENADO TUERTO","General López","S/D","S/D","VIII","Dentro","Urbana","S/D","S/D","S/D","S/D","S/D","Diurna","S/D","S/D","S/D","Colisión","S/D","S/D","S/D","S/D"
2016,4024,3/9/2016,"Miercoles",0,18:33:00,,"0.0",2,"Automóvil,Automóvil","Guillermo Brown Y Juan Lavalle",2,1,0,0,1,0,0,,"Calle",,"VENADO TUERTO","General López","S/D","S/D","VIII","Dentro","Urbana","S/D","S/D","S/D","S/D","S/D","Diurna","S/D","S/D","S/D","Colisión","S/D","S/D","S/D","S/D"
2016,4025,3/9/2016,"Miercoles",0,18:42:00,,"0.0",1,"Moto/Ciclomotor","Guillermo Brown Y Lisandro de la Torre",1,1,0,0,0,0,0,,"Calle",,"VENADO TUERTO","General López","S/D","S/D","VIII","Dentro","Urbana","S/D","S/D","S/D","S/D","S/D","Diurna","S/D","S/D","S/D","Caída ocupante","S/D","S/D","S/D","S/D"
2016,4026,3/9/2016,"Miercoles",0,2:00:00,,"0.0",1,"Automóvil","J J Paso Y San Lorenzo",3,3,0,0,0,0,0,,"Calle",,"SANTA FE","La Capital","S/D","S/D","I","Dentro","Urbana","S/D","S/D","S/D","S/D","S/D","Nocturna","S/D","Contra objeto fijo","S/D","Colisión","S/D","S/D","S/D","S/D"
2016,4027,7/2/2016,"Sabado",0,23:30:00,,"0.0",2,"Automóvil,Automóvil","Belgrano Y Italia",3,3,0,0,0,0,0,,"S/D",,"MARIA JUANA","Castellanos","Asfalto","S/D","V","S/D","Urbana","Ninguna","No existe","Intersección","Bueno","Reducida","Nocturna,Con luz artificial","Lluvia","Lateral","S/D","Colisión","Agua","Horizontal","Ninguna","Sin restricción"
2016,4028,7/4/2016,"Lunes",0,11:15:00,,"0.0",2,"Moto/Ciclomotor,Pickup/Utilitario","Sarmiento Y Leandro N Alem",3,1,0,0,0,0,2,,"Avenida",,"SUNCHALES","Castellanos","Asfalto","S/D","V","S/D","Urbana","Ninguna","S/D","Intersección","Resbaladiza","Buena","Diurna","Lluvia","Lateral","S/D","Colisión","Agua","Faltante","Ninguna","Sin restricción"
2016,4029,3/10/2016,"Jueves",0,7:20:00,"Ruta Nacional 11","0.0",2,"Moto/Ciclomotor,Bicicleta","Gral Roca ",2,1,0,0,1,0,0,,"Ruta",11,"OLIVEROS","Iriondo","S/D","S/D","X","Dentro","Urbana","S/D","S/D","S/D","S/D","S/D","Diurna","S/D","S/D","Ciclista","Atropello","S/D","S/D","S/D","S/D"
2016,4030,7/5/2016,"Martes",0,20:00:00,,"0.0",2,"Moto/Ciclomotor,Bicicleta"," ",2,2,0,0,0,0,0,,"Avenida",,"RAFAELA","Castellanos","Asfalto","Pavimento","V","Dentro","Urbana","Ninguna","No existe","Recta","Bueno","Buena","Nocturna","Buen Tiempo","S/D","S/D","Atropello","Ninguna","Faltante","Ninguna","Sin restricción"
2016,4031,3/11/2016,"Viernes",0,12:00:00,,"0.0",1,"Automóvil","Av Circunvalación Y Mendoza",1,0,1,0,0,0,0,,"Calle",,"SANTA FE","La Capital","S/D","S/D","I","Dentro","Urbana","S/D","S/D","S/D","S/D","S/D","Diurna","S/D","Contra objeto fijo","S/D","Colisión","S/D","S/D","S/D","S/D"
2016,4032,7/9/2016,"Sabado",0,12:30:00,,"0.0",2,"Moto/Ciclomotor,Peatón","Avenida 9 de Julio Y General Manuel Belgrano",2,1,0,0,1,0,0,,"Calle",,"ANGÉLICA","Castellanos","Hormigón","No existe","V","Dentro","Urbana","Ninguna","No existe","Intersección","Bueno","Buena","Diurna","Buen Tiempo","S/D","S/D","Atropello","S/D","Faltante","Cordón divisorio","Sin restricción"
2016,4033,3/11/2016,"Viernes",0,12:00:00,,"0.0",2,"Automóvil,Moto/Ciclomotor","Bv Pte Roca Y Viamonte",3,2,0,0,1,0,0,,"Calle",,"RAFAELA","Castellanos","S/D","S/D","V","Dentro","Urbana","Semáforo","S/D","Intersección","S/D","S/D","Diurna","S/D","S/D","S/D","Colisión","S/D","S/D","S/D","S/D"
2016,4034,7/18/2016,"Lunes",0,20:30:00,,"0.0",2,"Automóvil,Moto/Ciclomotor","Guemes Gral Y Congreso",2,1,0,0,1,0,0,,"Calle",,"SUNCHALES","Castellanos","Asfalto","No existe","V","S/D","Urbana","Ninguna","No existe","Intersección","Bueno","Buena","Nocturna","Buen Tiempo","Frontal","S/D","Colisión","Ninguna","Faltante","Ninguna","Sin restricción"
2016,4035,3/11/2016,"Viernes",0,15:00:00,"Ruta Nacional 34","0.0",1,"Camión","CERCA DE CRUCE RP 39 ",2,2,0,0,0,0,0,,"Ruta",34,"ARRUFÓ","San Cristóbal","S/D","S/D","V","Dentro","Urbana","S/D","S/D","S/D","S/D","S/D","Diurna","S/D","S/D","S/D","Vuelco","S/D","S/D","S/D","S/D"
2016,4036,7/18/2016,"Lunes",0,4:30:00,,"0.0",2,"Automóvil,Moto/Ciclomotor","Bolivar Y Av Lisandro de la Torre",2,1,0,0,1,0,0,,"Calle",,"SUNCHALES","Castellanos","Asfalto","No existe","V","S/D","Urbana","Ninguna","No existe","Intersección","Bueno","Buena","Nocturna","Buen Tiempo","Frontal","S/D","Colisión","Ninguna","Faltante","Ninguna","S/D"
2016,4037,3/11/2016,"Viernes",0,,,"0.0",1,"Moto/Ciclomotor","Pasaje 8-10 Moreno ",1,1,0,0,0,0,0,,"Calle",,"RECONQUISTA","General Obligado","S/D","S/D","IX","Dentro","Urbana","S/D","S/D","S/D","S/D","S/D","Diurna","S/D","Contra objeto fijo","S/D","Colisión","S/D","S/D","S/D","S/D"
2016,4038,3/11/2016,"Viernes",0,15:10:00,,"0.0",2,"Automóvil,Moto/Ciclomotor","Calle 7-Sarmiento ",2,1,0,0,1,0,0,,"Calle",,"RECONQUISTA","General Obligado","S/D","S/D","IX","Dentro","Urbana","S/D","S/D","S/D","S/D","S/D","Nocturna","S/D","S/D","S/D","Colisión","S/D","S/D","S/D","S/D"
2016,4039,3/10/2016,"Jueves",0,13:30:00,,"0.0",2,"Automóvil,Moto/Ciclomotor","Calle 11-Alvear ",2,1,0,0,1,0,0,,"Calle",,"RECONQUISTA","General Obligado","S/D","S/D","IX","Dentro","Urbana","S/D","S/D","S/D","S/D","S/D","Diurna","S/D","S/D","S/D","Colisión","S/D","S/D","S/D","S/D"
2016,4040,3/14/2016,"Lunes",0,21:00:00,"Ruta Provincial 93","0.0",1,"Automóvil","Hipolito Irigoyen ",2,2,0,0,0,0,0,,"Ruta",93,"FIRMAT","General López","S/D","S/D","VIII","Dentro","Urbana","S/D","S/D","S/D","S/D","S/D","Nocturna","S/D","S/D","S/D","Despiste","S/D","S/D","S/D","S/D"
2016,4041,7/12/2016,"Martes",0,13:45:00,"Ruta Nacional 11","384.0",2,"Pickup/Utilitario,Moto/Ciclomotor"," ",2,0,0,1,1,0,0,,"Ruta",11,"BARRANCAS","San Jerónimo","Asfalto","Natural","XV","Dentro","Urbana","Ninguna","No existe","Recta","Bueno","Buena","Diurna","Buen Tiempo","Frontal","S/D","Colisión","S/D","Faltante","S/D","Accidente Previo"
2016,4042,7/4/2016,"Lunes",0,4:30:00,,"0.0",2,"Automóvil,Moto/Ciclomotor","Gorriti 3900",2,1,0,0,1,0,0,,"Calle",,"SANTA FE","La Capital","Asfalto","Pavimento","I","Dentro","Urbana","S/D","No existe","Recta","Bueno","Buena","Nocturna,Con luz artificial","Buen Tiempo","De alcance","S/D","Colisión","S/D","Faltante","S/D","Sin restricción"
2016,4043,7/5/2016,"Martes",0,15:30:00,,"0.0",1,"Automóvil","Gorriti 3300",2,1,0,0,1,0,0,,"Avenida",,"SANTA FE","La Capital","Asfalto","Pavimento","I","Dentro","Urbana","S/D","No existe","Intersección","Bueno","Buena","Diurna","Buen Tiempo","Frontal","S/D","Colisión","Ninguna","Faltante","S/D","S/D"
2016,4044,7/8/2016,"Viernes",0,13:20:00,,"0.0",2,"Automóvil,Moto/Ciclomotor","Av A del Valle 9100",2,1,0,0,1,0,0,,"Avenida",,"SANTA FE","La Capital","Asfalto","Pavimento","I","Dentro","Urbana","S/D","No existe","Intersección","Bueno","Buena","Diurna","Buen Tiempo","Frontal","S/D","Colisión","Ninguna","Faltante","S/D","S/D"
2016,4045,7/10/2016,"Domingo",0,13:15:00,,"0.0",2,"Automóvil,Moto/Ciclomotor","Av A del Valle Y Callejón El Sable",2,2,0,0,0,0,0,,"Avenida",,"SANTA FE","La Capital","Asfalto,Ripio","Natural","I","Dentro","Urbana","S/D","No existe","Intersección","Deteriorada","Buena","Diurna","Buen Tiempo","S/D","S/D","Colisión","Material Suelto","Faltante","S/D","S/D"
2016,4046,7/22/2016,"Viernes",0,,,"0.0",2,"Moto/Ciclomotor,Automóvil","Simon Bolivar Y Magdalena de De Lorenzi",2,0,1,0,1,0,0,,"S/D",,"RAFAELA","Castellanos","Hormigón","S/D","V","S/D","Urbana","Ninguna","S/D","Rotonda","Bueno","Buena","S/D","Buen Tiempo","Lateral","S/D","Colisión","S/D","S/D","S/D","S/D"
2016,4047,7/22/2016,"Viernes",0,,"Ruta Nacional 34","252.0",1,"Moto/Ciclomotor"," ",2,2,0,0,0,0,0,,"Ruta",34,"SUNCHALES","Castellanos","Asfalto","Natural","V","Dentro","Urbana","Ninguna","No existe","Recta","Bueno","Buena","Diurna","Buen Tiempo","S/D","S/D","Caída ocupante","S/D","Horizontal","Ninguna","Sin restricción"
2016,4048,7/18/2016,"Lunes",0,18:50:00,,"0.0",2,"Pickup/Utilitario,Camión c / Semirremolque","Guemes Gral ",2,1,0,0,1,0,0,,"Calle",,"SUNCHALES","Castellanos","Asfalto,Ripio","No existe","V","Dentro","Urbana","Ninguna","No existe","Intersección","Bueno","Buena","Diurna","Buen Tiempo","Lateral","S/D","Colisión","Material Suelto,Fluidos","Faltante","Ninguna","Sin restricción"
2016,4049,7/13/2016,"Miercoles",0,18:00:00,,"87.0",2,"Moto/Ciclomotor,Automóvil","CALLE 100 Y CALLE 7",2,1,0,0,1,0,0,,"Calle",,"LA FRONTERA","Castellanos","Asfalto","S/D","V","Dentro","Urbana","S/D","S/D","Intersección","Bueno","Buena","Diurna","Buen Tiempo","De alcance","S/D","Colisión","S/D","S/D","S/D","S/D"
2016,4050,7/23/2016,"Sabado",0,12:00:00,,"0.0",2,"Moto/Ciclomotor,Automóvil","Arturo Illia Y Juan B Justo",3,1,1,0,1,0,0,,"Calle",,"RAFAELA","Castellanos","Hormigón","No existe","V","Dentro","Urbana","Ninguna","No existe","Intersección","Bueno","Buena","Diurna","Buen Tiempo","Lateral","S/D","Colisión","S/D","Vertical","Ninguna","Sin restricción"
2016,4051,7/17/2016,"Domingo",0,7:20:00,,"0.0",1,"Moto/Ciclomotor","Antonio Podio 231",1,0,1,0,0,0,0,,"Calle",,"RAFAELA","Castellanos","Asfalto","No existe","V","Dentro","Urbana","Ninguna","No existe","Recta","Bueno","Buena","Amanecer","Buen Tiempo","S/D","S/D","Caída ocupante","S/D","Vertical","Cordón divisorio","Sin restricción"
2016,4052,7/16/2016,"Sabado",0,15:35:00,,"0.0",2,"Moto/Ciclomotor,Automóvil","3 de Febrero Y P Storero",2,1,0,0,1,0,0,,"Calle",,"RAFAELA","Castellanos","Hormigón","No existe","V","S/D","S/D","Ninguna","No existe","Intersección","Bueno","Buena","Diurna","Buen Tiempo","Lateral","S/D","Colisión","Otro","S/D","Ninguna","Sin restricción"
2016,4053,7/17/2016,"Domingo",0,7:20:00,,"0.0",1,"Automóvil","Av Luis Fanti Y Francisco Peretti",5,1,0,0,4,0,0,,"Calle",,"RAFAELA","Castellanos","Asfalto","No existe","V","Dentro","Urbana","Ninguna","No existe","Recta","Bueno","Buena","Amanecer","Buen Tiempo","Contra objeto fijo","S/D","Colisión","S/D","Vertical","Cordón divisorio","Sin restricción"
2016,4054,7/15/2016,"Viernes",0,19:45:00,,"0.0",2,"Automóvil,Moto/Ciclomotor","Av Dr E Salva Y Cervantes",2,1,0,0,1,0,0,,"S/D",,"RAFAELA","Castellanos","Hormigón","No existe","V","S/D","S/D","Ninguna","No existe","Intersección","Bueno","Reducida","Nocturna","Buen Tiempo","Lateral","S/D","Colisión","Otro","S/D","Cordón divisorio","Sin restricción"
2016,4055,7/2/2016,"Sabado",0,22:00:00,,"0.0",2,"Automóvil,Pickup/Utilitario","VICENTE BOFELI Y BV 25 DE MAYO ",2,1,0,0,1,0,0,,"Calle",,"SAN VICENTE.","Castellanos","Asfalto","Pavimento","V","Dentro","Urbana","Policía de tránsito","No existe","Intersección","Resbaladiza","Reducida","Nocturna,Con luz artificial","Lluvia","Lateral","S/D","Colisión","Agua","Faltante","Cordón divisorio","Accidente Previo"
2016,4056,7/25/2016,"Lunes",0,14:30:00,,"0.0",2,"Moto/Ciclomotor,Automóvil","LIBERTAD Y LINIERS",2,1,0,0,1,0,0,,"Calle",,"SAN VICENTE.","Castellanos","Asfalto","Pavimento","V","Dentro","Urbana","Ninguna","No existe","Intersección","Bueno","Buena","Diurna","Buen Tiempo","Lateral","S/D","Colisión","S/D","Faltante","Barrera de hormigón","Sin restricción"
2016,4057,7/13/2016,"Miercoles",0,22:30:00,,"0.0",1,"Automóvil","Javier de la Rosa Y 1ro de Mayo",2,1,0,0,1,0,0,,"Calle",,"SANTA FE","La Capital","Asfalto","Natural","I","Dentro","Urbana","S/D","No existe","Intersección","Deteriorada","Reducida","Nocturna,Con luz artificial","Buen Tiempo","Frontal","S/D","Colisión","S/D","Faltante","S/D","S/D"
2016,4058,7/23/2016,"Sabado",0,5:40:00,,"81.0",1,"Automóvil","Bernardino Rivadavia Y Pasaje Benito Cores",1,1,0,0,0,0,0,,"Calle",,"TORTUGAS","Belgrano","Asfalto","S/D","III","Dentro","Urbana","Ninguna","No existe","Intersección","Bueno","Buena","Nocturna,Con luz artificial","Buen Tiempo","Contra objeto fijo","S/D","Colisión","S/D","Vertical","Ninguna","Sin restricción"
2016,4059,7/15/2016,"Viernes",0,8:50:00,,"0.0",2,"Automóvil,Otros","Av Facundo Zuviria Y Azcuenaga",2,1,0,0,1,0,0,,"Avenida",,"SANTA FE","La Capital","Asfalto,Hormigón","Natural","I","Dentro","Urbana","S/D","No existe","Intersección","Bueno","Buena","Diurna","Buen Tiempo","Frontal","S/D","Colisión","S/D","Faltante","S/D","S/D"
2016,4060,7/20/2016,"Miercoles",0,19:00:00,,"0.0",2,"Moto/Ciclomotor,Pickup/Utilitario","Bernardino Rivadavia Y Caseros",2,1,0,0,1,0,0,,"Calle",,"TORTUGAS","Belgrano","Hormigón","No existe","III","Dentro","Urbana","Ninguna","No existe","Intersección","Bueno","Buena","Nocturna,Con luz artificial","Buen Tiempo","Frontal","S/D","Colisión","S/D","Horizontal","Ninguna","Sin restricción"
2016,4061,7/19/2016,"Martes",0,11:10:00,,"0.0",2,"Transporte de Pasajeros (H/ 8 asientos),Moto/Ciclomotor","Av A del Valle 9400",2,1,0,0,1,0,0,,"Avenida",,"SANTA FE","La Capital","Asfalto","Natural","I","Dentro","Urbana","S/D","No existe","Recta","Bueno","Buena","Diurna","Buen Tiempo","Lateral","S/D","Colisión","S/D","Faltante","S/D","S/D"
2016,4062,7/23/2016,"Sabado",0,15:00:00,,"0.0",2,"Bicicleta,Automóvil","Gorriti Y Saavedra",2,1,0,0,1,0,0,,"Calle",,"SANTA FE","La Capital","Asfalto","Natural","I","Dentro","Urbana","S/D","No existe","Intersección","Bueno","Buena","Diurna","Buen Tiempo","S/D","Ciclista","Atropello","S/D","Faltante","S/D","S/D"
2016,4063,7/16/2016,"Sabado",0,19:45:00,,"0.0",2,"Automóvil,Otros","Santa Rosa Y A Rossi",3,2,0,0,1,0,0,,"Calle",,"SANTA ROSA DE CALCHINES","Garay","Asfalto","No existe","VII","Dentro","Urbana","Ninguna","No existe","Intersección","Bueno","Buena","Atardecer,Con luz artificial","Buen Tiempo","Lateral","S/D","Colisión","Ninguna","Faltante","Ninguna","Sin restricción"
2016,4064,7/15/2016,"Viernes",0,23:30:00,,"0.0",2,"Automóvil,Moto/Ciclomotor","Uruguay Y P Silva",2,1,0,0,1,0,0,,"Calle",,"SANTA ROSA DE CALCHINES","Garay","Asfalto","No existe","VII","Dentro","Urbana","Ninguna","No existe","Intersección","Bueno","Buena","Nocturna,Con luz artificial","Buen Tiempo","Lateral","S/D","Colisión","Ninguna","Faltante","Ninguna","Sin restricción"
2016,4065,7/14/2016,"Jueves",0,19:40:00,"Ruta Provincial 1","68.7",2,"Pickup/Utilitario,Bicicleta"," ",6,0,0,0,0,0,6,,"Ruta",1,"CAYASTA","Garay","Asfalto","Natural","VII","Dentro","Rural","Ninguna","S/D","Curva","Deteriorada","S/D","Atardecer","Buen Tiempo","S/D","Ciclista","Atropello","S/D","Vertical","Cordón divisorio","Sin restricción"
2016,4066,7/7/2016,"Jueves",0,17:00:00,,"0.0",2,"Camión,Moto/Ciclomotor","Ayacucho Y Bv San Martin",2,0,1,0,1,0,0,,"Calle",,"RUFINO","General López","Asfalto","No existe","VIII","S/D","Urbana","S/D","No existe","Intersección","Bueno","Buena","Diurna","Buen Tiempo","Lateral","S/D","Colisión","S/D","Faltante","Cordón divisorio","Sin restricción"
2016,4067,7/22/2016,"Viernes",0,20:30:00,,"0.0",2,"Moto/Ciclomotor,Automóvil","Guemes Y Las Tres Lagunas",2,1,0,0,1,0,0,,"Calle",,"LAS ROSAS","Belgrano","Tierra","No existe","III","Dentro","Urbana","Ninguna","No existe","Intersección","Con baches","Reducida","Nocturna","Buen Tiempo","Lateral","S/D","Colisión","S/D","Faltante","Ninguna","Sin restricción"
2016,4068,7/17/2016,"Domingo",0,17:20:00,,"0.0",2,"Automóvil,Moto/Ciclomotor","Av Cobos Y Santa Fe",2,1,0,0,1,0,0,,"Calle",,"RUFINO","General López","Asfalto","S/D","VIII","S/D","Urbana","S/D","S/D","Recta","Bueno","Buena","Diurna","S/D","S/D","S/D","Colisión","S/D","S/D","S/D","S/D"
2016,4069,7/23/2016,"Sabado",0,6:20:00,,"0.0",1,"Moto/Ciclomotor","Buenos Aires Y Italia",1,1,0,0,0,0,0,,"Calle",,"LAS ROSAS","Belgrano","Hormigón","No existe","III","Dentro","Urbana","Ninguna","No existe","Recta","Con baches","Buena","Amanecer","Buen Tiempo","S/D","S/D","Caída ocupante","Material Suelto","Vertical","Ninguna","Sin restricción"
2016,4070,7/25/2016,"Lunes",0,7:20:00,,"0.0",2,"Automóvil,Moto/Ciclomotor","Cabral Y Alberdi Juan Bautista",2,1,0,0,1,0,0,,"Calle",,"VENADO TUERTO","General López","Asfalto","No existe","VIII","Dentro","Urbana","S/D","No existe","Intersección","S/D","Buena","Diurna","S/D","S/D","S/D","S/D","S/D","S/D","S/D","S/D"