"anio_acci","nro_acci","fecha","desc_dia","fecha_aprox","hora_aprox","desc_ruta","km","cant_participantes","desc_participante","calle_avenida_km","total","heridos_leves","heridos_graves","heridos_gravisimos","ilesos","fallecidos","sin_datos","posicion_XY","desc_tipo_via","desc_ruta_ori","desc_loc","desc_dpto","desc_tipo_calzada","desc_tipo_banquina","desc_unidad_regional","desc_lugar_calzada","desc_zona","desc_prioridad","desc_estado_semaforo","desc_lugar_via","desc_estado_via","desc_estado_visibilidad","desc_luminosidad","desc_estado_clima","desc_tipo_colision","desc_tipo_atropello","desc_tipo_hecho","desc_pres_calzada","desc_senializacion","desc_separacion_via","desc_restriccion"
2016,4071,7/3/2016,"Domingo",0,5:00:00,,"0.0",1,"Automóvil","Italia Y Belgrano",2,1,0,0,1,0,0,,"Calle",,"LAS ROSAS","Belgrano","Asfalto","No existe","III","Dentro","Urbana","Ninguna","No existe","Intersección","Bueno","Buena","Nocturna","Buen Tiempo","Contra objeto fijo","S/D","Colisión","S/D","Vertical","Ninguna","Sin restricción"
2016,4072,7/11/2016,"Lunes",0,18:50:00,,"0.0",3,"Moto/Ciclomotor,Pickup/Utilitario,Pickup/Utilitario","San Juan Y Ayacucho",3,1,0,0,2,0,0,,"Calle",,"RUFINO","General López","Asfalto","No existe","VIII","Dentro","Urbana","Ninguna","No existe","Intersección","Bueno","Buena","Amanecer,Con luz artificial","Otro","Múltiple","S/D","Colisión","S/D","S/D","Ninguna","Sin restricción"
2016,4073,7/28/2016,"Jueves",0,,,"0.0",2,"Pickup/Utilitario,Moto/Ciclomotor","España Y 9 de Julio",2,1,0,0,1,0,0,,"Avenida",,"VENADO TUERTO","General López","Asfalto","No existe","VIII","Dentro","Urbana","S/D","No existe","Intersección","Bueno","Buena","S/D","S/D","S/D","S/D","S/D","S/D","Vertical","S/D","S/D"
2016,4074,4/19/2016,"Martes",0,15:30:00,,"0.0",2,"Moto/Ciclomotor,Pickup/Utilitario","Av Estrugamou Y Cristobal Colon",2,1,0,0,1,0,0,,"Calle",,"VENADO TUERTO","General López","Asfalto","No existe","VIII","Dentro","Urbana","S/D","No existe","Intersección","Bueno","Buena","Diurna","S/D","S/D","S/D","Colisión","S/D","Vertical","S/D","S/D"
2016,4075,7/6/2016,"Miercoles",0,13:00:00,,"0.0",2,"Automóvil,Moto/Ciclomotor","Int. D S Ferrari Y J B Justo",2,1,0,0,1,0,0,,"Calle",,"RUFINO","General López","Asfalto","S/D","VIII","S/D","Urbana","S/D","No existe","Recta","Bueno","Buena","Diurna","Buen Tiempo","S/D","S/D","Colisión","S/D","S/D","S/D","S/D"
2016,4076,7/1/2016,"Viernes",0,,,"0.0",2,"Automóvil,Moto/Ciclomotor","España Y Martin de Pueyrredon",2,1,0,0,1,0,0,,"Calle",,"VENADO TUERTO","General López","Asfalto","No existe","VIII","Dentro","Urbana","S/D","No existe","Intersección","Bueno","Buena","S/D","S/D","S/D","S/D","Colisión","S/D","S/D","S/D","S/D"
2016,4078,7/26/2016,"Martes",0,11:20:00,,"0.0",2,"Pickup/Utilitario,Moto/Ciclomotor","Ituzaingo Y San Martin",2,1,0,0,1,0,0,,"S/D",,"CAÑADA DE GÓMEZ","Iriondo","Asfalto","No existe","X","Dentro","Urbana","S/D","No existe","Intersección","Bueno","Buena","Diurna","Buen Tiempo","Lateral","S/D","Colisión","Ninguna","Vertical","Ninguna","S/D"
2016,4079,7/4/2016,"Lunes",0,19:30:00,,"0.0",2,"Automóvil,Moto/Ciclomotor","España Y Iturraspe",2,1,0,0,1,0,0,,"Calle",,"VENADO TUERTO","General López","Asfalto","No existe","VIII","Dentro","Urbana","S/D","No existe","Intersección","Bueno","Buena","Atardecer","S/D","S/D","S/D","Colisión","S/D","Vertical","S/D","S/D"
2016,4080,7/5/2016,"Martes",0,21:30:00,,"0.0",2,"Pickup/Utilitario,Moto/Ciclomotor","Bv 9 de Julio Y R de Escalada",2,0,1,0,1,0,0,,"Calle",,"RUFINO","General López","Asfalto","S/D","VIII","S/D","Urbana","S/D","No existe","Intersección","Bueno","Buena","Nocturna,Con luz artificial","Buen Tiempo","Frontal","S/D","Colisión","S/D","S/D","S/D","S/D"
2016,4081,7/4/2016,"Lunes",0,,,"0.0",2,"Moto/Ciclomotor,Automóvil","Laprida Y Entre Rios",3,1,0,0,2,0,0,,"Calle",,"VENADO TUERTO","General López","Asfalto","No existe","VIII","Dentro","Urbana","S/D","No existe","Intersección","Bueno","Buena","S/D","S/D","S/D","S/D","Colisión","S/D","Horizontal,Vertical","S/D","S/D"
2016,4082,7/1/2016,"Viernes",0,8:00:00,,"0.0",2,"Moto/Ciclomotor,Automóvil","AV ALVERDI Y SAN LUIS",2,1,0,0,1,0,0,,"S/D",,"PUEBLO ESTHER","Rosario","S/D","Pavimento","II","S/D","S/D","Ninguna","No existe","Intersección","Resbaladiza","Buena","Diurna","S/D","Frontal","S/D","Colisión","S/D","S/D","Ninguna","Sin restricción"
2016,4083,7/5/2016,"Martes",0,12:00:00,,"0.0",2,"Automóvil,Pickup/Utilitario","Guillermo Brown Y Junin",2,1,0,0,1,0,0,,"Calle",,"VENADO TUERTO","General López","Asfalto","No existe","VIII","Dentro","Urbana","S/D","No existe","Intersección","Bueno","Buena","Diurna","S/D","S/D","S/D","Colisión","S/D","Horizontal,Vertical","S/D","S/D"
2016,4084,7/7/2016,"Jueves",0,17:00:00,,"0.0",2,"Moto/Ciclomotor,Camión","Bv San Martin Y Ayacucho",2,1,0,0,1,0,0,,"Calle",,"RUFINO","General López","Ripio","No existe","VIII","S/D","Urbana","Ninguna","No existe","Intersección","Deteriorada","Buena","Diurna","Buen Tiempo","Lateral","S/D","Colisión","Ninguna","Faltante","Ninguna","Sin restricción"
2016,4085,7/28/2016,"Jueves",0,12:50:00,,"0.0",2,"Automóvil,Bicicleta","Independencia Y Boulevard Centenario",2,1,0,0,1,0,0,,"Calle",,"CAÑADA DE GÓMEZ","Iriondo","Hormigón","No existe","X","S/D","Urbana","Ninguna","No existe","Intersección","Bueno","Buena","Diurna","Buen Tiempo","S/D","Ciclista","Atropello","Ninguna","Vertical","S/D","S/D"
2016,4086,7/7/2016,"Jueves",0,12:50:00,,"0.0",2,"Moto/Ciclomotor,Camión Chasis","Lopez Y 26 de Abril",2,1,0,0,1,0,0,,"Calle",,"VENADO TUERTO","General López","Asfalto","No existe","VIII","Dentro","Urbana","S/D","No existe","Intersección","Bueno","Buena","Diurna","S/D","S/D","S/D","Colisión","S/D","S/D","S/D","S/D"
2016,4087,7/7/2016,"Jueves",0,18:10:00,,"0.0",2,"Moto/Ciclomotor,Automóvil","JUAN DOMINGO PERON Y IRIGOYEMN",2,2,0,0,0,0,0,,"Calle",,"PUEBLO ESTHER","Rosario","S/D","No existe","II","S/D","Urbana","Ninguna","No existe","Intersección","S/D","Buena","Diurna","S/D","Lateral","S/D","Colisión","S/D","S/D","Ninguna","Sin restricción"
2016,4088,7/7/2016,"Jueves",0,19:00:00,,"0.0",2,"Bicicleta,Automóvil","Laprida Y Liniers Santiago",2,1,0,0,1,0,0,,"Calle",,"VENADO TUERTO","General López","Asfalto","No existe","VIII","Dentro","Urbana","S/D","No existe","Intersección","Bueno","Buena","Atardecer","S/D","S/D","S/D","Atropello","S/D","Vertical","S/D","S/D"
2016,4089,7/11/2016,"Lunes",0,21:15:00,,"0.0",2,"Automóvil,Bicicleta","Lavalle Y Nicasio Oroño",2,1,0,0,1,0,0,,"Calle",,"CAÑADA DE GÓMEZ","Iriondo","Asfalto","No existe","X","Dentro","Urbana","Ninguna","No existe","Intersección","Bueno","Buena","Nocturna,Con luz artificial","Buen Tiempo","S/D","S/D","Atropello","Ninguna","Vertical","Ninguna","Sin restricción"
2016,4090,7/27/2016,"Miercoles",0,9:15:00,,"0.0",2,"Automóvil,Moto/Ciclomotor","Avenida Tristan Malbran Y Matheu",2,1,0,0,1,0,0,,"Avenida",,"CERES","San Cristóbal","Hormigón","No existe","XIII","Dentro","Urbana","Ninguna","No existe","Recta","Bueno","Buena","Diurna","Buen Tiempo","Lateral","S/D","Colisión","S/D","Faltante","Ninguna","Sin restricción"
2016,4091,7/7/2016,"Jueves",0,20:00:00,,"0.0",2,"Moto/Ciclomotor,Automóvil","Lisandro de la Torre Y 25 de Mayo",2,1,0,0,1,0,0,,"Calle",,"VENADO TUERTO","General López","Asfalto","No existe","VIII","Dentro","Urbana","S/D","No existe","Intersección","Bueno","Buena","Nocturna,Con luz artificial","S/D","S/D","S/D","Colisión","S/D","Vertical","S/D","S/D"
2016,4092,7/15/2016,"Viernes",0,12:30:00,,"0.0",2,"Moto/Ciclomotor,Automóvil","Libertad Y Peru",2,0,1,0,1,0,0,,"Calle",,"ESPERANZA","Las Colonias","Asfalto","No existe","XI","S/D","Urbana","Ninguna","No existe","Intersección","Bueno","S/D","Diurna","Buen Tiempo","Lateral","S/D","Colisión","Ninguna","S/D","Cordón divisorio","Sin restricción"
2016,4093,7/7/2016,"Jueves",0,20:20:00,,"0.0",2,"Automóvil,Moto/Ciclomotor","Lisandro de la Torre Y 25 de Mayo",2,1,0,0,1,0,0,,"Calle",,"VENADO TUERTO","General López","Asfalto","No existe","VIII","Dentro","Urbana","S/D","No existe","Intersección","Bueno","Buena","Nocturna,Con luz artificial","S/D","S/D","S/D","Colisión","S/D","Vertical","S/D","S/D"
2016,4094,7/9/2016,"Sabado",0,8:35:00,,"0.0",1,"Automóvil","Italia Y Martin de Pueyrredon",2,1,0,0,1,0,0,,"Calle",,"VENADO TUERTO","General López","Asfalto","No existe","VIII","Dentro","Urbana","S/D","No existe","Intersección","Bueno","Buena","Diurna","S/D","Contra objeto fijo","S/D","Colisión","S/D","Vertical","S/D","S/D"
2016,4095,7/24/2016,"Domingo",0,20:00:00,,"0.0",1,"Moto/Ciclomotor","Maipu ",1,1,0,0,0,0,0,,"Calle",,"SOLEDAD","San Cristóbal","Asfalto","Natural","XIII","Dentro","Urbana","Ninguna","S/D","Recta","Bueno","Buena","Nocturna","Buen Tiempo","S/D","S/D","Caída ocupante","Ninguna","Vertical","Ninguna","Sin restricción"
2016,4096,7/11/2016,"Lunes",0,15:25:00,,"0.0",2,"Moto/Ciclomotor,Automóvil","Boulevard Centenario Y Quintana",3,0,2,0,1,0,0,,"Calle",,"CAÑADA DE GÓMEZ","Iriondo","Asfalto","No existe","X","Dentro","Urbana","Ninguna","No existe","Intersección","Bueno","Buena","Diurna","Buen Tiempo","Frontal","S/D","Colisión","Ninguna","Vertical","Ninguna","Sin restricción"
2016,4097,7/13/2016,"Miercoles",0,11:15:00,,"0.0",2,"Automóvil,Moto/Ciclomotor","Roque Saenz Peña Y Gral Jose de San Martin",2,1,0,0,1,0,0,,"Calle",,"VENADO TUERTO","General López","Asfalto","No existe","VIII","Dentro","Urbana","S/D","No existe","Intersección","Bueno","Buena","Diurna","S/D","S/D","S/D","Colisión","S/D","Vertical","S/D","S/D"
2016,4098,7/22/2016,"Viernes",0,20:00:00,,"0.0",2,"Automóvil,Moto/Ciclomotor","Avenida Italia Y Rivadavia",3,2,0,0,1,0,0,,"Avenida",,"CERES","San Cristóbal","Asfalto","No existe","XIII","Dentro","Urbana","Ninguna","No existe","Intersección","Bueno","Buena","Nocturna,Con luz artificial","Buen Tiempo","Lateral","S/D","Colisión","Ninguna","Faltante","Cordón divisorio","Sin restricción"
2016,4099,7/27/2016,"Miercoles",0,21:00:00,,"0.0",2,"Bicicleta,Automóvil","Lavalle Y Sarmiento",2,1,0,0,1,0,0,,"Calle",,"RAFAELA","Castellanos","Asfalto","S/D","V","S/D","Urbana","Ninguna","S/D","S/D","Bueno","Buena","Nocturna","Buen Tiempo","S/D","Ciclista","Atropello","Ninguna","S/D","Ninguna","S/D"
2016,4100,7/30/2016,"Sabado",0,9:30:00,"Ruta Provincial 91","0.0",1,"Moto/Ciclomotor","Moreno Y Rivadavia",3,0,2,0,0,0,1,,"Ruta",91,"OLIVEROS","Iriondo","Asfalto","Natural","X","Dentro","Urbana","Ninguna","No existe","Intersección","Bueno","Buena","Diurna","Buen Tiempo","De alcance","S/D","Colisión","Ninguna","Faltante","Línea divisoria pintada","Sin restricción"
2016,4101,7/13/2016,"Miercoles",0,12:50:00,,"0.0",2,"Automóvil,Moto/Ciclomotor","Corrientes Y Malvinas",2,1,0,0,1,0,0,,"Calle",,"VENADO TUERTO","General López","Asfalto","No existe","VIII","Dentro","Urbana","S/D","No existe","Intersección","Bueno","Buena","Diurna","S/D","S/D","S/D","Colisión","S/D","Vertical","S/D","S/D"
2016,4102,7/24/2016,"Domingo",0,8:00:00,,"0.0",1,"Moto/Ciclomotor"," ",1,1,0,0,0,0,0,,"Camino Rural",,"SANTO DOMINGO","Las Colonias","Tierra","No existe","XI","Dentro","Rural","Ninguna","No existe","Recta","Bueno","Buena","Diurna","Buen Tiempo","S/D","S/D","Caída ocupante","Ninguna","S/D","Ninguna","Sin restricción"
2016,4103,7/23/2016,"Sabado",0,18:50:00,,"0.0",2,"Moto/Ciclomotor,Automóvil","Cornelio Saavedra ",3,2,0,0,1,0,0,,"S/D",,"CERES","San Cristóbal","Asfalto","No existe","XIII","S/D","Urbana","Ninguna","No existe","Intersección","Bueno","Buena","Nocturna","Buen Tiempo","Lateral","S/D","Colisión","Ninguna","Faltante","Ninguna","Sin restricción"
2016,4104,7/8/2016,"Viernes",0,19:35:00,,"0.0",2,"Automóvil,Moto/Ciclomotor","San Martin Y Rivadavia",3,2,0,0,1,0,0,,"Calle",,"CAÑADA DE GÓMEZ","Iriondo","Hormigón","No existe","X","S/D","Urbana","Ninguna","No existe","Intersección","Bueno","Buena","Con luz artificial","Buen Tiempo","Lateral","S/D","Colisión","Ninguna","Vertical","Ninguna","Sin restricción"
2016,4105,7/14/2016,"Jueves",0,11:00:00,"Ruta Nacional 33","629.0",2,"Automóvil,Otros"," ",3,2,0,0,1,0,0,,"Ruta",33,"VENADO TUERTO","General López","Asfalto","Natural","VIII","Dentro","Urbana","S/D","No existe","Recta","S/D","Buena","Diurna","S/D","S/D","S/D","Colisión","S/D","Vertical","S/D","S/D"
2016,4106,7/17/2016,"Domingo",0,19:15:00,,"0.0",2,"Automóvil,Automóvil","Domingo Faustino Sarmiento Y Laprida",3,1,0,0,2,0,0,,"Calle",,"ESPERANZA","Las Colonias","Asfalto","S/D","XI","S/D","Urbana","S/D","S/D","Intersección","Bueno","S/D","Atardecer","S/D","S/D","S/D","S/D","S/D","S/D","S/D","S/D"
2016,4107,7/15/2016,"Viernes",0,12:30:00,,"0.0",2,"Pickup/Utilitario,Moto/Ciclomotor","Caseros Y Jujuy",2,0,1,0,1,0,0,,"Calle",,"VENADO TUERTO","General López","Asfalto","No existe","VIII","Dentro","Urbana","S/D","No existe","Intersección","Bueno","Buena","Diurna","S/D","S/D","S/D","Colisión","S/D","Horizontal,Vertical","S/D","S/D"
2016,4108,7/21/2016,"Jueves",0,16:30:00,"Ruta Provincial 23","0.0",2,"Pickup/Utilitario,Moto/Ciclomotor"," ",2,0,1,0,1,0,0,,"Ruta",23,"VILLA TRINIDAD","San Cristóbal","Asfalto","Natural","XIII","Dentro","Rural","Ninguna","No existe","Recta","Bueno","Buena","Diurna","Buen Tiempo","Lateral","S/D","Colisión","Ninguna","Faltante","Vegetación","Sin restricción"
2016,4109,7/16/2016,"Sabado",0,20:30:00,,"0.0",2,"Moto/Ciclomotor,Pickup/Utilitario","Gral Manuel Belgrano Y Aguero",2,1,0,0,1,0,0,,"Calle",,"VENADO TUERTO","General López","Asfalto","No existe","VIII","Dentro","Urbana","S/D","No existe","Intersección","Bueno","Buena","Nocturna,Con luz artificial","S/D","S/D","S/D","Colisión","S/D","Vertical","S/D","S/D"
2016,4110,7/26/2016,"Martes",0,11:50:00,,"0.0",2,"Automóvil,Bicicleta","Sarmiento Y Rivadavia",2,1,0,0,1,0,0,,"Calle",,"CAÑADA DE GÓMEZ","Iriondo","Hormigón","Pavimento","X","Dentro","Urbana","S/D","No existe","Intersección","Bueno","Buena","Diurna","S/D","S/D","Ciclista","Atropello","S/D","Vertical","S/D","S/D"
2016,4111,7/27/2016,"Miercoles",0,13:50:00,,"0.0",1,"Moto/Ciclomotor","Av Aristobulo del Valle 500",3,2,0,0,1,0,0,,"Avenida",,"RAFAELA","Castellanos","Hormigón","No existe","V","S/D","Urbana","Ninguna","S/D","Otro","Bueno","Buena","Diurna","Buen Tiempo","S/D","S/D","Caída ocupante","Ninguna","S/D","Ninguna","Sin restricción"
2016,4112,7/18/2016,"Lunes",0,12:20:00,,"0.0",2,"Moto/Ciclomotor,Automóvil","J J Paso Y Reconquista",2,1,0,0,1,0,0,,"Calle",,"CERES","San Cristóbal","Ripio","No existe","XIII","S/D","Urbana","Ninguna","No existe","Recta","Bueno","Buena","Diurna","Buen Tiempo","Lateral","S/D","Colisión","Ninguna","Faltante","Ninguna","S/D"
2016,4113,7/16/2016,"Sabado",0,16:30:00,,"0.0",2,"Automóvil,Moto/Ciclomotor","Cornelio Saavedra Y Dean Funes",2,1,0,0,1,0,0,,"Calle",,"VENADO TUERTO","General López","Asfalto","No existe","VIII","Dentro","Urbana","S/D","No existe","Intersección","Bueno","Buena","Diurna","S/D","S/D","S/D","Colisión","S/D","Vertical","S/D","S/D"
2016,4114,7/21/2016,"Jueves",0,,,"0.0",2,"Automóvil,Moto/Ciclomotor","9 de Julio Y Italia",2,1,0,0,1,0,0,,"Calle",,"VENADO TUERTO","General López","Asfalto","No existe","VIII","Dentro","Urbana","S/D","No existe","Intersección","Bueno","Buena","S/D","S/D","S/D","S/D","Colisión","S/D","Vertical","S/D","S/D"
2016,4115,7/16/2016,"Sabado",0,12:10:00,,"0.0",2,"Moto/Ciclomotor,Automóvil","Calle 16 Gral Obligado Y Calle 27-Gdor Freyre",4,3,0,0,1,0,0,,"Calle",,"RECONQUISTA","General Obligado","Asfalto","No existe","IX","Dentro","Urbana","Ninguna","No existe","Intersección","Bueno","Buena","Diurna","Buen Tiempo","Lateral","S/D","Colisión","Ninguna","Faltante","Cordón divisorio","Sin restricción"
2016,4116,7/16/2016,"Sabado",0,15:30:00,,"0.0",2,"Automóvil,Moto/Ciclomotor","Hipolito Irigoyen Y Laprida",2,1,0,0,1,0,0,,"Calle",,"SAN CRISTÓBAL","San Cristóbal","Tierra","Natural","XIII","S/D","Urbana","Ninguna","No existe","Recta","Bueno","Buena","Diurna","Buen Tiempo","Lateral","S/D","Colisión","Ninguna","S/D","Ninguna","Sin restricción"
2016,4117,7/21/2016,"Jueves",0,,"Ruta Nacional 8","0.0",2,"Automóvil,Automóvil"," ",2,1,0,0,1,0,0,,"Ruta",8,"VENADO TUERTO","General López","Asfalto,Ripio","Ripio","VIII","Dentro","Urbana","S/D","No existe","Intersección","Con baches","Buena","Diurna","S/D","S/D","S/D","Colisión","S/D","Vertical","S/D","S/D"
2016,4118,7/23/2016,"Sabado",0,2:30:00,,"0.0",2,"Automóvil,Moto/Ciclomotor","Hipolito Irigoyen Y Paz",3,2,0,0,1,0,0,,"Calle",,"VENADO TUERTO","General López","Asfalto","No existe","VIII","Dentro","Urbana","S/D","No existe","Intersección","Bueno","Buena","Nocturna,Con luz artificial","S/D","S/D","S/D","Colisión","S/D","Vertical","S/D","S/D"
2016,4119,7/27/2016,"Miercoles",0,10:45:00,,"0.0",2,"Moto/Ciclomotor,Pickup/Utilitario","CARLOS GARDEL Y DESTEFANIS",2,0,1,0,1,0,0,,"Calle",,"RAFAELA","Castellanos","Asfalto","No existe","V","Dentro","Urbana","Ninguna","No existe","Intersección","Bueno","Buena","Diurna","Buen Tiempo","Frontal","S/D","Colisión","S/D","Faltante","Ninguna","Sin restricción"
2016,4120,7/17/2016,"Domingo",0,6:35:00,,"0.0",1,"Automóvil"," ",4,2,1,0,1,0,0,,"S/D",,"SAN CRISTÓBAL","San Cristóbal","Asfalto","Natural","XIII","Dentro","Rural","S/D","No existe","Recta","Con baches","Reducida","Nocturna","Escarcha","S/D","S/D","Despiste","Material Suelto","Faltante","Línea divisoria pintada","Sin restricción"
2016,4121,7/30/2016,"Sabado",0,14:00:00,,"0.0",2,"Moto/Ciclomotor,Automóvil","E Poggi Y Nicasio Oro±o",3,2,0,0,0,0,1,,"Calle",,"RAFAELA","Castellanos","Asfalto","No existe","V","Dentro","Urbana","Ninguna","No existe","Intersección","Bueno","Buena","Diurna","Buen Tiempo","Lateral","S/D","Colisión","Ninguna","Faltante","Ninguna","Sin restricción"
2016,4122,7/25/2016,"Lunes",0,10:30:00,,"0.0",2,"Automóvil,Moto/Ciclomotor","España Y Lopez",2,0,1,0,1,0,0,,"Calle",,"VENADO TUERTO","General López","Asfalto","No existe","VIII","Dentro","Urbana","S/D","No existe","Intersección","Bueno","Buena","Diurna","S/D","S/D","S/D","Colisión","S/D","Vertical","S/D","S/D"
2016,4123,7/6/2016,"Miercoles",0,20:00:00,,"0.0",2,"Bicicleta,Automóvil","Calle 24 - Olessio Y Calle 25-Rivadavia",2,1,0,0,1,0,0,,"Calle",,"RECONQUISTA","General Obligado","Asfalto","No existe","IX","Dentro","Urbana","Ninguna","No existe","Intersección","Bueno","Buena","Nocturna","Buen Tiempo","S/D","Ciclista","Atropello","Ninguna","Faltante","Cordón divisorio","Sin restricción"
2016,4124,7/26/2016,"Martes",0,,,"0.0",2,"Automóvil,Moto/Ciclomotor","Gral Jose de San Martin Y Dean Funes",3,2,0,0,1,0,0,,"Calle",,"VENADO TUERTO","General López","Asfalto","No existe","VIII","Dentro","Urbana","S/D","No existe","Intersección","Bueno","Buena","S/D","S/D","S/D","S/D","Colisión","S/D","Vertical","S/D","S/D"
2016,4125,7/15/2016,"Viernes",0,17:30:00,,"0.0",2,"Automóvil,Moto/Ciclomotor","España Y Ripamonti",2,1,0,0,1,0,0,,"Calle",,"RAFAELA","Castellanos","Asfalto","S/D","V","Dentro","Urbana","Ninguna","No existe","Intersección","Bueno","Buena","Diurna","Buen Tiempo","S/D","S/D","Colisión","S/D","S/D","Cordón divisorio","Sin restricción"
2016,4126,7/15/2016,"Viernes",0,11:00:00,"Ruta Nacional 33","649.0",2,"Camión c / Acoplado,Camión c / Acoplado"," ",3,0,0,1,2,0,0,,"Ruta",33,"MURPHY","General López","Asfalto","Natural","VIII","Dentro","Urbana","Marca Vial","S/D","Recta","S/D","Buena","Diurna","Niebla","De alcance","S/D","Colisión","S/D","S/D","Ninguna","Sin restricción"
2016,4127,7/6/2016,"Miercoles",0,11:35:00,,"0.0",2,"Moto/Ciclomotor,Automóvil","Calle 16 Gral Obligado Y Calle 13-Iturraspe",3,2,0,0,1,0,0,,"Calle",,"RECONQUISTA","General Obligado","Asfalto","No existe","IX","Dentro","Urbana","Ninguna","No existe","Recta","Bueno","Buena","Diurna","Buen Tiempo","Lateral","S/D","Colisión","Ninguna","Faltante","Cordón divisorio","Sin restricción"
2016,4128,7/27/2016,"Miercoles",0,,,"0.0",2,"Bicicleta,Automóvil","Bv Pte Roca Y J G Artigas",2,0,1,0,1,0,0,,"Avenida",,"RAFAELA","Castellanos","Hormigón","No existe","V","Dentro","Urbana","Semáforo","Funciona","Intersección","Bueno","Buena","Diurna","Buen Tiempo","S/D","Ciclista","Atropello","S/D","Vertical","Cordón divisorio","Sin restricción"
2016,4129,7/3/2016,"Domingo",0,21:45:00,,"0.0",2,"Moto/Ciclomotor,Automóvil","San Martin Y Dr A Giraldez",3,0,1,0,2,0,0,,"Calle",,"MARIA JUANA","Castellanos","Asfalto","S/D","V","Dentro","Urbana","Ninguna","No existe","Intersección","Bueno","Reducida","Nocturna","Lluvia","Lateral","S/D","Colisión","Agua","Vertical","Ninguna","Sin restricción"
2016,4130,7/17/2016,"Domingo",0,6:35:00,,"0.0",2,"Moto/Ciclomotor,Automóvil","Roca Pte Y Calle 21-Gdor. iriondo",3,1,1,0,1,0,0,,"Calle",,"RECONQUISTA","General Obligado","Asfalto","No existe","IX","Dentro","Urbana","Ninguna","No existe","Intersección","Bueno","Buena","Amanecer","Buen Tiempo","S/D","S/D","Colisión","Ninguna","Faltante","Cordón divisorio","Sin restricción"
2016,4131,7/27/2016,"Miercoles",0,,,"0.0",2,"Moto/Ciclomotor,Automóvil","Colon Y Juan B Justo",2,0,1,0,1,0,0,,"Calle",,"RAFAELA","Castellanos","Asfalto","No existe","V","S/D","Urbana","Ninguna","No existe","Intersección","Bueno","Reducida","Nocturna","Buen Tiempo","De alcance","S/D","Colisión","Ninguna","S/D","Ninguna","Sin restricción"
2016,4132,7/16/2016,"Sabado",0,20:50:00,,"0.0",1,"Moto/Ciclomotor","Av 9 de Julio Y ",1,0,0,1,0,0,0,,"Calle",,"SAN GUILLERMO","San Cristóbal","Tierra","No existe","XIII","Dentro","Urbana","Ninguna","No existe","Recta","Bueno","Buena","Nocturna","Buen Tiempo","S/D","S/D","Caída ocupante","S/D","Faltante","Ninguna","S/D"
2016,4133,7/13/2016,"Miercoles",0,5:30:00,,"0.0",2,"Moto/Ciclomotor,Taxi/Remis","25 de mayo Y Juan de Garay",2,1,0,0,1,0,0,,"Calle",,"CERES","San Cristóbal","Asfalto","No existe","XIII","Dentro","Urbana","Ninguna","No existe","Intersección","Deteriorada","Buena","Nocturna,Con luz artificial","Buen Tiempo","Frontal","S/D","Colisión","S/D","S/D","Vegetación","Sin restricción"
2016,4134,7/15/2016,"Viernes",0,2:10:00,,"0.0",2,"Automóvil,Moto/Ciclomotor","Sarmiento Y Alberdi",2,1,0,0,1,0,0,,"Calle",,"SAN CRISTÓBAL","San Cristóbal","Ripio","Natural","XIII","Dentro","Urbana","Ninguna","No existe","Recta","Bueno","Buena","Nocturna","Buen Tiempo","Lateral","S/D","Colisión","Ninguna","S/D","Ninguna","S/D"
2016,4135,7/22/2016,"Viernes",0,19:10:00,,"0.0",2,"Moto/Ciclomotor,Pickup/Utilitario","Calle 20 9 de Julio Y Calle 33-Pueyrredon",2,0,1,0,1,0,0,,"Calle",,"RECONQUISTA","General Obligado","Asfalto","S/D","IX","S/D","Urbana","Ninguna","S/D","Intersección","Bueno","S/D","Nocturna","Buen Tiempo","S/D","S/D","Colisión","Ninguna","Vertical","Ninguna","Sin restricción"
2016,4136,7/30/2016,"Sabado",0,18:00:00,,"0.0",2,"Bicicleta,Automóvil","25 de Mayo Y Luis Maggi",2,1,0,0,1,0,0,,"Avenida",,"RAFAELA","Castellanos","Asfalto","No existe","V","S/D","Urbana","Ninguna","No existe","Intersección","Bueno","Buena","Diurna","Buen Tiempo","S/D","Ciclista","Atropello","S/D","Faltante","Ninguna","Sin restricción"
2016,4137,7/29/2016,"Viernes",0,8:30:00,,"0.0",2,"Moto/Ciclomotor,Automóvil","Calle 23-Gral lopez Y Calle 6-Ituzaingo",2,1,0,0,1,0,0,,"Calle",,"RECONQUISTA","General Obligado","Asfalto","No existe","IX","Dentro","Urbana","Ninguna","No existe","Intersección","Bueno","Buena","Diurna","Buen Tiempo","Frontal","S/D","Colisión","Ninguna","Vertical","Cordón divisorio","S/D"
2016,4138,7/5/2016,"Martes",0,21:40:00,,"0.0",2,"Moto/Ciclomotor,Moto/Ciclomotor","Alberti ",2,1,1,0,0,0,0,,"Calle",,"SAN CRISTÓBAL","San Cristóbal","Tierra","Natural","XIII","Dentro","Urbana","Ninguna","No existe","Recta","S/D","Reducida","Nocturna","Lluvia","Frontal","S/D","Colisión","Agua","S/D","Ninguna","Sin restricción"