"anio_acci","nro_acci","fecha","desc_dia","fecha_aprox","hora_aprox","desc_ruta","km","cant_participantes","desc_participante","calle_avenida_km","total","heridos_leves","heridos_graves","heridos_gravisimos","ilesos","fallecidos","sin_datos","posicion_XY","desc_tipo_via","desc_ruta_ori","desc_loc","desc_dpto","desc_tipo_calzada","desc_tipo_banquina","desc_unidad_regional","desc_lugar_calzada","desc_zona","desc_prioridad","desc_estado_semaforo","desc_lugar_via","desc_estado_via","desc_estado_visibilidad","desc_luminosidad","desc_estado_clima","desc_tipo_colision","desc_tipo_atropello","desc_tipo_hecho","desc_pres_calzada","desc_senializacion","desc_separacion_via","desc_restriccion"
2016,4139,7/29/2016,"Viernes",0,12:20:00,,"0.0",2,"Automóvil,Moto/Ciclomotor","Av Brasil Y Av Italia",2,1,0,0,1,0,0,,"Avenida",,"RAFAELA","Castellanos","Asfalto","No existe","V","Dentro","Urbana","Semáforo","Funciona","Intersección","Bueno","Buena","Diurna","Buen Tiempo","De alcance","S/D","Colisión","S/D","Horizontal,Vertical","Línea divisoria pintada","Sin restricción"
2016,4140,7/12/2016,"Martes",0,18:50:00,"Ruta Provincial 23","0.0",1,"Pickup/Utilitario"," ",3,3,0,0,0,0,0,,"Ruta",23,"SAN GUILLERMO","San Cristóbal","Asfalto","S/D","XIII","S/D","Urbana","Señal Ceda el Paso","No existe","Recta","Bueno","Buena","Atardecer","Buen Tiempo","Atropello animal","S/D","Colisión,Vuelco","S/D","S/D","Línea divisoria pintada","Sin restricción"
2016,4141,7/8/2016,"Viernes",0,11:20:00,,"0.0",2,"Moto/Ciclomotor,Pickup/Utilitario","Cochabamba Y Gral Alvear",3,1,0,0,2,0,0,,"Calle",,"SAN CRISTÓBAL","San Cristóbal","Asfalto","No existe","XIII","Dentro","Urbana","Ninguna","No existe","Intersección","Bueno","Buena","Diurna","Buen Tiempo","Lateral","S/D","Colisión","S/D","Vertical","Ninguna","Sin restricción"
2016,4142,7/24/2016,"Domingo",0,0:00:00,,"0.0",1,"Moto/Ciclomotor","Calle 19-Habegger 1750",2,1,1,0,0,0,0,,"Calle",,"RECONQUISTA","General Obligado","Asfalto","No existe","IX","Dentro","Urbana","Ninguna","No existe","Otro","Bueno","Buena","Nocturna","Buen Tiempo","S/D","S/D","Vuelco","Ninguna","Horizontal","Ninguna","Sin restricción"
2016,4143,7/14/2016,"Jueves",0,14:00:00,,"0.0",1,"Moto/Ciclomotor","Gral Paz 600",1,1,0,0,0,0,0,,"Calle",,"SAN CRISTÓBAL","San Cristóbal","Asfalto","No existe","XIII","S/D","Urbana","Ninguna","No existe","Recta","Bueno","Buena","Diurna","Buen Tiempo","Atropello animal","S/D","Colisión","Ninguna","Faltante","Ninguna","Sin restricción"
2016,4144,7/22/2016,"Viernes",0,18:30:00,,"0.0",2,"Moto/Ciclomotor,Automóvil","Bv Santa Fe 900",2,1,0,0,1,0,0,,"Avenida",,"RAFAELA","Castellanos","Asfalto","Pavimento","V","Dentro","Urbana","Semáforo","No existe","Recta","S/D","Buena","Atardecer","Buen Tiempo","S/D","S/D","Colisión","Ninguna","Vertical","Línea divisoria pintada","Sin restricción"
2016,4145,7/9/2016,"Sabado",0,6:05:00,,"0.0",1,"Moto/Ciclomotor","Vera Mujica 300",2,2,0,0,0,0,0,,"Calle",,"CERES","San Cristóbal","Tierra","No existe","XIII","Dentro","Urbana","Ninguna","No existe","Recta","Bueno","Reducida","Nocturna","Niebla","S/D","S/D","Vuelco","Ninguna","Faltante","Ninguna","S/D"
2016,4146,7/29/2016,"Viernes",0,19:40:00,,"0.0",2,"Bicicleta,Automóvil","Calle 15-Patricio Diez Y Calle 26 - Bolivar",2,1,0,0,1,0,0,,"Calle",,"RECONQUISTA","General Obligado","Asfalto","No existe","IX","Dentro","Urbana","Ninguna","No existe","Intersección","Bueno","Buena","Nocturna,Con luz artificial","Buen Tiempo","S/D","Ciclista","Atropello","Ninguna","S/D","Ninguna","Sin restricción"
2016,4147,7/5/2016,"Martes",0,11:00:00,,"0.0",2,"Automóvil,Moto/Ciclomotor","C Colon Y Sarmiento",2,1,0,0,1,0,0,,"Calle",,"SAN GUILLERMO","San Cristóbal","Asfalto","No existe","XIII","Dentro","Urbana","Ninguna","No existe","Intersección","Resbaladiza","Buena","Diurna","Buen Tiempo","Frontal","S/D","Colisión","Agua","Faltante","Ninguna","Sin restricción"
2016,4148,7/3/2016,"Domingo",0,11:00:00,"Ruta Nacional 34","324.0",1,"Pickup/Utilitario"," ",2,2,0,0,0,0,0,,"Ruta",34,"CURUPAITY","San Cristóbal","Asfalto","Natural","XIII","Dentro","Rural","S/D","No existe","Recta","Bueno","Buena","Diurna","Buen Tiempo","S/D","S/D","Vuelco","S/D","Vertical","Línea divisoria pintada","S/D"
2016,4149,7/20/2016,"Miercoles",0,10:05:00,,"0.0",2,"Moto/Ciclomotor,Automóvil","Calle 23-Gral lopez Y Calle 30-Lucas Funes",3,1,0,0,2,0,0,,"Calle",,"RECONQUISTA","General Obligado","Asfalto","Pavimento","IX","Dentro","Urbana","Ninguna","No existe","Intersección","Bueno","Buena","Amanecer","Buen Tiempo","Lateral","S/D","Colisión","Ninguna","Horizontal","Ninguna","Sin restricción"
2016,4150,8/2/2016,"Martes",0,12:00:00,,"0.0",2,"Automóvil,Moto/Ciclomotor","Av Aristobulo del Valle Y Aaron Castellanos",2,0,1,0,1,0,0,,"Avenida",,"RAFAELA","Castellanos","Hormigón","No existe","V","Dentro","Urbana","Ninguna","No existe","Intersección","S/D","Buena","Diurna","Buen Tiempo","Lateral","S/D","Colisión","Ninguna","S/D","Cordón divisorio","Sin restricción"
2016,4151,7/1/2016,"Viernes",0,18:37:00,,"0.0",2,"Bicicleta,Automóvil","Gral. Paz Y Domingo French",2,1,0,0,1,0,0,,"Calle",,"FIRMAT","General López","Hormigón","No existe","VIII","Dentro","Urbana","Ninguna","No existe","Intersección","Deteriorada","Buena","Diurna","Buen Tiempo","Lateral","Ciclista","Atropello","S/D","Faltante","Ninguna","Sin restricción"
2016,4152,7/9/2016,"Sabado",0,23:00:00,"Ruta Nacional 178","0.0",1,"Moto/Ciclomotor"," ",1,1,0,0,0,0,0,,"Ruta",178,"LAS ROSAS","Belgrano","Asfalto","Natural","III","Fuera","Rural","Ninguna","No existe","Recta","Con baches","Reducida","Nocturna","Buen Tiempo","S/D","S/D","Caída ocupante","Ninguna","Faltante","Ninguna","Sin restricción"
2016,4153,8/5/2016,"Viernes",0,21:00:00,,"0.0",2,"Automóvil,Moto/Ciclomotor","Bv G L Lhemann Y Uruguay",2,1,0,0,1,0,0,,"Avenida",,"RAFAELA","Castellanos","S/D","S/D","V","Dentro","Urbana","Ninguna","No existe","Recta","Bueno","Buena","Nocturna","Buen Tiempo","Lateral","S/D","Colisión","Ninguna","Faltante","Vegetación","Sin restricción"
2016,4154,7/15/2016,"Viernes",0,12:00:00,,"0.0",2,"Moto/Ciclomotor,Pickup/Utilitario","Santa Fe Y Juan de Garay",2,1,0,0,1,0,0,,"Calle",,"LAS ROSAS","Belgrano","Tierra","No existe","III","Dentro","Urbana","Ninguna","No existe","Recta","Bueno","Buena","Diurna","Buen Tiempo","Lateral","S/D","Colisión","S/D","Faltante","Ninguna","Sin restricción"
2016,4155,7/4/2016,"Lunes",0,17:45:00,,"0.0",2,"Moto/Ciclomotor,Automóvil","Calle 11-Alvear Y Calle 36 Entre Rios",3,2,0,0,1,0,0,,"S/D",,"RECONQUISTA","General Obligado","Asfalto","S/D","IX","S/D","Urbana","S/D","S/D","Intersección","Bueno","S/D","Diurna","S/D","S/D","S/D","Colisión","Ninguna","S/D","S/D","S/D"
2016,4156,7/7/2016,"Jueves",0,19:30:00,,"0.0",2,"Moto/Ciclomotor,Automóvil","Boulevard Colon Y Gregorio de Lamadrid",2,1,0,0,1,0,0,,"Calle",,"FIRMAT","General López","Asfalto","No existe","VIII","Dentro","Urbana","Ninguna","No existe","Intersección","Deteriorada","Reducida","Atardecer,Con luz artificial","Buen Tiempo","De alcance","S/D","Colisión","Ninguna","Faltante","Cordón divisorio","Sin restricción"
2016,4157,7/22/2016,"Viernes",0,12:40:00,,"0.0",2,"Automóvil,Moto/Ciclomotor","Rivadavia Y Buenos Aires",2,1,0,0,1,0,0,,"Calle",,"LAS ROSAS","Belgrano","Asfalto","Pavimento","III","S/D","Urbana","Ninguna","No existe","Intersección","Bueno","Buena","Diurna","Buen Tiempo","De alcance","S/D","Colisión","Ninguna","Vertical","Ninguna","Sin restricción"
2016,4158,7/24/2016,"Domingo",0,0:10:00,,"0.0",2,"Moto/Ciclomotor,Automóvil","Calle 20 9 de Julio Y Calle 31-Newbery",2,1,0,0,1,0,0,,"Calle",,"RECONQUISTA","General Obligado","Asfalto","Pavimento","IX","S/D","Urbana","Ninguna","No existe","Recta","Bueno","S/D","Nocturna","Buen Tiempo","S/D","S/D","Colisión","Ninguna","S/D","Barrera de hormigón","Sin restricción"
2016,4159,7/8/2016,"Viernes",0,21:10:00,,"0.0",2,"Automóvil,Moto/Ciclomotor","Boulevard Colon Y Juan B. Alberdi",3,1,1,0,1,0,0,,"Calle",,"FIRMAT","General López","Hormigón","No existe","VIII","Dentro","Urbana","Semáforo","Intermitente","Intersección","Deteriorada","Reducida","Atardecer","Buen Tiempo","Lateral","S/D","Colisión","S/D","Faltante","Línea divisoria pintada","Sin restricción"
2016,4160,7/30/2016,"Sabado",0,14:00:00,,"0.0",2,"Pickup/Utilitario,Moto/Ciclomotor","Av Lisandro de la Torre Y Dentesano",2,0,1,0,1,0,0,,"Avenida",,"SUNCHALES","Castellanos","Asfalto","Pavimento","V","Dentro","Urbana","Ninguna","No existe","Intersección","Bueno","Buena","Diurna","Buen Tiempo","Frontal","S/D","Colisión","S/D","S/D","Ninguna","Sin restricción"
2016,4161,7/22/2016,"Viernes",0,17:10:00,,"0.0",2,"Moto/Ciclomotor,Automóvil","Rivadavia Y Paso de los Andes",4,3,0,0,1,0,0,,"Calle",,"LAS ROSAS","Belgrano","Asfalto","Pavimento","III","Dentro","Urbana","Ninguna","No existe","Intersección","Bueno","Buena","Diurna","Buen Tiempo","De alcance","S/D","Colisión","Ninguna","S/D","Ninguna","Sin restricción"
2016,4162,7/15/2016,"Viernes",0,18:00:00,"Ruta Nacional 33","684.0",2,"Automóvil,Automóvil"," ",6,2,0,0,4,0,0,,"Ruta",33,"FIRMAT","General López","Asfalto","Natural","VIII","Dentro","Urbana","Ninguna","No existe","Recta","Bueno","Buena","Diurna","Buen Tiempo","S/D","S/D","Colisión","S/D","S/D","Línea divisoria pintada","Sin restricción"
2016,4163,7/30/2016,"Sabado",0,9:30:00,,"0.0",2,"Camión,Moto/Ciclomotor","Brasil Y Leandro N Alem",2,1,0,0,1,0,0,,"Calle",,"SUNCHALES","Castellanos","Asfalto","No existe","V","S/D","Urbana","Ninguna","No existe","Intersección","Bueno","Buena","Diurna","Buen Tiempo","S/D","S/D","Otro","Ninguna","Faltante","Ninguna","Sin restricción"
2016,4164,7/17/2016,"Domingo",0,21:05:00,,"0.0",1,"Moto/Ciclomotor","Corrientes 900",1,0,1,0,0,0,0,,"Calle",,"FIRMAT","General López","Asfalto","No existe","VIII","Dentro","Urbana","Ninguna","No existe","Recta","Bueno","Buena","Nocturna,Con luz artificial","Buen Tiempo","S/D","S/D","Caída ocupante","Otro","Faltante","Ninguna","Sin restricción"
2016,4165,7/20/2016,"Miercoles",0,10:00:00,,"0.0",2,"Automóvil,Moto/Ciclomotor","Calle 20-9 de Julio Y Calle 29-Alte Brown",2,1,0,0,1,0,0,,"Calle",,"RECONQUISTA","General Obligado","Asfalto","Pavimento","IX","Dentro","Urbana","Ninguna","No existe","Intersección","Bueno","S/D","Diurna","Buen Tiempo","De alcance","S/D","Colisión","Ninguna","S/D","Ninguna","Sin restricción"
2016,4166,7/24/2016,"Domingo",0,19:20:00,"Ruta Nacional 11","0.0",2,"Moto/Ciclomotor,Automóvil","GABOTO ",2,1,0,0,1,0,0,,"Ruta",11,"OLIVEROS","Iriondo","Asfalto","Natural","X","Dentro","Urbana","Ninguna","No existe","Intersección","Con baches","Buena","Nocturna","Buen Tiempo","De alcance","S/D","Colisión","S/D","Vertical","Línea divisoria pintada","Sin restricción"
2016,4167,7/19/2016,"Martes",0,18:00:00,,"0.0",2,"Bicicleta,Automóvil","Boulevard Colon 600",2,1,0,0,1,0,0,,"Calle",,"FIRMAT","General López","Hormigón","No existe","VIII","Dentro","Urbana","Ninguna","No existe","Recta","Bueno","Buena","Diurna","Buen Tiempo","S/D","Ciclista","Atropello","S/D","Faltante","Cordón divisorio","Sin restricción"
2016,4168,7/27/2016,"Miercoles",0,11:10:00,,"0.0",2,"Automóvil,Moto/Ciclomotor","Juan Carlos Alberdi ",3,1,0,0,2,0,0,,"Calle",,"VENADO TUERTO","General López","Asfalto","No existe","VIII","Dentro","Urbana","Ninguna","No existe","Intersección","Bueno","Buena","Diurna","Buen Tiempo","Lateral","S/D","Colisión","S/D","Faltante","Ninguna","Sin restricción"
2016,4169,7/28/2016,"Jueves",0,12:55:00,,"0.0",2,"Automóvil,Moto/Ciclomotor","Calle 17-Bartolome Mitre ",2,1,0,0,1,0,0,,"Calle",,"RECONQUISTA","General Obligado","Asfalto","No existe","IX","Dentro","Urbana","Ninguna","No existe","Recta","Bueno","Buena","Diurna","Buen Tiempo","S/D","S/D","Colisión","Ninguna","Horizontal","Barrera de hormigón","Sin restricción"
2016,4170,7/30/2016,"Sabado",0,7:40:00,,"0.0",2,"Moto/Ciclomotor,Moto/Ciclomotor","Calle 17-Bartolome Mitre Y Calle 26-Bolivar",2,2,0,0,0,0,0,,"Calle",,"RECONQUISTA","General Obligado","Asfalto","Pavimento","IX","Dentro","Urbana","Ninguna","No existe","Intersección","Bueno","Buena","Amanecer","Buen Tiempo","De alcance","S/D","Colisión","Ninguna","Faltante","Ninguna","Sin restricción"
2016,4171,7/10/2016,"Domingo",0,,,"0.0",2,"Automóvil,Moto/Ciclomotor","H Irigoyen Y Bv Centenario B",2,1,0,0,1,0,0,,"Avenida",,"CAÑADA DE GÓMEZ","Iriondo","Asfalto","No existe","X","Dentro","Urbana","Ninguna","No existe","Recta","Bueno","Buena","Nocturna","Buen Tiempo","Lateral","S/D","Colisión","Ninguna","S/D","Ninguna","Sin restricción"
2016,4172,7/1/2016,"Viernes",0,19:45:00,,"0.0",2,"Automóvil,Bicicleta","Calle 26 - Bolivar Y Calle 21-Gdor. iriondo",2,1,0,0,1,0,0,,"Calle",,"RECONQUISTA","General Obligado","Asfalto","Pavimento","IX","Dentro","Urbana","Ninguna","No existe","Intersección","Bueno","Reducida","Atardecer","Buen Tiempo","De alcance","Ciclista","Atropello","S/D","Faltante","Ninguna","Sin restricción"
2016,4173,7/23/2016,"Sabado",0,10:50:00,,"0.0",2,"Moto/Ciclomotor,Automóvil","Calle 33-Pueyrredon Y Calle 42 - Misiones",2,1,0,0,1,0,0,,"Calle",,"RECONQUISTA","General Obligado","Asfalto","S/D","IX","S/D","Urbana","Ninguna","No existe","Recta","Bueno","Buena","Diurna","Buen Tiempo","S/D","S/D","Colisión","Ninguna","S/D","Barrera de hormigón","Sin restricción"
2016,4174,7/13/2016,"Miercoles",0,13:20:00,"Ruta Nacional 11","0.0",2,"Pickup/Utilitario,Moto/Ciclomotor","Calle 5-Colon ",2,0,1,0,1,0,0,,"Ruta",11,"RECONQUISTA","General Obligado","Asfalto","Pavimento","IX","Dentro","Urbana","Ninguna","No existe","Recta","Bueno","Buena","Diurna","Buen Tiempo","S/D","S/D","Colisión","Ninguna","S/D","Barrera de hormigón","S/D"
2016,4175,7/18/2016,"Lunes",0,11:35:00,,"0.0",2,"Moto/Ciclomotor,Automóvil"," ",2,1,0,0,1,0,0,,"S/D",,"RECONQUISTA","General Obligado","Asfalto","S/D","IX","S/D","Urbana","Semáforo","Funciona","Recta","Bueno","Buena","Diurna","Buen Tiempo","S/D","S/D","Colisión","Ninguna","S/D","Barrera de hormigón","Sin restricción"
2016,4176,7/25/2016,"Lunes",0,19:25:00,,"0.0",2,"Automóvil,Moto/Ciclomotor","Calle 30-Lucas Funes Y Calle 17-Bartolome Mitre",2,0,1,0,1,0,0,,"Calle",,"RECONQUISTA","General Obligado","Asfalto","Pavimento","IX","Dentro","Urbana","Ninguna","No existe","Intersección","Resbaladiza","Reducida","Atardecer","Lluvia","De alcance","S/D","Colisión","Agua","S/D","Ninguna","Sin restricción"
2016,4177,3/11/2016,"Viernes",0,,,"0.0",2,"Moto/Ciclomotor,Automóvil","Gaboto Y Belgrano",2,1,0,0,1,0,0,,"Calle",,"RAFAELA","Castellanos","S/D","S/D","V","Dentro","Urbana","S/D","S/D","S/D","S/D","S/D","Nocturna","S/D","S/D","S/D","Colisión","S/D","S/D","S/D","S/D"
2016,4178,3/13/2016,"Domingo",0,7:00:00,"Ruta Secundaria 96-s","0.0",1,"Moto/Ciclomotor"," ",1,1,0,0,0,0,0,,"Ruta","96-s","TARTAGAL","Vera","S/D","S/D","XIX","Dentro","Urbana","S/D","S/D","S/D","S/D","S/D","Diurna","S/D","Atropello animal","S/D","Colisión","S/D","S/D","S/D","S/D"
2016,4179,3/12/2016,"Sabado",0,18:00:00,,"0.0",2,"Automóvil,Moto/Ciclomotor","Calle 2 Y Calle 7",4,3,0,0,1,0,0,,"Calle",,"AVELLANEDA","General Obligado","S/D","S/D","IX","Dentro","Urbana","S/D","S/D","S/D","S/D","S/D","Diurna","S/D","S/D","S/D","Colisión","S/D","S/D","S/D","S/D"
2016,4180,3/12/2016,"Sabado",0,17:15:00,,"0.0",2,"Moto/Ciclomotor,Moto/Ciclomotor","Calle 44-27 de Abril Y Calle 47-Islas Malvinas",4,1,0,0,3,0,0,,"Calle",,"RECONQUISTA","General Obligado","S/D","S/D","IX","Dentro","Urbana","S/D","S/D","S/D","S/D","S/D","Diurna","S/D","S/D","S/D","Colisión","S/D","S/D","S/D","S/D"
2016,4181,3/11/2016,"Viernes",0,23:00:00,"Ruta Nacional 11","0.0",1,"Moto/Ciclomotor","Calle 15-Pcio. Diez ",1,1,0,0,0,0,0,,"Ruta",11,"RECONQUISTA","General Obligado","S/D","S/D","IX","Dentro","Urbana","S/D","S/D","S/D","S/D","S/D","Nocturna","S/D","S/D","S/D","Caída ocupante","S/D","S/D","S/D","S/D"
2016,4182,3/11/2016,"Viernes",0,19:05:00,"Ruta Nacional 11","0.0",3,"Automóvil,Bicicleta,Bicicleta","Calle 23 ",3,2,0,0,1,0,0,,"Ruta",11,"AVELLANEDA","General Obligado","S/D","S/D","IX","Dentro","Urbana","S/D","S/D","S/D","S/D","S/D","Diurna","S/D","S/D","Ciclista","Atropello","S/D","S/D","S/D","S/D"
2016,4183,3/11/2016,"Viernes",0,16:35:00,,"0.0",2,"Pickup/Utilitario,Moto/Ciclomotor","Calle 31-Newbery 1547",2,1,0,0,1,0,0,,"Calle",,"RECONQUISTA","General Obligado","S/D","S/D","IX","Dentro","Urbana","S/D","S/D","S/D","S/D","S/D","Diurna","S/D","S/D","S/D","Colisión","S/D","S/D","S/D","S/D"
2016,4184,3/13/2016,"Domingo",0,6:30:00,"Ruta Secundaria 97-s","0.0",1,"Automóvil"," ",2,1,1,0,0,0,0,,"Ruta","97-s","LANTERI","General Obligado","S/D","S/D","IX","Dentro","Urbana","S/D","S/D","Curva","S/D","S/D","Amanecer","S/D","S/D","S/D","Despiste","S/D","S/D","S/D","S/D"
2016,4185,3/16/2016,"Miercoles",0,16:55:00,,"0.0",2,"Moto/Ciclomotor,Moto/Ciclomotor","Gral Manuel Belgrano Y Roque Saenz Peña",2,2,0,0,0,0,0,,"Calle",,"VENADO TUERTO","General López","S/D","S/D","VIII","Dentro","Urbana","S/D","S/D","S/D","S/D","S/D","Diurna","S/D","S/D","S/D","Colisión","S/D","S/D","S/D","S/D"
2016,4186,3/16/2016,"Miercoles",0,15:33:00,,"0.0",1,"Moto/Ciclomotor","Gral Jose de San Martin 450",1,1,0,0,0,0,0,,"Calle",,"VENADO TUERTO","General López","S/D","S/D","VIII","Dentro","Urbana","S/D","S/D","S/D","S/D","S/D","Diurna","S/D","S/D","S/D","Caída ocupante","S/D","S/D","S/D","S/D"
2016,4187,3/13/2016,"Domingo",0,7:40:00,,"0.0",2,"Automóvil,Bicicleta","Mariano Moreno 400",2,1,0,0,1,0,0,,"Calle",,"VENADO TUERTO","General López","S/D","S/D","VIII","Dentro","Urbana","S/D","S/D","S/D","S/D","S/D","Diurna","S/D","S/D","Ciclista","Atropello","S/D","S/D","S/D","S/D"
2016,4188,3/15/2016,"Martes",0,13:00:00,,"0.0",2,"Bicicleta,Automóvil","9 de Julio Y General Manuel Belgrano",3,1,0,0,2,0,0,,"Calle",,"ESPERANZA","Las Colonias","S/D","S/D","XI","Dentro","Urbana","S/D","S/D","S/D","S/D","S/D","Diurna","S/D","S/D","Ciclista","Atropello","S/D","S/D","S/D","S/D"
2016,4189,3/30/2016,"Miercoles",0,,,"0.0",2,"Moto/Ciclomotor,Moto/Ciclomotor","J Castelli Y 9 de Julio",2,2,0,0,0,0,0,,"Calle",,"SANTA FE","La Capital","S/D","S/D","I","Dentro","Urbana","S/D","S/D","S/D","S/D","S/D","Diurna","S/D","S/D","S/D","Colisión","S/D","S/D","S/D","S/D"
2016,4190,3/17/2016,"Jueves",0,12:00:00,,"0.0",2,"Automóvil,Moto/Ciclomotor","Calle 15 Y Calle 22",2,1,0,0,1,0,0,,"Calle",,"AVELLANEDA","General Obligado","S/D","S/D","IX","Dentro","Urbana","S/D","S/D","S/D","S/D","S/D","Diurna","S/D","S/D","S/D","Colisión","S/D","S/D","S/D","S/D"
2016,4191,3/17/2016,"Jueves",0,11:30:00,,"0.0",2,"Moto/Ciclomotor,Automóvil","Calle 12 San Martin 1000",2,1,0,0,1,0,0,,"Calle",,"RECONQUISTA","General Obligado","S/D","S/D","IX","Dentro","Urbana","S/D","S/D","S/D","S/D","S/D","Diurna","S/D","S/D","S/D","Colisión","S/D","S/D","S/D","S/D"
2016,4192,3/17/2016,"Jueves",0,19:40:00,"Ruta Nacional 11","0.0",2,"Moto/Ciclomotor,Bicicleta","Calle 23 ",2,1,0,0,1,0,0,,"Ruta",11,"AVELLANEDA","General Obligado","S/D","S/D","IX","Dentro","Urbana","S/D","S/D","S/D","S/D","S/D","Diurna","S/D","S/D","Ciclista","Atropello","S/D","S/D","S/D","S/D"
2016,4193,3/17/2016,"Jueves",0,19:30:00,,"0.0",2,"Moto/Ciclomotor,Pickup/Utilitario","Calle 15 Y Calle 8",2,1,0,0,1,0,0,,"Calle",,"AVELLANEDA","General Obligado","S/D","S/D","IX","Dentro","Urbana","S/D","S/D","S/D","S/D","S/D","Diurna","S/D","S/D","S/D","Colisión","S/D","S/D","S/D","S/D"
2016,4194,3/17/2016,"Jueves",0,19:30:00,,"0.0",2,"Moto/Ciclomotor,Moto/Ciclomotor","Calle 9-Mariano Moreno Y Calle 24-Alessio",2,1,0,0,1,0,0,,"Calle",,"RECONQUISTA","General Obligado","S/D","S/D","IX","Dentro","Urbana","S/D","S/D","S/D","S/D","S/D","Diurna","S/D","S/D","S/D","Colisión","S/D","S/D","S/D","S/D"
2016,4195,3/17/2016,"Jueves",0,12:35:00,,"0.0",2,"Moto/Ciclomotor,Moto/Ciclomotor","Calle 8-Chacabuco Y Calle 7-Sarmiento",2,2,0,0,0,0,0,,"Calle",,"RECONQUISTA","General Obligado","S/D","S/D","IX","Dentro","Urbana","S/D","S/D","S/D","S/D","S/D","S/D","S/D","S/D","S/D","Colisión","S/D","S/D","S/D","S/D"
2016,4196,3/13/2016,"Domingo",0,,,"0.0",2,"Moto/Ciclomotor,Taxi/Remis"," ",3,2,0,0,1,0,0,,"Calle",,"SASTRE","San Martín","S/D","S/D","XVIII","Dentro","Urbana","S/D","S/D","S/D","S/D","S/D","Diurna","S/D","S/D","S/D","Colisión","S/D","S/D","S/D","S/D"
2016,4197,3/15/2016,"Martes",0,,,"0.0",2,"Moto/Ciclomotor,Moto/Ciclomotor","A Aguado Y F Simonetta",3,2,0,0,1,0,0,,"Calle",,"RAFAELA","Castellanos","S/D","S/D","V","Dentro","Urbana","S/D","S/D","S/D","S/D","S/D","Diurna","S/D","S/D","S/D","Colisión","S/D","S/D","S/D","S/D"
2016,4198,3/17/2016,"Jueves",0,,,"0.0",2,"Moto/Ciclomotor,Automóvil","Caseros ",4,0,1,0,3,0,0,,"Calle",,"SAN CRISTÓBAL","San Cristóbal","S/D","S/D","XIII","Dentro","Urbana","S/D","S/D","S/D","S/D","S/D","Diurna","S/D","S/D","S/D","Colisión","S/D","S/D","S/D","S/D"
2016,4199,3/18/2016,"Viernes",0,,,"0.0",2,"Automóvil,Automóvil","Urquiza Y Av. Ovidio Lagos",5,4,0,0,1,0,0,,"Calle",,"ROSARIO","Rosario","S/D","S/D","II","Dentro","Urbana","S/D","S/D","S/D","S/D","S/D","Diurna","S/D","S/D","S/D","Colisión","S/D","S/D","S/D","S/D"
2016,4200,3/19/2016,"Sabado",0,,,"0.0",1,"Automóvil","J J Paso Y 1ro de Mayo",2,2,0,0,0,0,0,,"Calle",,"SANTA FE","La Capital","S/D","S/D","I","Dentro","Urbana","S/D","S/D","S/D","S/D","S/D","Nocturna","S/D","Contra objeto fijo","S/D","Colisión","S/D","S/D","S/D","S/D"
2016,4201,3/18/2016,"Viernes",0,21:00:00,,"0.0",2,"Automóvil,Automóvil","Arenales Y Av Doctor E Salva",5,2,0,0,3,0,0,,"Calle",,"RAFAELA","Castellanos","S/D","S/D","V","Dentro","Urbana","S/D","S/D","S/D","S/D","S/D","Nocturna","S/D","S/D","S/D","Colisión","S/D","S/D","S/D","S/D"
2016,4202,3/20/2016,"Domingo",0,16:30:00,,"0.0",1,"Moto/Ciclomotor","Calle 75-Lisandro de la Torre 450",1,1,0,0,0,0,0,,"Calle",,"RECONQUISTA","General Obligado","S/D","S/D","IX","Dentro","Urbana","S/D","S/D","S/D","S/D","S/D","Diurna","S/D","S/D","S/D","Caída ocupante","S/D","S/D","S/D","S/D"
2016,4203,7/13/2016,"Miercoles",0,20:00:00,,"0.0",2,"Peatón,Automóvil","Ivanowski Y Necochea",2,1,0,0,1,0,0,,"Calle",,"ROSARIO","Rosario","Asfalto","No existe","II","Dentro","Urbana","Ninguna","No existe","Intersección","Bueno","Reducida","Nocturna,Con luz artificial","Buen Tiempo","S/D","Peatón","Atropello","S/D","Faltante","Ninguna","Sin restricción"
2016,4204,7/7/2016,"Jueves",0,8:30:00,,"0.0",2,"Automóvil,Automóvil","Calle 28 - San Lorenzo Y Calle 21-Gdor. iriondo",2,1,0,0,0,0,1,,"Calle",,"RECONQUISTA","General Obligado","Asfalto","Pavimento","IX","S/D","Urbana","Ninguna","No existe","Intersección","Bueno","Buena","Diurna","Buen Tiempo","Lateral","S/D","Colisión","Ninguna","Horizontal","Ninguna","Sin restricción"
2016,4205,7/13/2016,"Miercoles",0,9:00:00,,"0.0",2,"Automóvil,Taxi/Remis","Laprida Y Rueda",3,2,0,0,1,0,0,,"Calle",,"ROSARIO","Rosario","Asfalto","No existe","II","Dentro","Urbana","Ninguna","No existe","Intersección","Con baches","Buena","Diurna","Buen Tiempo","Lateral","S/D","Colisión","S/D","Faltante","Ninguna","Sin restricción"
2016,4206,7/30/2016,"Sabado",0,5:20:00,"Ruta Nacional 11","0.0",2,"Moto/Ciclomotor,Automóvil","Ruta Nacional 11 Y Calle 15",4,1,0,0,3,0,0,,"Ruta",11,"AVELLANEDA","General Obligado","Asfalto","S/D","IX","Dentro","Urbana","Ninguna","No existe","S/D","Bueno","Buena","Nocturna","Buen Tiempo","S/D","S/D","Colisión","S/D","S/D","S/D","Sin restricción"
2016,4207,7/13/2016,"Miercoles",0,0:45:00,,"0.0",2,"Moto/Ciclomotor,Automóvil","Calle 30-Lucas Funes Y Calle 19-Habegger",2,1,0,0,0,0,1,,"Calle",,"RECONQUISTA","General Obligado","Asfalto","Pavimento","IX","S/D","Urbana","Ninguna","No existe","Intersección","Bueno","Buena","Nocturna","Buen Tiempo","Lateral","S/D","Colisión","Ninguna","Horizontal","Ninguna","Sin restricción"