"anio_acci","nro_acci","fecha","desc_dia","fecha_aprox","hora_aprox","desc_ruta","km","cant_participantes","desc_participante","calle_avenida_km","total","heridos_leves","heridos_graves","heridos_gravisimos","ilesos","fallecidos","sin_datos","posicion_XY","desc_tipo_via","desc_ruta_ori","desc_loc","desc_dpto","desc_tipo_calzada","desc_tipo_banquina","desc_unidad_regional","desc_lugar_calzada","desc_zona","desc_prioridad","desc_estado_semaforo","desc_lugar_via","desc_estado_via","desc_estado_visibilidad","desc_luminosidad","desc_estado_clima","desc_tipo_colision","desc_tipo_atropello","desc_tipo_hecho","desc_pres_calzada","desc_senializacion","desc_separacion_via","desc_restriccion"
2016,4208,7/12/2016,"Martes",0,15:30:00,,"0.0",2,"Automóvil,Automóvil","Ayolas Y J.M.de Rosas",3,2,0,0,1,0,0,,"Calle",,"ROSARIO","Rosario","Asfalto","No existe","II","Dentro","Urbana","Ninguna","No existe","Intersección","Bueno","Buena","Diurna","Buen Tiempo","Lateral","S/D","Colisión","S/D","Faltante","Ninguna","Sin restricción"
2016,4209,7/28/2016,"Jueves",0,9:40:00,,"0.0",2,"Moto/Ciclomotor,Moto/Ciclomotor","Av A del Valle Y Huergo",2,1,0,0,1,0,0,,"Avenida",,"SANTA FE","La Capital","Asfalto","No existe","I","Dentro","Urbana","S/D","No existe","Intersección","Bueno","Buena","Diurna","Buen Tiempo","Lateral","S/D","Colisión","Ninguna","Faltante","Cordón divisorio","Sin restricción"
2016,4210,7/11/2016,"Lunes",0,15:10:00,,"0.0",2,"Moto/Ciclomotor,Otros","Bv. Segui Y Laprida",3,2,0,0,1,0,0,,"Calle",,"ROSARIO","Rosario","Asfalto","No existe","II","Dentro","Urbana","Ninguna","No existe","Intersección","Bueno","Buena","Diurna","Buen Tiempo","Lateral","S/D","Colisión","S/D","Faltante","Cordón divisorio","Sin restricción"
2016,4211,7/18/2016,"Lunes",0,22:50:00,,"0.0",2,"Pickup/Utilitario,Moto/Ciclomotor","Calle 102 Y Calle 111",3,2,0,0,1,0,0,,"S/D",,"AVELLANEDA","General Obligado","Asfalto","No existe","IX","S/D","S/D","Ninguna","No existe","Recta","Bueno","Buena","Nocturna,Con luz artificial","Buen Tiempo","Lateral","S/D","Colisión","Ninguna","S/D","Ninguna","Sin restricción"
2016,4212,7/12/2016,"Martes",0,11:10:00,,"0.0",2,"Moto/Ciclomotor,Automóvil","Calle 19-Habegger Y Calle 22- 25 de Mayo",2,1,0,0,0,0,1,,"Calle",,"RECONQUISTA","General Obligado","Asfalto","Pavimento","IX","S/D","Urbana","Ninguna","No existe","Intersección","Bueno","Buena","Diurna","Buen Tiempo","Lateral","S/D","Colisión","Ninguna","Vertical","Ninguna","Sin restricción"
2016,4213,7/1/2016,"Viernes",0,17:15:00,,"0.0",2,"Peatón,Automóvil","Cochabamba Y 1 de Mayo",2,1,0,0,1,0,0,,"Calle",,"ROSARIO","Rosario","Hormigón","S/D","II","Dentro","Urbana","S/D","S/D","Recta","Con baches","Buena","Diurna","Buen Tiempo","S/D","Peatón","Atropello","S/D","S/D","S/D","Sin restricción"
2016,4214,7/26/2016,"Martes",0,,,"0.0",2,"Automóvil,Moto/Ciclomotor","Av Facundo Zuviria Y Luciano Torrent",2,1,0,0,1,0,0,,"Avenida",,"SANTA FE","La Capital","Asfalto","No existe","I","Dentro","Urbana","Semáforo","Funciona","Intersección","Bueno","Buena","Diurna","Buen Tiempo","Lateral","S/D","Colisión","Ninguna","Vertical","Cordón divisorio","Sin restricción"
2016,4215,7/12/2016,"Martes",0,7:25:00,,"0.0",2,"Automóvil,Otros","Sarmiento Y Almte. Brown",2,1,0,0,0,0,1,,"Calle",,"CAÑADA DE GÓMEZ","Iriondo","Asfalto","No existe","X","Dentro","Urbana","Ninguna","No existe","Recta","Bueno","Buena","Atardecer,Con luz artificial","Buen Tiempo","De alcance","S/D","Colisión","Ninguna","Faltante","Ninguna","Sin restricción"
2016,4216,7/24/2016,"Domingo",0,21:15:00,,"0.0",2,"Automóvil,Taxi/Remis","Av A del Valle Y Regis Martinez",3,1,0,0,2,0,0,,"Avenida",,"SANTA FE","La Capital","Asfalto","No existe","I","Dentro","Urbana","Ninguna","No existe","Intersección","Bueno","Buena","Nocturna,Con luz artificial","Buen Tiempo","De alcance","S/D","Colisión","Ninguna","Faltante","Cordón divisorio","Sin restricción"
2016,4217,7/3/2016,"Domingo",0,21:00:00,,"0.0",2,"Moto/Ciclomotor,Pickup/Utilitario","Calle 30 3115",2,1,0,0,1,0,0,,"Calle",,"AVELLANEDA","General Obligado","Tierra","No existe","IX","Dentro","Urbana","Ninguna","No existe","Recta","Bueno","Buena","Diurna","Buen Tiempo","S/D","S/D","Colisión","Ninguna","Faltante","Ninguna","Sin restricción"
2016,4218,7/1/2016,"Viernes",0,18:40:00,,"0.0",2,"Moto/Ciclomotor,Automóvil","Riobamba Y L.N.Alem",2,1,0,0,1,0,0,,"Calle",,"ROSARIO","Rosario","Asfalto","S/D","II","Dentro","Urbana","S/D","S/D","Intersección","Bueno","Buena","Atardecer","Buen Tiempo","S/D","S/D","Colisión","S/D","S/D","S/D","S/D"
2016,4220,7/24/2016,"Domingo",0,22:15:00,,"0.0",2,"Peatón,Moto/Ciclomotor","Av A del Valle 5200",2,1,0,0,1,0,0,,"Avenida",,"SANTA FE","La Capital","Asfalto","No existe","I","Dentro","Urbana","Ninguna","Funciona","Recta","Bueno","Buena","Nocturna","Buen Tiempo","S/D","Peatón","Atropello","Ninguna","Vertical","Cordón divisorio","Sin restricción"
2016,4221,7/2/2016,"Sabado",0,12:20:00,,"0.0",2,"Transporte de Pasajeros Urbano (> 8 asientos),Bicicleta","Buenos Aires Y Bv. 27 De Febrero",2,1,0,0,1,0,0,,"Calle",,"ROSARIO","Rosario","Asfalto","S/D","II","Dentro","Urbana","S/D","S/D","Intersección","Bueno","Buena","Diurna","Buen Tiempo","S/D","Ciclista","Atropello","S/D","S/D","S/D","Sin restricción"
2016,4222,7/25/2016,"Lunes",0,,,"0.0",2,"Automóvil,Moto/Ciclomotor","Calle 11 Y Calle 26",2,1,0,0,1,0,0,,"Calle",,"AVELLANEDA","General Obligado","Asfalto","S/D","IX","Dentro","Urbana","Ninguna","S/D","S/D","Bueno","Buena","Diurna","Buen Tiempo","S/D","S/D","Colisión","S/D","S/D","S/D","Sin restricción"
2016,4223,7/18/2016,"Lunes",0,17:40:00,,"0.0",2,"Pickup/Utilitario,Moto/Ciclomotor","Bv. 27 De Febrero Y Chacabuco",2,1,0,0,1,0,0,,"Calle",,"ROSARIO","Rosario","Asfalto","S/D","II","Dentro","Urbana","S/D","S/D","Intersección","Bueno","Buena","Diurna","Buen Tiempo","S/D","S/D","Colisión","S/D","S/D","S/D","Sin restricción"
2016,4224,7/7/2016,"Jueves",0,13:00:00,,"0.0",2,"Automóvil,Moto/Ciclomotor","7 de Octubre Y San Martin",3,2,0,0,1,0,0,,"Calle",,"CAÑADA DE GÓMEZ","Iriondo","Asfalto","No existe","X","Dentro","Urbana","Ninguna","No existe","Recta","Bueno","Buena","Diurna","Buen Tiempo","Contra objeto fijo","S/D","Colisión","Ninguna","Faltante","Ninguna","Sin restricción"
2016,4225,7/20/2016,"Miercoles",0,16:00:00,,"0.0",2,"Moto/Ciclomotor,Moto/Ciclomotor","Estanislao Zeballos Y Av Facundo Zuviria",2,1,0,0,1,0,0,,"Avenida",,"SANTA FE","La Capital","Asfalto","No existe","I","Dentro","Urbana","Semáforo","Funciona","Intersección","Bueno","Buena","Diurna","Buen Tiempo","Lateral","S/D","Colisión","Ninguna","Vertical","Cordón divisorio","Sin restricción"
2016,4226,7/15/2016,"Viernes",0,16:30:00,,"0.0",2,"Automóvil,Moto/Ciclomotor","Calle 1 ",2,1,0,0,1,0,0,,"Calle",,"AVELLANEDA","General Obligado","Asfalto","Pavimento","IX","Dentro","Urbana","Ninguna","S/D","S/D","Bueno","Buena","Diurna","Buen Tiempo","S/D","S/D","Colisión","Ninguna","S/D","S/D","Sin restricción"
2016,4227,7/3/2016,"Domingo",0,16:02:00,,"0.0",2,"Moto/Ciclomotor,Automóvil","CALLE 21 Y HEROES DE MALVINAS",2,1,0,0,1,0,0,,"Calle",,"AVELLANEDA","General Obligado","Asfalto","Pavimento","IX","Dentro","Urbana","Ninguna","No existe","S/D","Bueno","Buena","Diurna","Buen Tiempo","S/D","S/D","Colisión","Ninguna","S/D","S/D","Sin restricción"
2016,4228,7/20/2016,"Miercoles",0,12:50:00,,"0.0",2,"Moto/Ciclomotor,Automóvil","J Castelli Y 1ro de Mayo",2,1,0,0,1,0,0,,"Calle",,"SANTA FE","La Capital","Asfalto","No existe","I","Dentro","Urbana","Ninguna","No existe","Intersección","Bueno","Buena","Diurna","Buen Tiempo","De alcance,Lateral","S/D","Colisión","S/D","Faltante","Cordón divisorio","Sin restricción"
2016,4229,7/4/2016,"Lunes",0,10:05:00,,"0.0",2,"Moto/Ciclomotor,Automóvil","CAlle 14 80",2,1,0,0,1,0,0,,"Calle",,"AVELLANEDA","General Obligado","Asfalto","S/D","IX","Dentro","Urbana","Ninguna","No existe","S/D","Bueno","Buena","Diurna","Buen Tiempo","S/D","S/D","Colisión","Ninguna","S/D","S/D","Sin restricción"
2016,4230,7/18/2016,"Lunes",0,17:50:00,,"0.0",2,"Automóvil,Moto/Ciclomotor","Riobamba Y Chacabuco",2,1,0,0,1,0,0,,"Calle",,"ROSARIO","Rosario","Asfalto","S/D","II","Dentro","Urbana","S/D","S/D","Intersección","Bueno","Buena","Diurna","Buen Tiempo","S/D","S/D","Colisión","S/D","S/D","S/D","Sin restricción"
2016,4231,7/6/2016,"Miercoles",0,10:00:00,,"0.0",2,"Peatón,Automóvil","Ocampo Y Quintana",3,0,1,0,2,0,0,,"Calle",,"CAÑADA DE GÓMEZ","Iriondo","Asfalto","No existe","X","S/D","Urbana","Ninguna","No existe","Recta","Bueno","Buena","Diurna","Buen Tiempo","S/D","Peatón","Atropello","Ninguna","Faltante","Ninguna","Sin restricción"
2016,4232,7/5/2016,"Martes",0,22:15:00,,"0.0",2,"Moto/Ciclomotor,Pickup/Utilitario","Calle 20 Y Calle 15",2,1,0,0,1,0,0,,"Calle",,"AVELLANEDA","General Obligado","Asfalto","Pavimento","IX","Dentro","Urbana","Ninguna","No existe","S/D","Bueno","Buena","Nocturna,Con luz artificial","Buen Tiempo","S/D","S/D","Colisión","Ninguna","S/D","S/D","Sin restricción"
2016,4233,7/19/2016,"Martes",0,11:50:00,,"0.0",2,"Automóvil,Moto/Ciclomotor","Ituzaingo Y 1 de Mayo",4,2,0,0,2,0,0,,"Calle",,"ROSARIO","Rosario","Asfalto","S/D","II","Dentro","Urbana","S/D","S/D","Intersección","Bueno","Buena","Diurna","Buen Tiempo","S/D","S/D","Colisión","S/D","S/D","S/D","Sin restricción"
2016,4234,7/20/2016,"Miercoles",0,9:30:00,,"0.0",2,"Camión c / Acoplado,Camión c / Acoplado","San Jeronimo Y Quintana",3,2,0,0,1,0,0,,"Calle",,"SANTA FE","La Capital","Asfalto","No existe","I","Dentro","Urbana","Ninguna","No existe","Intersección","Bueno","Buena","Diurna","Buen Tiempo","De alcance","S/D","Colisión","S/D","Faltante","Cordón divisorio","Sin restricción"
2016,4235,7/22/2016,"Viernes",0,20:05:00,"Ruta Nacional 11","0.0",2,"Moto/Ciclomotor,Automóvil","RUTA NAC 11 Y RUTA 31",2,1,0,0,1,0,0,,"Ruta",11,"AVELLANEDA","General Obligado","Asfalto","Pavimento","IX","S/D","Rural","Ninguna","No existe","S/D","Bueno","Buena","Nocturna,Con luz artificial","S/D","S/D","S/D","Colisión","Ninguna","S/D","S/D","Sin restricción"
2016,4236,7/26/2016,"Martes",0,8:50:00,,"0.0",2,"Moto/Ciclomotor,Transporte de Pasajeros Urbano (> 8 asientos)","Bv. 27 De Febrero Y Buenos Aires",2,1,0,0,1,0,0,,"Calle",,"ROSARIO","Rosario","Asfalto","S/D","II","Dentro","Urbana","Ninguna","No existe","Intersección","Bueno","Buena","Diurna","Buen Tiempo","S/D","S/D","Colisión","S/D","S/D","S/D","Sin restricción"
2016,4237,7/26/2016,"Martes",0,12:25:00,,"0.0",2,"Automóvil,Transporte de Pasajeros Urbano (> 8 asientos)","Bv. 27 De Febrero Y L.N.Alem",2,1,0,0,1,0,0,,"Calle",,"ROSARIO","Rosario","Asfalto","S/D","II","Dentro","Urbana","S/D","S/D","Intersección","Bueno","Buena","Diurna","Buen Tiempo","S/D","S/D","Colisión","S/D","S/D","S/D","Sin restricción"
2016,4238,7/19/2016,"Martes",0,14:10:00,,"0.0",1,"Moto/Ciclomotor","Boulevard Centenario Y Boulevard Centenario",1,0,1,0,0,0,0,,"Calle",,"CAÑADA DE GÓMEZ","Iriondo","Hormigón","No existe","X","Dentro","Urbana","Ninguna","No existe","Intersección","Bueno","Buena","Diurna","Buen Tiempo","S/D","S/D","Caída ocupante","Ninguna","Faltante","Ninguna","Sin restricción"
2016,4239,7/12/2016,"Martes",0,22:50:00,"Ruta Provincial 31","0.0",2,"Moto/Ciclomotor,Pickup/Utilitario","CAMINO RURAL MOUSY ",2,1,0,0,1,0,0,,"Ruta",31,"AVELLANEDA","General Obligado","Asfalto,Ripio","S/D","IX","S/D","Rural","Ninguna","No existe","S/D","Bueno","Reducida","Nocturna","Buen Tiempo","S/D","S/D","Colisión","Ninguna","S/D","S/D","S/D"
2016,4240,7/19/2016,"Martes",0,16:20:00,,"0.0",2,"Moto/Ciclomotor,Pickup/Utilitario","J Castelli Y 1ro de Mayo",2,1,0,0,1,0,0,,"Calle",,"SANTA FE","La Capital","Asfalto","No existe","I","Dentro","Urbana","Ninguna","No existe","Intersección","Bueno","Buena","Diurna","Buen Tiempo","Lateral","S/D","Colisión","S/D","Faltante","Cordón divisorio","Sin restricción"
2016,4241,7/22/2016,"Viernes",0,11:35:00,,"0.0",2,"Pickup/Utilitario,Moto/Ciclomotor","Lavalle Y Colon",3,2,0,0,1,0,0,,"Calle",,"CAÑADA DE GÓMEZ","Iriondo","Hormigón","No existe","X","Dentro","Urbana","Ninguna","No existe","Intersección","Bueno","Buena","Diurna","Buen Tiempo","Lateral","S/D","Colisión","Ninguna","Faltante","S/D","S/D"
2016,4242,7/11/2016,"Lunes",0,16:44:00,,"0.0",2,"Automóvil,Moto/Ciclomotor","CALLE SAN MARTIN 1107",2,1,0,0,1,0,0,,"Calle",,"AVELLANEDA","General Obligado","Asfalto","No existe","IX","S/D","Urbana","Ninguna","No existe","S/D","Bueno","Buena","Diurna","Buen Tiempo","Lateral","S/D","Colisión","S/D","S/D","S/D","Sin restricción"
2016,4243,7/24/2016,"Domingo",0,8:00:00,,"0.0",2,"Moto/Ciclomotor,Automóvil","Bv. Segui 500",2,1,0,0,1,0,0,,"Calle",,"ROSARIO","Rosario","Asfalto","No existe","II","Dentro","Urbana","Ninguna","No existe","Intersección","Bueno","Buena","Diurna","Buen Tiempo","Lateral","S/D","Colisión","S/D","Faltante","Cordón divisorio","Sin restricción"
2016,4244,7/19/2016,"Martes",0,16:25:00,,"0.0",2,"Taxi/Remis,Moto/Ciclomotor","Pedro Centeno Y 9 de Julio",2,1,0,0,1,0,0,,"Calle",,"SANTA FE","La Capital","Asfalto","No existe","I","Dentro","Urbana","Ninguna","No existe","Intersección","Bueno","Buena","Diurna","Buen Tiempo","Lateral","S/D","Colisión","S/D","Faltante","Cordón divisorio","Sin restricción"
2016,4245,7/22/2016,"Viernes",0,13:30:00,,"0.0",2,"Moto/Ciclomotor,Automóvil","Bv. Segui Y Maipu",3,2,0,0,1,0,0,,"Calle",,"ROSARIO","Rosario","Asfalto","No existe","II","Dentro","Urbana","S/D","No existe","Intersección","Bueno","Buena","Diurna","S/D","S/D","S/D","Colisión","S/D","Faltante","S/D","S/D"
2016,4246,7/6/2016,"Miercoles",0,17:10:00,"Ruta Nacional 11","873.0",2,"Camión c / Acoplado,Camión Chasis","Ruta Nacional 11 ",2,1,0,0,1,0,0,,"Ruta",11,"VILLA OCAMPO","General Obligado","Asfalto","Natural","IX","Fuera","Rural","Ninguna","No existe","Recta","Resbaladiza","Buena","Diurna","Lluvia","Frontal","S/D","Colisión","Otro","Horizontal","Línea divisoria pintada","Sin restricción"
2016,4247,7/22/2016,"Viernes",0,19:15:00,,"0.0",2,"Pickup/Utilitario,Moto/Ciclomotor","Av San Martin 1200",2,0,1,0,1,0,0,,"Avenida",,"TOTORAS","Iriondo","Asfalto","No existe","X","S/D","Urbana","Semáforo","Funciona","S/D","Bueno","Buena","Con luz artificial","Buen Tiempo","De alcance","S/D","Colisión","Ninguna","Vertical","S/D","Sin restricción"
2016,4248,7/15/2016,"Viernes",0,20:00:00,,"0.0",2,"Bicicleta,Automóvil","L.N.Alem Y Biedma",2,1,0,0,1,0,0,,"Calle",,"ROSARIO","Rosario","Asfalto","No existe","II","Dentro","Urbana","Ninguna","No existe","Recta","Bueno","Buena","Nocturna,Con luz artificial","Buen Tiempo","De alcance","Ciclista","Atropello","S/D","Faltante","Ninguna","Sin restricción"
2016,4249,7/22/2016,"Viernes",0,20:15:00,,"0.0",2,"Moto/Ciclomotor,Automóvil","Bv Santa Fe Y Jorge Newbery",3,2,0,0,1,0,0,,"Avenida",,"RAFAELA","Castellanos","Hormigón","No existe","V","Dentro","Urbana","S/D","No existe","Intersección","Bueno","Buena","Nocturna","Buen Tiempo","Múltiple","S/D","Colisión","Ninguna","Faltante","Línea divisoria pintada","Sin restricción"
2016,4250,7/8/2016,"Viernes",0,20:00:00,,"0.0",2,"Moto/Ciclomotor,Automóvil","Bv Sarmiento Y Rivadavia",2,1,0,0,1,0,0,,"Calle",,"VILLA OCAMPO","General Obligado","Asfalto","Natural","IX","S/D","Urbana","Ninguna","No existe","Intersección","Bueno","Buena","Nocturna","Buen Tiempo","Lateral","S/D","Colisión","Ninguna","Faltante","Ninguna","Sin restricción"
2016,4251,7/13/2016,"Miercoles",0,18:40:00,,"0.0",2,"Moto/Ciclomotor,Moto/Ciclomotor","Av Facundo Zuviria Y Risso",2,2,0,0,0,0,0,,"Avenida",,"SANTA FE","La Capital","Asfalto","No existe","I","Dentro","Urbana","Ninguna","Funciona","Intersección","Bueno","Buena","Atardecer","Buen Tiempo","Lateral","S/D","Colisión","Ninguna","Vertical","Cordón divisorio","Sin restricción"
2016,4252,7/6/2016,"Miercoles",0,14:20:00,,"0.0",2,"Pickup/Utilitario,Moto/Ciclomotor","Mitre Y San Jose",3,2,0,0,1,0,0,,"Calle",,"VILLA ELOÍSA","Iriondo","Ripio","Ripio","X","Dentro","Urbana","Otra Señal","No existe","Intersección","Con baches,Resbaladiza","Reducida polvo","Diurna","Buen Tiempo","Lateral","S/D","Colisión","Material Suelto","Vertical","Ninguna","Sin restricción"
2016,4253,7/20/2016,"Miercoles",0,15:00:00,,"0.0",2,"Moto/Ciclomotor,Automóvil","Maipu Y Saavedra",2,1,0,0,1,0,0,,"Calle",,"ROSARIO","Rosario","Asfalto","No existe","II","Dentro","Urbana","Ninguna","No existe","Intersección","Bueno","Buena","Diurna","Buen Tiempo","S/D","S/D","Colisión","S/D","Faltante","S/D","Sin restricción"
2016,4254,7/9/2016,"Sabado",0,8:15:00,,"0.0",2,"Moto/Ciclomotor,Moto/Ciclomotor","Bv Sarmiento Y Caseros",2,1,0,0,1,0,0,,"Calle",,"VILLA OCAMPO","General Obligado","Hormigón","Natural","IX","Dentro","Urbana","Ninguna","No existe","Intersección","Bueno","Buena","Diurna","Buen Tiempo","Lateral","S/D","Colisión","Ninguna","S/D","Ninguna","Sin restricción"
2016,4255,7/19/2016,"Martes",0,19:30:00,,"0.0",2,"Moto/Ciclomotor,Automóvil","San Martin 2900",2,1,0,0,1,0,0,,"Calle",,"ROSARIO","Rosario","Hormigón","No existe","II","Dentro","Urbana","Ninguna","No existe","Intersección","Bueno","Buena","Atardecer,Con luz artificial","Buen Tiempo","Lateral","S/D","Colisión","S/D","Faltante","Ninguna","Sin restricción"
2016,4256,7/12/2016,"Martes",0,17:05:00,,"0.0",2,"Moto/Ciclomotor,Automóvil","Bv Sarmiento Y Lopez y Planes",3,1,0,0,2,0,0,,"Calle",,"VILLA OCAMPO","General Obligado","Hormigón","Natural","IX","Dentro","Urbana","Ninguna","No existe","Intersección","Bueno","Buena","Diurna","Buen Tiempo","Lateral","S/D","Colisión","Ninguna","S/D","Ninguna","Sin restricción"
2016,4257,7/18/2016,"Lunes",0,19:10:00,,"0.0",2,"Moto/Ciclomotor,Pickup/Utilitario","Bv. Segui Y Buenos Aires",2,1,0,0,1,0,0,,"Calle",,"ROSARIO","Rosario","Asfalto","No existe","II","Dentro","Urbana","Ninguna","No existe","Intersección","Bueno","Buena","Atardecer,Con luz artificial","Buen Tiempo","Lateral","S/D","Colisión","S/D","Faltante","Cordón divisorio","Sin restricción"
2016,4258,7/5/2016,"Martes",0,10:40:00,,"0.0",2,"Automóvil,Automóvil","Belgrano Y Nicolas Avellaneda",3,2,0,0,1,0,0,,"Calle",,"CAÑADA DE GÓMEZ","Iriondo","Asfalto","No existe","X","Dentro","Urbana","Ninguna","No existe","Intersección","Bueno","Buena","Diurna","Buen Tiempo","Frontal","S/D","Colisión","Ninguna","Vertical","Ninguna","Sin restricción"
2016,4259,7/17/2016,"Domingo",0,10:30:00,,"0.0",2,"Peatón,Automóvil","Centeno Y Grandoli",2,1,0,0,1,0,0,,"Calle",,"ROSARIO","Rosario","Asfalto","No existe","II","Dentro","Urbana","Ninguna","No existe","Intersección","Bueno","Buena","Diurna","Buen Tiempo","Lateral","Peatón","Atropello","S/D","Faltante","Cordón divisorio","Sin restricción"
2016,4260,7/17/2016,"Domingo",0,17:40:00,,"0.0",2,"Peatón,Automóvil","Av. Circunvalacion Y Ayolas",2,1,0,0,1,0,0,,"Calle",,"ROSARIO","Rosario","Asfalto","No existe","II","Dentro","Urbana","Ninguna","No existe","Intersección","Bueno","Buena","Diurna","Buen Tiempo","S/D","Peatón","Atropello","S/D","Faltante","Barrera de alto impacto","Sin restricción"
2016,4261,7/28/2016,"Jueves",0,20:05:00,,"0.0",2,"Automóvil,Moto/Ciclomotor","Bv Sarmiento Y Avenida San Martin",3,2,0,0,1,0,0,,"Avenida",,"VILLA OCAMPO","General Obligado","Hormigón","Natural","IX","S/D","Urbana","Ninguna","No existe","Intersección","Bueno","Reducida","Nocturna","Buen Tiempo","Lateral","S/D","Colisión","Ninguna","S/D","Ninguna","Sin restricción"
2016,4262,7/7/2016,"Jueves",0,8:40:00,,"0.0",2,"Moto/Ciclomotor,Automóvil","Angel Cassanello Y 4 de Enero",3,2,0,0,1,0,0,,"Calle",,"SANTA FE","La Capital","Asfalto","No existe","I","Dentro","Urbana","Ninguna","No existe","Intersección","Bueno","Buena","Diurna","Buen Tiempo","Lateral","S/D","Colisión","S/D","Faltante","Cordón divisorio","Sin restricción"
2016,4263,7/28/2016,"Jueves",0,17:50:00,,"0.0",2,"Automóvil,Moto/Ciclomotor","Regis Martinez Y San Jeronimo",2,1,0,0,1,0,0,,"Calle",,"SANTA FE","La Capital","Asfalto","No existe","I","Dentro","Urbana","Ninguna","No existe","Intersección","Bueno","Buena","Diurna","Buen Tiempo","Lateral","S/D","Colisión","S/D","Faltante","Cordón divisorio","Sin restricción"
2016,4264,7/3/2016,"Domingo",0,21:35:00,,"0.0",2,"Bicicleta,Automóvil","Vicente Lopez Y Boulevard Villada",2,1,0,0,1,0,0,,"Calle",,"CASILDA","Caseros","Asfalto","No existe","IV","Dentro","Urbana","Ninguna","No existe","Intersección","Bueno","Buena","Nocturna,Con luz artificial","Niebla","Lateral","Ciclista","Atropello","S/D","Vertical","Ninguna","Sin restricción"
2016,4265,7/6/2016,"Miercoles",0,20:00:00,,"0.0",2,"Moto/Ciclomotor,Automóvil","Pedro Diaz Colodrero Y 1ro de Mayo",2,1,0,0,1,0,0,,"Calle",,"SANTA FE","La Capital","Asfalto","No existe","I","Dentro","Urbana","Ninguna","No existe","Intersección","Bueno","Buena","Nocturna,Con luz artificial","Buen Tiempo","Lateral","S/D","Colisión","S/D","Faltante","Cordón divisorio","Sin restricción"
2016,4266,7/1/2016,"Viernes",0,8:00:00,,"0.0",2,"Camión,Automóvil"," ",4,2,1,0,1,0,0,,"S/D",,"VILLA GOBERNADOR GÁLVEZ","Rosario","Asfalto","Natural","II","Dentro","S/D","Ninguna","No existe","Recta","Bueno","Buena","Diurna","Otro","Otro","S/D","Colisión","Ninguna","Faltante","Ninguna","Sin restricción"
2016,4267,7/17/2016,"Domingo",0,10:35:00,,"0.0",2,"Pickup/Utilitario,Moto/Ciclomotor","Boulevard Ovidio Lagos Y San Juan",3,1,0,0,0,0,2,,"Avenida",,"CASILDA","Caseros","Asfalto","No existe","IV","S/D","Urbana","Ninguna","No existe","Intersección","Bueno","Buena","Diurna","Buen Tiempo","Lateral","S/D","Colisión","Ninguna","Vertical","Ninguna","Sin restricción"
2016,4268,7/4/2016,"Lunes",0,5:55:00,,"0.0",2,"Moto/Ciclomotor,Automóvil","Mendoza Y Boulevard 25 de Mayo",2,1,0,0,1,0,0,,"Calle",,"CASILDA","Caseros","Asfalto","No existe","IV","Dentro","Urbana","Ninguna","No existe","Intersección","Bueno","Buena","Nocturna,Con luz artificial","Buen Tiempo","Lateral","S/D","Colisión","S/D","Vertical","Ninguna","Sin restricción"
2016,4269,7/5/2016,"Martes",0,12:00:00,,"0.0",2,"Automóvil,Moto/Ciclomotor"," General Martin Miguel de Guem Y 1 de Mayo",2,1,0,0,1,0,0,,"Calle",,"CASILDA","Caseros","Asfalto","No existe","IV","Dentro","Urbana","Ninguna","No existe","Intersección","Bueno","Buena","Diurna","Buen Tiempo","Lateral","S/D","Colisión","S/D","Vertical","Ninguna","Sin restricción"
2016,4270,7/5/2016,"Martes",0,20:10:00,,"0.0",2,"Automóvil,Automóvil"," ",4,1,0,0,3,0,0,,"S/D",,"PUEBLO ESTHER","Rosario","S/D","Pavimento","II","S/D","Urbana","Ninguna","No existe","Intersección","S/D","Reducida","Atardecer","S/D","Lateral","S/D","Colisión","S/D","Faltante","Cordón divisorio","S/D"
2016,4271,7/16/2016,"Sabado",0,,,"0.0",2,"Automóvil,Moto/Ciclomotor","Presidente Bernardino Rivadavi 1800",2,2,0,0,0,0,0,,"Calle",,"CASILDA","Caseros","Asfalto","No existe","IV","S/D","Urbana","Ninguna","No existe","Recta","Bueno","Buena","S/D","Buen Tiempo","Lateral","S/D","Colisión","Ninguna","Vertical","Ninguna","Sin restricción"
2016,4272,7/7/2016,"Jueves",0,9:35:00,,"0.0",2,"Automóvil,Automóvil","Boulevard Ovidio Lagos Y Dante Alighieri",2,1,0,0,1,0,0,,"Calle",,"CASILDA","Caseros","Asfalto","No existe","IV","Dentro","Urbana","Ninguna","No existe","Intersección","Bueno","Buena","Diurna","Buen Tiempo","Lateral","S/D","Colisión","S/D","Vertical","Vegetación","Sin restricción"
2016,4273,7/7/2016,"Jueves",0,8:30:00,,"0.0",2,"Bicicleta,Pickup/Utilitario","Buenos Aires 2700",2,1,0,0,1,0,0,,"Calle",,"CASILDA","Caseros","Asfalto","No existe","IV","Dentro","Urbana","Ninguna","No existe","Recta","Bueno","Buena","Diurna","Buen Tiempo","S/D","Ciclista","Atropello","S/D","Vertical","Línea divisoria pintada","Sin restricción"