"anio_acci","nro_acci","fecha","desc_dia","fecha_aprox","hora_aprox","desc_ruta","km","cant_participantes","desc_participante","calle_avenida_km","total","heridos_leves","heridos_graves","heridos_gravisimos","ilesos","fallecidos","sin_datos","posicion_XY","desc_tipo_via","desc_ruta_ori","desc_loc","desc_dpto","desc_tipo_calzada","desc_tipo_banquina","desc_unidad_regional","desc_lugar_calzada","desc_zona","desc_prioridad","desc_estado_semaforo","desc_lugar_via","desc_estado_via","desc_estado_visibilidad","desc_luminosidad","desc_estado_clima","desc_tipo_colision","desc_tipo_atropello","desc_tipo_hecho","desc_pres_calzada","desc_senializacion","desc_separacion_via","desc_restriccion"
2016,4274,7/20/2016,"Miercoles",0,17:20:00,,"0.0",2,"Moto/Ciclomotor,Pickup/Utilitario","Cerrito Y Mendoza",2,1,0,1,0,0,0,,"Calle",,"CASILDA","Caseros","Asfalto","No existe","IV","S/D","Urbana","Ninguna","No existe","Intersección","Bueno","Buena","Diurna","Buen Tiempo","Lateral","S/D","Colisión","Ninguna","S/D","Ninguna","Sin restricción"
2016,4275,7/8/2016,"Viernes",0,20:00:00,,"0.0",2,"Moto/Ciclomotor,Automóvil","Rivadavia Y Bv Sarmiento",2,1,0,0,1,0,0,,"S/D",,"VILLA OCAMPO","General Obligado","Asfalto","Natural","IX","Dentro","Urbana","Ninguna","No existe","Intersección","Bueno","Buena","Nocturna","Buen Tiempo","Lateral","S/D","Colisión","Ninguna","Vertical","Vegetación","Sin restricción"
2016,4276,7/8/2016,"Viernes",0,9:40:00,,"0.0",2,"Moto/Ciclomotor,Automóvil","Mariano Moreno Y Pedernera",2,1,0,0,1,0,0,,"Calle",,"CASILDA","Caseros","Asfalto","No existe","IV","Dentro","Urbana","Ninguna","No existe","Intersección","Con baches","Buena","Diurna","Buen Tiempo","Frontal","S/D","Colisión","Material Suelto","Vertical","Ninguna","Sin restricción"
2016,4277,7/6/2016,"Miercoles",0,15:00:00,,"0.0",2,"Moto/Ciclomotor,Automóvil","Juan Del Campillo Y San Martin",4,2,0,0,2,0,0,,"Calle",,"SANTA FE","La Capital","Asfalto","No existe","I","Dentro","Urbana","Ninguna","No existe","Intersección","Bueno","Buena","Diurna","Buen Tiempo","Lateral","S/D","Colisión","Ninguna","Faltante","Cordón divisorio","Sin restricción"
2016,4278,7/22/2016,"Viernes",0,10:30:00,,"0.0",2,"Moto/Ciclomotor,Automóvil","Mariano Moreno Y Mendoza",2,1,0,0,0,0,1,,"Calle",,"CASILDA","Caseros","Asfalto","No existe","IV","S/D","Urbana","Ninguna","No existe","Recta","Bueno","Buena","Diurna","Buen Tiempo","De alcance","S/D","Colisión","Ninguna","Vertical","Ninguna","Sin restricción"
2016,4279,7/9/2016,"Sabado",0,8:15:00,,"0.0",2,"Moto/Ciclomotor,Moto/Ciclomotor","Bv Sarmiento Y Caseros",3,1,0,0,2,0,0,,"S/D",,"VILLA OCAMPO","General Obligado","Asfalto","Pavimento","IX","S/D","S/D","Ninguna","No existe","Intersección","Bueno","Buena","Diurna","Buen Tiempo","De alcance","S/D","Colisión","Ninguna","Faltante","Línea divisoria pintada","Sin restricción"
2016,4280,7/8/2016,"Viernes",0,17:00:00,,"0.0",2,"Automóvil,Pickup/Utilitario","Boulevard Ovidio Lagos Y Mendoza",2,1,0,0,1,0,0,,"Calle",,"CASILDA","Caseros","Asfalto","No existe","IV","Dentro","Urbana","Ninguna","No existe","Recta","Bueno","Buena","Diurna","Buen Tiempo","De alcance","S/D","Colisión","S/D","Vertical","Ninguna","Sin restricción"
2016,4281,7/6/2016,"Miercoles",0,8:50:00,,"0.0",2,"Automóvil,Moto/Ciclomotor","Av Facundo Zuviria Y Iturraspe",2,1,0,0,1,0,0,,"Avenida",,"SANTA FE","La Capital","Asfalto","No existe","I","S/D","Urbana","Semáforo","Funciona","Intersección","Bueno","Buena","Diurna","Buen Tiempo","Lateral","S/D","Colisión","Ninguna","Vertical","Cordón divisorio","Sin restricción"
2016,4282,7/6/2016,"Miercoles",0,10:00:00,,"0.0",2,"Moto/Ciclomotor,Automóvil","J Castelli Y Pje Jorge Raul Rodriguez",3,2,0,0,1,0,0,,"Calle",,"SANTA FE","La Capital","Asfalto","No existe","I","Dentro","Urbana","Ninguna","No existe","Intersección","Bueno","Buena","Diurna","Buen Tiempo","Lateral","S/D","Colisión","Ninguna","Faltante","Cordón divisorio","Sin restricción"
2016,4283,7/9/2016,"Sabado",0,19:15:00,"Ruta Secundaria 32-s","0.0",1,"Moto/Ciclomotor","Bv Sarmiento ",1,1,0,0,0,0,0,,"Ruta","32-s","VILLA OCAMPO","General Obligado","Hormigón","Natural","IX","Fuera","Urbana","Otra Señal","No existe","Recta","Deteriorada","Reducida","Nocturna","Viento Fuerte","Contra objeto fijo","S/D","Colisión","Material Suelto","Vertical","Línea divisoria pintada","Obra en Construcción"
2016,4284,7/9/2016,"Sabado",0,12:15:00,,"0.0",2,"Moto/Ciclomotor,Automóvil","Ayacucho Y Buenos Aires",3,2,0,0,1,0,0,,"Calle",,"CASILDA","Caseros","Asfalto","No existe","IV","Dentro","Urbana","Ninguna","No existe","Intersección","Bueno","Buena","Diurna","Buen Tiempo","Lateral","S/D","Colisión","S/D","Vertical","Ninguna","Sin restricción"
2016,4285,7/4/2016,"Lunes",0,20:50:00,,"0.0",2,"Automóvil,Moto/Ciclomotor","AV A DEL VALLE Y P. CENTENO",2,1,0,0,1,0,0,,"Avenida",,"SANTA FE","La Capital","Asfalto","No existe","I","Dentro","Urbana","Semáforo","Funciona","Intersección","Bueno","Buena","Nocturna,Con luz artificial","Buen Tiempo","Lateral","S/D","Colisión","Ninguna","Vertical","Cordón divisorio","Sin restricción"
2016,4286,7/11/2016,"Lunes",0,9:35:00,,"0.0",2,"Peatón,Automóvil","Doctor Estanislao Zeballos Sev Y Vicente Lopez",2,1,0,0,1,0,0,,"Calle",,"CASILDA","Caseros","Asfalto","No existe","IV","Dentro","Urbana","Ninguna","No existe","Intersección","Bueno","Buena","Diurna","Buen Tiempo","Lateral","Peatón","Atropello","S/D","Vertical","Ninguna","Sin restricción"
2016,4287,7/26/2016,"Martes",0,14:30:00,,"0.0",2,"Taxi/Remis,Moto/Ciclomotor","Mendoza Y Boulevard 25 de Mayo",2,1,0,0,1,0,0,,"Calle",,"CASILDA","Caseros","Asfalto","No existe","IV","S/D","Urbana","Ninguna","No existe","Intersección","Bueno","Buena","Diurna","Buen Tiempo","Lateral","S/D","Colisión","Ninguna","Vertical","Ninguna","Sin restricción"
2016,4288,7/12/2016,"Martes",0,17:05:00,,"0.0",2,"Moto/Ciclomotor,Automóvil","Lopez y Planes 1238",3,2,0,0,1,0,0,,"Calle",,"VILLA OCAMPO","General Obligado","Hormigón","Natural","IX","Dentro","Urbana","Ninguna","No existe","Intersección","Resbaladiza","Reducida","Diurna","Buen Tiempo","Lateral","S/D","Colisión","Material Suelto","Faltante","Ninguna","Sin restricción"
2016,4289,7/27/2016,"Miercoles",0,22:00:00,,"0.0",2,"Automóvil,Pickup/Utilitario","España Y Boulevard Cristobal Colon",2,1,0,0,1,0,0,,"Calle",,"CASILDA","Caseros","Asfalto","No existe","IV","Dentro","Urbana","Ninguna","No existe","Recta","Bueno","Buena","Nocturna,Con luz artificial","Buen Tiempo","Lateral","S/D","Colisión","S/D","Vertical","Ninguna","Sin restricción"
2016,4290,7/4/2016,"Lunes",0,16:10:00,,"0.0",2,"Pickup/Utilitario,Moto/Ciclomotor","AV A DEL VALLE Y P. CENTENO",2,1,0,0,1,0,0,,"Avenida",,"SANTA FE","La Capital","Asfalto","No existe","I","Dentro","Urbana","Semáforo","Funciona","Intersección","Bueno","Buena","Diurna","Buen Tiempo","Lateral","S/D","Colisión","Ninguna","Vertical","Cordón divisorio,Línea divisoria pintada","Sin restricción"
2016,4291,7/28/2016,"Jueves",0,19:15:00,,"0.0",3,"Automóvil,Automóvil,Moto/Ciclomotor","General Bartolome Mitre Y Buenos Aires",3,1,0,0,2,0,0,,"Calle",,"CASILDA","Caseros","Asfalto","No existe","IV","Dentro","Urbana","Marca Vial","Funciona","Recta","Bueno","Buena","Diurna","Buen Tiempo","Frontal","S/D","Colisión","Ninguna","Vertical","Ninguna","Desvío Provisorio"
2016,4292,7/20/2016,"Miercoles",0,20:10:00,,"0.0",2,"Automóvil,Moto/Ciclomotor","Fray Luis Beltran Y Garibaldi",2,1,0,0,1,0,0,,"Calle",,"CASILDA","Caseros","Asfalto","No existe","IV","Dentro","Urbana","Ninguna","No existe","Recta","Bueno","Buena","Diurna","Buen Tiempo","Frontal","S/D","Colisión","S/D","Vertical","Ninguna","Sin restricción"
2016,4293,7/28/2016,"Jueves",0,20:00:00,,"0.0",2,"Automóvil,Moto/Ciclomotor","Bv Sarmiento Y Avenida San Martin",3,2,0,0,1,0,0,,"Avenida",,"VILLA OCAMPO","General Obligado","Asfalto","Natural","IX","S/D","Urbana","Ninguna","No existe","Intersección","Bueno","Buena","Nocturna","Buen Tiempo","Lateral","S/D","Colisión","Ninguna","Horizontal","Vegetación","Sin restricción"
2016,4294,7/11/2016,"Lunes",0,13:30:00,,"0.0",1,"Moto/Ciclomotor","Boulevard Ovidio Lagos Y Doctor Estanislao Zeballos Sev",2,2,0,0,0,0,0,,"Calle",,"CASILDA","Caseros","Asfalto","No existe","IV","Dentro","Urbana","Ninguna","No existe","Intersección","Bueno","Buena","Diurna","Lluvia","S/D","S/D","Caída ocupante","S/D","Vertical","Ninguna","Sin restricción"
2016,4295,7/1/2016,"Viernes",0,11:00:00,,"0.0",2,"Bicicleta,Automóvil","M De Polonia Y San Jeronimo",2,1,0,0,1,0,0,,"Calle",,"SANTA FE","La Capital","Asfalto","No existe","I","Dentro","Urbana","Ninguna","No existe","S/D","Bueno","Buena","Diurna","Buen Tiempo","S/D","Ciclista","Atropello","Ninguna","S/D","Cordón divisorio","Sin restricción"
2016,4296,7/1/2016,"Viernes",0,19:15:00,,"0.0",2,"Automóvil,Bicicleta"," General Juan Las Heras 3100",2,0,1,0,1,0,0,,"Calle",,"CASILDA","Caseros","Asfalto","Pavimento","IV","Dentro","Urbana","Ninguna","No existe","Recta","Bueno","Buena","Atardecer,Con luz artificial","Buen Tiempo","S/D","Ciclista","Atropello","Ninguna","Vertical","S/D","Sin restricción"
2016,4297,7/2/2016,"Sabado",0,6:30:00,,"0.0",2,"Transporte de Pasajeros Urbano (> 8 asientos),Automóvil","AV A DEL VALLE Y P. CENTENO",2,1,0,0,1,0,0,,"Avenida",,"SANTA FE","La Capital","Asfalto","No existe","I","S/D","Urbana","Semáforo","Funciona","S/D","Bueno","Buena","Diurna","Buen Tiempo","Lateral","S/D","Colisión","S/D","Vertical","Cordón divisorio","Sin restricción"
2016,4298,7/1/2016,"Viernes",0,19:50:00,,"0.0",2,"Bicicleta,Automóvil","Mendoza Y General Manuel Belgrano",2,1,0,0,1,0,0,,"Calle",,"CASILDA","Caseros","Asfalto","No existe","IV","S/D","Urbana","Ninguna","No existe","Intersección","Bueno","Buena","Atardecer,Con luz artificial","Buen Tiempo","S/D","Ciclista","Atropello","Ninguna","Vertical","Ninguna","Sin restricción"
2016,4299,7/11/2016,"Lunes",0,10:30:00,,"0.0",2,"Taxi/Remis,Automóvil","Tucuman Y San Lorenzo",3,2,0,0,1,0,0,,"Calle",,"CASILDA","Caseros","Asfalto","No existe","IV","Dentro","Urbana","Ninguna","No existe","Intersección","Bueno","Buena","Diurna","Buen Tiempo","Lateral","S/D","Colisión","S/D","Vertical","Ninguna","Sin restricción"
2016,4300,7/21/2016,"Jueves",0,3:20:00,"Ruta Nacional 11","807.0",2,"Automóvil,Camión c / Acoplado"," ",6,1,0,0,5,0,0,,"Ruta",11,"AVELLANEDA","General Obligado","Asfalto","Natural","IX","S/D","Rural","Ninguna","No existe","Curva","Bueno","Buena","Nocturna","Buen Tiempo","Lateral","S/D","Colisión","Ninguna","Horizontal","Línea divisoria pintada","Sin restricción"
2016,4301,7/11/2016,"Lunes",0,22:30:00,,"0.0",2,"Pickup/Utilitario,Moto/Ciclomotor","General Jose de San Martin Y  General Martin Miguel de Guem",3,3,0,0,0,0,0,,"Calle",,"CASILDA","Caseros","Asfalto","No existe","IV","Dentro","Urbana","Ninguna","No existe","Intersección","Bueno","Buena","Nocturna,Con luz artificial","Buen Tiempo","S/D","S/D","Colisión","S/D","Vertical","Ninguna","Sin restricción"
2016,4302,7/23/2016,"Sabado",0,11:10:00,,"0.0",2,"Automóvil,Automóvil","Buenos Aires Y Chacabuco",3,1,0,0,0,0,2,,"Calle",,"CASILDA","Caseros","Asfalto","No existe","IV","S/D","Urbana","Ninguna","No existe","Recta","Bueno","Buena","Diurna","Buen Tiempo","Lateral","S/D","Colisión","Ninguna","Vertical","Ninguna","Sin restricción"
2016,4303,7/1/2016,"Viernes",0,20:55:00,,"0.0",2,"Automóvil,Moto/Ciclomotor","Vicente Lopez Y Boulevard Lisandro de la Torre",2,1,0,0,1,0,0,,"Avenida",,"CASILDA","Caseros","Asfalto","No existe","IV","S/D","Urbana","Ninguna","No existe","Intersección","Bueno","Buena","Nocturna,Con luz artificial","Buen Tiempo","Lateral","S/D","Colisión","Ninguna","Vertical","Ninguna","Sin restricción"
2016,4304,7/13/2016,"Miercoles",0,21:10:00,,"0.0",2,"Moto/Ciclomotor,Automóvil","Buenos Aires Y Washington",2,0,0,1,1,0,0,,"Calle",,"CASILDA","Caseros","Asfalto","No existe","IV","Dentro","Urbana","Ninguna","No existe","Intersección","Bueno","Buena","Nocturna,Con luz artificial","Buen Tiempo","De alcance","S/D","Colisión","S/D","Vertical","Ninguna","Sin restricción"
2016,4305,7/3/2016,"Domingo",0,20:20:00,"Ruta Nacional 34","129.0",2,"Automóvil,Peatón"," ",2,1,0,0,1,0,0,,"Ruta",34,"CAÑADA ROSQUÍN","San Martín","Asfalto","Ripio","XVIII","Fuera","S/D","Ninguna","No existe","Recta","Bueno","Buena","Con luz artificial","Buen Tiempo","Otro","Peatón","Atropello","Ninguna","Horizontal","Línea divisoria pintada","Sin restricción"
2016,4306,7/24/2016,"Domingo",0,14:30:00,,"0.0",2,"Taxi/Remis,Automóvil","Junin Y Echeverria Bis",3,1,0,0,2,0,0,,"Calle",,"ROSARIO","Rosario","Asfalto","No existe","II","S/D","Urbana","S/D","S/D","Intersección","S/D","S/D","Diurna","S/D","S/D","S/D","Colisión","S/D","S/D","Ninguna","S/D"
2016,4307,7/21/2016,"Jueves",0,19:00:00,,"0.0",2,"Otros,Moto/Ciclomotor","Mendoza Y Presidente Bernardino Rivadavi",2,1,0,0,0,0,1,,"Calle",,"CASILDA","Caseros","S/D","No existe","IV","S/D","Urbana","Ninguna","No existe","S/D","Bueno","Buena","Nocturna,Con luz artificial","Buen Tiempo","Lateral","S/D","Colisión","Ninguna","Vertical","Ninguna","Sin restricción"
2016,4308,7/17/2016,"Domingo",0,10:40:00,,"0.0",2,"Automóvil,Moto/Ciclomotor","Boulevard 9 de julio Y Boulevard Lisandro de la Torre",3,2,0,0,0,0,1,,"Calle",,"CASILDA","Caseros","Asfalto","No existe","IV","Dentro","Urbana","Ninguna","No existe","Intersección","Bueno","Buena","Diurna","Buen Tiempo","Lateral","S/D","Colisión","S/D","Vertical","Ninguna","Sin restricción"
2016,4309,7/17/2016,"Domingo",0,20:05:00,,"0.0",2,"Moto/Ciclomotor,Peatón","Simon de Iriondo Y Federico Meiners",3,3,0,0,0,0,0,,"Calle",,"ESPERANZA","Las Colonias","Asfalto","S/D","XI","Dentro","Urbana","Ninguna","No existe","Intersección","Bueno","Buena","Nocturna,Con luz artificial","Buen Tiempo","S/D","Peatón","Atropello","Ninguna","Vertical","Ninguna","Sin restricción"
2016,4310,7/1/2016,"Viernes",0,23:30:00,,"0.0",2,"Taxi/Remis,Vehículo Oficial","San Jeronimo Y Gutierrez",3,3,0,0,0,0,0,,"Calle",,"SANTA FE","La Capital","Asfalto","No existe","I","Dentro","Urbana","Ninguna","No existe","Intersección","Bueno","Buena","Nocturna,Con luz artificial","Buen Tiempo","Otro","S/D","Colisión","Ninguna","Faltante","Cordón divisorio","Sin restricción"
2016,4311,7/1/2016,"Viernes",0,18:00:00,,"0.0",2,"Otros,Automóvil","Azcuenaga 4000",2,1,0,0,1,0,0,,"Calle",,"SANTA FE","La Capital","Asfalto","Natural","I","Dentro","Urbana","Ninguna","No existe","Recta","Bueno","Buena","Diurna","Buen Tiempo","S/D","S/D","Colisión","S/D","Faltante","Cordón divisorio","Sin restricción"
2016,4312,7/29/2016,"Viernes",0,16:00:00,,"0.0",2,"Moto/Ciclomotor,Pickup/Utilitario","1ro de Mayo Y Sarmiento",2,0,1,0,1,0,0,,"Calle",,"NELSON","La Capital","Ripio","No existe","I","Dentro","Urbana","Ninguna","No existe","Intersección","Bueno","Buena","Diurna","Buen Tiempo","Lateral","S/D","Colisión","S/D","Faltante","Ninguna","Sin restricción"
2016,4313,7/21/2016,"Jueves",0,16:30:00,"Ruta Nacional 11","806.8",2,"Moto/Ciclomotor,Automóvil"," ",5,1,0,0,4,0,0,,"Ruta",11,"AVELLANEDA","General Obligado","Asfalto","Natural","IX","S/D","Rural","Ninguna","No existe","Recta","Bueno","Buena","Diurna","Buen Tiempo","Frontal","S/D","Colisión","Ninguna","Vertical","Línea divisoria pintada","Sin restricción"
2016,4314,7/24/2016,"Domingo",0,20:10:00,,"0.0",2,"Bicicleta,Automóvil","Diaz Velez Y  General Martin Miguel de Guem",3,2,0,0,0,0,1,,"Calle",,"CASILDA","Caseros","Tierra","Natural","IV","S/D","Urbana","Ninguna","No existe","Recta","Con baches","Reducida","Nocturna","Buen Tiempo","S/D","Ciclista","Atropello","Material Suelto","Faltante","Ninguna","Sin restricción"
2016,4315,7/26/2016,"Martes",0,13:10:00,"Ruta Nacional 11","751.0",1,"Automóvil"," ",2,1,1,0,0,0,0,,"Ruta",11,"NELSON","La Capital","Asfalto","No existe","I","Dentro","Urbana","Ninguna","No existe","Puente","Bueno","Buena","Diurna","Viento Fuerte","S/D","S/D","Vuelco","Material Suelto","Horizontal","Línea divisoria pintada","Sin restricción"
2016,4316,7/22/2016,"Viernes",0,12:30:00,,"0.0",2,"Moto/Ciclomotor,Automóvil","Santa Fe 400",4,2,0,0,2,0,0,,"Calle",,"RECREO","La Capital","Tierra","Natural","I","Dentro","Urbana","Ninguna","No existe","Recta","Bueno","Buena","Diurna","Buen Tiempo","Lateral","S/D","Colisión","S/D","Faltante","Ninguna","Sin restricción"
2016,4317,7/20/2016,"Miercoles",0,14:00:00,,"0.0",2,"Automóvil,Pickup/Utilitario","Sargento Juan Bautista Cabral Y Boulevard Villada",3,3,0,0,0,0,0,,"Avenida",,"CASILDA","Caseros","Asfalto","No existe","IV","S/D","Urbana","Ninguna","No existe","Intersección","Bueno","Buena","Diurna","Buen Tiempo","Lateral","S/D","Colisión","Ninguna","Vertical","Ninguna","Sin restricción"
2016,4318,7/12/2016,"Martes",0,20:30:00,,"0.0",2,"Moto/Ciclomotor,Automóvil","Lehman 1400",3,2,0,0,1,0,0,,"Calle",,"RECREO","La Capital","Asfalto","Natural","I","Dentro","Urbana","Ninguna","No existe","Recta","Deteriorada","Reducida","Nocturna,Con luz artificial","Buen Tiempo","Lateral","S/D","Colisión","S/D","Faltante","Ninguna","Sin restricción"
2016,4319,7/27/2016,"Miercoles",0,20:20:00,"Ruta Nacional 19","10.5",2,"Automóvil,Camión"," ",5,3,1,0,1,0,0,,"Ruta",19,"SAN AGUSTÍN","Las Colonias","Asfalto","Natural","IX","Dentro","Rural","Ninguna","No existe","Recta","Bueno","Buena","Nocturna","Buen Tiempo","Otro","S/D","Colisión","Ninguna","S/D","Vegetación","Sin restricción"
2016,4320,7/30/2016,"Sabado",0,6:20:00,"Ruta Provincial 70","14.0",2,"Pickup/Utilitario,Automóvil"," ",4,3,0,0,1,0,0,,"Ruta",70,"ESPERANZA","Las Colonias","Asfalto","Natural","XI","Dentro","Urbana","Ninguna","No existe","Recta","Bueno","Reducida","Nocturna","Buen Tiempo","De alcance","S/D","Colisión","S/D","Vertical","Ninguna","Sin restricción"
2016,4321,7/12/2016,"Martes",0,8:50:00,,"0.0",2,"Bicicleta,Automóvil","Calle 24 - Olessio Y Calle 11-Alvear",2,1,0,0,1,0,0,,"Calle",,"RECONQUISTA","General Obligado","Asfalto","Pavimento","IX","Dentro","Urbana","Ninguna","No existe","Intersección","Bueno","Buena","Diurna","Buen Tiempo","Lateral","Ciclista","Atropello","S/D","Horizontal","Ninguna","Sin restricción"
2016,4322,7/30/2016,"Sabado",0,17:00:00,"Ruta Nacional 11","0.0",2,"Automóvil,Automóvil","Calle 47-Islas Malvinas ",2,1,0,0,1,0,0,,"Ruta",11,"RECONQUISTA","General Obligado","Asfalto","Natural","IX","Dentro","Urbana","Semáforo","No existe","Recta","Bueno","Buena","Diurna","Buen Tiempo","Frontal","S/D","Colisión","S/D","Horizontal","Guardarrail","Sin restricción"
2016,4323,7/28/2016,"Jueves",0,13:47:00,,"0.0",2,"Moto/Ciclomotor,Automóvil","Calle 75-Lisandro de la Torre ",5,1,1,0,3,0,0,,"Calle",,"RECONQUISTA","General Obligado","Asfalto","Natural","IX","Dentro","Urbana","Semáforo","Intermitente","Intersección","Bueno","Buena","Diurna","Buen Tiempo","Lateral","S/D","Colisión","S/D","Vertical","Ninguna","Sin restricción"
2016,4324,7/26/2016,"Martes",0,,"Ruta Nacional 11","0.0",2,"Bicicleta,Moto/Ciclomotor","Calle 16-Obligado ",2,2,0,0,0,0,0,,"Ruta",11,"RECONQUISTA","General Obligado","Asfalto","Natural","IX","Dentro","Urbana","Ninguna","No existe","Recta","Bueno","Buena","Amanecer","Buen Tiempo","De alcance","Ciclista","Atropello","S/D","S/D","Línea divisoria pintada","Sin restricción"
2016,4325,7/19/2016,"Martes",0,22:00:00,,"0.0",2,"Otros,Moto/Ciclomotor","Calle 47-Islas Malvinas Y Calle 36 Entre Rios",2,0,1,0,0,0,1,,"Calle",,"RECONQUISTA","General Obligado","Asfalto","No existe","II","Dentro","Urbana","Ninguna","No existe","Intersección","Deteriorada","Buena","Nocturna,Con luz artificial","Buen Tiempo","De alcance","S/D","Colisión","S/D","S/D","Ninguna","Sin restricción"
2016,4326,7/15/2016,"Viernes",0,23:45:00,,"0.0",1,"Moto/Ciclomotor","Calle 47-Islas Malvinas Y Pasaje 40-42 Tucuman",1,1,0,0,0,0,0,,"Calle",,"RECONQUISTA","General Obligado","Asfalto","No existe","IX","Dentro","Urbana","Marca Vial","No existe","Intersección","Deteriorada","Reducida","Nocturna","S/D","S/D","S/D","Caída ocupante","Material Suelto","Faltante","Ninguna","S/D"
2016,4327,7/18/2016,"Lunes",0,13:10:00,,"0.0",2,"Automóvil,Moto/Ciclomotor","Calle 24 - Olessio Y Calle 45-Islas Georgias del S",2,0,1,0,1,0,0,,"Calle",,"RECONQUISTA","General Obligado","S/D","S/D","IX","Dentro","Urbana","Ninguna","S/D","Recta","Bueno","Buena","Diurna","Buen Tiempo","S/D","S/D","Colisión","S/D","Faltante","Ninguna","Sin restricción"
2016,4328,7/9/2016,"Sabado",0,1:05:00,,"0.0",2,"Peatón,Automóvil","Calle 24-Alessio Y Calle 45-47 Paraguay",2,1,0,0,1,0,0,,"Calle",,"RECONQUISTA","General Obligado","Asfalto","No existe","IX","Dentro","Urbana","Ninguna","No existe","Recta","Bueno","Reducida","Nocturna","Lluvia","S/D","Peatón","Atropello","Agua","Faltante","Ninguna","Sin restricción"
2016,4329,7/5/2016,"Martes",0,12:40:00,"Ruta Nacional 11","45.0",2,"Moto/Ciclomotor,Automóvil"," ",2,1,0,0,1,0,0,,"Ruta",11,"RECONQUISTA","General Obligado","Asfalto","Pavimento","IX","Dentro","Urbana","Ninguna","No existe","Recta","Bueno","Buena","Nocturna,Con luz artificial","Buen Tiempo","De alcance","S/D","Colisión","S/D","S/D","Línea divisoria pintada","Sin restricción"
2016,4330,7/30/2016,"Sabado",0,2:25:00,,"0.0",2,"Moto/Ciclomotor,Taxi/Remis","Av Pte Peron Y Bv Pellegrini",3,1,0,0,2,0,0,,"Calle",,"SANTA FE","La Capital","Asfalto","No existe","I","Dentro","Urbana","Semáforo","Funciona","Intersección","Bueno","Buena","Nocturna,Con luz artificial","Buen Tiempo","Lateral","S/D","Colisión","S/D","Vertical","Cordón divisorio","Sin restricción"
2016,4331,7/14/2016,"Jueves",0,23:40:00,,"0.0",2,"Moto/Ciclomotor,Automóvil","Av Galicia Y Rivadavia",3,2,0,0,1,0,0,,"Calle",,"SANTA FE","La Capital","Asfalto","Pavimento","I","Dentro","Urbana","S/D","S/D","Intersección","Bueno","Buena","Nocturna,Con luz artificial","Buen Tiempo","Lateral","S/D","Colisión","S/D","S/D","S/D","Sin restricción"
2016,4332,3/21/2016,"Lunes",0,11:30:00,,"0.0",2,"Camión,Moto/Ciclomotor","Calle 16 Gral Obligado Y Calle 29-Alte Brown",2,1,0,0,1,0,0,,"Calle",,"RECONQUISTA","General Obligado","S/D","S/D","IX","Dentro","Urbana","S/D","S/D","S/D","S/D","S/D","Diurna","S/D","S/D","S/D","Colisión","S/D","S/D","S/D","S/D"
2016,4333,3/22/2016,"Martes",0,,,"0.0",2,"Pickup/Utilitario,Moto/Ciclomotor"," ",2,1,0,0,1,0,0,,"Calle",,"SAN CRISTÓBAL","San Cristóbal","S/D","S/D","XIII","Dentro","Urbana","S/D","S/D","S/D","S/D","S/D","S/D","S/D","S/D","S/D","Colisión","S/D","S/D","S/D","S/D"
2016,4334,3/21/2016,"Lunes",0,10:30:00,,"0.0",2,"Automóvil,Moto/Ciclomotor","Guemes Y Mariano Moreno",2,1,0,0,1,0,0,,"Calle",,"ESPERANZA","Las Colonias","S/D","S/D","XI","Dentro","Urbana","S/D","S/D","S/D","S/D","S/D","Diurna","S/D","S/D","S/D","Colisión","S/D","S/D","S/D","S/D"
2016,4335,3/22/2016,"Martes",0,,,"0.0",2,"Automóvil,Moto/Ciclomotor","Independencia Y Libertad",2,0,1,0,1,0,0,,"Calle",,"PROGRESO","Las Colonias","S/D","S/D","XI","Dentro","Urbana","S/D","S/D","S/D","S/D","S/D","Diurna","S/D","S/D","S/D","Colisión","S/D","S/D","S/D","S/D"
2016,4336,3/25/2016,"Viernes",0,,,"0.0",1,"Automóvil","Cavallo ",1,1,0,0,0,0,0,,"Calle",,"SUARDI","San Cristóbal","S/D","S/D","XIII","Dentro","Urbana","S/D","S/D","S/D","S/D","S/D","Nocturna","S/D","S/D","S/D","Vuelco","S/D","S/D","S/D","S/D"
2016,4337,3/25/2016,"Viernes",0,,,"0.0",2,"Moto/Ciclomotor,Pickup/Utilitario","Laprida Y L de la Torre",2,1,0,0,1,0,0,,"Calle",,"SAN CRISTÓBAL","San Cristóbal","S/D","S/D","XIII","Dentro","Urbana","S/D","S/D","S/D","S/D","S/D","Diurna","S/D","S/D","S/D","Colisión","S/D","S/D","S/D","S/D"