"anio_acci","nro_acci","fecha","desc_dia","fecha_aprox","hora_aprox","desc_ruta","km","cant_participantes","desc_participante","calle_avenida_km","total","heridos_leves","heridos_graves","heridos_gravisimos","ilesos","fallecidos","sin_datos","posicion_XY","desc_tipo_via","desc_ruta_ori","desc_loc","desc_dpto","desc_tipo_calzada","desc_tipo_banquina","desc_unidad_regional","desc_lugar_calzada","desc_zona","desc_prioridad","desc_estado_semaforo","desc_lugar_via","desc_estado_via","desc_estado_visibilidad","desc_luminosidad","desc_estado_clima","desc_tipo_colision","desc_tipo_atropello","desc_tipo_hecho","desc_pres_calzada","desc_senializacion","desc_separacion_via","desc_restriccion"
2016,4338,3/25/2016,"Viernes",0,,"Ruta Provincial 2","0.0",2,"Automóvil,Moto/Ciclomotor"," ",6,0,1,0,5,0,0,,"Ruta",2,"HUANQUEROS","San Cristóbal","S/D","S/D","XIII","Dentro","Urbana","S/D","S/D","S/D","S/D","S/D","Diurna","S/D","S/D","S/D","Colisión","S/D","S/D","S/D","S/D"
2016,4339,3/25/2016,"Viernes",0,,,"0.0",2,"Moto/Ciclomotor,Pickup/Utilitario","Avenida Vicente Casares Y Belgrano",2,1,0,0,1,0,0,,"Calle",,"CERES","San Cristóbal","S/D","S/D","XIII","Dentro","Urbana","S/D","S/D","S/D","S/D","S/D","S/D","S/D","S/D","S/D","Colisión","S/D","S/D","S/D","S/D"
2016,4340,3/27/2016,"Domingo",0,18:33:00,,"0.0",2,"Automóvil,Automóvil","Av A del Valle Y Quintana",3,3,0,0,0,0,0,,"Calle",,"SANTA FE","La Capital","S/D","S/D","I","Dentro","Urbana","S/D","S/D","S/D","S/D","S/D","Diurna","S/D","S/D","S/D","Colisión","S/D","S/D","S/D","S/D"
2016,4341,3/27/2016,"Domingo",0,18:00:00,,"0.0",3,"Automóvil,Otros,Otros","Av A del Valle Y Quintana",3,1,0,0,2,0,0,,"Calle",,"SANTA FE","La Capital","S/D","S/D","I","Dentro","Urbana","S/D","S/D","S/D","S/D","S/D","Diurna","S/D","Múltiple","S/D","Colisión","S/D","S/D","S/D","S/D"
2016,4342,3/28/2016,"Lunes",0,7:05:00,"Ruta Nacional 33","622.0",2,"Moto/Ciclomotor,Automóvil"," ",3,1,0,0,2,0,0,,"Ruta",33,"VENADO TUERTO","General López","S/D","S/D","VIII","Dentro","Urbana","S/D","S/D","S/D","S/D","S/D","Diurna","S/D","S/D","S/D","Colisión","S/D","S/D","S/D","S/D"
2016,4343,3/28/2016,"Lunes",0,8:00:00,,"0.0",2,"Automóvil,Moto/Ciclomotor","San Jeronimo Y Iturraspe",2,1,0,0,1,0,0,,"Calle",,"SANTA FE","La Capital","S/D","S/D","I","Dentro","Urbana","S/D","S/D","S/D","S/D","S/D","Diurna","S/D","S/D","S/D","Colisión","S/D","S/D","S/D","S/D"
2016,4344,3/28/2016,"Lunes",0,7:30:00,"Ruta Provincial Brigadier E.López","156.0",2,"Automóvil,Moto/Ciclomotor"," ",4,1,0,0,3,0,0,,"Ruta","Brigadier E.López","SANTA FE","La Capital","S/D","S/D","I","Dentro","Urbana","S/D","S/D","S/D","S/D","S/D","Diurna","S/D","S/D","S/D","Colisión","S/D","S/D","S/D","S/D"
2016,4345,3/28/2016,"Lunes",0,11:50:00,,"0.0",2,"Pickup/Utilitario,Moto/Ciclomotor","Calle 7-Sarmiento 1150",2,1,0,0,1,0,0,,"Calle",,"RECONQUISTA","General Obligado","S/D","S/D","IX","Dentro","Urbana","S/D","S/D","S/D","S/D","S/D","Diurna","S/D","S/D","S/D","Colisión","S/D","S/D","S/D","S/D"
2016,4346,3/29/2016,"Martes",0,,"Ruta Provincial 23","0.0",2,"Moto/Ciclomotor,Automóvil","Jujuy ",3,1,0,0,2,0,0,,"Ruta",23,"SAN GUILLERMO","San Cristóbal","S/D","S/D","XIII","Dentro","Urbana","S/D","S/D","Intersección","S/D","S/D","S/D","S/D","S/D","S/D","Colisión","S/D","S/D","S/D","S/D"
2016,4347,3/29/2016,"Martes",0,20:00:00,,"0.0",2,"Pickup/Utilitario,Moto/Ciclomotor","Gral Alvear Y Juan D Peron",2,1,0,0,1,0,0,,"Calle",,"SAN CRISTÓBAL","San Cristóbal","S/D","S/D","XIII","Dentro","Urbana","S/D","S/D","Intersección","S/D","S/D","Diurna","S/D","S/D","S/D","Colisión","S/D","S/D","S/D","S/D"
2016,4348,3/30/2016,"Miercoles",0,22:00:00,"Ruta Nacional 98","0.0",2,"Automóvil,Pickup/Utilitario","L de la Torre ",3,3,0,0,0,0,0,,"Ruta",98,"VERA","Vera","S/D","S/D","XIX","Dentro","Urbana","S/D","S/D","S/D","S/D","S/D","Nocturna","S/D","S/D","S/D","Colisión","S/D","S/D","S/D","S/D"
2016,4349,3/30/2016,"Miercoles",0,,,"0.0",2,"Automóvil,Moto/Ciclomotor","Calle 23-Gral lopez Y Calle 12 San Martin",2,1,0,0,1,0,0,,"Calle",,"RECONQUISTA","General Obligado","S/D","S/D","IX","Dentro","Urbana","S/D","S/D","S/D","S/D","S/D","S/D","S/D","S/D","S/D","Colisión","S/D","S/D","S/D","S/D"
2016,4350,3/30/2016,"Miercoles",0,,,"0.0",2,"Automóvil,Moto/Ciclomotor","Hipolito Irigoyen 1000",2,1,0,0,1,0,0,,"Calle",,"SAN CRISTÓBAL","San Cristóbal","S/D","S/D","XIII","Dentro","Urbana","S/D","S/D","S/D","S/D","S/D","S/D","S/D","S/D","S/D","Colisión","S/D","S/D","S/D","S/D"
2016,4351,3/30/2016,"Miercoles",0,20:00:00,,"0.0",2,"Moto/Ciclomotor,Pickup/Utilitario","Calle 25 - Pietropaolo Y Calle 38-Corrientes",2,1,0,0,1,0,0,,"Calle",,"RECONQUISTA","General Obligado","S/D","S/D","IX","Dentro","Urbana","S/D","S/D","S/D","S/D","S/D","Diurna","S/D","S/D","S/D","Colisión","S/D","S/D","S/D","S/D"
2016,4352,3/31/2016,"Jueves",0,9:00:00,"Ruta Nacional 33","0.0",3,"Camión,Camión,Camión","General Justo Jose De Urquiza ",3,1,0,0,2,0,0,,"Ruta",33,"CASILDA","Caseros","S/D","S/D","IV","Dentro","Urbana","S/D","S/D","Intersección","S/D","S/D","Diurna","S/D","Múltiple","S/D","Colisión","S/D","S/D","S/D","S/D"
2016,4353,3/31/2016,"Jueves",0,16:20:00,,"0.0",2,"Automóvil,Moto/Ciclomotor","Calle 9-Mariano Moreno ",2,1,0,0,1,0,0,,"Calle",,"RECONQUISTA","General Obligado","S/D","S/D","IX","Dentro","Urbana","S/D","S/D","S/D","S/D","S/D","Diurna","S/D","S/D","S/D","Colisión","S/D","S/D","S/D","S/D"
2016,4354,4/5/2016,"Martes",0,,,"0.0",1,"Moto/Ciclomotor","Saavedra Y Av J J Paso",1,1,0,0,0,0,0,,"Calle",,"SANTA FE","La Capital","S/D","S/D","I","Dentro","Urbana","S/D","S/D","S/D","S/D","S/D","S/D","S/D","S/D","S/D","Caída ocupante","S/D","S/D","S/D","S/D"
2016,4355,7/27/2016,"Miercoles",0,20:20:00,,"0.0",2,"Moto/Ciclomotor,Automóvil","Gorriti 1537",2,1,0,0,1,0,0,,"Calle",,"SANTA FE","La Capital","S/D","S/D","I","Dentro","Urbana","S/D","S/D","S/D","S/D","S/D","Nocturna","S/D","S/D","S/D","S/D","S/D","S/D","S/D","S/D"
2016,4356,7/2/2016,"Sabado",0,17:00:00,"Ruta Nacional 11","0.0",2,"Automóvil,Automóvil"," ",3,2,0,0,1,0,0,,"Ruta",11,"RECREO","La Capital","Asfalto","Natural","I","Dentro","Urbana","Ninguna","No existe","Intersección","Bueno","Buena","Diurna","Buen Tiempo","Lateral","S/D","Colisión","S/D","Horizontal","Línea divisoria pintada","Sin restricción"
2016,4358,7/16/2016,"Sabado",0,7:00:00,,"0.0",2,"Moto/Ciclomotor,Automóvil","Callejon Roca Y Av A del Valle",3,2,0,0,0,0,1,,"Calle",,"SANTA FE","La Capital","Tierra","No existe","I","Dentro","Urbana","Ninguna","No existe","Intersección","Con baches","Reducida polvo","Diurna","Buen Tiempo","Lateral","S/D","Colisión","Ninguna","Faltante","Ninguna","Sin restricción"
2016,4359,7/1/2016,"Viernes",0,19:15:00,"Ruta Nacional 11","0.0",2,"Moto/Ciclomotor,Automóvil","30 de Abril ",3,2,0,0,1,0,0,,"Ruta",11,"RECREO","La Capital","Asfalto","Natural","I","Dentro","Urbana","Ninguna","No existe","Intersección","Bueno","Reducida","Atardecer,Con luz artificial","Buen Tiempo","Lateral","S/D","Colisión","S/D","Vertical","Ninguna","Sin restricción"
2016,4360,7/16/2016,"Sabado",0,23:20:00,"Ruta Nacional 11","0.0",2,"Bicicleta,Moto/Ciclomotor","Juan de Garay Y Javier de la Rosa",2,1,0,0,1,0,0,,"Ruta",11,"RECREO","La Capital","Hormigón","Natural","I","Dentro","Urbana","Ninguna","No existe","Recta","Bueno","Buena","Nocturna,Con luz artificial","Buen Tiempo","Lateral","Ciclista","Atropello","S/D","Horizontal","Línea divisoria pintada","Sin restricción"
2016,4361,7/26/2016,"Martes",0,20:55:00,,"0.0",2,"Moto/Ciclomotor,Automóvil","Av A del Valle 8900",3,2,0,0,1,0,0,,"Avenida",,"SANTA FE","La Capital","Asfalto","No existe","I","Dentro","Urbana","Ninguna","No existe","Recta","Deteriorada","Reducida","Nocturna,Con luz artificial","Buen Tiempo","De alcance","S/D","Colisión","Ninguna","Vertical","Cordón divisorio","Sin restricción"
2016,4362,7/21/2016,"Jueves",0,18:00:00,,"0.0",2,"Moto/Ciclomotor,Automóvil","Av A del Valle Y Aras General Belgrano",2,1,0,0,1,0,0,,"Avenida",,"SANTA FE","La Capital","Asfalto","No existe","I","Dentro","Urbana","Ninguna","No existe","Intersección","Deteriorada","Buena","Atardecer","Otro","Lateral","S/D","Colisión","Ninguna","Vertical","Ninguna","Sin restricción"
2016,4363,7/31/2016,"Domingo",0,23:30:00,,"0.0",2,"Moto/Ciclomotor,Automóvil","Presidente Bernardino Rivadavi Y Jose De San Martin",2,1,0,0,1,0,0,,"Calle",,"SANTO TOMÉ","La Capital","Asfalto","No existe","I","Dentro","Urbana","Ninguna","No existe","Intersección","Bueno","Reducida","Nocturna","Buen Tiempo","S/D","S/D","Colisión","S/D","S/D","Ninguna","Sin restricción"
2016,4364,7/17/2016,"Domingo",0,19:45:00,,"0.0",2,"Moto/Ciclomotor,Automóvil","French Y Mitre",2,1,0,0,1,0,0,,"Avenida",,"SANTA FE","La Capital","Asfalto","No existe","I","Dentro","Urbana","Ninguna","No existe","Intersección","Bueno","Buena","Nocturna,Con luz artificial","Otro","Lateral","S/D","Colisión","Ninguna","Vertical","Cordón divisorio","Sin restricción"
2016,4365,7/5/2016,"Martes",0,14:15:00,,"0.0",2,"Moto/Ciclomotor,Transporte de Pasajeros (H/ 8 asientos)","Av A del Valle Y Alfonsina Storni",2,1,0,0,1,0,0,,"Avenida",,"SANTA FE","La Capital","Asfalto","Natural","I","Dentro","Urbana","Ninguna","No existe","Intersección","Bueno","Buena","Diurna","Otro","Lateral","S/D","Colisión","Ninguna","Faltante","Ninguna","Sin restricción"
2016,4366,7/28/2016,"Jueves",0,7:40:00,,"0.0",2,"Moto/Ciclomotor,Pickup/Utilitario"," Saavedra Miguel de Cervantes ",2,1,0,0,1,0,0,,"Calle",,"SANTO TOMÉ","La Capital","Asfalto","No existe","I","Dentro","Urbana","Ninguna","No existe","Intersección","Con baches","Buena","Diurna","Buen Tiempo","S/D","S/D","Colisión","S/D","S/D","Barrera de hormigón","Sin restricción"
2016,4367,7/30/2016,"Sabado",0,13:10:00,,"0.0",2,"Automóvil,Automóvil","Angel Cassanello Y Echague",3,3,0,0,0,0,0,,"Calle",,"SANTA FE","La Capital","Asfalto","No existe","I","S/D","Urbana","Ninguna","No existe","Intersección","Bueno","Buena","Diurna","Buen Tiempo","Lateral","S/D","Colisión","Ninguna","S/D","Ninguna","Sin restricción"
2016,4368,7/28/2016,"Jueves",0,14:00:00,,"0.0",2,"Moto/Ciclomotor,Automóvil","Angel Cassanello Y Guemes",2,1,0,0,1,0,0,,"Calle",,"SANTA FE","La Capital","Asfalto","No existe","I","S/D","Urbana","Ninguna","No existe","Intersección","Bueno","Buena","Diurna","Buen Tiempo","De alcance","S/D","Colisión","Ninguna","S/D","Ninguna","Sin restricción"
2016,4369,7/25/2016,"Lunes",0,16:10:00,,"0.0",2,"Moto/Ciclomotor,Automóvil","Hernandarias Y Avenida General Bartolome Mitr",2,1,0,0,1,0,0,,"Calle",,"SANTO TOMÉ","La Capital","Asfalto","No existe","I","Dentro","Urbana","Ninguna","No existe","Intersección","Bueno","Buena","Diurna","Buen Tiempo","S/D","S/D","Colisión","S/D","S/D","Ninguna","Sin restricción"
2016,4370,7/24/2016,"Domingo",0,12:30:00,,"0.0",2,"Moto/Ciclomotor,Automóvil","Av 7 de marzo Y Simon de Iriondo",2,1,0,0,1,0,0,,"Calle",,"SANTO TOMÉ","La Capital","Asfalto","No existe","I","Dentro","Urbana","Semáforo","Funciona","Intersección","Bueno","Buena","Diurna","Buen Tiempo","S/D","S/D","Colisión","S/D","S/D","Línea divisoria pintada","Sin restricción"
2016,4371,7/21/2016,"Jueves",0,18:10:00,,"0.0",2,"Moto/Ciclomotor,Automóvil","La Rioja Y Gobernador Crespo",2,1,0,0,1,0,0,,"Calle",,"SANTO TOMÉ","La Capital","Asfalto","No existe","I","Dentro","Urbana","Otra Señal","No existe","Intersección","Bueno","Buena","Atardecer","Buen Tiempo","S/D","S/D","Colisión","S/D","S/D","Ninguna","Sin restricción"
2016,4372,7/14/2016,"Jueves",0,19:40:00,,"0.0",2,"Peatón,Automóvil","Buenos Aires Y Nicolas Avellaneda",2,1,0,0,1,0,0,,"Calle",,"SANTO TOMÉ","La Capital","Asfalto","No existe","I","Dentro","Urbana","Ninguna","No existe","Intersección","Bueno","Buena","Nocturna","Buen Tiempo","S/D","Peatón","Atropello","S/D","S/D","Ninguna","Sin restricción"
2016,4373,7/14/2016,"Jueves",0,17:00:00,,"0.0",2,"Bicicleta,Automóvil","Buenos Aires Y Avenida Del Trabajo",2,1,0,0,1,0,0,,"Calle",,"SANTO TOMÉ","La Capital","Asfalto","No existe","I","Dentro","Urbana","Ninguna","No existe","Intersección","Bueno","Buena","Diurna","Buen Tiempo","S/D","Ciclista","Atropello","S/D","S/D","Ninguna","Sin restricción"
2016,4374,7/11/2016,"Lunes",0,11:25:00,,"0.0",2,"Pickup/Utilitario,Moto/Ciclomotor","Av Galicia Y Guemes",2,1,0,0,1,0,0,,"Calle",,"SANTA FE","La Capital","Asfalto","No existe","I","Dentro","Urbana","S/D","S/D","Intersección","Bueno","Buena","Diurna","Buen Tiempo","Lateral","S/D","Colisión","S/D","S/D","S/D","S/D"
2016,4375,7/6/2016,"Miercoles",0,20:50:00,,"0.0",2,"Moto/Ciclomotor,Automóvil","Alberti Y Talcahuano",3,1,0,0,2,0,0,,"Calle",,"SANTA FE","La Capital","Asfalto","Pavimento","I","Dentro","Urbana","S/D","S/D","Intersección","Bueno","Buena","Nocturna,Con luz artificial","Buen Tiempo","Lateral","S/D","Colisión","S/D","S/D","S/D","Accidente Previo"
2016,4376,7/5/2016,"Martes",0,13:20:00,,"0.0",2,"Automóvil,Moto/Ciclomotor","Alvear Y Reg 12 de Infanteria",2,1,0,0,1,0,0,,"Calle",,"SANTA FE","La Capital","Asfalto","Pavimento","I","Dentro","Urbana","S/D","S/D","Intersección","Bueno","Buena","Diurna","Buen Tiempo","Lateral","S/D","Colisión","S/D","S/D","S/D","S/D"
2016,4377,7/17/2016,"Domingo",0,21:50:00,,"0.0",2,"Moto/Ciclomotor,Automóvil","Rivadavia Y Alberti",3,2,0,0,1,0,0,,"Calle",,"SANTA FE","La Capital","Asfalto","S/D","I","Dentro","Urbana","S/D","S/D","Intersección","Bueno","Buena","Nocturna,Con luz artificial","S/D","Lateral","S/D","Colisión","S/D","S/D","S/D","S/D"
2016,4378,7/18/2016,"Lunes",0,19:10:00,,"0.0",2,"Moto/Ciclomotor,Automóvil","Sarmiento Y Reg 12 de Infanteria",2,1,0,0,1,0,0,,"Calle",,"SANTA FE","La Capital","Asfalto","S/D","I","Dentro","Urbana","S/D","S/D","Intersección","Bueno","Buena","Atardecer,Con luz artificial","S/D","Lateral","S/D","Colisión","S/D","S/D","S/D","S/D"
2016,4379,7/24/2016,"Domingo",0,22:50:00,,"0.0",2,"Automóvil,Moto/Ciclomotor","Necochea Y French",3,1,0,0,2,0,0,,"Calle",,"SANTA FE","La Capital","Asfalto","Pavimento","I","Dentro","Urbana","S/D","S/D","Intersección","Bueno","Buena","Nocturna,Con luz artificial","S/D","Lateral","S/D","Colisión","S/D","S/D","S/D","S/D"
2016,4380,7/27/2016,"Miercoles",0,17:30:00,,"0.0",2,"Moto/Ciclomotor,Automóvil","Av A del Valle Y Javier de la Rosa",2,1,0,0,1,0,0,,"Calle",,"SANTA FE","La Capital","Asfalto","Pavimento","I","Dentro","Urbana","S/D","S/D","Intersección","Bueno","Buena","Diurna","S/D","Lateral","S/D","Colisión","S/D","S/D","S/D","S/D"
2016,4381,7/25/2016,"Lunes",0,13:45:00,,"0.0",2,"Otros,Moto/Ciclomotor","San Jose Y Espora",3,1,0,0,2,0,0,,"Calle",,"SANTA FE","La Capital","Asfalto","No existe","I","Dentro","Urbana","Ninguna","No existe","Intersección","Bueno","Buena","Diurna","Buen Tiempo","Frontal","S/D","Colisión","Ninguna","Horizontal","Ninguna","Sin restricción"
2016,4382,7/31/2016,"Domingo",0,19:40:00,,"0.0",2,"Pickup/Utilitario,Pickup/Utilitario","9 de Julio Y Pedro Diaz Colodrero",5,2,0,0,3,0,0,,"Calle",,"SANTA FE","La Capital","S/D","S/D","I","Dentro","Urbana","S/D","S/D","S/D","S/D","S/D","Nocturna","S/D","S/D","S/D","S/D","S/D","S/D","S/D","S/D"
2016,4383,7/30/2016,"Sabado",0,19:40:00,,"0.0",2,"Automóvil,Taxi/Remis","Av Facundo Zuviria Y Espora",8,1,0,0,7,0,0,,"Avenida",,"SANTA FE","La Capital","Hormigón","No existe","I","Dentro","Urbana","Ninguna","No existe","Intersección","Bueno","Buena","Con luz artificial","Buen Tiempo","Lateral","S/D","Colisión","Ninguna","Faltante","Línea divisoria pintada","Sin restricción"
2016,4384,7/30/2016,"Sabado",0,10:30:00,,"0.0",2,"Automóvil,Pickup/Utilitario","Av A del Valle Y Martin Zapata",2,1,0,0,1,0,0,,"Avenida",,"SANTA FE","La Capital","Hormigón","No existe","I","Dentro","Urbana","Ninguna","No existe","Intersección","Con baches","Buena","Diurna","Buen Tiempo","Lateral","S/D","Colisión","Ninguna","Faltante","Ninguna","Sin restricción"
2016,4385,7/19/2016,"Martes",0,6:00:00,"Ruta Provincial 93","0.0",2,"Camión Chasis,Pickup/Utilitario"," ",4,4,0,0,0,0,0,,"Ruta",93,"LOS QUIRQUINCHOS","Caseros","Asfalto","Natural","IV","Dentro","Urbana","Ninguna","Intermitente","Curva","Bueno","Buena","Amanecer,Con luz artificial","Buen Tiempo","De alcance","S/D","Colisión","Ninguna","Vertical","Línea divisoria pintada","Sin restricción"
2016,4386,7/17/2016,"Domingo",0,4:25:00,"Ruta Provincial 92","0.0",1,"Pickup/Utilitario"," ",3,2,0,0,1,0,0,,"Ruta",92,"AREQUITO","Caseros","Asfalto","Natural","IV","Fuera","Rural","Ninguna","No existe","Recta","Bueno","Buena","Nocturna","Buen Tiempo","S/D","S/D","Despiste","Ninguna","Vertical","Línea divisoria pintada","Sin restricción"
2016,4387,7/31/2016,"Domingo",0,5:45:00,"Ruta Provincial 92","0.0",1,"Automóvil"," ",1,1,0,0,0,0,0,,"Ruta",92,"AREQUITO","Caseros","Asfalto","Natural","IV","Dentro","Urbana","Ninguna","No existe","Recta","Bueno","Buena","Nocturna,Con luz artificial","Buen Tiempo","Contra objeto fijo","S/D","Colisión","Ninguna","Vertical","Línea divisoria pintada","S/D"
2016,4388,7/5/2016,"Martes",0,12:15:00,"Ruta Provincial 93","0.0",2,"Pickup/Utilitario,Pickup/Utilitario"," ",2,1,0,0,1,0,0,,"Ruta",93,"LOS QUIRQUINCHOS","Caseros","Asfalto","Natural","IV","Dentro","Urbana","Ninguna","Intermitente","Curva","Bueno","Buena","Diurna","Buen Tiempo","De alcance","S/D","Colisión","Ninguna","Vertical","Línea divisoria pintada","Sin restricción"
2016,4389,7/29/2016,"Viernes",0,8:30:00,,"0.0",2,"Automóvil,Bicicleta","M Quintana Y Balcarce",2,1,0,0,1,0,0,,"Calle",,"CHABAS","Caseros","Asfalto,Hormigón","No existe","IV","S/D","Urbana","Ninguna","No existe","Cruce","S/D","Buena","Diurna","Buen Tiempo","S/D","Ciclista","Atropello","S/D","S/D","Ninguna","Sin restricción"
2016,4390,7/31/2016,"Domingo",0,15:30:00,,"0.0",2,"Pickup/Utilitario,Moto/Ciclomotor","Bv Roque S Peña Y Pellegrini",2,1,0,0,1,0,0,,"Calle",,"CHABAS","Caseros","Asfalto,Hormigón","Natural","IV","S/D","Urbana","Ninguna","No existe","Recta","Bueno","Buena","Diurna","Buen Tiempo","Frontal","S/D","Colisión","S/D","S/D","Cordón divisorio","Sin restricción"
2016,4391,7/23/2016,"Sabado",0,12:30:00,,"0.0",2,"Automóvil,Pickup/Utilitario","L N Alem Y Independencia",2,1,0,0,1,0,0,,"Calle",,"ARTEAGA","Caseros","Asfalto","No existe","IV","Dentro","Urbana","Ninguna","No existe","Cruce","Bueno","Buena","Diurna","Buen Tiempo","Lateral","S/D","Colisión","Ninguna","Horizontal","Cordón divisorio","Sin restricción"
2016,4392,7/18/2016,"Lunes",0,12:00:00,"Ruta Provincial 39","0.0",2,"Moto/Ciclomotor,Camión Chasis"," ",2,0,1,0,1,0,0,,"Ruta",39,"LA BRAVA","San Javier","Asfalto","Natural","XIV","Dentro","Urbana","Ninguna","No existe","Recta","Bueno","Buena","Diurna","Buen Tiempo","De alcance","S/D","Colisión","Ninguna","Vertical","Línea divisoria pintada","Reparación de Vía"
2016,4393,7/29/2016,"Viernes",0,17:35:00,,"0.0",2,"Moto/Ciclomotor,Automóvil","Padre Genesio Y Guemes",2,1,0,0,1,0,0,,"Calle",,"SANTA FE","La Capital","Asfalto","Pavimento","I","Dentro","Urbana","S/D","No existe","Intersección","Bueno","Buena","Diurna","S/D","S/D","S/D","Colisión","S/D","S/D","S/D","S/D"
2016,4394,7/15/2016,"Viernes",0,15:20:00,"Ruta Provincial 1","212.0",1,"Automóvil"," ",3,0,1,0,2,0,0,,"Ruta",1,"ALEJANDRA","San Javier","Asfalto","Natural","XIV","S/D","Rural","Ninguna","No existe","Recta","Bueno","Buena","Diurna","Buen Tiempo","S/D","S/D","Vuelco","Ninguna","Vertical","Ninguna","Sin restricción"
2016,4395,7/27/2016,"Miercoles",0,18:50:00,,"0.0",2,"Moto/Ciclomotor,Automóvil","Av Galicia Y Guemes",3,2,0,0,1,0,0,,"Calle",,"SANTA FE","La Capital","Asfalto","No existe","I","Dentro","Urbana","Ninguna","No existe","Intersección","Bueno","S/D","Atardecer","Buen Tiempo","Frontal","S/D","Colisión","S/D","S/D","Ninguna","Sin restricción"
2016,4396,7/10/2016,"Domingo",0,16:30:00,,"0.0",2,"Automóvil,Moto/Ciclomotor","L de la Torre Y C Ramseyer",3,2,0,0,1,0,0,,"Calle",,"ROMANG","San Javier","Tierra","S/D","XIV","S/D","Urbana","Ninguna","S/D","Intersección","Resbaladiza","Buena","Diurna","Buen Tiempo","Lateral","S/D","Colisión","S/D","S/D","Ninguna","S/D"
2016,4397,7/27/2016,"Miercoles",0,13:50:00,,"0.0",2,"Moto/Ciclomotor,Pickup/Utilitario","R Godoy Y Av Gral Paz",2,1,0,0,1,0,0,,"Calle",,"SANTA FE","La Capital","Asfalto","No existe","I","Dentro","Urbana","Ninguna","No existe","Intersección","Bueno","Buena","Diurna","Buen Tiempo","Lateral","S/D","Colisión","S/D","S/D","Ninguna","Sin restricción"
2016,4398,7/26/2016,"Martes",0,17:00:00,,"0.0",2,"Moto/Ciclomotor,Automóvil","Av Gral Paz Y J M Zuviria",2,1,0,0,1,0,0,,"Calle",,"SANTA FE","La Capital","Asfalto","No existe","I","Dentro","Urbana","Ninguna","No existe","Intersección","Bueno","Buena","Diurna","Buen Tiempo","Lateral","S/D","Colisión","S/D","S/D","Ninguna","Sin restricción"
2016,4399,7/25/2016,"Lunes",0,17:00:00,,"0.0",3,"Automóvil,Automóvil,Pickup/Utilitario","Alvear 5300",3,1,0,0,2,0,0,,"Calle",,"SANTA FE","La Capital","Asfalto","No existe","I","Dentro","Urbana","Ninguna","No existe","Intersección","Bueno","Buena","Diurna","Buen Tiempo","Múltiple","S/D","Colisión","S/D","S/D","Ninguna","Sin restricción"
2016,4400,7/23/2016,"Sabado",0,23:30:00,,"0.0",2,"Automóvil,Automóvil","Lavaisse Y Belgrano",6,2,0,0,4,0,0,,"Calle",,"SANTA FE","La Capital","Asfalto","No existe","I","Dentro","Urbana","Ninguna","No existe","Intersección","Bueno","Reducida","Nocturna","Buen Tiempo","De alcance","S/D","Colisión","S/D","S/D","Ninguna","Sin restricción"
2016,4401,7/14/2016,"Jueves",0,20:00:00,"Ruta Secundaria 26-s","0.0",1,"Moto/Ciclomotor"," ",1,0,0,1,0,0,0,,"Ruta","26-s","CASILDA","Caseros","Asfalto","Natural","IV","Dentro","Urbana","Señal Pare","No existe","Curva","Bueno","Buena","Nocturna,Con luz artificial","Buen Tiempo","S/D","S/D","Caída ocupante","S/D","Horizontal,Vertical","Línea divisoria pintada","Sin restricción"
2016,4402,7/22/2016,"Viernes",0,17:35:00,,"0.0",2,"Automóvil,Moto/Ciclomotor","Castellanos Y Laprida",4,1,1,0,0,0,2,,"Calle",,"SAN JOSÉ DE LA ESQUINA","Caseros","Asfalto","Pavimento","IV","S/D","Urbana","Ninguna","No existe","Intersección","Bueno","Buena","Diurna","Buen Tiempo","Frontal","S/D","Colisión","Ninguna","Faltante","Ninguna","S/D"
2016,4403,7/10/2016,"Domingo",0,23:30:00,,"0.0",2,"Moto/Ciclomotor,Automóvil","Bv. Segui Y Laprida",2,1,0,0,1,0,0,,"Calle",,"ROSARIO","Rosario","Asfalto","S/D","II","Dentro","Urbana","Ninguna","No existe","Intersección","Bueno","Buena","Nocturna,Con luz artificial","Buen Tiempo","Lateral","S/D","Colisión","S/D","Faltante","Cordón divisorio","Sin restricción"
2016,4404,7/10/2016,"Domingo",0,21:00:00,,"0.0",2,"Moto/Ciclomotor,Automóvil","Grandoli Y Pte.Quintana",3,2,0,0,1,0,0,,"Calle",,"ROSARIO","Rosario","Asfalto","No existe","II","Dentro","Urbana","Ninguna","No existe","Intersección","Bueno","Buena","Nocturna,Con luz artificial","Buen Tiempo","Lateral","S/D","Colisión","S/D","Faltante","Cordón divisorio","Sin restricción"
2016,4405,7/10/2016,"Domingo",0,3:30:00,,"0.0",2,"Moto/Ciclomotor,Automóvil","Grandoli Y Biedma",2,1,0,0,1,0,0,,"Calle",,"ROSARIO","Rosario","Asfalto","No existe","II","Dentro","Urbana","Ninguna","No existe","Intersección","Bueno","Buena","Nocturna,Con luz artificial","Buen Tiempo","Lateral","S/D","Colisión","S/D","Faltante","Ninguna","Sin restricción"
2016,4406,7/7/2016,"Jueves",0,23:50:00,,"0.0",2,"Moto/Ciclomotor,Automóvil","Garay Y Esmeralda",3,2,0,0,1,0,0,,"Calle",,"ROSARIO","Rosario","Asfalto","No existe","II","Dentro","Urbana","S/D","No existe","Intersección","Bueno","Buena","Nocturna,Con luz artificial","Buen Tiempo","S/D","S/D","Colisión","S/D","Faltante","Ninguna","Sin restricción"