"anio_acci","nro_acci","fecha","desc_dia","fecha_aprox","hora_aprox","desc_ruta","km","cant_participantes","desc_participante","calle_avenida_km","total","heridos_leves","heridos_graves","heridos_gravisimos","ilesos","fallecidos","sin_datos","posicion_XY","desc_tipo_via","desc_ruta_ori","desc_loc","desc_dpto","desc_tipo_calzada","desc_tipo_banquina","desc_unidad_regional","desc_lugar_calzada","desc_zona","desc_prioridad","desc_estado_semaforo","desc_lugar_via","desc_estado_via","desc_estado_visibilidad","desc_luminosidad","desc_estado_clima","desc_tipo_colision","desc_tipo_atropello","desc_tipo_hecho","desc_pres_calzada","desc_senializacion","desc_separacion_via","desc_restriccion"
2016,4407,7/7/2016,"Jueves",0,6:40:00,,"0.0",2,"Moto/Ciclomotor,Automóvil","Ayolas Y Grandoli",2,1,0,0,1,0,0,,"Calle",,"ROSARIO","Rosario","Asfalto","No existe","II","Dentro","Urbana","Ninguna","No existe","Intersección","Bueno","Buena","Diurna","Buen Tiempo","Lateral","S/D","Colisión","S/D","Faltante","Cordón divisorio","Sin restricción"
2016,4408,7/6/2016,"Miercoles",0,7:45:00,,"0.0",2,"Moto/Ciclomotor,Automóvil","Ayolas Y J.M.de Rosas",2,1,0,0,1,0,0,,"Calle",,"ROSARIO","Rosario","Asfalto","No existe","II","Dentro","Urbana","Ninguna","No existe","Intersección","S/D","Buena","Diurna","Buen Tiempo","Lateral","S/D","Colisión","S/D","Faltante","Ninguna","Sin restricción"
2016,4409,7/1/2016,"Viernes",0,7:50:00,,"0.0",2,"Moto/Ciclomotor,Automóvil","Bv. Segui Y Buenos Aires",2,1,0,0,1,0,0,,"Calle",,"ROSARIO","Rosario","Asfalto","No existe","II","Dentro","Urbana","Ninguna","No existe","Intersección","S/D","Buena","Diurna","Buen Tiempo","Lateral","S/D","Colisión","S/D","Faltante","Cordón divisorio","Sin restricción"
2016,4410,7/3/2016,"Domingo",0,17:40:00,,"0.0",2,"Moto/Ciclomotor,Automóvil","Necochea Y Gaboto",2,1,0,0,1,0,0,,"Calle",,"ROSARIO","Rosario","Asfalto","No existe","II","Dentro","Urbana","Ninguna","No existe","Intersección","Bueno","Buena","Diurna","Buen Tiempo","Lateral","S/D","Colisión","S/D","Faltante","Línea divisoria pintada","Sin restricción"
2016,4411,7/1/2016,"Viernes",0,12:10:00,,"0.0",2,"Moto/Ciclomotor,Automóvil","Buenos Aires Y Bv. Segui",2,1,0,0,1,0,0,,"Calle",,"ROSARIO","Rosario","Asfalto","No existe","II","Dentro","Urbana","S/D","No existe","Intersección","Bueno","Buena","Diurna","S/D","S/D","S/D","Colisión","S/D","Faltante","Cordón divisorio","S/D"
2016,4412,7/1/2016,"Viernes",0,21:35:00,,"0.0",2,"Automóvil,Otros","Av Facundo Zuviria Y Hernandarias",5,5,0,0,0,0,0,,"Calle",,"SANTA FE","La Capital","Asfalto","Pavimento","I","Dentro","Urbana","Semáforo","Funciona","Intersección","Bueno","Buena","Nocturna","Buen Tiempo","Lateral","S/D","Colisión","S/D","Horizontal","Cordón divisorio","Sin restricción"
2016,4413,7/25/2016,"Lunes",0,12:45:00,,"0.0",2,"Moto/Ciclomotor,Automóvil","M De Polonia Y Pje Jorge Raul Rodriguez",2,1,0,0,1,0,0,,"Calle",,"SANTA FE","La Capital","Asfalto","Pavimento","I","Dentro","Urbana","Ninguna","No existe","Intersección","Bueno","Buena","Diurna","Buen Tiempo","Lateral","S/D","Colisión","S/D","Horizontal","Cordón divisorio","Sin restricción"
2016,4414,7/23/2016,"Sabado",0,9:15:00,,"0.0",1,"Pickup/Utilitario","Av Facundo Zuviria Y Angel Cassanello",1,1,0,0,0,0,0,,"Calle",,"SANTA FE","La Capital","Asfalto","No existe","I","Dentro","Urbana","S/D","Funciona","Recta","Bueno","Buena","Atardecer","Buen Tiempo","S/D","S/D","Vuelco","S/D","S/D","S/D","Sin restricción"
2016,4415,7/27/2016,"Miercoles",0,,,"0.0",2,"Transporte de Pasajeros Urbano (> 8 asientos),Peatón","Av Peñaloza Y Huergo",2,1,1,0,0,0,0,,"Calle",,"SANTA FE","La Capital","Asfalto","No existe","I","Dentro","Urbana","S/D","No existe","Recta","Con baches","Reducida p/ objetos","Nocturna","Buen Tiempo","S/D","Peatón","Atropello","S/D","Faltante","S/D","Sin restricción"
2016,4416,7/29/2016,"Viernes",0,21:30:00,,"0.0",2,"Peatón,Automóvil","Alberdi Y Estanislao Lopez",3,2,0,0,1,0,0,,"Calle",,"SAN JOSÉ DE LA ESQUINA","Caseros","Asfalto","Pavimento","IV","Dentro","Urbana","Ninguna","No existe","Intersección","Bueno","Buena","Nocturna","Buen Tiempo","Frontal","Peatón","Atropello","S/D","Faltante","Ninguna","Sin restricción"
2016,4417,7/19/2016,"Martes",0,12:15:00,,"0.0",2,"Moto/Ciclomotor,Automóvil","Av Galicia Y Rivadavia",2,1,0,0,1,0,0,,"Avenida",,"SANTA FE","La Capital","Asfalto","No existe","I","S/D","Urbana","Ninguna","No existe","Intersección","Bueno","Buena","Diurna","Buen Tiempo","Lateral","S/D","Colisión","Ninguna","S/D","Ninguna","Sin restricción"
2016,4418,7/29/2016,"Viernes",0,22:30:00,,"0.0",2,"Automóvil,Moto/Ciclomotor","Carcamo Y Rivadavia",2,1,0,0,1,0,0,,"Calle",,"SAN JOSÉ DE LA ESQUINA","Caseros","Asfalto","Pavimento","IV","Dentro","Urbana","Ninguna","No existe","Intersección","Bueno","Buena","Nocturna","Buen Tiempo","Frontal","S/D","Colisión","S/D","Faltante","Ninguna","Sin restricción"
2016,4419,7/14/2016,"Jueves",0,16:30:00,,"0.0",2,"Moto/Ciclomotor,Automóvil","Ricardo Aldao Y Alberdi",2,1,0,0,1,0,0,,"Calle",,"SANTA FE","La Capital","Asfalto","No existe","I","S/D","Urbana","Ninguna","No existe","Intersección","Bueno","Buena","Diurna","Buen Tiempo","Lateral","S/D","Colisión","Ninguna","S/D","Ninguna","Sin restricción"
2016,4420,7/20/2016,"Miercoles",0,14:00:00,,"0.0",2,"Moto/Ciclomotor,Pickup/Utilitario","Alvear Y Dr De la Colina",2,1,0,0,1,0,0,,"Calle",,"SAN JAVIER","San Javier","Asfalto","Pavimento","XIV","Dentro","Urbana","Ninguna","No existe","Intersección","Bueno","Buena","Diurna","Buen Tiempo","S/D","S/D","Colisión","S/D","Vertical","Ninguna","Sin restricción"
2016,4421,7/24/2016,"Domingo",0,7:50:00,"Ruta Provincial 1","160.0",1,"Automóvil"," ",4,4,0,0,0,0,0,,"Ruta",1,"SAN JAVIER","San Javier","Asfalto","Natural","XIV","Dentro","Urbana","S/D","S/D","Recta","Bueno","Reducida","Amanecer","Buen Tiempo","S/D","S/D","Vuelco","S/D","Horizontal","Línea divisoria pintada","Sin restricción"
2016,4422,7/9/2016,"Sabado",0,2:00:00,,"0.0",2,"Automóvil,Automóvil","Salvador del Carril Y Alvear",2,1,0,0,1,0,0,,"Avenida",,"SANTA FE","La Capital","Asfalto","No existe","I","S/D","Urbana","Semáforo","Intermitente","Intersección","Bueno","Reducida","Nocturna","Buen Tiempo","Lateral","S/D","Colisión","Ninguna","S/D","Ninguna","Sin restricción"
2016,4423,7/22/2016,"Viernes",0,18:10:00,,"0.0",2,"Automóvil,Moto/Ciclomotor","J Castelli Y Rivadavia",2,1,0,0,1,0,0,,"Calle",,"SANTA FE","La Capital","Asfalto","No existe","I","Dentro","Urbana","Ninguna","No existe","Intersección","Bueno","Reducida","Atardecer","Buen Tiempo","Lateral","S/D","Colisión","S/D","S/D","Ninguna","Sin restricción"
2016,4424,7/8/2016,"Viernes",0,2:30:00,,"0.0",2,"Moto/Ciclomotor,Automóvil","Angel Cassanello Y P Cullen",2,1,0,0,1,0,0,,"Avenida",,"SANTA FE","La Capital","Asfalto","No existe","I","S/D","Urbana","Ninguna","No existe","Intersección","Bueno","Reducida","Nocturna","Buen Tiempo","Lateral","S/D","Colisión","Ninguna","S/D","Ninguna","Sin restricción"
2016,4425,7/6/2016,"Miercoles",0,20:40:00,,"0.0",2,"Moto/Ciclomotor,Automóvil","Av Gral Paz Y Salvador del Carril",2,1,0,0,1,0,0,,"Avenida",,"SANTA FE","La Capital","Asfalto","No existe","I","S/D","Urbana","Ninguna","No existe","Intersección","Bueno","Reducida","Nocturna","Buen Tiempo","Lateral","S/D","Colisión","Ninguna","S/D","Ninguna","Sin restricción"
2016,4426,7/22/2016,"Viernes",0,17:05:00,,"0.0",2,"Peatón,Automóvil","Salvador del Carril 1200",2,1,0,0,1,0,0,,"Calle",,"SANTA FE","La Capital","Asfalto","No existe","I","Dentro","Urbana","Ninguna","No existe","Recta","Bueno","Buena","Diurna","Buen Tiempo","S/D","Peatón","Atropello","S/D","S/D","Ninguna","Sin restricción"
2016,4427,7/21/2016,"Jueves",0,21:30:00,,"0.0",2,"Moto/Ciclomotor,Automóvil","Lavaisse Y Rivadavia",2,1,0,0,1,0,0,,"Calle",,"SANTA FE","La Capital","Asfalto","No existe","I","Dentro","Urbana","Ninguna","No existe","Intersección","Bueno","Reducida","Nocturna","Buen Tiempo","Lateral","S/D","Colisión","S/D","S/D","Ninguna","Sin restricción"
2016,4428,7/4/2016,"Lunes",0,22:10:00,,"0.0",2,"Moto/Ciclomotor,Automóvil","Salvador del Carril Y Republica de Siria",2,1,0,0,1,0,0,,"Avenida",,"SANTA FE","La Capital","Asfalto","No existe","I","S/D","Urbana","Ninguna","No existe","Intersección","Bueno","Reducida","Nocturna","Lluvia","Lateral","S/D","Colisión","Agua","S/D","Ninguna","S/D"
2016,4429,7/4/2016,"Lunes",0,6:40:00,,"0.0",2,"Automóvil,Automóvil","Salvador del Carril Y Av Almte Brown",3,1,0,0,2,0,0,,"Avenida",,"SANTA FE","La Capital","Asfalto","No existe","I","S/D","Urbana","Semáforo","Funciona","Intersección","Bueno","Reducida","Amanecer","Buen Tiempo","De alcance","S/D","Colisión","Ninguna","S/D","Ninguna","Sin restricción"
2016,4430,7/31/2016,"Domingo",0,22:30:00,,"0.0",2,"Moto/Ciclomotor,Automóvil","Guemes Y Agustin Delgado",3,2,0,0,1,0,0,,"Calle",,"SANTA FE","La Capital","Asfalto","No existe","I","S/D","Urbana","Ninguna","No existe","Intersección","Bueno","Reducida","Nocturna","Buen Tiempo","Lateral","S/D","Colisión","Ninguna","S/D","Ninguna","Sin restricción"
2016,4431,7/15/2016,"Viernes",0,10:00:00,,"0.0",2,"Moto/Ciclomotor,Automóvil"," ",2,1,0,0,1,0,0,,"Calle",,"COLASTINE","La Capital","Asfalto","Natural","I","Dentro","Urbana","Ninguna","No existe","Recta","S/D","Buena","Diurna","Buen Tiempo","Lateral","S/D","Colisión","S/D","Faltante","Línea divisoria pintada","Reparación de Vía"
2016,4432,7/17/2016,"Domingo",0,17:00:00,,"0.0",2,"Automóvil,Bicicleta"," ",2,1,0,0,1,0,0,,"Avenida",,"SANTA FE","La Capital","Asfalto","Natural","I","Dentro","Urbana","S/D","No existe","Recta","Bueno","Buena","Diurna","Buen Tiempo","S/D","Ciclista","Atropello","Ninguna","S/D","S/D","Sin restricción"
2016,4433,7/29/2016,"Viernes",0,20:20:00,"Ruta Provincial 2","2.0",2,"Automóvil,Moto/Ciclomotor"," ",2,1,0,0,1,0,0,,"Ruta",2,"COLASTINE","La Capital","Asfalto","Natural","I","Dentro","Urbana","Ninguna","No existe","Recta","Bueno","Reducida","Nocturna","Buen Tiempo","Lateral","S/D","Colisión","S/D","Faltante","Línea divisoria pintada","Reparación de Vía"
2016,4434,7/26/2016,"Martes",0,15:00:00,,"0.0",2,"Bicicleta,Automóvil","Cafferata 8600",2,1,0,0,1,0,0,,"Calle",,"SANTA FE","La Capital","Asfalto","No existe","I","S/D","Urbana","Ninguna","No existe","Recta","Bueno","Buena","Diurna","Buen Tiempo","S/D","Ciclista","Atropello","S/D","Faltante","S/D","Sin restricción"
2016,4435,7/18/2016,"Lunes",0,11:25:00,,"0.0",2,"Automóvil,Moto/Ciclomotor","Ituzaingo Y Dorrego",2,1,0,0,1,0,0,,"Calle",,"SANTA FE","La Capital","Asfalto","No existe","I","Dentro","Urbana","S/D","No existe","Intersección","Bueno","Buena","Diurna","Buen Tiempo","Lateral","S/D","Colisión","S/D","S/D","Ninguna","Sin restricción"
2016,4436,7/30/2016,"Sabado",0,22:30:00,"Ruta Nacional 168","474.0",1,"Automóvil"," ",2,2,0,0,0,0,0,,"Ruta",168,"LA GUARDIA","La Capital","Asfalto","No existe","I","Dentro","Urbana","S/D","No existe","Puente","Bueno","Buena","Nocturna","Buen Tiempo","S/D","S/D","Vuelco","S/D","Horizontal","Barrera de hormigón","S/D"
2016,4437,7/21/2016,"Jueves",0,11:50:00,,"0.0",2,"Moto/Ciclomotor,Automóvil","Av Blas Parera 8300",2,1,0,0,1,0,0,,"Avenida",,"SANTA FE","La Capital","Asfalto","No existe","I","S/D","Urbana","Ninguna","No existe","Recta","Bueno","Buena","Diurna","Buen Tiempo","S/D","S/D","Colisión","Ninguna","Faltante","Ninguna","Sin restricción"
2016,4438,7/18/2016,"Lunes",0,18:40:00,,"0.0",2,"Automóvil,Bicicleta","Las Heras Y Balcarce",2,1,0,0,1,0,0,,"Calle",,"SANTA FE","La Capital","Asfalto","No existe","I","Dentro","Urbana","S/D","S/D","Intersección","Bueno","Buena","Nocturna,Con luz artificial","Buen Tiempo","S/D","Ciclista","Atropello","Ninguna","S/D","Ninguna","Sin restricción"
2016,4439,7/28/2016,"Jueves",0,14:25:00,"Ruta Provincial 2","0.0",2,"Moto/Ciclomotor,Moto/Ciclomotor"," ",2,2,0,0,0,0,0,,"Ruta",2,"MONTE VERA","La Capital","Tierra","No existe","I","Dentro","Urbana","Ninguna","No existe","Intersección","Bueno","Buena","Diurna","Buen Tiempo","Frontal","S/D","Colisión","S/D","S/D","Ninguna","Sin restricción"
2016,4440,7/16/2016,"Sabado",0,18:15:00,,"0.0",2,"Moto/Ciclomotor,Moto/Ciclomotor","Cafferata Y Callejon Mendez",3,1,0,0,2,0,0,,"Calle",,"SANTA FE","La Capital","Asfalto","No existe","I","Dentro","Urbana","Ninguna","No existe","Intersección","Bueno","Buena","Atardecer","Buen Tiempo","Lateral","S/D","Colisión","Ninguna","Faltante","Ninguna","Sin restricción"
2016,4441,7/8/2016,"Viernes",0,13:20:00,,"0.0",2,"Automóvil,Moto/Ciclomotor","Las Heras Y Gdor Crespo",2,1,0,0,1,0,0,,"Calle",,"SANTA FE","La Capital","Asfalto","No existe","I","Dentro","Urbana","S/D","S/D","Intersección","Bueno","Buena","Diurna","Buen Tiempo","Lateral","S/D","Colisión","Ninguna","S/D","S/D","Sin restricción"
2016,4442,7/12/2016,"Martes",0,0:40:00,,"0.0",2,"Moto/Ciclomotor,Automóvil","Avenida Nuestra Señora del Luj Y Santiago Derqui",3,2,0,0,1,0,0,,"Avenida",,"SANTO TOMÉ","La Capital","Asfalto","No existe","I","S/D","Urbana","Semáforo","Funciona","Intersección","Bueno","Buena","Nocturna","Buen Tiempo","S/D","S/D","Colisión","S/D","S/D","Línea divisoria pintada","Sin restricción"
2016,4443,7/13/2016,"Miercoles",0,17:30:00,"Ruta Provincial 2","11.0",2,"Moto/Ciclomotor,Taxi/Remis"," ",3,1,0,0,2,0,0,,"Ruta",2,"MONTE VERA","La Capital","Hormigón","Natural","I","Dentro","Urbana","Ninguna","No existe","Recta","Bueno","Buena","Diurna","Buen Tiempo","De alcance","S/D","Colisión","S/D","Faltante","Ninguna","Sin restricción"
2016,4444,7/28/2016,"Jueves",0,11:30:00,,"0.0",2,"Automóvil,Moto/Ciclomotor","Juan de Garay Y Av Freyre",2,1,0,0,1,0,0,,"Avenida",,"SANTA FE","La Capital","Asfalto","No existe","I","Dentro","Urbana","Ninguna","No existe","Intersección","Con baches,Deteriorada","Buena","Diurna","Buen Tiempo","Lateral","S/D","Colisión","Ninguna","S/D","Ninguna","Sin restricción"
2016,4445,7/3/2016,"Domingo",0,8:10:00,"Ruta Provincial 2","0.0",2,"Automóvil,Automóvil"," ",6,1,0,0,5,0,0,,"Ruta",2,"MONTE VERA","La Capital","Asfalto","Natural","I","Dentro","Urbana","Ninguna","No existe","Intersección","Bueno","Reducida","Diurna","Niebla","Lateral","S/D","Colisión","S/D","Faltante","Ninguna","Sin restricción"
2016,4446,7/26/2016,"Martes",0,23:40:00,,"0.0",2,"Automóvil,Automóvil","Dr Zavalla Y Amenabar",3,1,0,0,2,0,0,,"Calle",,"SANTA FE","La Capital","Asfalto","No existe","I","Dentro","Urbana","S/D","No existe","Intersección","Con baches,Deteriorada","Buena","Nocturna","Buen Tiempo","De alcance","S/D","Colisión","Ninguna","S/D","Ninguna","Sin restricción"
2016,4447,7/6/2016,"Miercoles",0,21:45:00,,"0.0",2,"Bicicleta,Automóvil","Laurencio Maradona ",2,1,0,0,1,0,0,,"Calle",,"SANTA FE","La Capital","Asfalto","Natural","I","Dentro","Urbana","Ninguna","No existe","Recta","Bueno","Buena","Nocturna,Con luz artificial","Buen Tiempo","S/D","Ciclista","Atropello","Ninguna","Horizontal","Línea divisoria pintada","Sin restricción"
2016,4448,7/5/2016,"Martes",0,7:30:00,,"0.0",2,"Automóvil,Bicicleta","COLECTORA RUTA 168 KM473 ",2,1,0,0,1,0,0,,"Calle",,"SANTA FE","La Capital","Asfalto","Natural","I","Dentro","Urbana","Ninguna","No existe","Recta","Bueno","Reducida","Amanecer,Con luz artificial","Lluvia","S/D","Ciclista","Atropello","Agua","Faltante","Línea divisoria pintada","Sin restricción"
2016,4449,7/26/2016,"Martes",0,13:00:00,,"0.0",2,"Moto/Ciclomotor,Bicicleta","Juan Diaz de Solis Y Corrientes",2,1,0,0,1,0,0,,"Calle",,"SANTA FE","La Capital","Asfalto","No existe","I","Dentro","Urbana","Ninguna","No existe","Intersección","Con baches,Deteriorada","Buena","Diurna","Buen Tiempo","S/D","Ciclista","Atropello","Ninguna","Faltante","Ninguna","Sin restricción"
2016,4450,7/6/2016,"Miercoles",0,9:30:00,,"0.0",2,"Automóvil,Automóvil","Av Gral Lopez Y Francia",3,1,0,0,2,0,0,,"Calle",,"SANTA FE","La Capital","Asfalto","No existe","I","Dentro","Urbana","Ninguna","No existe","Intersección","Con baches","Reducida","Diurna","Niebla","Lateral","S/D","Colisión","S/D","Faltante","Ninguna","Sin restricción"
2016,4451,7/16/2016,"Sabado",0,19:30:00,,"0.0",2,"Moto/Ciclomotor,Automóvil","Reg 12 de Infanteria Y San Jose",2,2,0,0,0,0,0,,"Calle",,"SANTA FE","La Capital","Asfalto","Pavimento","I","Dentro","Urbana","Ninguna","No existe","Recta","Bueno","Buena","Nocturna","Buen Tiempo","S/D","S/D","Colisión","Agua","Faltante","Cordón divisorio","Sin restricción"
2016,4452,7/11/2016,"Lunes",0,14:10:00,,"0.0",2,"Automóvil,Moto/Ciclomotor","J J Paso 3900",2,1,0,0,1,0,0,,"Calle",,"SANTA FE","La Capital","Asfalto","No existe","I","Dentro","Urbana","Ninguna","No existe","Recta","Bueno","Buena","Diurna","Buen Tiempo","De alcance","S/D","Colisión","S/D","Faltante","Ninguna","Sin restricción"
2016,4453,7/26/2016,"Martes",0,12:30:00,,"0.0",2,"Automóvil,Moto/Ciclomotor","Uruguay Y Gdor Freyre",2,1,0,0,1,0,0,,"Calle",,"SANTA FE","La Capital","Asfalto,Tierra","No existe","I","Dentro","Urbana","Ninguna","No existe","Intersección","Con baches,Deteriorada","Buena","Diurna","Buen Tiempo","De alcance","S/D","Colisión","Ninguna","S/D","Ninguna","Sin restricción"
2016,4454,7/27/2016,"Miercoles",0,13:15:00,,"0.0",2,"Moto/Ciclomotor,Automóvil","Don Guanella Y Sebastian Gaboto",2,1,0,0,1,0,0,,"Calle",,"SANTA FE","La Capital","Asfalto","Pavimento","I","Dentro","Urbana","Ninguna","No existe","Recta","Bueno","Buena","Diurna","Buen Tiempo","Frontal","S/D","Colisión","Ninguna","Faltante","Cordón divisorio","Accidente Previo"
2016,4455,7/21/2016,"Jueves",0,5:45:00,,"0.0",2,"Moto/Ciclomotor,Taxi/Remis","Entre Rios Y Dr Zavalla",2,1,0,0,1,0,0,,"Calle",,"SANTA FE","La Capital","Asfalto","No existe","I","Dentro","Urbana","Ninguna","No existe","Intersección","Con baches,Deteriorada","Buena","Nocturna","Buen Tiempo","Lateral","S/D","Colisión","S/D","S/D","Ninguna","Sin restricción"
2016,4456,7/4/2016,"Lunes",0,10:20:00,,"0.0",2,"Moto/Ciclomotor,Automóvil","Balcarce Y Alberdi",2,1,0,0,1,0,0,,"Calle",,"SANTA FE","La Capital","Asfalto","No existe","I","Dentro","Urbana","S/D","S/D","Intersección","Bueno","S/D","Diurna","S/D","Lateral","S/D","Colisión","S/D","S/D","Ninguna","S/D"
2016,4457,7/14/2016,"Jueves",0,13:15:00,,"0.0",2,"Moto/Ciclomotor,Automóvil","Dr Zavalla Y J J Paso",2,1,0,0,1,0,0,,"Avenida",,"SANTA FE","La Capital","Asfalto","No existe","I","Dentro","Urbana","Ninguna","No existe","Intersección","Con baches,Deteriorada","Buena","Diurna","Buen Tiempo","Lateral","S/D","Colisión","Ninguna","S/D","Ninguna","Sin restricción"
2016,4458,7/14/2016,"Jueves",0,1:30:00,,"0.0",2,"Automóvil,Moto/Ciclomotor","Av Leandro Alem Y Sargento Cabral",3,2,0,0,1,0,0,,"Calle",,"SANTA FE","La Capital","Asfalto","S/D","I","Dentro","Urbana","S/D","S/D","Intersección","Bueno","Buena","Nocturna,Con luz artificial","Buen Tiempo","Lateral","S/D","Colisión","S/D","S/D","S/D","Sin restricción"
2016,4459,7/14/2016,"Jueves",0,12:30:00,,"0.0",2,"Automóvil,Camión","Bv Galvez Y Las Heras",3,1,0,0,2,0,0,,"Calle",,"SANTA FE","La Capital","Asfalto","S/D","I","Dentro","Urbana","S/D","Funciona","Intersección","Bueno","Buena","Diurna","Buen Tiempo","Lateral","S/D","Colisión","S/D","S/D","S/D","Sin restricción"
2016,4460,7/12/2016,"Martes",0,17:00:00,,"0.0",2,"Automóvil,Peatón","Uruguay Y Francia",2,1,0,0,1,0,0,,"Calle",,"SANTA FE","La Capital","Asfalto","No existe","I","Dentro","Urbana","Ninguna","No existe","Intersección","Con baches,Deteriorada","Buena","Diurna","Buen Tiempo","S/D","Peatón","Atropello","Ninguna","S/D","Ninguna","Sin restricción"
2016,4461,7/24/2016,"Domingo",0,6:30:00,,"0.0",1,"Automóvil","Belgrano 3998",2,1,0,0,1,0,0,,"Calle",,"SANTA FE","La Capital","Asfalto","No existe","I","Dentro","Urbana","S/D","No existe","Recta","Bueno","Buena","Amanecer,Con luz artificial","Buen Tiempo","Contra objeto fijo","S/D","Colisión","S/D","S/D","Ninguna","Sin restricción"
2016,4462,7/12/2016,"Martes",0,16:45:00,,"0.0",2,"Moto/Ciclomotor,Automóvil","J J Paso Y Dr Zavalla",2,1,0,0,1,0,0,,"S/D",,"SANTA FE","La Capital","Asfalto","No existe","I","Dentro","Urbana","Ninguna","No existe","Intersección","Con baches,Deteriorada","Buena","Diurna","Buen Tiempo","De alcance","S/D","Colisión","Ninguna","S/D","Ninguna","Sin restricción"
2016,4463,7/6/2016,"Miercoles",0,20:40:00,,"0.0",2,"Automóvil,Moto/Ciclomotor","Millan Medina Y Arenales",2,1,0,0,1,0,0,,"Calle",,"SANTA FE","La Capital","Asfalto","Pavimento","I","Dentro","Urbana","Ninguna","No existe","Recta","Bueno","Reducida","Nocturna","Buen Tiempo","Lateral","S/D","Colisión","Ninguna","Faltante","Cordón divisorio","Accidente Previo"
2016,4464,7/15/2016,"Viernes",0,13:30:00,,"0.0",2,"Automóvil,Moto/Ciclomotor","Ricardo Aldao Y Derqui",4,1,0,0,3,0,0,,"Calle",,"SANTA FE","La Capital","Asfalto","No existe","I","Dentro","Urbana","Ninguna","No existe","Intersección","Bueno","Buena","Diurna","Buen Tiempo","De alcance","S/D","Colisión","S/D","S/D","Ninguna","Sin restricción"
2016,4465,7/11/2016,"Lunes",0,8:15:00,,"0.0",2,"Automóvil,Bicicleta","Av Freyre Y Juan de Garay",2,1,0,0,1,0,0,,"Avenida",,"SANTA FE","La Capital","Asfalto","No existe","I","Dentro","Urbana","Ninguna","No existe","Intersección","Con baches,Deteriorada","Buena","Diurna","Buen Tiempo","S/D","Ciclista","Atropello","Ninguna","Faltante","Ninguna","Sin restricción"
2016,4466,7/18/2016,"Lunes",0,23:00:00,,"0.0",2,"Taxi/Remis,Moto/Ciclomotor","Reg 12 de Infanteria Y Estrada",2,1,0,0,1,0,0,,"Calle",,"SANTA FE","La Capital","Asfalto","No existe","I","Dentro","Urbana","Ninguna","No existe","Recta","Bueno","Reducida","Nocturna","Buen Tiempo","Lateral","S/D","Colisión","Ninguna","Faltante","Cordón divisorio","S/D"
2016,4467,7/8/2016,"Viernes",0,21:20:00,,"0.0",2,"Automóvil,Moto/Ciclomotor","Av Freyre Y Juan de Garay",3,1,0,0,1,0,1,,"Avenida",,"SANTA FE","La Capital","Asfalto","No existe","I","Dentro","Urbana","Ninguna","No existe","Intersección","Con baches,Deteriorada","Buena","Nocturna","Buen Tiempo","Lateral","S/D","Colisión","Ninguna","S/D","Ninguna","Sin restricción"
2016,4468,7/29/2016,"Viernes",0,8:10:00,,"0.0",2,"Bicicleta,Automóvil","Reg 12 de Infanteria Y Dr Zavalla",2,1,0,0,1,0,0,,"Calle",,"SANTA FE","La Capital","Asfalto","Natural","I","Dentro","Urbana","Ninguna","No existe","Recta","Bueno","Buena","Diurna","Buen Tiempo","S/D","Ciclista","Atropello","Ninguna","Faltante","S/D","S/D"
2016,4469,7/14/2016,"Jueves",0,11:30:00,,"0.0",2,"Automóvil,Peatón","Av Gral Paz Y Llerena",2,1,0,0,1,0,0,,"Calle",,"SANTA FE","La Capital","Asfalto","No existe","I","Dentro","Urbana","Ninguna","No existe","Recta","Bueno","Buena","Diurna","Buen Tiempo","S/D","Peatón","Atropello","S/D","S/D","Ninguna","Sin restricción"
2016,4470,7/15/2016,"Viernes",0,17:15:00,,"0.0",2,"Automóvil,Moto/Ciclomotor","Gdor Candioti Y R de Castro",3,1,0,0,2,0,0,,"Calle",,"SANTA FE","La Capital","Asfalto","No existe","I","Dentro","Urbana","Ninguna","S/D","Intersección","Bueno","Buena","Atardecer","Buen Tiempo","Lateral","S/D","Colisión","Ninguna","S/D","S/D","Sin restricción"
2016,4471,7/8/2016,"Viernes",0,16:20:00,,"0.0",2,"Bicicleta,Automóvil","Juan Diaz de Solis Y Moreno",2,0,1,0,1,0,0,,"S/D",,"SANTA FE","La Capital","S/D","No existe","I","Dentro","Urbana","Ninguna","No existe","Intersección","Con baches,Deteriorada","Buena","Diurna","Lluvia","S/D","Ciclista","Atropello","Ninguna","S/D","Ninguna","Sin restricción"
2016,4472,7/20/2016,"Miercoles",0,21:00:00,,"0.0",2,"Automóvil,Automóvil","Salvador del Carril 1800",3,2,0,0,1,0,0,,"Calle",,"SANTA FE","La Capital","Asfalto","No existe","I","Dentro","Urbana","S/D","S/D","Recta","Bueno","S/D","Nocturna","Buen Tiempo","De alcance","S/D","Colisión","S/D","S/D","Ninguna","Sin restricción"