"anio_acci","nro_acci","fecha","desc_dia","fecha_aprox","hora_aprox","desc_ruta","km","cant_participantes","desc_participante","calle_avenida_km","total","heridos_leves","heridos_graves","heridos_gravisimos","ilesos","fallecidos","sin_datos","posicion_XY","desc_tipo_via","desc_ruta_ori","desc_loc","desc_dpto","desc_tipo_calzada","desc_tipo_banquina","desc_unidad_regional","desc_lugar_calzada","desc_zona","desc_prioridad","desc_estado_semaforo","desc_lugar_via","desc_estado_via","desc_estado_visibilidad","desc_luminosidad","desc_estado_clima","desc_tipo_colision","desc_tipo_atropello","desc_tipo_hecho","desc_pres_calzada","desc_senializacion","desc_separacion_via","desc_restriccion"
2016,4473,7/21/2016,"Jueves",0,7:15:00,"Ruta Nacional 11","0.0",2,"Automóvil,Moto/Ciclomotor","Primera Junta 4400",3,2,0,0,1,0,0,,"Ruta",11,"SANTO TOMÉ","La Capital","Asfalto","Natural","I","Dentro","Urbana","Ninguna","No existe","Recta","Bueno","Buena","Amanecer","Buen Tiempo","Frontal","S/D","Colisión","S/D","Faltante","Ninguna","Sin restricción"
2016,4474,7/5/2016,"Martes",0,16:40:00,,"0.0",2,"Vehículo Oficial,Moto/Ciclomotor","J J Paso Y Av Freyre",2,0,1,0,1,0,0,,"Avenida",,"SANTA FE","La Capital","Asfalto","No existe","I","Dentro","Urbana","Ninguna","No existe","Intersección","Con baches,Deteriorada","Buena","Diurna","Buen Tiempo","De alcance","S/D","Colisión","Ninguna","S/D","Ninguna","Sin restricción"
2016,4475,7/20/2016,"Miercoles",0,19:00:00,,"0.0",2,"Bicicleta,Automóvil","J P Lopez Y Rivadavia",2,1,0,0,1,0,0,,"Calle",,"SANTA FE","La Capital","Asfalto","No existe","I","Dentro","Urbana","Ninguna","No existe","Intersección","Bueno","Buena","Atardecer","Buen Tiempo","Lateral","Ciclista","Atropello","S/D","S/D","Ninguna","Sin restricción"
2016,4476,7/1/2016,"Viernes",0,14:50:00,,"0.0",2,"Moto/Ciclomotor,Moto/Ciclomotor","Sarmiento Y Maipu",2,2,0,0,0,0,0,,"Calle",,"LAGUNA PAIVA","La Capital","Hormigón","No existe","I","Dentro","Urbana","Ninguna","No existe","Intersección","Bueno","Buena","Diurna","Buen Tiempo","Lateral","S/D","Colisión","Ninguna","Faltante","Ninguna","Sin restricción"
2016,4477,7/21/2016,"Jueves",1,,,"0.0",2,"Pickup/Utilitario,Moto/Ciclomotor","12 de septiembre 3700",3,2,0,0,1,0,0,,"Calle",,"SANTO TOMÉ","La Capital","Tierra","No existe","I","S/D","S/D","S/D","No existe","Recta","Deteriorada","Buena","Nocturna","Buen Tiempo","De alcance","S/D","Colisión","S/D","Faltante","S/D","Sin restricción"
2016,4478,7/1/2016,"Viernes",0,11:30:00,,"0.0",2,"Automóvil,Pickup/Utilitario","Guemes Y Quintana",3,1,0,0,2,0,0,,"Calle",,"SANTA FE","La Capital","Asfalto","No existe","I","Dentro","Urbana","Ninguna","No existe","Intersección","Bueno","Buena","Diurna","Buen Tiempo","Lateral","S/D","Colisión","S/D","S/D","Ninguna","Sin restricción"
2016,4479,7/13/2016,"Miercoles",0,14:30:00,,"0.0",2,"Moto/Ciclomotor,Automóvil","Florencio Sanchez Y Obrero",2,1,0,0,1,0,0,,"Calle",,"LAGUNA PAIVA","La Capital","Ripio","No existe","I","Dentro","Urbana","Ninguna","No existe","Intersección","Con baches","Buena","Diurna","Buen Tiempo","Lateral","S/D","Colisión","Material Suelto","Faltante","Ninguna","Sin restricción"
2016,4480,7/20/2016,"Miercoles",0,17:35:00,,"0.0",2,"Automóvil,Moto/Ciclomotor","Boassi Y Belgrano",2,0,1,0,1,0,0,,"Calle",,"LAGUNA PAIVA","La Capital","Hormigón","No existe","I","Dentro","Urbana","Ninguna","No existe","Intersección","Bueno","Buena","Diurna","Buen Tiempo","Lateral","S/D","Colisión","Ninguna","Vertical","Ninguna","Sin restricción"
2016,4481,7/31/2016,"Domingo",0,23:00:00,,"0.0",2,"Moto/Ciclomotor,Bicicleta","Av Blas Parera Y Larrea",2,2,0,0,0,0,0,,"Calle",,"SANTA FE","La Capital","Hormigón","Pavimento","I","Dentro","Urbana","Semáforo","Funciona","Intersección","Deteriorada","Buena","Nocturna","Buen Tiempo","Lateral","Ciclista","Atropello","Material Suelto","Horizontal,Vertical","Cordón divisorio","Obra en Construcción"
2016,4482,7/26/2016,"Martes",0,17:15:00,,"0.0",2,"Automóvil,Otros","Estanislao Zeballos Y Dr Zavalla",3,2,0,0,1,0,0,,"Calle",,"SANTA FE","La Capital","S/D","No existe","I","S/D","Urbana","Ninguna","No existe","Intersección","Bueno","Buena","Diurna","Buen Tiempo","Lateral","S/D","Colisión","S/D","Faltante","Ninguna","Sin restricción"
2016,4483,7/20/2016,"Miercoles",0,16:10:00,,"0.0",2,"Moto/Ciclomotor,Automóvil","Av Gral Paz Y Gutierrez",2,1,0,0,1,0,0,,"Avenida",,"SANTA FE","La Capital","Asfalto","No existe","I","S/D","Urbana","Ninguna","Funciona","Intersección","Bueno","Buena","Diurna","Buen Tiempo","Lateral","S/D","Colisión","Ninguna","S/D","Ninguna","Accidente Previo"
2016,4484,7/30/2016,"Sabado",0,7:00:00,,"0.0",2,"Moto/Ciclomotor,Automóvil","Av Blas Parera Y Vieytes",2,1,0,0,1,0,0,,"Calle",,"SANTA FE","La Capital","Hormigón","Pavimento","I","Dentro","Urbana","Semáforo","Funciona","Intersección","Deteriorada","Buena","Diurna","Buen Tiempo","Lateral","S/D","Colisión","Material Suelto","Horizontal,Vertical","Cordón divisorio","Sin restricción"
2016,4485,7/20/2016,"Miercoles",0,19:00:00,,"0.0",2,"Bicicleta,Automóvil","CASTELLI Y LAS HERAS",2,1,0,0,1,0,0,,"Calle",,"SANTA FE","La Capital","Asfalto","No existe","I","S/D","Urbana","Ninguna","No existe","Intersección","Bueno","Buena","Atardecer","Buen Tiempo","S/D","Ciclista","Atropello","Ninguna","S/D","Ninguna","Sin restricción"
2016,4486,7/29/2016,"Viernes",0,20:00:00,,"0.0",2,"Moto/Ciclomotor,Automóvil","Av Peñaloza Y Espora",3,1,0,0,2,0,0,,"Calle",,"SANTA FE","La Capital","Asfalto","Pavimento","I","Dentro","Urbana","Ninguna","No existe","Intersección","Deteriorada","Buena","Nocturna,Con luz artificial","Buen Tiempo","Lateral","S/D","Colisión","Material Suelto","Faltante","Cordón divisorio","Sin restricción"
2016,4487,7/20/2016,"Miercoles",0,9:20:00,,"0.0",2,"Automóvil,Moto/Ciclomotor","R Godoy Y Necochea",2,1,0,0,1,0,0,,"Calle",,"SANTA FE","La Capital","Asfalto","No existe","I","S/D","Urbana","Ninguna","No existe","Intersección","Bueno","Buena","Diurna","Buen Tiempo","Lateral","S/D","Colisión","Ninguna","S/D","Ninguna","Sin restricción"
2016,4488,7/28/2016,"Jueves",0,9:00:00,,"0.0",1,"Transporte de Pasajeros Urbano (> 8 asientos)","Av Blas Parera Y Angel Cassanello",2,1,0,0,1,0,0,,"Calle",,"SANTA FE","La Capital","Hormigón","Pavimento","I","Dentro","Urbana","Ninguna","No existe","Intersección","Deteriorada","Buena","Diurna","Buen Tiempo","S/D","S/D","Caída ocupante","S/D","Horizontal,Vertical","Cordón divisorio","Sin restricción"
2016,4489,8/8/2016,"Lunes",0,10:30:00,,"0.0",2,"Moto/Ciclomotor,Pickup/Utilitario","Salta Y Simon Bolivar",3,0,0,0,1,0,2,,"Calle",,"VILLA CONSTITUCIÓN","Constitución","Asfalto","S/D","VI","S/D","Urbana","Ninguna","S/D","Recta","Otro","S/D","Diurna","Buen Tiempo","S/D","S/D","Colisión","Ninguna","Faltante","Ninguna","Sin restricción"
2016,4490,7/26/2016,"Martes",0,22:00:00,,"0.0",2,"Moto/Ciclomotor,Pickup/Utilitario","Av Blas Parera Y Larrea",2,1,0,0,1,0,0,,"Calle",,"SANTA FE","La Capital","Hormigón","Pavimento","I","Dentro","Urbana","Semáforo","No existe","Intersección","Deteriorada","Buena","Nocturna,Con luz artificial","Buen Tiempo","Lateral","S/D","Colisión","Material Suelto","Horizontal,Vertical","Cordón divisorio","Obra en Construcción"
2016,4491,7/6/2016,"Miercoles",0,8:30:00,,"0.0",2,"Moto/Ciclomotor,Moto/Ciclomotor","AV CANDIOTTI Y HERNANDARIAS",2,1,0,0,1,0,0,,"Avenida",,"SANTO TOMÉ","La Capital","Asfalto","Pavimento","I","Dentro","Urbana","Semáforo","Funciona","Intersección","Bueno","Buena","Diurna","Buen Tiempo","S/D","S/D","Colisión","Ninguna","S/D","S/D","Sin restricción"
2016,4492,7/14/2016,"Jueves",0,,,"0.0",2,"Moto/Ciclomotor,Automóvil","Gdor Freyre Y Pedro de Vega",2,1,0,0,1,0,0,,"Calle",,"SANTA FE","La Capital","Asfalto","No existe","I","Fuera","Urbana","Ninguna","No existe","Intersección","Bueno","Buena","Diurna","Buen Tiempo","Lateral","S/D","Colisión","Ninguna","Faltante","S/D","Sin restricción"
2016,4493,7/26/2016,"Martes",0,10:00:00,,"0.0",2,"Moto/Ciclomotor,Moto/Ciclomotor","French 5500",3,2,0,0,1,0,0,,"Calle",,"SANTA FE","La Capital","Asfalto","Natural","I","Dentro","Urbana","Ninguna","No existe","Recta","Deteriorada","Buena","Diurna","Buen Tiempo","Lateral","S/D","Colisión","Material Suelto","Faltante","Ninguna","Sin restricción"
2016,4494,7/22/2016,"Viernes",0,8:05:00,,"0.0",2,"Moto/Ciclomotor,Automóvil","Pedro de Vega Y Av Facundo Zuviria",2,1,0,0,1,0,0,,"Avenida",,"SANTA FE","La Capital","Asfalto","Pavimento","I","S/D","Urbana","Semáforo","Funciona","Intersección","Bueno","Buena","Diurna","Buen Tiempo","Lateral","S/D","Colisión","Ninguna","Vertical","Cordón divisorio","Sin restricción"
2016,4495,7/16/2016,"Sabado",0,13:15:00,,"0.0",2,"Moto/Ciclomotor,Camión Chasis","Juan Jose Paso Y 9 de julio",2,1,0,0,1,0,0,,"Calle",,"SANTO TOMÉ","La Capital","Asfalto","No existe","I","Dentro","Urbana","Ninguna","No existe","Intersección","Bueno","Buena","Diurna","Buen Tiempo","S/D","S/D","Colisión","Ninguna","S/D","Ninguna","Sin restricción"
2016,4496,7/24/2016,"Domingo",0,23:00:00,,"0.0",2,"Moto/Ciclomotor,Camión","Lamadrid Y J P Lopez",2,1,0,0,1,0,0,,"Calle",,"SANTA FE","La Capital","Asfalto","Natural","I","Dentro","Urbana","Ninguna","No existe","Intersección","Deteriorada","Buena","Nocturna,Con luz artificial","Buen Tiempo","Lateral","S/D","Colisión","Material Suelto","Faltante","Ninguna","Sin restricción"
2016,4497,7/22/2016,"Viernes",0,14:00:00,,"0.0",2,"Moto/Ciclomotor,Automóvil","San Lorenzo Y Quintana",2,1,0,0,1,0,0,,"Calle",,"SANTA FE","La Capital","Asfalto","No existe","I","S/D","Urbana","Ninguna","No existe","Intersección","Bueno","Buena","Diurna","Buen Tiempo","Lateral","S/D","Colisión","Ninguna","Faltante","Ninguna","Sin restricción"
2016,4498,8/12/2016,"Viernes",0,15:15:00,,"0.0",2,"Moto/Ciclomotor,Automóvil","Cordoba Y Juan Jose de Urquiza",3,2,0,0,0,0,1,,"S/D",,"VILLA CONSTITUCIÓN","Constitución","Asfalto","No existe","VI","S/D","Urbana","Ninguna","No existe","Recta","Bueno","Buena","Diurna","Buen Tiempo","Lateral","S/D","Colisión","Ninguna","Faltante","Ninguna","Sin restricción"
2016,4499,7/23/2016,"Sabado",0,21:00:00,,"0.0",2,"Moto/Ciclomotor,Automóvil","Av Blas Parera Y Larrea",2,1,0,0,1,0,0,,"Calle",,"SANTA FE","La Capital","Hormigón","Pavimento","I","Dentro","Urbana","Semáforo","Funciona","Intersección","Bueno","Buena","Nocturna,Con luz artificial","Buen Tiempo","Lateral","S/D","Colisión","Material Suelto","Horizontal,Vertical","Cordón divisorio","Obra en Construcción"
2016,4500,7/9/2016,"Sabado",0,0:35:00,,"0.0",2,"Automóvil,Moto/Ciclomotor","Avenida Nuestra Señora del Luj Y Aritobulo del Valle",2,1,0,0,1,0,0,,"Avenida",,"SANTO TOMÉ","La Capital","Asfalto","Pavimento","I","Dentro","Urbana","Semáforo","Funciona","Intersección","Bueno","Buena","Nocturna,Con luz artificial","Buen Tiempo","S/D","S/D","Colisión","Ninguna","S/D","Línea divisoria pintada","Sin restricción"
2016,4501,7/26/2016,"Martes",0,21:45:00,,"0.0",2,"Bicicleta,Automóvil","J Castelli Y San Lorenzo",2,1,0,0,1,0,0,,"Calle",,"SANTA FE","La Capital","Asfalto","No existe","I","S/D","Urbana","Ninguna","No existe","Intersección","Bueno","Buena","Diurna","Buen Tiempo","S/D","Ciclista","Atropello","S/D","Vertical","Ninguna","Sin restricción"
2016,4502,7/23/2016,"Sabado",0,16:00:00,,"0.0",2,"Moto/Ciclomotor,Automóvil","Vieytes Y Pje Diego de Leiva",2,2,0,0,0,0,0,,"Calle",,"SANTA FE","La Capital","Asfalto","Natural","I","Dentro","Urbana","Ninguna","No existe","Intersección","Deteriorada","Buena","Diurna","Buen Tiempo","Frontal","S/D","Colisión","Material Suelto","Faltante","Ninguna","Sin restricción"
2016,4503,8/12/2016,"Viernes",0,15:00:00,,"0.0",2,"Moto/Ciclomotor,Automóvil","Independencia Y Santiago del Estero",3,2,0,0,0,0,1,,"Calle",,"VILLA CONSTITUCIÓN","Constitución","Asfalto","No existe","VI","S/D","Urbana","Ninguna","No existe","Intersección","Bueno","Buena","Diurna","Buen Tiempo","Lateral","S/D","Colisión","Ninguna","Faltante","Ninguna","Sin restricción"
2016,4504,7/7/2016,"Jueves",0,15:10:00,"Ruta Nacional 19","0.0",2,"Moto/Ciclomotor,Transporte de Pasajeros Larga Distancia (Piso  y  1/2)","RUTA 19 Y RUTA 19",2,1,0,0,1,0,0,,"Ruta",19,"SANTO TOMÉ","La Capital","Asfalto","Ripio","I","Dentro","Urbana","S/D","S/D","Intersección","Bueno","Buena","Diurna","Buen Tiempo","S/D","S/D","Colisión","Ninguna","S/D","Línea divisoria pintada","Sin restricción"
2016,4505,7/8/2016,"Viernes",0,1:30:00,,"0.0",2,"Automóvil,Automóvil","AV. MAR ARGENTINO ",3,3,0,0,0,0,0,,"Avenida",,"SANTA FE","La Capital","Asfalto","Pavimento","I","Dentro","Urbana","Señal Ceda el Paso","No existe","Intersección","Bueno","Reducida","Nocturna","Buen Tiempo","Lateral","S/D","Colisión","S/D","Horizontal","Guardarrail","Sin restricción"
2016,4506,7/22/2016,"Viernes",0,8:00:00,,"0.0",2,"Moto/Ciclomotor,Automóvil","Lamadrid Y Boneo",2,1,0,0,1,0,0,,"Calle",,"SANTA FE","La Capital","Asfalto","Natural","I","Dentro","Urbana","Ninguna","No existe","Intersección","Deteriorada","Buena","Diurna","Buen Tiempo","Lateral","S/D","Colisión","S/D","Faltante","Ninguna","Sin restricción"
2016,4507,8/16/2016,"Martes",0,,,"0.0",2,"Automóvil,Moto/Ciclomotor","Guillermo Brown Y Santiago del Estero",2,1,0,0,1,0,0,,"S/D",,"VILLA CONSTITUCIÓN","Constitución","Asfalto","No existe","VI","S/D","S/D","Ninguna","No existe","Intersección","Bueno","Buena","Diurna","Otro","Lateral","S/D","Colisión","Ninguna","Faltante","Ninguna","Sin restricción"
2016,4508,7/6/2016,"Miercoles",0,10:45:00,,"0.0",2,"Bicicleta,Automóvil","GRAL LOPEZ Y CANDIOTTI",2,1,0,0,1,0,0,,"Avenida",,"SANTO TOMÉ","La Capital","Asfalto","Pavimento","I","Dentro","Urbana","S/D","No existe","Intersección","Bueno","Buena","Diurna","Buen Tiempo","S/D","Ciclista","Atropello","Ninguna","S/D","S/D","S/D"
2016,4509,7/4/2016,"Lunes",0,7:50:00,,"0.0",2,"Taxi/Remis,Moto/Ciclomotor","San Jose Y Corrientes",2,1,0,0,1,0,0,,"Calle",,"SANTA FE","La Capital","Asfalto","No existe","I","S/D","Urbana","Ninguna","No existe","Intersección","Con baches","Reducida","Amanecer","Niebla","Lateral","S/D","Colisión","Ninguna","Faltante","Ninguna","Sin restricción"
2016,4510,7/21/2016,"Jueves",0,17:00:00,,"0.0",2,"Moto/Ciclomotor,Automóvil","Av Blas Parera Y Vieytes",2,1,0,0,1,0,0,,"Calle",,"SANTA FE","La Capital","Hormigón","Pavimento","I","Dentro","Urbana","Semáforo","Funciona","Intersección","Deteriorada","Buena","Nocturna","Buen Tiempo","Lateral","S/D","Colisión","Material Suelto","Horizontal,Vertical","Cordón divisorio","Obra en Construcción"
2016,4511,7/10/2016,"Domingo",0,7:00:00,"Ruta Provincial 1","7.0",3,"Automóvil,Automóvil,Automóvil"," ",4,1,0,0,3,0,0,,"Ruta",1,"SAN JOSÉ DEL RINCÓN","La Capital","Asfalto","Natural","I","Dentro","Urbana","Otra Señal","Intermitente","Recta","Bueno","Buena","Diurna","Buen Tiempo","Múltiple","S/D","Colisión","Ninguna","Vertical","Línea divisoria pintada","Sin restricción"
2016,4512,7/20/2016,"Miercoles",0,21:00:00,,"0.0",2,"Moto/Ciclomotor,Automóvil","J Castelli Y Aguado",2,1,0,0,1,0,0,,"Calle",,"SANTA FE","La Capital","Asfalto","Pavimento","I","Dentro","Urbana","Ninguna","No existe","Intersección","Deteriorada","Buena","Nocturna","Buen Tiempo","Lateral","S/D","Colisión","Agua","Faltante","Ninguna","Sin restricción"
2016,4513,8/20/2016,"Sabado",0,,,"0.0",2,"Automóvil,Moto/Ciclomotor","Manuel Dorrego Y Acevedo",3,2,0,0,1,0,0,,"S/D",,"VILLA CONSTITUCIÓN","Constitución","Asfalto","No existe","VI","S/D","S/D","Semáforo","Funciona","Intersección","Con baches","Buena","Diurna","Buen Tiempo","Lateral","S/D","Colisión","Ninguna","Horizontal","Ninguna","Sin restricción"
2016,4514,7/17/2016,"Domingo",0,11:00:00,,"0.0",2,"Moto/Ciclomotor,Automóvil","J Castelli Y Aguado",2,1,0,0,1,0,0,,"Calle",,"SANTA FE","La Capital","Asfalto,Hormigón","Pavimento","I","Dentro","Urbana","Ninguna","No existe","Intersección","Bueno","Buena","Diurna","Buen Tiempo","Lateral","S/D","Colisión","S/D","Faltante","Ninguna","Sin restricción"
2016,4515,7/22/2016,"Viernes",0,8:30:00,"Ruta Provincial 1","9.0",2,"Automóvil,Automóvil"," ",4,2,0,0,2,0,0,,"Ruta",1,"SAN JOSÉ DEL RINCÓN","La Capital","Asfalto","Natural","I","Dentro","Urbana","Ninguna","No existe","Recta","Bueno","Buena","Diurna","Buen Tiempo","De alcance","S/D","Colisión","Ninguna","Vertical","Línea divisoria pintada","Sin restricción"
2016,4516,7/24/2016,"Domingo",0,7:00:00,,"0.0",2,"Automóvil,Automóvil","Juan Francisco Segui Y Constituyentes",3,1,0,0,1,0,1,,"Calle",,"SAN JOSÉ DEL RINCÓN","La Capital","Tierra","No existe","I","S/D","Urbana","Ninguna","No existe","Intersección","Deteriorada","Reducida","Amanecer","Buen Tiempo","Otro","S/D","Colisión","Material Suelto","Faltante","Ninguna","Sin restricción"
2016,4517,8/21/2016,"Domingo",0,17:45:00,,"0.0",2,"Automóvil,Automóvil","Independencia Y Presidente Peron",2,1,0,0,1,0,0,,"Calle",,"VILLA CONSTITUCIÓN","Constitución","Asfalto","No existe","VI","S/D","Urbana","Ninguna","No existe","Intersección","S/D","Buena","Diurna","Buen Tiempo","Otro","S/D","Colisión","S/D","S/D","Ninguna","Sin restricción"
2016,4518,7/16/2016,"Sabado",0,19:00:00,,"0.0",2,"Moto/Ciclomotor,Automóvil","Vieytes Y Alsina",3,2,0,0,1,0,0,,"Calle",,"SANTA FE","La Capital","Asfalto","No existe","I","Dentro","Urbana","Ninguna","No existe","Intersección","Deteriorada","Buena","Diurna","Buen Tiempo","Lateral","S/D","Colisión","S/D","Faltante","Ninguna","Sin restricción"
2016,4519,7/13/2016,"Miercoles",0,10:45:00,,"0.0",2,"Bicicleta,Pickup/Utilitario","Azcuenaga 4200",2,1,0,0,1,0,0,,"Calle",,"SANTA FE","La Capital","Asfalto","Natural","I","Dentro","Urbana","Ninguna","No existe","Recta","Deteriorada","Buena","Diurna","Buen Tiempo","Lateral","Ciclista","Atropello","Agua","Faltante","Ninguna","Sin restricción"
2016,4520,8/21/2016,"Domingo",0,12:30:00,,"0.0",2,"Automóvil,Automóvil","Saavedra Y San Juan",3,1,0,0,2,0,0,,"Calle",,"VILLA CONSTITUCIÓN","Constitución","Asfalto","No existe","VI","S/D","Urbana","Ninguna","No existe","Intersección","Bueno","Buena","Diurna","Buen Tiempo","Lateral","S/D","Colisión","Ninguna","Faltante","Ninguna","Sin restricción"
2016,4521,7/30/2016,"Sabado",0,18:00:00,,"0.0",1,"Moto/Ciclomotor","Sarmiento Y 4 de Enero",1,1,0,0,0,0,0,,"Calle",,"SANTA FE","La Capital","Asfalto","No existe","I","Dentro","Urbana","Ninguna","No existe","Recta","Bueno","Buena","Diurna","Buen Tiempo","Atropello animal","S/D","Colisión","Ninguna","Faltante","Ninguna","Sin restricción"
2016,4522,7/12/2016,"Martes",0,11:45:00,,"0.0",2,"Moto/Ciclomotor,Automóvil","Larrea Y Chiclana",2,1,0,0,1,0,0,,"Calle",,"SANTA FE","La Capital","Asfalto","Natural","I","Dentro","Urbana","Ninguna","No existe","Intersección","Deteriorada","Buena","Diurna","Buen Tiempo","Lateral","S/D","Colisión","S/D","Faltante","Ninguna","Sin restricción"
2016,4523,8/31/2016,"Miercoles",0,21:10:00,,"0.0",2,"Moto/Ciclomotor,Moto/Ciclomotor","Gral Lopez Y Dr Destefanis",2,0,2,0,0,0,0,,"Calle",,"GÁLVEZ","San Jerónimo","Asfalto","S/D","XIV","S/D","Urbana","Ninguna","S/D","Recta","Bueno","S/D","Nocturna","Buen Tiempo","Lateral","S/D","Colisión","Ninguna","Faltante","S/D","S/D"
2016,4524,7/10/2016,"Domingo",0,20:00:00,,"0.0",2,"Moto/Ciclomotor,Moto/Ciclomotor","Av Blas Parera Y Vieytes",2,1,0,0,1,0,0,,"Calle",,"SANTA FE","La Capital","Hormigón","S/D","I","Dentro","Urbana","Semáforo","S/D","Intersección","S/D","Buena","Nocturna,Con luz artificial","Buen Tiempo","Lateral","S/D","Colisión","S/D","S/D","S/D","Sin restricción"
2016,4525,8/22/2016,"Lunes",0,,,"0.0",2,"Automóvil,Moto/Ciclomotor","Catamarca Y Independencia",3,2,0,0,1,0,0,,"Calle",,"VILLA CONSTITUCIÓN","Constitución","Asfalto","S/D","VI","Dentro","Urbana","Ninguna","S/D","Intersección","Bueno","S/D","S/D","Buen Tiempo","S/D","S/D","Otro","Ninguna","Faltante","Ninguna","Sin restricción"
2016,4526,8/5/2016,"Viernes",0,19:30:00,,"0.0",2,"Moto/Ciclomotor,Moto/Ciclomotor","De las Naciones Y Lavalle",2,2,0,0,0,0,0,,"Calle",,"ESPERANZA","Las Colonias","Ripio","No existe","XI","S/D","Urbana","Ninguna","No existe","Intersección","Bueno","Buena","Atardecer","Buen Tiempo","Lateral","S/D","Colisión","Ninguna","Faltante","Ninguna","Sin restricción"
2016,4527,7/7/2016,"Jueves",0,20:40:00,,"0.0",2,"Moto/Ciclomotor,Automóvil","Av Peñaloza Y French",2,1,0,0,1,0,0,,"Calle",,"SANTA FE","La Capital","Hormigón","Pavimento","I","Dentro","Urbana","Ninguna","No existe","Intersección","Bueno","Buena","Nocturna,Con luz artificial","Buen Tiempo","Lateral","S/D","Colisión","S/D","Vertical","Cordón divisorio","Sin restricción"
2016,4528,8/24/2016,"Miercoles",0,11:00:00,,"0.0",2,"Moto/Ciclomotor,Automóvil","Belgrano Y Formosa",3,2,0,0,0,0,1,,"Calle",,"VILLA CONSTITUCIÓN","Constitución","S/D","S/D","VI","S/D","Urbana","Ninguna","S/D","Intersección","Bueno","S/D","Diurna","Buen Tiempo","Lateral","S/D","Colisión","Ninguna","Faltante","Ninguna","Sin restricción"
2016,4529,7/6/2016,"Miercoles",0,18:20:00,,"0.0",2,"Moto/Ciclomotor,Automóvil","Av Peñaloza Y French",2,1,0,0,1,0,0,,"Calle",,"SANTA FE","La Capital","Hormigón","Pavimento","I","Dentro","Urbana","Ninguna","No existe","Intersección","Bueno","Buena","Atardecer,Con luz artificial","Buen Tiempo","Lateral","S/D","Colisión","S/D","Vertical","Cordón divisorio","Sin restricción"
2016,4530,8/8/2016,"Lunes",0,17:30:00,"Ruta Provincial 70","0.0",2,"Peatón,Otros","A Aufranc Y General Manuel Belgrano",2,0,1,0,1,0,0,,"Ruta",70,"ESPERANZA","Las Colonias","Asfalto","Ripio","XI","S/D","Urbana","Ninguna","No existe","Recta","Bueno","Buena","Diurna","Buen Tiempo","S/D","Peatón","Atropello","Ninguna","Vertical","Línea divisoria pintada","Sin restricción"
2016,4531,7/11/2016,"Lunes",0,20:10:00,,"0.0",2,"Automóvil,Moto/Ciclomotor","Av Blas Parera Y Pedro Espinosa",2,1,0,0,1,0,0,,"Calle",,"SANTA FE","La Capital","Asfalto","Natural","I","Dentro","Urbana","Ninguna","No existe","Intersección","Deteriorada","Buena","Nocturna,Con luz artificial","Buen Tiempo","Lateral","S/D","Colisión","S/D","Horizontal","Línea divisoria pintada","Sin restricción"
2016,4532,8/30/2016,"Martes",0,,,"0.0",2,"Moto/Ciclomotor,Automóvil","Manuel Dorrego Y Lisandro de la Torre",2,1,0,0,1,0,0,,"Avenida",,"VILLA CONSTITUCIÓN","Constitución","Asfalto","S/D","VI","Dentro","Urbana","Semáforo","Funciona","Intersección","Bueno","S/D","S/D","Buen Tiempo","Lateral","S/D","Colisión","Ninguna","Vertical","Ninguna","Sin restricción"
2016,4533,8/30/2016,"Martes",0,,,"0.0",2,"Automóvil,Bicicleta","Jujuy Y Belgrano",2,1,0,0,1,0,0,,"Calle",,"VILLA CONSTITUCIÓN","Constitución","Asfalto","S/D","VI","Dentro","Urbana","Otra Señal","S/D","Intersección","Otro","S/D","S/D","Buen Tiempo","S/D","Ciclista","Atropello","Ninguna","Faltante","Ninguna","Sin restricción"
2016,4534,8/29/2016,"Lunes",0,9:30:00,,"0.0",1,"Moto/Ciclomotor","Lisandro de la Torre Y Simon Bolivar",3,2,0,0,1,0,0,,"Calle",,"VILLA CONSTITUCIÓN","Constitución","Asfalto","No existe","VI","Dentro","Urbana","Ninguna","No existe","Intersección","Bueno","Buena","Diurna","Buen Tiempo","S/D","S/D","Caída ocupante","Ninguna","Faltante","Ninguna","Sin restricción"
2016,4535,8/29/2016,"Lunes",0,17:15:00,,"0.0",2,"Automóvil,Moto/Ciclomotor","Manuel Dorrego Y French",2,1,0,0,1,0,0,,"Calle",,"VILLA CONSTITUCIÓN","Constitución","Asfalto","No existe","VI","Dentro","Urbana","Ninguna","No existe","Intersección","Otro","Buena","Diurna","Buen Tiempo","Lateral","S/D","Colisión","Ninguna","Faltante","Ninguna","Sin restricción"