"anio_acci","nro_acci","fecha","desc_dia","fecha_aprox","hora_aprox","desc_ruta","km","cant_participantes","desc_participante","calle_avenida_km","total","heridos_leves","heridos_graves","heridos_gravisimos","ilesos","fallecidos","sin_datos","posicion_XY","desc_tipo_via","desc_ruta_ori","desc_loc","desc_dpto","desc_tipo_calzada","desc_tipo_banquina","desc_unidad_regional","desc_lugar_calzada","desc_zona","desc_prioridad","desc_estado_semaforo","desc_lugar_via","desc_estado_via","desc_estado_visibilidad","desc_luminosidad","desc_estado_clima","desc_tipo_colision","desc_tipo_atropello","desc_tipo_hecho","desc_pres_calzada","desc_senializacion","desc_separacion_via","desc_restriccion"
2016,4536,8/29/2016,"Lunes",0,17:00:00,"Ruta Provincial 21","0.0",2,"Automóvil,Automóvil","Ruta Prov 21 ",2,1,0,0,1,0,0,,"Ruta",21,"VILLA CONSTITUCIÓN","Constitución","Asfalto","Ripio","VI","Dentro","Urbana","Otra Señal","No existe","Curva","Bueno","Buena","Diurna","Buen Tiempo","Lateral","S/D","Colisión","Ninguna","Faltante","Línea divisoria pintada","Sin restricción"
2016,4537,8/30/2016,"Martes",0,7:00:00,,"0.0",2,"Automóvil,Bicicleta","San Martin Y Entre Rios",2,1,0,0,1,0,0,,"Avenida",,"VILLA CONSTITUCIÓN","Constitución","S/D","No existe","VI","Dentro","Urbana","Ninguna","No existe","Recta","Bueno","Buena","Diurna","Buen Tiempo","S/D","Ciclista","Atropello","Ninguna","Faltante","Línea divisoria pintada","Sin restricción"
2016,4538,8/31/2016,"Miercoles",0,17:00:00,,"0.0",1,"Moto/Ciclomotor","14 de Febrero Y Gral Lopez",1,1,0,0,0,0,0,,"Avenida",,"VILLA CONSTITUCIÓN","Constitución","Asfalto","No existe","VI","Dentro","Urbana","Ninguna","No existe","Recta","Bueno","Buena","Diurna","Buen Tiempo","S/D","S/D","Caída ocupante","Ninguna","Faltante","Ninguna","Sin restricción"
2016,4539,8/26/2016,"Viernes",0,,,"0.0",2,"Bicicleta,Pickup/Utilitario","Manuel Dorrego Y Formosa",2,1,0,0,1,0,0,,"Avenida",,"VILLA CONSTITUCIÓN","Constitución","Asfalto","No existe","VI","Dentro","Urbana","Ninguna","No existe","Recta","Bueno","Buena","Diurna","Buen Tiempo","S/D","Ciclista","Atropello","Ninguna","Faltante","Ninguna","Sin restricción"
2016,4540,8/4/2016,"Jueves",0,2:40:00,"Ruta Provincial 18","59.0",2,"Automóvil,Camión"," ",2,0,0,1,1,0,0,,"Ruta",18,"SANTA TERESA","Constitución","Asfalto","Pavimento","VI","S/D","Rural","Señal Pare","No existe","Cruce","Bueno","S/D","Nocturna,Con luz artificial","Buen Tiempo","Lateral","S/D","Colisión","Ninguna","Faltante","Cordón divisorio","Sin restricción"
2016,4541,8/24/2016,"Miercoles",0,8:30:00,"Ruta Provincial 90","59.0",1,"Automóvil"," ",3,3,0,0,0,0,0,,"Ruta",90,"SANTA TERESA","Constitución","Asfalto","Natural","VI","Dentro","Rural","Ninguna","No existe","Recta","Bueno","Buena","Diurna","Buen Tiempo","S/D","S/D","Vuelco","Ninguna","Faltante","Ninguna","Sin restricción"
2016,4542,8/26/2016,"Viernes",0,19:10:00,"Ruta Provincial 18","37.0",1,"Moto/Ciclomotor"," ",2,1,0,0,1,0,0,,"Ruta",18,"SANTA TERESA","Constitución","Asfalto","Natural","VI","Dentro","Rural","Ninguna","No existe","Recta","Bueno","Reducida","Atardecer","Buen Tiempo","S/D","S/D","Despiste","Ninguna","Faltante","Línea divisoria pintada","Sin restricción"
2016,4543,8/13/2016,"Sabado",0,11:15:00,"Ruta Nacional 11","903.7",3,"Automóvil,Automóvil,Automóvil"," ",13,1,0,0,11,0,1,,"Ruta",11,"EL RABÓN","General Obligado","Asfalto","Natural","IX","Dentro","Rural","Otra Señal","No existe","Recta","Con baches","Buena","Diurna","Buen Tiempo","S/D","S/D","Colisión","S/D","Horizontal","Línea divisoria pintada","Obra en Construcción,Reparación de Vía"
2016,4544,7/5/2016,"Martes",0,19:30:00,,"0.0",2,"Moto/Ciclomotor,Automóvil","J M Perez Y Pje Boedo",2,1,0,0,1,0,0,,"Avenida",,"SANTA FE","La Capital","Hormigón","Pavimento","I","Dentro","Urbana","Otra Señal","Funciona","Intersección","Deteriorada","Buena","Atardecer","Buen Tiempo","Lateral","S/D","Colisión","Material Suelto","Horizontal,Vertical","Cordón divisorio","Sin restricción"
2016,4545,7/1/2016,"Viernes",0,13:00:00,,"0.0",2,"Moto/Ciclomotor,Automóvil","Estanislao Zeballos Y Estrada",2,1,0,0,1,0,0,,"Calle",,"SANTA FE","La Capital","Hormigón","Pavimento","I","Dentro","Urbana","Ninguna","No existe","Intersección","Deteriorada","Buena","Diurna","Buen Tiempo","Lateral","S/D","Colisión","Agua","Vertical","Ninguna","Sin restricción"
2016,4546,7/1/2016,"Viernes",0,10:20:00,,"0.0",2,"Moto/Ciclomotor,Pickup/Utilitario","Av Blas Parera 7100",2,1,0,0,1,0,0,,"Avenida",,"SANTA FE","La Capital","Hormigón","Pavimento","I","Dentro","Urbana","Otra Señal","No existe","Recta","Deteriorada","Buena","Diurna","Buen Tiempo","Lateral","S/D","Colisión","Material Suelto","Horizontal,Vertical","Cordón divisorio","Sin restricción"
2016,4547,7/4/2016,"Lunes",0,9:30:00,,"0.0",2,"Camión c / Semirremolque,Moto/Ciclomotor","Av Blas Parera 10.40",3,2,0,0,1,0,0,,"Avenida",,"SANTA FE","La Capital","Asfalto","Natural","I","Dentro","Urbana","Ninguna","No existe","Recta","Deteriorada","Buena","Diurna","Buen Tiempo","Lateral","S/D","Colisión","Ninguna","Horizontal","Línea divisoria pintada","Sin restricción"
2016,4548,7/16/2016,"Sabado",0,13:00:00,,"0.0",3,"Automóvil,Moto/Ciclomotor,Moto/Ciclomotor","Bernardo de Irigoyen Y Gorriti",4,3,0,0,1,0,0,,"Avenida",,"SANTA FE","La Capital","Asfalto","No existe","I","S/D","Urbana","Ninguna","No existe","Recta","Bueno","Buena","Diurna","Buen Tiempo","De alcance","S/D","Colisión","Ninguna","Faltante","Ninguna","Sin restricción"
2016,4549,7/1/2016,"Viernes",0,18:45:00,,"0.0",2,"Peatón,Moto/Ciclomotor","Beruti Y Cafferata",2,1,0,0,1,0,0,,"Calle",,"SANTA FE","La Capital","Asfalto","No existe","I","Dentro","Urbana","Ninguna","No existe","Intersección","Bueno","Buena","Atardecer","Buen Tiempo","S/D","Peatón","Atropello","S/D","Faltante","Ninguna","Sin restricción"
2016,4550,7/28/2016,"Jueves",0,12:40:00,,"0.0",2,"Moto/Ciclomotor,Transporte de Pasajeros Urbano (> 8 asientos)","Av Blas Parera Y Beruti",2,1,0,0,1,0,0,,"Calle",,"SANTA FE","La Capital","Asfalto","No existe","I","Dentro","Urbana","Ninguna","No existe","Recta","Bueno","Buena","Diurna","Buen Tiempo","Lateral","S/D","Colisión","S/D","Faltante","Ninguna","Sin restricción"
2016,4551,7/24/2016,"Domingo",0,22:00:00,,"0.0",1,"Moto/Ciclomotor","Av Blas Parera Y Chaco",2,1,0,0,1,0,0,,"Calle",,"SANTA FE","La Capital","Asfalto","S/D","I","Dentro","Urbana","Ninguna","S/D","Intersección","Bueno","S/D","Nocturna","Buen Tiempo","S/D","S/D","Caída ocupante","S/D","Faltante","Ninguna","Sin restricción"
2016,4552,7/23/2016,"Sabado",0,23:00:00,,"0.0",2,"Automóvil,Moto/Ciclomotor","Av Blas Parera Y Beruti",2,1,0,0,1,0,0,,"Calle",,"SANTA FE","La Capital","Asfalto","No existe","I","Dentro","Urbana","S/D","No existe","Intersección","Bueno","Buena","Nocturna","Buen Tiempo","Frontal","S/D","Colisión","S/D","Faltante","Ninguna","Obra en Construcción"
2016,4553,8/20/2016,"Sabado",0,18:50:00,,"0.0",2,"Moto/Ciclomotor,Automóvil","Simon de Iriondo 4081",3,2,0,0,1,0,0,,"Calle",,"ESPERANZA","Las Colonias","Asfalto","S/D","XI","Dentro","Urbana","Ninguna","S/D","Recta","S/D","Buena","Diurna","Buen Tiempo","S/D","S/D","Colisión","S/D","Faltante","Línea divisoria pintada","Obra en Construcción"
2016,4554,8/2/2016,"Martes",0,11:20:00,,"0.0",2,"Moto/Ciclomotor,Bicicleta","Mariano Moreno ",3,2,0,0,1,0,0,,"Calle",,"ESPERANZA","Las Colonias","Asfalto","No existe","XI","Dentro","Urbana","Ninguna","No existe","Intersección","Bueno","Buena","Diurna","Buen Tiempo","Frontal","Ciclista","Atropello","S/D","Vertical","Ninguna","Sin restricción"
2016,4555,8/6/2016,"Sabado",0,3:35:00,,"0.0",2,"Automóvil,Moto/Ciclomotor","Castelli Y General Manuel Belgrano",3,2,0,0,1,0,0,,"Calle",,"ESPERANZA","Las Colonias","Asfalto","Pavimento","XI","Dentro","Urbana","Ninguna","No existe","Intersección","Bueno","Reducida","Nocturna,Con luz artificial","S/D","Lateral","S/D","Colisión","Agua","Faltante","Cordón divisorio","Sin restricción"
2016,4556,8/17/2016,"Miercoles",0,7:50:00,,"0.0",1,"Moto/Ciclomotor","Mariano Moreno Y Balcarce",1,1,0,0,0,0,0,,"Calle",,"ESPERANZA","Las Colonias","Asfalto","Pavimento","XI","Dentro","Urbana","Ninguna","No existe","Intersección","Bueno","Buena","Diurna","Buen Tiempo","Atropello animal","S/D","Colisión","S/D","Faltante","Cordón divisorio","Sin restricción"
2016,4557,8/6/2016,"Sabado",0,11:50:00,,"0.0",2,"Moto/Ciclomotor,Automóvil","General Paz Y Cullen",2,1,0,0,1,0,0,,"Calle",,"ESPERANZA","Las Colonias","Asfalto","No existe","XI","Dentro","Urbana","Ninguna","No existe","Intersección","Bueno","Buena","Diurna","Buen Tiempo","Lateral","S/D","Colisión","S/D","Vertical","Ninguna","Sin restricción"
2016,4558,8/5/2016,"Viernes",0,11:00:00,,"0.0",2,"Moto/Ciclomotor,Automóvil","Pellegrini 1675",2,1,0,0,1,0,0,,"Calle",,"SAN GENARO","San Jerónimo","Asfalto","No existe","XV","Dentro","Urbana","Ninguna","No existe","Recta","Deteriorada","Buena","Diurna","Buen Tiempo","Lateral","S/D","Colisión","Ninguna","Faltante","Ninguna","Sin restricción"
2016,4559,4/11/2016,"Lunes",0,14:45:00,"Ruta Nacional 11","0.0",2,"Automóvil,Moto/Ciclomotor"," ",3,2,0,0,1,0,0,,"Ruta",11,"RECREO","La Capital","S/D","S/D","I","Dentro","Urbana","S/D","S/D","Cruce","S/D","S/D","Diurna","S/D","S/D","S/D","Colisión","S/D","S/D","S/D","S/D"
2016,4560,8/2/2016,"Martes",0,18:00:00,,"0.0",2,"Peatón,Automóvil","Simon Bolivar Y San Juan",2,1,0,0,0,0,1,,"Calle",,"VILLA CONSTITUCIÓN","Constitución","Asfalto","Pavimento","VI","Dentro","Urbana","Ninguna","No existe","Intersección","Bueno","Buena","Diurna","Buen Tiempo","S/D","Peatón","Atropello","Ninguna","S/D","Ninguna","Sin restricción"
2016,4561,4/1/2016,"Viernes",0,19:15:00,,"0.0",2,"Moto/Ciclomotor,Automóvil","Calle 16 Gral Obligado 700",2,1,0,0,1,0,0,,"Calle",,"RECONQUISTA","General Obligado","S/D","S/D","IX","Dentro","Urbana","S/D","S/D","S/D","S/D","S/D","Atardecer","S/D","S/D","S/D","Colisión","S/D","S/D","S/D","S/D"
2016,4562,8/2/2016,"Martes",0,23:00:00,,"0.0",2,"Moto/Ciclomotor,Automóvil","Av. del Trabajo Y Independencia",3,1,0,0,0,0,2,,"Calle",,"VILLA CONSTITUCIÓN","Constitución","Asfalto","No existe","VI","Dentro","Urbana","Ninguna","No existe","Intersección","Bueno","Buena","Nocturna","Buen Tiempo","Frontal","S/D","Colisión","Ninguna","S/D","Ninguna","Sin restricción"
2016,4563,8/4/2016,"Jueves",0,21:45:00,,"0.0",2,"Moto/Ciclomotor,Automóvil","Chubut Y Alberdi",2,1,0,0,0,0,1,,"Calle",,"VILLA CONSTITUCIÓN","Constitución","Asfalto","No existe","VI","Dentro","Urbana","Ninguna","No existe","Intersección","Bueno","Buena","Nocturna","Buen Tiempo","Frontal","S/D","Colisión","Ninguna","S/D","Ninguna","Sin restricción"
2016,4564,8/7/2016,"Domingo",0,17:25:00,,"0.0",2,"Moto/Ciclomotor,Automóvil"," ",3,1,0,0,0,0,2,,"S/D",,"VILLA CONSTITUCIÓN","Constitución","Asfalto","Natural","VI","S/D","S/D","Ninguna","No existe","Intersección","Bueno","Buena","Diurna","Buen Tiempo","Frontal","S/D","Colisión","Ninguna","S/D","Ninguna","Sin restricción"
2016,4565,8/12/2016,"Viernes",0,14:20:00,,"0.0",2,"Moto/Ciclomotor,Automóvil","San Martin ",2,1,0,0,0,0,1,,"S/D",,"VILLA CONSTITUCIÓN","Constitución","Asfalto","No existe","VI","Dentro","Urbana","Ninguna","No existe","Intersección","Bueno","Buena","Diurna","Buen Tiempo","Frontal","S/D","Colisión","Agua","S/D","Ninguna","Sin restricción"
2016,4566,8/15/2016,"Lunes",0,6:15:00,"Ruta Provincial 21","0.0",1,"Automóvil"," ",6,0,1,0,5,0,0,,"Ruta",21,"VILLA CONSTITUCIÓN","Constitución","Asfalto","Natural","VI","Dentro","Urbana","Ninguna","No existe","Recta","Bueno","Buena","Nocturna","Buen Tiempo","Contra objeto fijo","S/D","Colisión","Ninguna","S/D","Cordón divisorio","Sin restricción"
2016,4567,8/19/2016,"Viernes",0,18:00:00,,"0.0",1,"Moto/Ciclomotor","San Martin Y Tierra del Fuego",1,1,0,0,0,0,0,,"Calle",,"VILLA CONSTITUCIÓN","Constitución","Asfalto","Pavimento","VI","Dentro","Urbana","Ninguna","No existe","Intersección","Bueno","Buena","Diurna","Buen Tiempo","S/D","S/D","Vuelco","Ninguna","S/D","Ninguna","Sin restricción"
2016,4568,8/28/2016,"Domingo",0,18:00:00,"Ruta Nacional 178","0.0",2,"Moto/Ciclomotor,Automóvil","Ruta 178 Y Calle 5",4,2,0,0,2,0,0,,"Ruta",178,"LAS PAREJAS","Belgrano","Asfalto","No existe","III","Dentro","Urbana","Ninguna","Funciona","Recta","Bueno","Buena","Diurna","Buen Tiempo","De alcance","S/D","Colisión","Ninguna","Faltante","Cordón divisorio","Sin restricción"
2016,4569,8/16/2016,"Martes",0,21:15:00,,"0.0",2,"Automóvil,Moto/Ciclomotor","Avenida 18 Y Calle 13",2,1,0,0,1,0,0,,"Avenida",,"LAS PAREJAS","Belgrano","Asfalto","No existe","III","Dentro","Urbana","Ninguna","No existe","Recta","Bueno","Buena","Nocturna,Con luz artificial","Buen Tiempo","Lateral","S/D","Colisión","Ninguna","Faltante","Ninguna","Sin restricción"
2016,4570,8/20/2016,"Sabado",0,21:15:00,,"0.0",2,"Moto/Ciclomotor,Moto/Ciclomotor","Calle 29 Y Calle 10",2,1,0,0,1,0,0,,"Calle",,"LAS PAREJAS","Belgrano","Ripio","No existe","III","Dentro","Urbana","Ninguna","No existe","Recta","Bueno","Buena","Nocturna","Buen Tiempo","Lateral","S/D","Colisión","Ninguna","Faltante","Ninguna","Sin restricción"
2016,4571,8/12/2016,"Viernes",0,3:50:00,,"0.0",1,"Automóvil","Moreno Y Maipu",1,1,0,0,0,0,0,,"Calle",,"LAS ROSAS","Belgrano","Asfalto","No existe","III","Dentro","Urbana","Ninguna","No existe","Recta","Bueno","Buena","Nocturna","Buen Tiempo","Contra objeto fijo","S/D","Vuelco","Ninguna","Vertical","Cordón divisorio","Sin restricción"
2016,4572,8/28/2016,"Domingo",0,18:30:00,,"0.0",1,"Pickup/Utilitario","California Y Bv 14 de Diciembre",2,1,0,0,1,0,0,,"Calle",,"ARMSTRONG","Belgrano","Ripio","No existe","III","Dentro","Urbana","Ninguna","No existe","Intersección","Bueno","Buena","Diurna","Buen Tiempo","Lateral","S/D","Colisión","Ninguna","Vertical","Ninguna","Sin restricción"
2016,4573,8/1/2016,"Lunes",0,,,"0.0",2,"Automóvil,Moto/Ciclomotor","Catamarca Y Caseros",2,0,1,0,1,0,0,,"Calle",,"VENADO TUERTO","General López","Asfalto","No existe","VIII","Dentro","Urbana","S/D","No existe","Intersección","Bueno","Buena","S/D","S/D","S/D","S/D","S/D","S/D","Vertical","S/D","S/D"
2016,4574,8/4/2016,"Jueves",0,20:10:00,"Ruta Nacional 11","419.0",1,"Automóvil"," ",1,1,0,0,0,0,0,,"Ruta",11,"CORONDA","San Jerónimo","Asfalto","Natural","XV","Dentro","Urbana","Ninguna","No existe","Recta","Bueno","Buena","Nocturna,Con luz artificial","Buen Tiempo","Atropello animal","S/D","Colisión","S/D","Faltante","Línea divisoria pintada","Sin restricción"
2016,4575,8/3/2016,"Miercoles",0,,,"0.0",2,"Automóvil,Moto/Ciclomotor","Hipolito Irigoyen Y Lisandro de la Torre",2,0,1,0,1,0,0,,"Calle",,"VENADO TUERTO","General López","Asfalto","No existe","VIII","Dentro","Urbana","S/D","No existe","Recta","Bueno","Buena","S/D","S/D","S/D","S/D","S/D","S/D","Vertical","S/D","S/D"
2016,4576,8/1/2016,"Lunes",0,16:30:00,,"0.0",2,"Moto/Ciclomotor,Pickup/Utilitario"," ",2,0,1,0,1,0,0,,"Calle",,"CORONDA","San Jerónimo","Asfalto","Natural","XV","Dentro","Urbana","Ninguna","No existe","Intersección","Bueno","Buena","Diurna","Buen Tiempo","Lateral","S/D","Colisión","S/D","Horizontal","Ninguna","Accidente Previo"
2016,4577,8/20/2016,"Sabado",0,19:10:00,"Ruta Nacional 11","0.0",2,"Moto/Ciclomotor,Automóvil"," ",2,0,1,0,1,0,0,,"Ruta",11,"CORONDA","San Jerónimo","Asfalto","Natural","XV","Dentro","Urbana","Ninguna","No existe","Recta","Bueno","Buena","Nocturna","Buen Tiempo","Frontal","S/D","Colisión","S/D","Horizontal","Línea divisoria pintada","Sin restricción"
2016,4578,8/30/2016,"Martes",0,20:30:00,,"0.0",2,"Moto/Ciclomotor,Moto/Ciclomotor","French y Berutti Y Guemes",2,1,0,0,1,0,0,,"Calle",,"CORONDA","San Jerónimo","Tierra","No existe","XV","Dentro","Urbana","Ninguna","No existe","Intersección","Bueno","Buena","Nocturna,Con luz artificial","Buen Tiempo","Lateral","S/D","Colisión","S/D","Faltante","Ninguna","Sin restricción"
2016,4579,4/3/2016,"Domingo",0,17:00:00,,"0.0",1,"Pickup/Utilitario","Leandro N Alem Y 1 de Mayo",1,1,0,0,0,0,0,,"Calle",,"ESPERANZA","Las Colonias","S/D","S/D","XI","Dentro","Urbana","S/D","S/D","S/D","S/D","S/D","Diurna","S/D","S/D","S/D","Vuelco","S/D","S/D","S/D","S/D"
2016,4580,4/5/2016,"Martes",0,19:30:00,,"0.0",3,"Camión,Automóvil,Peatón"," ",3,3,0,0,0,0,0,,"Calle",,"RECONQUISTA","General Obligado","S/D","S/D","IX","Dentro","Urbana","S/D","S/D","Puente","S/D","S/D","Diurna","S/D","S/D","Peatón","Atropello","S/D","S/D","S/D","S/D"
2016,4581,8/3/2016,"Miercoles",0,17:25:00,,"0.0",2,"Pickup/Utilitario,Moto/Ciclomotor","España Y Maipu",2,1,0,0,1,0,0,,"Calle",,"VENADO TUERTO","General López","Asfalto","No existe","VIII","Dentro","Urbana","S/D","No existe","Intersección","Bueno","Buena","Diurna","S/D","S/D","S/D","S/D","S/D","Vertical","S/D","S/D"
2016,4582,4/6/2016,"Miercoles",0,10:20:00,,"0.0",2,"Automóvil,Automóvil","Calle 16-Obligado 1000",3,2,0,0,1,0,0,,"Calle",,"RECONQUISTA","General Obligado","S/D","S/D","IX","Dentro","Urbana","S/D","No existe","S/D","S/D","S/D","Diurna","S/D","S/D","S/D","Colisión","S/D","S/D","S/D","S/D"
2016,4583,4/6/2016,"Miercoles",0,8:15:00,,"0.0",2,"Moto/Ciclomotor,Camión","BULEVAR PERON  ",4,0,1,0,3,0,0,,"Calle",,"RECONQUISTA","General Obligado","S/D","S/D","IX","Dentro","Urbana","S/D","S/D","S/D","S/D","S/D","Diurna","S/D","S/D","S/D","Colisión","S/D","S/D","S/D","S/D"
2016,4584,4/8/2016,"Viernes",0,,,"0.0",2,"Pickup/Utilitario,Moto/Ciclomotor","27 de setiembre Y Av Int Octavio Zabboli",2,1,0,0,1,0,0,,"Calle",,"RAFAELA","Castellanos","S/D","S/D","V","Dentro","Urbana","S/D","S/D","S/D","S/D","S/D","S/D","S/D","S/D","S/D","Colisión","S/D","S/D","S/D","S/D"
2016,4585,4/30/2016,"Sabado",1,,,"0.0",2,"Moto/Ciclomotor,Peatón","Av Aristobulo del Valle ",2,1,0,0,1,0,0,,"Calle",,"RAFAELA","Castellanos","S/D","S/D","V","Dentro","Urbana","S/D","S/D","S/D","S/D","S/D","S/D","S/D","S/D","Peatón","Atropello","S/D","S/D","S/D","S/D"
2016,4586,4/8/2016,"Viernes",0,,,"0.0",2,"Moto/Ciclomotor,Pickup/Utilitario","Av Gral Bartolome Mitre 300",2,1,0,0,1,0,0,,"Calle",,"RAFAELA","Castellanos","S/D","S/D","V","Dentro","Urbana","S/D","S/D","S/D","S/D","S/D","S/D","S/D","S/D","S/D","Colisión","S/D","S/D","S/D","S/D"
2016,4587,8/5/2016,"Viernes",0,13:00:00,,"0.0",1,"Moto/Ciclomotor","Gral Manuel Belgrano Y Dean Funes",2,0,1,0,1,0,0,,"Calle",,"VENADO TUERTO","General López","Asfalto","No existe","VIII","Dentro","Urbana","S/D","No existe","Intersección","Bueno","Buena","Diurna","S/D","S/D","S/D","S/D","S/D","Vertical","S/D","S/D"
2016,4588,4/7/2016,"Jueves",0,19:45:00,,"0.0",2,"Automóvil,Moto/Ciclomotor","Calle 28-San lorenzo Y Calle 9-Mariano Moreno",2,1,0,0,1,0,0,,"Calle",,"RECONQUISTA","General Obligado","S/D","S/D","IX","Dentro","Urbana","S/D","S/D","S/D","S/D","S/D","Diurna","S/D","S/D","S/D","Colisión","S/D","S/D","S/D","S/D"
2016,4589,8/6/2016,"Sabado",0,22:00:00,,"0.0",2,"Moto/Ciclomotor,Automóvil","Garibaldi 200",2,1,0,0,1,0,0,,"Calle",,"VENADO TUERTO","General López","Asfalto","No existe","VIII","Dentro","Urbana","S/D","No existe","Intersección","Bueno","Buena","Nocturna,Con luz artificial","S/D","S/D","S/D","S/D","S/D","Vertical","S/D","S/D"
2016,4590,8/29/2016,"Lunes",0,7:00:00,"Ruta Provincial Brigadier E.López","85.0",2,"Automóvil,Camión"," ",6,1,0,0,5,0,0,,"Ruta","Brigadier E.López","SAN FABIÁN","San Jerónimo","Asfalto","Ripio","XV","Dentro","Urbana","S/D","S/D","Recta","Bueno","Buena","Amanecer","S/D","Lateral","S/D","Colisión","S/D","S/D","S/D","Sin restricción"
2016,4591,8/16/2016,"Martes",0,17:30:00,,"0.0",2,"Pickup/Utilitario,Bicicleta","Avda 25 de Mayo 625",2,0,1,0,1,0,0,,"Calle",,"GÁLVEZ","San Jerónimo","Asfalto","No existe","XV","Dentro","Urbana","Ninguna","No existe","Recta","Bueno","Buena","Diurna","Buen Tiempo","Lateral","Ciclista","Atropello","S/D","Faltante","Barrera de hormigón","Sin restricción"
2016,4592,8/6/2016,"Sabado",0,13:10:00,,"0.0",2,"Bicicleta,Automóvil","Jujuy Y Entre Rios",2,1,0,0,1,0,0,,"Avenida",,"VENADO TUERTO","General López","Asfalto","No existe","VIII","Dentro","Urbana","S/D","No existe","Intersección","Bueno","Buena","Diurna","S/D","S/D","Ciclista","Atropello","S/D","Horizontal","S/D","S/D"
2016,4593,8/10/2016,"Miercoles",0,15:30:00,,"0.0",2,"Moto/Ciclomotor,Pickup/Utilitario","1ro de Mayo Y Manuel Belgrano",2,1,0,0,1,0,0,,"Calle",,"BARRANCAS","San Jerónimo","Asfalto","Natural","XV","Dentro","Urbana","Ninguna","No existe","Intersección","Bueno","Buena","Diurna","Buen Tiempo","Lateral","S/D","Colisión","S/D","Faltante","Ninguna","Sin restricción"
2016,4594,8/25/2016,"Jueves",0,,,"0.0",2,"Automóvil,Moto/Ciclomotor","Mitre Y Alberdi",2,1,0,0,1,0,0,,"Calle",,"CORONDA","San Jerónimo","Asfalto","No existe","XV","Dentro","Urbana","Ninguna","No existe","Intersección","Bueno","Buena","Diurna","Buen Tiempo","Lateral","S/D","Colisión","S/D","Faltante","Ninguna","Sin restricción"
2016,4595,8/9/2016,"Martes",0,18:50:00,,"0.0",2,"Automóvil,Moto/Ciclomotor","Iturraspe Y Casey",2,1,0,0,1,0,0,,"Calle",,"VENADO TUERTO","General López","Asfalto","No existe","VIII","Dentro","Urbana","S/D","No existe","Intersección","Bueno","Buena","Diurna","S/D","S/D","S/D","S/D","S/D","S/D","S/D","S/D"
2016,4596,8/9/2016,"Martes",0,9:30:00,,"0.0",2,"Pickup/Utilitario,Moto/Ciclomotor","Hipolito Irigoyen Y Junin",2,1,0,0,1,0,0,,"Calle",,"VENADO TUERTO","General López","Asfalto","No existe","VIII","Dentro","Urbana","S/D","No existe","Intersección","Bueno","Buena","Diurna","S/D","S/D","S/D","S/D","S/D","Vertical","S/D","S/D"
2016,4597,8/10/2016,"Miercoles",0,,,"0.0",2,"Automóvil,Moto/Ciclomotor","Chacabuco Y Maipu",2,1,0,0,1,0,0,,"Calle",,"VENADO TUERTO","General López","Asfalto","No existe","VIII","Dentro","Urbana","S/D","No existe","Recta","Bueno","Buena","S/D","S/D","S/D","S/D","S/D","S/D","Vertical","S/D","S/D"
2016,4598,8/10/2016,"Miercoles",0,,,"0.0",2,"Automóvil,Moto/Ciclomotor","Chacabuco Y Miguel de Azcuenaga",2,1,0,0,1,0,0,,"Calle",,"VENADO TUERTO","General López","Asfalto","No existe","VIII","Dentro","Urbana","S/D","No existe","Intersección","Bueno","Buena","S/D","S/D","S/D","S/D","S/D","S/D","Vertical","S/D","S/D"
2016,4599,8/11/2016,"Jueves",0,12:00:00,,"0.0",2,"Pickup/Utilitario,Bicicleta","Chacabuco Y Gral Manuel Belgrano",2,1,0,0,1,0,0,,"Calle",,"VENADO TUERTO","General López","Asfalto","No existe","VIII","Dentro","Urbana","S/D","No existe","Recta","Bueno","Buena","Diurna","S/D","S/D","Ciclista","Atropello","S/D","Vertical","S/D","S/D"
2016,4600,8/13/2016,"Sabado",0,,,"0.0",2,"Automóvil,Moto/Ciclomotor","Santa Fe Y Arenales",2,1,0,0,1,0,0,,"Calle",,"VENADO TUERTO","General López","Asfalto","No existe","VIII","Dentro","Urbana","S/D","No existe","Intersección","Bueno","Buena","S/D","S/D","S/D","S/D","S/D","S/D","Vertical","S/D","S/D"
2016,4601,8/13/2016,"Sabado",0,23:00:00,,"0.0",2,"Moto/Ciclomotor,Automóvil","Hipolito Irigoyen Y Bernardo de Monteagudo",3,2,0,0,1,0,0,,"Calle",,"VENADO TUERTO","General López","Asfalto","No existe","VIII","Dentro","Urbana","S/D","No existe","Intersección","Bueno","Buena","Nocturna,Con luz artificial","S/D","S/D","S/D","Colisión","S/D","Vertical","S/D","S/D"
2016,4602,8/13/2016,"Sabado",0,,,"0.0",2,"Automóvil,Moto/Ciclomotor","Alvear Y Junin",2,0,1,0,1,0,0,,"Calle",,"VENADO TUERTO","General López","Asfalto","No existe","VIII","Dentro","Urbana","S/D","No existe","Intersección","Bueno","Buena","S/D","S/D","S/D","S/D","S/D","S/D","Horizontal,Vertical","S/D","S/D"
2016,4603,8/16/2016,"Martes",0,16:55:00,,"0.0",2,"Peatón,Moto/Ciclomotor","Bartolome Mitre 769",2,1,0,0,1,0,0,,"Calle",,"VENADO TUERTO","General López","Asfalto","No existe","VIII","Dentro","Urbana","S/D","No existe","Recta","Bueno","Buena","Diurna","S/D","S/D","S/D","Atropello","S/D","Vertical","S/D","S/D"