"anio_acci","nro_acci","fecha","desc_dia","fecha_aprox","hora_aprox","desc_ruta","km","cant_participantes","desc_participante","calle_avenida_km","total","heridos_leves","heridos_graves","heridos_gravisimos","ilesos","fallecidos","sin_datos","posicion_XY","desc_tipo_via","desc_ruta_ori","desc_loc","desc_dpto","desc_tipo_calzada","desc_tipo_banquina","desc_unidad_regional","desc_lugar_calzada","desc_zona","desc_prioridad","desc_estado_semaforo","desc_lugar_via","desc_estado_via","desc_estado_visibilidad","desc_luminosidad","desc_estado_clima","desc_tipo_colision","desc_tipo_atropello","desc_tipo_hecho","desc_pres_calzada","desc_senializacion","desc_separacion_via","desc_restriccion"
2016,4604,8/20/2016,"Sabado",0,10:30:00,,"0.0",2,"Moto/Ciclomotor,Automóvil","Juan Jose de Urquiza Y Comodoro Rivadavia",2,1,0,0,0,0,1,,"Calle",,"VILLA CONSTITUCIÓN","Constitución","Asfalto","No existe","VI","Dentro","Urbana","Ninguna","No existe","Intersección","Bueno","Buena","Diurna","Buen Tiempo","Frontal","S/D","Colisión","Ninguna","S/D","Ninguna","Sin restricción"
2016,4605,8/16/2016,"Martes",0,,,"0.0",2,"Automóvil,Moto/Ciclomotor","25 de Mayo Y Santa Fe",2,1,0,0,1,0,0,,"Calle",,"VENADO TUERTO","General López","Asfalto","No existe","VIII","Dentro","Urbana","S/D","No existe","Intersección","Bueno","Buena","S/D","S/D","S/D","S/D","Colisión","S/D","Vertical","S/D","S/D"
2016,4606,8/18/2016,"Jueves",0,17:30:00,,"0.0",2,"Moto/Ciclomotor,Moto/Ciclomotor","Junin Y Velez Sarsfield",2,1,1,0,0,0,0,,"Calle",,"VENADO TUERTO","General López","Asfalto","No existe","VIII","Dentro","Urbana","S/D","No existe","Intersección","Bueno","Buena","Diurna","S/D","S/D","S/D","Colisión","S/D","Vertical","S/D","S/D"
2016,4607,8/20/2016,"Sabado",0,15:30:00,,"0.0",2,"Moto/Ciclomotor,Automóvil","Corrientes Y Dr Angel Re",2,0,1,0,1,0,0,,"Calle",,"VENADO TUERTO","General López","Asfalto","No existe","VIII","Dentro","Urbana","S/D","No existe","Intersección","Bueno","Buena","Diurna","S/D","S/D","S/D","Colisión","S/D","S/D","S/D","S/D"
2016,4608,8/26/2016,"Viernes",0,20:40:00,,"0.0",2,"Automóvil,Moto/Ciclomotor","Bv 9 de Julio Y Laprida",3,1,1,0,1,0,0,,"Calle",,"ALCORTA","Constitución","Asfalto","S/D","VI","Dentro","Urbana","Ninguna","No existe","Intersección","Bueno","Buena","Nocturna,Con luz artificial","Buen Tiempo","Lateral","S/D","Colisión","Ninguna","S/D","S/D","Sin restricción"
2016,4609,8/4/2016,"Jueves",0,12:00:00,,"0.0",2,"Automóvil,Moto/Ciclomotor","Hipolito Irigoyen Y Juan Jose de Urquiza",2,1,0,0,1,0,0,,"Calle",,"VILLA CONSTITUCIÓN","Constitución","Asfalto","No existe","VI","S/D","Urbana","Ninguna","S/D","Intersección","Bueno","Buena","Diurna","Buen Tiempo","Lateral","S/D","Colisión","Ninguna","Faltante","Ninguna","Sin restricción"
2016,4610,8/4/2016,"Jueves",0,23:10:00,,"0.0",2,"Automóvil,Moto/Ciclomotor","Manuel Dorrego Y Entre Rios",3,1,0,0,2,0,0,,"Calle",,"VILLA CONSTITUCIÓN","Constitución","Asfalto","No existe","VI","S/D","Urbana","Ninguna","Funciona","Intersección","Otro","Buena","Nocturna","Buen Tiempo","Lateral","S/D","Colisión","S/D","S/D","Ninguna","Sin restricción"
2016,4611,8/7/2016,"Domingo",0,,,"0.0",2,"Moto/Ciclomotor,Moto/Ciclomotor"," ",3,0,0,0,2,0,1,,"Avenida",,"VILLA CONSTITUCIÓN","Constitución","Asfalto","Ripio","VI","S/D","Urbana","Ninguna","No existe","Intersección","Bueno","Buena","Diurna","Buen Tiempo","Lateral","S/D","Colisión","Ninguna","Faltante","Ninguna","Sin restricción"
2016,4612,8/8/2016,"Lunes",0,14:35:00,,"0.0",2,"Moto/Ciclomotor,Bicicleta","Juan Jose de Urquiza Y Cordoba",2,2,0,0,0,0,0,,"Calle",,"VILLA CONSTITUCIÓN","Constitución","Asfalto","No existe","VI","S/D","Urbana","Ninguna","No existe","Recta","Bueno","Buena","Diurna","Buen Tiempo","S/D","Ciclista","Atropello","Ninguna","Faltante","Ninguna","Sin restricción"
2016,4613,4/16/2016,"Sabado",0,16:00:00,,"0.0",2,"Moto/Ciclomotor,Automóvil","Fray Luis Beltran Y Moreno",2,1,0,0,1,0,0,,"Calle",,"VILLA OCAMPO","General Obligado","Asfalto","Natural","IX","Dentro","Urbana","Ninguna","No existe","Intersección","Bueno","Buena","Diurna","Buen Tiempo","Lateral","S/D","Colisión","S/D","Faltante","Ninguna","Sin restricción"
2016,4614,1/17/2016,"Domingo",0,7:35:00,"Ruta Provincial 32","36.0",1,"Automóvil"," ",3,2,1,0,0,0,0,,"Ruta",32,"VILLA OCAMPO","General Obligado","Asfalto","Natural","IX","Dentro","Urbana","Ninguna","No existe","Recta","Deteriorada","Reducida p/ objetos","Diurna","Viento Fuerte","S/D","S/D","Despiste","Material Suelto","Vertical","Cordón divisorio","Sin restricción"
2016,4615,1/13/2016,"Miercoles",0,10:45:00,,"0.0",2,"Moto/Ciclomotor,Pickup/Utilitario","Belgrano 1452",2,1,0,0,1,0,0,,"Calle",,"VILLA OCAMPO","General Obligado","Asfalto","Natural","IX","Dentro","Urbana","Ninguna","No existe","Recta","Bueno","Buena","Diurna","Buen Tiempo","De alcance","S/D","Colisión","S/D","S/D","Ninguna","Sin restricción"
2016,4616,1/12/2016,"Martes",0,9:30:00,,"0.0",2,"Automóvil,Moto/Ciclomotor","Avenida San Martin Y Belgrano",4,2,0,0,2,0,0,,"Calle",,"VILLA OCAMPO","General Obligado","Asfalto","Pavimento","IX","Dentro","Urbana","S/D","No existe","Intersección","Bueno","Buena","Diurna","Buen Tiempo","Lateral","S/D","Colisión","S/D","Faltante","Ninguna","Sin restricción"
2016,4617,2/25/2016,"Jueves",0,8:00:00,,"0.0",2,"Bicicleta,Moto/Ciclomotor","Fray Luis Beltran Y Bv Sarmiento",2,1,0,0,1,0,0,,"Calle",,"VILLA OCAMPO","General Obligado","Asfalto","No existe","IX","Dentro","Urbana","Ninguna","No existe","Intersección","Bueno","Buena","Diurna","Buen Tiempo","Lateral","Ciclista","Atropello","S/D","Faltante","Cordón divisorio","Sin restricción"
2016,4618,3/26/2016,"Sabado",0,12:00:00,,"0.0",2,"Moto/Ciclomotor,Automóvil","Avenida San Martin Y Padre Tibaldo",2,1,0,0,1,0,0,,"Calle",,"VILLA OCAMPO","General Obligado","Asfalto","No existe","IX","Dentro","Urbana","Semáforo","Funciona","Intersección","Bueno","Buena","Diurna","Buen Tiempo","Lateral","S/D","Colisión","Ninguna","Faltante","Cordón divisorio","Sin restricción"
2016,4619,3/23/2016,"Miercoles",0,18:00:00,,"0.0",2,"Moto/Ciclomotor,Pickup/Utilitario","Caseros Y Moreno",3,1,0,0,2,0,0,,"Calle",,"VILLA OCAMPO","General Obligado","Asfalto","No existe","IX","Dentro","Urbana","Ninguna","No existe","Intersección","Bueno","Buena","Diurna","Buen Tiempo","Lateral","S/D","Colisión","S/D","Faltante","Ninguna","Sin restricción"
2016,4620,3/17/2016,"Jueves",0,20:45:00,,"0.0",2,"Moto/Ciclomotor,Automóvil","Avenida San Martin Y Belgrano",2,1,0,0,1,0,0,,"Calle",,"VILLA OCAMPO","General Obligado","Asfalto","No existe","IX","Dentro","Urbana","Ninguna","No existe","Intersección","Bueno","Buena","Nocturna,Con luz artificial","Buen Tiempo","Lateral","S/D","Colisión","S/D","Faltante","Cordón divisorio","Sin restricción"
2016,4621,8/13/2016,"Sabado",0,11:00:00,,"0.0",2,"Automóvil,Moto/Ciclomotor","Avda 25 de Mayo Y Dorrego",3,1,0,0,2,0,0,,"Avenida",,"GÁLVEZ","San Jerónimo","Asfalto","No existe","XV","Dentro","Urbana","Ninguna","No existe","Intersección","Bueno","Buena","Diurna","Buen Tiempo","Lateral","S/D","Colisión","Ninguna","Faltante","Vegetación","Sin restricción"
2016,4622,8/19/2016,"Viernes",0,23:50:00,,"0.0",2,"Automóvil,Moto/Ciclomotor","Lisandro de la Torre Y Belgrano",3,1,1,0,1,0,0,,"Calle",,"GÁLVEZ","San Jerónimo","Asfalto","No existe","XV","Dentro","Urbana","S/D","No existe","Recta","Bueno","Buena","Nocturna","S/D","S/D","S/D","S/D","Ninguna","Faltante","S/D","S/D"
2016,4623,8/19/2016,"Viernes",0,19:30:00,,"0.0",2,"Moto/Ciclomotor,Pickup/Utilitario","DORREGO Y LAVALLE",2,1,0,0,1,0,0,,"Calle",,"IRIGOYEN","San Jerónimo","Ripio","Ripio","XV","Dentro","Urbana","Ninguna","No existe","Intersección","Bueno","Reducida","Nocturna","Buen Tiempo","Lateral","S/D","Colisión","Ninguna","Faltante","Ninguna","Sin restricción"
2016,4624,8/2/2016,"Martes",0,2:55:00,"Autovía Provincial Brigadier E.López","89.0",3,"Pickup/Utilitario,Automóvil,Camión Chasis"," ",7,2,0,0,5,0,0,,"Autovía","Brigadier E.López","SAN FABIÁN","San Jerónimo","Asfalto","Pavimento","XV","Dentro","Rural","Ninguna","No existe","Recta","Bueno","Buena","Nocturna","Buen Tiempo","Múltiple","S/D","Atropello","Ninguna","S/D","Vegetación","Sin restricción"
2016,4625,8/27/2016,"Sabado",0,18:00:00,,"0.0",2,"Automóvil,Moto/Ciclomotor","Santa Fe Y Maipu",2,1,0,0,1,0,0,,"Avenida",,"VENADO TUERTO","General López","Asfalto","No existe","VIII","Dentro","Urbana","S/D","No existe","Intersección","Bueno","Buena","Diurna","S/D","S/D","S/D","S/D","S/D","Vertical","S/D","S/D"
2016,4626,5/20/2016,"Viernes",0,19:45:00,,"0.0",2,"Moto/Ciclomotor,Automóvil","San Martin Y Patricios",3,1,1,0,1,0,0,,"Calle",,"ROSARIO","Rosario","Asfalto","No existe","II","Dentro","Urbana","Ninguna","No existe","Recta","Bueno","Buena","Atardecer","Otro","Otro","S/D","Colisión","Ninguna","Horizontal","Ninguna","Sin restricción"
2016,4627,8/10/2016,"Miercoles",0,21:00:00,,"0.0",2,"Moto/Ciclomotor,Pickup/Utilitario","Saavedra Y Jujuy",2,1,0,0,1,0,0,,"Avenida",,"EMPALME VILLA CONSTITUCIÓN","Constitución","Asfalto","Pavimento","VI","Dentro","Urbana","Ninguna","No existe","Intersección","Bueno","Buena","Nocturna,Con luz artificial","Buen Tiempo","Lateral","S/D","Colisión","Ninguna","Horizontal","Ninguna","Sin restricción"
2016,4628,5/6/2016,"Viernes",0,17:00:00,,"0.0",2,"Automóvil,Pickup/Utilitario","Warnes Y Uriarte",2,1,0,0,1,0,0,,"Calle",,"ROSARIO","Rosario","Asfalto","No existe","II","Dentro","Urbana","Ninguna","No existe","Intersección","Otro","Buena","Diurna","Buen Tiempo","Frontal","S/D","Colisión","Ninguna","Faltante","Ninguna","Sin restricción"
2016,4629,8/21/2016,"Domingo",0,0:30:00,,"0.0",2,"Moto/Ciclomotor,Automóvil","Bv San Martin 700",2,1,0,0,1,0,0,,"Calle",,"BARRANCAS","San Jerónimo","Asfalto","No existe","XV","Dentro","Urbana","Ninguna","No existe","Recta","Bueno","Buena","Nocturna","Buen Tiempo","S/D","S/D","Colisión","Ninguna","Faltante","Ninguna","Sin restricción"
2016,4630,5/10/2016,"Martes",0,16:30:00,,"0.0",2,"Moto/Ciclomotor,Moto/Ciclomotor","Av. Sorrento Y Warnes",2,2,0,0,0,0,0,,"Calle",,"ROSARIO","Rosario","Asfalto","No existe","II","Dentro","Urbana","Ninguna","No existe","Intersección","Bueno","Buena","Diurna","Buen Tiempo","Frontal","S/D","Colisión","Ninguna","Faltante","Ninguna","Sin restricción"
2016,4631,5/21/2016,"Sabado",0,11:20:00,,"0.0",2,"Moto/Ciclomotor,Automóvil","Baigorria Y Warnes",2,1,0,0,1,0,0,,"Calle",,"ROSARIO","Rosario","Asfalto","No existe","II","Dentro","Urbana","Señal Pare","No existe","Intersección","Bueno","Buena","Diurna","Buen Tiempo","Frontal","S/D","Colisión","Ninguna","Vertical","Ninguna","Sin restricción"
2016,4632,8/31/2016,"Miercoles",0,21:10:00,,"0.0",2,"Moto/Ciclomotor,Moto/Ciclomotor","Gral Lopez Y Dr Destefanis",2,1,1,0,0,0,0,,"Calle",,"GÁLVEZ","San Jerónimo","Asfalto","No existe","XV","Dentro","Urbana","Ninguna","No existe","Intersección","Bueno","Buena","Nocturna","Buen Tiempo","Frontal","S/D","Colisión","Ninguna","S/D","Ninguna","Sin restricción"
2016,4633,5/5/2016,"Jueves",0,7:45:00,,"0.0",2,"Moto/Ciclomotor,Automóvil","Superi Y Darragueira",2,1,0,0,1,0,0,,"Calle",,"ROSARIO","Rosario","Asfalto","No existe","II","Dentro","Urbana","Señal Pare","No existe","Intersección","Bueno","Buena","Diurna","Buen Tiempo","Frontal","S/D","Colisión","Ninguna","Vertical","Ninguna","Sin restricción"
2016,4634,8/24/2016,"Miercoles",0,2:00:00,"Autopista Provincial Brigadier E.López","87.2",2,"Automóvil,Camión"," ",2,1,0,0,1,0,0,,"Autopista","Brigadier E.López","SAN FABIÁN","San Jerónimo","Asfalto","Natural","XV","Dentro","Rural","S/D","No existe","Recta","Bueno","Reducida","Nocturna","Buen Tiempo","De alcance","S/D","Colisión","S/D","S/D","Vegetación","S/D"
2016,4635,5/19/2016,"Jueves",0,19:10:00,"Ruta Nacional 11","869.1",2,"Moto/Ciclomotor,Bicicleta"," ",3,2,0,0,1,0,0,,"Ruta",11,"VILLA OCAMPO","General Obligado","Asfalto","Natural","IX","S/D","Urbana","Ninguna","No existe","Recta","Resbaladiza","Buena","Atardecer","Lluvia","S/D","S/D","Atropello","Otro","Horizontal","Línea divisoria pintada","Sin restricción"
2016,4636,8/19/2016,"Viernes",0,13:30:00,"Ruta Secundaria 42-s","0.0",1,"Pickup/Utilitario"," ",2,1,1,0,0,0,0,,"Ruta","42-s","CENTENO","San Jerónimo","Tierra","Natural","XV","S/D","Rural","Ninguna","No existe","Recta","Ahuellamiento","Buena","Diurna","Buen Tiempo","S/D","S/D","Vuelco","Material Suelto","Faltante","Ninguna","Sin restricción"
2016,4637,5/19/2016,"Jueves",0,17:30:00,,"0.0",2,"Moto/Ciclomotor,Automóvil","Moreno Y General Guemes",3,1,0,0,2,0,0,,"Calle",,"VILLA OCAMPO","General Obligado","Hormigón","Natural","IX","S/D","Urbana","Ninguna","No existe","Intersección","Bueno","Buena","Diurna","Buen Tiempo","Lateral","S/D","Colisión","Ninguna","Faltante","Ninguna","Sin restricción"
2016,4638,8/5/2016,"Viernes",0,15:45:00,"Autopista Nacional 9","247.0",1,"Automóvil"," ",3,2,0,0,1,0,0,,"Autopista",9,"EMPALME VILLA CONSTITUCIÓN","Constitución","Asfalto","Natural","VI","Dentro","Rural","Ninguna","No existe","Recta","Deteriorada","Reducida","Diurna","Lluvia","S/D","S/D","Vuelco","Agua","Vertical","Vegetación","Sin restricción"
2016,4639,5/28/2016,"Sabado",0,7:30:00,"Ruta Nacional 11","878.0",2,"Moto/Ciclomotor,Automóvil"," ",3,2,0,0,1,0,0,,"Ruta",11,"VILLA OCAMPO","General Obligado","Hormigón","Natural","IX","S/D","Rural","Ninguna","No existe","Curva","Bueno","Buena","Diurna","Buen Tiempo","De alcance","S/D","Caída ocupante","Otro","Vertical","Línea divisoria pintada","Sin restricción"
2016,4640,8/4/2016,"Jueves",0,18:15:00,"Ruta Provincial 64","0.0",2,"Moto/Ciclomotor,Moto/Ciclomotor"," ",3,3,0,0,0,0,0,,"Ruta",64,"CORONDA","San Jerónimo","Asfalto","Natural","XV","S/D","Rural","Ninguna","No existe","Recta","Con baches","Buena","Diurna","Buen Tiempo","De alcance","S/D","Colisión","Ninguna","Faltante","Línea divisoria pintada","Sin restricción"
2016,4641,4/30/2016,"Sabado",0,1:00:00,,"0.0",2,"Moto/Ciclomotor,Automóvil","La Republica Y Av. Provincias Unidas",2,1,0,0,1,0,0,,"Calle",,"ROSARIO","Rosario","Hormigón","Pavimento","II","S/D","Urbana","S/D","No existe","Recta","Bueno","Buena","Nocturna","Buen Tiempo","Lateral","S/D","Colisión","S/D","S/D","Ninguna","S/D"
2016,4642,8/12/2016,"Viernes",0,8:00:00,"Autopista Provincial Brigadier E.López","101.0",2,"Automóvil,Automóvil"," ",3,2,0,0,1,0,0,,"Autopista","Brigadier E.López","AROCENA","San Jerónimo","Asfalto","Natural","XV","Dentro","Rural","Ninguna","No existe","Recta","Bueno","Buena","Diurna","Buen Tiempo","Lateral","S/D","Colisión","Ninguna","Horizontal","Línea divisoria pintada","Sin restricción"
2016,4643,5/3/2016,"Martes",0,23:50:00,,"0.0",2,"Moto/Ciclomotor,Automóvil","Av. Sorrento Y Av. Circunvalacion",2,0,1,0,1,0,0,,"Avenida",,"ROSARIO","Rosario","Hormigón","Natural","II","S/D","S/D","Semáforo","Funciona","Recta","Bueno","Buena","Con luz artificial","Buen Tiempo","Lateral","S/D","Colisión","S/D","Vertical","Línea divisoria pintada","S/D"
2016,4644,5/4/2016,"Miercoles",0,20:50:00,,"0.0",2,"Moto/Ciclomotor,Moto/Ciclomotor","J.B.Justo Y Pje. Cafayate Bis",2,1,0,0,1,0,0,,"Calle",,"ROSARIO","Rosario","Hormigón","No existe","II","S/D","Urbana","Ninguna","No existe","Intersección","Deteriorada","Buena","Con luz artificial","Buen Tiempo","Lateral","S/D","Colisión","S/D","Faltante","Ninguna","S/D"
2016,4645,8/22/2016,"Lunes",0,18:45:00,"Ruta Nacional 11","109.6",2,"Automóvil,Moto/Ciclomotor"," ",3,1,0,0,2,0,0,,"Ruta",11,"AROCENA","San Jerónimo","Asfalto","Natural","XV","Dentro","Urbana","Ninguna","No existe","Recta","Bueno","Buena","Atardecer","Buen Tiempo","Otro","S/D","Colisión","S/D","S/D","Línea divisoria pintada","Sin restricción"
2016,4646,5/7/2016,"Sabado",0,6:00:00,,"0.0",1,"Automóvil","Av. Provincias Unidas Y Schweitzer",3,3,0,0,0,0,0,,"Avenida",,"ROSARIO","Rosario","Hormigón","No existe","II","Dentro","Urbana","Marca Vial","No existe","Otro","Bueno","Buena","Con luz artificial","Buen Tiempo","Contra objeto fijo","S/D","Colisión","S/D","S/D","Cordón divisorio","Sin restricción"
2016,4647,8/18/2016,"Jueves",0,12:30:00,"Autopista Provincial Brigadier E.López","104.0",3,"Automóvil,Automóvil,Pickup/Utilitario"," ",7,6,0,0,1,0,0,,"Autopista","Brigadier E.López","CORONDA","San Jerónimo","Asfalto","Natural","XV","S/D","S/D","Otra Señal","No existe","Recta","Bueno","Buena","Diurna","Buen Tiempo","Múltiple","S/D","Colisión","Ninguna","Horizontal","Línea divisoria pintada","Accidente Previo"
2016,4648,5/12/2016,"Jueves",0,7:45:00,,"0.0",2,"Moto/Ciclomotor,Automóvil","Mariano Cabal Bis Y Republica de Argelia",4,2,1,0,1,0,0,,"Calle",,"ROSARIO","Rosario","Hormigón","Pavimento","II","S/D","Urbana","Ninguna","No existe","Recta","Bueno","Buena","Diurna","Buen Tiempo","S/D","S/D","Colisión","S/D","Vertical","Ninguna","Sin restricción"
2016,4649,5/12/2016,"Jueves",0,16:40:00,,"0.0",2,"Moto/Ciclomotor,Moto/Ciclomotor","J.J.Paso 7400",2,1,0,0,0,0,1,,"Calle",,"ROSARIO","Rosario","Asfalto","No existe","II","S/D","Urbana","Ninguna","No existe","Recta","Bueno","Buena","Diurna","Buen Tiempo","Lateral","S/D","Colisión","S/D","Vertical","Ninguna","Sin restricción"
2016,4650,5/16/2016,"Lunes",0,13:50:00,,"0.0",2,"Moto/Ciclomotor,Pickup/Utilitario","Av. Circunvalacion Y Bv. Oroño",2,1,0,0,1,0,0,,"Avenida",,"ROSARIO","Rosario","Asfalto","Pavimento","II","Dentro","Urbana","S/D","S/D","Intersección","Bueno","Buena","Diurna","Buen Tiempo","Lateral","S/D","Colisión","S/D","S/D","Ninguna","Sin restricción"
2016,4651,5/26/2016,"Jueves",0,8:00:00,,"0.0",2,"Moto/Ciclomotor,Automóvil","España Y Saavedra",3,2,0,0,1,0,0,,"Calle",,"ROSARIO","Rosario","Asfalto","No existe","II","Dentro","Urbana","Ninguna","No existe","Intersección","Bueno","Buena","Diurna","Buen Tiempo","De alcance","S/D","Colisión","Ninguna","Faltante","Ninguna","Sin restricción"
2016,4652,5/19/2016,"Jueves",0,18:50:00,,"0.0",1,"Moto/Ciclomotor","Colombia Y J.J.Paso",1,1,0,0,0,0,0,,"Calle",,"ROSARIO","Rosario","Hormigón","No existe","II","S/D","Urbana","Ninguna","No existe","Recta","Bueno","Buena","Nocturna","Buen Tiempo","S/D","S/D","Vuelco","S/D","Vertical","Ninguna","S/D"
2016,4653,5/24/2016,"Martes",0,8:45:00,,"0.0",2,"Automóvil,Moto/Ciclomotor","P.L.Funes Y G.Carrasco",2,1,0,0,0,0,1,,"Calle",,"ROSARIO","Rosario","Hormigón","Pavimento","II","S/D","Urbana","Ninguna","No existe","Intersección","Bueno","Buena","Diurna","Buen Tiempo","Lateral","S/D","Colisión","S/D","Vertical","Ninguna","Sin restricción"
2016,4654,5/14/2016,"Sabado",0,,,"0.0",2,"Moto/Ciclomotor,Automóvil","Italia Y Pte.Quintana",3,2,0,0,1,0,0,,"Calle",,"ROSARIO","Rosario","Asfalto","Pavimento","VI","Dentro","Urbana","S/D","S/D","Intersección","Bueno","Buena","Diurna","Buen Tiempo","Lateral","S/D","Colisión","S/D","S/D","Ninguna","Sin restricción"
2016,4655,5/22/2016,"Domingo",0,6:00:00,,"0.0",1,"Moto/Ciclomotor","Av. Sorrento Y Av. Provincias Unidas",2,0,2,0,0,0,0,,"Calle",,"ROSARIO","Rosario","Asfalto","Pavimento","II","S/D","Urbana","Ninguna","No existe","Recta","Bueno","Buena","Diurna","Buen Tiempo","Lateral","S/D","Colisión","S/D","Vertical","Ninguna","S/D"
2016,4656,5/5/2016,"Jueves",0,18:30:00,,"0.0",2,"Moto/Ciclomotor,Automóvil","Callao Y Hilarion de la Quintana",3,1,0,0,2,0,0,,"Calle",,"ROSARIO","Rosario","Asfalto","Pavimento","VI","S/D","Urbana","S/D","S/D","Intersección","Bueno","Buena","Diurna","Buen Tiempo","S/D","S/D","Colisión","S/D","S/D","Ninguna","S/D"
2016,4657,5/23/2016,"Lunes",0,19:00:00,,"0.0",2,"Automóvil,Moto/Ciclomotor","Bv. Segui Y Alvear",3,2,0,0,1,0,0,,"Calle",,"ROSARIO","Rosario","Asfalto","No existe","II","Dentro","Urbana","Ninguna","No existe","Intersección","Bueno","Buena","Atardecer","Buen Tiempo","De alcance","S/D","Colisión","Ninguna","Faltante","Ninguna","Sin restricción"
2016,4658,5/25/2016,"Miercoles",0,22:50:00,,"0.0",1,"Moto/Ciclomotor","Av. Sorrento Y Av. Provincias Unidas",2,2,0,0,0,0,0,,"Calle",,"ROSARIO","Rosario","Asfalto","No existe","II","S/D","Urbana","Ninguna","No existe","Recta","Bueno","Buena","Nocturna","Buen Tiempo","Lateral","S/D","Colisión","S/D","Vertical","Ninguna","Sin restricción"
2016,4659,5/5/2016,"Jueves",0,15:50:00,,"0.0",2,"Automóvil,Automóvil","Mariano Moreno 5400",2,2,0,0,0,0,0,,"Calle",,"ROSARIO","Rosario","Asfalto","Pavimento","II","S/D","Urbana","S/D","S/D","Recta","Bueno","Buena","Diurna","Buen Tiempo","Lateral","S/D","Colisión","S/D","S/D","Ninguna","S/D"
2016,4660,5/23/2016,"Lunes",0,17:00:00,,"0.0",2,"Moto/Ciclomotor,Automóvil","Centeno Y Sarmiento",2,1,0,0,1,0,0,,"Calle",,"ROSARIO","Rosario","Asfalto","No existe","II","Dentro","Urbana","Ninguna","No existe","Intersección","Bueno","Buena","Diurna","Buen Tiempo","De alcance","S/D","Colisión","Ninguna","S/D","S/D","Sin restricción"
2016,4661,5/25/2016,"Miercoles",0,19:30:00,,"0.0",2,"Automóvil,Moto/Ciclomotor","Av. Sorrento Y Av. Circunvalacion",2,1,0,0,0,0,1,,"S/D",,"ROSARIO","Rosario","Hormigón","No existe","II","S/D","Urbana","Ninguna","Funciona","Recta","Bueno","Buena","Nocturna","Buen Tiempo","Lateral","S/D","Colisión","S/D","Vertical","Ninguna","S/D"
2016,4662,5/23/2016,"Lunes",0,12:20:00,,"0.0",2,"Moto/Ciclomotor,Automóvil","Av. Uriburu Y Pueyrredon",2,1,0,0,1,0,0,,"Calle",,"ROSARIO","Rosario","Asfalto","No existe","II","Dentro","Urbana","Ninguna","No existe","Intersección","Bueno","Buena","Diurna","Buen Tiempo","De alcance","S/D","Colisión","Ninguna","S/D","S/D","Sin restricción"
2016,4663,5/4/2016,"Miercoles",0,21:30:00,,"0.0",2,"Bicicleta,Automóvil","San Martin Y Khantuta",2,1,0,0,1,0,0,,"Avenida",,"ROSARIO","Rosario","Asfalto","No existe","II","Dentro","Urbana","Ninguna","Funciona","Intersección","Bueno","Buena","Nocturna","S/D","S/D","Ciclista","Atropello","Ninguna","Vertical","Línea divisoria pintada","Sin restricción"
2016,4664,5/30/2016,"Lunes",0,15:35:00,,"0.0",2,"Automóvil,Transporte de Pasajeros Urbano (> 8 asientos)","Av. Genova Y De Angelis Bis",2,1,0,0,1,0,0,,"S/D",,"ROSARIO","Rosario","Hormigón","Pavimento","II","S/D","S/D","Ninguna","No existe","Intersección","Bueno","Buena","Diurna","Buen Tiempo","Lateral","S/D","Colisión","S/D","Vertical","Ninguna","Sin restricción"
2016,4665,5/9/2016,"Lunes",0,8:00:00,,"0.0",2,"Moto/Ciclomotor,Automóvil","San Martin Y Cabildo",2,1,0,0,1,0,0,,"Avenida",,"ROSARIO","Rosario","Asfalto","No existe","II","Dentro","Urbana","Ninguna","No existe","Intersección","Bueno","Buena","Diurna","Otro","S/D","S/D","Colisión","Ninguna","S/D","Cordón divisorio","Sin restricción"
2016,4666,5/22/2016,"Domingo",0,8:30:00,,"0.0",2,"Moto/Ciclomotor,Automóvil","San Martin Y Pje. Gral.Savio",2,1,0,0,1,0,0,,"Calle",,"ROSARIO","Rosario","Asfalto","No existe","II","Dentro","Urbana","Ninguna","No existe","Recta","Bueno","Buena","Diurna","Buen Tiempo","De alcance","S/D","Colisión","Ninguna","Faltante","Ninguna","Sin restricción"
2016,4667,5/21/2016,"Sabado",0,17:30:00,,"0.0",2,"Pickup/Utilitario,Moto/Ciclomotor","Saavedra Y Dorrego",2,1,0,0,1,0,0,,"Calle",,"ROSARIO","Rosario","Asfalto","No existe","II","Dentro","Urbana","Ninguna","No existe","Intersección","Bueno","Buena","Atardecer","Buen Tiempo","De alcance","S/D","Colisión","S/D","Faltante","Ninguna","Sin restricción"
2016,4668,5/15/2016,"Domingo",0,21:05:00,,"0.0",2,"Automóvil,Moto/Ciclomotor","Av. Francia Y Gaboto",2,1,0,0,1,0,0,,"Avenida",,"ROSARIO","Rosario","Asfalto","No existe","II","S/D","Urbana","S/D","S/D","Intersección","Bueno","Buena","Nocturna","Buen Tiempo","Lateral","S/D","Colisión","S/D","S/D","Cordón divisorio","Sin restricción"