"anio_acci","nro_acci","fecha","desc_dia","fecha_aprox","hora_aprox","desc_ruta","km","cant_participantes","desc_participante","calle_avenida_km","total","heridos_leves","heridos_graves","heridos_gravisimos","ilesos","fallecidos","sin_datos","posicion_XY","desc_tipo_via","desc_ruta_ori","desc_loc","desc_dpto","desc_tipo_calzada","desc_tipo_banquina","desc_unidad_regional","desc_lugar_calzada","desc_zona","desc_prioridad","desc_estado_semaforo","desc_lugar_via","desc_estado_via","desc_estado_visibilidad","desc_luminosidad","desc_estado_clima","desc_tipo_colision","desc_tipo_atropello","desc_tipo_hecho","desc_pres_calzada","desc_senializacion","desc_separacion_via","desc_restriccion"
2016,4809,6/14/2016,"Martes",0,19:20:00,,"869.0",2,"Moto/Ciclomotor,Bicicleta"," ",4,2,0,0,2,0,0,,"S/D",,"VILLA OCAMPO","General Obligado","Asfalto","Natural","IX","S/D","Urbana","Ninguna","No existe","Recta","Bueno","Reducida","Nocturna","Buen Tiempo","S/D","Ciclista","Atropello","Ninguna","Vertical","Cordón divisorio","Sin restricción"
2016,4810,6/7/2016,"Martes",0,12:00:00,,"0.0",2,"Peatón,Transporte de Pasajeros Urbano (> 8 asientos)","L.Braile ",2,1,0,0,1,0,0,,"Calle",,"ROSARIO","Rosario","Asfalto","Pavimento","II","Dentro","Urbana","Ninguna","No existe","Recta","Bueno","Buena","Diurna","Buen Tiempo","S/D","Peatón","Atropello","S/D","Faltante","Ninguna","Sin restricción"
2016,4811,5/18/2016,"Miercoles",0,16:20:00,,"0.0",2,"Moto/Ciclomotor,Automóvil","Mitre Y Ocampo",2,1,0,0,1,0,0,,"Calle",,"ROSARIO","Rosario","Asfalto","S/D","II","Dentro","Urbana","S/D","No existe","Intersección","Bueno","Buena","Diurna","Buen Tiempo","Lateral","S/D","Colisión","S/D","S/D","S/D","S/D"
2016,4812,7/11/2016,"Lunes",0,,,"0.0",2,"Moto/Ciclomotor,Moto/Ciclomotor","Garzon Bis 1400",2,1,0,0,1,0,0,,"Calle",,"ROSARIO","Rosario","Asfalto","S/D","II","S/D","S/D","S/D","S/D","Recta","Bueno","Buena","S/D","Buen Tiempo","S/D","S/D","S/D","S/D","S/D","S/D","S/D"
2016,4813,6/12/2016,"Domingo",0,18:00:00,,"0.0",2,"Pickup/Utilitario,Moto/Ciclomotor","Calle 2106 Y Av. Battle y Ordoñez",3,2,0,0,1,0,0,,"Calle",,"ROSARIO","Rosario","Asfalto","Pavimento","II","Dentro","Urbana","Semáforo","Funciona","Recta","Bueno","Buena","Diurna","Buen Tiempo","De alcance","S/D","Colisión","S/D","Vertical","Ninguna","Sin restricción"
2016,4814,5/21/2016,"Sabado",0,20:30:00,,"0.0",2,"Automóvil,Bicicleta","San Martin Y Galvez",2,1,0,0,0,0,1,,"Avenida",,"ROSARIO","Rosario","Asfalto","S/D","II","Dentro","Urbana","Semáforo","Funciona","Intersección","Bueno","Buena","Nocturna,Con luz artificial","Buen Tiempo","S/D","Ciclista","Atropello","S/D","Vertical","S/D","S/D"
2016,4815,6/7/2016,"Martes",0,17:45:00,,"0.0",2,"Automóvil,Moto/Ciclomotor","Belgrano Y Lopez y Planes",3,2,0,0,1,0,0,,"Calle",,"VILLA OCAMPO","General Obligado","Asfalto","Natural","IX","Dentro","Urbana","Ninguna","No existe","Intersección","Bueno","Buena","Diurna","Buen Tiempo","Lateral","S/D","Colisión","Otro","Faltante","Ninguna","Sin restricción"
2016,4816,5/23/2016,"Lunes",0,10:00:00,,"0.0",2,"Moto/Ciclomotor,Automóvil","Pasco Y Pte.Roca",2,1,0,0,1,0,0,,"Calle",,"ROSARIO","Rosario","Asfalto","S/D","II","Dentro","Urbana","S/D","S/D","Intersección","Bueno","S/D","Diurna","Buen Tiempo","Lateral","S/D","Colisión","S/D","S/D","S/D","S/D"
2016,4817,6/3/2016,"Viernes",0,10:35:00,,"0.0",2,"Moto/Ciclomotor,Bicicleta","Bv Sarmiento Y R Mejias",2,2,0,0,0,0,0,,"Calle",,"VILLA OCAMPO","General Obligado","Asfalto","No existe","IX","Dentro","Urbana","Ninguna","No existe","Recta","Bueno","Buena","Diurna","Buen Tiempo","S/D","Ciclista","Atropello","Ninguna","Faltante","Cordón divisorio","Sin restricción"
2016,4818,6/11/2016,"Sabado",0,14:30:00,,"0.0",2,"Moto/Ciclomotor,Otros","Av. Ovidio Lagos Y Av. Circunvalacion",3,2,0,0,1,0,0,,"Calle",,"ROSARIO","Rosario","Asfalto","Pavimento","II","Dentro","Urbana","Ninguna","No existe","Intersección","Bueno","Buena","Diurna","Buen Tiempo","Lateral","S/D","Colisión","S/D","Vertical","Cordón divisorio","Sin restricción"
2016,4819,7/22/2016,"Viernes",0,17:30:00,,"0.0",2,"Moto/Ciclomotor,Automóvil","Av. Sorrento Y Av. Circunvalacion",2,1,0,0,1,0,0,,"Avenida",,"ROSARIO","Rosario","Asfalto","S/D","II","S/D","S/D","S/D","S/D","Cruce","Bueno","S/D","S/D","S/D","S/D","S/D","S/D","S/D","S/D","S/D","S/D"
2016,4820,5/27/2016,"Viernes",0,11:15:00,,"0.0",2,"Otros,Automóvil","Bv. Oroño Y Bv. 27 De Febrero",3,1,0,0,1,0,1,,"Avenida",,"ROSARIO","Rosario","Asfalto","S/D","II","Dentro","Urbana","Semáforo","Funciona","Recta","Bueno","Buena","Diurna","Buen Tiempo","De alcance","S/D","Colisión","S/D","Vertical","Cordón divisorio","S/D"
2016,4821,6/14/2016,"Martes",0,7:00:00,,"0.0",2,"Moto/Ciclomotor,Taxi/Remis","Av. Ovidio Lagos Y Fernandez Diaz",2,1,0,0,1,0,0,,"Calle",,"ROSARIO","Rosario","Asfalto","Natural","II","Dentro","Urbana","Ninguna","No existe","Intersección","Bueno","Buena","Diurna","Buen Tiempo","Lateral","S/D","Colisión","S/D","Faltante","Cordón divisorio","Sin restricción"
2016,4822,6/4/2016,"Sabado",0,17:30:00,,"0.0",2,"Automóvil,Moto/Ciclomotor","Fray Luis Beltran Y Prebistero Luis A Sponton",4,3,0,0,1,0,0,,"Calle",,"VILLA OCAMPO","General Obligado","Tierra","Natural","IX","Fuera","Urbana","Ninguna","No existe","Intersección","Bueno","Buena","Diurna","Buen Tiempo","Lateral","S/D","Colisión","Ninguna","Faltante","Ninguna","Sin restricción"
2016,4823,7/26/2016,"Martes",0,7:00:00,,"0.0",3,"Automóvil,Automóvil,Automóvil","J.J.Paso Y Tte.Agneta",3,1,0,0,2,0,0,,"Calle",,"ROSARIO","Rosario","Asfalto","S/D","II","S/D","S/D","S/D","S/D","Intersección","S/D","Buena","Amanecer","Buen Tiempo","S/D","S/D","S/D","S/D","S/D","S/D","S/D"
2016,4824,5/29/2016,"Domingo",0,7:15:00,,"0.0",2,"Taxi/Remis,Automóvil","Ituzaingo Y Italia",2,1,0,0,1,0,0,,"Calle",,"ROSARIO","Rosario","Asfalto","S/D","II","Dentro","Urbana","Señal Pare","S/D","Intersección","Bueno","Reducida","Amanecer,Con luz artificial","Buen Tiempo","Lateral","S/D","Colisión","S/D","Vertical","S/D","S/D"
2016,4825,6/15/2016,"Miercoles",0,15:20:00,,"0.0",2,"Moto/Ciclomotor,Pickup/Utilitario","Av. Arijon Y Av. Avellaneda B",2,1,0,0,1,0,0,,"Calle",,"ROSARIO","Rosario","Asfalto","Pavimento","II","Dentro","Urbana","Semáforo","Funciona","Intersección","Bueno","Buena","Diurna","Buen Tiempo","Lateral","S/D","Colisión","S/D","Vertical","Cordón divisorio","Sin restricción"
2016,4826,5/19/2016,"Jueves",0,2:40:00,,"0.0",2,"Taxi/Remis,Automóvil","Bv. 27 De Febrero Y Entre Rios",4,4,0,0,0,0,0,,"Avenida",,"ROSARIO","Rosario","Asfalto","S/D","II","Dentro","Urbana","Semáforo","Funciona","Intersección","Bueno","Buena","Nocturna,Con luz artificial","Buen Tiempo","Lateral","S/D","Colisión","S/D","Vertical","Cordón divisorio","S/D"
2016,4827,6/16/2016,"Jueves",0,4:45:00,,"0.0",2,"Pickup/Utilitario,Bicicleta","Biarritz Y Montecarlo",2,1,0,0,1,0,0,,"Calle",,"ROSARIO","Rosario","Asfalto","Natural","II","Dentro","Urbana","Ninguna","No existe","Recta","Bueno","Buena","Nocturna","Buen Tiempo","S/D","Ciclista","Atropello","S/D","Faltante","Ninguna","Sin restricción"
2016,4828,5/31/2016,"Martes",0,16:00:00,,"0.0",2,"Moto/Ciclomotor,Pickup/Utilitario","Entre Rios Y Pasco",2,1,0,0,1,0,0,,"Calle",,"ROSARIO","Rosario","Asfalto","S/D","II","Dentro","Urbana","S/D","S/D","Intersección","Bueno","Buena","Diurna","Buen Tiempo","Lateral","S/D","Colisión","S/D","S/D","S/D","S/D"
2016,4829,6/26/2016,"Domingo",0,17:30:00,,"0.0",2,"Camión,Automóvil","Av. Circunvalacion Y Av. Ovidio Lagos",4,1,0,0,3,0,0,,"Calle",,"ROSARIO","Rosario","Asfalto","Pavimento","II","Dentro","Urbana","Semáforo","Funciona","Intersección","Bueno","Buena","Diurna","Buen Tiempo","Lateral","S/D","Colisión","S/D","Vertical","Cordón divisorio","S/D"
2016,4830,7/18/2016,"Lunes",0,17:20:00,,"0.0",2,"Moto/Ciclomotor,Automóvil","J.J.Paso Y P.L.Funes",2,1,0,0,1,0,0,,"S/D",,"ROSARIO","Rosario","S/D","S/D","II","S/D","S/D","S/D","S/D","S/D","S/D","S/D","S/D","S/D","S/D","S/D","S/D","S/D","S/D","S/D","S/D"
2016,4831,6/29/2016,"Miercoles",0,6:40:00,,"0.0",2,"Moto/Ciclomotor,Pickup/Utilitario","Pje. J.Marc Y Av. Francia",2,1,0,0,1,0,0,,"Calle",,"ROSARIO","Rosario","Asfalto","Pavimento","II","Dentro","Urbana","Ninguna","No existe","Curva","Bueno","Buena","Nocturna","Buen Tiempo","S/D","S/D","Colisión","S/D","Faltante","Ninguna","Sin restricción"
2016,4832,7/21/2016,"Jueves",0,1:10:00,,"0.0",2,"Moto/Ciclomotor,Automóvil","1 de Mayo Y 3 De Febrero",3,2,0,0,1,0,0,,"Calle",,"ROSARIO","Rosario","Asfalto","S/D","II","Dentro","Urbana","S/D","No existe","Intersección","Bueno","S/D","Nocturna","S/D","Lateral","S/D","Colisión","S/D","S/D","Cordón divisorio","S/D"
2016,4833,7/30/2016,"Sabado",0,12:50:00,,"0.0",2,"Bicicleta,Moto/Ciclomotor","J.B.Justo 6900",2,2,0,0,0,0,0,,"Calle",,"ROSARIO","Rosario","Asfalto","No existe","II","S/D","Urbana","Ninguna","No existe","Recta","Bueno","Buena","Diurna","Buen Tiempo","De alcance","S/D","Colisión","S/D","Faltante","Ninguna","Sin restricción"
2016,4834,7/15/2016,"Viernes",0,0:30:00,,"0.0",2,"Moto/Ciclomotor,Taxi/Remis","J.M.de Rosas Y E.Zeballos",2,1,0,0,1,0,0,,"Calle",,"ROSARIO","Rosario","Asfalto","S/D","II","Dentro","Urbana","S/D","No existe","Intersección","Bueno","Buena","Nocturna","S/D","Lateral","S/D","Colisión","S/D","S/D","Cordón divisorio","S/D"
2016,4835,7/7/2016,"Jueves",0,17:30:00,,"0.0",2,"Automóvil,Moto/Ciclomotor","Rioja Y Av. Belgrano",2,1,0,0,1,0,0,,"Calle",,"ROSARIO","Rosario","Asfalto","S/D","II","Dentro","Urbana","S/D","Funciona","Curva","Bueno","Buena","Diurna","S/D","Lateral","S/D","Colisión","S/D","S/D","Cordón divisorio","S/D"
2016,4836,7/1/2016,"Viernes",0,17:00:00,,"0.0",2,"Moto/Ciclomotor,Automóvil","Av. Provincias Unidas Y Jose Ingenieros",2,1,0,0,1,0,0,,"Calle",,"ROSARIO","Rosario","Asfalto","S/D","II","S/D","S/D","S/D","S/D","Intersección","Bueno","Buena","Atardecer","Buen Tiempo","S/D","S/D","Colisión","S/D","S/D","S/D","S/D"
2016,4837,7/5/2016,"Martes",0,14:00:00,,"0.0",2,"Moto/Ciclomotor,Automóvil","Av. Provincias Unidas Y J.J.Paso",2,1,0,0,1,0,0,,"Calle",,"ROSARIO","Rosario","Asfalto","S/D","II","S/D","S/D","S/D","S/D","Rotonda","Bueno","Buena","Diurna","Buen Tiempo","S/D","S/D","Colisión","S/D","S/D","S/D","S/D"
2016,4838,7/11/2016,"Lunes",0,19:05:00,,"0.0",3,"Automóvil,Peatón,Automóvil","Av. Genova Y Mariano Cabal Bis",3,0,1,0,2,0,0,,"Avenida",,"ROSARIO","Rosario","Asfalto","S/D","II","S/D","S/D","S/D","S/D","Intersección","S/D","S/D","S/D","Buen Tiempo","S/D","Peatón","Atropello","S/D","S/D","S/D","S/D"
2016,4839,7/5/2016,"Martes",0,11:00:00,,"0.0",2,"Automóvil,Camión Chasis","Av. Sorrento Y Casiano Casas",3,1,0,0,2,0,0,,"Avenida",,"ROSARIO","Rosario","Asfalto","No existe","II","Dentro","Urbana","Semáforo","Funciona","Intersección","Bueno","Buena","Diurna","Buen Tiempo","De alcance","S/D","Colisión","Ninguna","Faltante","Ninguna","Sin restricción"
2016,4840,7/10/2016,"Domingo",0,18:50:00,,"0.0",2,"Taxi/Remis,Automóvil","Av. Sorrento Y Bv. Rondeau",3,2,0,0,1,0,0,,"Avenida",,"ROSARIO","Rosario","Asfalto","No existe","II","S/D","Urbana","Semáforo","Funciona","Intersección","Bueno","Buena","Atardecer","Buen Tiempo","Lateral","S/D","Colisión","Ninguna","Horizontal","Línea divisoria pintada","Sin restricción"
2016,4841,7/14/2016,"Jueves",0,11:45:00,,"0.0",1,,"Bv. Rondeau Y Chiclana",2,0,1,0,1,0,0,,"Avenida",,"ROSARIO","Rosario","Asfalto","No existe","II","Dentro","Urbana","Ninguna","No existe","Intersección","Bueno","Buena","Diurna","Buen Tiempo","S/D","Peatón","Atropello","Ninguna","Faltante","Ninguna","Sin restricción"
2016,4842,7/14/2016,"Jueves",0,11:45:00,,"0.0",2,"Automóvil,Peatón","Bv. Rondeau Y Chiclana",2,0,1,0,1,0,0,,"Avenida",,"ROSARIO","Rosario","Asfalto","No existe","II","Dentro","Urbana","Ninguna","No existe","Intersección","Bueno","Buena","Diurna","Buen Tiempo","S/D","Peatón","Atropello","Ninguna","Faltante","Ninguna","Sin restricción"
2016,4843,7/19/2016,"Martes",0,19:20:00,,"0.0",2,"Moto/Ciclomotor,Automóvil","Bv. Rondeau Y Baigorria",2,1,0,0,0,0,1,,"Avenida",,"ROSARIO","Rosario","Asfalto","No existe","II","Dentro","Urbana","Semáforo","Funciona","Intersección","Bueno","Buena","Atardecer","Buen Tiempo","Lateral","S/D","Colisión","Ninguna","S/D","Ninguna","Sin restricción"
2016,4844,7/19/2016,"Martes",0,12:50:00,,"0.0",2,"Automóvil,Moto/Ciclomotor","Darragueira Y Superi",2,1,0,0,1,0,0,,"S/D",,"ROSARIO","Rosario","Asfalto","No existe","II","Dentro","Urbana","Ninguna","No existe","Intersección","Bueno","Buena","Diurna","Buen Tiempo","Lateral","S/D","Colisión","Ninguna","S/D","Ninguna","Sin restricción"
2016,4845,7/19/2016,"Martes",0,19:55:00,,"0.0",2,"Automóvil,Moto/Ciclomotor","Bv. Rondeau 100",2,1,0,0,1,0,0,,"Avenida",,"ROSARIO","Rosario","Asfalto","No existe","II","S/D","Urbana","Ninguna","No existe","Recta","Bueno","Buena","Atardecer","Buen Tiempo","De alcance","S/D","Colisión","S/D","S/D","Cordón divisorio","Sin restricción"
2016,4846,7/14/2016,"Jueves",0,21:05:00,,"0.0",2,"Transporte de Pasajeros Larga Distancia (> 8 asientos),Moto/Ciclomotor","Bv. Rondeau Y Washington",2,1,0,0,1,0,0,,"Avenida",,"ROSARIO","Rosario","Asfalto","No existe","II","S/D","Urbana","Semáforo","Funciona","Intersección","Bueno","Buena","Nocturna","Buen Tiempo","Lateral","S/D","Colisión","Ninguna","Vertical","Cordón divisorio","Sin restricción"
2016,4847,7/26/2016,"Martes",0,9:15:00,,"0.0",2,"Moto/Ciclomotor,Automóvil","Donizetti Y Av. Sorrento",2,1,0,0,1,0,0,,"Calle",,"ROSARIO","Rosario","Asfalto","No existe","II","Dentro","Urbana","Ninguna","No existe","Intersección","Bueno","Buena","Diurna","Buen Tiempo","Lateral","S/D","Colisión","Ninguna","Faltante","Ninguna","Sin restricción"
2016,4848,7/29/2016,"Viernes",0,17:40:00,,"0.0",2,"Automóvil,Moto/Ciclomotor","Anchoris Y Uriarte",2,1,0,0,1,0,0,,"Calle",,"ROSARIO","Rosario","Asfalto","No existe","II","Dentro","Urbana","Ninguna","No existe","Intersección","Deteriorada","Buena","Atardecer","Buen Tiempo","Lateral","S/D","Colisión","Ninguna","Faltante","Ninguna","Sin restricción"
2016,4849,7/4/2016,"Lunes",0,20:30:00,,"0.0",2,"Moto/Ciclomotor,Automóvil","Galvez Y Entre Rios",2,1,0,0,1,0,0,,"Calle",,"ROSARIO","Rosario","Asfalto","S/D","II","Dentro","Urbana","S/D","S/D","Intersección","Bueno","Buena","Nocturna,Con luz artificial","Buen Tiempo","Lateral","S/D","Colisión","S/D","S/D","S/D","S/D"
2016,4850,7/7/2016,"Jueves",0,18:30:00,,"0.0",2,"Moto/Ciclomotor,Automóvil","Av. Corrientes 800",2,1,0,0,1,0,0,,"Calle",,"ROSARIO","Rosario","Asfalto","Pavimento","II","Dentro","Urbana","Ninguna","No existe","Recta","Bueno","Buena","Diurna","Buen Tiempo","Lateral","S/D","Colisión","S/D","S/D","Cordón divisorio","Sin restricción"
2016,4851,7/14/2016,"Jueves",0,22:15:00,,"0.0",2,"Automóvil,Moto/Ciclomotor","Pago de los Arroyos Y F.Frias",2,1,0,0,1,0,0,,"Calle",,"ROSARIO","Rosario","Asfalto","No existe","II","Dentro","Urbana","Ninguna","No existe","Recta","Bueno","Reducida","Nocturna","S/D","S/D","S/D","Colisión","S/D","Horizontal","Ninguna","Sin restricción"
2016,4852,7/22/2016,"Viernes",0,23:50:00,,"0.0",2,"Moto/Ciclomotor,Moto/Ciclomotor","Av. Arijon Y Pje. Chilabert",3,2,0,0,1,0,0,,"Calle",,"ROSARIO","Rosario","Asfalto","No existe","II","Dentro","Urbana","Ninguna","No existe","Recta","Bueno","Buena","Nocturna","Buen Tiempo","S/D","S/D","Colisión","S/D","Horizontal","Línea divisoria pintada","Sin restricción"
2016,4853,7/6/2016,"Miercoles",0,13:10:00,,"0.0",2,"Moto/Ciclomotor,Peatón","Av. Corrientes Y Av. Pellegrini",2,1,0,0,1,0,0,,"Calle",,"ROSARIO","Rosario","Asfalto","Pavimento","II","Dentro","Urbana","Semáforo","Funciona","Intersección","Bueno","Buena","Diurna","Buen Tiempo","S/D","Peatón","Atropello","S/D","Horizontal,Vertical","Cordón divisorio","Sin restricción"
2016,4854,7/12/2016,"Martes",0,12:45:00,,"0.0",2,"Automóvil,Automóvil","Av. Arijon 1600",3,1,0,0,2,0,0,,"Calle",,"ROSARIO","Rosario","Asfalto","No existe","II","Dentro","Urbana","Ninguna","Funciona","Recta","Bueno","Buena","Diurna","S/D","De alcance","S/D","Colisión","S/D","Vertical","Línea divisoria pintada","Sin restricción"
2016,4855,7/6/2016,"Miercoles",0,12:00:00,,"0.0",2,"Automóvil,Peatón","Mitre Y Av. Pellegrini",2,1,0,0,1,0,0,,"Avenida",,"ROSARIO","Rosario","Asfalto","Pavimento","II","Dentro","Urbana","Ninguna","No existe","Recta","Bueno","Buena","Diurna","Buen Tiempo","S/D","Peatón","Atropello","S/D","Horizontal","Cordón divisorio","Sin restricción"
2016,4856,7/19/2016,"Martes",0,12:20:00,,"0.0",2,"Tracción animal / Carro,Otros","San Martin 6600",3,2,0,0,1,0,0,,"Calle",,"ROSARIO","Rosario","Asfalto","No existe","II","Dentro","Urbana","Ninguna","No existe","Recta","Deteriorada","Buena","Diurna","S/D","S/D","S/D","Colisión","S/D","Faltante","Ninguna","Sin restricción"
2016,4857,7/8/2016,"Viernes",0,10:50:00,,"0.0",2,"Peatón,Automóvil","Av. Pellegrini Y Mitre",3,1,0,0,2,0,0,,"Avenida",,"ROSARIO","Rosario","Asfalto","Pavimento","II","Dentro","Urbana","Semáforo","Funciona","Intersección","Bueno","Buena","Diurna","Buen Tiempo","S/D","Peatón","Atropello,Otro","S/D","Vertical","Cordón divisorio","Sin restricción"
2016,4858,7/6/2016,"Miercoles",0,18:20:00,,"0.0",3,"Taxi/Remis,Taxi/Remis,Automóvil","3 De Febrero Y Sarmiento",4,3,0,0,1,0,0,,"Calle",,"ROSARIO","Rosario","Asfalto","Pavimento","II","Dentro","Urbana","Marca Vial","S/D","Intersección","Bueno","S/D","Diurna","Buen Tiempo","Múltiple","S/D","Colisión","S/D","S/D","Cordón divisorio","Sin restricción"
2016,4859,7/19/2016,"Martes",0,8:30:00,,"0.0",2,"Moto/Ciclomotor,Pickup/Utilitario","San Martin Y Av. Arijon",2,1,0,0,1,0,0,,"Calle",,"ROSARIO","Rosario","Asfalto","No existe","II","Dentro","Urbana","Ninguna","Funciona","Recta","Bueno","Buena","Diurna","Buen Tiempo","S/D","S/D","Colisión","S/D","Vertical","Línea divisoria pintada","Sin restricción"
2016,4860,7/24/2016,"Domingo",0,23:00:00,,"0.0",2,"Automóvil,Moto/Ciclomotor","San Martin Y Khantuta",3,2,0,0,1,0,0,,"Calle",,"ROSARIO","Rosario","Asfalto","No existe","II","Dentro","Urbana","Ninguna","Funciona","Intersección","Bueno","Buena","Nocturna","S/D","S/D","S/D","Colisión","S/D","Vertical","Línea divisoria pintada","Sin restricción"
2016,4861,7/6/2016,"Miercoles",0,10:00:00,,"0.0",2,"Automóvil,Moto/Ciclomotor","Montevideo Y Valparaiso",2,1,0,0,1,0,0,,"Calle",,"ROSARIO","Rosario","Asfalto","No existe","II","Dentro","Urbana","Ninguna","S/D","Intersección","Bueno","Buena","Diurna","Buen Tiempo","Lateral","S/D","Atropello","Ninguna","Faltante","Ninguna","Sin restricción"
2016,4862,7/6/2016,"Miercoles",0,12:00:00,,"0.0",2,"Peatón,Automóvil","Mendoza Y Paraguay",2,1,0,0,1,0,0,,"Calle",,"ROSARIO","Rosario","Asfalto","Pavimento","II","Dentro","Urbana","Semáforo","Funciona","Intersección","Bueno","Buena","Diurna","Buen Tiempo","S/D","Peatón","Atropello","S/D","Vertical","Cordón divisorio","Sin restricción"
2016,4863,7/25/2016,"Lunes",0,7:15:00,,"0.0",2,"Moto/Ciclomotor,Automóvil","Av. Bermudez Y Alzugaray",2,1,0,0,1,0,0,,"Calle",,"ROSARIO","Rosario","Asfalto","S/D","II","Dentro","Urbana","Ninguna","No existe","Intersección","Bueno","Buena","Diurna","Buen Tiempo","S/D","S/D","Colisión","S/D","Horizontal","Ninguna","Sin restricción"
2016,4864,7/9/2016,"Sabado",0,2:15:00,,"0.0",2,"Moto/Ciclomotor,Automóvil","Av. Ovidio Lagos Y E.Zeballos",2,1,0,0,1,0,0,,"Calle",,"ROSARIO","Rosario","Asfalto","Pavimento","II","Dentro","Urbana","Ninguna","Funciona","Intersección","Bueno","Buena","Nocturna","Buen Tiempo","Lateral","S/D","Colisión","Ninguna","S/D","Ninguna","Sin restricción"
2016,4865,7/5/2016,"Martes",0,8:15:00,,"0.0",2,"Moto/Ciclomotor,Automóvil","Av. Dante Alighieri Y Bv. Oroño",2,1,0,0,1,0,0,,"Calle",,"ROSARIO","Rosario","Asfalto","S/D","II","Dentro","Urbana","S/D","S/D","Recta","Bueno","Buena","Diurna","Buen Tiempo","De alcance","S/D","Colisión","S/D","S/D","S/D","S/D"
2016,4866,7/9/2016,"Sabado",0,15:00:00,,"0.0",2,"Automóvil,Moto/Ciclomotor","Bv. Avellaneda Y 9 De Julio",3,2,0,0,1,0,0,,"Calle",,"ROSARIO","Rosario","Asfalto","Pavimento","II","Dentro","Urbana","Ninguna","S/D","Intersección","Bueno","Buena","Diurna","Buen Tiempo","Lateral","S/D","Colisión","Ninguna","S/D","Ninguna","Sin restricción"
2016,4867,7/6/2016,"Miercoles",0,17:48:00,,"0.0",2,"Peatón,Automóvil","Mariano Moreno Y Rioja",2,1,0,0,1,0,0,,"Calle",,"ROSARIO","Rosario","Asfalto","Pavimento","II","Dentro","Urbana","Marca Vial","No existe","Intersección","Bueno","Buena","Diurna","Buen Tiempo","S/D","Peatón","Atropello","S/D","Horizontal","Cordón divisorio","Sin restricción"
2016,4868,7/5/2016,"Martes",0,15:15:00,,"0.0",2,"Moto/Ciclomotor,Automóvil","España Y Av. Pellegrini",2,0,1,0,1,0,0,,"Calle",,"ROSARIO","Rosario","Asfalto","S/D","II","Dentro","Urbana","Semáforo","Funciona","Recta","Bueno","Buena","Diurna","Buen Tiempo","De alcance","S/D","Colisión","S/D","Vertical","S/D","S/D"
2016,4869,6/1/2016,"Miercoles",0,21:30:00,,"0.0",2,"Peatón,Moto/Ciclomotor","Av. Pellegrini Y Dorrego",2,1,0,0,1,0,0,,"Avenida",,"ROSARIO","Rosario","Asfalto","Pavimento","II","Dentro","Urbana","S/D","S/D","Recta","Bueno","Buena","Nocturna","Buen Tiempo","S/D","Peatón","Atropello","S/D","S/D","Cordón divisorio","Sin restricción"
2016,4870,7/10/2016,"Domingo",0,1:00:00,,"0.0",2,"Moto/Ciclomotor,Moto/Ciclomotor","Rioja Y Pueyrredon",2,2,0,0,0,0,0,,"Calle",,"ROSARIO","Rosario","Asfalto","S/D","II","Dentro","Urbana","Ninguna","S/D","Intersección","Bueno","Buena","Nocturna","Buen Tiempo","Lateral","S/D","Colisión","Ninguna","S/D","Ninguna","Sin restricción"
2016,4871,7/12/2016,"Martes",0,8:15:00,,"0.0",1,,"Dorrego 1900",2,1,0,0,1,0,0,,"Calle",,"ROSARIO","Rosario","Asfalto","S/D","II","Dentro","Urbana","S/D","S/D","Intersección","Bueno","Buena","Diurna","Buen Tiempo","Lateral","S/D","Colisión","S/D","S/D","S/D","S/D"
2016,4872,7/12/2016,"Martes",0,8:15:00,,"0.0",2,"Moto/Ciclomotor,Automóvil","Dorrego 1900",2,1,0,0,1,0,0,,"Calle",,"ROSARIO","Rosario","Asfalto","S/D","II","Dentro","Urbana","S/D","S/D","Intersección","Bueno","Buena","Diurna","Buen Tiempo","Lateral","S/D","Colisión","S/D","S/D","S/D","S/D"
2016,4873,7/10/2016,"Domingo",0,14:25:00,,"0.0",2,"Moto/Ciclomotor,Automóvil","3 De Febrero Y Rio De Janeiro",3,1,0,0,2,0,0,,"Calle",,"ROSARIO","Rosario","Asfalto","S/D","II","Dentro","Urbana","Ninguna","S/D","Intersección","Bueno","Buena","Diurna","Buen Tiempo","Lateral","S/D","Colisión","Ninguna","S/D","Ninguna","Sin restricción"
2016,4874,6/1/2016,"Miercoles",0,14:30:00,,"0.0",3,"Automóvil,Taxi/Remis,Automóvil","3 De Febrero Y Dorrego",3,1,0,0,2,0,0,,"Calle",,"ROSARIO","Rosario","Asfalto","Pavimento","II","Dentro","Urbana","Marca Vial","S/D","Intersección","Bueno","Buena","Diurna","Buen Tiempo","Múltiple","S/D","Colisión","S/D","Horizontal","Cordón divisorio","Sin restricción"
2016,4875,7/14/2016,"Jueves",0,13:20:00,,"0.0",2,"Bicicleta,Automóvil","Sarmiento Y Pasco",2,1,0,0,1,0,0,,"Calle",,"ROSARIO","Rosario","Asfalto","S/D","II","Dentro","Urbana","S/D","S/D","Intersección","Bueno","Buena","Diurna","Buen Tiempo","S/D","Ciclista","Atropello","S/D","S/D","S/D","S/D"
2016,4876,7/11/2016,"Lunes",0,13:30:00,,"0.0",2,"Moto/Ciclomotor,Pickup/Utilitario","Av. Pellegrini Y Bv. Avellaneda",2,1,0,0,1,0,0,,"Calle",,"ROSARIO","Rosario","Asfalto","S/D","II","Dentro","Urbana","Ninguna","S/D","Intersección","Bueno","Buena","Diurna","Buen Tiempo","Lateral","S/D","Colisión","Ninguna","S/D","Ninguna","Sin restricción"