"anio_acci","nro_acci","fecha","desc_dia","fecha_aprox","hora_aprox","desc_ruta","km","cant_participantes","desc_participante","calle_avenida_km","total","heridos_leves","heridos_graves","heridos_gravisimos","ilesos","fallecidos","sin_datos","posicion_XY","desc_tipo_via","desc_ruta_ori","desc_loc","desc_dpto","desc_tipo_calzada","desc_tipo_banquina","desc_unidad_regional","desc_lugar_calzada","desc_zona","desc_prioridad","desc_estado_semaforo","desc_lugar_via","desc_estado_via","desc_estado_visibilidad","desc_luminosidad","desc_estado_clima","desc_tipo_colision","desc_tipo_atropello","desc_tipo_hecho","desc_pres_calzada","desc_senializacion","desc_separacion_via","desc_restriccion"
2016,4877,7/22/2016,"Viernes",0,12:30:00,,"0.0",2,"Bicicleta,Automóvil","Av. Corrientes 1000",2,1,0,0,1,0,0,,"Calle",,"ROSARIO","Rosario","Asfalto","Pavimento","II","Dentro","Urbana","Marca Vial","No existe","Recta","Bueno","Buena","Diurna","Buen Tiempo","S/D","Ciclista","Atropello","Ninguna","Horizontal","Cordón divisorio","Sin restricción"
2016,4878,7/13/2016,"Miercoles",0,18:00:00,,"0.0",2,"Moto/Ciclomotor,Automóvil","Mitre Y Ocampo",3,2,0,0,1,0,0,,"Calle",,"ROSARIO","Rosario","Asfalto","S/D","II","Dentro","Urbana","S/D","S/D","Intersección","Bueno","Buena","Atardecer,Con luz artificial","Buen Tiempo","Lateral","S/D","Colisión","S/D","S/D","S/D","S/D"
2016,4879,7/11/2016,"Lunes",0,22:00:00,,"0.0",2,"Transporte de Pasajeros Urbano (> 8 asientos),Moto/Ciclomotor","Cordoba Y Castellanos",2,1,0,0,1,0,0,,"Calle",,"ROSARIO","Rosario","Asfalto","S/D","II","Dentro","Urbana","Ninguna","S/D","Intersección","Bueno","Buena","Nocturna","Buen Tiempo","Lateral","S/D","Colisión","Ninguna","Faltante","Ninguna","Sin restricción"
2016,4880,7/26/2016,"Martes",0,14:23:00,,"0.0",2,"Automóvil,Peatón","Alvear Y San Juan",2,1,0,0,1,0,0,,"Calle",,"ROSARIO","Rosario","Asfalto","Pavimento","II","Dentro","Urbana","Ninguna","No existe","Intersección","Bueno","Buena","Diurna","Buen Tiempo","S/D","Peatón","Atropello","Ninguna","Horizontal","Cordón divisorio","Sin restricción"
2016,4881,7/14/2016,"Jueves",0,19:00:00,,"0.0",2,"Moto/Ciclomotor,Automóvil","Sarmiento Y Viamonte",3,2,0,0,1,0,0,,"Calle",,"ROSARIO","Rosario","Asfalto","S/D","II","Dentro","Urbana","S/D","S/D","Intersección","Bueno","Buena","Atardecer","Buen Tiempo","Lateral","S/D","Colisión","S/D","S/D","S/D","S/D"
2016,4882,7/27/2016,"Miercoles",0,12:50:00,,"0.0",2,"Taxi/Remis,Moto/Ciclomotor","Rioja Y Dorrego",2,1,0,0,1,0,0,,"Calle",,"ROSARIO","Rosario","Asfalto","Pavimento","II","Dentro","Urbana","Semáforo","Funciona","Intersección","Bueno","Buena","Diurna","Buen Tiempo","Lateral","S/D","Colisión","Ninguna","Horizontal,Vertical","Cordón divisorio","Sin restricción"
2016,4883,7/12/2016,"Martes",0,9:45:00,,"0.0",2,"Moto/Ciclomotor,Moto/Ciclomotor","Av. Pellegrini Y Cafferata",2,2,0,0,0,0,0,,"Calle",,"ROSARIO","Rosario","Asfalto","S/D","II","Dentro","Urbana","Ninguna","S/D","Intersección","Bueno","Buena","Diurna","Buen Tiempo","Lateral","S/D","Colisión","Ninguna","S/D","Ninguna","Sin restricción"
2016,4884,7/16/2016,"Sabado",0,21:05:00,,"0.0",2,"Peatón,Automóvil","Bv. 27 De Febrero Y Bv. Oroño",2,1,0,0,1,0,0,,"Calle",,"ROSARIO","Rosario","Asfalto","S/D","II","Dentro","Urbana","Semáforo","Funciona","Intersección","Bueno","Buena","Nocturna,Con luz artificial","Buen Tiempo","S/D","Peatón","Atropello","S/D","Vertical","Cordón divisorio","S/D"
2016,4885,7/17/2016,"Domingo",0,6:30:00,,"0.0",1,"Moto/Ciclomotor","España Y Virasoro",3,2,1,0,0,0,0,,"Calle",,"ROSARIO","Rosario","Asfalto","S/D","II","Dentro","Urbana","S/D","S/D","Recta","Bueno","Buena","Nocturna,Con luz artificial","Buen Tiempo","S/D","S/D","Caída ocupante","S/D","S/D","S/D","S/D"
2016,4886,7/27/2016,"Miercoles",0,18:50:00,,"0.0",2,"Automóvil,Moto/Ciclomotor","Italia Y Cordoba",2,1,0,0,1,0,0,,"Calle",,"ROSARIO","Rosario","Asfalto","S/D","II","Dentro","Urbana","Ninguna","S/D","Intersección","Bueno","S/D","Atardecer","Buen Tiempo","Lateral","S/D","Colisión","S/D","Horizontal","Cordón divisorio","Sin restricción"
2016,4887,7/26/2016,"Martes",0,,,"0.0",2,"Moto/Ciclomotor,Automóvil","Montevideo Y E.Zeballos",2,1,0,0,1,0,0,,"Calle",,"ROSARIO","Rosario","Asfalto","S/D","II","Dentro","Urbana","S/D","S/D","Intersección","S/D","S/D","S/D","S/D","S/D","S/D","Colisión","S/D","S/D","S/D","S/D"
2016,4888,7/18/2016,"Lunes",0,9:45:00,,"0.0",2,"Moto/Ciclomotor,Automóvil","Cochabamba Y Dorrego",2,1,0,0,1,0,0,,"Calle",,"ROSARIO","Rosario","Asfalto","S/D","II","Dentro","Urbana","S/D","S/D","Intersección","Bueno","Buena","Diurna","Buen Tiempo","Lateral","S/D","Colisión","S/D","S/D","S/D","S/D"
2016,4889,7/23/2016,"Sabado",0,7:30:00,,"0.0",2,"Moto/Ciclomotor,Taxi/Remis","Mariano Moreno Y Rioja",3,2,0,0,1,0,0,,"Calle",,"ROSARIO","Rosario","Asfalto","Pavimento","II","Dentro","Urbana","Ninguna","No existe","Intersección","Bueno","Buena","Diurna","Buen Tiempo","Lateral","S/D","Colisión","Ninguna","Horizontal","Cordón divisorio","Sin restricción"
2016,4890,7/25/2016,"Lunes",0,21:00:00,,"0.0",2,"Automóvil,Moto/Ciclomotor","San Juan Y Vera Mujica",4,1,0,0,3,0,0,,"S/D",,"ROSARIO","Rosario","Asfalto","S/D","II","Dentro","Urbana","S/D","S/D","Intersección","S/D","S/D","Nocturna","S/D","S/D","S/D","Colisión","S/D","S/D","S/D","S/D"
2016,4891,7/18/2016,"Lunes",0,18:00:00,,"0.0",2,"Moto/Ciclomotor,Automóvil","Bv. Oroño Y Cochabamba",2,1,0,0,1,0,0,,"Calle",,"ROSARIO","Rosario","Asfalto","S/D","II","Dentro","Urbana","Señal Ceda el Paso","S/D","Intersección","Bueno","Buena","Diurna","Buen Tiempo","Lateral","S/D","Colisión","S/D","Vertical","S/D","S/D"
2016,4892,7/18/2016,"Lunes",0,9:45:00,,"0.0",2,"Peatón,Automóvil","La Paz Y Paraguay",2,1,0,0,1,0,0,,"Calle",,"ROSARIO","Rosario","Asfalto","S/D","II","Dentro","Urbana","S/D","S/D","Intersección","Bueno","Buena","Diurna","Buen Tiempo","S/D","Peatón","Atropello","S/D","S/D","S/D","S/D"
2016,4893,7/27/2016,"Miercoles",0,15:00:00,,"0.0",2,"Automóvil,Moto/Ciclomotor","Alvear Y San Luis",3,2,0,0,1,0,0,,"Calle",,"ROSARIO","Rosario","Asfalto","Pavimento","II","Dentro","Urbana","Semáforo","Funciona","Intersección","Bueno","Buena","Diurna","Buen Tiempo","Lateral","S/D","Colisión","Ninguna","Vertical","Cordón divisorio","Sin restricción"
2016,4894,7/20/2016,"Miercoles",0,13:00:00,,"0.0",2,"Moto/Ciclomotor,Automóvil","San Martin Y Ocampo",2,1,0,0,1,0,0,,"Calle",,"ROSARIO","Rosario","Asfalto","S/D","II","Dentro","Urbana","S/D","S/D","Intersección","Bueno","Buena","Diurna","Buen Tiempo","Lateral","S/D","Colisión","S/D","S/D","S/D","S/D"
2016,4895,7/25/2016,"Lunes",0,9:30:00,,"0.0",2,"Automóvil,Moto/Ciclomotor","Constitucion Y Montevideo",2,1,1,0,0,0,0,,"Calle",,"ROSARIO","Rosario","Asfalto","S/D","II","Dentro","Urbana","S/D","S/D","S/D","S/D","S/D","Diurna","S/D","S/D","S/D","Colisión","S/D","S/D","S/D","S/D"
2016,4896,7/12/2016,"Martes",0,17:20:00,,"0.0",2,"Pickup/Utilitario,Automóvil","Alvarez Thomas Y Castagnino",7,2,0,0,5,0,0,,"Calle",,"ROSARIO","Rosario","Asfalto","No existe","II","Dentro","Urbana","Ninguna","No existe","Intersección","Bueno","Buena","Atardecer","Buen Tiempo","Lateral","S/D","Colisión","S/D","Faltante","Ninguna","Sin restricción"
2016,4897,7/22/2016,"Viernes",0,16:30:00,,"0.0",2,"Moto/Ciclomotor,Pickup/Utilitario","Ocampo Y Av. Corrientes",2,1,0,0,1,0,0,,"Calle",,"ROSARIO","Rosario","Asfalto","S/D","II","Dentro","Urbana","S/D","S/D","Intersección","Bueno","Buena","Diurna","Buen Tiempo","Lateral","S/D","Colisión","S/D","S/D","S/D","S/D"
2016,4898,7/30/2016,"Sabado",0,17:30:00,,"0.0",2,"Automóvil,Moto/Ciclomotor","Bv. Segui Y Alsina",2,1,0,0,1,0,0,,"Calle",,"ROSARIO","Rosario","Asfalto","No existe","II","Dentro","Urbana","Ninguna","No existe","Intersección","Bueno","Buena","Atardecer","Buen Tiempo","Lateral","S/D","Colisión","S/D","Faltante","Vegetación","Sin restricción"
2016,4899,7/22/2016,"Viernes",0,,,"0.0",2,"Moto/Ciclomotor,Automóvil","Pueyrredon 1900",2,1,0,0,1,0,0,,"Calle",,"ROSARIO","Rosario","Asfalto","S/D","II","S/D","Urbana","S/D","S/D","S/D","S/D","S/D","S/D","S/D","S/D","S/D","Colisión","S/D","S/D","S/D","S/D"
2016,4900,7/26/2016,"Martes",0,12:00:00,,"0.0",2,"Automóvil,Automóvil","Av. Francia Y Biedma",4,2,0,0,2,0,0,,"Calle",,"ROSARIO","Rosario","Tierra","No existe","II","Dentro","Urbana","Ninguna","No existe","Intersección","S/D","Reducida p/ objetos","Diurna","Buen Tiempo","Lateral","S/D","Colisión","S/D","Faltante","Vegetación","Sin restricción"
2016,4901,7/19/2016,"Martes",0,8:20:00,,"0.0",2,"Automóvil,Moto/Ciclomotor","Vera Mujica Y Pje. Zabala",2,1,0,0,1,0,0,,"Calle",,"ROSARIO","Rosario","Asfalto","S/D","II","Dentro","Urbana","S/D","S/D","S/D","S/D","S/D","Diurna","S/D","S/D","S/D","Colisión","S/D","S/D","S/D","S/D"
2016,4902,8/2/2016,"Martes",0,18:45:00,,"0.0",2,"Pickup/Utilitario,Moto/Ciclomotor","Av Julian Bustinza 1257",2,1,0,0,1,0,0,,"Avenida",,"PIAMONTE","San Martín","Asfalto","Pavimento","XVIII","Dentro","Urbana","Ninguna","No existe","Recta","Bueno","Buena","Atardecer","Buen Tiempo","Lateral","S/D","Colisión","Ninguna","Faltante","Ninguna","Sin restricción"
2016,4903,7/24/2016,"Domingo",0,15:20:00,,"0.0",2,"Moto/Ciclomotor,Automóvil","Virasoro Y Paraguay",3,1,0,0,2,0,0,,"Calle",,"ROSARIO","Rosario","Asfalto","S/D","II","Dentro","Urbana","S/D","S/D","Intersección","Bueno","Buena","Diurna","Buen Tiempo","Lateral","S/D","Colisión","S/D","S/D","S/D","S/D"
2016,4904,7/30/2016,"Sabado",0,17:30:00,,"0.0",2,"Moto/Ciclomotor,Automóvil","Av. Avellaneda B 4900",3,2,0,0,1,0,0,,"Calle",,"ROSARIO","Rosario","Asfalto","No existe","II","Dentro","Urbana","Ninguna","No existe","Recta","Bueno","Buena","Diurna","Buen Tiempo","Lateral","S/D","Colisión","S/D","S/D","Vegetación","Sin restricción"
2016,4905,7/17/2016,"Domingo",0,12:26:00,,"0.0",2,"Automóvil,Taxi/Remis","Lavalle Y 3 De Febrero",3,2,0,0,1,0,0,,"Calle",,"ROSARIO","Rosario","Asfalto","S/D","II","S/D","Urbana","S/D","S/D","S/D","S/D","S/D","Diurna","S/D","S/D","S/D","Colisión","S/D","S/D","S/D","S/D"
2016,4906,7/21/2016,"Jueves",0,14:00:00,,"0.0",2,"Taxi/Remis,Peatón","Av. Francia Y Garay",2,1,0,0,0,0,1,,"Calle",,"ROSARIO","Rosario","Asfalto","Pavimento","II","Dentro","Urbana","Semáforo","Funciona","Recta","Bueno","S/D","Diurna","Buen Tiempo","S/D","Peatón","Atropello","S/D","S/D","Ninguna","Sin restricción"
2016,4907,7/15/2016,"Viernes",0,17:00:00,,"0.0",2,"Moto/Ciclomotor,Automóvil","Rioja Y Suipacha",2,1,0,0,1,0,0,,"Calle",,"ROSARIO","Rosario","Asfalto","Pavimento","II","Dentro","Urbana","S/D","S/D","Intersección","Bueno","Buena","Diurna","S/D","Lateral","S/D","Colisión","Ninguna","S/D","Ninguna","S/D"
2016,4908,8/22/2016,"Lunes",0,17:50:00,"Ruta Nacional 11","0.0",2,"Moto/Ciclomotor,Pickup/Utilitario","RN 11 Y PROVINCIAL",2,0,0,0,1,0,1,,"Ruta",11,"SAN LORENZO","San Lorenzo","S/D","S/D","XVII","S/D","S/D","S/D","S/D","S/D","S/D","S/D","S/D","S/D","S/D","S/D","S/D","S/D","S/D","S/D","S/D"
2016,4909,7/2/2016,"Sabado",0,2:10:00,,"0.0",2,"Pickup/Utilitario,Moto/Ciclomotor","San Martin Y Khantuta",2,0,1,0,1,0,0,,"Calle",,"ROSARIO","Rosario","Asfalto","No existe","II","Dentro","Urbana","Semáforo","Intermitente","Intersección","Bueno","Buena","Diurna","S/D","S/D","S/D","Colisión","S/D","Vertical","Línea divisoria pintada","Sin restricción"
2016,4910,5/15/2016,"Domingo",0,16:30:00,,"0.0",2,"Pickup/Utilitario,Otros","Virasoro Y Dorrego",6,2,0,0,3,0,1,,"Calle",,"ROSARIO","Rosario","S/D","S/D","II","Dentro","Urbana","S/D","S/D","S/D","S/D","S/D","Diurna","S/D","S/D","S/D","Colisión","S/D","S/D","S/D","S/D"
2016,4911,8/22/2016,"Lunes",0,14:40:00,,"0.0",2,"Moto/Ciclomotor,Automóvil","Tte. roca Y Santiago del Estero",4,0,0,0,3,0,1,,"S/D",,"SAN LORENZO","San Lorenzo","S/D","S/D","XVII","S/D","S/D","S/D","S/D","S/D","S/D","S/D","S/D","S/D","S/D","S/D","S/D","S/D","S/D","S/D","S/D"
2016,4912,7/27/2016,"Miercoles",0,12:15:00,,"0.0",2,"Automóvil,Automóvil","Rioja Y Lima",2,1,0,0,1,0,0,,"Calle",,"ROSARIO","Rosario","Asfalto","S/D","II","Dentro","Urbana","S/D","S/D","Intersección","Bueno","S/D","S/D","S/D","De alcance","S/D","Colisión","Ninguna","S/D","S/D","S/D"
2016,4913,7/4/2016,"Lunes",0,14:00:00,,"0.0",2,"Peatón,Taxi/Remis","Jujuy Y Balcarce",2,1,0,0,1,0,0,,"Calle",,"ROSARIO","Rosario","Asfalto","Pavimento","II","Dentro","Urbana","Ninguna","No existe","Intersección","Bueno","Buena","Diurna","Buen Tiempo","S/D","Peatón","Atropello","Ninguna","Faltante","Ninguna","Sin restricción"
2016,4914,7/27/2016,"Miercoles",0,17:00:00,,"0.0",2,"Moto/Ciclomotor,Automóvil","Cafferata 1000",2,1,0,0,1,0,0,,"Calle",,"ROSARIO","Rosario","Asfalto","Pavimento","II","Dentro","Urbana","Ninguna","S/D","Recta","Bueno","Buena","Diurna","Buen Tiempo","Contra objeto fijo","S/D","Colisión","Ninguna","S/D","Ninguna","Sin restricción"
2016,4915,8/19/2016,"Viernes",0,22:10:00,"Ruta Nacional A012","0.0",2,"Automóvil,Moto/Ciclomotor"," ",3,0,0,0,1,0,2,,"Ruta","A012","SAN LORENZO","San Lorenzo","S/D","S/D","XVII","S/D","S/D","S/D","S/D","S/D","S/D","S/D","S/D","S/D","S/D","S/D","S/D","S/D","S/D","S/D","S/D"
2016,4916,8/30/2016,"Martes",0,19:30:00,,"0.0",2,"Bicicleta,Automóvil","Marcos Avellaneda Y Mariano Moreno",2,1,0,0,1,0,0,,"Calle",,"ESPERANZA","Las Colonias","Asfalto","No existe","XI","Dentro","Urbana","Ninguna","No existe","Intersección","Bueno","Buena","Diurna","Buen Tiempo","Lateral","Ciclista","Atropello","S/D","S/D","Ninguna","Sin restricción"
2016,4917,7/7/2016,"Jueves",0,8:00:00,,"0.0",2,"Bicicleta,Automóvil","San Lorenzo Y Sarmiento",2,1,0,0,1,0,0,,"Calle",,"ROSARIO","Rosario","Asfalto","Pavimento","II","Dentro","Urbana","Ninguna","Funciona","Intersección","Bueno","Buena","Diurna","Buen Tiempo","S/D","Ciclista","Atropello","Ninguna","Vertical","Ninguna","Sin restricción"
2016,4918,8/30/2016,"Martes",0,20:30:00,,"0.0",2,"Peatón,Moto/Ciclomotor","Marcos Avellaneda Y Pujol Bis Gdor",2,1,1,0,0,0,0,,"Calle",,"ESPERANZA","Las Colonias","S/D","S/D","XI","Dentro","Urbana","Ninguna","S/D","Intersección","S/D","S/D","Nocturna","Buen Tiempo","S/D","Peatón","Atropello","S/D","S/D","Ninguna","Sin restricción"
2016,4919,8/17/2016,"Miercoles",0,23:40:00,,"0.0",2,"Moto/Ciclomotor,Automóvil","B de Astrada Y Tte. roca",2,1,0,0,0,0,1,,"S/D",,"SAN LORENZO","San Lorenzo","S/D","S/D","XVII","S/D","S/D","S/D","S/D","S/D","S/D","S/D","S/D","S/D","S/D","S/D","S/D","S/D","S/D","S/D","S/D"
2016,4920,7/1/2016,"Viernes",0,10:30:00,,"0.0",2,"Automóvil,Bicicleta","San Luis Y Pje. Moss",2,1,0,0,1,0,0,,"Calle",,"ROSARIO","Rosario","Asfalto","No existe","II","Dentro","Urbana","Ninguna","No existe","Intersección","Bueno","Buena","Diurna","Buen Tiempo","S/D","Ciclista","Atropello","Ninguna","S/D","Ninguna","Sin restricción"
2016,4921,7/11/2016,"Lunes",0,11:00:00,,"0.0",2,"Automóvil,Peatón","Santa Fe Y Av. Corrientes",2,1,0,0,1,0,0,,"Calle",,"ROSARIO","Rosario","Asfalto","Pavimento","II","Dentro","Urbana","Ninguna","Funciona","Intersección","Bueno","Buena","Diurna","Buen Tiempo","S/D","Peatón","Atropello","Ninguna","Vertical","Ninguna","Sin restricción"
2016,4922,8/30/2016,"Martes",0,13:30:00,,"0.0",2,"Bicicleta,Moto/Ciclomotor","Dr Galvez 1041",2,1,1,0,0,0,0,,"Calle",,"ESPERANZA","Las Colonias","Asfalto","No existe","XI","Dentro","Urbana","Ninguna","S/D","Recta","Bueno","Buena","Diurna","Buen Tiempo","Lateral","Ciclista","Atropello","S/D","Faltante","Ninguna","Sin restricción"
2016,4923,8/17/2016,"Miercoles",0,10:50:00,,"0.0",2,"Bicicleta,Automóvil","Tucuman Y Dorrego",2,0,0,0,1,0,1,,"S/D",,"SAN LORENZO","San Lorenzo","S/D","S/D","XVII","S/D","S/D","S/D","S/D","S/D","S/D","S/D","S/D","S/D","S/D","Ciclista","Atropello","S/D","S/D","S/D","S/D"
2016,4924,8/28/2016,"Domingo",0,18:40:00,,"0.0",2,"Moto/Ciclomotor,Automóvil","Las Heras Y Gobernador Crespo",3,1,0,0,2,0,0,,"Calle",,"ESPERANZA","Las Colonias","Asfalto","No existe","XI","Dentro","Urbana","Ninguna","No existe","Intersección","Bueno","Buena","Atardecer","Buen Tiempo","Lateral","S/D","Colisión","S/D","Vertical","Ninguna","Sin restricción"
2016,4925,7/14/2016,"Jueves",0,19:10:00,,"0.0",2,"Moto/Ciclomotor,Taxi/Remis","San Luis Y Av. Corrientes",2,1,0,0,1,0,0,,"Calle",,"ROSARIO","Rosario","Asfalto","Pavimento","II","Dentro","Urbana","Semáforo","Funciona","Intersección","Bueno","Buena","Diurna","Buen Tiempo","Lateral","S/D","Colisión","S/D","Vertical","Cordón divisorio","Sin restricción"
2016,4926,7/1/2016,"Viernes",0,21:40:00,,"0.0",2,"Automóvil,Moto/Ciclomotor","Montevideo Y Crespo",2,1,0,0,1,0,0,,"Calle",,"ROSARIO","Rosario","Asfalto","No existe","II","Dentro","Urbana","Ninguna","S/D","Intersección","Bueno","Buena","Nocturna","Buen Tiempo","De alcance","S/D","Colisión","Ninguna","S/D","Ninguna","Sin restricción"
2016,4927,8/16/2016,"Martes",0,13:30:00,,"0.0",2,"Automóvil,Automóvil","Urquiza Y Irigoyen",2,0,0,0,1,0,1,,"S/D",,"SAN LORENZO","San Lorenzo","S/D","S/D","XVII","S/D","S/D","S/D","S/D","S/D","S/D","S/D","S/D","S/D","S/D","S/D","S/D","S/D","S/D","S/D","S/D"
2016,4928,8/25/2016,"Jueves",0,,,"0.0",2,"Pickup/Utilitario,Moto/Ciclomotor","Soler 300",2,1,0,0,1,0,0,,"Calle",,"ESPERANZA","Las Colonias","Asfalto","Pavimento","XI","Dentro","Urbana","Ninguna","No existe","Recta","Bueno","Buena","Diurna","Buen Tiempo","Lateral","S/D","Colisión","S/D","Vertical","Ninguna","Sin restricción"
2016,4929,8/11/2016,"Jueves",0,19:00:00,,"0.0",2,"Automóvil,Moto/Ciclomotor","General Lopez Y Belgrano",2,0,0,0,1,0,1,,"S/D",,"SAN LORENZO","San Lorenzo","S/D","S/D","XVII","S/D","S/D","S/D","S/D","S/D","S/D","S/D","S/D","S/D","S/D","S/D","S/D","S/D","S/D","S/D","S/D"
2016,4930,7/3/2016,"Domingo",0,17:15:00,,"0.0",2,"Automóvil,Automóvil","Rioja Y Bv. Avellaneda",4,2,0,0,2,0,0,,"Calle",,"ROSARIO","Rosario","Asfalto","No existe","II","Dentro","Urbana","Semáforo","S/D","Intersección","Bueno","Buena","Diurna","Buen Tiempo","Lateral","S/D","Colisión","Ninguna","Faltante","Ninguna","Sin restricción"
2016,4931,8/23/2016,"Martes",0,,"Ruta Provincial 70","0.0",2,"Moto/Ciclomotor,Automóvil","A Aufranc Y Pujol Bis Gdor",2,1,0,0,1,0,0,,"Ruta",70,"ESPERANZA","Las Colonias","Asfalto","No existe","XI","Dentro","Urbana","Ninguna","No existe","Recta","Bueno","Buena","Nocturna,Con luz artificial","Buen Tiempo","S/D","S/D","Colisión","S/D","S/D","Cordón divisorio","Sin restricción"
2016,4932,7/16/2016,"Sabado",0,16:35:00,,"0.0",2,"Moto/Ciclomotor,Automóvil","Catamarca Y Entre Rios",2,1,0,0,1,0,0,,"Calle",,"ROSARIO","Rosario","Asfalto","Pavimento","II","Dentro","Urbana","Semáforo","Funciona","Intersección","Bueno","Buena","Diurna","Buen Tiempo","De alcance","S/D","Colisión","Ninguna","Vertical","Ninguna","Sin restricción"
2016,4933,8/27/2016,"Sabado",0,19:00:00,,"0.0",2,"Pickup/Utilitario,Automóvil","Cullen Y San Martin",2,1,0,0,1,0,0,,"Calle",,"ESPERANZA","Las Colonias","Asfalto","Pavimento","XI","Dentro","Urbana","Ninguna","No existe","Intersección","Bueno","Buena","Atardecer","Buen Tiempo","Lateral","S/D","Colisión","S/D","Faltante","Ninguna","Sin restricción"
2016,4934,8/11/2016,"Jueves",0,11:00:00,,"0.0",2,"Moto/Ciclomotor,Pickup/Utilitario","BELGRANO  Y SARMIENTO",3,1,1,0,1,0,0,,"Calle",,"SAN GREGORIO","General López","Asfalto","No existe","VIII","Dentro","Urbana","Ninguna","No existe","Intersección","Bueno","Buena","Diurna","Buen Tiempo","Lateral","S/D","Colisión","Ninguna","Vertical","Barrera de hormigón","Sin restricción"
2016,4935,8/24/2016,"Miercoles",0,19:30:00,,"0.0",2,"Moto/Ciclomotor,Moto/Ciclomotor","Rivadavia Y 9 de Julio",2,2,0,0,0,0,0,,"Calle",,"ESPERANZA","Las Colonias","Asfalto","Pavimento","XI","Dentro","Urbana","Ninguna","No existe","Intersección","Bueno","Buena","Nocturna","Buen Tiempo","De alcance","S/D","Colisión","S/D","Faltante","Ninguna","Sin restricción"
2016,4936,7/24/2016,"Domingo",0,17:30:00,,"0.0",2,"Moto/Ciclomotor,Automóvil","Balcarce Y Guemes",2,1,0,0,1,0,0,,"Calle",,"ROSARIO","Rosario","Asfalto","No existe","II","Dentro","Urbana","Ninguna","No existe","Recta","Bueno","Buena","Diurna","Buen Tiempo","De alcance","S/D","Colisión","Ninguna","Faltante","Ninguna","Sin restricción"
2016,4937,8/17/2016,"Miercoles",0,10:30:00,,"0.0",2,"Automóvil,Moto/Ciclomotor","Mariano Moreno Y Leandro N Alem",2,1,0,0,0,0,1,,"Calle",,"ESPERANZA","Las Colonias","Asfalto","S/D","XI","Dentro","Urbana","Ninguna","No existe","Intersección","Bueno","Buena","Diurna","Buen Tiempo","Lateral","S/D","Colisión","Ninguna","Vertical","Cordón divisorio","Sin restricción"
2016,4938,8/27/2016,"Sabado",0,0:15:00,,"0.0",2,"Automóvil,Moto/Ciclomotor","Mariano Moreno Y Berutti",2,1,0,0,1,0,0,,"Calle",,"ESPERANZA","Las Colonias","Asfalto","No existe","XI","Dentro","Urbana","Semáforo","Intermitente","Intersección","Bueno","Buena","Nocturna,Con luz artificial","Buen Tiempo","S/D","S/D","Colisión","S/D","S/D","Ninguna","Sin restricción"
2016,4939,8/23/2016,"Martes",0,6:35:00,"Ruta Secundaria 32-s","0.0",2,"Moto/Ciclomotor,Bicicleta"," ",2,2,0,0,0,0,0,,"Ruta","32-s","VILLA OCAMPO","General Obligado","Hormigón","Natural","IX","Fuera","Urbana","Marca Vial","No existe","Recta","Deteriorada","Reducida","Amanecer","Buen Tiempo","S/D","Ciclista","Atropello","Otro","Vertical","Línea divisoria pintada","Sin restricción"
2016,4940,8/19/2016,"Viernes",0,15:20:00,,"0.0",1,"Moto/Ciclomotor","Marcos Avellaneda Y 1 de Mayo",1,1,0,0,0,0,0,,"Calle",,"ESPERANZA","Las Colonias","Asfalto","S/D","XI","Dentro","Urbana","Ninguna","No existe","Recta","Bueno","Buena","Diurna","Buen Tiempo","Atropello animal","S/D","Colisión","S/D","Vertical","Ninguna","Sin restricción"
2016,4941,8/9/2016,"Martes",0,20:40:00,,"0.0",2,"Moto/Ciclomotor,Pickup/Utilitario","General Manuel Belgrano Y 25 de Mayo",2,0,1,0,1,0,0,,"Calle",,"ESPERANZA","Las Colonias","Asfalto","Pavimento","IX","Dentro","Urbana","Paso Peatonal","No existe","Intersección","Bueno","Buena","Nocturna,Con luz artificial","Buen Tiempo","De alcance","S/D","Colisión","Ninguna","Vertical","Ninguna","Sin restricción"
2016,4942,8/17/2016,"Miercoles",0,10:00:00,,"0.0",2,"Automóvil,Moto/Ciclomotor","Cullen Y San Martin",2,1,0,0,0,0,1,,"Calle",,"ESPERANZA","Las Colonias","Hormigón","No existe","XI","Dentro","Urbana","Ninguna","No existe","Intersección","Bueno","Buena","Diurna","Buen Tiempo","Frontal","S/D","Colisión","Ninguna","S/D","Cordón divisorio","Sin restricción"
2016,4943,8/31/2016,"Miercoles",0,22:00:00,,"0.0",2,"Automóvil,Moto/Ciclomotor","SAN MARTIN Y AMGHINO",3,0,1,0,2,0,0,,"Calle",,"SAN GREGORIO","General López","Asfalto","No existe","VIII","Dentro","Urbana","Ninguna","No existe","Intersección","Bueno","Buena","Nocturna","Buen Tiempo","Lateral","S/D","Colisión","Ninguna","Faltante","Ninguna","Sin restricción"
2016,4944,8/19/2016,"Viernes",0,12:58:00,,"0.0",2,"Pickup/Utilitario,Moto/Ciclomotor","Av Cordoba Y Mariano Moreno",3,2,0,0,1,0,0,,"Calle",,"ESPERANZA","Las Colonias","Asfalto","S/D","XI","Dentro","Urbana","Ninguna","No existe","Intersección","Bueno","Buena","Diurna","Buen Tiempo","Lateral","S/D","Colisión","S/D","Vertical","Cordón divisorio","Sin restricción"
2016,4945,8/9/2016,"Martes",0,17:30:00,,"0.0",2,"Automóvil,Automóvil"," ",3,2,0,0,1,0,0,,"Calle",,"ESPERANZA","Las Colonias","Asfalto","No existe","XI","Dentro","Urbana","S/D","No existe","Recta","Bueno","Buena","Diurna","Buen Tiempo","De alcance","S/D","Colisión","S/D","Horizontal","S/D","Sin restricción"
2016,4946,8/17/2016,"Miercoles",0,9:15:00,,"0.0",2,"Moto/Ciclomotor,Automóvil","General Manuel Belgrano Y Cullen",2,1,0,0,1,0,0,,"Calle",,"ESPERANZA","Las Colonias","Hormigón","No existe","XI","Dentro","Urbana","Ninguna","No existe","Intersección","Bueno","Buena","Diurna","Buen Tiempo","Lateral","S/D","Colisión","S/D","S/D","Cordón divisorio","S/D"