"anio_acci","nro_acci","fecha","desc_dia","fecha_aprox","hora_aprox","desc_ruta","km","cant_participantes","desc_participante","calle_avenida_km","total","heridos_leves","heridos_graves","heridos_gravisimos","ilesos","fallecidos","sin_datos","posicion_XY","desc_tipo_via","desc_ruta_ori","desc_loc","desc_dpto","desc_tipo_calzada","desc_tipo_banquina","desc_unidad_regional","desc_lugar_calzada","desc_zona","desc_prioridad","desc_estado_semaforo","desc_lugar_via","desc_estado_via","desc_estado_visibilidad","desc_luminosidad","desc_estado_clima","desc_tipo_colision","desc_tipo_atropello","desc_tipo_hecho","desc_pres_calzada","desc_senializacion","desc_separacion_via","desc_restriccion"
2016,4947,8/12/2016,"Viernes",0,8:00:00,,"0.0",2,"Automóvil,Moto/Ciclomotor","Bv Sarmiento Y Francisco Conti",2,1,0,0,1,0,0,,"Calle",,"VILLA OCAMPO","General Obligado","Asfalto","No existe","IX","Dentro","Urbana","Ninguna","No existe","Intersección","Bueno","Buena","Diurna","Buen Tiempo","Lateral","S/D","Colisión","Ninguna","Vertical","Cordón divisorio","Sin restricción"
2016,4948,8/12/2016,"Viernes",0,7:40:00,,"0.0",2,"Bicicleta,Pickup/Utilitario","Moreno ",2,1,0,0,1,0,0,,"Calle",,"HUMBOLDT","Las Colonias","Asfalto","S/D","XI","Dentro","Urbana","S/D","No existe","Intersección","Bueno","Buena","Diurna","Buen Tiempo","Lateral","Ciclista","Atropello","S/D","Vertical","S/D","Sin restricción"
2016,4949,8/7/2016,"Domingo",0,,,"0.0",2,"Moto/Ciclomotor,Moto/Ciclomotor"," ",2,0,2,0,0,0,0,,"Calle",,"ESPERANZA","Las Colonias","Asfalto","Pavimento","XI","S/D","Urbana","Ninguna","No existe","Intersección","Bueno","Buena","Diurna","Buen Tiempo","Lateral","S/D","Colisión","Ninguna","Faltante","Ninguna","Sin restricción"
2016,4950,8/26/2016,"Viernes",0,12:30:00,,"0.0",2,"Moto/Ciclomotor,Moto/Ciclomotor","Rivadavia Y 12 de Octubre",2,2,0,0,0,0,0,,"Calle",,"PILAR","Las Colonias","Asfalto","No existe","XI","Dentro","Urbana","Ninguna","No existe","Intersección","Bueno","Buena","Diurna","Buen Tiempo","Lateral","S/D","Colisión","S/D","Vertical","Ninguna","Sin restricción"
2016,4951,8/13/2016,"Sabado",0,,,"0.0",2,"Transporte de Pasajeros Larga Distancia (> 8 asientos),Moto/Ciclomotor","Laprida Y Alberdi",3,1,0,0,2,0,0,,"Calle",,"ESPERANZA","Las Colonias","Asfalto","S/D","XI","Dentro","Urbana","Ninguna","No existe","Intersección","Bueno","Buena","Diurna","Buen Tiempo","Lateral","S/D","Colisión","Ninguna","Vertical","Ninguna","Sin restricción"
2016,4952,8/13/2016,"Sabado",0,20:45:00,,"0.0",2,"Automóvil,Bicicleta","Bv Sarmiento ",2,1,0,0,1,0,0,,"Calle",,"VILLA OCAMPO","General Obligado","Asfalto","No existe","IX","Dentro","Urbana","Ninguna","No existe","Recta","Bueno","Buena","Con luz artificial","Buen Tiempo","S/D","Ciclista","Atropello","Ninguna","Faltante","Cordón divisorio,Vegetación","Sin restricción"
2016,4953,8/4/2016,"Jueves",0,17:50:00,,"0.0",2,"Camión Chasis,Moto/Ciclomotor","9 de Julio Y General Manuel Belgrano",2,1,0,0,1,0,0,,"Calle",,"ESPERANZA","Las Colonias","Asfalto","S/D","XI","Dentro","Urbana","Ninguna","No existe","Intersección","Bueno","S/D","Diurna","Buen Tiempo","Lateral","S/D","Colisión","Ninguna","Vertical","Ninguna","Sin restricción"
2016,4954,8/21/2016,"Domingo",0,23:30:00,,"0.0",1,"Moto/Ciclomotor","Alberdi Y San Lorenzo",2,2,0,0,0,0,0,,"Calle",,"VILLA OCAMPO","General Obligado","Hormigón","Natural","IX","Dentro","Urbana","Ninguna","No existe","Intersección","Resbaladiza","Reducida","Nocturna","Buen Tiempo","Contra objeto fijo","S/D","Caída ocupante","Material Suelto","Faltante","Ninguna","Obra en Construcción"
2016,4955,8/4/2016,"Jueves",0,9:00:00,,"0.0",2,"Automóvil,Bicicleta","Castelli Y General Manuel Belgrano",2,1,0,0,1,0,0,,"Calle",,"ESPERANZA","Las Colonias","Asfalto","S/D","XI","S/D","S/D","S/D","No existe","Intersección","Bueno","Buena","Diurna","Buen Tiempo","S/D","Ciclista","Atropello","Ninguna","S/D","S/D","S/D"
2016,4956,8/18/2016,"Jueves",0,16:00:00,,"0.0",2,"Automóvil,Moto/Ciclomotor","Alberdi Y Fray Luis Beltran",2,1,0,0,1,0,0,,"Calle",,"VILLA OCAMPO","General Obligado","Asfalto","No existe","IV","Dentro","Urbana","Ninguna","No existe","Intersección","Bueno","Buena","Diurna","Buen Tiempo","De alcance","S/D","Colisión","Ninguna","Horizontal","Ninguna","Sin restricción"
2016,4957,8/1/2016,"Lunes",0,10:45:00,,"0.0",2,"Pickup/Utilitario,Moto/Ciclomotor","J M Estrada Y Lopez y Planes",2,1,0,0,1,0,0,,"Calle",,"ESPERANZA","Las Colonias","Ripio","S/D","XI","Dentro","Urbana","Ninguna","No existe","Intersección","Bueno","Buena","Diurna","Buen Tiempo","Lateral","S/D","Colisión","Ninguna","S/D","Ninguna","Sin restricción"
2016,4958,8/14/2016,"Domingo",0,22:30:00,,"0.0",2,"Moto/Ciclomotor,Automóvil","Avenida San Martin Y 9 de Julio",3,2,0,0,1,0,0,,"Avenida",,"VILLA OCAMPO","General Obligado","Asfalto","No existe","IX","Dentro","Urbana","Ninguna","No existe","Intersección","Bueno","Buena","Nocturna","Buen Tiempo","Lateral","S/D","Colisión","Ninguna","Horizontal","Vegetación","Sin restricción"
2016,4959,8/24/2016,"Miercoles",0,10:40:00,,"0.0",2,"Moto/Ciclomotor,Pickup/Utilitario","San Luis Y San Martin",2,1,0,0,0,0,1,,"Calle",,"SAN CARLOS CENTRO","Las Colonias","Asfalto","No existe","XI","Dentro","Urbana","Ninguna","No existe","Intersección","Bueno","Buena","Diurna","Buen Tiempo","Lateral","S/D","Colisión","Ninguna","Vertical","Cordón divisorio","Sin restricción"
2016,4960,8/20/2016,"Sabado",0,19:10:00,,"0.0",2,"Automóvil,Moto/Ciclomotor","Mitre Y J M Lheritier",2,1,0,0,1,0,0,,"Calle",,"SAN CARLOS CENTRO","Las Colonias","Asfalto","No existe","XI","Dentro","Urbana","Ninguna","No existe","Intersección","Bueno","Buena","Nocturna,Con luz artificial","Buen Tiempo","Lateral","S/D","Colisión","Ninguna","S/D","Ninguna","Sin restricción"
2016,4961,8/9/2016,"Martes",0,7:13:00,"Ruta Nacional 11","830.0",2,"Camión c / Acoplado,Bicicleta"," ",2,0,1,0,1,0,0,,"Ruta",11,"LAS GARZAS","General Obligado","Asfalto","Natural","IX","S/D","Rural","Ninguna","No existe","Recta","S/D","Buena","Diurna","Buen Tiempo","S/D","Ciclista","Atropello","S/D","S/D","Ninguna","Sin restricción"
2016,4962,8/21/2016,"Domingo",0,18:20:00,,"0.0",2,"Automóvil,Moto/Ciclomotor","J M Lheritier Y Rivadavia",4,0,1,0,3,0,0,,"Calle",,"SAN CARLOS CENTRO","Las Colonias","Asfalto","Pavimento","XI","Dentro","Urbana","Ninguna","No existe","Intersección","Bueno","Buena","Diurna","Buen Tiempo","Frontal","S/D","Colisión","Ninguna","Horizontal","Ninguna","Sin restricción"
2016,4963,8/24/2016,"Miercoles",0,,,"0.0",1,,"Gral Manuel Belgrano Y Maipu",2,0,1,0,1,0,0,,"Calle",,"VENADO TUERTO","General López","Asfalto","No existe","VIII","Dentro","Urbana","S/D","No existe","Recta","Bueno","Buena","S/D","S/D","S/D","S/D","S/D","S/D","Vertical","S/D","S/D"
2016,4964,8/24/2016,"Miercoles",0,,,"0.0",2,"Moto/Ciclomotor,Peatón","Gral Manuel Belgrano Y Maipu",2,0,1,0,1,0,0,,"Calle",,"VENADO TUERTO","General López","Asfalto","No existe","VIII","Dentro","Urbana","S/D","No existe","Recta","Bueno","Buena","S/D","S/D","S/D","Peatón","Atropello","S/D","Vertical","S/D","S/D"
2016,4965,8/12/2016,"Viernes",0,17:15:00,,"0.0",1,"Moto/Ciclomotor","Rivadavia Y 25 de Mayo",2,1,0,0,1,0,0,,"Calle",,"SAN CARLOS CENTRO","Las Colonias","Asfalto","Pavimento","XI","S/D","Urbana","Ninguna","No existe","Intersección","Bueno","Buena","Diurna","Buen Tiempo","Contra objeto fijo","S/D","Colisión","Ninguna","Vertical","Ninguna","Sin restricción"
2016,4966,8/24/2016,"Miercoles",0,10:40:00,,"0.0",2,"Moto/Ciclomotor,Vehículo Oficial","Guillermo Marconi Y Gral. Jose de San Martin",2,1,0,0,1,0,0,,"Avenida",,"FIRMAT","General López","Asfalto","No existe","VIII","Dentro","Urbana","S/D","No existe","Intersección","Bueno","Buena","Diurna","S/D","S/D","S/D","S/D","S/D","Vertical","S/D","S/D"
2016,4967,8/27/2016,"Sabado",0,21:00:00,"Ruta Nacional 11","0.0",2,"Peatón,Automóvil","Ruta Nacional 11 Y Calle 47-Islas Malvinas",2,1,0,0,1,0,0,,"Ruta",11,"RECONQUISTA","General Obligado","Asfalto","Natural","IX","S/D","Urbana","Semáforo","Funciona","Intersección","Bueno","Buena","Nocturna","Buen Tiempo","S/D","Peatón","Atropello","Ninguna","S/D","Ninguna","Sin restricción"
2016,4968,8/10/2016,"Miercoles",0,13:15:00,,"0.0",2,"Moto/Ciclomotor,Automóvil","Calle 26 - Bolivar Y Calle 53-Chubut",2,1,0,0,1,0,0,,"Calle",,"RECONQUISTA","General Obligado","Tierra","S/D","IX","S/D","Urbana","Ninguna","No existe","Intersección","Bueno","Buena","Diurna","Buen Tiempo","Lateral","S/D","Colisión","S/D","Faltante","Ninguna","Sin restricción"
2016,4969,8/1/2016,"Lunes",0,16:30:00,,"0.0",2,"Moto/Ciclomotor,Automóvil","Calle 38-Corrientes ",2,1,0,0,1,0,0,,"Calle",,"RECONQUISTA","General Obligado","Tierra","Natural","IX","Dentro","Urbana","Ninguna","No existe","Intersección","S/D","Buena","Diurna","Buen Tiempo","Lateral","S/D","Colisión","Ninguna","Faltante","Ninguna","Sin restricción"
2016,4970,8/11/2016,"Jueves",0,15:40:00,,"0.0",1,"Moto/Ciclomotor","Calle 47-Islas Malvinas Y Calle 56",3,1,0,0,2,0,0,,"Calle",,"RECONQUISTA","General Obligado","Asfalto","S/D","IX","Dentro","Urbana","Ninguna","No existe","Recta","Deteriorada","Buena","Diurna","Buen Tiempo","Lateral","S/D","Colisión","S/D","Faltante","Ninguna","Sin restricción"
2016,4971,8/19/2016,"Viernes",0,17:40:00,,"0.0",2,"Moto/Ciclomotor,Automóvil","Calle 20 9 de Julio Y Calle 127",3,1,1,0,1,0,0,,"Calle",,"RECONQUISTA","General Obligado","Tierra","No existe","IX","Dentro","Urbana","Ninguna","No existe","Intersección","Bueno","Buena","Diurna","Buen Tiempo","S/D","S/D","Colisión","Ninguna","Faltante","Ninguna","Sin restricción"
2016,4972,8/17/2016,"Miercoles",0,21:00:00,"Ruta Nacional 11","0.0",2,"Moto/Ciclomotor,Camión c / Acoplado","Calle 45-Islas Georgias del S ",2,1,0,0,1,0,0,,"Ruta",11,"RECONQUISTA","General Obligado","Tierra","S/D","IX","Dentro","Urbana","Ninguna","No existe","Recta","Bueno","Buena","Diurna","Buen Tiempo","Lateral","S/D","Colisión","Ninguna","Faltante","Ninguna","Sin restricción"
2016,4973,8/23/2016,"Martes",0,17:30:00,"Ruta Nacional 11","785.0",2,"Automóvil,Automóvil"," ",4,2,0,0,2,0,0,,"Ruta",11,"RECONQUISTA","General Obligado","Asfalto","Natural","IX","S/D","Urbana","Ninguna","No existe","Recta","Bueno","Buena","Atardecer","Buen Tiempo","De alcance","S/D","Colisión","Ninguna","Horizontal","Línea divisoria pintada","Sin restricción"
2016,4974,8/27/2016,"Sabado",0,21:45:00,,"0.0",2,"Automóvil,Moto/Ciclomotor","CAlle 37-Bvard. lovato 1400",2,1,0,0,1,0,0,,"Avenida",,"RECONQUISTA","General Obligado","Hormigón","S/D","II","Dentro","Urbana","Ninguna","S/D","Recta","Bueno","Buena","Diurna","S/D","Lateral","S/D","Colisión","Ninguna","S/D","Ninguna","Sin restricción"
2016,4975,8/31/2016,"Miercoles",0,11:00:00,,"0.0",2,"Automóvil,Moto/Ciclomotor","Calle 12 San Martin 2319",2,1,0,0,1,0,0,,"Calle",,"RECONQUISTA","General Obligado","Asfalto","Pavimento","IX","S/D","Urbana","Ninguna","No existe","Recta","Bueno","Buena","Diurna","Buen Tiempo","Lateral","S/D","Colisión","Ninguna","Horizontal","Ninguna","Sin restricción"
2016,4976,8/27/2016,"Sabado",0,19:10:00,"Ruta Nacional 11","791.0",3,"Moto/Ciclomotor,Pickup/Utilitario,Camión c / Semirremolque"," ",4,1,0,0,3,0,0,,"Ruta",11,"AVELLANEDA","General Obligado","Asfalto","Pavimento","IX","Dentro","Urbana","Ninguna","S/D","Recta","Bueno","Buena","Nocturna","Buen Tiempo","Múltiple","S/D","Colisión","Ninguna","S/D","Ninguna","Sin restricción"
2016,4977,8/6/2016,"Sabado",0,11:30:00,"Ruta Nacional 11","0.0",2,"Automóvil,Moto/Ciclomotor","Calle 19 ",3,2,0,0,1,0,0,,"Ruta",11,"AVELLANEDA","General Obligado","Asfalto","Pavimento","IX","Dentro","Urbana","Ninguna","No existe","S/D","Bueno","Buena","Diurna","Buen Tiempo","S/D","S/D","Colisión","S/D","S/D","S/D","Sin restricción"
2016,4978,4/7/2016,"Jueves",0,19:10:00,,"0.0",2,"Pickup/Utilitario,Moto/Ciclomotor","Calle 75-Lisandro de la Torre Y Calle 24 - Olessio",3,1,0,0,2,0,0,,"Calle",,"RECONQUISTA","General Obligado","S/D","S/D","IX","Dentro","Urbana","S/D","S/D","Intersección","S/D","S/D","Nocturna","S/D","S/D","S/D","Colisión","S/D","S/D","S/D","S/D"
2016,4979,4/10/2016,"Domingo",0,7:00:00,,"0.0",1,"Automóvil","F Dentesano Y Tucuman",1,1,0,0,0,0,0,,"Calle",,"RAFAELA","Castellanos","S/D","S/D","V","Dentro","Urbana","S/D","S/D","Recta","S/D","S/D","Diurna","S/D","Contra objeto fijo","S/D","Colisión","S/D","S/D","S/D","S/D"
2016,4980,4/10/2016,"Domingo",0,,,"0.0",2,"Automóvil,Moto/Ciclomotor","Bv Santa Fe Y Cordoba",2,1,0,0,1,0,0,,"Calle",,"RAFAELA","Castellanos","S/D","S/D","V","Dentro","Urbana","S/D","S/D","S/D","S/D","S/D","S/D","S/D","S/D","S/D","Colisión","S/D","S/D","S/D","S/D"
2016,4981,4/10/2016,"Domingo",0,,,"0.0",2,"Automóvil,Moto/Ciclomotor","Sarmiento Y Lavalle",2,0,1,0,1,0,0,,"Calle",,"RAFAELA","Castellanos","S/D","S/D","V","Dentro","Urbana","S/D","S/D","S/D","S/D","S/D","Diurna","S/D","S/D","S/D","Colisión","S/D","S/D","S/D","S/D"
2016,4982,4/8/2016,"Viernes",0,,"Ruta Nacional 33","238.0",2,"Camión,Pickup/Utilitario"," ",4,3,1,0,0,0,0,,"Ruta",33,"LEHMANN","Castellanos","S/D","S/D","V","Dentro","Urbana","S/D","S/D","S/D","Resbaladiza","S/D","Nocturna","Lluvia","Frontal","S/D","Colisión","Agua","S/D","S/D","S/D"
2016,4983,4/10/2016,"Domingo",0,,"Ruta Nacional 19","108.0",2,"Automóvil,Camión"," ",2,1,0,0,1,0,0,,"Ruta",19,"SANTA CLARA DE SAGUIER","Castellanos","S/D","S/D","V","Dentro","Urbana","S/D","S/D","S/D","S/D","S/D","S/D","S/D","S/D","S/D","Colisión","S/D","S/D","S/D","S/D"
2016,4984,4/10/2016,"Domingo",0,,,"0.0",1,"Automóvil","Av Blas Parera Y Azcuenaga",1,1,0,0,0,0,0,,"Calle",,"SANTA FE","La Capital","S/D","S/D","I","Dentro","Urbana","S/D","S/D","S/D","S/D","S/D","Nocturna","S/D","S/D","S/D","Vuelco","S/D","S/D","S/D","S/D"
2016,4985,4/11/2016,"Lunes",0,8:35:00,"Ruta Nacional 11","0.0",2,"Moto/Ciclomotor,Camión"," ",2,1,0,0,1,0,0,,"Ruta",11,"RECONQUISTA","General Obligado","S/D","S/D","IX","Dentro","Urbana","S/D","S/D","S/D","S/D","S/D","Diurna","S/D","S/D","S/D","Colisión","S/D","S/D","S/D","S/D"
2016,4986,4/8/2016,"Viernes",0,19:20:00,,"0.0",2,"Automóvil,Moto/Ciclomotor","Roca Pte Y Calle 47-Islas Malvinas",3,2,0,0,1,0,0,,"Calle",,"RECONQUISTA","General Obligado","S/D","S/D","IX","Dentro","Urbana","S/D","S/D","S/D","S/D","S/D","Diurna","S/D","S/D","S/D","Colisión","S/D","S/D","S/D","S/D"
2016,4987,4/9/2016,"Sabado",0,12:30:00,"Ruta Nacional 19","0.0",2,"Camión,Automóvil"," ",2,1,0,0,1,0,0,,"Ruta",19,"RAFAELA","Castellanos","S/D","S/D","V","Dentro","Urbana","S/D","S/D","S/D","S/D","S/D","Diurna","S/D","De alcance","S/D","Colisión","S/D","S/D","S/D","S/D"
2016,4988,4/8/2016,"Viernes",0,18:20:00,"Ruta Nacional 33","685.0",1,"Camión"," ",1,1,0,0,0,0,0,,"Ruta",33,"FIRMAT","General López","S/D","S/D","VIII","Dentro","Urbana","S/D","S/D","S/D","S/D","S/D","Diurna","S/D","S/D","S/D","Vuelco","S/D","S/D","S/D","S/D"
2016,4989,4/9/2016,"Sabado",0,,"Ruta Nacional Rosario -Cordoba","305.0",2,"Camión,Automóvil"," ",2,1,0,0,1,0,0,,"Ruta","Rosario -Cordoba","FUNES","Rosario","S/D","S/D","II","Dentro","Urbana","S/D","S/D","S/D","S/D","S/D","S/D","S/D","S/D","S/D","Colisión","S/D","S/D","S/D","S/D"
2016,4990,4/11/2016,"Lunes",0,,"Ruta Nacional 11","672.0",2,"Automóvil,Automóvil"," ",5,5,0,0,0,0,0,,"Ruta",11,"CALCHAQUÍ","Vera","S/D","S/D","XIX","Dentro","Urbana","S/D","S/D","S/D","S/D","S/D","Nocturna","S/D","S/D","S/D","Colisión","S/D","S/D","S/D","S/D"
2016,4991,4/12/2016,"Martes",0,,,"0.0",2,"Moto/Ciclomotor,Automóvil","Calle 21 ",2,1,0,0,1,0,0,,"Calle",,"AVELLANEDA","General Obligado","S/D","S/D","IX","Dentro","Urbana","S/D","S/D","S/D","S/D","S/D","Diurna","S/D","S/D","S/D","Colisión","S/D","S/D","S/D","S/D"
2016,4992,4/12/2016,"Martes",0,12:00:00,,"0.0",2,"Peatón,Moto/Ciclomotor","Av Leandro Alem Y Belgrano",2,1,0,0,1,0,0,,"Calle",,"SANTA FE","La Capital","S/D","S/D","I","Dentro","Urbana","S/D","S/D","S/D","Resbaladiza","Buena","Diurna","Lluvia","S/D","Peatón","Atropello","Agua","S/D","S/D","S/D"
2016,4993,4/12/2016,"Martes",0,18:00:00,,"0.0",1,"Moto/Ciclomotor","Calle 44-27 de Abril ",1,1,0,0,0,0,0,,"Calle",,"RECONQUISTA","General Obligado","S/D","S/D","IX","Dentro","Urbana","S/D","S/D","S/D","S/D","S/D","Diurna","S/D","S/D","S/D","Caída ocupante","S/D","S/D","S/D","S/D"
2016,4994,4/16/2016,"Sabado",0,,"Ruta Nacional 11","927.0",2,"Peatón,Pickup/Utilitario"," ",2,0,0,1,1,0,0,,"Ruta",11,"RECONQUISTA","General Obligado","S/D","S/D","IX","Dentro","Urbana","S/D","S/D","S/D","S/D","S/D","S/D","S/D","S/D","Peatón","Atropello","S/D","S/D","S/D","S/D"
2016,4995,4/16/2016,"Sabado",0,,,"0.0",2,"Automóvil,Bicicleta","Calle 50 ",2,0,1,0,1,0,0,,"Calle",,"RECONQUISTA","General Obligado","S/D","S/D","IX","Dentro","Urbana","S/D","S/D","S/D","S/D","S/D","S/D","S/D","S/D","Ciclista","Atropello","S/D","S/D","S/D","S/D"
2016,4996,4/16/2016,"Sabado",0,18:20:00,,"0.0",2,"Automóvil,Moto/Ciclomotor","Calle 9-Mariano Moreno Y Calle 30-Lucas Funes",3,1,0,0,2,0,0,,"Calle",,"RECONQUISTA","General Obligado","S/D","S/D","IX","Dentro","Urbana","S/D","S/D","S/D","S/D","S/D","Diurna","S/D","S/D","S/D","Colisión","S/D","S/D","S/D","S/D"
2016,4997,4/15/2016,"Viernes",0,18:30:00,,"0.0",3,"Pickup/Utilitario,Bicicleta,Bicicleta","Calle 16 Gral Obligado Y Calle 11-Alvear",4,3,0,0,1,0,0,,"Calle",,"RECONQUISTA","General Obligado","S/D","S/D","IX","Dentro","Urbana","S/D","S/D","S/D","S/D","S/D","Diurna","S/D","S/D","Ciclista","Atropello","S/D","S/D","S/D","S/D"
2016,4998,8/13/2016,"Sabado",0,7:23:00,,"0.0",2,"Moto/Ciclomotor,Automóvil","Ruta Nacional 11 Y Calle 16",3,2,0,0,1,0,0,,"Calle",,"AVELLANEDA","General Obligado","Asfalto","Pavimento","IX","Dentro","Urbana","Ninguna","S/D","Intersección","Bueno","Buena","Amanecer","Buen Tiempo","S/D","S/D","Colisión","S/D","S/D","Ninguna","Sin restricción"
2016,4999,4/15/2016,"Viernes",0,7:25:00,,"0.0",2,"Moto/Ciclomotor,Automóvil","Calle 15-Patricio Diez Y Calle 16 Gral Obligado",2,1,0,0,1,0,0,,"Calle",,"RECONQUISTA","General Obligado","S/D","S/D","IX","Dentro","Urbana","S/D","S/D","S/D","S/D","S/D","Diurna","S/D","S/D","S/D","Colisión","S/D","S/D","S/D","S/D"
2016,5000,8/12/2016,"Viernes",0,14:20:00,,"0.0",2,"Pickup/Utilitario,Moto/Ciclomotor","Calle 8-Chacabuco Y Calle 9-Italia",3,2,0,0,1,0,0,,"Calle",,"RECONQUISTA","General Obligado","Asfalto","Pavimento","IX","Dentro","Urbana","S/D","S/D","S/D","Bueno","S/D","Diurna","Buen Tiempo","S/D","S/D","Colisión","S/D","S/D","S/D","Sin restricción"
2016,5001,4/17/2016,"Domingo",0,1:50:00,,"0.0",1,"Pickup/Utilitario","Las Heras ",1,1,0,0,0,0,0,,"Calle",,"SASTRE","San Martín","S/D","S/D","XVIII","Dentro","Urbana","S/D","S/D","S/D","S/D","S/D","Nocturna","S/D","S/D","S/D","Vuelco","S/D","S/D","S/D","S/D"
2016,5002,4/17/2016,"Domingo",0,23:30:00,"Ruta Nacional 33","658.0",1,"Automóvil"," ",1,1,0,0,0,0,0,,"Ruta",33,"MURPHY","General López","S/D","S/D","VIII","Dentro","Urbana","S/D","S/D","S/D","S/D","S/D","Nocturna","S/D","S/D","S/D","Vuelco","S/D","S/D","S/D","S/D"
2016,5003,8/4/2016,"Jueves",0,18:45:00,,"0.0",2,"Automóvil,Moto/Ciclomotor","Calle 17 Y Calle 18",2,1,0,0,1,0,0,,"Calle",,"AVELLANEDA","General Obligado","Asfalto","S/D","IX","Dentro","Urbana","S/D","No existe","Intersección","Bueno","S/D","Atardecer","Buen Tiempo","S/D","S/D","Colisión","S/D","S/D","S/D","S/D"
2016,5004,8/12/2016,"Viernes",0,17:20:00,,"0.0",2,"Moto/Ciclomotor,Automóvil","Domingo Faustino Sarmiento Y R Lehmann",3,2,0,0,1,0,0,,"Calle",,"ESPERANZA","Las Colonias","Asfalto","Pavimento","XI","Dentro","Urbana","Ninguna","No existe","Intersección","Bueno","Buena","Diurna","Buen Tiempo","Lateral","S/D","Colisión","S/D","Faltante","Ninguna","Sin restricción"
2016,5005,8/12/2016,"Viernes",0,14:45:00,,"0.0",2,"Moto/Ciclomotor,Automóvil","General Manuel Belgrano Y Dr Galvez",4,3,0,0,1,0,0,,"Calle",,"ESPERANZA","Las Colonias","Asfalto","Pavimento","XI","Dentro","Urbana","Ninguna","No existe","Intersección","Bueno","Buena","Diurna","Buen Tiempo","Lateral","S/D","Colisión","S/D","Faltante","Ninguna","Sin restricción"
2016,5006,8/15/2016,"Lunes",0,0:38:00,,"0.0",1,"Moto/Ciclomotor","CAMINO RURAL ",1,1,0,0,0,0,0,,"Camino Rural",,"AVELLANEDA","General Obligado","Tierra","Natural","IX","S/D","Rural","S/D","No existe","S/D","S/D","S/D","Nocturna","Buen Tiempo","Contra objeto fijo","S/D","Colisión","S/D","S/D","S/D","Sin restricción"
2016,5007,8/15/2016,"Lunes",0,9:15:00,,"0.0",1,"Bicicleta","Domingo Faustino Sarmiento ",1,0,1,0,0,0,0,,"Calle",,"ESPERANZA","Las Colonias","Asfalto","No existe","XI","Dentro","Urbana","Ninguna","No existe","Intersección","Bueno","Buena","Diurna","Buen Tiempo","S/D","S/D","Caída ocupante","S/D","Faltante","Cordón divisorio","Sin restricción"
2016,5008,8/4/2016,"Jueves",0,19:30:00,,"0.0",2,"Automóvil,Moto/Ciclomotor","Alvear Y Bv Belgrano",2,0,1,0,1,0,0,,"Calle",,"FELICIA","Las Colonias","Hormigón","Pavimento","XI","Dentro","Urbana","Ninguna","No existe","Recta","Bueno","Buena","Nocturna","Buen Tiempo","Lateral","S/D","Colisión","S/D","Faltante","Ninguna","Sin restricción"
2016,5009,8/24/2016,"Miercoles",0,19:45:00,,"0.0",2,"Moto/Ciclomotor,Pickup/Utilitario","Moreno Y Lopez y Planes",3,2,0,0,1,0,0,,"Calle",,"SAN CARLOS SUR","Las Colonias","Ripio","Natural","XI","Dentro","Urbana","Ninguna","No existe","Intersección","Deteriorada","Buena","Nocturna,Con luz artificial","Buen Tiempo","Lateral","S/D","Colisión","S/D","Faltante","Ninguna","Sin restricción"
2016,5010,8/4/2016,"Jueves",0,20:00:00,,"0.0",2,"Automóvil,Moto/Ciclomotor","Presbitero Sponton Y Gral Guemes",3,2,0,0,1,0,0,,"Calle",,"MALABRIGO","General Obligado","Asfalto","Natural","IX","Dentro","Urbana","Ninguna","No existe","Intersección","Bueno","Buena","Nocturna","Buen Tiempo","S/D","S/D","Colisión","Ninguna","S/D","Ninguna","Sin restricción"
2016,5011,8/13/2016,"Sabado",0,15:50:00,"Ruta Nacional 11","749.0",2,"Automóvil,Pickup/Utilitario"," ",3,1,1,0,1,0,0,,"Ruta",11,"MALABRIGO","General Obligado","Asfalto","Natural","IX","Dentro","S/D","Ninguna","No existe","Intersección","Bueno","Buena","Diurna","Buen Tiempo","Lateral","S/D","Colisión","Ninguna","S/D","Vegetación","Sin restricción"
2016,5012,5/17/2016,"Martes",0,8:30:00,,"0.0",2,"Moto/Ciclomotor,Camión","Aconcagua Y Av Brasil",2,0,0,0,1,1,0,"-31.244694444444,-61.461694444444","Calle",,"RAFAELA","Castellanos","S/D","S/D","V","Dentro","Urbana","S/D","S/D","Recta","S/D","S/D","Diurna","S/D","S/D","S/D","Colisión","S/D","S/D","S/D","S/D"
2016,5013,5/18/2016,"Miercoles",0,2:30:00,"Autopista Provincial Brigadier E.López","70.0",2,"Camión,Camión"," ",2,0,0,0,0,1,1,"-32.316159, -60.970524","Autopista","Brigadier E.López","BARRANCAS","San Jerónimo","Asfalto","Pavimento","XV","Dentro","Rural","S/D","S/D","Recta","S/D","Reducida","Nocturna","S/D","S/D","S/D","Colisión","S/D","S/D","Vegetación","S/D"
2016,5014,4/18/2016,"Lunes",0,19:20:00,,"0.0",2,"Automóvil,Moto/Ciclomotor","Calle 27-Gdor Freyre ",2,1,0,0,1,0,0,,"Calle",,"RECONQUISTA","General Obligado","S/D","S/D","IX","Dentro","Urbana","S/D","S/D","S/D","S/D","S/D","Diurna","S/D","S/D","S/D","Colisión","S/D","S/D","S/D","S/D"
2016,5015,4/17/2016,"Domingo",0,19:20:00,,"0.0",2,"Automóvil,Bicicleta","Calle 29-Alte Brown 951",2,1,0,0,1,0,0,,"Calle",,"RECONQUISTA","General Obligado","S/D","S/D","IX","Dentro","Urbana","S/D","S/D","S/D","S/D","S/D","Diurna","S/D","S/D","Ciclista","Atropello","S/D","S/D","S/D","S/D"
2016,5016,4/17/2016,"Domingo",0,12:43:00,"Ruta Nacional 11","0.0",2,"Automóvil,Moto/Ciclomotor","Calle 47-Islas Malvinas ",2,1,0,0,1,0,0,,"Ruta",11,"RECONQUISTA","General Obligado","S/D","S/D","IX","Dentro","Urbana","S/D","S/D","S/D","S/D","S/D","Diurna","S/D","S/D","S/D","Colisión","S/D","S/D","S/D","S/D"