"anio_acci","nro_acci","fecha","desc_dia","fecha_aprox","hora_aprox","desc_ruta","km","cant_participantes","desc_participante","calle_avenida_km","total","heridos_leves","heridos_graves","heridos_gravisimos","ilesos","fallecidos","sin_datos","posicion_XY","desc_tipo_via","desc_ruta_ori","desc_loc","desc_dpto","desc_tipo_calzada","desc_tipo_banquina","desc_unidad_regional","desc_lugar_calzada","desc_zona","desc_prioridad","desc_estado_semaforo","desc_lugar_via","desc_estado_via","desc_estado_visibilidad","desc_luminosidad","desc_estado_clima","desc_tipo_colision","desc_tipo_atropello","desc_tipo_hecho","desc_pres_calzada","desc_senializacion","desc_separacion_via","desc_restriccion"
2016,5017,4/18/2016,"Lunes",0,16:25:00,"Ruta Nacional 34","359.0",1,"Camión"," ",1,1,0,0,0,0,0,,"Ruta",34,"LA RUBIA","San Cristóbal","S/D","S/D","XVIII","Dentro","Urbana","S/D","S/D","S/D","S/D","S/D","Diurna","S/D","S/D","S/D","Vuelco","S/D","S/D","S/D","S/D"
2016,5018,4/20/2016,"Miercoles",0,21:00:00,,"0.0",2,"Moto/Ciclomotor,Automóvil","Falucho ",3,1,0,0,2,0,0,,"Calle",,"VENADO TUERTO","General López","S/D","S/D","VIII","Dentro","Urbana","S/D","S/D","S/D","S/D","S/D","Nocturna","S/D","S/D","S/D","Colisión","S/D","S/D","S/D","S/D"
2016,5019,4/24/2016,"Domingo",0,18:20:00,,"0.0",2,"Automóvil,Moto/Ciclomotor","Piacenza Y Av Dr Luis Chapuis",2,1,0,0,1,0,0,,"Calle",,"VENADO TUERTO","General López","S/D","S/D","VIII","Dentro","Urbana","S/D","S/D","S/D","S/D","S/D","Diurna","S/D","S/D","S/D","Colisión","S/D","S/D","S/D","S/D"
2016,5020,4/24/2016,"Domingo",0,21:05:00,,"0.0",2,"Moto/Ciclomotor,Moto/Ciclomotor","Laprida Y Formosa",2,1,0,0,1,0,0,,"Calle",,"VENADO TUERTO","General López","S/D","S/D","VIII","Dentro","Urbana","S/D","S/D","S/D","S/D","S/D","Nocturna","S/D","Atropello animal","S/D","Colisión","S/D","S/D","S/D","S/D"
2016,5021,4/23/2016,"Sabado",0,16:30:00,,"0.0",2,"Automóvil,Moto/Ciclomotor","España Y Carlos Pellegrini",2,1,0,0,1,0,0,,"Calle",,"VENADO TUERTO","General López","S/D","S/D","VIII","Dentro","Urbana","S/D","S/D","S/D","S/D","S/D","Diurna","S/D","S/D","S/D","Colisión","S/D","S/D","S/D","S/D"
2016,5022,4/10/2016,"Domingo",0,,,"0.0",2,"Moto/Ciclomotor,Automóvil","Dr Fernandez Y 9 de Julio",2,0,1,0,1,0,0,,"Calle",,"SUARDI","San Cristóbal","S/D","S/D","XIII","Dentro","Urbana","S/D","S/D","S/D","S/D","S/D","S/D","S/D","S/D","S/D","Colisión","S/D","S/D","S/D","S/D"
2016,5023,5/19/2016,"Jueves",0,13:50:00,"Ruta Nacional A008","4.0",2,"Peatón,Pickup/Utilitario","AV. CIRCUNVALACION Y 100 MTS ANTES DE CALLE BAIGORRIA MANO SUR-NORTE",2,0,0,0,1,1,0,"-32.894026739458,-60.719505613898","Ruta","A008","ROSARIO","Rosario","S/D","S/D","II","Dentro","Rural","S/D","S/D","Recta","S/D","S/D","Diurna","S/D","S/D","Peatón","Atropello","S/D","S/D","S/D","S/D"
2016,5024,5/19/2016,"Jueves",0,,,"0.0",2,"Automóvil,Moto/Ciclomotor","Pje. Pozos Y Ciudadela",2,0,0,0,1,1,0,"-32.892444444444,-60.728555555556","Calle",,"ROSARIO","Rosario","S/D","S/D","II","Dentro","Urbana","S/D","S/D","Intersección","S/D","S/D","Diurna","S/D","S/D","S/D","Colisión","S/D","S/D","S/D","S/D"
2016,5025,1/2/2016,"Sabado",0,,,"0.0",2,"Moto/Ciclomotor,Automóvil","Bv G L Lhemann Y Luis Maggi",3,1,0,0,1,0,1,,"Avenida",,"RAFAELA","Castellanos","S/D","S/D","V","Dentro","Urbana","S/D","S/D","Intersección","S/D","S/D","S/D","S/D","S/D","S/D","S/D","S/D","S/D","S/D","S/D"
2016,5026,1/2/2016,"Sabado",0,,,"0.0",2,"Automóvil,Automóvil","Bv Santa Fe Y Doctor Zamenhof",2,1,0,0,0,0,1,,"Avenida",,"RAFAELA","Castellanos","S/D","S/D","V","Dentro","Urbana","S/D","S/D","Intersección","S/D","S/D","S/D","S/D","S/D","S/D","Colisión","S/D","S/D","S/D","S/D"
2016,5027,1/3/2016,"Domingo",0,,,"0.0",2,"Automóvil,Moto/Ciclomotor","Tucuman Y Alberdi J B",2,1,0,0,1,0,0,,"Calle",,"SUNCHALES","Castellanos","S/D","S/D","V","Dentro","Urbana","S/D","S/D","Intersección","S/D","S/D","Diurna","S/D","S/D","S/D","Colisión","S/D","S/D","S/D","S/D"
2016,5028,1/3/2016,"Domingo",0,,,"0.0",1,"Moto/Ciclomotor"," ",1,1,0,0,0,0,0,,"Calle",,"SAN JORGE","San Martín","S/D","S/D","V","Dentro","Urbana","S/D","S/D","S/D","S/D","S/D","S/D","S/D","S/D","S/D","Caída ocupante","S/D","S/D","S/D","S/D"
2016,5029,2/19/2016,"Viernes",0,0:40:00,"Ruta Nacional 11","0.0",1,"Moto/Ciclomotor","RN 11 ALTURA CRUCE LA GALLARETA ",2,2,0,0,0,0,0,,"Ruta",11,"MARGARITA","Vera","Asfalto","S/D","XIX","Dentro","Urbana","S/D","S/D","Cruce","S/D","S/D","Nocturna","S/D","S/D","S/D","Caída ocupante","S/D","S/D","S/D","S/D"
2016,5030,8/11/2016,"Jueves",0,10:30:00,,"0.0",2,"Moto/Ciclomotor,Automóvil","Albert Sabin Y Alberdi",2,1,0,0,1,0,0,,"Calle",,"ROSARIO","Rosario","Asfalto","S/D","II","Dentro","Urbana","S/D","S/D","Intersección","S/D","S/D","Diurna","S/D","S/D","S/D","Colisión","S/D","S/D","S/D","S/D"
2016,5031,8/10/2016,"Miercoles",0,15:40:00,,"0.0",2,"Moto/Ciclomotor,Pickup/Utilitario","Montes Carballo 500",2,1,0,0,1,0,0,,"Calle",,"ROSARIO","Rosario","Asfalto","S/D","II","Dentro","Urbana","S/D","S/D","Recta","S/D","S/D","Diurna","S/D","S/D","S/D","Colisión","S/D","S/D","S/D","S/D"
2016,5032,8/6/2016,"Sabado",0,16:30:00,,"0.0",2,"Peatón,Moto/Ciclomotor"," ",2,2,0,0,0,0,0,,"Calle",,"ROSARIO","Rosario","Asfalto","S/D","II","Dentro","Urbana","S/D","S/D","Intersección","S/D","S/D","Diurna","Buen Tiempo","S/D","Peatón","Atropello","S/D","S/D","S/D","S/D"
2016,5033,8/9/2016,"Martes",0,22:00:00,,"0.0",2,"Moto/Ciclomotor,Automóvil"," ",2,1,0,0,0,0,1,,"Calle",,"ROSARIO","Rosario","Asfalto","S/D","II","Dentro","Urbana","S/D","S/D","Recta","S/D","S/D","Nocturna","S/D","S/D","S/D","Colisión","S/D","S/D","S/D","S/D"
2016,5034,8/22/2016,"Lunes",0,16:30:00,,"0.0",2,"Automóvil,Automóvil"," ",2,1,0,0,1,0,0,,"Calle",,"ROSARIO","Rosario","Asfalto","S/D","II","Dentro","Urbana","S/D","S/D","Recta","S/D","S/D","Diurna","S/D","S/D","S/D","Colisión","S/D","S/D","S/D","S/D"
2016,5035,5/23/2016,"Lunes",0,,,"0.0",2,"Peatón,Automóvil","Suipacha Av 100",2,0,0,0,1,1,0,"-31.252527777778,-61.49875","Calle",,"RAFAELA","Castellanos","S/D","S/D","V","Dentro","Urbana","S/D","S/D","Recta","S/D","S/D","S/D","S/D","S/D","Peatón","Atropello","S/D","S/D","S/D","S/D"
2016,5036,5/30/2016,"Lunes",0,5:50:00,,"0.0",1,"Moto/Ciclomotor","Av. Eva Peron 6800",1,0,0,0,0,1,0,"-32.932722222222,-60.71425","Avenida",,"ROSARIO","Rosario","S/D","S/D","II","Dentro","Urbana","S/D","S/D","Recta","S/D","S/D","Nocturna","S/D","Contra objeto fijo","S/D","Colisión","S/D","S/D","S/D","S/D"
2016,5037,8/26/2016,"Viernes",0,4:00:00,,"0.0",2,"Moto/Ciclomotor,Automóvil","Cordoba Y Bv. Avellaneda",3,0,1,0,1,0,1,,"Calle",,"ROSARIO","Rosario","Asfalto","S/D","II","Dentro","Urbana","S/D","S/D","Intersección","S/D","S/D","Nocturna","S/D","S/D","S/D","Colisión","S/D","S/D","S/D","S/D"
2016,5038,8/28/2016,"Domingo",0,19:20:00,,"0.0",4,"Automóvil,Taxi/Remis,Automóvil,Moto/Ciclomotor","Albert Sabin Y Montes Carballo",4,1,0,0,1,0,2,,"Calle",,"ROSARIO","Rosario","Asfalto","S/D","II","Dentro","Urbana","S/D","S/D","Intersección","S/D","S/D","Atardecer","S/D","S/D","S/D","Colisión","S/D","S/D","S/D","S/D"
2016,5039,5/3/2016,"Martes",0,,,"0.0",2,"Tren,Peatón","9 DE JULIO  Y LAS VIAS DEL FERROCARRIL",2,0,0,0,1,1,0,"-32.997545, -60.770087","S/D",,"PEREZ","Rosario","S/D","S/D","II","Dentro","S/D","S/D","S/D","Recta","S/D","S/D","Nocturna","S/D","S/D","Peatón","Atropello","S/D","S/D","S/D","S/D"
2016,5040,8/2/2016,"Martes",0,19:30:00,,"0.0",2,"Automóvil,Automóvil","Goyena Y Valentin Gomez",3,3,0,0,0,0,0,,"Calle",,"ROSARIO","Rosario","Asfalto","No existe","II","S/D","Urbana","S/D","S/D","Recta","Bueno","S/D","Atardecer","S/D","S/D","S/D","Colisión","S/D","S/D","S/D","S/D"
2016,5041,8/4/2016,"Jueves",0,,,"0.0",2,"Automóvil,Bicicleta","Huerta Grande Y Galvez",2,1,0,0,1,0,0,,"Calle",,"ROSARIO","Rosario","Asfalto","S/D","II","S/D","Urbana","S/D","S/D","Recta","Bueno","S/D","Diurna","S/D","S/D","Ciclista","Atropello","S/D","S/D","S/D","S/D"
2016,5042,8/22/2016,"Lunes",0,19:00:00,,"0.0",2,"Automóvil,Moto/Ciclomotor","Yapeyu Y Goyena",2,1,0,0,1,0,0,,"Calle",,"ROSARIO","Rosario","Asfalto","S/D","II","S/D","Urbana","S/D","S/D","Recta","S/D","S/D","Atardecer","S/D","S/D","S/D","Colisión","S/D","S/D","S/D","S/D"
2016,5043,8/6/2016,"Sabado",0,19:00:00,,"0.0",2,"Automóvil,Bicicleta","Urquiza Y Av. Francia",2,1,0,0,1,0,0,,"Calle",,"ROSARIO","Rosario","Asfalto","No existe","II","S/D","Urbana","Ninguna","No existe","Recta","Bueno","Buena","Diurna","Buen Tiempo","S/D","Ciclista","Atropello","Ninguna","Faltante","Ninguna","Sin restricción"
2016,5044,8/10/2016,"Miercoles",0,9:30:00,,"0.0",2,"Automóvil,Bicicleta","Lavalle Y San Lorenzo",2,1,0,0,1,0,0,,"Calle",,"ROSARIO","Rosario","Asfalto","No existe","II","S/D","Urbana","Ninguna","No existe","Recta","Otro","Buena","Diurna","Buen Tiempo","S/D","Ciclista","Atropello","Ninguna","Faltante","Ninguna","Sin restricción"
2016,5045,8/12/2016,"Viernes",0,4:20:00,,"0.0",2,"Automóvil,Taxi/Remis","Santa Fe Y Vera Mujica",2,1,0,0,1,0,0,,"Calle",,"ROSARIO","Rosario","Asfalto","No existe","II","S/D","Urbana","Semáforo","Funciona","Recta","Otro","Buena","Amanecer","Buen Tiempo","Otro","S/D","Colisión","Ninguna","Vertical","Ninguna","Sin restricción"
2016,5046,5/16/2016,"Lunes",0,9:00:00,,"0.0",2,"Moto/Ciclomotor,Camión","Gral Lavalle Y Hugo V Capella",2,0,0,0,1,1,0,"-30.316888888889,-61.227","Calle",,"SAN CRISTÓBAL","San Cristóbal","S/D","S/D","XIII","Dentro","Urbana","S/D","S/D","Intersección","S/D","S/D","Diurna","S/D","S/D","S/D","Colisión","S/D","S/D","S/D","S/D"
2016,5047,8/14/2016,"Domingo",0,12:40:00,,"0.0",2,"Moto/Ciclomotor,Automóvil","Bordabehere Y Bv. Avellaneda",2,1,0,0,1,0,0,,"Calle",,"ROSARIO","Rosario","Asfalto","No existe","II","Dentro","Urbana","Ninguna","No existe","Recta","Otro","Buena","Diurna","Buen Tiempo","S/D","S/D","Colisión","Ninguna","Faltante","Ninguna","Sin restricción"
2016,5048,8/17/2016,"Miercoles",0,6:50:00,,"0.0",2,"Moto/Ciclomotor,Automóvil","Vera Mujica Y Tucuman",2,1,0,0,1,0,0,,"Calle",,"ROSARIO","Rosario","Asfalto","No existe","II","S/D","Urbana","Ninguna","No existe","Recta","Otro","Buena","Amanecer","Buen Tiempo","Otro","S/D","Colisión","Ninguna","Faltante","Ninguna","Sin restricción"
2016,5049,8/21/2016,"Domingo",0,9:30:00,,"0.0",2,"Transporte de Pasajeros Urbano (> 8 asientos),Automóvil","San Lorenzo Y Pueyrredon",2,0,1,0,1,0,0,,"Calle",,"ROSARIO","Rosario","Asfalto","No existe","II","S/D","Urbana","Ninguna","No existe","Recta","Otro","Buena","Diurna","Buen Tiempo","S/D","S/D","Colisión","Ninguna","Faltante","Ninguna","Sin restricción"
2016,5050,5/25/2016,"Miercoles",0,23:00:00,,"0.0",2,"Moto/Ciclomotor,Pickup/Utilitario","Belgrano Y Cordoba",2,0,0,0,0,1,1,"-31.255444444444,-61.480527777778","Calle",,"RAFAELA","Castellanos","S/D","S/D","V","Dentro","Urbana","S/D","S/D","Intersección","S/D","S/D","Nocturna","S/D","S/D","S/D","Colisión","S/D","S/D","S/D","S/D"
2016,5051,8/22/2016,"Lunes",0,10:00:00,,"0.0",2,"Peatón,Moto/Ciclomotor","Santa Fe Y Ricchieri",2,1,0,0,1,0,0,,"Calle",,"ROSARIO","Rosario","Asfalto","No existe","II","S/D","Urbana","Semáforo","Funciona","Recta","Bueno","Buena","Diurna","Buen Tiempo","S/D","Peatón","Atropello","Ninguna","Horizontal","Ninguna","Sin restricción"
2016,5052,8/24/2016,"Miercoles",0,20:16:00,,"0.0",2,"Automóvil,Automóvil","Crespo Y Urquiza",3,1,0,0,2,0,0,,"Calle",,"ROSARIO","Rosario","Asfalto","No existe","II","S/D","Urbana","Ninguna","No existe","Recta","Bueno","S/D","Nocturna","Buen Tiempo","Otro","S/D","Colisión","Ninguna","Faltante","Ninguna","Sin restricción"
2016,5053,8/3/2016,"Miercoles",0,16:40:00,,"0.0",2,"Moto/Ciclomotor,Automóvil","Soldado Aguirre Y Liniers",3,1,0,0,2,0,0,,"Calle",,"VILLA GOBERNADOR GÁLVEZ","Rosario","Asfalto","No existe","II","S/D","Urbana","Ninguna","No existe","Intersección","Deteriorada","Buena","Diurna","Buen Tiempo","Lateral","S/D","Colisión","Material Suelto","Faltante","Ninguna","Sin restricción"
2016,5054,8/5/2016,"Viernes",0,20:40:00,,"0.0",1,"Moto/Ciclomotor","Soldado Aguirre Y Richieri",1,1,0,0,0,0,0,,"S/D",,"VILLA GOBERNADOR GÁLVEZ","Rosario","Asfalto","No existe","II","S/D","Urbana","Ninguna","No existe","Intersección","Deteriorada","Buena","Atardecer","Buen Tiempo","Contra objeto fijo","S/D","Caída ocupante","Material Suelto","Faltante","Ninguna","Sin restricción"
2016,5055,8/14/2016,"Domingo",0,0:30:00,,"0.0",2,"Automóvil,Automóvil","Soldado Aguirre Y 9 de Julio",2,1,0,0,1,0,0,,"S/D",,"VILLA GOBERNADOR GÁLVEZ","Rosario","Asfalto","No existe","II","S/D","Urbana","Ninguna","No existe","Intersección","Deteriorada","Buena","Nocturna","Buen Tiempo","S/D","S/D","Atropello","Material Suelto","Faltante","Ninguna","Sin restricción"
2016,5056,8/25/2016,"Jueves",0,20:45:00,,"0.0",1,"Moto/Ciclomotor","Soldado Aguirre 2900",2,2,0,0,0,0,0,,"S/D",,"VILLA GOBERNADOR GÁLVEZ","Rosario","Asfalto","No existe","II","S/D","Urbana","Ninguna","No existe","Recta","Con baches","Buena","Atardecer","Buen Tiempo","S/D","S/D","Caída ocupante","Material Suelto","Faltante","Ninguna","Sin restricción"
2016,5057,8/22/2016,"Lunes",0,14:00:00,,"0.0",2,"Camión,Otros"," ",2,1,0,0,1,0,0,,"S/D",,"PUEBLO ESTHER","Rosario","S/D","Natural","II","S/D","S/D","S/D","No existe","Intersección","Otro","Buena","Diurna","S/D","Lateral","S/D","Colisión","S/D","Faltante","Ninguna","Sin restricción"
2016,5058,8/22/2016,"Lunes",0,22:25:00,"Ruta Nacional A012","0.0",2,"Camión,Camión c / Acoplado"," ",2,1,0,0,1,0,0,,"Ruta","A012","PUEBLO ESTHER","Rosario","Asfalto","S/D","II","Dentro","Urbana","Ninguna","No existe","Recta","Bueno","Buena","Diurna","S/D","Frontal","S/D","Colisión","S/D","Faltante","Ninguna","Sin restricción"
2016,5059,8/25/2016,"Jueves",0,17:30:00,,"0.0",2,"Bicicleta,Automóvil"," ",2,1,0,0,1,0,0,,"S/D",,"PUEBLO ESTHER","Rosario","S/D","S/D","II","S/D","S/D","Ninguna","S/D","Intersección","S/D","Buena","S/D","S/D","S/D","Ciclista","Atropello","S/D","Faltante","Ninguna","Sin restricción"
2016,5060,8/2/2016,"Martes",0,8:35:00,"Ruta Provincial 21","0.0",2,"Automóvil,Automóvil"," ",2,1,0,0,1,0,0,,"Ruta",21,"ALVEAR","Rosario","Asfalto","Natural","II","Dentro","Rural","S/D","Funciona","Paso a Nivel FFCC","Bueno","Buena","Diurna","Buen Tiempo","De alcance","S/D","Colisión","S/D","S/D","Línea divisoria pintada","S/D"
2016,5061,8/4/2016,"Jueves",0,9:00:00,,"0.0",2,"Pickup/Utilitario,Moto/Ciclomotor","Moreno Y Monteagudo",2,1,0,0,1,0,0,,"Calle",,"FRAY LUIS BELTRÁN","San Lorenzo","Asfalto","No existe","XVII","Dentro","Urbana","Ninguna","No existe","Intersección","Bueno","Buena","Diurna","Buen Tiempo","Lateral","S/D","Colisión","Ninguna","Faltante","Ninguna","Sin restricción"
2016,5062,8/1/2016,"Lunes",0,14:45:00,,"0.0",1,"Moto/Ciclomotor","Av de los Granaderos Y Almte Brown",2,2,0,0,0,0,0,,"Calle",,"CAPITÁN BERMÚDEZ","San Lorenzo","Tierra","No existe","XVI","Dentro","Urbana","Ninguna","No existe","Intersección","Con baches","Reducida p/ objetos","Diurna","Niebla","S/D","S/D","Colisión","Agua","Faltante","Ninguna","Sin restricción"
2016,5063,8/4/2016,"Jueves",0,18:10:00,,"0.0",2,"Moto/Ciclomotor,Automóvil","Venezuela Y C Escalada",2,1,0,0,0,0,1,,"Calle",,"CAPITÁN BERMÚDEZ","San Lorenzo","Asfalto,Tierra","No existe","XVII","Dentro","Urbana","Ninguna","No existe","Curva","Con baches","Reducida","Atardecer","Buen Tiempo","Frontal","S/D","Colisión","Otro","Faltante","Ninguna","Sin restricción"
2016,5064,8/6/2016,"Sabado",0,6:40:00,,"0.0",2,"Moto/Ciclomotor,Automóvil","Av San Lorenzo Y Maipu",2,1,0,0,0,0,1,,"Avenida",,"CAPITÁN BERMÚDEZ","San Lorenzo","Asfalto","No existe","XVII","Dentro","Urbana","Ninguna","No existe","Distribuidor","Bueno","S/D","Amanecer","Buen Tiempo","S/D","S/D","Colisión","Ninguna","Vertical","Ninguna","Sin restricción"
2016,5065,8/7/2016,"Domingo",0,16:15:00,,"0.0",2,"Moto/Ciclomotor,Automóvil","Av San Lorenzo Y Salta",3,2,0,0,1,0,0,,"Avenida",,"CAPITÁN BERMÚDEZ","San Lorenzo","Asfalto","No existe","XVII","Dentro","Urbana","S/D","S/D","Intersección","Bueno","S/D","Diurna","S/D","S/D","S/D","Colisión","S/D","S/D","S/D","S/D"
2016,5066,8/10/2016,"Miercoles",0,7:30:00,,"0.0",2,"Automóvil,Moto/Ciclomotor","Av San Lorenzo Y Las Heras",2,1,0,0,1,0,0,,"Avenida",,"CAPITÁN BERMÚDEZ","San Lorenzo","Asfalto","Pavimento","XVII","Dentro","Urbana","Ninguna","No existe","Recta","Bueno","Buena","Diurna","Buen Tiempo","Frontal","S/D","Colisión","Ninguna","Faltante","Ninguna","Sin restricción"
2016,5067,8/11/2016,"Jueves",0,10:30:00,,"0.0",2,"Automóvil,Moto/Ciclomotor","C Colon 173",2,1,0,0,1,0,0,,"Calle",,"CAPITÁN BERMÚDEZ","San Lorenzo","Asfalto","No existe","XVII","Dentro","Urbana","Ninguna","No existe","Recta","Bueno","Buena","Diurna","Buen Tiempo","S/D","S/D","Colisión","Ninguna","Horizontal","Ninguna","Sin restricción"
2016,5068,8/16/2016,"Martes",0,8:00:00,"Autopista Provincial Brigadier E.López","0.0",1,"Moto/Ciclomotor"," ",2,2,0,0,0,0,0,,"Autopista","Brigadier E.López","CAPITÁN BERMÚDEZ","San Lorenzo","Asfalto","Pavimento","XVII","Fuera","Urbana","Ninguna","No existe","Recta","Bueno","Reducida","Diurna","Niebla","S/D","S/D","Caída ocupante","Ninguna","S/D","Línea divisoria pintada","Sin restricción"
2016,5069,8/17/2016,"Miercoles",0,14:50:00,,"0.0",2,"Moto/Ciclomotor,Automóvil","Juan de Garay Y C Colon",3,2,0,0,1,0,0,,"Calle",,"CAPITÁN BERMÚDEZ","San Lorenzo","Asfalto","No existe","XVII","Dentro","Urbana","Ninguna","No existe","Intersección","Bueno","Buena","Diurna","Buen Tiempo","Lateral","S/D","Colisión","Ninguna","Faltante","Ninguna","Sin restricción"
2016,5070,8/24/2016,"Miercoles",0,14:30:00,,"0.0",2,"Automóvil,Moto/Ciclomotor","Cabildo Y Martin Fierro",2,1,0,0,1,0,0,,"Calle",,"CAPITÁN BERMÚDEZ","San Lorenzo","Tierra","No existe","XVII","Dentro","Urbana","Ninguna","No existe","Intersección","Bueno","Reducida","Diurna","Buen Tiempo","Lateral","S/D","Colisión","Ninguna","Faltante","Ninguna","Desvío Provisorio"
2016,5071,8/4/2016,"Jueves",0,19:30:00,,"0.0",2,"Moto/Ciclomotor,Automóvil","Av San Martin Y 3 de Febrero",2,1,0,0,1,0,0,,"Avenida",,"SAN LORENZO","San Lorenzo","Asfalto","S/D","XVII","S/D","Urbana","S/D","S/D","Intersección","S/D","S/D","Atardecer","S/D","S/D","S/D","Colisión","S/D","S/D","S/D","S/D"
2016,5072,8/5/2016,"Viernes",0,16:30:00,,"0.0",2,"Pickup/Utilitario,Moto/Ciclomotor","Av San Martin Y Guido Spano",2,1,0,0,1,0,0,,"S/D",,"FRAY LUIS BELTRÁN","San Lorenzo","Asfalto","Ripio","XVII","Dentro","Urbana","S/D","Funciona","Intersección","Bueno","Reducida p/ objetos","Diurna","S/D","S/D","S/D","Colisión","Ninguna","Vertical","S/D","S/D"
2016,5073,8/2/2016,"Martes",0,13:30:00,"Ruta Nacional A012","0.0",2,"Automóvil,Camión c / Acoplado"," ",2,1,0,0,1,0,0,,"Ruta","A012","SAN LORENZO","San Lorenzo","Asfalto","S/D","XVII","S/D","Urbana","S/D","S/D","S/D","S/D","S/D","Diurna","Buen Tiempo","S/D","S/D","Colisión","S/D","S/D","S/D","S/D"
2016,5074,8/21/2016,"Domingo",0,20:30:00,,"0.0",2,"Automóvil,Moto/Ciclomotor","Av San Martin Y Pueyrredon",2,1,0,0,1,0,0,,"Avenida",,"FRAY LUIS BELTRÁN","San Lorenzo","Asfalto","Ripio","XVII","Dentro","Urbana","Ninguna","Funciona","Intersección","Bueno","Reducida p/ objetos","Nocturna","Buen Tiempo","Frontal,Lateral","S/D","Colisión","Ninguna","Horizontal,Vertical","Ninguna","Sin restricción"
2016,5075,8/5/2016,"Viernes",0,13:40:00,,"0.0",2,"Automóvil,Moto/Ciclomotor","Sargento Cabral Y San Luis",2,1,0,0,1,0,0,,"Calle",,"SAN LORENZO","San Lorenzo","S/D","S/D","XVII","Dentro","Urbana","S/D","S/D","Recta","S/D","S/D","Diurna","S/D","S/D","S/D","Colisión","S/D","S/D","S/D","S/D"
2016,5076,8/23/2016,"Martes",0,21:45:00,,"0.0",2,"Moto/Ciclomotor,Otros"," ",2,1,0,0,0,0,1,,"S/D",,"ALVEAR","Rosario","Asfalto","Natural","II","Dentro","Rural","Ninguna","No existe","Curva","Con baches","Buena","Nocturna","Buen Tiempo","Frontal","S/D","Colisión","S/D","S/D","Ninguna","S/D"
2016,5077,8/6/2016,"Sabado",0,4:55:00,,"0.0",1,"Moto/Ciclomotor","Avda del Combate 500",2,2,0,0,0,0,0,,"S/D",,"SAN LORENZO","San Lorenzo","S/D","S/D","XVI","S/D","S/D","S/D","S/D","Recta","S/D","S/D","Nocturna","S/D","S/D","S/D","Colisión","S/D","S/D","S/D","S/D"
2016,5078,8/9/2016,"Martes",0,19:20:00,,"0.0",2,"Moto/Ciclomotor,Automóvil","Av Gral San Martin 1300",2,1,0,0,1,0,0,,"S/D",,"VILLA GOBERNADOR GÁLVEZ","Rosario","Asfalto","No existe","II","S/D","S/D","Ninguna","No existe","Recta","Otro","Buena","Atardecer,Con luz artificial","Buen Tiempo","Lateral","S/D","Colisión","Ninguna","Faltante","Ninguna","Sin restricción"
2016,5079,8/6/2016,"Sabado",0,20:30:00,"Ruta Nacional A012","0.0",2,"Peatón,Automóvil","Congreso ",2,1,0,0,1,0,0,,"Ruta","A012","SAN LORENZO","San Lorenzo","S/D","S/D","XVII","S/D","Urbana","S/D","S/D","S/D","S/D","S/D","Nocturna","S/D","S/D","Peatón","Atropello","S/D","S/D","S/D","S/D"
2016,5080,8/15/2016,"Lunes",0,18:00:00,,"0.0",2,"Cuatriciclo,Pickup/Utilitario","Av Gral San Martin Y Amenabar",2,1,0,0,1,0,0,,"Calle",,"VILLA GOBERNADOR GÁLVEZ","Rosario","Asfalto","No existe","II","Dentro","Urbana","Ninguna","No existe","Intersección","Bueno","Buena","Atardecer,Con luz artificial","Buen Tiempo","Lateral","S/D","Colisión","Ninguna","Faltante","Ninguna","Sin restricción"
2016,5081,8/18/2016,"Jueves",0,21:30:00,,"0.0",2,"Moto/Ciclomotor,Automóvil","Av Juan Domingo Peron Y Garay",2,1,0,0,1,0,0,,"Calle",,"VILLA GOBERNADOR GÁLVEZ","Rosario","Asfalto","No existe","II","Dentro","Urbana","Ninguna","No existe","Intersección","Bueno","Buena","Nocturna,Con luz artificial","Buen Tiempo","Lateral","S/D","Colisión","Ninguna","Faltante","Ninguna","Sin restricción"
2016,5082,8/11/2016,"Jueves",0,11:15:00,,"0.0",2,"Automóvil,Moto/Ciclomotor","Falucho Y Av Carlos A Poucel",4,1,0,0,3,0,0,,"S/D",,"SAN LORENZO","San Lorenzo","S/D","S/D","XVII","S/D","Urbana","S/D","S/D","Intersección","S/D","S/D","Diurna","S/D","S/D","S/D","Colisión","S/D","S/D","S/D","S/D"
2016,5083,8/6/2016,"Sabado",0,11:10:00,,"0.0",1,"Moto/Ciclomotor"," ",1,1,0,0,0,0,0,,"Camino Rural",,"SANTO DOMINGO","Las Colonias","Tierra","No existe","XI","Dentro","Rural","Ninguna","No existe","Recta","Ahuellamiento","Buena","Diurna","Buen Tiempo","S/D","S/D","Caída ocupante","Ninguna","Faltante","Ninguna","Sin restricción"
2016,5084,8/19/2016,"Viernes",0,21:00:00,,"0.0",2,"Moto/Ciclomotor,Camión Chasis"," ",3,2,0,0,1,0,0,,"Calle",,"VILLA GOBERNADOR GÁLVEZ","Rosario","Tierra","No existe","II","Dentro","Urbana","Ninguna","No existe","Intersección","Deteriorada","Buena","Nocturna","Buen Tiempo","Lateral","S/D","Colisión","Ninguna","Faltante","Ninguna","Sin restricción"
2016,5085,8/18/2016,"Jueves",0,18:30:00,"Autovía Nacional 19","30.0",2,"Automóvil,Camión Chasis"," ",5,3,0,0,2,0,0,,"Autovía",19,"SAN CARLOS NORTE","Las Colonias","Asfalto","Pavimento","XI","Dentro","Rural","Marca Vial","No existe","Cruce","Bueno","Reducida","Atardecer","Buen Tiempo","Lateral","S/D","Colisión","Ninguna","S/D","Ninguna","Sin restricción"
2016,5086,8/20/2016,"Sabado",0,6:20:00,,"0.0",2,"Automóvil,Automóvil","Av Gral San Martin Y Balcarce",3,1,0,0,2,0,0,,"Calle",,"VILLA GOBERNADOR GÁLVEZ","Rosario","Asfalto","No existe","II","Dentro","Urbana","Ninguna","No existe","Intersección","Bueno","Buena","Amanecer,Con luz artificial","Buen Tiempo","Lateral","S/D","Colisión","Ninguna","Faltante","Ninguna","Sin restricción"