"anio_acci","nro_acci","fecha","desc_dia","fecha_aprox","hora_aprox","desc_ruta","km","cant_participantes","desc_participante","calle_avenida_km","total","heridos_leves","heridos_graves","heridos_gravisimos","ilesos","fallecidos","sin_datos","posicion_XY","desc_tipo_via","desc_ruta_ori","desc_loc","desc_dpto","desc_tipo_calzada","desc_tipo_banquina","desc_unidad_regional","desc_lugar_calzada","desc_zona","desc_prioridad","desc_estado_semaforo","desc_lugar_via","desc_estado_via","desc_estado_visibilidad","desc_luminosidad","desc_estado_clima","desc_tipo_colision","desc_tipo_atropello","desc_tipo_hecho","desc_pres_calzada","desc_senializacion","desc_separacion_via","desc_restriccion"
2016,5087,8/25/2016,"Jueves",0,13:00:00,"Autovía Nacional 19","13.0",2,"Moto/Ciclomotor,Bicicleta"," ",3,3,0,0,0,0,0,,"Autovía",19,"SAN AGUSTÍN","Las Colonias","Asfalto","Pavimento","XI","Dentro","Rural","Ninguna","No existe","Recta","Bueno","Buena","Diurna","Buen Tiempo","S/D","Ciclista","Atropello","Ninguna","Horizontal","Vegetación","Sin restricción"
2016,5088,8/23/2016,"Martes",0,21:45:00,,"0.0",2,"Bicicleta,Automóvil","Av Gral San Martin ",2,1,0,0,1,0,0,,"Calle",,"VILLA GOBERNADOR GÁLVEZ","Rosario","Asfalto","No existe","II","Dentro","Urbana","Ninguna","No funciona","Intersección","Bueno","Buena","Nocturna,Con luz artificial","Buen Tiempo","S/D","S/D","Atropello","Ninguna","Faltante","Ninguna","Sin restricción"
2016,5089,8/23/2016,"Martes",0,9:00:00,,"0.0",2,"Moto/Ciclomotor,Automóvil","Av Gral San Martin 2000",2,1,0,0,1,0,0,,"Calle",,"VILLA GOBERNADOR GÁLVEZ","Rosario","Asfalto","No existe","II","Dentro","Urbana","Ninguna","No existe","Recta","Bueno","Buena","Diurna","Buen Tiempo","Lateral","S/D","Colisión","Ninguna","Faltante","Ninguna","Sin restricción"
2016,5090,8/23/2016,"Martes",0,20:15:00,,"0.0",2,"Moto/Ciclomotor,Camión Chasis","Av Gral San Martin ",2,1,0,0,1,0,0,,"Calle",,"VILLA GOBERNADOR GÁLVEZ","Rosario","Asfalto","No existe","II","Dentro","Urbana","Ninguna","No funciona","Intersección","Bueno","Buena","Nocturna","Buen Tiempo","Lateral","S/D","Colisión","Ninguna","Faltante","Ninguna","Sin restricción"
2016,5091,8/23/2016,"Martes",0,14:40:00,,"0.0",2,"Automóvil,Automóvil","Av Juan Domingo Peron Y Garay",2,1,0,0,1,0,0,,"Calle",,"VILLA GOBERNADOR GÁLVEZ","Rosario","Asfalto","No existe","II","Dentro","Urbana","Ninguna","No existe","Intersección","Con baches","Buena","Diurna","Buen Tiempo","Lateral","S/D","Colisión","Agua","Faltante","Ninguna","Sin restricción"
2016,5092,9/27/2016,"Martes",0,21:20:00,,"0.0",2,"Automóvil,Automóvil","Av Gral San Martin Y Moreno",5,3,0,0,2,0,0,,"Calle",,"VILLA GOBERNADOR GÁLVEZ","Rosario","Asfalto","No existe","II","Dentro","Urbana","Ninguna","No existe","Intersección","Bueno","Buena","Nocturna,Con luz artificial","Buen Tiempo","Lateral","S/D","Colisión","Ninguna","Faltante","Ninguna","Sin restricción"
2016,5093,8/10/2016,"Miercoles",0,4:55:00,,"0.0",2,"Automóvil,Moto/Ciclomotor","Mitre Y San Luis",2,1,0,0,1,0,0,,"Calle",,"SAN CARLOS CENTRO","Las Colonias","Ripio","Natural","XI","Dentro","Urbana","Ninguna","No existe","Intersección","Bueno","Buena","Nocturna,Con luz artificial","Buen Tiempo","Lateral","S/D","Colisión","Ninguna","Faltante","Ninguna","Sin restricción"
2016,5094,8/4/2016,"Jueves",0,17:10:00,,"0.0",2,"Automóvil,Moto/Ciclomotor"," ",5,4,0,0,1,0,0,,"S/D",,"VILLA GOBERNADOR GÁLVEZ","Rosario","S/D","S/D","II","S/D","S/D","Ninguna","S/D","Intersección","Bueno","Buena","Diurna","Buen Tiempo","Otro","S/D","Colisión","Ninguna","Faltante","Ninguna","Sin restricción"
2016,5095,8/9/2016,"Martes",0,17:50:00,,"0.0",2,"Bicicleta,Moto/Ciclomotor","Manuel Belgrano Y Cordoba",2,1,0,0,1,0,0,,"Avenida",,"SAN CARLOS CENTRO","Las Colonias","Asfalto","Pavimento","XI","Dentro","Urbana","Ninguna","No existe","Recta","Bueno","Buena","Diurna","Buen Tiempo","S/D","Ciclista","Atropello","Ninguna","Vertical","Barrera de hormigón","Sin restricción"
2016,5096,8/7/2016,"Domingo",0,1:15:00,,"0.0",2,"Automóvil,Automóvil","Belgrano Manuel Y J M Lheritier",4,1,0,0,3,0,0,,"Calle",,"SAN CARLOS CENTRO","Las Colonias","Asfalto","No existe","II","Dentro","Urbana","Paso Peatonal","No existe","Intersección","Bueno","Buena","Con luz artificial","Buen Tiempo","S/D","S/D","Colisión","Ninguna","Vertical","Ninguna","Sin restricción"
2016,5097,8/4/2016,"Jueves",0,21:00:00,,"0.0",2,"Automóvil,Moto/Ciclomotor","Soldado Aguirre Y San Nicolas",2,1,0,0,1,0,0,,"Calle",,"VILLA GOBERNADOR GÁLVEZ","Rosario","Asfalto","S/D","II","S/D","Urbana","Ninguna","No existe","Intersección","Bueno","Buena","Nocturna","Buen Tiempo","S/D","S/D","Colisión","Ninguna","Faltante","Ninguna","Sin restricción"
2016,5098,8/17/2016,"Miercoles",1,17:05:00,,"0.0",2,"Automóvil,Bicicleta","Mariano Vera Y Guemes",2,1,0,0,1,0,0,,"Calle",,"SAN JERÓNIMO NORTE","Las Colonias","Asfalto","Natural","XI","Dentro","Urbana","Ninguna","No existe","Intersección","Bueno","Buena","Diurna","Buen Tiempo","S/D","Ciclista","Atropello","Ninguna","S/D","Ninguna","Sin restricción"
2016,5099,8/24/2016,"Miercoles",0,12:45:00,,"0.0",2,"Pickup/Utilitario,Bicicleta","Lavalle Y Iriondo",2,1,0,0,1,0,0,,"Calle",,"VILLA GOBERNADOR GÁLVEZ","Rosario","Asfalto","S/D","II","S/D","Urbana","S/D","S/D","Intersección","S/D","S/D","Diurna","S/D","S/D","Ciclista","Atropello","S/D","S/D","S/D","S/D"
2016,5100,8/26/2016,"Viernes",0,16:30:00,,"0.0",2,"Automóvil,Bicicleta","Libertad Y Alberdi",2,1,0,0,1,0,0,,"Avenida",,"VILLA GOBERNADOR GÁLVEZ","Rosario","Asfalto","No existe","II","S/D","Urbana","Ninguna","No existe","Intersección","Con baches","Buena","Diurna","Buen Tiempo","S/D","S/D","Colisión","Ninguna","Faltante","Ninguna","Sin restricción"
2016,5101,8/12/2016,"Viernes",0,11:30:00,,"0.0",2,"Moto/Ciclomotor,Pickup/Utilitario","San Martin Y Lopez y Planes",2,0,1,0,1,0,0,,"Calle",,"SAN CARLOS SUR","Las Colonias","Asfalto","S/D","XI","Dentro","Urbana","Ninguna","No existe","Intersección","Bueno","Buena","Diurna","Buen Tiempo","Lateral","S/D","Colisión","Ninguna","Faltante","Ninguna","S/D"
2016,5102,8/28/2016,"Domingo",0,15:50:00,,"0.0",2,"Moto/Ciclomotor,Peatón","Soldado Aguirre Y San Nicolas",3,3,0,0,0,0,0,,"S/D",,"VILLA GOBERNADOR GÁLVEZ","Rosario","Asfalto","S/D","II","S/D","S/D","Ninguna","S/D","Intersección","S/D","S/D","Diurna","Buen Tiempo","S/D","Peatón","Atropello","S/D","S/D","Ninguna","Sin restricción"
2016,5103,8/28/2016,"Domingo",0,18:40:00,,"0.0",2,"Automóvil,Moto/Ciclomotor","Ing Mosconi Y San Nicolas",3,2,0,0,1,0,0,,"Calle",,"VILLA GOBERNADOR GÁLVEZ","Rosario","Asfalto","No existe","II","S/D","Urbana","Ninguna","No existe","Intersección","Bueno","Buena","Atardecer","Buen Tiempo","S/D","S/D","Colisión","Ninguna","Faltante","Ninguna","Sin restricción"
2016,5104,8/22/2016,"Lunes",0,6:40:00,,"0.0",2,"Automóvil,Moto/Ciclomotor"," ",3,0,2,0,1,0,0,,"S/D",,"VILLA GOBERNADOR GÁLVEZ","Rosario","Asfalto","No existe","II","S/D","Urbana","Ninguna","No existe","Recta","Con baches","Buena","Amanecer","Buen Tiempo","De alcance","S/D","Colisión","Ninguna","Faltante","Ninguna","Sin restricción"
2016,5105,8/21/2016,"Domingo",0,14:45:00,,"0.0",2,"Moto/Ciclomotor,Moto/Ciclomotor","Corrientes Y polonia",2,1,0,0,1,0,0,,"S/D",,"VILLA GOBERNADOR GÁLVEZ","Rosario","Asfalto","No existe","II","S/D","Urbana","Ninguna","No existe","Recta","Bueno","Buena","Diurna","Buen Tiempo","De alcance","S/D","Colisión","Ninguna","Faltante","Ninguna","Sin restricción"
2016,5106,8/17/2016,"Miercoles",0,19:30:00,,"0.0",2,"Moto/Ciclomotor,Pickup/Utilitario"," ",2,1,0,0,1,0,0,,"Avenida",,"VILLA GOBERNADOR GÁLVEZ","Rosario","Asfalto","S/D","II","Dentro","Urbana","Ninguna","S/D","Recta","Con baches","S/D","Atardecer","Buen Tiempo","De alcance","S/D","Colisión","Ninguna","S/D","Ninguna","Sin restricción"
2016,5107,8/8/2016,"Lunes",0,8:15:00,,"0.0",2,"Automóvil,Moto/Ciclomotor","Av Juan Domingo Peron Y Cordoba",3,2,0,0,1,0,0,,"Avenida",,"VILLA GOBERNADOR GÁLVEZ","Rosario","Asfalto","No existe","II","S/D","Urbana","Ninguna","No existe","Recta","Bueno","Buena","Amanecer","Buen Tiempo","De alcance","S/D","Colisión","Ninguna","Faltante","Ninguna","Sin restricción"
2016,5108,8/30/2016,"Martes",0,20:50:00,"Ruta Provincial 93","0.0",2,"Automóvil,Camión"," ",7,4,1,0,2,0,0,,"Ruta",93,"FIRMAT","General López","Asfalto","Natural","VIII","Dentro","Rural","Ninguna","No existe","Recta","Bueno","Reducida","Nocturna","Buen Tiempo","Lateral","S/D","Colisión","Material Suelto","Faltante","Línea divisoria pintada","Sin restricción"
2016,5109,8/10/2016,"Miercoles",0,8:00:00,,"0.0",2,"Moto/Ciclomotor,Automóvil","Avenida San Martin 1428",2,1,0,0,1,0,0,,"Calle",,"TOSTADO","9 de Julio","Asfalto","No existe","XII","S/D","Urbana","Ninguna","No existe","Recta","Bueno","Buena","Diurna","Buen Tiempo","Frontal","S/D","Colisión","Ninguna","Vertical","Ninguna","Sin restricción"
2016,5110,8/15/2016,"Lunes",0,7:20:00,,"0.0",1,"Moto/Ciclomotor"," ",3,1,1,0,1,0,0,,"Calle",,"TOSTADO","9 de Julio","Ripio","No existe","XII","S/D","Urbana","Ninguna","No existe","Recta","Deteriorada","Reducida","Amanecer","Buen Tiempo","S/D","S/D","Vuelco","Ninguna","Faltante","Ninguna","Sin restricción"
2016,5111,8/9/2016,"Martes",0,8:50:00,,"0.0",2,"Automóvil,Pickup/Utilitario","Independencia Y A castellanos",2,2,0,0,0,0,0,,"Calle",,"GOBERNADOR CRESPO","San Justo","Asfalto","Pavimento","XVI","Dentro","Urbana","Ninguna","No existe","Intersección","Bueno","Buena","Amanecer","Buen Tiempo","Lateral","S/D","Colisión","Ninguna","Horizontal","Ninguna","Sin restricción"
2016,5112,7/28/2016,"Jueves",0,6:50:00,,"0.0",1,"Moto/Ciclomotor"," ",1,1,0,0,0,0,0,,"S/D",,"GOBERNADOR CRESPO","San Justo","Asfalto","Natural","XVI","S/D","Rural","Ninguna","No existe","Recta","Con baches","Buena","Amanecer","Buen Tiempo","S/D","S/D","Caída ocupante","Otro","Faltante","Ninguna","Sin restricción"
2016,5113,9/2/2016,"Viernes",0,21:20:00,,"0.0",1,"Moto/Ciclomotor"," ",2,1,0,0,1,0,0,,"S/D",,"GOBERNADOR CRESPO","San Justo","Asfalto","Natural","XVI","S/D","Rural","Ninguna","No existe","Recta","Bueno","Buena","Nocturna","Viento Fuerte","S/D","S/D","Caída ocupante","Otro","Faltante","Ninguna","Sin restricción"
2016,5114,8/23/2016,"Martes",0,18:30:00,,"0.0",2,"Automóvil,Moto/Ciclomotor"," ",2,1,0,0,1,0,0,,"S/D",,"GOBERNADOR CRESPO","San Justo","Asfalto","Pavimento","XVI","S/D","Urbana","Marca Vial","No existe","Recta","Bueno","Buena","Diurna","Buen Tiempo","S/D","S/D","Colisión","Ninguna","Horizontal","Línea divisoria pintada","Sin restricción"
2016,5115,8/19/2016,"Viernes",0,0:15:00,,"0.0",2,"Moto/Ciclomotor,Pickup/Utilitario","Mocovies Y San Romulo",2,1,0,0,1,0,0,,"Calle",,"GOBERNADOR CRESPO","San Justo","Ripio","Natural","XVI","Dentro","Urbana","Ninguna","No existe","Intersección","Bueno","Buena","Nocturna","Buen Tiempo","Lateral","S/D","Colisión","Ninguna","S/D","Ninguna","Sin restricción"
2016,5116,8/2/2016,"Martes",0,10:20:00,,"0.0",2,"Moto/Ciclomotor,Pickup/Utilitario","Cno San Roque Y L N Alem",3,1,0,0,2,0,0,,"Calle",,"SAN JUSTO","San Justo","Asfalto","No existe","XVI","Dentro","Urbana","Ninguna","No existe","Intersección","Bueno","Buena","Diurna","Buen Tiempo","De alcance","S/D","Colisión","Ninguna","Faltante","Ninguna","Sin restricción"
2016,5117,8/31/2016,"Miercoles",0,18:30:00,,"0.0",2,"Automóvil,Bicicleta","Corrientes Y Carlos M. De Alvear",2,1,0,0,1,0,0,,"Calle",,"FIRMAT","General López","Hormigón","No existe","VIII","Dentro","Urbana","Ninguna","No existe","Intersección","Bueno","Buena","Atardecer","Buen Tiempo","S/D","S/D","Atropello","Ninguna","Faltante","Ninguna","Sin restricción"
2016,5118,8/16/2016,"Martes",0,9:50:00,,"0.0",2,"Automóvil,Moto/Ciclomotor","San Lorenzo Y Remedios de Escalada",2,1,0,0,1,0,0,,"Calle",,"FIRMAT","General López","Asfalto","No existe","VIII","S/D","Urbana","Ninguna","No existe","Intersección","Bueno","Buena","Diurna","Buen Tiempo","Lateral","S/D","Colisión","Ninguna","Faltante","Ninguna","Sin restricción"
2016,5119,8/13/2016,"Sabado",0,15:00:00,,"0.0",3,"Peatón,Peatón,Automóvil"," ",3,2,0,0,1,0,0,,"Calle",,"RAFAELA","Castellanos","Asfalto","Pavimento","V","Dentro","Urbana","Ninguna","No existe","Recta","Bueno","Buena","Diurna","Buen Tiempo","S/D","Peatón","Atropello","Ninguna","S/D","Ninguna","Sin restricción"
2016,5120,8/19/2016,"Viernes",0,18:30:00,,"0.0",2,"Automóvil,Moto/Ciclomotor"," ",3,1,0,0,2,0,0,,"Calle",,"RAFAELA","Castellanos","Hormigón","No existe","V","S/D","Urbana","Ninguna","No existe","Intersección","Bueno","Buena","Diurna","Buen Tiempo","S/D","S/D","Colisión","Ninguna","Faltante","Ninguna","Sin restricción"
2016,5121,8/30/2016,"Martes",0,16:50:00,,"0.0",2,"Moto/Ciclomotor,Automóvil","Av Aristobulo del Valle Y Constitucion",3,2,0,0,1,0,0,,"Avenida",,"RAFAELA","Castellanos","Hormigón","No existe","V","Dentro","Urbana","Señal Pare","No existe","Intersección","Bueno","Buena","Diurna","Buen Tiempo","Lateral","S/D","Colisión","Ninguna","Vertical","Ninguna","S/D"
2016,5122,5/20/2016,"Viernes",0,15:30:00,"Ruta Provincial 21","0.0",2,"Peatón,Pickup/Utilitario","Av de Circunvalacion Y Av Gral San Martin",5,0,0,0,4,1,0,"-33.017138888889,-60.633694444444","Ruta",21,"VILLA GOBERNADOR GÁLVEZ","Rosario","S/D","S/D","II","Dentro","Urbana","S/D","S/D","Intersección","S/D","S/D","Diurna","S/D","S/D","Peatón","Atropello","S/D","S/D","S/D","S/D"
2016,5123,8/18/2016,"Jueves",0,7:40:00,,"0.0",2,"Moto/Ciclomotor,Pickup/Utilitario","1ro de Mayo 569",2,0,1,0,1,0,0,,"Calle",,"RAFAELA","Castellanos","Hormigón","No existe","V","Dentro","Urbana","Ninguna","No existe","Recta","Bueno","Buena","Diurna","Buen Tiempo","Lateral","S/D","Colisión","Ninguna","Faltante","Ninguna","Sin restricción"
2016,5124,3/18/2016,"Viernes",0,0:15:00,"Autopista Nacional Rosario -Cordoba","0.0",3,"Moto/Ciclomotor,Moto/Ciclomotor,Moto/Ciclomotor","AUTOPISTA ROS-COR ALTURA COLOMBIA ",3,0,2,0,0,1,0,"-32.843759, -61.406578","Autopista","Rosario -Cordoba","CAÑADA DE GÓMEZ","Iriondo","Hormigón","S/D","X","Dentro","Urbana","S/D","S/D","S/D","S/D","S/D","Nocturna","S/D","S/D","S/D","Colisión","S/D","S/D","S/D","S/D"
2016,5125,3/30/2016,"Miercoles",0,,"Ruta Nacional 11","610.0",2,"Automóvil,Camión"," ",2,0,0,0,0,1,1,"-30.360660, -60.396698","Ruta",11,"GOBERNADOR CRESPO","San Justo","Hormigón","S/D","XVI","Dentro","S/D","S/D","S/D","S/D","S/D","S/D","S/D","S/D","S/D","S/D","Colisión","S/D","S/D","S/D","S/D"
2016,5126,7/3/2016,"Domingo",0,17:00:00,,"0.0",2,"Peatón,Automóvil","Chacabuco 290",2,0,0,0,1,1,0,"-32.236925, -60.984253","Calle",,"BARRANCAS","San Jerónimo","Asfalto","S/D","XV","S/D","Urbana","S/D","S/D","Otro","Bueno","Reducida","Diurna","Otro","S/D","Peatón","Atropello","Otro","S/D","S/D","S/D"
2016,5127,7/3/2016,"Domingo",0,4:00:00,"Ruta Provincial 65","0.0",1,"Automóvil","ACCESO NORTE ",3,0,1,0,0,2,0,"-32.346294, -61.330451","Ruta",65,"SAN GENARO","San Jerónimo","Asfalto","Natural","XV","Fuera","Urbana","Ninguna","No existe","Recta","Resbaladiza","Reducida","Nocturna,Con luz artificial","Lluvia","Contra objeto fijo","S/D","Colisión","Agua","Faltante","Ninguna","Sin restricción"
2016,5128,3/27/2016,"Domingo",0,,"Ruta Nacional 34","62.0",2,"Automóvil,Automóvil"," ",6,3,2,0,0,1,0,"-32.562496, -61.211681","Ruta",34,"LARGUIA","Iriondo","S/D","Natural","X","Dentro","S/D","S/D","S/D","Recta","S/D","S/D","Nocturna","S/D","De alcance","S/D","Colisión","S/D","S/D","S/D","S/D"
2016,5129,2/1/2016,"Lunes",1,,,"0.0",1,"Otros"," ",1,0,0,0,0,1,0,"-32.948251, -60.693697","S/D",,"ROSARIO","Rosario","S/D","S/D","II","S/D","S/D","S/D","S/D","S/D","S/D","S/D","S/D","S/D","S/D","S/D","S/D","S/D","S/D","S/D","S/D"
2016,5130,2/1/2016,"Lunes",1,,,"0.0",1,"Otros"," ",1,0,0,0,0,1,0,"-32.934488, -60.703825","S/D",,"ROSARIO","Rosario","S/D","S/D","II","S/D","S/D","S/D","S/D","S/D","S/D","S/D","S/D","S/D","S/D","S/D","S/D","S/D","S/D","S/D","S/D"
2016,5131,7/3/2016,"Domingo",0,1:05:00,"Ruta Nacional 11","0.0",3,"Automóvil,Moto/Ciclomotor,Moto/Ciclomotor","Ruta Nacional 11 Y Bv Belgrano",4,1,0,0,2,1,0,"-29.888977, -60.280061","Ruta",11,"CALCHAQUÍ","Vera","S/D","S/D","XIX","Dentro","Urbana","S/D","S/D","Intersección","S/D","S/D","Nocturna","S/D","Múltiple","S/D","Colisión","S/D","S/D","S/D","S/D"
2016,5132,7/3/2016,"Domingo",0,12:30:00,,"0.0",2,"Transporte de Pasajeros,Peatón","Tucuman Y Callao",2,0,0,0,1,1,0,"-32.937861111111,-60.658944444444","Calle",,"ROSARIO","Rosario","S/D","S/D","II","Dentro","Urbana","S/D","S/D","Intersección","S/D","S/D","Diurna","S/D","S/D","Peatón","Atropello","S/D","S/D","S/D","S/D"
2016,5133,7/2/2016,"Sabado",0,23:30:00,,"0.0",2,"Taxi/Remis,Moto/Ciclomotor","Av. Battle y Ordoñez Y Buenos Aires",2,0,0,0,1,1,0,"-33.008805555556,-60.644666666667","Avenida",,"ROSARIO","Rosario","S/D","S/D","II","Dentro","Urbana","S/D","S/D","Intersección","S/D","S/D","Nocturna","S/D","S/D","S/D","Colisión","S/D","S/D","S/D","S/D"
2016,5134,7/6/2016,"Miercoles",0,6:20:00,"Ruta Nacional 11","684.0",1,"Camión"," ",1,0,0,0,0,1,0,"-29.809377, -60.273237","Ruta",11,"CALCHAQUÍ","Vera","Asfalto","Natural","XIX","Fuera","Rural","S/D","S/D","Recta","S/D","S/D","Nocturna","S/D","S/D","S/D","Vuelco","S/D","Horizontal","Línea divisoria pintada","S/D"
2016,5135,7/10/2016,"Domingo",0,7:10:00,,"0.0",2,"Moto/Ciclomotor,Automóvil","Balcarce Y Anchorena",3,1,1,0,1,0,0,,"Calle",,"ROSARIO","Rosario","Asfalto","No existe","II","Dentro","Urbana","S/D","S/D","Intersección","Bueno","Buena","Diurna","Buen Tiempo","Lateral","S/D","Colisión","S/D","S/D","S/D","S/D"
2016,5136,7/6/2016,"Miercoles",0,19:45:00,,"0.0",2,"Automóvil,Moto/Ciclomotor","3 de Febrero Y Sgto Cabral",2,1,0,0,1,0,0,,"Calle",,"ARROYO SECO","Rosario","Asfalto","S/D","II","Dentro","Urbana","Ninguna","S/D","Intersección","Con baches","S/D","Atardecer","Buen Tiempo","S/D","S/D","Colisión","S/D","Faltante","Ninguna","Sin restricción"
2016,5137,7/23/2016,"Sabado",0,21:00:00,,"0.0",2,"Automóvil,Automóvil","ND ",3,1,0,0,2,0,0,,"Avenida",,"ROSARIO","Rosario","Asfalto","S/D","II","Dentro","Urbana","Semáforo","S/D","Intersección","Bueno","Buena","Nocturna","Buen Tiempo","Lateral","S/D","Colisión","S/D","S/D","S/D","Sin restricción"
2016,5138,7/2/2016,"Sabado",0,10:00:00,,"0.0",2,"Peatón,Pickup/Utilitario","Galvez Y Sabatino Gaboto",2,0,1,0,0,0,1,,"Calle",,"ARROYO SECO","Rosario","Asfalto","No existe","II","S/D","Urbana","Ninguna","No existe","Recta","Bueno","Buena","Diurna","Buen Tiempo","De alcance","S/D","Atropello","S/D","Faltante","Ninguna","Sin restricción"
2016,5139,7/19/2016,"Martes",0,17:30:00,,"0.0",2,"Moto/Ciclomotor,Automóvil","H. Brandoni Y Mariano Moreno",2,1,0,0,1,0,0,,"Calle",,"ROSARIO","Rosario","Asfalto","S/D","VI","Dentro","Urbana","S/D","S/D","Intersección","Bueno","Buena","Diurna","Buen Tiempo","Lateral","S/D","Colisión","Ninguna","S/D","S/D","S/D"
2016,5140,8/27/2016,"Sabado",0,19:45:00,,"0.0",2,"Moto/Ciclomotor,Automóvil","Independencia Y J M Perez",2,1,0,0,1,0,0,,"Calle",,"SANTA FE","La Capital","Asfalto","Pavimento","I","Dentro","Urbana","Ninguna","No existe","Intersección","Bueno","Buena","Nocturna,Con luz artificial","Buen Tiempo","Lateral","S/D","Colisión","S/D","Faltante","Ninguna","Sin restricción"
2016,5141,7/3/2016,"Domingo",0,20:00:00,"Ruta Provincial 21","0.0",2,"Automóvil,Moto/Ciclomotor"," ",2,1,0,0,1,0,0,,"Ruta",21,"FIGHIERA","Rosario","Asfalto","Natural","II","Dentro","Urbana","Semáforo","Funciona","Intersección","Bueno","Buena","Nocturna,Con luz artificial","Buen Tiempo","Lateral","S/D","Colisión","Ninguna","Vertical","Ninguna","Sin restricción"
2016,5142,8/5/2016,"Viernes",0,14:50:00,,"0.0",2,"Moto/Ciclomotor,Automóvil","Monseñor Zaspe Y San Lorenzo",2,2,0,0,0,0,0,,"Calle",,"SANTA FE","La Capital","Asfalto","No existe","I","Dentro","Urbana","Ninguna","No existe","Intersección","Con baches","Buena","Diurna","Buen Tiempo","Lateral","S/D","Colisión","S/D","Faltante","Ninguna","Sin restricción"
2016,5143,7/16/2016,"Sabado",0,5:10:00,,"0.0",2,"Bicicleta,Otros","Av. Arijon Y Bv. Oroño",2,1,0,0,1,0,0,,"Avenida",,"ROSARIO","Rosario","Asfalto","S/D","VI","Dentro","Urbana","Semáforo","S/D","Intersección","Bueno","S/D","Amanecer","Buen Tiempo","S/D","Ciclista","Atropello","S/D","S/D","S/D","S/D"
2016,5144,8/5/2016,"Viernes",0,20:30:00,,"0.0",2,"Automóvil,Moto/Ciclomotor","Dr Zavalla Y 3 de Febrero",2,1,0,0,1,0,0,,"Calle",,"SANTA FE","La Capital","Asfalto","No existe","I","Dentro","Urbana","Ninguna","No existe","Intersección","Con baches","Buena","Nocturna","Buen Tiempo","Lateral","S/D","Colisión","S/D","Faltante","Ninguna","Sin restricción"
2016,5145,7/12/2016,"Martes",0,3:30:00,,"0.0",2,"Camión c / Acoplado,Camión c / Acoplado"," ",2,1,0,0,1,0,0,,"S/D",,"FIGHIERA","Rosario","Asfalto","Natural","II","Dentro","Rural","Ninguna","No existe","Recta","Bueno","Buena","Nocturna","Buen Tiempo","De alcance","S/D","Colisión","Ninguna","Horizontal","Vegetación","Sin restricción"
2016,5146,7/18/2016,"Lunes",0,10:20:00,,"0.0",2,"Automóvil,Pickup/Utilitario","Av. Arijon Y Santiago",2,1,0,0,1,0,0,,"Calle",,"ROSARIO","Rosario","Asfalto","No existe","II","Dentro","Urbana","S/D","No existe","Intersección","S/D","Buena","Diurna","Buen Tiempo","Lateral","S/D","Colisión","S/D","S/D","S/D","S/D"
2016,5147,8/8/2016,"Lunes",0,8:30:00,,"0.0",2,"Taxi/Remis,Automóvil","Av Freyre Y Moreno",2,1,0,0,1,0,0,,"Calle",,"SANTA FE","La Capital","Asfalto","No existe","I","Dentro","Urbana","Ninguna","No existe","Intersección","Con baches","Buena","Diurna","Buen Tiempo","De alcance","S/D","Colisión","S/D","Faltante","Ninguna","Sin restricción"
2016,5148,8/8/2016,"Lunes",0,20:45:00,,"0.0",2,"Bicicleta,Automóvil","Corrientes 3400",2,1,0,0,1,0,0,,"Calle",,"SANTA FE","La Capital","Asfalto","No existe","I","Dentro","Urbana","Ninguna","No existe","Recta","Con baches","Buena","Nocturna","Buen Tiempo","Lateral","Ciclista","Atropello","S/D","Faltante","Ninguna","Sin restricción"
2016,5149,7/3/2016,"Domingo",0,15:00:00,,"0.0",2,"Moto/Ciclomotor,Automóvil","Montevideo Y Larrea",2,1,0,0,1,0,0,,"Calle",,"ROSARIO","Rosario","Asfalto","S/D","II","Dentro","Urbana","S/D","S/D","Intersección","Bueno","Buena","Diurna","Buen Tiempo","Lateral","S/D","Colisión","S/D","S/D","S/D","S/D"
2016,5150,7/18/2016,"Lunes",0,19:13:00,,"0.0",2,"Moto/Ciclomotor,Automóvil","Madre Cabrini Y Mariano Moreno",2,1,0,0,1,0,0,,"Calle",,"ROSARIO","Rosario","Asfalto","No existe","VI","Dentro","Urbana","S/D","No existe","Intersección","Bueno","Buena","Diurna","Buen Tiempo","Lateral","S/D","Colisión","S/D","S/D","S/D","S/D"
2016,5151,8/10/2016,"Miercoles",0,16:30:00,,"0.0",2,"Moto/Ciclomotor,Automóvil","Francia Y Juan de Garay",2,1,0,0,1,0,0,,"Calle",,"SANTA FE","La Capital","Asfalto","No existe","I","Dentro","Urbana","Ninguna","No existe","Intersección","Con baches","Buena","Diurna","Buen Tiempo","Lateral","S/D","Colisión","S/D","Faltante","Ninguna","Sin restricción"
2016,5152,8/12/2016,"Viernes",0,17:00:00,,"0.0",2,"Automóvil,Automóvil","Intendente Manuel Irigoyen Y Av Circunvalación",2,1,0,0,1,0,0,,"Calle",,"SANTA FE","La Capital","Asfalto","No existe","I","Dentro","Urbana","Ninguna","No existe","Intersección","Con baches","Buena","Diurna","Buen Tiempo","Lateral","S/D","Colisión","S/D","Faltante","Ninguna","Sin restricción"
2016,5153,6/30/2016,"Jueves",0,10:30:00,,"0.0",4,"Automóvil,Pickup/Utilitario,Automóvil,Transporte de Pasajeros Urbano (> 8 asientos)","Bv. Segui Y Bv. Avellaneda",5,3,0,0,2,0,0,,"Avenida",,"ROSARIO","Rosario","Asfalto","Pavimento","II","Dentro","Urbana","Semáforo","Funciona","Recta","Bueno","Buena","Diurna","Buen Tiempo","Múltiple","S/D","Colisión","S/D","Faltante","Ninguna","Sin restricción"