"anio_acci","nro_acci","fecha","desc_dia","fecha_aprox","hora_aprox","desc_ruta","km","cant_participantes","desc_participante","calle_avenida_km","total","heridos_leves","heridos_graves","heridos_gravisimos","ilesos","fallecidos","sin_datos","posicion_XY","desc_tipo_via","desc_ruta_ori","desc_loc","desc_dpto","desc_tipo_calzada","desc_tipo_banquina","desc_unidad_regional","desc_lugar_calzada","desc_zona","desc_prioridad","desc_estado_semaforo","desc_lugar_via","desc_estado_via","desc_estado_visibilidad","desc_luminosidad","desc_estado_clima","desc_tipo_colision","desc_tipo_atropello","desc_tipo_hecho","desc_pres_calzada","desc_senializacion","desc_separacion_via","desc_restriccion"
2016,5154,7/9/2016,"Sabado",0,17:25:00,,"0.0",1,"Moto/Ciclomotor","San Juan Y Liniers",2,1,0,0,1,0,0,,"S/D",,"ROSARIO","Rosario","Asfalto","S/D","II","Dentro","Urbana","S/D","S/D","Intersección","Bueno","Buena","Atardecer","Buen Tiempo","Lateral","S/D","Colisión","S/D","S/D","S/D","S/D"
2016,5155,8/12/2016,"Viernes",0,11:00:00,"Ruta Nacional 11","0.0",2,"Moto/Ciclomotor,Automóvil"," ",2,1,0,0,1,0,0,,"Ruta",11,"SANTA FE","La Capital","Asfalto","No existe","I","Dentro","Urbana","Ninguna","No existe","Intersección","Bueno","Buena","Diurna","Buen Tiempo","De alcance","S/D","Colisión","S/D","Faltante","Ninguna","Sin restricción"
2016,5156,7/10/2016,"Domingo",0,19:30:00,,"0.0",2,"Automóvil,Automóvil","Av. Eva Peron Y Barra",3,1,0,0,2,0,0,,"Avenida",,"ROSARIO","Rosario","Asfalto","S/D","II","Dentro","Urbana","S/D","S/D","Recta","Bueno","Buena","Atardecer","Buen Tiempo","Frontal","S/D","Colisión","S/D","S/D","S/D","S/D"
2016,5157,8/12/2016,"Viernes",0,,,"0.0",2,"Moto/Ciclomotor,Moto/Ciclomotor","Juan de Garay Y Av Mosconi",2,1,0,0,1,0,0,,"Calle",,"SANTA FE","La Capital","Asfalto","No existe","I","Dentro","Urbana","Ninguna","No existe","Intersección","Con baches","Buena","Diurna","Buen Tiempo","Lateral","S/D","Colisión","S/D","S/D","Ninguna","Sin restricción"
2016,5158,6/6/2016,"Lunes",0,13:00:00,,"0.0",2,"Automóvil,Moto/Ciclomotor","24 De Setiembre Y Ricchieri",3,2,0,0,1,0,0,,"Calle",,"ROSARIO","Rosario","Asfalto","No existe","II","Dentro","Urbana","Ninguna","No existe","Intersección","Bueno","Buena","Diurna","Buen Tiempo","Contra objeto fijo","S/D","Colisión","Ninguna","Faltante","Cordón divisorio","Sin restricción"
2016,5159,8/16/2016,"Martes",0,,,"0.0",2,"Automóvil,Moto/Ciclomotor","Av Gral Lopez Y Francia",2,1,0,0,1,0,0,,"Calle",,"SANTA FE","La Capital","Asfalto","No existe","I","Dentro","Urbana","Ninguna","No existe","Intersección","Bueno","Buena","Diurna","Buen Tiempo","Lateral","S/D","Colisión","S/D","Faltante","Ninguna","Sin restricción"
2016,5160,7/17/2016,"Domingo",0,1:00:00,,"0.0",2,"Automóvil,Taxi/Remis","Barra Y Montevideo",2,1,0,0,1,0,0,,"Calle",,"ROSARIO","Rosario","Asfalto","S/D","II","S/D","Urbana","S/D","S/D","Intersección","Bueno","Buena","Nocturna","Buen Tiempo","Lateral","S/D","Colisión","S/D","S/D","S/D","S/D"
2016,5161,8/21/2016,"Domingo",0,15:00:00,,"0.0",3,"Automóvil,Transporte de Pasajeros (H/ 8 asientos),Moto/Ciclomotor"," ",3,1,0,0,2,0,0,,"Calle",,"SANTA FE","La Capital","Asfalto","No existe","I","Dentro","Urbana","Ninguna","No existe","Recta","Bueno","Buena","Diurna","Buen Tiempo","Lateral,Múltiple","S/D","Colisión","S/D","Faltante","Ninguna","Sin restricción"
2016,5162,7/21/2016,"Jueves",0,18:20:00,,"0.0",2,"Bicicleta,Transporte de Pasajeros Urbano (> 8 asientos)","Sancho Panza Y Bv. Oroño",2,1,0,0,1,0,0,,"Avenida",,"ROSARIO","Rosario","Asfalto","S/D","VI","Dentro","Urbana","S/D","S/D","Recta","Bueno","S/D","Atardecer","S/D","S/D","Ciclista","Atropello","S/D","S/D","S/D","S/D"
2016,5163,7/21/2016,"Jueves",0,20:00:00,,"0.0",2,"Bicicleta,Automóvil","Zuviria Y Barra",2,1,0,0,1,0,0,,"Calle",,"ROSARIO","Rosario","Asfalto","S/D","II","Dentro","Urbana","S/D","S/D","Intersección","Bueno","Buena","Atardecer","Buen Tiempo","S/D","S/D","Atropello","S/D","S/D","S/D","S/D"
2016,5164,8/23/2016,"Martes",0,18:30:00,,"0.0",1,"Peatón","Dr Zavalla 1500",2,1,0,0,1,0,0,,"Calle",,"SANTA FE","La Capital","Asfalto","No existe","I","Dentro","Urbana","Ninguna","Funciona","Recta","Con baches","Buena","Diurna","Buen Tiempo","De alcance","Peatón","Atropello","Ninguna","Faltante","Ninguna","Sin restricción"
2016,5165,7/21/2016,"Jueves",0,22:00:00,,"0.0",2,"Moto/Ciclomotor,Automóvil","Bv. Oroño 5600",3,2,0,0,1,0,0,,"Avenida",,"ROSARIO","Rosario","Asfalto","No existe","II","S/D","Urbana","S/D","S/D","Intersección","S/D","Buena","Nocturna","S/D","Lateral","S/D","Colisión","S/D","S/D","S/D","S/D"
2016,5166,8/23/2016,"Martes",0,20:30:00,,"0.0",2,"Automóvil,Moto/Ciclomotor","Av Freyre Y Monseñor Zaspe",2,1,0,0,1,0,0,,"Calle",,"SANTA FE","La Capital","Asfalto","No existe","I","Dentro","Urbana","Ninguna","No existe","Intersección","Con baches","Buena","Diurna","Buen Tiempo","Lateral","S/D","Colisión","S/D","Faltante","Ninguna","Sin restricción"
2016,5167,7/8/2016,"Viernes",0,16:45:00,,"0.0",2,"Automóvil,Moto/Ciclomotor","Pasco Y Iriondo",2,1,0,0,1,0,0,,"S/D",,"ROSARIO","Rosario","Asfalto","S/D","II","Dentro","Urbana","S/D","S/D","Recta","Bueno","Buena","Diurna","S/D","S/D","S/D","Colisión","S/D","S/D","S/D","S/D"
2016,5168,7/23/2016,"Sabado",0,15:30:00,,"0.0",2,"Automóvil,Moto/Ciclomotor","Bv. Oroño 6000",2,1,0,0,1,0,0,,"S/D",,"ROSARIO","Rosario","Asfalto","S/D","II","Dentro","Urbana","S/D","S/D","Otro","Bueno","Buena","Diurna","S/D","S/D","S/D","Colisión","S/D","S/D","S/D","S/D"
2016,5169,8/24/2016,"Miercoles",0,22:00:00,,"0.0",2,"Automóvil,Moto/Ciclomotor","Corrientes Y Dr Zavalla",2,1,0,0,1,0,0,,"Calle",,"SANTA FE","La Capital","Asfalto","No existe","I","Dentro","Urbana","Ninguna","No existe","Intersección","Con baches","Buena","Diurna","Buen Tiempo","Lateral","S/D","Colisión","S/D","Faltante","Ninguna","Sin restricción"
2016,5170,7/9/2016,"Sabado",0,11:40:00,,"0.0",2,"Automóvil,Moto/Ciclomotor","Pasco Y Iriondo",2,0,1,0,1,0,0,,"Calle",,"ROSARIO","Rosario","Asfalto","S/D","II","S/D","Urbana","S/D","S/D","Recta","Bueno","Buena","Diurna","S/D","S/D","S/D","Colisión","S/D","S/D","S/D","S/D"
2016,5171,7/10/2016,"Domingo",0,18:50:00,,"0.0",2,"Moto/Ciclomotor,Automóvil","Av. Ovidio Lagos 6600",3,1,0,0,2,0,0,,"Avenida",,"ROSARIO","Rosario","Asfalto","Pavimento","II","Dentro","Urbana","Ninguna","No existe","Recta","Bueno","Buena","Nocturna","Buen Tiempo","Lateral","S/D","Colisión","S/D","Horizontal","Cordón divisorio","Sin restricción"
2016,5172,8/20/2016,"Sabado",0,20:05:00,,"0.0",2,"Peatón,Automóvil","Uruguay 3169",2,1,0,0,1,0,0,,"Calle",,"SANTA FE","La Capital","Asfalto","No existe","I","Dentro","Urbana","Ninguna","No existe","Recta","Con baches","Buena","Diurna","Buen Tiempo","S/D","Peatón","Atropello","S/D","Faltante","Ninguna","Sin restricción"
2016,5173,8/29/2016,"Lunes",0,10:35:00,,"0.0",2,"Automóvil,Automóvil","Av Freyre 2010",2,1,0,0,1,0,0,,"Calle",,"SANTA FE","La Capital","Asfalto","No existe","I","Dentro","Urbana","Ninguna","No existe","Recta","Con baches","Buena","Diurna","Buen Tiempo","S/D","S/D","Colisión","S/D","Faltante","Ninguna","Sin restricción"
2016,5174,7/20/2016,"Miercoles",0,20:50:00,,"0.0",2,"Automóvil,Automóvil","Bv. Avellaneda 2700",3,0,0,0,1,0,2,,"Avenida",,"ROSARIO","Rosario","Asfalto","S/D","II","S/D","Urbana","S/D","S/D","Recta","Bueno","Buena","Diurna","S/D","S/D","S/D","Colisión","S/D","S/D","S/D","S/D"
2016,5175,7/27/2016,"Miercoles",0,17:00:00,,"0.0",2,"Automóvil,Automóvil","Hilarion de la Quintana Y Av. Francia",2,1,0,0,1,0,0,,"Avenida",,"ROSARIO","Rosario","Asfalto","Pavimento","II","Dentro","Urbana","Semáforo","Funciona","Intersección","Bueno","Buena","Diurna","Buen Tiempo","Frontal","S/D","Colisión","Ninguna","Vertical","Cordón divisorio","Sin restricción"
2016,5176,8/21/2016,"Domingo",0,18:25:00,,"0.0",2,"Automóvil,Moto/Ciclomotor","Bv Galvez ",4,2,0,0,1,0,1,,"Avenida",,"SANTA FE","La Capital","Asfalto","No existe","I","Dentro","Urbana","S/D","Funciona","Intersección","Bueno","S/D","Atardecer","S/D","Lateral","S/D","Colisión","S/D","S/D","Vegetación","S/D"
2016,5177,8/29/2016,"Lunes",0,9:10:00,,"0.0",2,"Moto/Ciclomotor,Automóvil","Uruguay Y Av Freyre",2,1,0,0,1,0,0,,"Calle",,"SANTA FE","La Capital","Asfalto","No existe","I","Dentro","Urbana","Ninguna","No existe","Intersección","Con baches","Buena","Diurna","Buen Tiempo","Lateral","S/D","Colisión","Ninguna","Faltante","Ninguna","Sin restricción"
2016,5178,7/30/2016,"Sabado",0,5:00:00,,"0.0",2,"Moto/Ciclomotor,Transporte de Pasajeros Urbano (> 8 asientos)","Av. Circunvalacion Y Av. Ovidio Lagos",2,1,0,0,1,0,0,,"Avenida",,"ROSARIO","Rosario","Asfalto","Pavimento","II","Dentro","Urbana","Semáforo","Funciona","Intersección","Bueno","Buena","Nocturna","Buen Tiempo","Lateral","S/D","Colisión","Ninguna","Vertical","Cordón divisorio","S/D"
2016,5179,8/30/2016,"Martes",0,10:00:00,,"0.0",2,"Moto/Ciclomotor,Automóvil","Uruguay Y Av Freyre",2,1,0,0,1,0,0,,"Calle",,"SANTA FE","La Capital","Asfalto","No existe","I","Dentro","Urbana","Ninguna","No existe","Intersección","Con baches","Buena","Diurna","Buen Tiempo","Lateral","S/D","Colisión","S/D","Faltante","Ninguna","Sin restricción"
2016,5180,7/30/2016,"Sabado",0,11:50:00,,"0.0",1,"Moto/Ciclomotor","Av. Francia Y Av. Ntra.Sra.del Rosario",3,2,0,0,1,0,0,,"Avenida",,"ROSARIO","Rosario","Asfalto","Pavimento","II","Dentro","Urbana","Semáforo","Funciona","Intersección","Bueno","Buena","Diurna","Buen Tiempo","Frontal","S/D","Colisión","S/D","Vertical","Cordón divisorio","Sin restricción"
2016,5181,8/30/2016,"Martes",0,10:50:00,,"0.0",2,"Pickup/Utilitario,Automóvil","Av Mosconi Y Monseñor Zaspe",2,1,0,0,1,0,0,,"Calle",,"SANTA FE","La Capital","Asfalto","No existe","I","Dentro","Urbana","Ninguna","No existe","Intersección","Bueno","Buena","Diurna","Buen Tiempo","Lateral","S/D","Colisión","S/D","Faltante","Ninguna","Sin restricción"
2016,5182,8/22/2016,"Lunes",0,15:20:00,,"0.0",2,"Automóvil,Moto/Ciclomotor","Dorrego Y Av Leandro Alem",2,1,0,0,1,0,0,,"Avenida",,"SANTA FE","La Capital","Asfalto","No existe","I","Dentro","Urbana","S/D","S/D","Intersección","Bueno","S/D","Diurna","S/D","Lateral","S/D","Colisión","S/D","S/D","S/D","S/D"
2016,5183,8/31/2016,"Miercoles",0,14:20:00,,"0.0",2,"Moto/Ciclomotor,Automóvil","Av Urquiza Y 3 de Febrero",2,1,0,0,1,0,0,,"Calle",,"SANTA FE","La Capital","Asfalto","No existe","I","Dentro","Urbana","Ninguna","No existe","Intersección","Con baches","Buena","Diurna","Buen Tiempo","Lateral","S/D","Colisión","S/D","Faltante","Ninguna","Sin restricción"
2016,5184,8/23/2016,"Martes",0,15:40:00,,"0.0",1,"Moto/Ciclomotor","Sarmiento Y Av Leandro Alem",2,1,0,0,0,0,1,,"Calle",,"SANTA FE","La Capital","Asfalto","No existe","I","S/D","Urbana","S/D","Funciona","Intersección","Bueno","S/D","Diurna","S/D","S/D","S/D","Despiste","S/D","S/D","S/D","S/D"
2016,5185,8/31/2016,"Miercoles",0,11:50:00,,"0.0",2,"Bicicleta,Moto/Ciclomotor","Juan Diaz de Solis Y Corrientes",2,1,0,0,1,0,0,,"Calle",,"SANTA FE","La Capital","Asfalto","No existe","I","Dentro","Urbana","Ninguna","No existe","Intersección","Con baches","Buena","Diurna","Buen Tiempo","Lateral","Ciclista","Atropello","S/D","Faltante","Ninguna","Sin restricción"
2016,5186,8/23/2016,"Martes",0,17:45:00,,"0.0",2,"Pickup/Utilitario,Pickup/Utilitario","Velez Sarsfield Y Iturraspe",3,1,0,0,2,0,0,,"Calle",,"SANTA FE","La Capital","Asfalto","No existe","I","S/D","Urbana","S/D","No existe","Intersección","Bueno","S/D","Diurna","S/D","Lateral","S/D","Colisión","S/D","S/D","Vegetación","Sin restricción"
2016,5187,8/31/2016,"Miercoles",0,11:50:00,,"0.0",2,"Moto/Ciclomotor,Automóvil","Francia Y Uruguay",2,1,0,0,1,0,0,,"Calle",,"SANTA FE","La Capital","Asfalto","No existe","I","Dentro","Urbana","Ninguna","No existe","Intersección","Con baches","Buena","Diurna","Buen Tiempo","Lateral","S/D","Colisión","S/D","Faltante","Ninguna","Sin restricción"
2016,5188,8/27/2016,"Sabado",0,17:50:00,,"0.0",2,"Automóvil,Automóvil","Juan Del Campillo Y Huella",2,1,0,0,1,0,0,,"Calle",,"SANTA FE","La Capital","Asfalto","No existe","I","Dentro","Urbana","S/D","No existe","Intersección","Bueno","S/D","Diurna","S/D","S/D","S/D","Colisión","S/D","S/D","S/D","S/D"
2016,5189,7/27/2016,"Miercoles",0,14:17:00,,"0.0",1,"Transporte de Pasajeros Urbano (> 8 asientos)","Av. Ovidio Lagos Y Av. Circunvalacion",2,1,0,0,1,0,0,,"Avenida",,"ROSARIO","Rosario","Asfalto","Pavimento","II","Dentro","Urbana","Semáforo","Funciona","Intersección","Bueno","Buena","Diurna","Buen Tiempo","S/D","S/D","Caída ocupante","Ninguna","Vertical","Cordón divisorio","Sin restricción"
2016,5190,8/27/2016,"Sabado",0,1:25:00,,"0.0",2,"Automóvil,Moto/Ciclomotor","Bv Galvez Y Dorrego",2,1,0,0,1,0,0,,"Calle",,"SANTA FE","La Capital","Asfalto","No existe","I","Dentro","Urbana","S/D","Funciona","Intersección","Bueno","S/D","Nocturna","S/D","Lateral","S/D","Colisión","S/D","S/D","Vegetación","Sin restricción"
2016,5191,8/22/2016,"Lunes",0,13:13:00,,"0.0",2,"Peatón,Transporte de Pasajeros Urbano (> 8 asientos)","Av A del Valle 6200",2,1,0,0,0,0,1,,"Avenida",,"SANTA FE","La Capital","Asfalto","S/D","I","Dentro","Urbana","Ninguna","S/D","Recta","Bueno","S/D","Diurna","Buen Tiempo","De alcance","S/D","Atropello","Ninguna","Horizontal","Cordón divisorio","Sin restricción"
2016,5192,8/26/2016,"Viernes",0,14:18:00,,"0.0",2,"Moto/Ciclomotor,Automóvil"," ",2,1,0,0,1,0,0,,"Calle",,"SANTA FE","La Capital","Hormigón","No existe","I","Dentro","Urbana","S/D","No existe","Curva","Bueno","S/D","Diurna","S/D","Lateral","S/D","Colisión","S/D","S/D","S/D","S/D"
2016,5193,8/25/2016,"Jueves",0,11:55:00,,"0.0",2,"Peatón,Transporte de Pasajeros Urbano (> 8 asientos)","Maipu Y Guemes",2,1,0,0,1,0,0,,"Calle",,"SANTA FE","La Capital","Asfalto","No existe","I","Dentro","Urbana","S/D","No existe","Intersección","Bueno","Buena","Diurna","S/D","S/D","Peatón","Atropello","S/D","S/D","Línea divisoria pintada","Sin restricción"
2016,5194,8/24/2016,"Miercoles",0,12:20:00,,"0.0",2,"Automóvil,Moto/Ciclomotor","Av A del Valle Y Salvador del Carril",2,1,0,0,1,0,0,,"Avenida",,"SANTA FE","La Capital","Asfalto","No existe","I","Dentro","Urbana","Semáforo","Funciona","Intersección","Bueno","Buena","Diurna","Buen Tiempo","Lateral","S/D","Colisión","Ninguna","Vertical","Cordón divisorio","Sin restricción"
2016,5195,8/12/2016,"Viernes",0,14:10:00,,"0.0",2,"Automóvil,Automóvil","Ituzaingo 1854",2,1,0,0,1,0,0,,"Calle",,"SANTA FE","La Capital","Asfalto","No existe","I","Dentro","Urbana","S/D","S/D","Recta","Bueno","Buena","Diurna","S/D","Lateral","S/D","Colisión","S/D","S/D","Ninguna","S/D"
2016,5196,7/29/2016,"Viernes",0,18:00:00,,"0.0",2,"Automóvil,Moto/Ciclomotor","Bv. 27 De Febrero Y Cullen",2,2,0,0,0,0,0,,"Avenida",,"ROSARIO","Rosario","Asfalto","S/D","II","S/D","Urbana","S/D","No existe","Intersección","S/D","S/D","Atardecer","S/D","S/D","S/D","Colisión","S/D","S/D","Ninguna","S/D"
2016,5197,8/29/2016,"Lunes",0,11:05:00,,"0.0",2,"Moto/Ciclomotor,Automóvil","Av Facundo Zuviria Y Pedro Ferre",2,1,0,0,1,0,0,,"Avenida",,"SANTA FE","La Capital","Asfalto","No existe","I","Dentro","Urbana","Semáforo","Funciona","Intersección","Bueno","Buena","Diurna","Buen Tiempo","De alcance","S/D","Colisión","Ninguna","Vertical","Cordón divisorio","Sin restricción"
2016,5198,8/11/2016,"Jueves",0,12:15:00,,"0.0",2,"Automóvil,Bicicleta","Santiago del Estero Y Bv Galvez",2,1,0,0,1,0,0,,"Calle",,"SANTA FE","La Capital","Asfalto","No existe","I","Dentro","Urbana","S/D","Funciona","Intersección","Bueno","Buena","Diurna","S/D","S/D","Ciclista","Atropello","S/D","S/D","Vegetación","S/D"
2016,5199,7/26/2016,"Martes",0,12:40:00,,"0.0",2,"Automóvil,Automóvil","Av. Provincias Unidas ",4,2,0,0,0,0,2,,"Calle",,"ROSARIO","Rosario","S/D","S/D","II","S/D","Urbana","S/D","Intermitente","Intersección","S/D","S/D","Diurna","S/D","S/D","S/D","Colisión","S/D","S/D","Cordón divisorio","S/D"
2016,5200,8/26/2016,"Viernes",0,9:30:00,,"0.0",2,"Automóvil,Moto/Ciclomotor","Risso Y 1ro de Mayo",4,1,0,0,3,0,0,,"Calle",,"SANTA FE","La Capital","Asfalto","No existe","II","Dentro","Urbana","Ninguna","No existe","Intersección","Bueno","Buena","Diurna","Buen Tiempo","Lateral","S/D","Colisión","Ninguna","Faltante","Cordón divisorio","Sin restricción"
2016,5201,8/4/2016,"Jueves",0,,,"0.0",2,"Automóvil,Pickup/Utilitario","Bv Muttis Y Av 7 Jefes",2,1,0,0,1,0,0,,"Calle",,"SANTA FE","La Capital","Asfalto","No existe","I","Dentro","Urbana","S/D","No existe","Intersección","Bueno","S/D","S/D","S/D","Lateral","S/D","Colisión","S/D","S/D","Cordón divisorio","S/D"
2016,5202,8/3/2016,"Miercoles",0,,,"0.0",2,"Moto/Ciclomotor,Peatón","Alberdi Y Domingo Silva",2,1,0,0,1,0,0,,"Calle",,"SANTA FE","La Capital","Asfalto","No existe","I","Dentro","Urbana","S/D","No existe","Intersección","Bueno","S/D","S/D","S/D","S/D","Peatón","Atropello","S/D","S/D","Ninguna","S/D"
2016,5203,7/23/2016,"Sabado",0,16:00:00,,"0.0",2,"Automóvil,Moto/Ciclomotor","Av. Pte.Peron Y Av. Provincias Unidas",3,1,0,0,0,0,2,,"Avenida",,"ROSARIO","Rosario","Hormigón","No existe","II","S/D","Urbana","S/D","Funciona","Intersección","S/D","S/D","Diurna","S/D","S/D","S/D","Colisión","S/D","S/D","Cordón divisorio","S/D"
2016,5204,8/27/2016,"Sabado",0,21:00:00,,"0.0",2,"Moto/Ciclomotor,Automóvil","Av A del Valle Y Luciano Torrent",2,1,0,0,1,0,0,,"Avenida",,"SANTA FE","La Capital","Asfalto","No existe","I","Dentro","Urbana","Semáforo","Funciona","Intersección","Bueno","Buena","Nocturna,Con luz artificial","Buen Tiempo","Lateral","S/D","Colisión","Ninguna","Vertical","Cordón divisorio","Sin restricción"
2016,5205,8/15/2016,"Lunes",0,19:30:00,,"0.0",2,"Automóvil,Pickup/Utilitario"," ",2,1,0,0,1,0,0,,"Calle",,"SANTA FE","La Capital","Hormigón","No existe","I","Dentro","Urbana","S/D","No existe","Curva","Bueno","Buena","Atardecer","S/D","Lateral","S/D","Colisión","S/D","S/D","Cordón divisorio","S/D"
2016,5206,8/15/2016,"Lunes",0,13:30:00,,"0.0",2,"Automóvil,Moto/Ciclomotor","Av Almte Brown 3800",2,1,0,0,1,0,0,,"Calle",,"SANTA FE","La Capital","Asfalto","No existe","I","Dentro","Urbana","S/D","No existe","Intersección","Bueno","S/D","Diurna","S/D","Lateral","S/D","Colisión","S/D","S/D","Cordón divisorio","S/D"
2016,5207,8/28/2016,"Domingo",0,6:30:00,,"0.0",2,"Moto/Ciclomotor,Automóvil","Pedro Alejandro Vittori Y Domingo Silva",2,1,0,0,1,0,0,,"Calle",,"SANTA FE","La Capital","Asfalto","No existe","I","Dentro","Urbana","Otra Señal","No existe","Intersección","Bueno","Buena","Diurna","Buen Tiempo","Lateral","S/D","Colisión","Ninguna","Horizontal","Cordón divisorio","Sin restricción"
2016,5208,7/21/2016,"Jueves",0,15:10:00,,"0.0",2,"Moto/Ciclomotor,Camión Chasis","Av. Circunvalacion Y Bv. 27 De Febrero",2,1,0,0,0,0,1,,"Avenida",,"ROSARIO","Rosario","Asfalto","Natural","II","Dentro","Urbana","Ninguna","Funciona","Intersección","Bueno","Buena","Diurna","Buen Tiempo","S/D","S/D","Colisión","Ninguna","S/D","Ninguna","Sin restricción"
2016,5209,8/18/2016,"Jueves",0,9:00:00,,"0.0",2,"Automóvil,Bicicleta","Ituzaingo 1900",2,1,0,0,1,0,0,,"Calle",,"SANTA FE","La Capital","Asfalto","No existe","I","Dentro","Urbana","S/D","S/D","Intersección","Bueno","Buena","Diurna","S/D","S/D","Ciclista","Atropello","S/D","S/D","S/D","S/D"
2016,5210,7/21/2016,"Jueves",0,,,"0.0",2,"Automóvil,Automóvil","Santa Fe 7900",2,1,0,0,0,0,1,,"Calle",,"ROSARIO","Rosario","Asfalto","No existe","II","S/D","Urbana","Ninguna","No existe","Intersección","Con baches","S/D","S/D","S/D","S/D","S/D","Colisión","Agua","S/D","Cordón divisorio","S/D"
2016,5211,8/19/2016,"Viernes",0,16:30:00,,"0.0",2,"Moto/Ciclomotor,Peatón","Av Facundo Zuviria Y Llerena",2,0,1,0,1,0,0,,"Calle",,"SANTA FE","La Capital","Asfalto","Pavimento","I","Dentro","Urbana","Semáforo","Funciona","Intersección","Bueno","Buena","Diurna","Buen Tiempo","S/D","Peatón","Atropello","S/D","Vertical","Barrera de hormigón","Sin restricción"
2016,5212,8/29/2016,"Lunes",0,17:30:00,,"0.0",2,"Automóvil,Automóvil","Iturraspe Y Av Pte Peron",5,2,0,0,2,0,1,,"Avenida",,"SANTA FE","La Capital","Asfalto","Pavimento","I","S/D","Urbana","Semáforo","Funciona","Recta","Bueno","Buena","Diurna","Buen Tiempo","De alcance","S/D","Colisión","Otro","Horizontal","Cordón divisorio","Sin restricción"
2016,5213,8/17/2016,"Miercoles",0,2:00:00,,"0.0",2,"Automóvil,Automóvil","Av Lopez y Planes Y Fray C Rodriguez",2,2,0,0,0,0,0,,"Avenida",,"SANTA FE","La Capital","Asfalto","No existe","I","Dentro","Urbana","Semáforo","Intermitente","Intersección","Bueno","Reducida","Nocturna","S/D","Lateral","S/D","Colisión","S/D","Horizontal,Vertical","Cordón divisorio","S/D"
2016,5214,8/1/2016,"Lunes",0,15:50:00,,"0.0",2,"Moto/Ciclomotor,Automóvil","Av Freyre Y Santiago del Estero",2,1,0,0,1,0,0,,"Calle",,"SANTA FE","La Capital","Asfalto","Natural","I","Dentro","Urbana","Ninguna","No existe","Intersección","Bueno","Buena","Diurna","Buen Tiempo","S/D","S/D","Colisión","S/D","Horizontal","Ninguna","Sin restricción"
2016,5215,7/21/2016,"Jueves",0,17:15:00,,"0.0",2,"Bicicleta,Otros","ESTADOS UNIDOS ",2,1,0,0,0,0,1,,"Calle",,"ROSARIO","Rosario","Hormigón","No existe","II","Dentro","Urbana","S/D","No existe","Recta","S/D","S/D","Diurna","S/D","S/D","Ciclista","Atropello","S/D","S/D","S/D","S/D"
2016,5216,7/1/2016,"Viernes",0,12:10:00,,"0.0",2,"Automóvil,Moto/Ciclomotor","Lamadrid Y Pje Falucho",3,1,0,0,0,0,2,,"Calle",,"SANTA FE","La Capital","Asfalto","Natural","I","Dentro","Urbana","Ninguna","No existe","Intersección","Bueno","Buena","Diurna","Buen Tiempo","Lateral","S/D","Colisión","S/D","Horizontal","Ninguna","Sin restricción"
2016,5217,8/14/2016,"Domingo",0,0:06:00,,"0.0",2,"Moto/Ciclomotor,Otros","Av Blas Parera 5100",3,1,0,0,0,0,2,,"Avenida",,"SANTA FE","La Capital","Asfalto","No existe","I","S/D","Urbana","S/D","Intermitente","Recta","S/D","Reducida","Nocturna","S/D","Lateral","S/D","Colisión","S/D","Horizontal,Vertical","Cordón divisorio","S/D"
2016,5218,8/13/2016,"Sabado",0,8:30:00,,"0.0",2,"Automóvil,Bicicleta","Av Pte Peron Y Artigas",2,1,0,0,1,0,0,,"Calle",,"SANTA FE","La Capital","Asfalto","Pavimento","I","Dentro","Urbana","Semáforo","Funciona","Recta","Bueno","Buena","Diurna","Buen Tiempo","S/D","Ciclista","Atropello","Ninguna","Horizontal","Cordón divisorio","Sin restricción"
2016,5219,8/2/2016,"Martes",0,20:50:00,,"0.0",2,"Moto/Ciclomotor,Automóvil","Bv Pellegrini Y Av Urquiza",2,1,0,0,0,0,1,,"Calle",,"SANTA FE","La Capital","Asfalto","Natural","I","Dentro","Urbana","Ninguna","No existe","Intersección","Bueno","Buena","Nocturna","Buen Tiempo","S/D","S/D","Colisión","S/D","Vertical","Ninguna","Sin restricción"
2016,5220,8/3/2016,"Miercoles",0,8:20:00,,"0.0",2,"Automóvil,Automóvil","La Rioja Y San Jose",2,1,0,0,0,0,1,,"Calle",,"SANTA FE","La Capital","Asfalto","No existe","I","Dentro","Urbana","Ninguna","No existe","Intersección","Bueno","Buena","Diurna","Buen Tiempo","S/D","S/D","Colisión","S/D","Vertical","Ninguna","Sin restricción"
2016,5221,8/18/2016,"Jueves",0,17:00:00,,"0.0",2,"Automóvil,Moto/Ciclomotor","Av Pte Peron Y Bolivia",3,1,0,0,2,0,0,,"Calle",,"SANTA FE","La Capital","Asfalto","Natural","I","Dentro","Urbana","Semáforo","Funciona","Recta","Deteriorada","Buena","Diurna","Buen Tiempo","Frontal","S/D","Colisión","Otro","Vertical","Ninguna","Sin restricción"
2016,5222,8/13/2016,"Sabado",0,22:30:00,,"0.0",2,"Moto/Ciclomotor,Moto/Ciclomotor","Av Gral Lopez Y Av Lopez y Planes",2,0,0,0,0,0,2,,"Avenida",,"SANTA FE","La Capital","Asfalto","No existe","I","Dentro","Urbana","Semáforo","Funciona","Intersección","S/D","S/D","S/D","S/D","Lateral","S/D","Colisión","S/D","Horizontal,Vertical","Cordón divisorio","S/D"