"anio_acci","nro_acci","fecha","desc_dia","fecha_aprox","hora_aprox","desc_ruta","km","cant_participantes","desc_participante","calle_avenida_km","total","heridos_leves","heridos_graves","heridos_gravisimos","ilesos","fallecidos","sin_datos","posicion_XY","desc_tipo_via","desc_ruta_ori","desc_loc","desc_dpto","desc_tipo_calzada","desc_tipo_banquina","desc_unidad_regional","desc_lugar_calzada","desc_zona","desc_prioridad","desc_estado_semaforo","desc_lugar_via","desc_estado_via","desc_estado_visibilidad","desc_luminosidad","desc_estado_clima","desc_tipo_colision","desc_tipo_atropello","desc_tipo_hecho","desc_pres_calzada","desc_senializacion","desc_separacion_via","desc_restriccion"
2016,5223,8/13/2016,"Sabado",0,8:30:00,,"0.0",2,"Moto/Ciclomotor,Automóvil","Av Freyre Y Intendente Manuel Irigoyen",2,1,0,0,1,0,0,,"Calle",,"SANTA FE","La Capital","Asfalto","No existe","I","Dentro","Urbana","Ninguna","No existe","Intersección","Bueno","Buena","Diurna","Buen Tiempo","S/D","S/D","Colisión","S/D","S/D","Ninguna","Sin restricción"
2016,5224,8/3/2016,"Miercoles",0,10:00:00,,"0.0",2,"Moto/Ciclomotor,Automóvil","Av Freyre 2400",2,1,0,0,1,0,0,,"Calle",,"SANTA FE","La Capital","Asfalto","No existe","I","Dentro","Urbana","Ninguna","No existe","Recta","Bueno","Buena","Diurna","Buen Tiempo","S/D","S/D","Colisión","S/D","S/D","Ninguna","Sin restricción"
2016,5225,8/11/2016,"Jueves",0,10:20:00,,"0.0",2,"Automóvil,Moto/Ciclomotor","Cochabamba Y Artigas",3,0,0,0,0,0,3,,"Calle",,"SANTA FE","La Capital","Asfalto","No existe","I","Dentro","Urbana","S/D","No existe","Intersección","S/D","Buena","Diurna","S/D","Lateral","S/D","Colisión","S/D","Faltante","Cordón divisorio","S/D"
2016,5226,8/3/2016,"Miercoles",0,14:30:00,,"0.0",2,"Moto/Ciclomotor,Moto/Ciclomotor","Suipacha 4000",2,1,0,0,1,0,0,,"Calle",,"SANTA FE","La Capital","Asfalto","No existe","I","Dentro","Urbana","Ninguna","No existe","Recta","Bueno","Buena","Diurna","Buen Tiempo","Lateral","S/D","Colisión","Ninguna","Faltante","Cordón divisorio","Sin restricción"
2016,5227,8/10/2016,"Miercoles",0,11:10:00,,"0.0",2,"Pickup/Utilitario,Moto/Ciclomotor","Av Pte Peron Y Iturraspe",2,0,0,0,0,0,2,,"Calle",,"SANTA FE","La Capital","Asfalto","No existe","I","S/D","Urbana","S/D","Funciona","Intersección","Bueno","Buena","Diurna","S/D","Lateral","S/D","Colisión","S/D","Horizontal,Vertical","Cordón divisorio","S/D"
2016,5228,8/3/2016,"Miercoles",0,16:30:00,,"0.0",2,"Moto/Ciclomotor,Automóvil","Av Freyre Y Salta",2,1,0,0,0,0,1,,"Calle",,"SANTA FE","La Capital","Asfalto","No existe","I","Dentro","Urbana","Ninguna","No existe","Intersección","Bueno","Buena","Diurna","Buen Tiempo","S/D","S/D","Colisión","S/D","S/D","Ninguna","Sin restricción"
2016,5229,8/8/2016,"Lunes",0,19:20:00,,"0.0",1,"Automóvil","1ro de Mayo Y J P Lopez",2,1,0,0,0,0,1,,"Calle",,"SANTA FE","La Capital","Asfalto","No existe","I","Dentro","Urbana","Ninguna","No existe","Recta","Bueno","Buena","Atardecer","Buen Tiempo","Lateral","S/D","Colisión","Ninguna","Horizontal","Cordón divisorio","Sin restricción"
2016,5230,8/9/2016,"Martes",0,14:25:00,,"0.0",2,"Pickup/Utilitario,Moto/Ciclomotor","Av Blas Parera Y Derqui",2,1,0,0,1,0,0,,"Avenida",,"SANTA FE","La Capital","Asfalto","No existe","I","Dentro","Urbana","S/D","Funciona","Intersección","Ahuellamiento","Buena","Diurna","S/D","Lateral","S/D","Colisión","S/D","S/D","Cordón divisorio","Sin restricción"
2016,5231,8/3/2016,"Miercoles",0,17:45:00,,"0.0",2,"Automóvil,Automóvil","Hipolito Yrigoyen 3800",2,1,0,0,1,0,0,,"Calle",,"SANTA FE","La Capital","Asfalto","S/D","I","Dentro","Urbana","Ninguna","S/D","Recta","Bueno","Buena","Diurna","Buen Tiempo","S/D","S/D","Colisión","S/D","Horizontal","Ninguna","Sin restricción"
2016,5232,8/8/2016,"Lunes",0,17:50:00,,"0.0",2,"Moto/Ciclomotor,Automóvil","Av Freyre Y Junin",2,1,0,0,1,0,0,,"Calle",,"SANTA FE","La Capital","Asfalto","No existe","I","Dentro","Urbana","Ninguna","No existe","Intersección","Bueno","Buena","Diurna","S/D","S/D","S/D","Colisión","S/D","S/D","Ninguna","Sin restricción"
2016,5233,8/9/2016,"Martes",0,10:20:00,,"0.0",2,"Automóvil,Moto/Ciclomotor","Av Blas Parera Y Gorostiaga",2,1,0,0,1,0,0,,"Avenida",,"SANTA FE","La Capital","Asfalto","No existe","I","S/D","Urbana","S/D","No funciona","Intersección","Bueno","Buena","Diurna","S/D","Lateral","S/D","Colisión","S/D","S/D","Cordón divisorio","S/D"
2016,5234,8/8/2016,"Lunes",0,17:30:00,,"0.0",2,"Automóvil,Moto/Ciclomotor","Av Peñaloza Y Derqui",2,1,0,0,0,0,1,,"Avenida",,"SANTA FE","La Capital","Hormigón","No existe","I","Dentro","Urbana","S/D","S/D","Intersección","Deteriorada","S/D","S/D","S/D","Lateral","S/D","Colisión","S/D","S/D","Cordón divisorio","S/D"
2016,5235,8/4/2016,"Jueves",0,21:40:00,,"0.0",2,"Automóvil,Moto/Ciclomotor","Av Lopez y Planes Y Pedro Centeno",2,1,0,0,1,0,0,,"Avenida",,"SANTA FE","La Capital","Asfalto","No existe","I","Dentro","Urbana","S/D","Funciona","Intersección","Bueno","Reducida","Nocturna","S/D","Lateral","S/D","Colisión","S/D","S/D","Cordón divisorio","S/D"
2016,5236,8/4/2016,"Jueves",0,17:45:00,,"0.0",2,"Pickup/Utilitario,Bicicleta","Ecuador Y Brasil",2,1,0,0,1,0,0,,"Calle",,"SANTA FE","La Capital","Asfalto,Hormigón","S/D","I","Dentro","Urbana","S/D","S/D","Intersección","Bueno","S/D","S/D","S/D","S/D","Ciclista","Atropello","S/D","S/D","Cordón divisorio","S/D"
2016,5237,8/19/2016,"Viernes",0,19:30:00,,"0.0",2,"Automóvil,Moto/Ciclomotor","Av Blas Parera Y Derqui",2,0,0,0,0,0,2,,"Calle",,"SANTA FE","La Capital","Asfalto","No existe","I","Dentro","Urbana","Semáforo","Funciona","Intersección","Bueno","Reducida","Atardecer","S/D","Lateral","S/D","Colisión","S/D","Horizontal,Vertical","Cordón divisorio","Sin restricción"
2016,5238,8/18/2016,"Jueves",0,16:45:00,,"0.0",2,"Automóvil,Bicicleta","Av Peñaloza 5640",2,0,0,0,0,0,2,,"Avenida",,"SANTA FE","La Capital","Asfalto","No existe","I","Dentro","Urbana","Ninguna","No existe","Recta","Bueno","Buena","Diurna","S/D","S/D","Ciclista","Atropello","S/D","Faltante","Cordón divisorio","Sin restricción"
2016,5239,8/17/2016,"Miercoles",0,12:30:00,,"0.0",2,"Pickup/Utilitario,Moto/Ciclomotor","Av Blas Parera Y Martin Zapata",2,1,0,0,0,0,1,,"Avenida",,"SANTA FE","La Capital","Asfalto","No existe","I","Dentro","Urbana","S/D","S/D","Intersección","Bueno","S/D","S/D","S/D","Lateral","S/D","Colisión","S/D","Faltante","Cordón divisorio","S/D"
2016,5240,8/17/2016,"Miercoles",0,10:00:00,,"0.0",2,"Pickup/Utilitario,Moto/Ciclomotor","Av Blas Parera Y Derqui",2,0,0,0,0,0,2,,"Avenida",,"SANTA FE","La Capital","Asfalto","No existe","I","Dentro","Urbana","Semáforo","Funciona","Intersección","Bueno","Buena","Diurna","S/D","Lateral","S/D","Colisión","S/D","Horizontal,Vertical","Cordón divisorio","Sin restricción"
2016,5241,1/1/2016,"Viernes",0,6:00:00,,"0.0",1,"Moto/Ciclomotor","Av Peñaloza Y Llerena",2,1,0,0,1,0,0,,"Avenida",,"SANTA FE","La Capital","Asfalto","No existe","I","Dentro","Urbana","S/D","No existe","Intersección","Bueno","Reducida","Amanecer","S/D","S/D","S/D","Otro","S/D","S/D","Cordón divisorio","S/D"
2016,5242,8/1/2016,"Lunes",0,20:00:00,,"0.0",2,"Pickup/Utilitario,Moto/Ciclomotor","Ecuador Y Cochabamba",2,1,0,0,0,0,1,,"Calle",,"SANTA FE","La Capital","Asfalto","No existe","I","S/D","Urbana","S/D","No existe","Intersección","Con baches","Reducida","Nocturna","S/D","S/D","S/D","Colisión","S/D","S/D","Cordón divisorio","S/D"
2016,5243,8/2/2016,"Martes",0,10:20:00,,"0.0",2,"Camión,Moto/Ciclomotor","Fray C Rodriguez Y La Paz",2,1,0,0,0,0,1,,"Avenida",,"SANTA FE","La Capital","Asfalto,Hormigón","No existe","I","S/D","Urbana","S/D","No existe","Intersección","Deteriorada,Ahuellamiento","Buena","Diurna","S/D","Lateral","S/D","Colisión","S/D","S/D","Cordón divisorio","S/D"
2016,5244,8/3/2016,"Miercoles",0,11:20:00,,"0.0",2,"Automóvil,Camión","Derqui 3800",3,2,0,0,1,0,0,,"Calle",,"SANTA FE","La Capital","Asfalto","No existe","I","S/D","Urbana","S/D","No existe","Recta","Con baches,Deteriorada","Buena","Diurna","S/D","De alcance","S/D","Colisión","S/D","Faltante","Cordón divisorio","S/D"
2016,5245,8/3/2016,"Miercoles",0,19:10:00,,"0.0",2,"Automóvil,Moto/Ciclomotor","Francia Y Domingo Silva",3,2,0,0,1,0,0,,"Calle",,"SANTA FE","La Capital","Asfalto","No existe","I","Dentro","Urbana","S/D","Funciona","Intersección","Bueno","Reducida","Atardecer","S/D","Lateral","S/D","Colisión","S/D","S/D","Cordón divisorio","S/D"
2016,5246,8/3/2016,"Miercoles",0,11:30:00,,"0.0",2,"Moto/Ciclomotor,Automóvil","Zavalia Y Independencia",2,1,0,0,1,0,0,,"Calle",,"SANTA FE","La Capital","Asfalto","Pavimento","I","Dentro","Urbana","Ninguna","No existe","Intersección","Bueno","Buena","Diurna","Buen Tiempo","Lateral","S/D","Colisión","Ninguna","Faltante","Ninguna","Sin restricción"
2016,5247,8/20/2016,"Sabado",0,21:40:00,,"0.0",2,"Moto/Ciclomotor,Automóvil","Independencia Y Zavalia",2,1,0,0,1,0,0,,"Calle",,"SANTA FE","La Capital","Asfalto","Pavimento","I","Dentro","Urbana","Ninguna","No existe","Intersección","Bueno","Buena","Nocturna,Con luz artificial","Buen Tiempo","Lateral","S/D","Colisión","Ninguna","Faltante","Ninguna","Sin restricción"
2016,5248,8/21/2016,"Domingo",0,20:25:00,,"0.0",2,"Automóvil,Automóvil","San Lorenzo Y Domingo Silva",4,0,0,0,0,0,4,,"Calle",,"SANTA FE","La Capital","Asfalto","No existe","I","Dentro","Urbana","S/D","No existe","Intersección","Bueno","Reducida","Nocturna","S/D","Lateral","S/D","Colisión","S/D","Faltante","Cordón divisorio","S/D"
2016,5249,8/20/2016,"Sabado",0,10:45:00,,"0.0",2,"Automóvil,Moto/Ciclomotor","Av Lopez y Planes 3900",3,0,0,0,0,0,3,,"S/D",,"SANTA FE","La Capital","Asfalto","No existe","I","S/D","S/D","S/D","No existe","Recta","Bueno","Buena","Diurna","S/D","Lateral","S/D","Colisión","S/D","S/D","Cordón divisorio","S/D"
2016,5250,8/8/2016,"Lunes",0,19:10:00,,"0.0",2,"Peatón,Moto/Ciclomotor","Av Freyre ",2,0,0,0,0,0,2,,"Avenida",,"SANTA FE","La Capital","Asfalto","No existe","I","S/D","S/D","Ninguna","No existe","Recta","Bueno","S/D","Atardecer","Buen Tiempo","S/D","Peatón","Atropello","Ninguna","S/D","Ninguna","Sin restricción"
2016,5251,8/8/2016,"Lunes",0,19:10:00,,"0.0",2,"Automóvil,Automóvil","Lamadrid Y Suipacha",3,0,0,0,0,0,3,,"Calle",,"SANTA FE","La Capital","Asfalto","No existe","I","S/D","S/D","Ninguna","No existe","Intersección","Bueno","S/D","Atardecer","Buen Tiempo","S/D","S/D","Colisión","Ninguna","S/D","Ninguna","Sin restricción"
2016,5252,4/25/2016,"Lunes",0,,,"0.0",2,"Automóvil,Moto/Ciclomotor","R P A Janssen 2800",2,1,0,0,1,0,0,,"S/D",,"ESPERANZA","Las Colonias","S/D","S/D","XI","S/D","S/D","S/D","S/D","S/D","S/D","S/D","S/D","S/D","S/D","S/D","Colisión","S/D","S/D","S/D","S/D"
2016,5253,4/23/2016,"Sabado",0,17:00:00,,"0.0",2,"Peatón,Pickup/Utilitario","San Martin 1200",2,1,0,0,1,0,0,,"S/D",,"ESPERANZA","Las Colonias","S/D","S/D","XI","S/D","S/D","S/D","S/D","S/D","S/D","S/D","Diurna","S/D","S/D","Peatón","Atropello","S/D","S/D","S/D","S/D"
2016,5255,4/22/2016,"Viernes",0,21:00:00,,"0.0",2,"Moto/Ciclomotor,Automóvil","Av Brasil Y Rincon",2,1,0,0,0,0,1,,"S/D",,"RAFAELA","Castellanos","S/D","S/D","V","S/D","S/D","S/D","S/D","S/D","S/D","S/D","S/D","S/D","S/D","S/D","Colisión","S/D","S/D","S/D","S/D"
2016,5256,4/23/2016,"Sabado",0,,,"0.0",2,"Moto/Ciclomotor,Moto/Ciclomotor","La Plata Y N Providenti",3,1,1,0,1,0,0,,"S/D",,"RAFAELA","Castellanos","S/D","S/D","V","S/D","S/D","S/D","S/D","S/D","S/D","S/D","Nocturna","S/D","S/D","S/D","Colisión","S/D","S/D","S/D","S/D"
2016,5257,4/25/2016,"Lunes",0,,,"0.0",2,"Moto/Ciclomotor,Pickup/Utilitario","Remedios de Escalada ",3,1,0,0,2,0,0,,"S/D",,"RAFAELA","Castellanos","S/D","S/D","V","S/D","S/D","S/D","S/D","S/D","S/D","S/D","S/D","S/D","S/D","S/D","Colisión","S/D","S/D","S/D","S/D"
2016,5258,6/11/2016,"Sabado",0,1:30:00,"Ruta Nacional Rosario -Cordoba","0.0",2,"Moto/Ciclomotor,Automóvil"," ",2,1,0,1,0,0,0,,"Ruta","Rosario -Cordoba","FUNES","Rosario","Asfalto","Pavimento","II","Dentro","Urbana","S/D","No existe","Recta","Bueno","Buena","Nocturna","S/D","S/D","S/D","Colisión","S/D","S/D","Vegetación","S/D"
2016,5259,7/2/2016,"Sabado",0,22:00:00,,"0.0",2,"Automóvil,Moto/Ciclomotor","Av. Circunvalacion Y Mendoza",4,2,0,0,2,0,0,,"Calle",,"ROSARIO","Rosario","Asfalto","Pavimento","II","Dentro","Urbana","Semáforo","No existe","S/D","Bueno","Buena","Nocturna","Buen Tiempo","Frontal","S/D","Colisión","S/D","Faltante","S/D","Sin restricción"
2016,5260,7/14/2016,"Jueves",0,17:00:00,,"0.0",2,"Pickup/Utilitario,Moto/Ciclomotor","San Lorenzo Y Nicaragua",2,1,0,0,1,0,0,,"Calle",,"ROSARIO","Rosario","Asfalto","No existe","II","Dentro","Urbana","Ninguna","S/D","S/D","Bueno","Buena","Diurna","Buen Tiempo","Lateral","S/D","Colisión","S/D","Faltante","S/D","Sin restricción"
2016,5261,7/27/2016,"Miercoles",0,17:00:00,,"0.0",2,"Peatón,Pickup/Utilitario","Bv. Wilde 805",2,1,0,0,1,0,0,,"Calle",,"ROSARIO","Rosario","Asfalto","No existe","II","Dentro","Urbana","Ninguna","No existe","Intersección","Bueno","Buena","Diurna","Buen Tiempo","Lateral","Peatón","Atropello","Ninguna","Faltante","S/D","Sin restricción"
2016,5262,12/26/2016,"Lunes",0,,,"0.0",2,"Pickup/Utilitario,Moto/Ciclomotor","Av Aristobulo del Valle Y Cordoba",2,1,0,0,1,0,0,,"S/D",,"RAFAELA","Castellanos","S/D","S/D","V","S/D","S/D","S/D","S/D","S/D","S/D","S/D","S/D","S/D","S/D","S/D","Colisión","S/D","S/D","S/D","S/D"
2016,5263,7/9/2016,"Sabado",0,13:35:00,,"0.0",2,"Peatón,Pickup/Utilitario","Pje. 1404 Bis 1500",3,1,0,0,2,0,0,,"Calle",,"ROSARIO","Rosario","Asfalto","Pavimento","II","Dentro","Urbana","Ninguna","No existe","Recta","Bueno","Buena","Diurna","Buen Tiempo","S/D","Peatón","Atropello","S/D","S/D","S/D","Sin restricción"
2016,5264,4/23/2016,"Sabado",0,,,"0.0",2,"Moto/Ciclomotor,Automóvil","Francisco Beltramino Y F Lorenzatti",2,1,0,0,1,0,0,,"S/D",,"RAFAELA","Castellanos","S/D","S/D","V","S/D","S/D","S/D","S/D","S/D","S/D","S/D","S/D","S/D","S/D","S/D","Colisión","S/D","S/D","S/D","S/D"
2016,5265,7/16/2016,"Sabado",0,14:45:00,,"0.0",2,"Moto/Ciclomotor,Automóvil","J.B.Justo ",2,1,0,0,1,0,0,,"Calle",,"ROSARIO","Rosario","Asfalto","Pavimento","II","Dentro","Urbana","S/D","Funciona","Recta","Bueno","Buena","Diurna","Buen Tiempo","S/D","S/D","Colisión","S/D","S/D","S/D","Sin restricción"
2016,5266,7/1/2016,"Viernes",0,9:35:00,"Ruta Nacional 9","0.0",2,"Moto/Ciclomotor,Pickup/Utilitario"," ",2,1,0,0,1,0,0,,"Ruta",9,"FUNES","Rosario","Asfalto","Pavimento","II","Dentro","Urbana","Semáforo","No existe","Intersección","Bueno","Buena","Diurna","Buen Tiempo","Frontal","S/D","Colisión","S/D","Horizontal,Vertical","Línea divisoria pintada","Sin restricción"
2016,5267,4/26/2016,"Martes",0,,,"0.0",2,"Moto/Ciclomotor,Moto/Ciclomotor","Luis Maggi Y Simon de Iriondo",3,1,0,0,2,0,0,,"S/D",,"RAFAELA","Castellanos","S/D","S/D","V","S/D","S/D","S/D","S/D","S/D","S/D","S/D","S/D","S/D","S/D","S/D","Colisión","S/D","S/D","S/D","S/D"
2016,5268,7/4/2016,"Lunes",0,23:30:00,"Ruta Nacional 9","0.0",1,"Automóvil","Jorge Newbery ",1,1,0,0,0,0,0,,"Ruta",9,"FUNES","Rosario","Asfalto","No existe","II","Dentro","Urbana","Ninguna","No existe","Recta","Bueno","Reducida","Nocturna,Con luz artificial","Lluvia","S/D","S/D","Vuelco","Agua","Horizontal","Guardarrail","Sin restricción"
2016,5269,7/7/2016,"Jueves",0,16:50:00,"Ruta Nacional Rosario -Cordoba","0.0",3,"Automóvil,Automóvil,Automóvil"," ",4,2,0,0,2,0,0,,"Ruta","Rosario -Cordoba","FUNES","Rosario","Asfalto","Pavimento","II","Dentro","Urbana","S/D","No existe","Recta","Bueno","Buena","Diurna","Buen Tiempo","Múltiple","S/D","Colisión","S/D","Horizontal,Vertical","Vegetación","S/D"
2016,5270,4/26/2016,"Martes",0,,,"0.0",2,"Moto/Ciclomotor,Moto/Ciclomotor","F Lorenzatti Y Bv G L Lhemann",2,2,0,0,0,0,0,,"S/D",,"RAFAELA","Castellanos","S/D","S/D","V","S/D","S/D","S/D","S/D","S/D","S/D","S/D","S/D","S/D","S/D","S/D","Colisión","S/D","S/D","S/D","S/D"
2016,5271,4/26/2016,"Martes",0,,,"0.0",2,"Automóvil,Automóvil","Belgrano Y Tucuman",3,1,0,0,2,0,0,,"S/D",,"RAFAELA","Castellanos","S/D","S/D","V","S/D","S/D","S/D","S/D","S/D","S/D","S/D","S/D","S/D","S/D","S/D","Colisión","S/D","S/D","S/D","S/D"
2016,5272,7/10/2016,"Domingo",0,8:15:00,,"0.0",2,"Automóvil,Moto/Ciclomotor","Sarmiento ",2,1,0,0,1,0,0,,"Calle",,"FUNES","Rosario","Asfalto","No existe","II","Dentro","Urbana","Ninguna","No existe","Intersección","Bueno","Buena","Diurna","Buen Tiempo","Lateral","S/D","Colisión","S/D","S/D","Ninguna","Sin restricción"
2016,5273,7/9/2016,"Sabado",0,19:15:00,"Ruta Provincial 4","0.0",2,"Pickup/Utilitario,Moto/Ciclomotor","RP 4 A 1500 MTS DE RN 11 HACIA EL ESTE ",5,0,0,0,0,3,2,"-31.283837, -60.743214","Ruta",4,"NELSON","La Capital","Asfalto","Natural","I","S/D","Rural","S/D","No existe","Recta","Bueno","Reducida","Atardecer","Buen Tiempo","Frontal","S/D","Colisión","Ninguna","Faltante","S/D","Sin restricción"
2016,5274,7/15/2016,"Viernes",0,6:30:00,"Autopista Provincial Brigadier E.López","55.0",9,"Pickup/Utilitario,Automóvil,Pickup/Utilitario,Automóvil,Automóvil,Automóvil,Camión,Camión,Camión"," ",24,2,1,0,19,2,0,"-32.434571, -60.924723","Autopista","Brigadier E.López","MACIEL","San Jerónimo","Asfalto","Natural","XV","Dentro","Rural","S/D","No existe","Recta","Bueno","Reducida humo","Nocturna","Niebla","Múltiple","S/D","Colisión","Ninguna","S/D","S/D","S/D"
2016,5275,4/23/2016,"Sabado",0,1:50:00,,"0.0",2,"Moto/Ciclomotor,Moto/Ciclomotor","Roca Pte ",3,2,0,0,1,0,0,,"S/D",,"RECONQUISTA","General Obligado","S/D","S/D","IX","S/D","S/D","S/D","S/D","S/D","S/D","S/D","Nocturna","S/D","S/D","S/D","Colisión","S/D","S/D","S/D","S/D"
2016,5276,4/23/2016,"Sabado",0,14:10:00,"Ruta Nacional 11","838.5",2,"Automóvil,Automóvil"," ",4,4,0,0,0,0,0,,"Ruta",11,"ARROYO CEIBAL","General Obligado","S/D","S/D","IX","S/D","S/D","S/D","S/D","S/D","S/D","S/D","Diurna","S/D","S/D","S/D","Colisión","S/D","S/D","S/D","S/D"
2016,5277,4/23/2016,"Sabado",0,9:40:00,"Ruta Nacional 11","791.0",2,"Pickup/Utilitario,Moto/Ciclomotor"," ",2,1,0,0,1,0,0,,"Ruta",11,"AVELLANEDA","General Obligado","S/D","S/D","IX","S/D","S/D","S/D","S/D","S/D","S/D","S/D","Diurna","S/D","S/D","S/D","Colisión","S/D","S/D","S/D","S/D"
2016,5278,7/17/2016,"Domingo",0,4:15:00,,"0.0",1,"Moto/Ciclomotor","Av. Uriburu ",2,1,0,0,0,1,0,"-32.991077, -60.660711","Avenida",,"ROSARIO","Rosario","Asfalto","No existe","II","Dentro","Urbana","Ninguna","No existe","Recta","Bueno","Buena","Nocturna,Con luz artificial","Buen Tiempo","Contra objeto fijo","S/D","Colisión","Ninguna","Faltante","Ninguna","Sin restricción"
2016,5279,4/22/2016,"Viernes",0,18:15:00,,"0.0",2,"Moto/Ciclomotor,Camión","9 de Julio Y Rivadavia",2,1,0,0,1,0,0,,"S/D",,"VILLA OCAMPO","General Obligado","S/D","S/D","IX","S/D","S/D","S/D","S/D","S/D","S/D","S/D","Diurna","S/D","S/D","S/D","Colisión","S/D","S/D","S/D","S/D"
2016,5280,4/25/2016,"Lunes",0,18:00:00,,"0.0",2,"Automóvil,Automóvil"," ",2,0,0,0,0,0,2,,"S/D",,"VILLA OCAMPO","General Obligado","S/D","S/D","IX","S/D","S/D","S/D","S/D","S/D","S/D","S/D","Diurna","S/D","De alcance","S/D","Colisión","S/D","S/D","S/D","S/D"
2016,5281,4/30/2016,"Sabado",0,10:40:00,,"0.0",3,"Moto/Ciclomotor,Pickup/Utilitario,Automóvil","Ruta Nac 8 Y Bartolome Long",6,1,0,0,5,0,0,,"S/D",,"VENADO TUERTO","General López","S/D","S/D","IX","S/D","S/D","S/D","S/D","S/D","S/D","S/D","Diurna","S/D","Múltiple","S/D","Colisión","S/D","S/D","S/D","S/D"
2016,5282,4/30/2016,"Sabado",0,8:30:00,,"0.0",1,"Moto/Ciclomotor","Juan Jose Castelli Y 9 de Julio",1,1,0,0,0,0,0,,"S/D",,"VENADO TUERTO","General López","S/D","S/D","VIII","S/D","S/D","S/D","S/D","S/D","S/D","S/D","Diurna","S/D","Contra objeto fijo","S/D","Colisión","S/D","S/D","S/D","S/D"
2016,5283,4/30/2016,"Sabado",0,3:15:00,,"0.0",2,"Camión,Camión"," ",2,0,1,0,1,0,0,,"S/D",,"CASILDA","Caseros","S/D","S/D","IV","S/D","S/D","S/D","S/D","S/D","S/D","S/D","Nocturna","S/D","S/D","S/D","Colisión","S/D","S/D","S/D","S/D"
2016,5284,4/29/2016,"Viernes",0,20:30:00,,"0.0",1,"Pickup/Utilitario"," ",1,1,0,0,0,0,0,,"S/D",,"VILLA ANA","General Obligado","S/D","S/D","IX","S/D","S/D","S/D","S/D","S/D","S/D","S/D","Nocturna","S/D","S/D","S/D","Inmersión,Vuelco","S/D","S/D","S/D","S/D"
2016,5285,7/16/2016,"Sabado",0,7:25:00,"Ruta Provincial 6","0.0",1,"Pickup/Utilitario","1 KM AL SUR DE LOMA ALTA ",4,2,0,0,0,2,0,"-31.971127, -61.181060","Ruta",6,"LOMA ALTA","San Jerónimo","S/D","S/D","XV","Fuera","Rural","S/D","S/D","Recta","S/D","S/D","Diurna","S/D","S/D","S/D","Vuelco,Despiste","S/D","S/D","S/D","S/D"
2016,5286,3/13/2016,"Domingo",0,21:00:00,,"0.0",2,"Moto/Ciclomotor,Moto/Ciclomotor","Calle 59-Prof Manuel Roselli ",4,1,0,0,3,0,0,,"Calle",,"RECONQUISTA","General Obligado","S/D","S/D","IX","Dentro","Urbana","S/D","S/D","S/D","S/D","S/D","Nocturna","S/D","S/D","S/D","Colisión","S/D","S/D","S/D","S/D"
2016,5287,3/11/2016,"Viernes",0,13:35:00,,"0.0",2,"Moto/Ciclomotor,Pickup/Utilitario","Calle 9-Mariano Moreno Y Calle 16 Gral Obligado",2,1,0,0,1,0,0,,"Calle",,"RECONQUISTA","General Obligado","S/D","S/D","IX","Dentro","Urbana","S/D","S/D","S/D","S/D","S/D","Diurna","S/D","S/D","S/D","Colisión","S/D","S/D","S/D","S/D"
2016,5288,3/20/2016,"Domingo",0,0:40:00,"Ruta Nacional 11","798.0",2,"Automóvil,Bicicleta"," ",2,1,0,0,1,0,0,,"Ruta",11,"AVELLANEDA","General Obligado","S/D","S/D","IX","Dentro","Urbana","S/D","S/D","S/D","S/D","S/D","Nocturna","S/D","S/D","Ciclista","Atropello","S/D","S/D","S/D","S/D"
2016,5289,3/19/2016,"Sabado",0,21:30:00,,"0.0",2,"Moto/Ciclomotor,Moto/Ciclomotor","Roca Pte 2345",2,2,0,0,0,0,0,,"Calle",,"RECONQUISTA","General Obligado","S/D","S/D","IX","Dentro","Urbana","S/D","S/D","S/D","S/D","S/D","Nocturna","S/D","S/D","S/D","Colisión","S/D","S/D","S/D","S/D"
2016,5290,3/19/2016,"Sabado",0,10:55:00,,"0.0",2,"Automóvil,Bicicleta","Calle 8-Chacabuco Y Calle 15-Patricio Diez",2,1,0,0,1,0,0,,"Calle",,"RECONQUISTA","General Obligado","S/D","S/D","IX","Dentro","Urbana","S/D","S/D","S/D","S/D","S/D","Diurna","S/D","S/D","Ciclista","Atropello","S/D","S/D","S/D","S/D"
2016,5291,3/18/2016,"Viernes",0,23:30:00,,"0.0",2,"Automóvil,Bicicleta","Calle 21 Y CAlle 14",2,1,0,0,1,0,0,,"Calle",,"AVELLANEDA","General Obligado","S/D","S/D","IX","Dentro","Urbana","S/D","S/D","S/D","S/D","S/D","Nocturna","S/D","S/D","Ciclista","Atropello","S/D","S/D","S/D","S/D"
2016,5292,3/20/2016,"Domingo",0,22:48:00,,"0.0",2,"Moto/Ciclomotor,Pickup/Utilitario","Bartolome Mitre Y Gral Manuel Belgrano",3,1,0,0,2,0,0,,"Calle",,"VENADO TUERTO","General López","S/D","S/D","VIII","Dentro","Urbana","S/D","S/D","S/D","S/D","S/D","Nocturna","S/D","S/D","S/D","Colisión","S/D","S/D","S/D","S/D"
2016,5293,3/1/2016,"Martes",1,,,"0.0",1,"Moto/Ciclomotor"," ",1,0,0,0,0,1,0,"-31.729063, -61.090612","S/D",,"SAN CARLOS CENTRO","Las Colonias","S/D","S/D","XI","S/D","S/D","S/D","S/D","S/D","S/D","S/D","S/D","S/D","S/D","S/D","S/D","S/D","S/D","S/D","S/D"
2016,5294,3/13/2016,"Domingo",0,7:00:00,,"0.0",2,"Moto/Ciclomotor,Taxi/Remis","BV EVA DUARTE DE PERON A M DE LA ROTONDA DE ACCESO ",3,1,0,0,1,1,0,"-31.772059, -61.817471","Avenida",,"SASTRE","San Martín","Hormigón","Natural","XVIII","Dentro","Urbana","S/D","No existe","Recta","Bueno","S/D","Diurna","S/D","De alcance","S/D","Colisión","S/D","S/D","S/D","S/D"
2016,5295,6/22/2016,"Miercoles",0,19:50:00,,"0.0",2,"Automóvil,Bicicleta","Buenos Aires Y Moreno",2,1,0,0,1,0,0,,"Calle",,"HUMBERTO 1°","Castellanos","Asfalto","No existe","V","S/D","Urbana","Ninguna","No existe","Intersección","Bueno","Buena","Nocturna","Buen Tiempo","S/D","Ciclista","Atropello","Ninguna","S/D","Ninguna","Sin restricción"