"anio_acci","nro_acci","fecha","desc_dia","fecha_aprox","hora_aprox","desc_ruta","km","cant_participantes","desc_participante","calle_avenida_km","total","heridos_leves","heridos_graves","heridos_gravisimos","ilesos","fallecidos","sin_datos","posicion_XY","desc_tipo_via","desc_ruta_ori","desc_loc","desc_dpto","desc_tipo_calzada","desc_tipo_banquina","desc_unidad_regional","desc_lugar_calzada","desc_zona","desc_prioridad","desc_estado_semaforo","desc_lugar_via","desc_estado_via","desc_estado_visibilidad","desc_luminosidad","desc_estado_clima","desc_tipo_colision","desc_tipo_atropello","desc_tipo_hecho","desc_pres_calzada","desc_senializacion","desc_separacion_via","desc_restriccion"
2016,5296,6/29/2016,"Miercoles",0,17:30:00,,"0.0",2,"Moto/Ciclomotor,Automóvil","Bv San Martin Y Corrientes",2,1,0,0,1,0,0,,"Avenida",,"HUMBERTO 1°","Castellanos","Hormigón","No existe","V","Dentro","Urbana","Ninguna","No existe","Intersección","Bueno","Buena","Diurna","Otro","Otro","S/D","Colisión","Ninguna","Faltante","Cordón divisorio","S/D"
2016,5297,6/8/2016,"Miercoles",0,8:00:00,,"0.0",2,"Peatón,Automóvil","9 de Julio Y Remedios de Escalada",2,0,1,0,1,0,0,,"Calle",,"RAFAELA","Castellanos","Hormigón","Pavimento","V","Dentro","Urbana","Paso Peatonal","No existe","Intersección","Bueno","Buena","Diurna","Buen Tiempo","S/D","S/D","Atropello","Ninguna","Faltante","Ninguna","Sin restricción"
2016,5298,7/7/2016,"Jueves",0,20:00:00,,"0.0",2,"Automóvil,Automóvil","Constitucion Y Av Aristobulo del Valle",2,1,0,0,1,0,0,,"Avenida",,"RAFAELA","Castellanos","Hormigón","S/D","V","Dentro","Rural","Paso Peatonal","No existe","Intersección","Bueno","Buena","Atardecer","Buen Tiempo","Lateral","S/D","Colisión","Ninguna","Vertical","Línea divisoria pintada","Sin restricción"
2016,5299,8/12/2016,"Viernes",0,20:00:00,,"0.0",2,"Moto/Ciclomotor,Automóvil","Lisandro de la Torre Y Av Urquiza",2,1,0,0,1,0,0,,"Calle",,"SANTA FE","La Capital","Asfalto","No existe","I","Dentro","Urbana","Ninguna","No existe","Intersección","Bueno","Buena","Nocturna","Buen Tiempo","S/D","S/D","Colisión","S/D","S/D","Ninguna","Sin restricción"
2016,5300,8/13/2016,"Sabado",0,17:30:00,,"0.0",2,"Moto/Ciclomotor,Automóvil","Av Freyre Y Salta",3,0,0,0,0,0,3,,"Calle",,"SANTA FE","La Capital","Asfalto","No existe","I","Dentro","Urbana","Ninguna","No existe","Intersección","Bueno","Buena","Diurna","Buen Tiempo","S/D","S/D","Colisión","S/D","S/D","Ninguna","Sin restricción"
2016,5301,8/17/2016,"Miercoles",0,8:50:00,,"0.0",2,"Bicicleta,Automóvil","Av Urquiza 3027",2,0,0,0,0,0,2,,"Calle",,"SANTA FE","La Capital","Asfalto","No existe","I","Dentro","Urbana","Ninguna","No existe","Recta","Bueno","Buena","Diurna","Buen Tiempo","S/D","Ciclista","Atropello","S/D","S/D","Ninguna","Sin restricción"
2016,5302,7/27/2016,"Miercoles",0,13:45:00,,"0.0",2,"Moto/Ciclomotor,Automóvil","J M Estrada Y Saavedra",2,1,0,0,1,0,0,,"Calle",,"RAFAELA","Castellanos","Hormigón","No existe","V","S/D","Urbana","Ninguna","No existe","Intersección","Bueno","Buena","Diurna","Buen Tiempo","Frontal","S/D","Colisión","Ninguna","Faltante","Cordón divisorio","Sin restricción"
2016,5303,8/22/2016,"Lunes",0,16:45:00,,"0.0",2,"Moto/Ciclomotor,Automóvil","Primera Junta 4018",2,1,0,0,1,0,0,,"Calle",,"SANTA FE","La Capital","Asfalto","No existe","I","Dentro","Urbana","Ninguna","No existe","Recta","Bueno","Buena","Diurna","Buen Tiempo","S/D","S/D","Colisión","S/D","S/D","Ninguna","Sin restricción"
2016,5304,8/22/2016,"Lunes",0,9:25:00,,"0.0",2,"Bicicleta,Automóvil","Francia Y Candido Pujato",2,1,0,0,1,0,0,,"Calle",,"SANTA FE","La Capital","Asfalto","No existe","I","Dentro","Urbana","Ninguna","No existe","Intersección","Bueno","Buena","Diurna","Buen Tiempo","S/D","Ciclista","Atropello","S/D","S/D","Ninguna","Sin restricción"
2016,5305,8/30/2016,"Martes",0,12:45:00,,"0.0",2,"Moto/Ciclomotor,Automóvil","San Lorenzo Y Santiago del Estero",2,1,0,0,1,0,0,,"Calle",,"SANTA FE","La Capital","Asfalto","No existe","I","Dentro","Urbana","Ninguna","No existe","Intersección","Bueno","Buena","Diurna","Buen Tiempo","S/D","S/D","Colisión","S/D","S/D","Ninguna","Sin restricción"
2016,5306,8/30/2016,"Martes",0,20:15:00,,"0.0",2,"Moto/Ciclomotor,Pickup/Utilitario","Av Pte Peron Y Candido Pujato",2,0,0,0,0,0,2,,"Calle",,"SANTA FE","La Capital","Asfalto","No existe","I","Dentro","Urbana","S/D","No existe","Intersección","Bueno","Buena","Nocturna","Buen Tiempo","S/D","S/D","Colisión","S/D","S/D","Ninguna","Sin restricción"
2016,5307,8/30/2016,"Martes",0,20:15:00,,"0.0",2,"Moto/Ciclomotor,Pickup/Utilitario","Vera Y Pje Paraguay",2,0,0,0,0,0,2,,"Calle",,"SANTA FE","La Capital","Asfalto","No existe","I","Dentro","Urbana","Ninguna","No existe","Intersección","Bueno","Buena","Nocturna","Buen Tiempo","S/D","S/D","Colisión","S/D","S/D","Ninguna","Sin restricción"
2016,5308,7/28/2016,"Jueves",0,,,"0.0",2,"Automóvil,Moto/Ciclomotor","Colon Y Juan B Justo",2,1,0,0,1,0,0,,"Calle",,"RAFAELA","Castellanos","Asfalto","S/D","V","S/D","S/D","Ninguna","No existe","Intersección","Bueno","Reducida","Nocturna","Buen Tiempo","Lateral","S/D","Colisión","S/D","Faltante","S/D","Sin restricción"
2016,5309,8/31/2016,"Miercoles",0,9:10:00,,"0.0",2,"Automóvil,Automóvil","Francia Y Hipolito Yrigoyen",2,0,0,0,0,0,2,,"Calle",,"SANTA FE","La Capital","Asfalto","No existe","I","Dentro","Urbana","Ninguna","No existe","Intersección","Bueno","Buena","Diurna","Buen Tiempo","S/D","S/D","Colisión","S/D","S/D","Ninguna","Sin restricción"
2016,5310,7/28/2016,"Jueves",0,,,"0.0",2,"Automóvil,Bicicleta","Bv Pte Roca Y J G Artigas",2,1,0,0,1,0,0,,"Avenida",,"RAFAELA","Castellanos","Hormigón","S/D","V","S/D","S/D","Semáforo","Funciona","Recta","Bueno","S/D","S/D","Buen Tiempo","S/D","S/D","Atropello","S/D","S/D","S/D","Sin restricción"
2016,5311,7/31/2016,"Domingo",0,20:00:00,,"0.0",2,"Moto/Ciclomotor,Pickup/Utilitario","Bv Justo Jose de Urquiza 97",2,1,0,0,1,0,0,,"Calle",,"HUMBERTO 1°","Castellanos","Asfalto","No existe","V","S/D","Urbana","Ninguna","No existe","Recta","Bueno","Buena","Nocturna","Buen Tiempo","S/D","S/D","Colisión","Ninguna","Faltante","Ninguna","Sin restricción"
2016,5312,8/31/2016,"Miercoles",0,13:10:00,,"0.0",2,"Moto/Ciclomotor,Automóvil","San Lorenzo Y Suipacha",4,0,0,0,0,0,4,,"Calle",,"SANTA FE","La Capital","Asfalto","No existe","I","Dentro","Urbana","Ninguna","No existe","Intersección","Bueno","Buena","Diurna","Buen Tiempo","S/D","S/D","Colisión","S/D","S/D","Ninguna","Sin restricción"
2016,5313,8/1/2016,"Lunes",0,19:00:00,,"0.0",2,"Automóvil,Moto/Ciclomotor","Piedras Y Cardenal Fasolino",2,1,0,0,1,0,0,,"Calle",,"SANTA FE","La Capital","Asfalto","Pavimento","I","Dentro","Urbana","Marca Vial","No existe","Intersección","Bueno","Buena","Diurna","Buen Tiempo","Lateral","S/D","Colisión","S/D","Faltante","Ninguna","Sin restricción"
2016,5314,8/2/2016,"Martes",0,9:00:00,,"0.0",2,"Automóvil,Moto/Ciclomotor","French Y Necochea",3,2,0,0,1,0,0,,"Calle",,"SANTA FE","La Capital","Asfalto","Pavimento","I","Dentro","Urbana","Ninguna","No existe","Intersección","Bueno","Buena","Diurna","Buen Tiempo","Lateral","S/D","Colisión","S/D","Faltante","Ninguna","Sin restricción"
2016,5315,8/4/2016,"Jueves",0,12:50:00,,"0.0",2,"Automóvil,Automóvil","Ayacucho Y Reg 12 de Infanteria",2,1,0,0,1,0,0,,"Calle",,"SANTA FE","La Capital","Asfalto","Pavimento","I","Dentro","Urbana","Ninguna","No existe","Intersección","Bueno","Buena","Diurna","Buen Tiempo","Lateral","S/D","Colisión","S/D","Faltante","Ninguna","Sin restricción"
2016,5316,8/5/2016,"Viernes",0,9:20:00,,"0.0",2,"Automóvil,Moto/Ciclomotor","Las Heras Y Risso",2,1,0,0,1,0,0,,"Calle",,"SANTA FE","La Capital","Asfalto","Pavimento","I","Dentro","Urbana","Ninguna","No existe","Intersección","Bueno","Buena","Diurna","Buen Tiempo","Lateral","S/D","Colisión","S/D","Faltante","Ninguna","Sin restricción"
2016,5317,8/6/2016,"Sabado",0,21:30:00,,"0.0",2,"Moto/Ciclomotor,Bicicleta","Av A del Valle Y Padre Genesio",2,1,0,0,1,0,0,,"Calle",,"SANTA FE","La Capital","Asfalto","No existe","I","Dentro","Urbana","Semáforo","Funciona","Intersección","Bueno","Buena","Nocturna","Buen Tiempo","S/D","Ciclista","Atropello","S/D","Vertical","Ninguna","Sin restricción"
2016,5318,8/9/2016,"Martes",0,15:00:00,,"0.0",2,"Automóvil,Automóvil","Rivadavia Y Alberti",4,2,0,0,2,0,0,,"Calle",,"SANTA FE","La Capital","Asfalto","No existe","I","Dentro","Urbana","Ninguna","No existe","Intersección","Bueno","Buena","Diurna","Buen Tiempo","Lateral","S/D","Colisión","S/D","Faltante","Ninguna","Sin restricción"
2016,5319,8/21/2016,"Domingo",0,13:30:00,,"0.0",2,"Moto/Ciclomotor,Automóvil","French Y San Martin",2,1,0,0,1,0,0,,"Calle",,"SANTA FE","La Capital","Asfalto","No existe","I","Dentro","Urbana","Ninguna","No existe","Intersección","Con baches","Buena","Diurna","S/D","Lateral","S/D","Colisión","S/D","Faltante","Ninguna","Sin restricción"
2016,5320,8/28/2016,"Domingo",0,16:50:00,,"0.0",2,"Moto/Ciclomotor,Automóvil","Av A del Valle 8900",2,1,0,0,1,0,0,,"Calle",,"SANTA FE","La Capital","Asfalto","No existe","I","Dentro","Urbana","Ninguna","No existe","Recta","Deteriorada","Reducida","Diurna","Buen Tiempo","De alcance","S/D","Colisión","S/D","Vertical","Ninguna","Sin restricción"
2016,5321,8/29/2016,"Lunes",0,19:45:00,,"0.0",2,"Moto/Ciclomotor,Pickup/Utilitario","Av A del Valle Y La Esmeralda",2,1,0,0,1,0,0,,"Calle",,"SANTA FE","La Capital","Asfalto","No existe","I","Dentro","Urbana","Ninguna","No existe","Intersección","Deteriorada","Reducida","Nocturna","S/D","Lateral","S/D","Colisión","S/D","Vertical","Ninguna","Sin restricción"
2016,5322,8/1/2016,"Lunes",0,17:45:00,,"0.0",2,"Automóvil,Moto/Ciclomotor","Av A del Valle Y French",2,1,0,0,1,0,0,,"Calle",,"SANTA FE","La Capital","Asfalto","Pavimento","I","Dentro","Urbana","S/D","Funciona","Intersección","Bueno","Buena","Atardecer,Con luz artificial","Buen Tiempo","Lateral","S/D","Colisión","S/D","Vertical","S/D","Sin restricción"
2016,5323,8/3/2016,"Miercoles",0,21:42:00,,"0.0",2,"Automóvil,Moto/Ciclomotor","Javier de la Rosa Y San Jeronimo",2,1,0,0,1,0,0,,"Calle",,"SANTA FE","La Capital","Tierra,Ripio","Natural","I","Dentro","Urbana","S/D","No existe","Intersección","Deteriorada","Buena","Nocturna,Con luz artificial","Buen Tiempo","Lateral","S/D","Colisión","S/D","Faltante","S/D","S/D"
2016,5324,8/6/2016,"Sabado",0,21:20:00,,"0.0",2,"Automóvil,Otros","Padre Genesio Y 1ro de Mayo",2,1,0,0,1,0,0,,"Calle",,"SANTA FE","La Capital","Asfalto","Natural","I","Dentro","Urbana","S/D","No existe","Intersección","Deteriorada","Buena","Nocturna,Con luz artificial","S/D","S/D","S/D","Colisión","S/D","Faltante","S/D","S/D"
2016,5325,8/7/2016,"Domingo",0,12:55:00,,"0.0",2,"Automóvil,Moto/Ciclomotor","Gorriti 3200",2,1,0,0,1,0,0,,"Calle",,"SANTA FE","La Capital","Asfalto","Pavimento","I","Dentro","Urbana","S/D","No existe","Recta","Bueno","Buena","Diurna","Buen Tiempo","Lateral","S/D","Colisión","S/D","Faltante","S/D","S/D"
2016,5326,8/8/2016,"Lunes",0,18:30:00,,"0.0",2,"Automóvil,Moto/Ciclomotor","Av A del Valle Y Risso",2,1,0,0,1,0,0,,"Calle",,"SANTA FE","La Capital","Asfalto","Pavimento","I","Dentro","Urbana","S/D","Funciona","Intersección","Bueno","Buena","Atardecer,Con luz artificial","Buen Tiempo","Lateral","S/D","Colisión","S/D","Vertical","S/D","Sin restricción"
2016,5327,8/10/2016,"Miercoles",0,8:35:00,,"0.0",2,"Pickup/Utilitario,Moto/Ciclomotor","Gorriti Y 1ro de Mayo",2,1,0,0,1,0,0,,"Calle",,"SANTA FE","La Capital","Asfalto","Pavimento","I","Dentro","Urbana","S/D","No existe","Intersección","Bueno","Buena","Diurna","Buen Tiempo","Lateral","S/D","Colisión","S/D","Faltante","S/D","Sin restricción"
2016,5328,8/12/2016,"Viernes",0,19:50:00,,"0.0",2,"Pickup/Utilitario,Otros","Larrea Y 9 de Julio",2,1,0,0,1,0,0,,"Calle",,"SANTA FE","La Capital","Tierra","Natural","I","Dentro","Urbana","S/D","No existe","Intersección","Con baches","Buena","Atardecer,Con luz artificial","Buen Tiempo","Lateral","S/D","Colisión","Material Suelto","Faltante","S/D","S/D"
2016,5329,8/23/2016,"Martes",0,19:45:00,,"0.0",2,"Automóvil,Otros","Av A del Valle Y Alfonsina Storni",2,1,0,0,1,0,0,,"Calle",,"SANTA FE","La Capital","Asfalto","Pavimento","I","Dentro","Urbana","S/D","No existe","Intersección","Bueno","Buena","Atardecer,Con luz artificial","Buen Tiempo","Lateral","S/D","Colisión","S/D","Faltante","S/D","Sin restricción"
2016,5330,1/1/2016,"Viernes",1,,,"0.0",1,"Otros"," ",1,0,0,0,0,1,0,"-33.048466, -61.171306","S/D",,"CASILDA","Caseros","S/D","S/D","IV","S/D","S/D","S/D","S/D","S/D","S/D","S/D","S/D","S/D","S/D","S/D","S/D","S/D","S/D","S/D","S/D"
2016,5331,1/1/2016,"Viernes",1,,,"0.0",1,"Otros"," ",1,0,0,0,0,1,0,"-31.628364, -60.705086","S/D",,"SANTA FE","La Capital","S/D","S/D","I","S/D","S/D","S/D","S/D","S/D","S/D","S/D","S/D","S/D","S/D","S/D","S/D","S/D","S/D","S/D","S/D"
2016,5332,7/23/2016,"Sabado",0,8:00:00,"Ruta Nacional A008","0.0",1,"Moto/Ciclomotor","Av. Circunvalacion Y Av. Uriburu",1,0,0,0,0,1,0,"-32.991883329221,-60.702125036131","Ruta","A008","ROSARIO","Rosario","S/D","S/D","II","Dentro","Urbana","S/D","S/D","Recta","S/D","S/D","Diurna","S/D","S/D","S/D","Caída ocupante,Despiste","S/D","S/D","S/D","S/D"
2016,5333,7/24/2016,"Domingo",0,3:20:00,"Ruta Provincial 90","29.5",3,"Pickup/Utilitario,Peatón,Peatón","Ruta Provincial 90 ",3,0,1,0,1,1,0,"-33.430652, -60.615506","Ruta",90,"SARGENTO CABRAL","Constitución","S/D","Ripio","VI","Fuera","Urbana","S/D","S/D","Recta","S/D","S/D","Nocturna","S/D","S/D","S/D","Atropello","S/D","S/D","S/D","S/D"
2016,5334,8/11/2016,"Jueves",0,8:05:00,,"0.0",2,"Automóvil,Moto/Ciclomotor","Echague Y Larrea",3,1,0,0,2,0,0,,"Calle",,"SANTA FE","La Capital","Asfalto","No existe","I","Dentro","Urbana","Ninguna","No existe","Intersección","Bueno","Buena","Diurna","Buen Tiempo","Lateral","S/D","Colisión","S/D","Faltante","Ninguna","Sin restricción"
2016,5335,8/12/2016,"Viernes",0,19:10:00,,"0.0",2,"Automóvil,Moto/Ciclomotor","Risso Y Republica de Siria",3,2,0,0,1,0,0,,"Calle",,"SANTA FE","La Capital","Asfalto","No existe","I","Dentro","Urbana","S/D","No existe","Intersección","Bueno","Buena","Diurna","Buen Tiempo","Lateral","S/D","Colisión","S/D","Faltante","Ninguna","Sin restricción"
2016,5336,8/16/2016,"Martes",0,10:35:00,,"0.0",2,"Transporte de Pasajeros Urbano (> 8 asientos),Automóvil","Av Almte Brown Y J Castelli",3,1,0,0,2,0,0,,"Calle",,"SANTA FE","La Capital","Asfalto","No existe","I","Dentro","Urbana","Ninguna","No existe","Intersección","Bueno","Buena","Diurna","Buen Tiempo","Lateral","S/D","Colisión","S/D","Faltante","Ninguna","Sin restricción"
2016,5337,8/16/2016,"Martes",0,13:30:00,,"0.0",2,"Pickup/Utilitario,Peatón","Av Gral Paz Y Larrea",2,1,0,0,1,0,0,,"Calle",,"SANTA FE","La Capital","Asfalto","No existe","I","Dentro","Urbana","Ninguna","No existe","Intersección","Bueno","Buena","Diurna","Buen Tiempo","S/D","Peatón","Atropello","S/D","Faltante","Ninguna","Sin restricción"
2016,5338,8/18/2016,"Jueves",0,12:00:00,,"0.0",2,"Automóvil,Moto/Ciclomotor","Reg 12 de Infanteria Y Pje Baigorria",2,1,0,0,1,0,0,,"Calle",,"SANTA FE","La Capital","Asfalto","No existe","I","Dentro","Urbana","Ninguna","No existe","Intersección","Bueno","Buena","Diurna","Buen Tiempo","Lateral","S/D","Colisión","Ninguna","Faltante","Ninguna","Sin restricción"
2016,5339,8/23/2016,"Martes",0,15:15:00,,"0.0",2,"Automóvil,Moto/Ciclomotor","Av A del Valle Y Matheu",2,1,0,0,1,0,0,,"Calle",,"SANTA FE","La Capital","Asfalto","No existe","I","Dentro","Urbana","Ninguna","No existe","Recta","Bueno","Buena","Diurna","Buen Tiempo","Lateral","S/D","Colisión","S/D","Faltante","Ninguna","Sin restricción"
2016,5340,8/25/2016,"Jueves",0,12:15:00,,"0.0",2,"Automóvil,Moto/Ciclomotor","Piedras Y Cardenal Fasolino",2,1,0,0,1,0,0,,"Calle",,"SANTA FE","La Capital","Asfalto","No existe","I","Dentro","Urbana","Ninguna","No existe","Intersección","Bueno","Buena","Diurna","Buen Tiempo","Lateral","S/D","Colisión","Ninguna","Faltante","Ninguna","Sin restricción"
2016,5341,8/25/2016,"Jueves",0,12:15:00,,"0.0",2,"Automóvil,Moto/Ciclomotor","Av A del Valle Y Espora",2,1,0,0,1,0,0,,"Calle",,"SANTA FE","La Capital","Asfalto","No existe","I","Dentro","Urbana","Ninguna","No existe","Intersección","Bueno","Buena","Diurna","Buen Tiempo","Lateral","S/D","Colisión","S/D","Faltante","Ninguna","Sin restricción"
2016,5342,8/26/2016,"Viernes",0,19:20:00,,"0.0",2,"Automóvil,Pickup/Utilitario","Av Almte Brown Y Padre Genesio",2,1,0,0,1,0,0,,"Calle",,"SANTA FE","La Capital","Asfalto","No existe","I","Dentro","Urbana","Ninguna","No existe","Intersección","Bueno","Buena","Diurna","Buen Tiempo","Lateral","S/D","Colisión","S/D","Faltante","Ninguna","Sin restricción"
2016,5343,8/25/2016,"Jueves",0,21:50:00,,"0.0",2,"Moto/Ciclomotor,Automóvil","Piedras Y Angel Cassanello",2,1,0,0,1,0,0,,"Calle",,"SANTA FE","La Capital","Asfalto","No existe","I","Dentro","Urbana","Ninguna","No existe","Intersección","Bueno","Reducida","Nocturna","Buen Tiempo","De alcance","S/D","Colisión","S/D","S/D","Ninguna","Sin restricción"
2016,5344,8/26/2016,"Viernes",0,11:00:00,,"0.0",2,"Moto/Ciclomotor,Pickup/Utilitario","Gorostiaga 1300",2,1,0,0,1,0,0,,"Calle",,"SANTA FE","La Capital","Asfalto","No existe","I","Dentro","Urbana","Ninguna","No existe","Recta","Bueno","Buena","Diurna","Buen Tiempo","S/D","S/D","Colisión","S/D","S/D","Ninguna","Sin restricción"
2016,5345,8/26/2016,"Viernes",0,21:30:00,,"0.0",2,"Automóvil,Automóvil","Pje Calcena Y Av Almte Brown",3,2,0,0,1,0,0,,"Calle",,"SANTA FE","La Capital","Asfalto","No existe","I","Dentro","Urbana","Ninguna","No existe","Intersección","Bueno","Reducida","Nocturna","Buen Tiempo","Lateral","S/D","Colisión","S/D","S/D","Ninguna","Sin restricción"
2016,5346,7/7/2016,"Jueves",0,16:00:00,"Ruta Provincial 3","0.0",1,"Otros"," ",1,1,0,0,0,0,0,,"Ruta",3,"LOS AMORES","Vera","Tierra","Natural","XIX","S/D","Urbana","Ninguna","No existe","Recta","Bueno","Buena","Atardecer","Buen Tiempo","Atropello animal","S/D","Colisión","S/D","Faltante","Vegetación","Sin restricción"
2016,5347,7/7/2016,"Jueves",0,19:30:00,"Ruta Provincial 3","0.0",1,"Otros"," ",1,1,0,0,0,0,0,,"Ruta",3,"LOS AMORES","Vera","Tierra","Natural","XIX","Dentro","Urbana","Ninguna","No existe","Recta","Bueno","Reducida","Nocturna","Buen Tiempo","Atropello animal","S/D","Colisión","Ninguna","Faltante","Vegetación","Sin restricción"
2016,5348,8/5/2016,"Viernes",0,19:00:00,,"0.0",2,"Moto/Ciclomotor,Automóvil","Lavaisse Y Belgrano",2,1,0,0,1,0,0,,"Calle",,"SANTA FE","La Capital","Asfalto","No existe","I","S/D","Urbana","Ninguna","No existe","Intersección","Bueno","Reducida","Atardecer","Buen Tiempo","Lateral","S/D","Colisión","Ninguna","S/D","Ninguna","Sin restricción"
2016,5349,8/2/2016,"Martes",0,14:00:00,,"0.0",2,"Moto/Ciclomotor,Automóvil","Ricardo Aldao Y Belgrano",2,1,0,0,1,0,0,,"Calle",,"SANTA FE","La Capital","Asfalto","No existe","I","S/D","Urbana","Ninguna","No existe","Intersección","Bueno","Buena","Diurna","Buen Tiempo","Lateral","S/D","Colisión","Ninguna","S/D","Ninguna","Sin restricción"
2016,5350,8/21/2016,"Domingo",0,20:15:00,,"0.0",2,"Moto/Ciclomotor,Automóvil","Mariano Candioti Y 12 de septiembre",2,1,0,0,1,0,0,,"Calle",,"SANTO TOMÉ","La Capital","Asfalto","Pavimento","I","Dentro","Urbana","Ninguna","No existe","Intersección","Bueno","Buena","Con luz artificial","Buen Tiempo","Otro","S/D","Colisión","Ninguna","S/D","Línea divisoria pintada","Sin restricción"
2016,5351,3/1/2016,"Martes",1,,"Ruta Nacional A008","0.0",1,"Otros","AV CIRCUNVALACION Y FLOR DE NACAR ",1,0,0,0,0,1,0,"-33.015464, -60.661071","Ruta","A008","ROSARIO","Rosario","S/D","S/D","II","S/D","Urbana","S/D","S/D","S/D","S/D","S/D","S/D","S/D","S/D","S/D","S/D","S/D","S/D","S/D","S/D"
2016,5352,8/30/2016,"Martes",0,14:40:00,,"0.0",2,"Moto/Ciclomotor,Pickup/Utilitario","25 de mayo 2040",2,1,0,0,1,0,0,,"Calle",,"SANTO TOMÉ","La Capital","Asfalto","No existe","I","Dentro","Urbana","Ninguna","No existe","Otro","Bueno","Buena","Diurna","Buen Tiempo","S/D","S/D","Colisión","Ninguna","S/D","Ninguna","Sin restricción"
2016,5353,8/29/2016,"Lunes",0,20:30:00,,"0.0",2,"Pickup/Utilitario,Moto/Ciclomotor","Republica de Siria Y Hernandarias",3,2,0,0,1,0,0,,"Calle",,"SANTA FE","La Capital","Asfalto","No existe","I","Dentro","Urbana","Ninguna","No existe","Intersección","Bueno","Reducida","Nocturna","Buen Tiempo","Lateral","S/D","Colisión","S/D","S/D","Ninguna","Sin restricción"
2016,5354,8/30/2016,"Martes",0,13:40:00,,"0.0",2,"Automóvil,Moto/Ciclomotor","Avenida Del Trabajo Y General Manuel Belgrano",2,1,0,0,1,0,0,,"Calle",,"SANTO TOMÉ","La Capital","Asfalto","No existe","I","S/D","Urbana","Ninguna","S/D","Intersección","Bueno","Buena","Diurna","Buen Tiempo","S/D","S/D","Colisión","Ninguna","S/D","Ninguna","Sin restricción"
2016,5355,8/25/2016,"Jueves",0,18:30:00,,"0.0",2,"Moto/Ciclomotor,Automóvil","Alberdi Y J Castelli",3,2,0,0,1,0,0,,"Calle",,"SANTA FE","La Capital","Asfalto","No existe","I","Dentro","Urbana","Ninguna","No existe","Intersección","Bueno","Buena","Atardecer","Buen Tiempo","Lateral","S/D","Colisión","S/D","S/D","Ninguna","Sin restricción"
2016,5356,8/24/2016,"Miercoles",0,13:30:00,,"0.0",2,"Automóvil,Moto/Ciclomotor","9 de julio Y Hipolito Irigoyen",2,1,0,0,1,0,0,,"Calle",,"SANTO TOMÉ","La Capital","Asfalto","No existe","I","S/D","Urbana","Ninguna","S/D","Intersección","Bueno","Buena","Diurna","Buen Tiempo","S/D","S/D","Colisión","Ninguna","S/D","Ninguna","Sin restricción"
2016,5357,8/24/2016,"Miercoles",0,16:00:00,,"0.0",2,"Moto/Ciclomotor,Pickup/Utilitario","Belgrano Y Pedro de Vega",3,2,0,0,1,0,0,,"Calle",,"SANTA FE","La Capital","Asfalto","No existe","I","Dentro","Urbana","Ninguna","No existe","Intersección","Bueno","Buena","Diurna","Buen Tiempo","Lateral","S/D","Colisión","S/D","S/D","Ninguna","Sin restricción"
2016,5358,8/20/2016,"Sabado",0,14:20:00,,"0.0",2,"Moto/Ciclomotor,Automóvil","Ricardo Aldao Y Republica de Siria",2,1,0,0,1,0,0,,"Calle",,"SANTA FE","La Capital","Asfalto","No existe","I","Dentro","Urbana","Ninguna","No existe","Intersección","Bueno","Buena","Diurna","Buen Tiempo","Lateral","S/D","Colisión","S/D","S/D","Ninguna","Sin restricción"
2016,5359,8/22/2016,"Lunes",0,20:15:00,,"0.0",2,"Moto/Ciclomotor,Moto/Ciclomotor","Avenida Del Trabajo Y Simon de Iriondo",2,1,0,0,1,0,0,,"Avenida",,"SANTO TOMÉ","La Capital","Asfalto","No existe","I","S/D","Urbana","Semáforo","Funciona","Intersección","Bueno","Buena","Nocturna","Buen Tiempo","S/D","S/D","Colisión","Ninguna","S/D","Línea divisoria pintada","Sin restricción"
2016,5360,8/18/2016,"Jueves",0,21:00:00,,"0.0",2,"Moto/Ciclomotor,Automóvil","Av Gral Paz Y Ricardo Aldao",3,1,0,0,2,0,0,,"Calle",,"SANTA FE","La Capital","Asfalto","No existe","I","Dentro","Urbana","Ninguna","No existe","Intersección","Bueno","Reducida","Nocturna","Buen Tiempo","Lateral","S/D","Colisión","S/D","S/D","Ninguna","Sin restricción"
2016,5361,8/16/2016,"Martes",0,18:10:00,,"0.0",2,"Moto/Ciclomotor,Automóvil","Salvador del Carril Y Sarmiento",2,1,0,0,1,0,0,,"Calle",,"SANTA FE","La Capital","Asfalto","No existe","I","Dentro","Urbana","Ninguna","No existe","Intersección","Bueno","Buena","Atardecer,Con luz artificial","Buen Tiempo","Lateral","S/D","Colisión","S/D","Faltante","Ninguna","Sin restricción"