"anio_acci","nro_acci","fecha","desc_dia","fecha_aprox","hora_aprox","desc_ruta","km","cant_participantes","desc_participante","calle_avenida_km","total","heridos_leves","heridos_graves","heridos_gravisimos","ilesos","fallecidos","sin_datos","posicion_XY","desc_tipo_via","desc_ruta_ori","desc_loc","desc_dpto","desc_tipo_calzada","desc_tipo_banquina","desc_unidad_regional","desc_lugar_calzada","desc_zona","desc_prioridad","desc_estado_semaforo","desc_lugar_via","desc_estado_via","desc_estado_visibilidad","desc_luminosidad","desc_estado_clima","desc_tipo_colision","desc_tipo_atropello","desc_tipo_hecho","desc_pres_calzada","desc_senializacion","desc_separacion_via","desc_restriccion"
2016,5362,8/13/2016,"Sabado",0,12:50:00,,"0.0",2,"Bicicleta,Automóvil","Angel Cassanello Y Las Heras",2,1,0,0,1,0,0,,"Calle",,"SANTA FE","La Capital","Asfalto","No existe","I","Dentro","Urbana","Ninguna","No existe","Intersección","Bueno","Buena","Diurna","Buen Tiempo","Lateral","Ciclista","Atropello","S/D","S/D","Ninguna","Sin restricción"
2016,5363,8/13/2016,"Sabado",0,12:50:00,,"0.0",2,"Moto/Ciclomotor,Pickup/Utilitario","Av Galicia Y Guemes",2,1,0,0,1,0,0,,"Calle",,"SANTA FE","La Capital","Asfalto","No existe","I","Dentro","Urbana","Ninguna","No existe","Recta","Bueno","Buena","Diurna","Buen Tiempo","De alcance","S/D","Colisión","S/D","S/D","Ninguna","Sin restricción"
2016,5364,8/16/2016,"Martes",0,6:30:00,,"0.0",2,"Pickup/Utilitario,Moto/Ciclomotor","Salvador del Carril Y Gdor Candioti",2,1,0,0,1,0,0,,"Calle",,"SANTA FE","La Capital","Asfalto","No existe","I","Dentro","Urbana","Ninguna","Funciona","Intersección","Bueno","Reducida","Nocturna","Buen Tiempo","Lateral","S/D","Colisión","S/D","S/D","Ninguna","Sin restricción"
2016,5365,8/15/2016,"Lunes",0,18:15:00,,"0.0",2,"Automóvil,Moto/Ciclomotor","Laprida Y Pje Calcena",3,2,0,0,1,0,0,,"Calle",,"SANTA FE","La Capital","Asfalto","No existe","I","Dentro","Urbana","Ninguna","No existe","Intersección","Bueno","Buena","Atardecer","Buen Tiempo","Lateral","S/D","Colisión","S/D","S/D","Ninguna","Sin restricción"
2016,5366,8/15/2016,"Lunes",0,1:30:00,,"0.0",2,"Automóvil,Moto/Ciclomotor","Guemes Y J P Lopez",2,1,0,0,1,0,0,,"Calle",,"SANTA FE","La Capital","Asfalto","No existe","I","Dentro","Urbana","Ninguna","No existe","Intersección","Bueno","Reducida","Nocturna","Buen Tiempo","Lateral","S/D","Colisión","S/D","S/D","Ninguna","Sin restricción"
2016,5367,8/13/2016,"Sabado",0,2:40:00,,"0.0",2,"Automóvil,Otros","Av Galicia Y Las Heras",3,2,0,0,1,0,0,,"Calle",,"SANTA FE","La Capital","Asfalto","No existe","I","Dentro","Urbana","Ninguna","No existe","Intersección","Bueno","Reducida","Nocturna","Buen Tiempo","Lateral","S/D","Colisión","S/D","S/D","Ninguna","Sin restricción"
2016,5368,8/9/2016,"Martes",0,18:30:00,,"0.0",2,"Moto/Ciclomotor,Automóvil","Guemes Y Agustin Delgado",3,2,0,0,1,0,0,,"Calle",,"SANTA FE","La Capital","Asfalto","No existe","I","Dentro","Urbana","Ninguna","No existe","Intersección","Bueno","Buena","Atardecer","Buen Tiempo","Lateral","S/D","Colisión","S/D","Faltante","Ninguna","Sin restricción"
2016,5369,8/8/2016,"Lunes",0,22:30:00,,"0.0",2,"Automóvil,Moto/Ciclomotor","Lavaisse Y Necochea",4,3,0,0,1,0,0,,"Calle",,"SANTA FE","La Capital","Asfalto","No existe","I","Dentro","Urbana","Ninguna","No existe","Intersección","Bueno","Reducida","Nocturna","Buen Tiempo","Lateral","S/D","Colisión","S/D","S/D","Ninguna","Sin restricción"
2016,5370,8/8/2016,"Lunes",0,16:00:00,,"0.0",2,"Moto/Ciclomotor,Automóvil","Ricardo Aldao Y Rivadavia",2,1,0,0,1,0,0,,"Calle",,"SANTA FE","La Capital","Asfalto","No existe","I","Dentro","Urbana","Ninguna","No existe","Intersección","Bueno","Buena","Diurna","Buen Tiempo","Lateral","S/D","Colisión","S/D","S/D","Ninguna","Sin restricción"
2016,5371,8/7/2016,"Domingo",0,23:15:00,,"0.0",2,"Automóvil,Moto/Ciclomotor","Huergo Y Alberdi",2,1,0,0,1,0,0,,"Calle",,"SANTA FE","La Capital","Asfalto","No existe","I","Dentro","Urbana","Ninguna","No existe","Recta","Bueno","Reducida","Nocturna","Buen Tiempo","Lateral","S/D","Colisión","S/D","S/D","Ninguna","Sin restricción"
2016,5372,8/7/2016,"Domingo",0,12:15:00,,"0.0",2,"Moto/Ciclomotor,Automóvil","J Castelli Y Belgrano",4,3,0,0,1,0,0,,"Calle",,"SANTA FE","La Capital","Asfalto","No existe","I","Dentro","Urbana","Ninguna","No existe","Intersección","Bueno","Buena","Diurna","Buen Tiempo","Lateral","S/D","Colisión","S/D","S/D","Ninguna","Sin restricción"
2016,5373,8/18/2016,"Jueves",0,20:00:00,"Ruta Nacional 19","0.0",2,"Moto/Ciclomotor,Moto/Ciclomotor","Azcuenaga ",2,2,0,0,0,0,0,,"Ruta",19,"SANTO TOMÉ","La Capital","Asfalto","Ripio","I","Dentro","Urbana","Semáforo","Funciona","Intersección","Bueno","Buena","Nocturna","Buen Tiempo","S/D","S/D","Colisión","S/D","S/D","Línea divisoria pintada","Sin restricción"
2016,5374,8/17/2016,"Miercoles",0,21:20:00,,"0.0",2,"Moto/Ciclomotor,Automóvil","Cristobal Colon ",2,1,0,0,1,0,0,,"Calle",,"SANTO TOMÉ","La Capital","Asfalto","No existe","I","Dentro","Urbana","Ninguna","No existe","Intersección","Bueno","Reducida","Nocturna","Buen Tiempo","Lateral","S/D","Colisión","S/D","S/D","Ninguna","Sin restricción"
2016,5375,8/17/2016,"Miercoles",0,10:30:00,,"0.0",2,"Transporte de Pasajeros Urbano (> 8 asientos),Automóvil","PUENTE CARRETERO ",5,4,0,0,1,0,0,,"Calle",,"SANTO TOMÉ","La Capital","Asfalto","Pavimento","I","Dentro","Urbana","Ninguna","No existe","Puente","Bueno","Reducida p/ objetos","Diurna","Buen Tiempo","S/D","S/D","Colisión","Otro","S/D","Línea divisoria pintada","Sin restricción"
2016,5376,8/13/2016,"Sabado",0,10:15:00,,"0.0",2,"Moto/Ciclomotor,Automóvil","Hipolito Irigoyen Y Grl Brig Estanislao Lopez",2,1,0,0,1,0,0,,"Calle",,"SANTO TOMÉ","La Capital","Asfalto","No existe","I","Dentro","Urbana","Ninguna","No existe","Intersección","Bueno","Buena","Diurna","Buen Tiempo","S/D","S/D","Colisión","S/D","S/D","Ninguna","Sin restricción"
2016,5377,8/15/2016,"Lunes",0,6:05:00,,"0.0",2,"Automóvil,Taxi/Remis","Avenida Nuestra Señora del Luj Y Sebastian Gaboto",4,3,0,0,1,0,0,,"Calle",,"SANTO TOMÉ","La Capital","Asfalto","Pavimento","I","Dentro","Urbana","Semáforo","Funciona","Intersección","Bueno","Buena","Amanecer","Buen Tiempo","S/D","S/D","Colisión","S/D","S/D","Línea divisoria pintada","Sin restricción"
2016,5378,8/13/2016,"Sabado",0,11:10:00,,"0.0",2,"Automóvil,Moto/Ciclomotor","J Macia Y Pasaje Juan Mena de Dios",2,1,0,0,1,0,0,,"Calle",,"SANTO TOMÉ","La Capital","Asfalto","No existe","I","Dentro","Urbana","Ninguna","No existe","Intersección","Bueno","Buena","Diurna","Buen Tiempo","S/D","S/D","Colisión","S/D","S/D","Ninguna","Sin restricción"
2016,5379,8/11/2016,"Jueves",0,8:15:00,,"0.0",2,"Automóvil,Camión Chasis","Hipolito Irigoyen Y Cristobal Colon",3,1,0,0,2,0,0,,"Calle",,"SANTO TOMÉ","La Capital","Asfalto","No existe","I","Dentro","Urbana","Ninguna","No existe","Intersección","Bueno","Buena","Diurna","Buen Tiempo","Lateral","S/D","Colisión","S/D","Faltante","Ninguna","Sin restricción"
2016,5380,8/9/2016,"Martes",0,15:40:00,,"0.0",2,"Moto/Ciclomotor,Automóvil","Pres Domingo Faustino Sarmient Y Presidente Bernardino Rivadavi",3,1,1,0,1,0,0,,"Calle",,"SANTO TOMÉ","La Capital","Asfalto","No existe","I","Dentro","Urbana","Ninguna","No existe","Intersección","Con baches","Buena","Diurna","Buen Tiempo","S/D","S/D","Colisión","S/D","S/D","Línea divisoria pintada","Sin restricción"
2016,5381,8/1/2016,"Lunes",0,10:15:00,,"0.0",2,"Automóvil,Moto/Ciclomotor","Av 7 de marzo Y Avenida Nuestra Señora del Luj",3,2,0,0,1,0,0,,"Calle",,"SANTO TOMÉ","La Capital","Asfalto","Pavimento","I","Dentro","Urbana","Semáforo","Funciona","Intersección","Bueno","Buena","Diurna","Buen Tiempo","S/D","S/D","Colisión","S/D","Faltante","Línea divisoria pintada","Sin restricción"
2016,5382,8/18/2016,"Jueves",0,17:30:00,,"0.0",2,"Moto/Ciclomotor,Automóvil","Gdor Candioti Y Balcarce",2,1,0,0,1,0,0,,"Calle",,"SANTA FE","La Capital","Asfalto","Pavimento","I","Dentro","Urbana","Ninguna","No existe","Intersección","Bueno","Buena","Diurna","Buen Tiempo","Lateral","S/D","Colisión","S/D","S/D","Línea divisoria pintada","Sin restricción"
2016,5383,8/18/2016,"Jueves",0,7:30:00,,"0.0",2,"Moto/Ciclomotor,Peatón","Avenida Nuestra Señora del Luj Y Vicente Lopez y Planes",2,1,0,0,1,0,0,,"Calle",,"SANTO TOMÉ","La Capital","Asfalto","Pavimento","I","Dentro","Urbana","Ninguna","Funciona","Intersección","Bueno","Buena","Diurna","Buen Tiempo","S/D","Peatón","Atropello","S/D","S/D","Línea divisoria pintada","Sin restricción"
2016,5384,8/19/2016,"Viernes",0,11:30:00,,"0.0",2,"Moto/Ciclomotor,Automóvil","Maletti 2700",2,1,0,0,1,0,0,,"Calle",,"SANTO TOMÉ","La Capital","Asfalto","No existe","I","Dentro","Urbana","Ninguna","No existe","Intersección","Bueno","Buena","Diurna","Buen Tiempo","Lateral","S/D","Colisión","S/D","S/D","Ninguna","Sin restricción"
2016,5385,8/22/2016,"Lunes",0,19:05:00,,"0.0",2,"Moto/Ciclomotor,Automóvil","Hipolito Irigoyen Y General Manuel Belgrano",2,1,0,0,1,0,0,,"Calle",,"SANTO TOMÉ","La Capital","Asfalto","Pavimento","I","Dentro","Urbana","Semáforo","Funciona","Intersección","Bueno","Buena","Atardecer","Buen Tiempo","Lateral","S/D","Colisión","S/D","S/D","Ninguna","Sin restricción"
2016,5386,8/22/2016,"Lunes",0,16:30:00,,"0.0",2,"Moto/Ciclomotor,Otros","General Manuel Belgrano Y Lisandro de La Torre",3,1,0,0,0,0,2,,"Calle",,"SANTO TOMÉ","La Capital","Ripio","No existe","I","Dentro","Urbana","Ninguna","No existe","Intersección","Bueno","Buena","Diurna","Buen Tiempo","S/D","S/D","Colisión","S/D","S/D","Ninguna","Sin restricción"
2016,5387,8/18/2016,"Jueves",0,9:00:00,"Ruta Nacional 11","0.0",2,"Pickup/Utilitario,Moto/Ciclomotor","Primera Junta ",2,0,2,0,0,0,0,,"Ruta",11,"SANTO TOMÉ","La Capital","Asfalto","Natural","I","Dentro","Urbana","Ninguna","No existe","Curva","Bueno","Buena","Diurna","Buen Tiempo","Frontal","S/D","Colisión","S/D","Faltante","Ninguna","Sin restricción"
2016,5388,8/10/2016,"Miercoles",0,20:10:00,,"0.0",2,"Camión,Moto/Ciclomotor","Avenida Nuestra Señora del Luj 3800",2,1,0,0,1,0,0,,"Calle",,"SANTO TOMÉ","La Capital","Asfalto","No existe","I","Dentro","Urbana","Ninguna","No existe","Recta","Bueno","Buena","Nocturna","Buen Tiempo","Frontal","S/D","Colisión","S/D","Faltante","S/D","Sin restricción"
2016,5389,8/13/2016,"Sabado",0,21:05:00,,"0.0",2,"Automóvil,Moto/Ciclomotor","Avenida Nuestra Señora del Luj Y Rca Oriental del Uruguay",5,3,0,0,2,0,0,,"Calle",,"SANTO TOMÉ","La Capital","Asfalto","No existe","I","Dentro","Urbana","Ninguna","Funciona","Intersección","Bueno","Buena","Nocturna","Buen Tiempo","Lateral","S/D","Colisión","S/D","Vertical","Ninguna","Sin restricción"
2016,5390,8/6/2016,"Sabado",0,19:30:00,,"0.0",2,"Moto/Ciclomotor,Automóvil"," ",2,1,0,0,1,0,0,,"Calle",,"LA GUARDIA","La Capital","Hormigón","No existe","I","S/D","Urbana","Ninguna","No existe","Intersección","Bueno","Buena","Nocturna,Con luz artificial","Buen Tiempo","De alcance","S/D","Colisión","Material Suelto","Faltante","Ninguna","Sin restricción"
2016,5391,8/16/2016,"Martes",0,19:30:00,"Ruta Nacional 11","0.0",2,"Moto/Ciclomotor,Peatón"," ",2,1,1,0,0,0,0,,"Ruta",11,"SANTO TOMÉ","La Capital","Asfalto","Natural","I","Dentro","Urbana","Semáforo","Funciona","Recta","Bueno","Buena","Atardecer","Buen Tiempo","S/D","Peatón","Atropello","S/D","Horizontal","Línea divisoria pintada","S/D"
2016,5392,7/20/2016,"Miercoles",0,22:15:00,,"0.0",2,"Moto/Ciclomotor,Automóvil"," ",2,1,0,0,0,0,1,,"S/D",,"SAUCE VIEJO","La Capital","Asfalto","Natural","I","Dentro","Urbana","Otra Señal","No existe","Cruce","Bueno","Reducida","Nocturna","Buen Tiempo","Lateral","S/D","Colisión","Ninguna","Vertical","Línea divisoria pintada","Sin restricción"
2016,5393,9/26/2016,"Lunes",0,8:00:00,"Ruta Nacional 11","0.0",2,"Moto/Ciclomotor,Camión Chasis"," ",2,1,0,0,1,0,0,,"Ruta",11,"SAUCE VIEJO","La Capital","Asfalto","Natural","I","Dentro","Urbana","Otra Señal","No existe","Cruce","Bueno","Buena","Diurna","Buen Tiempo","S/D","S/D","Colisión","Ninguna","Horizontal","Línea divisoria pintada","Sin restricción"
2016,5394,8/16/2016,"Martes",0,20:05:00,,"0.0",2,"Moto/Ciclomotor,Bicicleta","Avenida Nuestra Señora del Luj 3800",2,1,0,0,1,0,0,,"Calle",,"SANTO TOMÉ","La Capital","Asfalto","No existe","I","Dentro","Urbana","Ninguna","No existe","Intersección","Bueno","Buena","Nocturna","Buen Tiempo","Frontal","Ciclista","Atropello","S/D","Faltante","Ninguna","Sin restricción"
2016,5395,8/9/2016,"Martes",0,12:50:00,,"0.0",2,"Moto/Ciclomotor,Pickup/Utilitario","Salvador Caputo Y Francia",2,1,0,0,1,0,0,,"Calle",,"SANTA FE","La Capital","Asfalto","No existe","I","S/D","S/D","Ninguna","No existe","Intersección","Bueno","Buena","Diurna","Buen Tiempo","S/D","S/D","Colisión","Ninguna","S/D","Ninguna","Sin restricción"
2016,5396,8/15/2016,"Lunes",0,19:30:00,"Ruta Nacional 11","0.0",2,"Bicicleta,Moto/Ciclomotor"," ",2,2,0,0,0,0,0,,"Ruta",11,"SANTO TOMÉ","La Capital","Hormigón","Natural","I","S/D","Urbana","Ninguna","No existe","Recta","Bueno","Reducida","Nocturna","Buen Tiempo","S/D","Ciclista","Atropello","Ninguna","Vertical","Línea divisoria pintada","Sin restricción"
2016,5397,8/28/2016,"Domingo",0,22:05:00,,"0.0",2,"Moto/Ciclomotor,Automóvil","Avenida Nuestra Señora del Luj Y Rca Oriental del Uruguay",2,1,0,0,1,0,0,,"Calle",,"SANTO TOMÉ","La Capital","Asfalto","No existe","I","Dentro","Urbana","Semáforo","Funciona","Recta","Bueno","Buena","Nocturna","Buen Tiempo","Lateral","S/D","Colisión","S/D","Horizontal","Ninguna","Sin restricción"
2016,5398,8/29/2016,"Lunes",0,22:30:00,"Ruta Nacional 11","0.0",2,"Automóvil,Taxi/Remis","Ruta Nac 11 Y Calle 8",2,1,0,0,1,0,0,,"Ruta",11,"SAUCE VIEJO","La Capital","S/D","Natural","I","Dentro","Urbana","Ninguna","No existe","Intersección","Bueno","Reducida","Nocturna","Buen Tiempo","Otro","S/D","Colisión","Ninguna","S/D","Ninguna","Sin restricción"
2016,5399,8/10/2016,"Miercoles",0,19:30:00,,"0.0",2,"Moto/Ciclomotor,Automóvil","Junin Y Francia",2,1,0,0,1,0,0,,"Calle",,"SANTA FE","La Capital","S/D","No existe","I","S/D","Urbana","Ninguna","No existe","Intersección","Bueno","Buena","Atardecer","Otro","S/D","S/D","Colisión","Ninguna","S/D","Ninguna","Sin restricción"
2016,5400,8/1/2016,"Lunes",0,6:50:00,"Ruta Provincial 2","12.0",2,"Moto/Ciclomotor,Bicicleta"," ",2,2,0,0,0,0,0,,"Ruta",2,"MONTE VERA","La Capital","Hormigón","Natural","I","Dentro","Urbana","Ninguna","No existe","Recta","Bueno","Reducida","Amanecer,Con luz artificial","Buen Tiempo","S/D","Ciclista","Atropello","S/D","S/D","Ninguna","Sin restricción"
2016,5401,8/22/2016,"Lunes",0,18:00:00,,"0.0",2,"Automóvil,Moto/Ciclomotor"," ",2,1,0,0,1,0,0,,"Calle",,"SANTO TOMÉ","La Capital","Ripio","No existe","I","S/D","Urbana","Ninguna","No existe","Intersección","Bueno","Buena","Diurna","Buen Tiempo","Lateral","S/D","Colisión","Ninguna","Faltante","Ninguna","Sin restricción"
2016,5402,8/11/2016,"Jueves",0,8:55:00,,"0.0",2,"Moto/Ciclomotor,Automóvil","Av Freyre 3200",2,1,0,0,1,0,0,,"Avenida",,"SANTA FE","La Capital","Asfalto","No existe","I","S/D","Urbana","Ninguna","No existe","Recta","Bueno","Buena","Diurna","Buen Tiempo","S/D","S/D","Colisión","Ninguna","S/D","Ninguna","Sin restricción"
2016,5403,8/1/2016,"Lunes",0,7:35:00,,"0.0",2,"Automóvil,Moto/Ciclomotor","LOS QUINTEROS  Y A DEL VALLE",2,1,0,0,1,0,0,,"Calle",,"ANGEL GALLARDO","La Capital","Hormigón","Natural","I","Dentro","Urbana","Ninguna","No existe","Intersección","Bueno","Reducida","Amanecer,Con luz artificial","Buen Tiempo","Lateral","S/D","Colisión","S/D","Faltante","Ninguna","Sin restricción"
2016,5404,8/21/2016,"Domingo",0,12:50:00,"Ruta Nacional 11","448.0",2,"Automóvil,Moto/Ciclomotor"," ",2,1,0,0,1,0,0,,"Ruta",11,"SAUCE VIEJO","La Capital","Asfalto","Pavimento","I","Dentro","Rural","Ninguna","No existe","Recta","Bueno","Buena","Diurna","Buen Tiempo","Lateral","S/D","Colisión","Otro","Faltante","Línea divisoria pintada","Sin restricción"
2016,5406,8/6/2016,"Sabado",0,14:40:00,,"0.0",2,"Pickup/Utilitario,Automóvil","NN Y NN",2,1,0,0,1,0,0,,"S/D",,"SANTA FE","La Capital","S/D","S/D","I","S/D","S/D","S/D","S/D","S/D","S/D","S/D","S/D","S/D","S/D","S/D","Colisión","S/D","S/D","S/D","S/D"
2016,5407,8/2/2016,"Martes",0,15:00:00,"Ruta Provincial 2","0.0",2,"Moto/Ciclomotor,Pickup/Utilitario","Santa Cruz ",3,0,1,0,2,0,0,,"Ruta",2,"MONTE VERA","La Capital","Hormigón","Ripio","I","Dentro","Urbana","Ninguna","No existe","Recta","Bueno","Buena","Diurna","Buen Tiempo","De alcance","S/D","Colisión","S/D","Faltante","Ninguna","Sin restricción"
2016,5408,9/15/2016,"Jueves",0,23:10:00,,"0.0",2,"Camión c / Acoplado,Automóvil"," ",2,1,0,0,1,0,0,,"S/D",,"SAUCE VIEJO","La Capital","Asfalto","Natural","I","Dentro","Rural","Ninguna","No existe","Recta","Bueno","Reducida","Nocturna","Otro","De alcance","S/D","Colisión","Otro","Faltante","Línea divisoria pintada","Sin restricción"
2016,5409,8/4/2016,"Jueves",0,8:20:00,"Ruta Nacional 11","0.0",1,"Bicicleta","Juan de Garay Y Salta",2,1,0,0,1,0,0,,"Ruta",11,"RECREO","La Capital","Hormigón","Natural","I","Dentro","Urbana","Ninguna","No existe","Intersección","Bueno","Buena","Diurna","Buen Tiempo","S/D","Ciclista","Atropello","Ninguna","Horizontal","Línea divisoria pintada","Sin restricción"
2016,5410,8/12/2016,"Viernes",0,13:20:00,,"0.0",1,"Transporte de Pasajeros Urbano (> 8 asientos)","Mariano Comas Y Av Facundo Zuviria",3,1,0,0,2,0,0,,"Avenida",,"SANTA FE","La Capital","Asfalto","No existe","I","Dentro","Urbana","Semáforo","Funciona","Recta","Bueno","Buena","Diurna","Buen Tiempo","Lateral","S/D","Colisión","Ninguna","Vertical","Cordón divisorio","Sin restricción"
2016,5411,8/6/2016,"Sabado",0,7:00:00,,"0.0",2,"Pickup/Utilitario,Automóvil","ARISTOBULO DEL VALLE 11000",5,3,0,0,2,0,0,,"Calle",,"ANGEL GALLARDO","La Capital","Hormigón","Natural","I","Dentro","Urbana","Ninguna","No existe","Recta","Con baches","Buena","Amanecer,Con luz artificial","Buen Tiempo","De alcance","S/D","Colisión","S/D","Faltante","Ninguna","Sin restricción"
2016,5412,8/20/2016,"Sabado",0,5:10:00,"Ruta Provincial 5","1.5",2,"Automóvil,Camión c / Acoplado"," ",2,1,0,0,1,0,0,,"Ruta",5,"RECREO","La Capital","Asfalto","Natural","I","Dentro","Urbana","Ninguna","No existe","Recta","Bueno","Buena","Amanecer","Buen Tiempo","De alcance","S/D","Colisión","Ninguna","Horizontal","Línea divisoria pintada","Sin restricción"
2016,5413,8/13/2016,"Sabado",0,2:30:00,,"0.0",2,"Moto/Ciclomotor,Moto/Ciclomotor","1ro de Mayo Y Alberti",2,2,0,0,0,0,0,,"Calle",,"SANTA FE","La Capital","Asfalto","S/D","I","Dentro","Urbana","S/D","S/D","Recta","Bueno","S/D","Nocturna","Buen Tiempo","S/D","S/D","Colisión","Ninguna","Horizontal,Vertical","Cordón divisorio","Sin restricción"
2016,5414,8/10/2016,"Miercoles",0,12:15:00,,"0.0",2,"Pickup/Utilitario,Moto/Ciclomotor","Reinaldo Lainatti Y Gral Las Heras",2,0,1,0,1,0,0,,"Avenida",,"LLAMBI CAMPBELL","La Capital","Asfalto","S/D","I","S/D","Urbana","Ninguna","S/D","Intersección","Bueno","S/D","Diurna","Buen Tiempo","Lateral","S/D","Colisión","Ninguna","Horizontal","Cordón divisorio","Sin restricción"
2016,5415,8/6/2016,"Sabado",0,19:20:00,"Ruta Provincial 5","0.0",2,"Automóvil,Cuatriciclo"," ",2,1,0,0,1,0,0,,"Ruta",5,"MONTE VERA","La Capital","Hormigón","Natural","I","Dentro","Urbana","Ninguna","No existe","Recta","Bueno","Buena","Atardecer","Buen Tiempo","S/D","Ciclista","Atropello","S/D","Faltante","Ninguna","Sin restricción"
2016,5416,8/14/2016,"Domingo",0,13:40:00,,"0.0",2,"Moto/Ciclomotor,Peatón","España Y Rosario",2,1,0,0,1,0,0,,"Calle",,"RECREO","La Capital","Tierra","Natural","I","Dentro","Rural","S/D","No existe","Recta","Deteriorada","Buena","Diurna","Buen Tiempo","S/D","Peatón","Atropello","S/D","Faltante","Ninguna","Sin restricción"
2016,5417,8/15/2016,"Lunes",0,15:00:00,,"0.0",2,"Automóvil,Moto/Ciclomotor","Pedro Alejandro Vittori Y Padilla",2,1,0,0,1,0,0,,"Calle",,"SANTA FE","La Capital","Asfalto","No existe","I","Dentro","Urbana","Marca Vial","No existe","Intersección","Bueno","Buena","Diurna","Buen Tiempo","Lateral","S/D","Colisión","Ninguna","Horizontal","Cordón divisorio","Sin restricción"
2016,5418,8/16/2016,"Martes",0,21:00:00,"Ruta Provincial 2","0.0",2,"Automóvil,Moto/Ciclomotor","Rio Negro ",2,1,0,0,1,0,0,,"Ruta",2,"MONTE VERA","La Capital","Hormigón","No existe","I","Dentro","Urbana","Ninguna","No existe","Intersección","Bueno","Buena","Atardecer,Con luz artificial","Buen Tiempo","Lateral","S/D","Colisión","S/D","Faltante","Ninguna","Sin restricción"
2016,5419,8/19/2016,"Viernes",0,20:00:00,"Ruta Nacional 11","0.0",2,"Automóvil,Moto/Ciclomotor","Ruta Nacional 11 Y Diaz y Clucellas",2,0,1,0,1,0,0,,"Ruta",11,"RECREO","La Capital","Asfalto","Pavimento","I","S/D","Urbana","Ninguna","No existe","Intersección","Bueno","Buena","Nocturna","Buen Tiempo","S/D","S/D","Colisión","Ninguna","S/D","Ninguna","Sin restricción"
2016,5420,8/29/2016,"Lunes",0,21:30:00,,"0.0",2,"Moto/Ciclomotor,Pickup/Utilitario","CALLEJON QUIROGA Y DR ZAVALLA",2,1,0,0,1,0,0,,"Calle",,"ANGEL GALLARDO","La Capital","Tierra","No existe","I","Dentro","Urbana","Ninguna","No existe","Intersección","Bueno","Buena","Diurna","Buen Tiempo","De alcance","S/D","Colisión","S/D","Faltante","Ninguna","Sin restricción"
2016,5421,8/20/2016,"Sabado",0,,"Ruta Nacional 11","483.0",1,"Moto/Ciclomotor"," ",2,1,0,0,0,0,1,,"Ruta",11,"RECREO","La Capital","Asfalto","Natural","I","Dentro","Urbana","Ninguna","No existe","Recta","Bueno","Buena","Diurna","Buen Tiempo","S/D","Ciclista","Atropello","Ninguna","Faltante","Línea divisoria pintada","Sin restricción"
2016,5422,8/18/2016,"Jueves",0,22:50:00,,"0.0",2,"Automóvil,Moto/Ciclomotor","Pedro Alejandro Vittori Y Agustin Delgado",3,2,0,0,1,0,0,,"Calle",,"SANTA FE","La Capital","Asfalto","No existe","I","Dentro","Urbana","Marca Vial","No existe","Intersección","Bueno","Buena","Nocturna,Con luz artificial","Buen Tiempo","Lateral","S/D","Colisión","Ninguna","Horizontal","Cordón divisorio","Sin restricción"
2016,5423,8/21/2016,"Domingo",0,20:00:00,,"0.0",2,"Moto/Ciclomotor,Automóvil","Simon de Iriondo Y Av Mitre",3,1,0,0,2,0,0,,"Calle",,"RECREO","La Capital","Asfalto","S/D","I","S/D","Urbana","Ninguna","No existe","Intersección","Bueno","Buena","Nocturna","Buen Tiempo","S/D","S/D","Colisión","Ninguna","Faltante","Ninguna","S/D"
2016,5424,8/3/2016,"Miercoles",0,7:45:00,,"0.0",2,"Moto/Ciclomotor,Automóvil","Av San Martin Y Av Pte Peron",2,1,0,0,1,0,0,,"Calle",,"LAGUNA PAIVA","La Capital","Hormigón","No existe","I","Dentro","Urbana","Ninguna","No existe","Intersección","Bueno","Buena","Diurna","Buen Tiempo","Lateral","S/D","Colisión","Ninguna","Vertical","Vegetación","Sin restricción"
2016,5425,8/5/2016,"Viernes",0,1:00:00,,"0.0",2,"Moto/Ciclomotor,Moto/Ciclomotor","Mendoza Y Av L de la Torre",2,2,0,0,0,0,0,,"Calle",,"LAGUNA PAIVA","La Capital","Asfalto","Natural","I","Dentro","Urbana","Ninguna","No existe","Intersección","Bueno","Buena","Nocturna,Con luz artificial","Buen Tiempo","Lateral","S/D","Colisión","S/D","Vertical","Ninguna","Sin restricción"
2016,5426,8/4/2016,"Jueves",0,6:35:00,"Autovía Nacional 19","24.0",2,"Moto/Ciclomotor,Automóvil"," ",2,1,0,0,1,0,0,,"Autovía",19,"SAN AGUSTÍN","Las Colonias","Asfalto","Pavimento","XI","Dentro","Rural","Ninguna","No existe","Recta","Bueno","Reducida","Nocturna","Niebla","Lateral","S/D","Colisión","S/D","Faltante","Vegetación","Sin restricción"
2016,5427,8/24/2016,"Miercoles",0,7:40:00,,"0.0",2,"Moto/Ciclomotor,Automóvil","Pbro Martinez 678",2,1,0,0,1,0,0,,"Calle",,"RECREO","La Capital","Tierra","Natural","I","Dentro","Urbana","Ninguna","No existe","Recta","Bueno","Buena","Diurna","Buen Tiempo","Lateral","S/D","Colisión","Ninguna","Faltante","Ninguna","Sin restricción"