"anio_acci","nro_acci","fecha","desc_dia","fecha_aprox","hora_aprox","desc_ruta","km","cant_participantes","desc_participante","calle_avenida_km","total","heridos_leves","heridos_graves","heridos_gravisimos","ilesos","fallecidos","sin_datos","posicion_XY","desc_tipo_via","desc_ruta_ori","desc_loc","desc_dpto","desc_tipo_calzada","desc_tipo_banquina","desc_unidad_regional","desc_lugar_calzada","desc_zona","desc_prioridad","desc_estado_semaforo","desc_lugar_via","desc_estado_via","desc_estado_visibilidad","desc_luminosidad","desc_estado_clima","desc_tipo_colision","desc_tipo_atropello","desc_tipo_hecho","desc_pres_calzada","desc_senializacion","desc_separacion_via","desc_restriccion"
2016,5428,8/20/2016,"Sabado",0,22:30:00,"Autovía Nacional 19","33.0",2,"Automóvil,Camión Chasis"," ",2,1,0,0,1,0,0,,"Autovía",19,"SAN JERÓNIMO DEL SAUCE","Las Colonias","Asfalto","Natural","XI","S/D","S/D","Marca Vial","No existe","Recta","Bueno","Buena","Nocturna","Buen Tiempo","Lateral","S/D","Colisión","Agua","Horizontal,Vertical","Guardarrail","Sin restricción"
2016,5429,8/28/2016,"Domingo",0,11:30:00,,"0.0",2,"Moto/Ciclomotor,Automóvil","Santa Fe Y Silva",3,1,1,0,1,0,0,,"S/D",,"RECREO","La Capital","Tierra","Natural","I","S/D","Urbana","Ninguna","No existe","Recta","Bueno","Buena","Diurna","Lluvia","S/D","S/D","Colisión","Ninguna","Faltante","Ninguna","Sin restricción"
2016,5430,8/8/2016,"Lunes",0,12:30:00,,"0.0",2,"Camión Chasis,Moto/Ciclomotor","Av Pte Peron Y Juan B Alberdi",2,1,0,0,1,0,0,,"Calle",,"LAGUNA PAIVA","La Capital","Hormigón","No existe","I","Dentro","Urbana","Ninguna","No existe","Intersección","Bueno","Buena","Diurna","Buen Tiempo","De alcance","S/D","Colisión","S/D","Vertical","Ninguna","Sin restricción"
2016,5431,8/12/2016,"Viernes",0,11:30:00,,"0.0",2,"Automóvil,Moto/Ciclomotor","Reg 12 de Infanteria Y Av Peñaloza",2,1,0,0,1,0,0,,"Avenida",,"SANTA FE","La Capital","Hormigón","Pavimento","I","Dentro","Urbana","Semáforo","Funciona","Intersección","Bueno","Buena","Diurna","Buen Tiempo","Lateral","S/D","Colisión","Ninguna","Vertical","Cordón divisorio","S/D"
2016,5432,8/31/2016,"Miercoles",0,10:00:00,,"0.0",2,"Moto/Ciclomotor,Moto/Ciclomotor","JOSE KELLER Y SAN JOSE",2,1,0,0,1,0,0,,"S/D",,"GRUTLY SUR","Las Colonias","Ripio","S/D","XI","S/D","Urbana","Ninguna","No existe","Intersección","Bueno","Buena","Diurna","Buen Tiempo","Lateral","S/D","Colisión","Ninguna","Horizontal","Ninguna","Sin restricción"
2016,5433,8/17/2016,"Miercoles",0,16:00:00,,"0.0",2,"Moto/Ciclomotor,Automóvil","Av Pte Peron 2300",2,1,0,0,1,0,0,,"Calle",,"LAGUNA PAIVA","La Capital","Asfalto","No existe","I","Dentro","Urbana","Ninguna","No existe","Recta","Bueno","Buena","Diurna","Buen Tiempo","Lateral","S/D","Colisión","S/D","Vertical","Ninguna","Sin restricción"
2016,5434,8/27/2016,"Sabado",0,17:30:00,,"0.0",2,"Moto/Ciclomotor,Pickup/Utilitario","KELLER Y MADOERY",3,2,0,0,1,0,0,,"Calle",,"GRUTLY SUR","Las Colonias","Asfalto,Ripio","S/D","XI","S/D","Urbana","Ninguna","No existe","Intersección","Bueno","Buena","Diurna","Buen Tiempo","Lateral","S/D","Colisión","Ninguna","Horizontal","Cordón divisorio","S/D"
2016,5435,8/9/2016,"Martes",0,22:50:00,,"0.0",2,"Automóvil,Automóvil"," ",2,1,0,0,1,0,0,,"Avenida",,"SANTA FE","La Capital","Asfalto","Pavimento","I","Dentro","Urbana","Semáforo","No funciona","Cruce","Bueno","Buena,Reducida p/ objetos","Nocturna,Con luz artificial","Buen Tiempo","Lateral","S/D","Colisión","Material Suelto,Otro","Faltante","Barrera de hormigón,Guardarrail","Obra en Construcción,Reparación de Vía"
2016,5436,8/18/2016,"Jueves",0,0:45:00,,"0.0",2,"Peatón,Moto/Ciclomotor","Guemes 2300",2,1,0,0,1,0,0,,"Calle",,"LAGUNA PAIVA","La Capital","Tierra","No existe","I","Dentro","Urbana","Ninguna","No existe","Recta","Con baches","Reducida","Nocturna,Con luz artificial","Buen Tiempo","S/D","Peatón","Atropello","Ninguna","Faltante","Ninguna","Sin restricción"
2016,5437,8/20/2016,"Sabado",0,18:00:00,,"0.0",2,"Moto/Ciclomotor,Automóvil","Colon Y Moreno",3,2,0,0,1,0,0,,"Calle",,"LAGUNA PAIVA","La Capital","Ripio","No existe","I","Dentro","Urbana","Ninguna","No existe","Intersección","Con baches","Buena","Atardecer,Con luz artificial","Buen Tiempo","Lateral","S/D","Colisión","S/D","Faltante","Ninguna","Sin restricción"
2016,5438,8/20/2016,"Sabado",0,23:00:00,,"0.0",2,"Moto/Ciclomotor,Automóvil","Av Blas Parera Y Callejon Aguirre",3,2,0,0,1,0,0,,"Calle",,"SANTA FE","La Capital","Asfalto","No existe","I","S/D","Urbana","Otra Señal","No existe","Intersección","Bueno","Reducida","Nocturna","Buen Tiempo","De alcance","S/D","Colisión","Ninguna","Faltante","Ninguna","Obra en Construcción"
2016,5439,8/3/2016,"Miercoles",0,,"Ruta Provincial 70","0.0",1,"Automóvil"," ",1,0,1,0,0,0,0,,"Ruta",70,"RIVADAVIA","Las Colonias","Asfalto","Natural","X","Fuera","Rural","Marca Vial","No existe","Recta","Bueno","Buena","Amanecer","Buen Tiempo","S/D","S/D","Despiste","Ninguna","S/D","S/D","Sin restricción"
2016,5440,8/29/2016,"Lunes",0,7:45:00,,"0.0",2,"Moto/Ciclomotor,Automóvil","Cristobal Colon ",3,1,0,0,2,0,0,,"Calle",,"SANTA FE","La Capital","Hormigón","No existe","I","Dentro","Urbana","Ninguna","No existe","Intersección","Bueno","Buena","Amanecer","Buen Tiempo","Lateral","S/D","Colisión","S/D","Vertical","Ninguna","Sin restricción"
2016,5441,8/29/2016,"Lunes",0,20:10:00,"Ruta Secundaria 50-s","0.0",1,"Pickup/Utilitario","General San Martin Ruta S 50 Y San Roque",2,2,0,0,0,0,0,,"Ruta","50-s","LAS TUNAS","Las Colonias","Asfalto","Natural","XI","Fuera","Urbana","Ninguna","No existe","Recta","Con baches","Buena","Nocturna","Buen Tiempo","Contra objeto fijo","S/D","Despiste","Ninguna","Faltante","Ninguna","Sin restricción"
2016,5442,8/22/2016,"Lunes",0,10:50:00,,"0.0",2,"Automóvil,Moto/Ciclomotor","Cafferata 8700",3,2,0,0,1,0,0,,"Calle",,"SANTA FE","La Capital","Asfalto","No existe","I","Dentro","Urbana","Ninguna","No existe","Recta","Bueno","Buena","Diurna","Buen Tiempo","S/D","S/D","Otro","Ninguna","Faltante","Ninguna","Sin restricción"
2016,5443,8/10/2016,"Miercoles",0,16:15:00,"Ruta Provincial 1","5.0",2,"Automóvil,Pickup/Utilitario"," ",2,1,0,0,1,0,0,,"Ruta",1,"SAN JOSÉ DEL RINCÓN","La Capital","Asfalto","Natural","I","Dentro","Urbana","Ninguna","No existe","Recta","Bueno","Buena","Diurna","Buen Tiempo","Lateral","S/D","Colisión","Material Suelto","Horizontal","Cordón divisorio","Sin restricción"
2016,5444,8/11/2016,"Jueves",0,16:15:00,"Ruta Nacional A012","57.0",2,"Camión c / Acoplado,Camión c / Acoplado"," ",2,1,0,0,1,0,0,,"Ruta","A012","RICARDONE","San Lorenzo","Hormigón","Natural","XVII","Dentro","Rural","Ninguna","No existe","Recta","Bueno","Buena","Diurna","Buen Tiempo","S/D","S/D","Colisión","Ninguna","Faltante","Ninguna","Sin restricción"
2016,5445,8/25/2016,"Jueves",0,12:45:00,,"0.0",2,"Automóvil,Automóvil","Cafferata Y Piedrabuena",5,4,0,0,1,0,0,,"Calle",,"SANTA FE","La Capital","Asfalto","No existe","I","S/D","Urbana","Ninguna","No existe","Recta","Bueno","Buena","Diurna","Buen Tiempo","De alcance","S/D","Colisión","Ninguna","Faltante","Ninguna","Sin restricción"
2016,5446,8/10/2016,"Miercoles",0,22:15:00,,"0.0",2,"Moto/Ciclomotor,Pickup/Utilitario","Busaniche Y Jose de San Martin",2,1,0,0,1,0,0,,"Calle",,"SAN JOSÉ DEL RINCÓN","La Capital","Asfalto","No existe","I","Dentro","Urbana","Ninguna","No existe","Intersección","Bueno","Reducida","Nocturna","Buen Tiempo","Lateral","S/D","Colisión","Material Suelto","Faltante","Ninguna","Sin restricción"
2016,5447,8/28/2016,"Domingo",0,19:50:00,,"0.0",2,"Automóvil,Moto/Ciclomotor","Callejon Mendez Y Cafferata",2,1,0,0,1,0,0,,"Calle",,"SANTA FE","La Capital","Asfalto","No existe","I","S/D","Urbana","Ninguna","No existe","Intersección","Con baches","Buena","Atardecer","Buen Tiempo","Lateral","S/D","Colisión","Material Suelto","Faltante","Ninguna","Sin restricción"
2016,5448,8/14/2016,"Domingo",0,13:30:00,,"0.0",2,"Moto/Ciclomotor,Taxi/Remis","Ines Alvarez ",2,1,0,0,1,0,0,,"Calle",,"SAN JOSÉ DEL RINCÓN","La Capital","Ripio","No existe","I","Dentro","Urbana","Ninguna","No existe","Intersección","Bueno","Buena","Diurna","Buen Tiempo","Lateral","S/D","Colisión","Material Suelto","Faltante","Ninguna","Sin restricción"
2016,5449,8/3/2016,"Miercoles",0,12:50:00,,"0.0",1,"Moto/Ciclomotor"," ",2,2,0,0,0,0,0,,"Calle",,"SANTA FE","La Capital","Asfalto","No existe","I","S/D","Urbana","Ninguna","No existe","Recta","Bueno","Buena","Diurna","Buen Tiempo","S/D","S/D","Vuelco","S/D","S/D","Ninguna","Sin restricción"
2016,5450,8/4/2016,"Jueves",0,18:30:00,,"0.0",1,"Automóvil","12 de Octubre Y Chaco",1,1,0,0,0,0,0,,"Calle",,"SANTA FE","La Capital","Asfalto","S/D","I","Dentro","Urbana","Ninguna","No existe","Intersección","Bueno","Buena","Diurna","Buen Tiempo","S/D","S/D","Vuelco","S/D","Vertical","Cordón divisorio","S/D"
2016,5451,8/21/2016,"Domingo",0,22:30:00,,"0.0",2,"Automóvil,Moto/Ciclomotor","Av Peñaloza Y Gorostiaga",3,0,0,0,0,0,3,,"Calle",,"SANTA FE","La Capital","Asfalto","No existe","I","Dentro","Urbana","S/D","No existe","Intersección","Bueno","Reducida","Nocturna","S/D","Lateral","S/D","Colisión","S/D","Faltante","Cordón divisorio","S/D"
2016,5452,8/9/2016,"Martes",0,18:45:00,,"0.0",1,"Automóvil","Av Santa Fe Y Chaco",1,1,0,0,0,0,0,,"Calle",,"SANTA FE","La Capital","Asfalto","No existe","I","Dentro","S/D","Ninguna","No existe","Intersección","Con baches","S/D","Diurna","Buen Tiempo","S/D","S/D","Vuelco","Material Suelto","Faltante","Ninguna","Sin restricción"
2016,5453,8/22/2016,"Lunes",0,17:30:00,,"0.0",2,"Automóvil,Moto/Ciclomotor","Av Lopez y Planes Y Juan Del Campillo",2,0,0,0,0,0,2,,"Calle",,"SANTA FE","La Capital","Asfalto","No existe","I","Dentro","Urbana","S/D","No existe","Intersección","Bueno","S/D","Diurna","S/D","Lateral","S/D","Colisión","S/D","Faltante","Cordón divisorio","S/D"
2016,5454,8/8/2016,"Lunes",0,5:30:00,"Ruta Nacional A012","55.0",2,"Automóvil,Bicicleta"," ",4,1,0,0,3,0,0,,"Ruta","A012","RICARDONE","San Lorenzo","S/D","S/D","XVII","Dentro","Rural","S/D","S/D","S/D","S/D","S/D","S/D","S/D","S/D","Ciclista","Atropello","S/D","S/D","S/D","S/D"
2016,5455,8/23/2016,"Martes",0,12:40:00,,"0.0",2,"Moto/Ciclomotor,Pickup/Utilitario","Av Peñaloza Y Gorostiaga",2,0,0,0,0,0,2,,"Calle",,"SANTA FE","La Capital","Asfalto","No existe","I","Dentro","Urbana","S/D","No existe","Intersección","Bueno","Buena","Diurna","Buen Tiempo","Lateral","S/D","Colisión","S/D","Faltante","Cordón divisorio","S/D"
2016,5456,8/25/2016,"Jueves",0,16:30:00,,"0.0",2,"Pickup/Utilitario,Moto/Ciclomotor","Av Blas Parera Y Lavaisse",3,0,0,0,0,0,3,,"Calle",,"SANTA FE","La Capital","Asfalto","No existe","I","Dentro","Urbana","S/D","Funciona","Intersección","Bueno","Buena","Diurna","S/D","Lateral","S/D","Colisión","S/D","Horizontal,Vertical","Cordón divisorio","Sin restricción"
2016,5457,8/16/2016,"Martes",0,10:30:00,,"0.0",1,"Moto/Ciclomotor"," ",1,0,1,0,0,0,0,,"Calle",,"SANTA FE","La Capital","Ripio","S/D","I","S/D","Urbana","Ninguna","No existe","Intersección","Con baches","Buena","Diurna","Otro","S/D","S/D","S/D","Material Suelto","Faltante","Ninguna","Sin restricción"
2016,5458,8/30/2016,"Martes",0,11:20:00,,"0.0",2,"Automóvil,Peatón","Av Lopez y Planes Y Iturraspe",2,1,0,0,1,0,0,,"Calle",,"SANTA FE","La Capital","Asfalto","No existe","I","Dentro","Urbana","S/D","Funciona","Intersección","Bueno","Buena","Diurna","Buen Tiempo","S/D","Peatón","Atropello","S/D","Horizontal,Vertical","Cordón divisorio","Sin restricción"
2016,5459,8/30/2016,"Martes",0,14:15:00,,"0.0",2,"Taxi/Remis,Moto/Ciclomotor","Av Urquiza Y Domingo Silva",2,0,0,0,0,0,2,,"Calle",,"SANTA FE","La Capital","Asfalto","No existe","I","Dentro","Urbana","S/D","No existe","Intersección","S/D","Buena","Diurna","S/D","Lateral","S/D","Colisión","S/D","Faltante","Cordón divisorio","S/D"
2016,5460,8/23/2016,"Martes",0,7:50:00,,"0.0",2,"Automóvil,Automóvil"," ",2,1,0,0,1,0,0,,"Avenida",,"SANTA FE","La Capital","Asfalto","S/D","I","Dentro","Urbana","Ninguna","No existe","Recta","Bueno","Buena","Diurna","Buen Tiempo","Lateral","S/D","Colisión","S/D","S/D","Ninguna","Sin restricción"
2016,5461,8/1/2016,"Lunes",0,19:20:00,"Ruta Nacional 34","14.0",3,"Camión c / Acoplado,Automóvil,Automóvil"," ",8,6,0,0,2,0,0,,"Ruta",34,"LUIS PALACIOS","San Lorenzo","Asfalto","Natural","XVII","Dentro","Rural","Marca Vial","No existe","Recta","Bueno","Buena","Nocturna","Buen Tiempo","De alcance,Múltiple","S/D","Colisión","S/D","Horizontal","Línea divisoria pintada","Sin restricción"
2016,5462,8/21/2016,"Domingo",0,16:50:00,,"0.0",3,"Automóvil,Pickup/Utilitario,Automóvil","Av A del Valle Y Agustin Delgado",7,1,0,0,6,0,0,,"Calle",,"SANTA FE","La Capital","Asfalto","No existe","I","Dentro","Urbana","Ninguna","No existe","Intersección","Bueno","Buena","Diurna","Buen Tiempo","Lateral,Múltiple","S/D","Colisión","S/D","Faltante","Cordón divisorio","Sin restricción"
2016,5463,8/27/2016,"Sabado",0,15:40:00,,"0.0",1,"Moto/Ciclomotor"," ",1,1,0,0,0,0,0,,"Calle",,"SANTA FE","La Capital","Ripio","Natural","I","S/D","Urbana","Ninguna","No existe","Intersección","S/D","Buena","Diurna","Buen Tiempo","Lateral","S/D","Colisión","S/D","S/D","Ninguna","Sin restricción"
2016,5464,8/16/2016,"Martes",0,13:30:00,"Ruta Nacional 11","40.0",2,"Automóvil,Automóvil"," ",5,1,0,0,4,0,0,,"Ruta",11,"SAN LORENZO","San Lorenzo","S/D","S/D","XVII","Dentro","Urbana","S/D","S/D","Intersección","S/D","S/D","Diurna","S/D","S/D","S/D","Colisión","S/D","S/D","S/D","S/D"
2016,5465,3/1/2016,"Martes",1,,,"0.0",1,"Otros"," ",1,0,0,0,0,1,0,"-32.958524, -60.691951","S/D",,"ROSARIO","Rosario","S/D","S/D","II","S/D","S/D","S/D","S/D","S/D","S/D","S/D","S/D","S/D","S/D","S/D","S/D","S/D","S/D","S/D","S/D"
2016,5466,3/1/2016,"Martes",1,,,"0.0",1,"Otros"," ",1,0,0,0,0,1,0,"-32.947906, -60.679932","S/D",,"ROSARIO","Rosario","S/D","S/D","II","S/D","S/D","S/D","S/D","S/D","S/D","S/D","S/D","S/D","S/D","S/D","S/D","S/D","S/D","S/D","S/D"
2016,5467,7/24/2016,"Domingo",0,1:00:00,"Ruta Provincial 3","7.0",2,"Automóvil,Peatón"," ",3,0,0,0,2,1,0,"-29.397418414169,-60.196493824441","Ruta",3,"VERA","Vera","S/D","S/D","XIX","S/D","S/D","S/D","S/D","Recta","S/D","S/D","Nocturna","S/D","S/D","Peatón","Atropello","S/D","S/D","S/D","S/D"
2016,5468,3/1/2016,"Martes",1,,,"0.0",1,"Otros"," ",1,0,0,0,0,1,0,"-32.951125, -60.682068","S/D",,"ROSARIO","Rosario","S/D","S/D","II","S/D","S/D","S/D","S/D","S/D","S/D","S/D","S/D","S/D","S/D","S/D","S/D","S/D","S/D","S/D","S/D"
2016,5469,3/1/2016,"Martes",1,,,"0.0",1,"Otros"," ",1,0,0,0,0,1,0,"-32.919960, -60.704242","S/D",,"ROSARIO","Rosario","S/D","S/D","II","S/D","S/D","S/D","S/D","S/D","S/D","S/D","S/D","S/D","S/D","S/D","S/D","S/D","S/D","S/D","S/D"
2016,5470,7/24/2016,"Domingo",0,19:00:00,"Autopista Nacional A008","0.0",5,"Automóvil,Camión,Camión c / Acoplado,Automóvil,Pickup/Utilitario","Av. Circunvalacion Y J.J.Paso",9,1,0,0,4,3,1,"-32.920527777778,-60.722972222222","Autopista","A008","ROSARIO","Rosario","Asfalto","S/D","II","Dentro","Urbana","S/D","S/D","Recta","Bueno","S/D","Atardecer","S/D","Múltiple","S/D","Colisión","S/D","S/D","S/D","S/D"
2016,5471,2/5/2016,"Viernes",0,21:00:00,"Ruta Nacional 177","0.0",2,"Bicicleta,Automóvil","Presidente Peron Y 12 de Octubre",2,0,0,0,0,1,1,"-33.239080, -60.331700","Ruta",177,"VILLA CONSTITUCIÓN","Constitución","S/D","S/D","VI","Dentro","Urbana","S/D","S/D","Intersección","S/D","S/D","Nocturna","S/D","S/D","Ciclista","Atropello","S/D","S/D","S/D","S/D"
2016,5472,7/24/2016,"Domingo",0,16:05:00,"Autopista Provincial Brigadier E.López","98.0",2,"Automóvil,Automóvil"," ",3,1,0,0,0,2,0,"-32.045002, -60.989661","Autopista","Brigadier E.López","AROCENA","San Jerónimo","Hormigón","Natural","XV","Dentro","Rural","Ninguna","No existe","Recta","Bueno","Buena","Diurna","Buen Tiempo","Frontal","S/D","Colisión,Despiste","Ninguna","Horizontal","Vegetación","Sin restricción"
2016,5473,3/1/2016,"Martes",1,,,"0.0",1,"Otros"," ",1,0,0,0,0,1,0,"-32.960727, -60.682166","S/D",,"ROSARIO","Rosario","S/D","S/D","II","S/D","S/D","S/D","S/D","S/D","S/D","S/D","S/D","S/D","S/D","S/D","S/D","S/D","S/D","S/D","S/D"
2016,5474,3/1/2016,"Martes",1,,,"0.0",1,"Otros"," ",1,0,0,0,0,1,0,"-32.953462, -60.682783","S/D",,"ROSARIO","Rosario","S/D","S/D","II","S/D","S/D","S/D","S/D","S/D","S/D","S/D","S/D","S/D","S/D","S/D","S/D","S/D","S/D","S/D","S/D"
2016,5475,3/1/2016,"Martes",1,,,"0.0",1,"Otros"," ",1,0,0,0,0,1,0,"-32.953998, -60.695421","S/D",,"ROSARIO","Rosario","S/D","S/D","II","S/D","S/D","S/D","S/D","S/D","S/D","S/D","S/D","S/D","S/D","S/D","S/D","S/D","S/D","S/D","S/D"
2016,5476,7/24/2016,"Domingo",0,5:00:00,"Ruta Provincial 70","0.0",2,"Moto/Ciclomotor,Pickup/Utilitario","A Aufranc Y Rivadavia",4,0,1,0,1,2,0,"-31.443361111111,-60.926583333333","Ruta",70,"ESPERANZA","Las Colonias","S/D","S/D","XI","Dentro","Urbana","S/D","Intermitente","Intersección","S/D","S/D","Nocturna","S/D","Lateral","S/D","Colisión","S/D","Vertical","S/D","S/D"
2016,5477,4/2/2016,"Sabado",0,21:20:00,"Ruta Nacional 11","0.0",2,"Moto/Ciclomotor,Bicicleta","RN11 INGRESO B° SAN CAYETANO ",3,1,0,0,1,1,0,"-32.458790, -60.888659","Ruta",11,"MACIEL","San Jerónimo","Hormigón","Natural","XV","Dentro","Urbana","S/D","S/D","S/D","S/D","S/D","Nocturna","S/D","S/D","Ciclista","Atropello","S/D","S/D","Línea divisoria pintada","S/D"
2016,5478,7/27/2016,"Miercoles",0,13:00:00,,"0.0",3,"Peatón,Automóvil,Transporte de Pasajeros","Av A del Valle 9200",3,0,1,0,1,1,0,"-31.5825,-60.689777777778","Avenida",,"SANTA FE","La Capital","Asfalto","No existe","I","Dentro","Urbana","Ninguna","No existe","Recta","Con baches","Buena","Diurna","Otro","S/D","Peatón","Atropello","Ninguna","Vertical","Ninguna,S/D","Sin restricción"
2016,5479,4/24/2016,"Domingo",0,2:00:00,"Ruta Provincial 93","0.0",2,"Automóvil,Moto/Ciclomotor","RP93 MELINCUE 5KM HACIA FIRMAT ",4,2,0,0,0,2,0,"-33.605375, -61.461502","Ruta",93,"MELINCUÉ","General López","S/D","S/D","VIII","Dentro","Rural","S/D","S/D","Recta","S/D","S/D","Nocturna","S/D","Frontal","S/D","Colisión","S/D","S/D","S/D","S/D"
2016,5480,8/19/2016,"Viernes",0,11:30:00,,"0.0",2,"Automóvil,Moto/Ciclomotor","J B Alberdi Y Sarmiento",3,2,0,0,1,0,0,,"Calle",,"SAN LORENZO","San Lorenzo","S/D","S/D","XVII","Dentro","Urbana","S/D","S/D","Intersección","S/D","S/D","Diurna","S/D","S/D","S/D","Colisión","S/D","S/D","S/D","S/D"
2016,5481,8/5/2016,"Viernes",0,8:00:00,,"0.0",2,"Moto/Ciclomotor,Automóvil","Estanislao Zeballos Y Sebastian Gaboto",2,1,0,0,1,0,0,,"Calle",,"SANTA FE","La Capital","Asfalto","Pavimento","I","Dentro","Urbana","Ninguna","No existe","Intersección","Bueno","Buena","Diurna","Buen Tiempo","Lateral","S/D","Colisión","S/D","Faltante","Ninguna","Sin restricción"
2016,5482,8/10/2016,"Miercoles",0,16:30:00,,"0.0",2,"Cuatriciclo,Automóvil","Ignacio Crespo Y Boneo",2,1,0,0,1,0,0,,"Calle",,"SANTA FE","La Capital","Tierra","Natural","I","Dentro","Urbana","Ninguna","No existe","Intersección","Con baches","Buena","Diurna","Buen Tiempo","S/D","Ciclista","Atropello","Material Suelto","Faltante","Ninguna","Sin restricción"
2016,5483,8/12/2016,"Viernes",0,9:00:00,,"0.0",2,"Moto/Ciclomotor,Moto/Ciclomotor","Ignacio Crespo Y Larrea",2,2,0,0,0,0,0,,"Calle",,"SANTA FE","La Capital","Asfalto,Tierra","Natural","I","Dentro","Urbana","Ninguna","No existe","Intersección","Con baches,Resbaladiza","Buena","Diurna","Buen Tiempo","Lateral","S/D","Colisión","Material Suelto","Faltante","Ninguna","Sin restricción"
2016,5484,8/13/2016,"Sabado",0,14:00:00,,"0.0",2,"Moto/Ciclomotor,Automóvil","Av Blas Parera Y Estado de Israel",2,1,0,0,1,0,0,,"Calle",,"SANTA FE","La Capital","Asfalto","Pavimento","I","Dentro","Urbana","Semáforo","Funciona","Intersección","Deteriorada","Buena","Diurna","Buen Tiempo","Lateral","S/D","Colisión","Material Suelto","Vertical","Cordón divisorio","Sin restricción"
2016,5486,8/17/2016,"Miercoles",0,20:30:00,,"0.0",2,"Moto/Ciclomotor,Automóvil","Av Blas Parera Y Estanislao Zeballos",2,1,0,0,1,0,0,,"Calle",,"SANTA FE","La Capital","Asfalto","Pavimento","I","Dentro","Urbana","Semáforo","Funciona","Intersección","Bueno","Buena","Nocturna,Con luz artificial","Buen Tiempo","Lateral","S/D","Colisión","S/D","Vertical","Cordón divisorio","Sin restricción"
2016,5487,8/21/2016,"Domingo",0,23:00:00,,"0.0",2,"Moto/Ciclomotor,Automóvil","Av Blas Parera Y French",3,2,0,0,1,0,0,,"Calle",,"SANTA FE","La Capital","Hormigón","Pavimento","I","Dentro","Urbana","Semáforo","Funciona","Intersección","S/D","Buena","Nocturna,Con luz artificial","Buen Tiempo","Lateral","S/D","Colisión","Material Suelto","Horizontal,Vertical","Cordón divisorio","Sin restricción"
2016,5488,8/22/2016,"Lunes",0,6:50:00,,"0.0",2,"Moto/Ciclomotor,Moto/Ciclomotor","J Castelli Y Castañaduy",2,2,0,0,0,0,0,,"Calle",,"SANTA FE","La Capital","Asfalto","Natural","I","Dentro","Urbana","Ninguna","No existe","Intersección","Con baches","Reducida","Nocturna,Con luz artificial","Buen Tiempo","Lateral","S/D","Colisión","Material Suelto","Faltante","Ninguna","Sin restricción"
2016,5489,8/22/2016,"Lunes",0,10:00:00,,"0.0",2,"Moto/Ciclomotor,Automóvil","Gdor Rodolfo Lehman Y Matheu",3,2,0,0,1,0,0,,"Calle",,"SANTA FE","La Capital","Hormigón","Pavimento","I","Dentro","Urbana","Ninguna","No existe","Intersección","Deteriorada","Buena","Diurna","Buen Tiempo","Lateral","S/D","Colisión","Material Suelto","Faltante","Ninguna","Sin restricción"
2016,5490,7/18/2016,"Lunes",0,15:00:00,,"0.0",2,"Automóvil,Moto/Ciclomotor","Av. Pte.Peron Y Av. Circunvalacion",2,1,0,0,1,0,0,,"Calle",,"ROSARIO","Rosario","Hormigón","Pavimento","II","Dentro","Urbana","Semáforo","Funciona","Intersección","S/D","S/D","Diurna","S/D","S/D","S/D","Colisión","S/D","S/D","S/D","S/D"
2016,5491,7/7/2016,"Jueves",0,19:20:00,,"0.0",2,"Moto/Ciclomotor,Camión Chasis","Av. Pte.Peron 7800",2,0,1,0,1,0,0,,"Calle",,"ROSARIO","Rosario","Asfalto","Natural","II","Dentro","Urbana","Ninguna","No existe","Recta","Bueno","Buena","Diurna","Buen Tiempo","De alcance","S/D","Colisión","S/D","S/D","Cordón divisorio","Sin restricción"
2016,5492,7/6/2016,"Miercoles",0,8:20:00,,"0.0",1,,"Av. Pte.Peron Y Av. Circunvalacion",2,1,0,0,1,0,0,,"Calle",,"ROSARIO","Rosario","Asfalto","Natural","II","Dentro","Urbana","Ninguna","No existe","Intersección","Bueno","Buena","Diurna","Buen Tiempo","Lateral","S/D","Colisión","S/D","S/D","Cordón divisorio","Sin restricción"
2016,5493,7/6/2016,"Miercoles",0,8:20:00,,"0.0",2,"Automóvil,Otros","Av. Pte.Peron Y Av. Circunvalacion",2,1,0,0,1,0,0,,"Calle",,"ROSARIO","Rosario","Asfalto","Natural","II","Dentro","Urbana","Ninguna","No existe","Intersección","Bueno","Buena","Diurna","Buen Tiempo","Lateral","S/D","Colisión","S/D","S/D","Cordón divisorio","Sin restricción"
2016,5494,7/4/2016,"Lunes",0,23:30:00,,"0.0",2,"Automóvil,Automóvil","Av. Pte.Peron 7600",3,1,0,0,2,0,0,,"Calle",,"ROSARIO","Rosario","Asfalto","Natural","II","Dentro","Urbana","Semáforo","Funciona","Intersección","Bueno","Buena","Nocturna","Buen Tiempo","De alcance","S/D","Colisión","S/D","S/D","Cordón divisorio","Sin restricción"
2016,5495,7/4/2016,"Lunes",0,,,"0.0",2,"Bicicleta,Pickup/Utilitario","Av. De Las Palmeras 3400",2,1,0,0,1,0,0,,"Calle",,"ROSARIO","Rosario","Asfalto","No existe","II","Dentro","Urbana","Ninguna","No existe","Recta","Bueno","Buena","Diurna","Buen Tiempo","S/D","Ciclista","Atropello","S/D","Faltante","Ninguna","Sin restricción"