"anio_acci","nro_acci","fecha","desc_dia","fecha_aprox","hora_aprox","desc_ruta","km","cant_participantes","desc_participante","calle_avenida_km","total","heridos_leves","heridos_graves","heridos_gravisimos","ilesos","fallecidos","sin_datos","posicion_XY","desc_tipo_via","desc_ruta_ori","desc_loc","desc_dpto","desc_tipo_calzada","desc_tipo_banquina","desc_unidad_regional","desc_lugar_calzada","desc_zona","desc_prioridad","desc_estado_semaforo","desc_lugar_via","desc_estado_via","desc_estado_visibilidad","desc_luminosidad","desc_estado_clima","desc_tipo_colision","desc_tipo_atropello","desc_tipo_hecho","desc_pres_calzada","desc_senializacion","desc_separacion_via","desc_restriccion"
2016,5496,7/29/2016,"Viernes",0,17:00:00,,"0.0",2,"Moto/Ciclomotor,Automóvil","Alsina 2850",2,1,0,0,1,0,0,,"Calle",,"ROSARIO","Rosario","Asfalto","S/D","II","Dentro","Urbana","S/D","S/D","Recta","Bueno","Buena","Diurna","S/D","S/D","S/D","Colisión","S/D","S/D","S/D","S/D"
2016,5497,7/24/2016,"Domingo",0,6:40:00,"Autopista Nacional Rosario -Cordoba","310.0",3,"Automóvil,Automóvil,Automóvil"," ",5,0,3,0,0,1,1,"-32.941124122499,-60.813329333496","Autopista","Rosario -Cordoba","FUNES","Rosario","Asfalto","Natural","II","Dentro","Rural","Ninguna","No existe","Recta","Bueno","Reducida","Amanecer","Niebla","De alcance","S/D","Colisión","Ninguna","Horizontal","Ninguna","Sin restricción"
2016,5498,4/1/2016,"Viernes",1,,,"0.0",1,"Moto/Ciclomotor"," ",1,0,0,0,0,1,0,"-31.647476, -60.713563","S/D",,"SANTA FE","La Capital","S/D","S/D","I","S/D","S/D","S/D","S/D","S/D","S/D","S/D","S/D","S/D","S/D","S/D","S/D","S/D","S/D","S/D","S/D"
2016,5499,7/7/2016,"Jueves",0,11:00:00,,"0.0",1,"Automóvil","Moreno 1000",1,1,0,0,0,0,0,,"Calle",,"ÁLVAREZ","Rosario","Asfalto","No existe","II","Dentro","Urbana","Ninguna","No existe","Recta","Con baches","Buena","Diurna","Buen Tiempo","De alcance","S/D","Colisión","Ninguna","Faltante","Ninguna","Sin restricción"
2016,5500,4/1/2016,"Viernes",1,,,"0.0",1,"Otros"," ",1,0,0,0,0,1,0,"-32.994758, -60.774999","S/D",,"PEREZ","Rosario","S/D","S/D","II","S/D","S/D","S/D","S/D","S/D","S/D","S/D","S/D","S/D","S/D","S/D","S/D","S/D","S/D","S/D","S/D"
2016,5501,4/1/2016,"Viernes",1,,,"0.0",1,"Otros"," ",1,0,0,0,0,1,0,"-29.896643, -61.287009","S/D",,"LAS AVISPAS","San Cristóbal","S/D","S/D","XIII","S/D","S/D","S/D","S/D","S/D","S/D","S/D","S/D","S/D","S/D","S/D","S/D","S/D","S/D","S/D","S/D"
2016,5502,4/1/2016,"Viernes",1,,,"0.0",1,"Otros"," ",1,0,0,0,0,1,0,"-31.646323, -60.713286","S/D",,"SANTA FE","La Capital","S/D","S/D","I","S/D","S/D","S/D","S/D","S/D","S/D","S/D","S/D","S/D","S/D","S/D","S/D","S/D","S/D","S/D","S/D"
2016,5503,4/1/2016,"Viernes",1,,,"0.0",1,"Otros"," ",1,0,0,0,0,1,0,"-32.952115, -60.668225","S/D",,"ROSARIO","Rosario","S/D","S/D","II","S/D","S/D","S/D","S/D","S/D","S/D","S/D","S/D","S/D","S/D","S/D","S/D","S/D","S/D","S/D","S/D"
2016,5504,4/1/2016,"Viernes",1,,,"0.0",1,"Otros"," ",1,0,0,0,0,1,0,"-32.850644, -61.255602","S/D",,"CORREA","Iriondo","S/D","S/D","X","S/D","S/D","S/D","S/D","S/D","S/D","S/D","S/D","S/D","S/D","S/D","S/D","S/D","S/D","S/D","S/D"
2016,5505,4/1/2016,"Viernes",1,,,"0.0",1,"Otros"," ",1,0,0,0,0,1,0,"-33.029235, -60.637192","S/D",,"VILLA GOBERNADOR GÁLVEZ","Rosario","S/D","S/D","II","S/D","S/D","S/D","S/D","S/D","S/D","S/D","S/D","S/D","S/D","S/D","S/D","S/D","S/D","S/D","S/D"
2016,5506,4/1/2016,"Viernes",1,,,"0.0",1,"Otros"," ",1,0,0,0,0,1,0,"-32.976311, -60.661493","S/D",,"ROSARIO","Rosario","S/D","S/D","II","S/D","S/D","S/D","S/D","S/D","S/D","S/D","S/D","S/D","S/D","S/D","S/D","S/D","S/D","S/D","S/D"
2016,5507,7/30/2016,"Sabado",0,20:00:00,"Ruta Nacional A008","0.0",1,"Moto/Ciclomotor","Av. Circunvalacion Y Av. Uriburu",1,0,0,0,0,1,0,"-32.991909245555,-60.702210179734","Ruta","A008","ROSARIO","Rosario","S/D","S/D","II","Dentro","Urbana","S/D","S/D","Intersección","S/D","S/D","Nocturna","S/D","Contra objeto fijo","S/D","Colisión,Despiste","S/D","S/D","S/D","S/D"
2016,5508,7/17/2016,"Domingo",0,14:30:00,,"0.0",2,"Peatón,Tren","ROUILLON Y VIAS FERREAS",2,0,0,0,1,1,0,"-32.936976321309,-60.70243529652","Calle",,"ROSARIO","Rosario","S/D","No existe","II","Dentro","Urbana","Ninguna","No existe","Paso a Nivel FFCC","Otro","Buena","Diurna","Otro","S/D","Peatón","Atropello","Ninguna","Faltante","Ninguna","Sin restricción"
2016,5509,7/12/2016,"Martes",0,,,"0.0",2,"Peatón,Tren","Sarratea Bis Y Morrison",3,0,0,0,0,1,2,"-32.925879430003,-60.741138471966","Calle",,"ROSARIO","Rosario","S/D","S/D","II","Dentro","Urbana","S/D","S/D","S/D","S/D","S/D","Diurna","S/D","S/D","Peatón","Atropello","S/D","S/D","S/D","S/D"
2016,5510,7/13/2016,"Miercoles",0,,,"0.0",1,"Automóvil","Pedro Rios 300",2,0,0,0,0,2,0,"-32.920007, -60.792345","Calle",,"FUNES","Rosario","S/D","S/D","II","Fuera","Urbana","S/D","S/D","Recta","S/D","S/D","S/D","S/D","Contra objeto fijo","S/D","Colisión","S/D","S/D","S/D","S/D"
2016,5511,2/29/2016,"Lunes",0,1:40:00,"Autopista Nacional Rosario -Cordoba","300.0",2,"Automóvil,Automóvil"," ",3,1,0,0,1,1,0,"-32.949391, -60.740808","Autopista","Rosario -Cordoba","ROSARIO","Rosario","Hormigón","Natural","II","Dentro","Urbana","S/D","S/D","S/D","S/D","S/D","Nocturna","S/D","S/D","S/D","Colisión","S/D","S/D","S/D","S/D"
2016,5512,6/1/2016,"Miercoles",0,17:30:00,,"0.0",2,"Peatón,Automóvil","Av Urquiza 1700",2,0,0,0,1,1,0,"-31.654805555556,-60.715833333333","Calle",,"SANTA FE","La Capital","Asfalto","No existe","I","Dentro","Urbana","S/D","Funciona","Recta","Bueno","S/D","Diurna","S/D","S/D","Peatón","Atropello","S/D","Horizontal,Vertical","S/D","S/D"
2016,5513,6/3/2016,"Viernes",0,,"Ruta Nacional 34","0.0",2,"Moto/Ciclomotor,Automóvil","Av Int Octavio Zabboli Y M Giay",3,0,1,0,1,1,0,"-31.2345,-61.501527777778","Ruta",34,"RAFAELA","Castellanos","Hormigón","S/D","V","Dentro","Urbana","S/D","S/D","Cruce","S/D","S/D","Nocturna","S/D","S/D","S/D","Colisión","S/D","S/D","S/D","S/D"
2016,5514,6/4/2016,"Sabado",0,7:00:00,"Autopista Provincial Brigadier E.López","117.0",2,"Camión c / Semirremolque,Camión"," ",2,0,0,0,1,1,0,"-31.912901, -60.914429","Autopista","Brigadier E.López","CORONDA","San Jerónimo","Hormigón","Natural","XV","Dentro","Rural","S/D","No existe","Recta","S/D","S/D","Diurna","S/D","S/D","S/D","Colisión","S/D","Horizontal,Vertical","Vegetación","S/D"
2016,5515,6/5/2016,"Domingo",0,19:20:00,"Ruta Provincial 31","27.0",2,"Moto/Ciclomotor,Automóvil"," ",3,0,0,0,2,1,0,"-28.873825, -59.699694","Ruta",31,"LANTERI","General Obligado","S/D","S/D","IX","Dentro","S/D","S/D","S/D","S/D","S/D","S/D","S/D","S/D","S/D","S/D","Colisión","S/D","S/D","S/D","S/D"
2016,5516,5/5/2016,"Jueves",0,23:30:00,,"0.0",2,"Moto/Ciclomotor,Automóvil","Urquiza Y Paraguay",4,1,1,0,1,1,0,"-32.828194444444,-61.403","Calle",,"CAÑADA DE GÓMEZ","Iriondo","S/D","S/D","X","Dentro","Urbana","S/D","S/D","Intersección","S/D","S/D","Nocturna","S/D","S/D","S/D","Colisión","S/D","S/D","S/D","S/D"
2016,5517,6/19/2016,"Domingo",0,18:00:00,"Ruta Nacional 11","420.0",2,"Automóvil,Camión"," ",2,0,0,0,0,1,1,"-31.992825, -60.930346","Ruta",11,"CORONDA","San Jerónimo","Hormigón","Natural","XV","Dentro","Rural","S/D","S/D","S/D","S/D","S/D","Atardecer","S/D","S/D","S/D","Colisión","S/D","S/D","S/D","S/D"
2016,5518,6/22/2016,"Miercoles",0,,,"0.0",2,"Moto/Ciclomotor,Automóvil","25 de Mayo Y S Kaenel",2,0,0,0,1,1,0,"-29.504233, -59.748569","Calle",,"ROMANG","San Javier","S/D","Natural","XIV","Dentro","Urbana","S/D","S/D","Recta","S/D","S/D","Atardecer","S/D","S/D","S/D","Colisión","S/D","S/D","S/D","S/D"
2016,5519,6/25/2016,"Sabado",0,6:00:00,"Ruta Nacional 95","0.0",2,"Automóvil,Camión c / Acoplado"," ",2,0,0,0,1,1,0,"-32.434752, -60.820874","Ruta",95,"GABOTO","San Jerónimo","Hormigón","Natural","XV","Dentro","S/D","S/D","No existe","Recta","S/D","S/D","Diurna","S/D","De alcance","S/D","Colisión","S/D","Horizontal","Línea divisoria pintada","S/D"
2016,5520,7/19/2016,"Martes",0,11:30:00,,"0.0",2,"Moto/Ciclomotor,Automóvil","Solis Y Bv. 27 De Febrero",2,1,0,0,1,0,0,,"Calle",,"ROSARIO","Rosario","Asfalto","No existe","II","Dentro","Urbana","Ninguna","No existe","Intersección","S/D","Buena","Diurna","Otro","Lateral","S/D","Colisión","Ninguna","Faltante","Ninguna","Sin restricción"
2016,5521,7/21/2016,"Jueves",0,21:00:00,,"0.0",2,"Vehículo Oficial,Moto/Ciclomotor","Roullon Y Garay",3,2,0,0,1,0,0,,"Calle",,"ROSARIO","Rosario","Asfalto","No existe","II","Dentro","Urbana","Ninguna","No existe","Intersección","S/D","Buena","Nocturna","S/D","Lateral","S/D","Colisión","Ninguna","Faltante","Ninguna","Sin restricción"
2016,5522,7/15/2016,"Viernes",0,1:10:00,"Ruta Nacional 9","0.0",2,"Moto/Ciclomotor,Pickup/Utilitario","Los Tordos ",3,1,1,0,1,0,0,,"Ruta",9,"FUNES","Rosario","Asfalto","Natural","II","Dentro","Urbana","S/D","Funciona","Recta","Bueno","Buena","Nocturna,Con luz artificial","Buen Tiempo","S/D","S/D","Colisión","S/D","Horizontal,Vertical","Línea divisoria pintada","Sin restricción"
2016,5523,7/19/2016,"Martes",0,,,"0.0",2,"Pickup/Utilitario,Moto/Ciclomotor","Elorza Y Leloir",2,1,0,0,1,0,0,,"Calle",,"FUNES","Rosario","Tierra","Natural","II","Dentro","Urbana","S/D","No existe","Intersección","Con baches","Buena","Diurna","Buen Tiempo","S/D","S/D","Colisión","S/D","Faltante","Ninguna","Sin restricción"
2016,5524,7/24/2016,"Domingo",0,9:45:00,"Ruta Nacional Rosario -Cordoba","310.0",2,"Pickup/Utilitario,Moto/Ciclomotor"," ",2,0,1,0,1,0,0,,"Ruta","Rosario -Cordoba","FUNES","Rosario","Asfalto","Natural","II","Dentro","Urbana","Ninguna","No existe","Recta","Bueno","Buena","Diurna","Buen Tiempo","De alcance","S/D","Colisión","S/D","Horizontal","Vegetación","Sin restricción"
2016,5525,7/27/2016,"Miercoles",0,19:40:00,,"0.0",2,"Peatón,Moto/Ciclomotor","Santa Fe Y Moreno",2,1,0,0,1,0,0,,"Calle",,"FUNES","Rosario","Asfalto","Pavimento","II","Dentro","Urbana","S/D","No existe","Recta","S/D","Buena","Nocturna,Con luz artificial","Buen Tiempo","S/D","Peatón","Atropello","S/D","S/D","Cordón divisorio","Sin restricción"
2016,5526,7/31/2016,"Domingo",0,16:00:00,"Ruta Nacional Rosario -Cordoba","305.0",1,"Automóvil"," ",1,1,0,0,0,0,0,,"Ruta","Rosario -Cordoba","FUNES","Rosario","Asfalto","Pavimento","II","Dentro","Urbana","Ninguna","S/D","Recta","Bueno","S/D","S/D","Buen Tiempo","S/D","S/D","Vuelco","S/D","Horizontal","Vegetación","Sin restricción"
2016,5527,7/1/2016,"Viernes",0,,,"0.0",2,"Automóvil,Moto/Ciclomotor","J.J.Paso 7600",2,1,0,0,1,0,0,,"Calle",,"ROSARIO","Rosario","Asfalto","No existe","II","Dentro","Urbana","Semáforo","Funciona","Intersección","Bueno","Buena","Diurna","Buen Tiempo","Lateral","S/D","Colisión","S/D","S/D","Ninguna","Sin restricción"
2016,5528,7/13/2016,"Miercoles",0,,,"0.0",2,"Pickup/Utilitario,Otros","Bv. Wilde Y Cordoba",2,1,0,0,1,0,0,,"Calle",,"ROSARIO","Rosario","Asfalto","No existe","II","Dentro","Urbana","Ninguna","No existe","Rotonda","Bueno","Buena","Diurna","Buen Tiempo","Frontal","S/D","Colisión","Ninguna","Faltante","S/D","Sin restricción"
2016,5529,7/1/2016,"Viernes",0,,,"0.0",2,"Automóvil,Moto/Ciclomotor","Sarratea Bis Y Bv. Argentino",2,1,0,0,1,0,0,,"Calle",,"ROSARIO","Rosario","Asfalto","No existe","II","Dentro","Urbana","Ninguna","No existe","Intersección","Bueno","Buena","Diurna","Buen Tiempo","Lateral","S/D","Colisión","S/D","Faltante","Ninguna","Sin restricción"
2016,5530,5/7/2016,"Sabado",0,2:50:00,"Ruta Nacional 168","0.0",1,"Automóvil"," ",1,1,0,0,0,0,0,,"Ruta",168,"SANTA FE","La Capital","S/D","S/D","I","Dentro","Urbana","S/D","S/D","S/D","S/D","S/D","Nocturna","S/D","S/D","S/D","Vuelco","S/D","S/D","S/D","S/D"
2016,5531,5/8/2016,"Domingo",0,8:00:00,,"0.0",2,"Moto/Ciclomotor,Peatón","Cafferata 8760",2,1,0,0,1,0,0,,"Calle",,"SANTA FE","La Capital","S/D","S/D","I","Dentro","Urbana","S/D","S/D","S/D","S/D","S/D","Diurna","S/D","S/D","Peatón","Atropello","S/D","S/D","S/D","S/D"
2016,5532,5/23/2016,"Lunes",0,9:55:00,,"0.0",2,"Tren,Transporte de Pasajeros Urbano (> 8 asientos)","Mendoza Y Lamadrid",3,1,0,0,2,0,0,,"Calle",,"SANTA FE","La Capital","S/D","S/D","I","Dentro","Urbana","S/D","S/D","Recta","S/D","S/D","Diurna","S/D","S/D","S/D","Colisión","S/D","S/D","S/D","S/D"
2016,5533,5/23/2016,"Lunes",0,6:30:00,"Ruta Provincial 70","0.0",2,"Camión c / Acoplado,Camión","Av de Circunvalacion ",2,1,0,0,1,0,0,,"Ruta",70,"RECREO","La Capital","S/D","S/D","I","Dentro","Urbana","S/D","S/D","S/D","S/D","S/D","Diurna","S/D","S/D","S/D","Colisión","S/D","S/D","S/D","S/D"
2016,5534,5/7/2016,"Sabado",0,,,"0.0",2,"Bicicleta,Automóvil","Calle 121 ",2,1,0,0,1,0,0,,"Calle",,"AVELLANEDA","General Obligado","S/D","S/D","IX","Dentro","Urbana","S/D","S/D","Recta","S/D","S/D","Diurna","S/D","S/D","Ciclista","Atropello","S/D","S/D","S/D","S/D"
2016,5535,5/8/2016,"Domingo",0,23:50:00,"Ruta Nacional 33","669.0",2,"Camión,Camión"," ",2,1,0,0,1,0,0,,"Ruta",33,"CAÑADA DEL UCLE","General López","S/D","S/D","VIII","Dentro","Urbana","S/D","S/D","S/D","S/D","S/D","Nocturna","S/D","S/D","S/D","Colisión","S/D","S/D","S/D","S/D"
2016,5536,5/13/2016,"Viernes",0,16:40:00,,"0.0",2,"Automóvil,Otros","Av Circunvalación Y Mendoza",3,2,0,0,0,0,1,,"Calle",,"SANTA FE","La Capital","S/D","S/D","I","Dentro","Urbana","S/D","S/D","S/D","S/D","S/D","Diurna","S/D","S/D","S/D","Colisión","S/D","S/D","S/D","S/D"
2016,5537,7/15/2016,"Viernes",0,,,"0.0",2,"Otros,Automóvil","Av. Circunvalacion Y J.J.Paso",2,1,0,0,1,0,0,,"Calle",,"ROSARIO","Rosario","Asfalto","No existe","II","Dentro","Urbana","Semáforo","Funciona","Intersección","Bueno","Buena","Diurna","Buen Tiempo","Lateral","S/D","Colisión","S/D","Vertical","Ninguna","Sin restricción"
2016,5538,7/20/2016,"Miercoles",0,,,"0.0",2,"Automóvil,Moto/Ciclomotor","Gorriti Y Nicaragua",2,1,0,0,1,0,0,,"Calle",,"ROSARIO","Rosario","Asfalto","No existe","II","Dentro","Urbana","Ninguna","No existe","Intersección","Bueno","Buena","Diurna","Buen Tiempo","Lateral","S/D","Colisión","S/D","Faltante","Ninguna","Sin restricción"
2016,5539,7/25/2016,"Lunes",0,,,"0.0",2,"Automóvil,Moto/Ciclomotor","Babbini Y Velez Sarsfield",2,1,0,0,1,0,0,,"Calle",,"ROSARIO","Rosario","Asfalto","No existe","II","Dentro","Urbana","Ninguna","No existe","Intersección","Bueno","Buena","Diurna","Buen Tiempo","Lateral","S/D","Colisión","S/D","Faltante","Ninguna","Sin restricción"
2016,5540,7/28/2016,"Jueves",0,13:30:00,,"0.0",2,"Bicicleta,Moto/Ciclomotor","Urquiza Y Dr Borzone",2,1,0,0,1,0,0,,"Calle",,"PEREZ","Rosario","S/D","No existe","II","Dentro","Urbana","Ninguna","No existe","Intersección","S/D","Buena","Diurna","S/D","Lateral","Ciclista","Atropello","Ninguna","Faltante","Ninguna","Sin restricción"
2016,5541,12/1/2016,"Jueves",0,6:00:00,,"0.0",2,"Automóvil,Moto/Ciclomotor","Av. Ovidio Lagos Y 26 de Agosto",3,1,0,0,2,0,0,,"Calle",,"ROSARIO","Rosario","Asfalto","Pavimento","II","Dentro","Urbana","Ninguna","No existe","Recta","Bueno","Buena","Diurna","Buen Tiempo","De alcance","S/D","Colisión","S/D","Faltante","Cordón divisorio","Sin restricción"
2016,5542,7/14/2016,"Jueves",0,19:00:00,,"0.0",2,"Otros,Moto/Ciclomotor","Matienzo Y Gaboto",2,1,0,0,1,0,0,,"Calle",,"ROSARIO","Rosario","Asfalto","S/D","II","Dentro","Urbana","Ninguna","S/D","Intersección","Con baches","S/D","Diurna","Buen Tiempo","S/D","S/D","Colisión","S/D","Faltante","Ninguna","Sin restricción"
2016,5543,7/17/2016,"Domingo",0,8:10:00,"Ruta Nacional 33","0.0",1,"Automóvil","Laprida ",3,2,1,0,0,0,0,,"Ruta",33,"ZAVALLA","Rosario","Asfalto","Natural","II","Dentro","Urbana","Ninguna","No existe","Curva","Bueno","Buena","Amanecer","Buen Tiempo","S/D","S/D","Vuelco","S/D","Faltante","Cordón divisorio","Sin restricción"
2016,5544,7/9/2016,"Sabado",0,2:40:00,,"0.0",3,"Automóvil,Automóvil,Automóvil","Sastre Bv Y Villarino Bv",5,5,0,0,0,0,0,,"Calle",,"ZAVALLA","Rosario","Asfalto","Natural","II","Dentro","Urbana","Semáforo","Funciona","Recta","Bueno","Buena","Nocturna","Buen Tiempo","De alcance,Múltiple","S/D","Colisión","S/D","Vertical","Cordón divisorio","Sin restricción"
2016,5545,7/5/2016,"Martes",0,21:41:00,,"0.0",2,"Pickup/Utilitario,Moto/Ciclomotor","San Martin 1146",4,2,0,0,2,0,0,,"Calle",,"SOLDINI","Rosario","Asfalto","Natural","II","Dentro","Urbana","Ninguna","No existe","Recta","Bueno","Buena","Nocturna","Buen Tiempo","Lateral","S/D","Colisión","S/D","Faltante","Ninguna","Sin restricción"
2016,5546,7/16/2016,"Sabado",0,12:20:00,"Ruta Nacional 33","849.0",2,"Moto/Ciclomotor,Automóvil"," ",3,2,0,0,1,0,0,,"Ruta",33,"PEREZ","Rosario","S/D","No existe","II","Dentro","Urbana","Ninguna","No existe","Recta","S/D","Buena","Diurna","Buen Tiempo","S/D","S/D","Colisión","S/D","Faltante","Línea divisoria pintada","Sin restricción"
2016,5547,7/20/2016,"Miercoles",0,12:30:00,,"0.0",2,"Pickup/Utilitario,Moto/Ciclomotor","Dr Borzone Y Lavalle",2,1,0,0,1,0,0,,"Calle",,"PEREZ","Rosario","Asfalto","No existe","II","Dentro","Urbana","Ninguna","No existe","Intersección","S/D","Buena","Diurna","S/D","Lateral","S/D","Colisión","S/D","Faltante","Ninguna","Sin restricción"
2016,5548,8/7/2016,"Domingo",0,9:40:00,,"0.0",2,"Peatón,Automóvil","Av Pte Peron Y Domingo Silva",2,1,0,0,1,0,0,,"Avenida",,"SANTA FE","La Capital","Asfalto","No existe","I","Dentro","Urbana","Ninguna","No existe","Recta","Con baches,Deteriorada","Buena","Diurna","Buen Tiempo","S/D","Peatón","Atropello","Ninguna","Faltante","Cordón divisorio","Sin restricción"
2016,5549,8/6/2016,"Sabado",0,21:00:00,,"0.0",2,"Bicicleta,Automóvil","Bv Galvez 2300",2,0,0,0,1,0,1,,"Avenida",,"SANTA FE","La Capital","Asfalto","No existe","I","Dentro","Urbana","S/D","S/D","Recta","S/D","S/D","Nocturna","S/D","S/D","Ciclista","Atropello","S/D","Horizontal,Vertical","Cordón divisorio","S/D"
2016,5550,7/7/2016,"Jueves",0,12:00:00,,"0.0",2,"Peatón,Moto/Ciclomotor","Diagonal Goyena Y San Lorenzo",3,3,0,0,0,0,0,,"Calle",,"SANTA FE","La Capital","Asfalto","S/D","I","Dentro","Urbana","Ninguna","No existe","Intersección","Bueno","Buena","Diurna","Buen Tiempo","S/D","Peatón","Atropello","Ninguna","Horizontal","Cordón divisorio","Sin restricción"
2016,5551,8/1/2016,"Lunes",1,,,"0.0",2,"Automóvil,Camión c / Semirremolque"," ",2,1,0,0,1,0,0,,"S/D",,"LUIS PALACIOS","San Lorenzo","S/D","S/D","XVII","S/D","S/D","S/D","S/D","S/D","S/D","S/D","S/D","S/D","S/D","S/D","Colisión","S/D","S/D","S/D","S/D"
2016,5552,8/3/2016,"Miercoles",0,13:00:00,,"0.0",2,"Bicicleta,Otros","Nicolas Schneider Y Dr Galvez",2,1,0,0,1,0,0,,"Calle",,"ESPERANZA","Las Colonias","Asfalto","No existe","XI","Dentro","Urbana","Ninguna","No existe","Intersección","Bueno","Buena","Diurna","Buen Tiempo","S/D","Ciclista","Atropello","Ninguna","Faltante","S/D","Sin restricción"
2016,5553,7/6/2016,"Miercoles",0,11:50:00,,"0.0",2,"Peatón,Otros","Av A del Valle Y Estanislao Zeballos",2,1,0,0,1,0,0,,"Avenida",,"SANTA FE","La Capital","Asfalto","No existe","I","Dentro","Urbana","Semáforo","Funciona","Intersección","Bueno","Buena","Diurna","Buen Tiempo","S/D","Peatón","Atropello","Ninguna","Vertical","Cordón divisorio","Sin restricción"
2016,5554,5/17/2016,"Martes",0,13:20:00,,"0.0",2,"Bicicleta,Otros","Rosario ",2,1,0,0,0,0,1,,"Calle",,"CHABAS","Caseros","Asfalto","No existe","IV","Dentro","Urbana","Ninguna","No existe","Recta","Bueno","Buena","Diurna","Buen Tiempo","S/D","S/D","Caída ocupante,Atropello","Ninguna","S/D","S/D","Sin restricción"
2016,5555,7/22/2016,"Viernes",0,11:15:00,,"0.0",2,"Peatón,Automóvil","Yapeyu 1817",2,1,0,0,1,0,0,,"Calle",,"PEREZ","Rosario","Asfalto","No existe","II","Dentro","Urbana","Ninguna","No existe","Recta","Bueno","Buena","Diurna","Buen Tiempo","S/D","Peatón","Atropello","S/D","Faltante","Ninguna","Sin restricción"
2016,5556,7/20/2016,"Miercoles",0,19:30:00,"Ruta Nacional 33","0.0",2,"Moto/Ciclomotor,Automóvil","Ley 1420 ",2,1,0,0,1,0,0,,"Ruta",33,"PEREZ","Rosario","S/D","No existe","II","Dentro","Urbana","Ninguna","No existe","Intersección","S/D","Buena","Nocturna","Buen Tiempo","Lateral","S/D","Colisión","S/D","Faltante","Línea divisoria pintada","Sin restricción"
2016,5557,8/30/2016,"Martes",0,18:30:00,"Ruta Provincial 63","0.0",2,"Peatón,Pickup/Utilitario"," ",2,0,1,0,1,0,0,,"Ruta",63,"COLONIA MARGARITA","Castellanos","Tierra","Natural","V","Dentro","Urbana","Ninguna","No existe","Recta","Deteriorada","Reducida polvo","Atardecer","Buen Tiempo","S/D","Peatón","Atropello","S/D","Faltante","Ninguna","Sin restricción"
2016,5558,8/30/2016,"Martes",0,10:15:00,,"0.0",2,"Automóvil,Moto/Ciclomotor","Santa Cruz Y Arturo Frondizi",2,0,1,0,1,0,0,,"Calle",,"SUNCHALES","Castellanos","Ripio","Natural","V","Dentro","Urbana","Ninguna","No existe","Intersección","Con baches","Buena","Diurna","Buen Tiempo","Lateral","S/D","Colisión","S/D","Faltante","Ninguna","Accidente Previo"
2016,5559,8/30/2016,"Martes",0,20:30:00,"Ruta Provincial 70","70.0",3,"Automóvil,Pickup/Utilitario,Pickup/Utilitario"," ",9,4,1,0,4,0,0,,"Ruta",70,"BELLA ITALIA","Castellanos","Asfalto","Natural","V","Dentro","Urbana","Ninguna","No existe","Recta","Bueno","Buena","Nocturna","Buen Tiempo","Múltiple","S/D","Colisión","S/D","S/D","Línea divisoria pintada","Sin restricción"
2016,5560,8/18/2016,"Jueves",0,22:30:00,"Ruta Secundaria 292-s","3.0",2,"Camión c / Acoplado,Automóvil"," ",2,1,0,0,1,0,0,,"Ruta","292-s","VILLA MINETTI","9 de Julio","Asfalto","Natural","XII","Dentro","Urbana","Ninguna","No existe","Recta","Bueno","Buena","Nocturna","Buen Tiempo","Lateral","S/D","Colisión","S/D","Horizontal","Ninguna","Sin restricción"
2016,5561,8/6/2016,"Sabado",0,0:30:00,,"0.0",2,"Moto/Ciclomotor,Moto/Ciclomotor","Independencia Y Julio A Roca",3,1,2,0,0,0,0,,"Calle",,"TOSTADO","9 de Julio","Hormigón","No existe","XII","Dentro","Urbana","Semáforo","Funciona","Intersección","Bueno","Buena","Nocturna","Buen Tiempo","S/D","S/D","Colisión","S/D","Faltante","Ninguna","Sin restricción"
2016,5562,8/14/2016,"Domingo",0,5:40:00,"Ruta Secundaria 294-s","0.0",1,"Moto/Ciclomotor"," ",2,2,0,0,0,0,0,,"Ruta","294-s","GREGORIA P. DE DENIS","9 de Julio","Asfalto","Natural","XII","Dentro","Rural","Ninguna","No existe","Recta","Con baches","Buena","Nocturna","Buen Tiempo","S/D","S/D","Caída ocupante","S/D","S/D","Línea divisoria pintada","Obra en Construcción"
2016,5563,8/20/2016,"Sabado",0,10:00:00,"Ruta Provincial 4","23.0",2,"Moto/Ciclomotor,Pickup/Utilitario"," ",2,1,0,0,1,0,0,,"Ruta",4,"SANTO DOMINGO","Las Colonias","Asfalto","Natural","XI","Dentro","Rural","Otra Señal","No existe","Recta","Con baches","Buena","Diurna","Buen Tiempo","S/D","S/D","Colisión","Ninguna","Horizontal","Línea divisoria pintada","Reparación de Vía"
2016,5564,8/5/2016,"Viernes",0,10:30:00,"Ruta Secundaria 31-s","49.0",1,"Moto/Ciclomotor"," ",1,1,0,0,0,0,0,,"Ruta","31-s","INGENIERO CHANOURDIE","General Obligado","Asfalto","Ripio","IX","Fuera","Rural","Ninguna","No existe","Recta","Deteriorada","Buena","Amanecer","Buen Tiempo","S/D","S/D","Caída ocupante","Material Suelto","Vertical","Línea divisoria pintada","Sin restricción"
2016,5565,8/5/2016,"Viernes",0,19:30:00,,"0.0",2,"Moto/Ciclomotor,Moto/Ciclomotor","De las Naciones Y Lavalle",2,2,0,0,0,0,0,,"Calle",,"ESPERANZA","Las Colonias","Asfalto","S/D","XI","Dentro","Urbana","Otra Señal","No existe","Intersección","Bueno","Buena","Nocturna","Buen Tiempo","S/D","S/D","Colisión","Agua","S/D","Línea divisoria pintada","Sin restricción"
2016,5566,8/11/2016,"Jueves",0,13:00:00,,"0.0",2,"Automóvil,Moto/Ciclomotor","Uriburu Y Tucuman",2,0,0,0,1,0,1,,"Calle",,"SAN LORENZO","San Lorenzo","S/D","S/D","XVII","Dentro","Urbana","S/D","S/D","S/D","S/D","Buena","Diurna","S/D","S/D","S/D","Colisión","S/D","S/D","S/D","S/D"