"anio_acci","nro_acci","fecha","desc_dia","fecha_aprox","hora_aprox","desc_ruta","km","cant_participantes","desc_participante","calle_avenida_km","total","heridos_leves","heridos_graves","heridos_gravisimos","ilesos","fallecidos","sin_datos","posicion_XY","desc_tipo_via","desc_ruta_ori","desc_loc","desc_dpto","desc_tipo_calzada","desc_tipo_banquina","desc_unidad_regional","desc_lugar_calzada","desc_zona","desc_prioridad","desc_estado_semaforo","desc_lugar_via","desc_estado_via","desc_estado_visibilidad","desc_luminosidad","desc_estado_clima","desc_tipo_colision","desc_tipo_atropello","desc_tipo_hecho","desc_pres_calzada","desc_senializacion","desc_separacion_via","desc_restriccion"
2016,5567,8/29/2016,"Lunes",0,19:15:00,,"0.0",2,"Pickup/Utilitario,Moto/Ciclomotor","B Mitre Y Bernardino Rivadavia",4,4,0,0,0,0,0,,"Calle",,"FRANCK","Las Colonias","Hormigón","No existe","XI","Dentro","Urbana","Policía de tránsito","No existe","Intersección","Bueno","Reducida","Atardecer","Buen Tiempo","De alcance","S/D","Colisión","S/D","Vertical","Ninguna","Sin restricción"
2016,5568,8/26/2016,"Viernes",0,15:05:00,,"0.0",2,"Automóvil,Automóvil","Rosario Y Urquiza",3,3,0,0,0,0,0,,"Calle",,"FRANCK","Las Colonias","Hormigón","No existe","XI","Dentro","Urbana","Ninguna","No existe","Intersección","Bueno","S/D","Diurna","Buen Tiempo","Lateral","S/D","Colisión","Ninguna","Vertical","S/D","Sin restricción"
2016,5569,8/11/2016,"Jueves",0,17:20:00,"Ruta Nacional 11","0.0",2,"Moto/Ciclomotor,Camión c / Semirremolque","9 de Julio ",2,1,0,0,1,0,0,,"Ruta",11,"SAN JUSTO","San Justo","Asfalto","Pavimento","XVI","Dentro","Urbana","Semáforo","Funciona","Intersección","Bueno","Buena","Atardecer","Buen Tiempo","De alcance","S/D","Colisión","S/D","Vertical","Cordón divisorio","Sin restricción"
2016,5570,8/11/2016,"Jueves",0,19:00:00,,"0.0",2,"Automóvil,Bicicleta","Mantovani J Y Cno San Roque",2,1,0,0,1,0,0,,"Calle",,"SAN JUSTO","San Justo","Asfalto","No existe","XVI","Dentro","Urbana","Ninguna","No existe","Recta","Deteriorada","Buena","Diurna","Buen Tiempo","S/D","Ciclista","Atropello","S/D","Faltante","Ninguna","Sin restricción"
2016,5571,8/13/2016,"Sabado",0,13:00:00,,"0.0",2,"Moto/Ciclomotor,Automóvil","Bv C Pellegrini Y Fco Angeloni",3,1,0,0,2,0,0,,"Calle",,"SAN JUSTO","San Justo","Asfalto","Natural","XVI","Dentro","Urbana","Ninguna","No existe","Intersección","Bueno","Buena","Diurna","Buen Tiempo","De alcance","S/D","Colisión","S/D","Faltante","Ninguna","Sin restricción"
2016,5572,8/5/2016,"Viernes",0,8:10:00,,"0.0",2,"Moto/Ciclomotor,Automóvil","Ruta Nacional 9 Y Buenos Aires",2,1,0,0,1,0,0,,"Calle",,"ROLDÁN","San Lorenzo","Hormigón","No existe","XVII","Dentro","Urbana","Ninguna","No existe","Intersección","Bueno","Buena","Diurna","Buen Tiempo","Lateral","S/D","Colisión","S/D","Vertical","Ninguna","Sin restricción"
2016,5573,8/16/2016,"Martes",0,7:30:00,,"0.0",2,"Automóvil,Moto/Ciclomotor","Bv C Pellegrini Y Santa Fe",2,1,0,0,1,0,0,,"Calle",,"SAN JUSTO","San Justo","Asfalto","No existe","XVI","Dentro","Urbana","Ninguna","No existe","Intersección","Bueno","Buena","Diurna","Buen Tiempo","De alcance","S/D","Colisión","S/D","Faltante","Ninguna","Sin restricción"
2016,5574,8/17/2016,"Miercoles",0,11:00:00,,"0.0",3,"Bicicleta,Bicicleta,Automóvil","Independencia 2960",3,1,0,0,2,0,0,,"Calle",,"SAN JUSTO","San Justo","Asfalto","No existe","XVI","Dentro","Urbana","Ninguna","No existe","Recta","Bueno","Buena","Diurna","Buen Tiempo","De alcance","Ciclista","Atropello","S/D","Faltante","Ninguna","Sin restricción"
2016,5575,8/7/2016,"Domingo",0,3:30:00,,"0.0",2,"Moto/Ciclomotor,Automóvil","Bv San Martin Y Sgto. J Cabral",2,0,1,0,1,0,0,,"Calle",,"ROLDÁN","San Lorenzo","Hormigón","No existe","XVII","Dentro","Urbana","Ninguna","No existe","Intersección","Bueno","Reducida","Nocturna,Con luz artificial","Buen Tiempo","Lateral","S/D","Colisión","S/D","Vertical","Ninguna","Sin restricción"
2016,5576,8/25/2016,"Jueves",0,23:50:00,,"0.0",2,"Moto/Ciclomotor,Pickup/Utilitario","Gral Urquiza Y 9 de Julio",3,2,0,0,1,0,0,,"Calle",,"SAN JUSTO","San Justo","Asfalto","No existe","XVI","Dentro","Urbana","Ninguna","No existe","Intersección","Bueno","Buena","Diurna","Buen Tiempo","De alcance","S/D","Colisión","S/D","Horizontal","Ninguna","Sin restricción"
2016,5577,8/11/2016,"Jueves",0,9:10:00,,"0.0",2,"Moto/Ciclomotor,Pickup/Utilitario","Bv San Martin Y Antartida Argentina",2,1,0,0,1,0,0,,"Calle",,"ROLDÁN","San Lorenzo","Hormigón","No existe","XVII","Dentro","Urbana","Ninguna","No existe","Intersección","Bueno","Buena","Diurna","Buen Tiempo","Lateral","S/D","Colisión","S/D","Vertical","Ninguna","Sin restricción"
2016,5578,8/25/2016,"Jueves",0,22:00:00,,"0.0",2,"Moto/Ciclomotor,Pickup/Utilitario","9 de Julio ",2,1,0,0,1,0,0,,"Calle",,"SAN JUSTO","San Justo","Asfalto","No existe","XVI","Dentro","Urbana","Ninguna","No existe","Intersección","Bueno","Reducida","Nocturna,Con luz artificial","Buen Tiempo","De alcance","S/D","Colisión","S/D","Faltante","Ninguna","Sin restricción"
2016,5579,8/19/2016,"Viernes",0,19:15:00,,"0.0",2,"Bicicleta,Moto/Ciclomotor","Bv San Martin Y Antartida Argentina",2,1,0,0,1,0,0,,"Calle",,"ROLDÁN","San Lorenzo","Hormigón","No existe","XVII","S/D","Urbana","Ninguna","No existe","Intersección","Bueno","Buena","Atardecer","Buen Tiempo","S/D","Ciclista","Atropello","S/D","Vertical","Ninguna","Sin restricción"
2016,5580,8/26/2016,"Viernes",0,14:45:00,,"0.0",2,"Moto/Ciclomotor,Moto/Ciclomotor","Cno San Roque Y Fco Angeloni",3,3,0,0,0,0,0,,"Calle",,"SAN JUSTO","San Justo","Asfalto","No existe","XVI","Dentro","Urbana","Ninguna","No existe","Intersección","Bueno","Buena","Diurna","Buen Tiempo","De alcance","S/D","Colisión","S/D","Faltante","Ninguna","Sin restricción"
2016,5581,8/21/2016,"Domingo",0,20:30:00,,"0.0",1,"Automóvil","Ruta Nacional 9 Y Lisandro de la Torre",5,4,0,0,1,0,0,,"S/D",,"ROLDÁN","San Lorenzo","Asfalto","Natural","XVII","Fuera","Urbana","Ninguna","No existe","Recta","Bueno","Reducida","Nocturna,Con luz artificial","Buen Tiempo","S/D","S/D","Despiste","Material Suelto","Vertical","Ninguna","Sin restricción"
2016,5582,8/29/2016,"Lunes",0,18:00:00,"Ruta Nacional A012","39.5",2,"Moto/Ciclomotor,Automóvil"," ",2,1,0,0,1,0,0,,"Ruta","A012","ROLDÁN","San Lorenzo","Asfalto","Natural","XVII","Fuera","Urbana","Señal Pare","No existe","Recta","Deteriorada","Buena","Diurna","Buen Tiempo","Lateral","S/D","Colisión","Ninguna","Vertical","Ninguna","Sin restricción"
2016,5583,8/26/2016,"Viernes",0,15:20:00,,"0.0",2,"Moto/Ciclomotor,Automóvil","Gdor Cabal Y Rivadavia B",3,1,0,0,2,0,0,,"Calle",,"SAN JUSTO","San Justo","Tierra","No existe","XVI","Dentro","Urbana","Ninguna","No existe","Intersección","Con baches","Buena","Diurna","Buen Tiempo","De alcance","S/D","Colisión","S/D","Faltante","Ninguna","Sin restricción"
2016,5584,8/28/2016,"Domingo",0,22:05:00,,"0.0",3,"Pickup/Utilitario,Bicicleta,Bicicleta","Bv C Pellegrini Y Santa Fe",3,1,0,0,2,0,0,,"Calle",,"SAN JUSTO","San Justo","Asfalto","No existe","XVI","Dentro","Urbana","Ninguna","No existe","Intersección","Bueno","Reducida","Nocturna,Con luz artificial","Buen Tiempo","De alcance","Ciclista","Atropello","S/D","Horizontal","Ninguna","Sin restricción"
2016,5585,8/18/2016,"Jueves",0,11:45:00,,"0.0",2,"Pickup/Utilitario,Bicicleta","Av Federico Carlos Sigel Y Gral Urquiza",2,1,0,0,1,0,0,,"Calle",,"MALABRIGO","General Obligado","Asfalto","Natural","IX","Dentro","Urbana","Ninguna","No existe","Intersección","Bueno","Buena","Diurna","Buen Tiempo","Lateral","Ciclista","Atropello","S/D","S/D","Barrera de hormigón","Sin restricción"
2016,5586,8/25/2016,"Jueves",0,5:15:00,,"0.0",2,"Moto/Ciclomotor,Transporte de Pasajeros Urbano (> 8 asientos)","Cordoba Y 9 de Julio",2,1,0,0,1,0,0,,"Calle",,"PUERTO SAN MARTÍN","San Lorenzo","Asfalto","No existe","XVII","Dentro","Urbana","Ninguna","No existe","Intersección","Bueno","Buena","Nocturna","Buen Tiempo","Lateral","S/D","Colisión","Ninguna","Faltante","Ninguna","Sin restricción"
2016,5587,8/23/2016,"Martes",0,16:00:00,,"0.0",2,"Moto/Ciclomotor,Automóvil","Rosario Y Rivadavia",2,1,0,0,1,0,0,,"Calle",,"PUERTO SAN MARTÍN","San Lorenzo","Asfalto","No existe","XVII","Dentro","Urbana","Ninguna","No existe","Intersección","Bueno","Buena","Diurna","Buen Tiempo","Lateral","S/D","Colisión","Ninguna","Faltante","Ninguna","Sin restricción"
2016,5588,8/23/2016,"Martes",0,15:30:00,"Ruta Nacional 11","0.0",2,"Moto/Ciclomotor,Automóvil","Ruta Nac 11 Y La Paz",2,1,0,0,1,0,0,,"Ruta",11,"PUERTO SAN MARTÍN","San Lorenzo","Asfalto","Ripio","XVII","Dentro","Urbana","Ninguna","No existe","Recta","Bueno","Buena","Diurna","Buen Tiempo","Lateral","S/D","Colisión","Ninguna","Faltante","Ninguna","Sin restricción"
2016,5589,8/22/2016,"Lunes",0,8:35:00,,"0.0",2,"Automóvil,Automóvil","Av San Martin Y Cordoba",2,1,0,0,1,0,0,,"Calle",,"PUERTO SAN MARTÍN","San Lorenzo","Asfalto","Pavimento","XVII","Dentro","Urbana","Policía de tránsito","No existe","Intersección","Bueno","Buena","Diurna","Buen Tiempo","De alcance","S/D","Colisión","Ninguna","Faltante","Ninguna","Sin restricción"
2016,5590,8/12/2016,"Viernes",0,23:30:00,,"0.0",2,"Moto/Ciclomotor,Pickup/Utilitario","Cordoba Y Belgrano",2,1,0,0,1,0,0,,"Calle",,"PUERTO SAN MARTÍN","San Lorenzo","Asfalto","No existe","XVII","Dentro","Urbana","Ninguna","No existe","Intersección","Bueno","Buena","Nocturna","Buen Tiempo","De alcance","S/D","Colisión","S/D","Faltante","Ninguna","Sin restricción"
2016,5591,8/9/2016,"Martes",0,6:00:00,"Ruta Nacional 11","333.0",1,"Moto/Ciclomotor"," ",1,1,0,0,0,0,0,,"Ruta",11,"PUERTO SAN MARTÍN","San Lorenzo","Ripio","Ripio","XVII","Dentro","Urbana","Ninguna","No existe","Recta","Con baches","Buena","Nocturna","Buen Tiempo","S/D","S/D","Caída ocupante","S/D","Faltante","Ninguna","Sin restricción"
2016,5592,8/26/2016,"Viernes",0,13:00:00,,"0.0",2,"Peatón,Pickup/Utilitario","Calle 19-Habegger 209",2,0,1,0,0,0,1,,"Calle",,"RECONQUISTA","General Obligado","Asfalto","Pavimento","IX","S/D","Urbana","Ninguna","No existe","Recta","Bueno","Buena","Diurna","Buen Tiempo","S/D","Peatón","Atropello","S/D","S/D","Ninguna","Sin restricción"
2016,5593,8/27/2016,"Sabado",0,6:30:00,,"0.0",2,"Moto/Ciclomotor,Pickup/Utilitario","Aconcagua Y A Diaz",5,2,0,0,3,0,0,,"Calle",,"RAFAELA","Castellanos","Asfalto","No existe","V","Dentro","Urbana","Ninguna","No existe","Intersección","Bueno","Buena","Amanecer","Buen Tiempo","Lateral","Ciclista","Atropello","Agua","S/D","Línea divisoria pintada","Sin restricción"
2016,5594,8/8/2016,"Lunes",0,14:20:00,,"0.0",2,"Moto/Ciclomotor,Automóvil","Av San Martin Y Cordoba",2,1,0,0,1,0,0,,"Calle",,"PUERTO SAN MARTÍN","San Lorenzo","Asfalto","No existe","XVII","Dentro","Urbana","Ninguna","No existe","Intersección","Bueno","Buena","Diurna","Buen Tiempo","De alcance","S/D","Colisión","S/D","Faltante","Ninguna","Sin restricción"
2016,5595,8/1/2016,"Lunes",0,20:10:00,,"0.0",2,"Camión c / Acoplado,Moto/Ciclomotor","Calle 24 - Olessio Y Calle 31-Newbery",2,0,1,0,0,0,1,,"S/D",,"RECONQUISTA","General Obligado","Asfalto","Pavimento","IX","S/D","Urbana","Ninguna","No existe","Intersección","Bueno","Buena","Diurna","Buen Tiempo","De alcance","S/D","Colisión","Ninguna","Faltante","Ninguna","Sin restricción"
2016,5596,8/6/2016,"Sabado",0,4:20:00,"Ruta Nacional 11","0.0",1,"Automóvil"," ",3,1,0,0,2,0,0,,"Ruta",11,"PUERTO SAN MARTÍN","San Lorenzo","Asfalto","Ripio","XVII","Dentro","Rural","Ninguna","No existe","Recta","Bueno","Buena","Nocturna","Buen Tiempo","S/D","S/D","Vuelco","Ninguna","Faltante","Ninguna","Sin restricción"
2016,5597,8/18/2016,"Jueves",0,16:30:00,,"0.0",2,"Moto/Ciclomotor,Automóvil","Av Dr E Salva Y Cervantes",2,1,0,0,1,0,0,,"Avenida",,"RAFAELA","Castellanos","S/D","S/D","V","Dentro","Urbana","Otra Señal","S/D","Curva","S/D","S/D","S/D","Buen Tiempo","Lateral","S/D","Colisión","S/D","S/D","Barrera de hormigón","Sin restricción"
2016,5598,8/10/2016,"Miercoles",0,21:10:00,,"0.0",2,"Automóvil,Automóvil","Paraguay 6000",7,3,0,0,4,0,0,,"Calle",,"ROSARIO","Rosario","Asfalto","No existe","II","Dentro","Urbana","Ninguna","No existe","Recta","Deteriorada","Reducida","Nocturna","S/D","S/D","S/D","Colisión","S/D","Horizontal","Ninguna","Sin restricción"
2016,5599,8/26/2016,"Viernes",0,10:30:00,,"0.0",2,"Automóvil,Moto/Ciclomotor","Calle 24 - Olessio Y Calle 27-Gdor Freyre",2,1,0,0,0,0,1,,"S/D",,"RECONQUISTA","General Obligado","Asfalto","Pavimento","IX","S/D","Urbana","Ninguna","No existe","Intersección","Bueno","Buena","Diurna","Buen Tiempo","S/D","S/D","Colisión","Ninguna","S/D","Ninguna","Sin restricción"
2016,5600,8/11/2016,"Jueves",0,16:20:00,,"0.0",2,"Otros,Bicicleta","Laprida Y Centenario",2,0,1,0,1,0,0,,"Calle",,"ROSARIO","Rosario","Asfalto","No existe","II","Dentro","Urbana","Ninguna","No existe","Recta","Bueno","Buena","Diurna","S/D","S/D","Ciclista","Atropello","S/D","Horizontal","Ninguna","Sin restricción"
2016,5601,8/4/2016,"Jueves",0,16:30:00,,"0.0",2,"Moto/Ciclomotor,Automóvil","Pasaje 8-10 Moreno Y Calle 5-Colon",2,1,0,0,1,0,0,,"Calle",,"RECONQUISTA","General Obligado","Asfalto,Tierra","No existe","IX","S/D","Urbana","Ninguna","No existe","Intersección","Bueno","Buena","Atardecer","Buen Tiempo","Frontal","S/D","Colisión","Ninguna","Horizontal","Ninguna","Sin restricción"
2016,5602,8/13/2016,"Sabado",0,8:55:00,,"0.0",2,"Moto/Ciclomotor,Automóvil","Melincue Y Lainez",2,1,0,0,1,0,0,,"Calle",,"ROSARIO","Rosario","Asfalto","No existe","II","Dentro","Urbana","Ninguna","No existe","Recta","Bueno","Buena","Diurna","Buen Tiempo","S/D","S/D","Colisión","S/D","Horizontal","Ninguna","Sin restricción"
2016,5603,8/24/2016,"Miercoles",0,19:00:00,,"0.0",2,"Moto/Ciclomotor,Automóvil"," ",2,1,0,0,1,0,0,,"Avenida",,"RAFAELA","Castellanos","S/D","No existe","V","S/D","Urbana","Paso Peatonal","No existe","Intersección","Bueno","Buena","Atardecer","Buen Tiempo","Lateral","S/D","Colisión","Ninguna","S/D","Ninguna","Sin restricción"
2016,5604,8/10/2016,"Miercoles",0,,,"0.0",2,"Moto/Ciclomotor,Automóvil","Calle 19-Habegger Y Calle 20 9 de Julio",3,2,0,0,1,0,0,,"Calle",,"RECONQUISTA","General Obligado","Asfalto","No existe","IX","S/D","Urbana","Ninguna","No existe","Intersección","Bueno","Buena","Amanecer","Buen Tiempo","Lateral","S/D","Colisión","Ninguna","Horizontal","Ninguna","Sin restricción"
2016,5605,8/18/2016,"Jueves",0,10:05:00,,"0.0",2,"Moto/Ciclomotor,Automóvil","Paraguay Y Madre Cabrini",2,1,0,0,1,0,0,,"Calle",,"ROSARIO","Rosario","Asfalto","S/D","II","Dentro","Urbana","Ninguna","No existe","Recta","Bueno","Buena","Diurna","S/D","S/D","S/D","Colisión","S/D","Horizontal","Ninguna","Sin restricción"
2016,5606,8/23/2016,"Martes",0,19:40:00,,"0.0",2,"Moto/Ciclomotor,Moto/Ciclomotor","camino rural ",3,1,2,0,0,0,0,,"Camino Rural",,"VILA","Castellanos","Tierra","No existe","V","S/D","Rural","Ninguna","No existe","Recta","Ahuellamiento","Reducida polvo","Nocturna","Buen Tiempo","Frontal","S/D","Colisión","S/D","Faltante","Ninguna","Sin restricción"
2016,5607,8/23/2016,"Martes",0,7:50:00,,"0.0",2,"Peatón,Automóvil","Av. Bermudez Y Av. Battle y Ordoñez",2,1,0,0,1,0,0,,"Calle",,"ROSARIO","Rosario","Asfalto","No existe","II","Dentro","Urbana","Ninguna","No existe","Recta","Bueno","Buena","Diurna","Buen Tiempo","S/D","Peatón","Atropello","S/D","Horizontal","Línea divisoria pintada","Sin restricción"
2016,5608,8/4/2016,"Jueves",0,,,"0.0",1,"Moto/Ciclomotor","Calle 13-Iturraspe Y Calle 20 9 de Julio",1,1,0,0,0,0,0,,"Calle",,"RECONQUISTA","General Obligado","Asfalto","No existe","IX","S/D","Urbana","Ninguna","No existe","S/D","Bueno","Buena","Amanecer","Buen Tiempo","S/D","S/D","Vuelco","Ninguna","Horizontal","Ninguna","Sin restricción"
2016,5609,8/16/2016,"Martes",0,18:00:00,,"0.0",2,"Automóvil,Transporte de Pasajeros Urbano (> 8 asientos)","Crespo Y Sanchez de Bustamante",2,1,0,0,1,0,0,,"Calle",,"ROSARIO","Rosario","Asfalto","Pavimento","II","Dentro","Urbana","Ninguna","No existe","Intersección","Bueno","Buena","Diurna","Buen Tiempo","Lateral","S/D","Colisión","S/D","Faltante","Ninguna","Sin restricción"
2016,5610,8/17/2016,"Miercoles",0,11:45:00,,"0.0",2,"Automóvil,Moto/Ciclomotor","G Washington Y Velez Sarfield",2,1,0,0,1,0,0,,"Calle",,"RAFAELA","Castellanos","Asfalto","No existe","V","Dentro","Urbana","Paso Peatonal","S/D","Intersección","Bueno","Buena","Diurna","Buen Tiempo","Lateral","S/D","Colisión","Ninguna","Faltante","Línea divisoria pintada","Sin restricción"
2016,5611,8/5/2016,"Viernes",0,14:15:00,,"0.0",2,"Automóvil,Automóvil","Calle 13-Iturraspe Y Calle 26 - Bolivar",2,1,0,0,1,0,0,,"Calle",,"RECONQUISTA","General Obligado","Asfalto","No existe","IX","Dentro","Urbana","Ninguna","No existe","Intersección","Bueno","Buena","Atardecer","Buen Tiempo","De alcance","S/D","Colisión","Ninguna","Faltante","Ninguna","Sin restricción"
2016,5612,8/10/2016,"Miercoles",0,14:30:00,,"0.0",2,"Automóvil,Automóvil","Av. Ovidio Lagos Y Madre Cabrini",2,1,0,0,1,0,0,,"Calle",,"ROSARIO","Rosario","Asfalto","Pavimento","II","Dentro","Urbana","Semáforo","Funciona","Intersección","Bueno","Buena","Diurna","Buen Tiempo","De alcance","S/D","Colisión","S/D","Vertical","Cordón divisorio","Sin restricción"
2016,5613,8/15/2016,"Lunes",0,3:45:00,,"0.0",2,"Automóvil,Moto/Ciclomotor","Calle 15-Patricio Diez Y Calle 8-Chacabuco",3,2,0,0,1,0,0,,"Calle",,"RECONQUISTA","General Obligado","Asfalto","No existe","IX","Dentro","Urbana","Ninguna","No existe","Intersección","Bueno","Buena","Nocturna","Buen Tiempo","De alcance","S/D","Colisión","Ninguna","Faltante","Ninguna","Sin restricción"
2016,5614,8/18/2016,"Jueves",0,8:20:00,,"0.0",2,"Moto/Ciclomotor,Automóvil","Av. Ovidio Lagos Y Av. Battle y Ordoñez",2,1,0,0,1,0,0,,"Calle",,"ROSARIO","Rosario","Asfalto","Pavimento","II","Dentro","Urbana","Semáforo","Funciona","Intersección","Bueno","Buena","Diurna","Buen Tiempo","Lateral","S/D","Colisión","S/D","Vertical","Cordón divisorio","Sin restricción"
2016,5615,8/21/2016,"Domingo",0,22:15:00,,"0.0",2,"Moto/Ciclomotor,Automóvil","Falucho Y Scalabrini Ortiz",4,2,0,0,2,0,0,,"Calle",,"RAFAELA","Castellanos","Asfalto","No existe","V","S/D","Urbana","Ninguna","No existe","Intersección","Bueno","Buena","Nocturna","Buen Tiempo","Lateral","S/D","Colisión","Ninguna","Faltante","Cordón divisorio","Sin restricción"
2016,5616,8/19/2016,"Viernes",0,14:15:00,,"0.0",2,"Moto/Ciclomotor,Automóvil","Av. Avellaneda B Y Av. Circunvalacion",2,1,0,0,1,0,0,,"Calle",,"ROSARIO","Rosario","Asfalto","Pavimento","II","Dentro","Urbana","Ninguna","No existe","Puente","Con baches","Buena","Diurna","Buen Tiempo","Lateral","S/D","Colisión","S/D","Faltante","Cordón divisorio","Sin restricción"
2016,5617,8/9/2016,"Martes",0,12:40:00,,"0.0",2,"Moto/Ciclomotor,Automóvil","Calle 16 Gral Obligado Y Calle 27-Gdor Freyre",2,1,0,0,1,0,0,,"Calle",,"RECONQUISTA","General Obligado","Asfalto","No existe","IX","Dentro","Urbana","Ninguna","No existe","Intersección","Bueno","Buena","Amanecer","Buen Tiempo","De alcance","S/D","Colisión","Ninguna","Faltante","Ninguna","Sin restricción"
2016,5618,8/21/2016,"Domingo",0,6:45:00,,"0.0",2,"Moto/Ciclomotor,Moto/Ciclomotor","Av. Ovidio Lagos 6700",2,1,0,0,1,0,0,,"Calle",,"ROSARIO","Rosario","Asfalto","Pavimento","II","Dentro","Urbana","Ninguna","No existe","Recta","Bueno","Buena","Diurna","Buen Tiempo","Lateral","S/D","Colisión","S/D","Faltante","Ninguna","Sin restricción"
2016,5619,8/6/2016,"Sabado",0,19:10:00,,"0.0",1,"Moto/Ciclomotor"," ",1,0,1,0,0,0,0,,"Avenida",,"LANDETA","San Martín","Asfalto","S/D","XVIII","S/D","Urbana","Ninguna","No existe","Recta","Bueno","Buena","Nocturna","Buen Tiempo","Otro","S/D","Caída ocupante","S/D","S/D","Ninguna","Sin restricción"
2016,5620,8/17/2016,"Miercoles",0,18:00:00,,"0.0",2,"Automóvil,Moto/Ciclomotor","F Ameghino Y Salta",2,1,0,0,1,0,0,,"S/D",,"SUNCHALES","Castellanos","Asfalto","No existe","V","Dentro","Urbana","Ninguna","No existe","Intersección","Bueno","Buena","Atardecer","Buen Tiempo","De alcance","S/D","Colisión","Ninguna","Faltante","Ninguna","Sin restricción"
2016,5621,8/15/2016,"Lunes",0,11:20:00,,"0.0",2,"Moto/Ciclomotor,Automóvil","Calle 33-Pueyrredon 1175",2,1,0,0,1,0,0,,"Calle",,"RECONQUISTA","General Obligado","Asfalto","No existe","IX","Dentro","Urbana","Ninguna","No existe","Recta","Bueno","Buena","Diurna","Buen Tiempo","S/D","S/D","Colisión","Ninguna","Faltante","Cordón divisorio","Sin restricción"
2016,5622,8/29/2016,"Lunes",0,21:00:00,,"0.0",2,"Moto/Ciclomotor,Taxi/Remis"," ",2,1,0,0,1,0,0,,"Calle",,"ROSARIO","Rosario","Asfalto","Natural","II","Dentro","Urbana","Ninguna","No existe","Intersección","Bueno","Buena","Nocturna","Buen Tiempo","Lateral","S/D","Colisión","S/D","Faltante","Ninguna","Sin restricción"
2016,5623,8/17/2016,"Miercoles",0,18:00:00,,"0.0",2,"Automóvil,Moto/Ciclomotor","Av Irigoyen Y Bolivar",2,1,0,0,1,0,0,,"Avenida",,"SUNCHALES","Castellanos","Asfalto","No existe","V","S/D","Urbana","Ninguna","No existe","Intersección","Bueno","Buena","Atardecer","Buen Tiempo","De alcance","S/D","Colisión","Ninguna","Faltante","Vegetación","Sin restricción"
2016,5624,8/13/2016,"Sabado",0,23:50:00,,"0.0",2,"Automóvil,Automóvil","Bv. Oroño Y Av. Arijon",4,2,0,0,2,0,0,,"Calle",,"ROSARIO","Rosario","Asfalto","S/D","II","Dentro","Urbana","Semáforo","Funciona","Intersección","Bueno","Buena","Nocturna,Con luz artificial","Buen Tiempo","Lateral","S/D","Colisión","S/D","Vertical","Cordón divisorio","Sin restricción"
2016,5625,8/30/2016,"Martes",0,21:40:00,,"0.0",2,"Automóvil,Moto/Ciclomotor","Italia Y Carlos Doce",2,0,1,0,1,0,0,,"Calle",,"CAÑADA ROSQUÍN","San Martín","Asfalto","Natural","XVIII","Dentro","Urbana","Ninguna","No existe","Intersección","Deteriorada","Buena","Nocturna,Con luz artificial","Buen Tiempo","Frontal","S/D","Colisión","Ninguna","Vertical","Ninguna","Sin restricción"
2016,5626,8/11/2016,"Jueves",0,20:00:00,,"0.0",2,"Moto/Ciclomotor,Automóvil","M Aragon Y Acu±a",4,3,0,0,1,0,0,,"Calle",,"RAFAELA","Castellanos","Asfalto","No existe","V","Dentro","Urbana","Ninguna","No existe","Intersección","Bueno","Buena","Nocturna","Buen Tiempo","Múltiple","S/D","Colisión","S/D","Faltante","Ninguna","Sin restricción"
2016,5627,8/8/2016,"Lunes",0,10:45:00,,"0.0",1,"Moto/Ciclomotor","Calle 25-Rivadavia Y Calle 2-Constituyentes",2,2,0,0,0,0,0,,"Calle",,"RECONQUISTA","General Obligado","Hormigón","No existe","IX","Dentro","Urbana","Semáforo","Funciona","Intersección","Bueno","S/D","Diurna","Buen Tiempo","S/D","S/D","Caída ocupante","Material Suelto","S/D","Ninguna","Sin restricción"
2016,5628,8/15/2016,"Lunes",0,5:40:00,,"0.0",2,"Moto/Ciclomotor,Automóvil","Av. Battle y Ordoñez Y Bv. Oroño",2,1,0,0,1,0,0,,"Calle",,"ROSARIO","Rosario","Asfalto","No existe","II","Dentro","Urbana","Semáforo","Funciona","Intersección","Bueno","Buena","Nocturna,Con luz artificial","Buen Tiempo","Lateral","S/D","Colisión","S/D","Vertical","Cordón divisorio","Sin restricción"
2016,5629,8/18/2016,"Jueves",0,8:20:00,,"0.0",1,"Moto/Ciclomotor","Calle 19-Habegger Y Calle 18 - Gral Belgrano",1,1,0,0,0,0,0,,"Calle",,"RECONQUISTA","General Obligado","Asfalto","No existe","IX","Dentro","Urbana","Ninguna","Intermitente","Recta","Bueno","Buena","Diurna","Buen Tiempo","S/D","S/D","Caída ocupante","Ninguna","Vertical","Ninguna","Sin restricción"