"anio_acci","nro_acci","fecha","desc_dia","fecha_aprox","hora_aprox","desc_ruta","km","cant_participantes","desc_participante","calle_avenida_km","total","heridos_leves","heridos_graves","heridos_gravisimos","ilesos","fallecidos","sin_datos","posicion_XY","desc_tipo_via","desc_ruta_ori","desc_loc","desc_dpto","desc_tipo_calzada","desc_tipo_banquina","desc_unidad_regional","desc_lugar_calzada","desc_zona","desc_prioridad","desc_estado_semaforo","desc_lugar_via","desc_estado_via","desc_estado_visibilidad","desc_luminosidad","desc_estado_clima","desc_tipo_colision","desc_tipo_atropello","desc_tipo_hecho","desc_pres_calzada","desc_senializacion","desc_separacion_via","desc_restriccion"
2016,5630,8/16/2016,"Martes",0,8:00:00,,"0.0",2,"Bicicleta,Moto/Ciclomotor","Pueyrredon Y Cazadores",2,1,0,0,1,0,0,,"Calle",,"ROSARIO","Rosario","Asfalto","No existe","II","Dentro","Urbana","Ninguna","No existe","Intersección","Bueno","Buena","Diurna","Buen Tiempo","S/D","Ciclista","Atropello","S/D","Faltante","Ninguna","Sin restricción"
2016,5631,8/8/2016,"Lunes",0,19:00:00,,"0.0",2,"Moto/Ciclomotor,Moto/Ciclomotor","Calle 25-Rivadavia Y Calle 2-Constituyentes",2,2,0,0,0,0,0,,"Calle",,"RECONQUISTA","General Obligado","Asfalto","No existe","IX","S/D","Urbana","Ninguna","No existe","Intersección","Bueno","Buena","Nocturna,Con luz artificial","Buen Tiempo","Frontal","S/D","Colisión","Ninguna","Vertical","Ninguna","Sin restricción"
2016,5632,8/24/2016,"Miercoles",0,19:50:00,,"0.0",2,"Moto/Ciclomotor,Pickup/Utilitario","7 de Octubre Y España",2,1,0,0,1,0,0,,"S/D",,"CAÑADA DE GÓMEZ","Iriondo","Hormigón","No existe","X","Dentro","Urbana","Ninguna","No existe","Intersección","Bueno","Buena","Nocturna,Con luz artificial","Buen Tiempo","De alcance","S/D","Colisión","S/D","Faltante","Ninguna","Sin restricción"
2016,5633,8/17/2016,"Miercoles",0,8:45:00,,"0.0",2,"Moto/Ciclomotor,Automóvil","Av. Arijon Y Balcarce",2,1,0,0,1,0,0,,"Calle",,"ROSARIO","Rosario","Asfalto","No existe","II","Dentro","Urbana","Señal Pare","No existe","Intersección","Bueno","Buena","Diurna","Buen Tiempo","Lateral","S/D","Colisión","S/D","Vertical","Ninguna","Sin restricción"
2016,5634,8/3/2016,"Miercoles",0,14:00:00,,"0.0",2,"Moto/Ciclomotor,Automóvil","Calle 33-Pueyrredon Y Calle 6-Ituzaingo",2,1,0,0,1,0,0,,"Calle",,"RECONQUISTA","General Obligado","Asfalto","No existe","IX","Dentro","Urbana","Ninguna","No existe","Intersección","Bueno","Buena","Diurna","Buen Tiempo","S/D","S/D","S/D","Ninguna","Vertical","Ninguna","Sin restricción"
2016,5635,8/11/2016,"Jueves",0,16:50:00,,"0.0",2,"Peatón,Automóvil","Bv. Segui Y Suipacha",2,1,0,0,1,0,0,,"Calle",,"ROSARIO","Rosario","Asfalto","No existe","II","Dentro","Urbana","Ninguna","No existe","Recta","Bueno","Buena","Atardecer","Buen Tiempo","S/D","Peatón","Atropello","S/D","Faltante","Ninguna","Sin restricción"
2016,5636,8/16/2016,"Martes",0,12:00:00,,"81.0",2,"Moto/Ciclomotor,Moto/Ciclomotor","Francisco Saenz Diaz Y Bv H Irigoyen",2,1,0,0,1,0,0,,"Avenida",,"RAFAELA","Castellanos","Hormigón","No existe","V","Dentro","Urbana","S/D","No existe","Intersección","Bueno","Buena","Diurna","Buen Tiempo","S/D","S/D","Colisión","S/D","S/D","S/D","Sin restricción"
2016,5637,8/30/2016,"Martes",0,19:15:00,,"0.0",2,"Moto/Ciclomotor,Automóvil","Calle 15-Patricio Diez ",2,1,0,0,1,0,0,,"Calle",,"RECONQUISTA","General Obligado","Hormigón","No existe","IX","Dentro","Urbana","Semáforo","Funciona","Intersección","Bueno","Buena","Atardecer","Buen Tiempo","Lateral","S/D","Colisión","Ninguna","Vertical","Cordón divisorio","Sin restricción"
2016,5638,8/15/2016,"Lunes",0,17:50:00,,"0.0",2,"Moto/Ciclomotor,Moto/Ciclomotor","Av. Uriburu Y Nahuel Huapi",3,3,0,0,0,0,0,,"Calle",,"ROSARIO","Rosario","Asfalto","Pavimento","II","Dentro","Urbana","Ninguna","No existe","Intersección","Bueno","Buena","Atardecer","Buen Tiempo","Lateral","S/D","Colisión","S/D","Faltante","Vegetación","Sin restricción"
2016,5639,8/12/2016,"Viernes",0,21:00:00,,"0.0",2,"Moto/Ciclomotor,Automóvil","Av Dr E Salva Y Chiaraviglio",2,1,0,0,1,0,0,,"Avenida",,"RAFAELA","Castellanos","Hormigón","No existe","V","S/D","Urbana","Ninguna","No existe","Intersección","Bueno","Buena","Nocturna","Buen Tiempo","Lateral","S/D","Colisión","S/D","S/D","Cordón divisorio","Sin restricción"
2016,5640,8/18/2016,"Jueves",0,15:45:00,,"0.0",2,"Bicicleta,Moto/Ciclomotor","Calle 31-Newbery Y Calle 18-Belgrano",2,1,0,0,0,0,1,,"Calle",,"RECONQUISTA","General Obligado","Hormigón","No existe","IX","Dentro","Urbana","Ninguna","No existe","Intersección","Bueno","Buena","Diurna","Buen Tiempo","S/D","Ciclista","Atropello","Ninguna","Vertical","Cordón divisorio","Sin restricción"
2016,5641,8/15/2016,"Lunes",0,17:45:00,,"0.0",2,"Moto/Ciclomotor,Peatón","Gaboto Y Vera Mujica",2,1,0,0,1,0,0,,"Calle",,"ROSARIO","Rosario","Asfalto","No existe","II","Dentro","Urbana","Ninguna","No existe","Recta","Bueno","Buena","Atardecer","Buen Tiempo","S/D","Peatón","Atropello","S/D","S/D","Ninguna","Sin restricción"
2016,5642,8/22/2016,"Lunes",0,7:00:00,,"0.0",2,"Moto/Ciclomotor,Pickup/Utilitario","Bv G L Lhemann Y Simon Bolivar",2,1,0,0,1,0,0,,"Avenida",,"RAFAELA","Castellanos","Hormigón","No existe","V","Dentro","Urbana","S/D","No existe","Intersección","Bueno","Buena","Diurna","Buen Tiempo","Lateral","S/D","Colisión","S/D","S/D","S/D","Sin restricción"
2016,5643,8/31/2016,"Miercoles",0,16:25:00,,"0.0",2,"Moto/Ciclomotor,Automóvil","Centeno Y Constitucion",4,2,0,0,2,0,0,,"Calle",,"ROSARIO","Rosario","Asfalto","No existe","II","Dentro","Urbana","Ninguna","No existe","Intersección","Bueno","Buena","Atardecer","Buen Tiempo","Lateral","S/D","Colisión","S/D","S/D","Ninguna","Sin restricción"
2016,5644,8/24/2016,"Miercoles",0,10:45:00,,"0.0",2,"Pickup/Utilitario,Moto/Ciclomotor","7 de Octubre Y Ayacucho",3,1,0,0,2,0,0,,"Calle",,"CAÑADA DE GÓMEZ","Iriondo","Hormigón","No existe","X","Dentro","Urbana","Ninguna","No existe","Intersección","Bueno","Buena","Diurna","Buen Tiempo","Lateral","S/D","Colisión","Ninguna","Faltante","Ninguna","Sin restricción"
2016,5645,8/30/2016,"Martes",0,20:00:00,,"0.0",2,"Moto/Ciclomotor,Automóvil","Crespo Y Leandro N Alem",2,1,0,0,1,0,0,,"Calle",,"SUNCHALES","Castellanos","Asfalto","No existe","V","S/D","Urbana","Ninguna","No existe","Intersección","Bueno","Buena","Nocturna,Con luz artificial","Buen Tiempo","Lateral","S/D","Colisión","Ninguna","Faltante","Ninguna","Sin restricción"
2016,5646,8/31/2016,"Miercoles",0,12:10:00,,"0.0",2,"Automóvil,Automóvil","Av. Francia Y Dean Funes",3,2,0,0,1,0,0,,"Calle",,"ROSARIO","Rosario","Asfalto","No existe","II","Dentro","Urbana","Ninguna","No existe","Intersección","Bueno","Buena","Diurna","Buen Tiempo","Lateral","S/D","Colisión","S/D","S/D","Vegetación","Sin restricción"
2016,5647,8/18/2016,"Jueves",0,6:15:00,,"0.0",2,"Moto/Ciclomotor,Automóvil","Calle 38-Corrientes Y Calle 7-Sarmiento",2,1,0,0,1,0,0,,"Calle",,"RECONQUISTA","General Obligado","Asfalto","No existe","IX","Dentro","Urbana","Ninguna","No existe","Intersección","Bueno","Buena","Amanecer","Buen Tiempo","Lateral","S/D","Colisión","Ninguna","Vertical","Cordón divisorio","Sin restricción"
2016,5648,8/15/2016,"Lunes",0,2:30:00,,"0.0",1,"Moto/Ciclomotor","Leandro N Alem Y Guemes Gral",2,1,1,0,0,0,0,,"Calle",,"SUNCHALES","Castellanos","Asfalto","S/D","V","Dentro","Urbana","Ninguna","No existe","Intersección","Bueno","Reducida","Nocturna","Buen Tiempo","S/D","S/D","Caída ocupante","Ninguna","Horizontal","Guardarrail","Sin restricción"
2016,5649,8/12/2016,"Viernes",0,13:00:00,,"0.0",1,," ",2,1,0,0,1,0,0,,"Calle",,"ROMANG","San Javier","Tierra","No existe","XIV","Dentro","Urbana","Ninguna","No existe","Intersección","Otro","Buena","Diurna","Buen Tiempo","S/D","Ciclista","Atropello","Ninguna","Faltante","Ninguna","Sin restricción"
2016,5650,8/12/2016,"Viernes",0,13:00:00,,"0.0",2,"Pickup/Utilitario,Bicicleta"," ",2,1,0,0,1,0,0,,"Calle",,"ROMANG","San Javier","Tierra","No existe","XIV","Dentro","Urbana","Ninguna","No existe","Intersección","Otro","Buena","Diurna","Buen Tiempo","S/D","Ciclista","Atropello","Ninguna","Faltante","Ninguna","Sin restricción"
2016,5651,8/17/2016,"Miercoles",0,17:40:00,,"0.0",2,"Moto/Ciclomotor,Automóvil","Calle 15-Patricio Diez Y Calle 6-Ituzaingo",2,1,0,0,1,0,0,,"Calle",,"RECONQUISTA","General Obligado","Asfalto","No existe","IX","Dentro","Urbana","Ninguna","No existe","Intersección","Bueno","Buena","Diurna","Buen Tiempo","Lateral","S/D","Colisión","Ninguna","Vertical","Cordón divisorio","Sin restricción"
2016,5652,8/1/2016,"Lunes",0,14:00:00,,"0.0",2,"Pickup/Utilitario,Automóvil","Fragata Sarmiento Y Av. Ovidio Lagos",3,1,0,0,2,0,0,,"Calle",,"ROSARIO","Rosario","Asfalto","Pavimento","II","Dentro","Urbana","Semáforo","Funciona","Recta","Bueno","Buena","Diurna","Buen Tiempo","S/D","S/D","Colisión","S/D","Vertical","Cordón divisorio","Sin restricción"
2016,5653,8/14/2016,"Domingo",0,18:25:00,"Ruta Nacional 34","261.0",2,"Camión c / Acoplado,Moto/Ciclomotor"," ",2,0,1,0,1,0,0,,"Ruta",34,"SUNCHALES","Castellanos","Asfalto","Natural","V","Dentro","Urbana","Ninguna","No existe","Recta","Bueno","Buena","Diurna","Buen Tiempo","S/D","S/D","Colisión","Ninguna","Horizontal","Ninguna","Sin restricción"
2016,5654,8/17/2016,"Miercoles",0,16:30:00,,"0.0",2,"Automóvil,Moto/Ciclomotor","Av. Francia 3600",2,1,0,0,1,0,0,,"Calle",,"ROSARIO","Rosario","Asfalto","Pavimento","II","Dentro","Urbana","Semáforo","Funciona","Recta","Bueno","Buena","Diurna","Buen Tiempo","De alcance","S/D","Colisión","S/D","Vertical","Cordón divisorio","Sin restricción"
2016,5655,8/15/2016,"Lunes",0,18:45:00,,"0.0",2,"Pickup/Utilitario,Moto/Ciclomotor","3 de Junio Y San Martin",3,1,1,0,1,0,0,,"Calle",,"ROMANG","San Javier","Asfalto","No existe","XIV","Dentro","Urbana","Paso Peatonal","No existe","Intersección","Bueno","Buena","Atardecer","Buen Tiempo","Frontal","S/D","Colisión","Ninguna","Vertical","Línea divisoria pintada","Sin restricción"
2016,5656,8/17/2016,"Miercoles",0,12:50:00,,"0.0",2,"Moto/Ciclomotor,Automóvil","Calle 10-Ludue±a Y Calle 7-Sarmiento",2,1,0,0,1,0,0,,"Calle",,"RECONQUISTA","General Obligado","Asfalto","No existe","IX","Dentro","Urbana","Ninguna","No existe","Intersección","Bueno","Buena","Diurna","Buen Tiempo","Lateral","S/D","Colisión","Ninguna","Vertical","Cordón divisorio","Sin restricción"
2016,5657,8/27/2016,"Sabado",0,20:00:00,,"0.0",2,"Moto/Ciclomotor,Otros","Riobamba Y Dorrego",2,1,0,0,1,0,0,,"Calle",,"ROSARIO","Rosario","S/D","No existe","II","Dentro","Urbana","Ninguna","No existe","Intersección","Bueno","Buena","Nocturna,Con luz artificial","Buen Tiempo","Lateral","S/D","Colisión","S/D","Faltante","Ninguna","S/D"
2016,5658,8/7/2016,"Domingo",0,18:45:00,"Ruta Nacional 9","358.1",2,"Taxi/Remis,Automóvil"," ",8,0,4,0,0,4,0,"-32.855566534971,-61.210261444712","Ruta",9,"CORREA","Iriondo","Asfalto","Ripio","X","S/D","Rural","Ninguna","No existe","Recta","Deteriorada","Buena","Atardecer","Buen Tiempo","Frontal","S/D","Colisión","Ninguna","Horizontal","Línea divisoria pintada","Sin restricción"
2016,5659,8/8/2016,"Lunes",0,23:42:00,"Ruta Provincial 1","280.0",2,"Pickup/Utilitario,Moto/Ciclomotor"," ",2,1,0,0,1,0,0,,"Ruta",1,"LOS LAURELES","General Obligado","Asfalto","Natural","IX","Dentro","Urbana","Marca Vial","No existe","Recta","Bueno","Reducida","Nocturna","Buen Tiempo","S/D","S/D","Colisión","S/D","Horizontal","Línea divisoria pintada","Sin restricción"
2016,5660,8/7/2016,"Domingo",0,15:40:00,,"0.0",2,"Automóvil,Moto/Ciclomotor","Rivadavia ",2,1,0,0,1,0,0,,"Calle",,"RAFAELA","Castellanos","Asfalto","No existe","V","Dentro","Urbana","Ninguna","No existe","Intersección","Bueno","Buena","Diurna","Buen Tiempo","Lateral","S/D","Colisión","S/D","S/D","S/D","Sin restricción"
2016,5661,8/25/2016,"Jueves",0,18:00:00,,"0.0",2,"Pickup/Utilitario,Moto/Ciclomotor","E Zeballos Y J V Gonzalez",3,2,0,0,0,0,1,,"Calle",,"SUNCHALES","Castellanos","Asfalto","No existe","V","S/D","Urbana","Ninguna","No existe","Cruce","Bueno","Buena","Diurna","Buen Tiempo","S/D","S/D","Colisión","Ninguna","Faltante","Cordón divisorio","Sin restricción"
2016,5662,8/15/2016,"Lunes",0,23:50:00,,"0.0",2,"Moto/Ciclomotor,Moto/Ciclomotor","San Martin Y 25 de Mayo",4,3,1,0,0,0,0,,"Calle",,"ROMANG","San Javier","Asfalto","No existe","XIV","Dentro","Urbana","Ninguna","No existe","Intersección","Bueno","Buena","Nocturna,Con luz artificial","Buen Tiempo","Lateral","S/D","Colisión","Ninguna","Horizontal","Ninguna","Sin restricción"
2016,5663,8/27/2016,"Sabado",0,11:15:00,,"0.0",2,"Peatón,Automóvil","Alsina 800",2,1,0,0,1,0,0,,"Calle",,"ROSARIO","Rosario","Asfalto","S/D","II","Dentro","Urbana","S/D","S/D","S/D","Bueno","S/D","Diurna","S/D","S/D","Peatón","Atropello","S/D","S/D","S/D","Sin restricción"
2016,5664,8/10/2016,"Miercoles",0,15:00:00,,"0.0",2,"Automóvil,Peatón","M Aragon 219",2,1,0,0,1,0,0,,"Calle",,"RAFAELA","Castellanos","Asfalto","No existe","V","Dentro","Urbana","Ninguna","No existe","Recta","Bueno","Buena","Diurna","Buen Tiempo","S/D","Peatón","Atropello","Ninguna","Faltante","Ninguna","Sin restricción"
2016,5665,8/26/2016,"Viernes",0,11:30:00,,"0.0",2,"Otros,Peatón","Cordoba Y Alsina",2,0,1,0,1,0,0,,"Calle",,"ROSARIO","Rosario","S/D","S/D","II","Dentro","Urbana","S/D","S/D","S/D","S/D","Buena","Diurna","S/D","S/D","Peatón","Atropello","S/D","S/D","S/D","Sin restricción"
2016,5666,8/28/2016,"Domingo",0,7:30:00,,"0.0",1,"Automóvil","Dorrego Y Moreno",2,2,0,0,0,0,0,,"Calle",,"SAN JOSÉ DE LA ESQUINA","Caseros","Tierra","No existe","IV","Dentro","Urbana","Ninguna","No existe","Recta","Con baches","Buena","Amanecer","Buen Tiempo","Contra objeto fijo","S/D","Colisión","Ninguna","Faltante","Ninguna","Sin restricción"
2016,5667,8/25/2016,"Jueves",0,12:00:00,,"0.0",2,"Peatón,Moto/Ciclomotor","Mendoza 4200",2,1,0,0,1,0,0,,"Calle",,"ROSARIO","Rosario","Asfalto","S/D","II","Dentro","Urbana","S/D","S/D","S/D","S/D","S/D","Diurna","S/D","S/D","Peatón","Atropello","S/D","S/D","S/D","S/D"
2016,5668,8/6/2016,"Sabado",0,13:40:00,,"0.0",2,"Moto/Ciclomotor,Pickup/Utilitario","500 Millas Argentinas Y Comisario Valentin Kaiser",2,1,0,0,1,0,0,,"Avenida",,"RAFAELA","Castellanos","Asfalto","No existe","V","S/D","Urbana","Ninguna","No existe","Recta","Bueno","Buena","Diurna","Buen Tiempo","Frontal","S/D","Colisión","S/D","S/D","Cordón divisorio","Sin restricción"
2016,5669,8/18/2016,"Jueves",0,12:30:00,,"0.0",2,"Moto/Ciclomotor,Automóvil","Calle 3 Y Ituzaingo-Calle 72",3,1,0,0,2,0,0,,"Calle",,"FRONTERA","Castellanos","Asfalto","S/D","V","S/D","Urbana","S/D","S/D","Intersección","Bueno","Buena","Diurna","Buen Tiempo","Lateral","S/D","Colisión","S/D","S/D","S/D","S/D"
2016,5670,8/25/2016,"Jueves",0,10:30:00,,"0.0",2,"Automóvil,Moto/Ciclomotor","Lavalle Y E.Zeballos",3,2,0,0,1,0,0,,"Calle",,"ROSARIO","Rosario","Asfalto","S/D","II","Dentro","Urbana","S/D","S/D","S/D","S/D","S/D","Diurna","S/D","S/D","S/D","Colisión","S/D","S/D","S/D","Sin restricción"
2016,5671,8/17/2016,"Miercoles",0,9:00:00,"Ruta Nacional 33","711.0",2,"Automóvil,Pickup/Utilitario"," ",6,3,0,0,3,0,0,,"Ruta",33,"CHABAS","Caseros","Asfalto,Hormigón","Pavimento","IV","S/D","Urbana","Semáforo","Funciona","Recta","Bueno","Buena","Diurna","Buen Tiempo","Otro","S/D","Colisión","Ninguna","S/D","Ninguna","Sin restricción"
2016,5672,8/8/2016,"Lunes",0,20:00:00,,"0.0",2,"Automóvil,Moto/Ciclomotor","Simon Bolivar Y Peru",2,0,1,0,1,0,0,,"Calle",,"RAFAELA","Castellanos","Hormigón","No existe","V","S/D","Urbana","S/D","No existe","Intersección","Bueno","Buena","Nocturna","Buen Tiempo","Lateral","S/D","Colisión","S/D","S/D","Barrera de hormigón","S/D"
2016,5673,8/21/2016,"Domingo",0,21:00:00,,"0.0",2,"Automóvil,Moto/Ciclomotor","Santiago Y San Juan",4,2,0,0,2,0,0,,"Calle",,"ROSARIO","Rosario","Asfalto","S/D","II","Dentro","Urbana","S/D","S/D","S/D","S/D","Buena","Nocturna","S/D","S/D","S/D","Colisión","S/D","S/D","S/D","Sin restricción"
2016,5674,8/25/2016,"Jueves",0,16:50:00,"Ruta Nacional 34","247.0",1,"Moto/Ciclomotor"," ",2,1,0,0,1,0,0,,"Ruta",34,"ATALIVA","Castellanos","Asfalto","Ripio","V","S/D","Rural","Marca Vial","No existe","Recta","Bueno","Buena","Diurna","Buen Tiempo","S/D","S/D","Caída ocupante,Despiste","Ninguna","Vertical","Línea divisoria pintada","Sin restricción"
2016,5675,8/19/2016,"Viernes",0,17:30:00,,"0.0",2,"Automóvil,Pickup/Utilitario","Callao 700",2,1,0,0,1,0,0,,"Calle",,"ROSARIO","Rosario","Asfalto","S/D","II","Dentro","Urbana","S/D","S/D","S/D","S/D","Buena","Diurna","Buen Tiempo","S/D","S/D","Colisión","S/D","S/D","S/D","S/D"
2016,5676,8/9/2016,"Martes",0,,,"0.0",2,"Moto/Ciclomotor,Automóvil","Simon Bolivar Y Arenales",2,0,1,0,1,0,0,,"Calle",,"RAFAELA","Castellanos","Hormigón","No existe","V","S/D","Urbana","Ninguna","No existe","Intersección","Bueno","Buena","Diurna","Buen Tiempo","Frontal","S/D","Colisión","S/D","Faltante","Barrera de hormigón","Sin restricción"
2016,5677,8/17/2016,"Miercoles",0,10:30:00,,"0.0",2,"Moto/Ciclomotor,Taxi/Remis","Cordoba Y Av. Avellaneda B",2,1,0,0,1,0,0,,"Calle",,"ROSARIO","Rosario","Asfalto","S/D","II","Dentro","Urbana","S/D","S/D","S/D","S/D","Buena","Diurna","S/D","S/D","S/D","Colisión","S/D","S/D","S/D","S/D"
2016,5678,8/14/2016,"Domingo",0,10:20:00,,"0.0",2,"Automóvil,Automóvil","Vicente Lopez Y San Juan",2,1,0,0,0,0,1,,"Calle",,"CASILDA","Caseros","Asfalto","No existe","IV","S/D","Urbana","Marca Vial","No existe","Intersección","Bueno","Buena","Diurna,Con luz artificial","Buen Tiempo","Lateral","S/D","Colisión","Ninguna","Faltante","Ninguna","Sin restricción"
2016,5679,8/12/2016,"Viernes",0,16:00:00,,"0.0",2,"Moto/Ciclomotor,Automóvil","San Luis Y Ricchieri",2,1,0,0,1,0,0,,"Calle",,"ROSARIO","Rosario","Asfalto","S/D","II","Dentro","Urbana","S/D","S/D","S/D","S/D","S/D","Diurna","S/D","S/D","S/D","Colisión","S/D","S/D","S/D","S/D"
2016,5680,8/9/2016,"Martes",0,18:30:00,,"0.0",2,"Pickup/Utilitario,Peatón","Av Luis Fanti Y Dante Alighieri",2,0,1,0,1,0,0,,"Avenida",,"RAFAELA","Castellanos","Hormigón","No existe","V","S/D","Urbana","S/D","No existe","Intersección","Bueno","Buena","Diurna","Buen Tiempo","S/D","S/D","Atropello","S/D","S/D","S/D","Sin restricción"
2016,5681,8/8/2016,"Lunes",0,18:00:00,,"0.0",2,"Automóvil,Bicicleta","SARGENTO CABRAL ",2,1,0,0,1,0,0,,"Calle",,"SAN VICENTE.","Castellanos","Asfalto","Pavimento","V","Dentro","Urbana","Ninguna","No existe","S/D","Bueno","Buena","Atardecer","Buen Tiempo","S/D","Ciclista","Atropello","Ninguna","Faltante","Ninguna","Sin restricción"
2016,5682,8/12/2016,"Viernes",0,11:20:00,,"0.0",2,"Automóvil,Moto/Ciclomotor","San Luis Y Rio De Janeiro",3,1,0,0,2,0,0,,"Calle",,"ROSARIO","Rosario","Asfalto","S/D","II","Dentro","Urbana","S/D","S/D","Intersección","Bueno","S/D","Diurna","S/D","S/D","S/D","Colisión","S/D","S/D","S/D","S/D"
2016,5683,8/11/2016,"Jueves",0,7:40:00,,"0.0",2,"Automóvil,Bicicleta","Casado ",2,1,0,0,0,0,1,,"Calle",,"CASILDA","Caseros","Asfalto","No existe","IV","S/D","Urbana","S/D","No existe","Recta","Bueno","Buena","Diurna","S/D","S/D","Ciclista","Atropello","Ninguna","Faltante","S/D","S/D"
2016,5684,8/9/2016,"Martes",0,21:00:00,,"0.0",2,"Automóvil,Moto/Ciclomotor","Irigoyen Y Santa Fe",2,1,0,0,1,0,0,,"S/D",,"CORREA","Iriondo","Hormigón","No existe","X","S/D","Urbana","Ninguna","No existe","Intersección","Bueno","Buena","Con luz artificial","Buen Tiempo","Lateral","S/D","Atropello","Ninguna","S/D","Ninguna","Sin restricción"
2016,5685,8/3/2016,"Miercoles",0,18:15:00,"Ruta Secundaria 26-s","21.3",3,"Automóvil,Automóvil,Automóvil"," ",6,2,0,0,3,0,1,,"Ruta","26-s","CASILDA","Caseros","Asfalto","Natural","IV","S/D","S/D","Marca Vial","No existe","Recta","Bueno","S/D","Con luz artificial","Buen Tiempo","Múltiple","S/D","Colisión","Ninguna","S/D","Ninguna","Obra en Construcción"
2016,5686,8/11/2016,"Jueves",0,7:30:00,"Autopista Nacional Rosario -Cordoba","351.5",1,"Automóvil","Alambrado paredon limite prop ",4,3,0,0,0,0,1,,"Autopista","Rosario -Cordoba","CORREA","Iriondo","Asfalto","Pavimento","X","S/D","Rural","Ninguna","No existe","Recta","Bueno","Buena","Diurna","Buen Tiempo","Lateral","S/D","Vuelco","Ninguna","Horizontal","Línea divisoria pintada","Sin restricción"
2016,5687,8/14/2016,"Domingo",0,,,"0.0",2,"Automóvil,Moto/Ciclomotor","San Juan ",4,1,3,0,0,0,0,,"Calle",,"CASILDA","Caseros","Asfalto","No existe","IV","S/D","Urbana","Ninguna","No existe","Cruce","Bueno","Buena","Con luz artificial","Buen Tiempo","Lateral","S/D","Colisión","Ninguna","S/D","Ninguna","Sin restricción"
2016,5688,8/16/2016,"Martes",0,9:20:00,,"0.0",2,"Bicicleta,Automóvil","Boulevard 25 de Mayo Y Boulevard Lisandro de la Torre",2,1,0,0,1,0,0,,"Calle",,"CASILDA","Caseros","Asfalto","No existe","IV","S/D","Urbana","Ninguna","No existe","Rotonda","Bueno","Buena","Con luz artificial","Buen Tiempo","S/D","Peatón","Atropello","Ninguna","Faltante","Ninguna","Sin restricción"
2016,5689,8/12/2016,"Viernes",0,20:15:00,"Ruta Nacional 9","358.5",1,"Automóvil","Colon Cristobal ",1,1,0,0,0,0,0,,"Ruta",9,"CORREA","Iriondo","Asfalto","Ripio","X","Fuera","Rural","Ninguna","No existe","Recta","Con baches","Buena","Nocturna","Buen Tiempo","Contra objeto fijo","S/D","Despiste","Ninguna","Horizontal","Línea divisoria pintada","Sin restricción"
2016,5690,8/18/2016,"Jueves",0,8:15:00,,"0.0",2,"Automóvil,Automóvil","Boulevard Ovidio Lagos Y Dante Alighieri",3,2,0,0,1,0,0,,"Calle",,"CASILDA","Caseros","Asfalto","No existe","IV","S/D","Urbana","Ninguna","No existe","Intersección","Bueno","Buena","Con luz artificial","Buen Tiempo","Lateral","S/D","Colisión","Ninguna","Vertical","Ninguna","Sin restricción"
2016,5691,8/27/2016,"Sabado",0,6:45:00,"Ruta Nacional 9","364.0",1,"Automóvil"," ",2,2,0,0,0,0,0,,"Ruta",9,"CORREA","Iriondo","Asfalto","Natural","X","S/D","Rural","Ninguna","No existe","Recta","Bueno","Buena","Nocturna","Buen Tiempo","S/D","S/D","Vuelco","Ninguna","Horizontal","Línea divisoria pintada","Sin restricción"
2016,5692,8/18/2016,"Jueves",0,,,"0.0",2,"Moto/Ciclomotor,Automóvil","Hipolito Yrigoyen Y Mariano Moreno",2,1,0,0,1,0,0,,"Calle",,"CASILDA","Caseros","Asfalto","No existe","IV","S/D","Urbana","Ninguna","No existe","Cruce","Bueno","Buena","Con luz artificial","Buen Tiempo","De alcance","S/D","Colisión","Ninguna","Vertical","Ninguna","Sin restricción"
2016,5693,8/31/2016,"Miercoles",0,20:25:00,,"0.0",1,"Moto/Ciclomotor","Boulevard Centenario Y Moreno",1,1,0,0,0,0,0,,"Calle",,"CAÑADA DE GÓMEZ","Iriondo","Asfalto","No existe","X","S/D","Urbana","S/D","No existe","Recta","Bueno","Buena","Diurna","Buen Tiempo","S/D","S/D","Caída ocupante","Ninguna","Vertical","S/D","S/D"
2016,5694,8/23/2016,"Martes",0,9:00:00,,"0.0",2,"Automóvil,Pickup/Utilitario","Washington Y  Remedios de Escalada de San M",3,2,0,0,1,0,0,,"Calle",,"CASILDA","Caseros","Asfalto","No existe","IV","S/D","Urbana","Ninguna","No existe","Intersección","Bueno","Buena","Diurna,Con luz artificial","Buen Tiempo","Lateral","S/D","Colisión","Ninguna","Vertical","Ninguna","Sin restricción"
2016,5695,8/29/2016,"Lunes",0,18:00:00,,"0.0",2,"Automóvil,Moto/Ciclomotor","Av. Santa Fe Y Mendoza",2,0,1,0,1,0,0,,"Avenida",,"CAÑADA DE GÓMEZ","Iriondo","Asfalto","Pavimento","X","Dentro","Urbana","Ninguna","No existe","Cruce","Bueno","Buena","Diurna","Buen Tiempo","Lateral","S/D","Colisión","Ninguna","Faltante","Ninguna","Sin restricción"
2016,5696,8/23/2016,"Martes",0,18:45:00,,"0.0",2,"Bicicleta,Moto/Ciclomotor","Boulevard Lisandro de la Torre Y General Bartolome Mitre",3,2,0,0,1,0,0,,"Calle",,"CASILDA","Caseros","Asfalto","No existe","IV","S/D","Urbana","Ninguna","No existe","Intersección","Bueno","Buena","Diurna,Con luz artificial","Buen Tiempo","S/D","S/D","Atropello","Ninguna","Vertical","Ninguna","Sin restricción"