"anio_acci","nro_acci","fecha","desc_dia","fecha_aprox","hora_aprox","desc_ruta","km","cant_participantes","desc_participante","calle_avenida_km","total","heridos_leves","heridos_graves","heridos_gravisimos","ilesos","fallecidos","sin_datos","posicion_XY","desc_tipo_via","desc_ruta_ori","desc_loc","desc_dpto","desc_tipo_calzada","desc_tipo_banquina","desc_unidad_regional","desc_lugar_calzada","desc_zona","desc_prioridad","desc_estado_semaforo","desc_lugar_via","desc_estado_via","desc_estado_visibilidad","desc_luminosidad","desc_estado_clima","desc_tipo_colision","desc_tipo_atropello","desc_tipo_hecho","desc_pres_calzada","desc_senializacion","desc_separacion_via","desc_restriccion"
2016,5697,8/10/2016,"Miercoles",0,16:30:00,,"0.0",2,"Moto/Ciclomotor,Otros","9 de Julio Y Gral Urquiza",2,1,0,0,0,0,1,,"Calle",,"SAN JUSTO","San Justo","Asfalto","No existe","XVI","Dentro","Urbana","Ninguna","No existe","Intersección","Bueno","Buena","Diurna","Buen Tiempo","Lateral","S/D","Colisión","Ninguna","Horizontal","Ninguna","Sin restricción"
2016,5698,8/24/2016,"Miercoles",0,19:30:00,,"0.0",2,"Moto/Ciclomotor,Automóvil","Boulevard Lisandro de la Torre Y Boulevard Ovidio Lagos",2,1,0,0,1,0,0,,"Calle",,"CASILDA","Caseros","Asfalto","No existe","IV","S/D","Urbana","Ninguna","No existe","Intersección","Bueno","Buena","Diurna,Con luz artificial","Buen Tiempo","S/D","S/D","Colisión","Ninguna","Vertical","Ninguna","Sin restricción"
2016,5699,8/2/2016,"Martes",0,14:20:00,,"0.0",2,"Moto/Ciclomotor,Automóvil","Ameghino Florentino 170",2,1,0,0,1,0,0,,"Calle",,"GÁLVEZ","San Jerónimo","Asfalto","No existe","XV","S/D","Urbana","Ninguna","No existe","Recta","Bueno","Buena","Diurna","Buen Tiempo","Lateral","S/D","Colisión","Ninguna","S/D","Ninguna","Sin restricción"
2016,5700,8/19/2016,"Viernes",0,20:05:00,"Ruta Provincial 92","0.0",2,"Pickup/Utilitario,Pickup/Utilitario"," ",3,2,0,0,1,0,0,,"Ruta",92,"LOS NOGALES","Caseros","Asfalto","Natural","IV","Dentro","Urbana","Ninguna","No existe","Recta","Bueno","Reducida","Nocturna,Con luz artificial","Lluvia","De alcance","S/D","Colisión","Agua","Horizontal,Vertical","Línea divisoria pintada","Sin restricción"
2016,5701,2/1/2016,"Lunes",0,22:30:00,,"0.0",2,"Moto/Ciclomotor,Bicicleta","1ro de Mayo Y Av Roque Saenz Pe±a",2,1,0,0,0,0,1,,"Calle",,"RAFAELA","Castellanos","Asfalto","No existe","V","S/D","Urbana","Ninguna","No existe","Intersección","Bueno","Buena","Nocturna","Buen Tiempo","S/D","Ciclista","Atropello","Ninguna","Faltante","Ninguna","Sin restricción"
2016,5702,8/17/2016,"Miercoles",0,14:55:00,,"0.0",2,"Bicicleta,Automóvil","9 de julio 1200",2,1,0,0,1,0,0,,"Avenida",,"AREQUITO","Caseros","Asfalto","No existe","IV","Dentro","Urbana","Ninguna","No existe","Recta","Bueno","Buena","Diurna","Buen Tiempo","S/D","Ciclista","Atropello","Ninguna","Faltante","Cordón divisorio","Sin restricción"
2016,5703,8/19/2016,"Viernes",0,20:20:00,,"0.0",2,"Automóvil,Moto/Ciclomotor","Rio de Janeiro 100",3,2,0,0,0,0,1,,"Calle",,"RAFAELA","Castellanos","Asfalto","No existe","V","Dentro","Urbana","Ninguna","No existe","Recta","Bueno","Buena","Diurna","Buen Tiempo","Lateral","S/D","Colisión","Ninguna","Faltante","Ninguna","Sin restricción"
2016,5704,8/14/2016,"Domingo",0,9:10:00,,"0.0",2,"Automóvil,Moto/Ciclomotor"," ",2,1,0,0,1,0,0,,"Calle",,"FORTÍN OLMOS","Vera","Tierra","No existe","XIX","Dentro","Urbana","Ninguna","No existe","Recta","Bueno","Reducida","Amanecer","Buen Tiempo","Lateral","S/D","Colisión","Ninguna","Faltante","Ninguna","Sin restricción"
2016,5705,8/3/2016,"Miercoles",0,9:40:00,,"0.0",2,"Automóvil,Peatón","España Y Ocampo",2,1,0,0,1,0,0,,"Calle",,"CAÑADA DE GÓMEZ","Iriondo","Asfalto","No existe","X","Dentro","Urbana","Ninguna","No existe","Intersección","Bueno","Buena","Diurna","Buen Tiempo","S/D","Peatón","Atropello","Ninguna","Vertical","Ninguna","Sin restricción"
2016,5706,8/26/2016,"Viernes",0,10:30:00,,"0.0",2,"Automóvil,Moto/Ciclomotor","Bernardo de Irigoyen Y A Aguado",2,0,1,0,1,0,0,,"Calle",,"RAFAELA","Castellanos","Asfalto","No existe","V","Dentro","Urbana","Ninguna","No existe","Intersección","Bueno","Buena","Diurna","Buen Tiempo","Lateral","S/D","Colisión","Ninguna","Faltante","Línea divisoria pintada","Sin restricción"
2016,5707,8/11/2016,"Jueves",0,19:15:00,,"0.0",1,"Moto/Ciclomotor"," ",1,1,0,0,0,0,0,,"Calle",,"RAFAELA","Castellanos","Asfalto","No existe","V","Dentro","Urbana","Ninguna","No existe","Intersección","Bueno","Buena","Nocturna","Buen Tiempo","Atropello animal","S/D","Colisión","Ninguna","Faltante","Ninguna","Sin restricción"
2016,5708,8/10/2016,"Miercoles",0,17:35:00,,"0.0",2,"Automóvil,Peatón","Bv Centenario B 660",2,1,0,0,1,0,0,,"Calle",,"CAÑADA DE GÓMEZ","Iriondo","Hormigón","No existe","X","S/D","Urbana","S/D","No existe","Recta","Bueno","S/D","S/D","Buen Tiempo","S/D","Peatón","Atropello","Ninguna","Horizontal","S/D","S/D"
2016,5709,8/16/2016,"Martes",0,10:20:00,,"0.0",2,"Moto/Ciclomotor,Automóvil"," ",3,1,0,0,2,0,0,,"Calle",,"RAFAELA","Castellanos","Hormigón","No existe","V","Dentro","Urbana","Ninguna","No existe","Intersección","Bueno","Buena","Diurna","Buen Tiempo","Lateral","S/D","Colisión","S/D","Vertical","Ninguna","Sin restricción"
2016,5710,8/22/2016,"Lunes",0,13:53:00,,"0.0",2,"Moto/Ciclomotor,Automóvil","Ocampo Y Laprida",2,1,0,0,1,0,0,,"Calle",,"CAÑADA DE GÓMEZ","Iriondo","Hormigón","No existe","X","S/D","Urbana","S/D","No existe","Intersección","Bueno","Buena","Diurna","Buen Tiempo","Lateral","S/D","Colisión","Ninguna","Horizontal","Ninguna","S/D"
2016,5711,8/17/2016,"Miercoles",0,,,"0.0",2,"Moto/Ciclomotor,Otros","Maipu Y Peru",2,0,1,0,0,0,1,,"Calle",,"RAFAELA","Castellanos","Hormigón","No existe","V","Dentro","Urbana","Ninguna","No existe","Intersección","Bueno","Buena","S/D","Buen Tiempo","S/D","S/D","Colisión","S/D","S/D","S/D","Sin restricción"
2016,5712,8/22/2016,"Lunes",0,9:25:00,,"0.0",2,"Moto/Ciclomotor,Automóvil","Necochea Y Hipolito Irigoyen",2,0,1,0,0,0,1,,"Calle",,"CAÑADA DE GÓMEZ","Iriondo","Hormigón","No existe","X","S/D","Urbana","S/D","No existe","Intersección","Bueno","Buena","Diurna","Buen Tiempo","Lateral","S/D","Colisión","Ninguna","Horizontal","S/D","S/D"
2016,5713,8/13/2016,"Sabado",0,19:15:00,,"0.0",2,"Automóvil,Moto/Ciclomotor"," ",2,1,0,0,1,0,0,,"Calle",,"RAFAELA","Castellanos","Asfalto","Pavimento","V","Dentro","Urbana","Ninguna","No existe","Intersección","Bueno","Buena","Nocturna","Buen Tiempo","Lateral","S/D","Colisión","Otro","Faltante","Cordón divisorio","Sin restricción"
2016,5714,8/19/2016,"Viernes",0,9:00:00,,"0.0",2,"Moto/Ciclomotor,Moto/Ciclomotor","Lisandro de la Torre Y Luis Maggi",2,1,0,0,1,0,0,,"S/D",,"RAFAELA","Castellanos","Asfalto","S/D","V","S/D","Urbana","S/D","S/D","Intersección","Bueno","S/D","Diurna","Buen Tiempo","Lateral","S/D","Colisión","Ninguna","Vertical","S/D","S/D"
2016,5715,5/13/2016,"Viernes",0,17:20:00,,"0.0",1,"Moto/Ciclomotor","Av Circunvalación ",1,1,0,0,0,0,0,,"Calle",,"SANTA FE","La Capital","S/D","S/D","I","Dentro","Urbana","S/D","S/D","S/D","S/D","S/D","Diurna","S/D","S/D","S/D","Caída ocupante","S/D","S/D","S/D","S/D"
2016,5716,5/21/2016,"Sabado",0,19:15:00,"Ruta Provincial Brigadier E.López","0.0",2,"Automóvil,Automóvil","Av Silvestre Begnis ",2,2,0,0,0,0,0,,"Ruta","Brigadier E.López","GRANADERO BAIGORRIA","Rosario","S/D","S/D","II","Dentro","Urbana","S/D","No existe","S/D","S/D","S/D","Diurna","S/D","S/D","S/D","Colisión","S/D","S/D","S/D","S/D"
2016,5717,5/25/2016,"Miercoles",0,7:30:00,"Ruta Nacional 33","587.0",3,"Camión c / Acoplado,Camión c / Acoplado,Camión c / Acoplado"," ",3,2,0,0,1,0,0,,"Ruta",33,"SANCTI SPÍRITU","General López","S/D","S/D","VIII","Dentro","Urbana","S/D","S/D","Recta","S/D","S/D","Diurna","S/D","Múltiple","S/D","Colisión","S/D","S/D","S/D","S/D"
2016,5718,5/28/2016,"Sabado",0,2:05:00,"Ruta Provincial Brigadier E.López","38.0",2,"Camión,Camión"," ",2,1,0,0,1,0,0,,"Ruta","Brigadier E.López","OLIVEROS","Iriondo","S/D","S/D","II","Dentro","Urbana","S/D","S/D","S/D","S/D","S/D","Nocturna","S/D","De alcance","S/D","Colisión","S/D","S/D","S/D","S/D"
2016,5719,5/29/2016,"Domingo",0,0:50:00,"Ruta Provincial Brigadier E.López","1.0",1,"Automóvil"," ",3,1,0,0,2,0,0,,"Ruta","Brigadier E.López","ROSARIO","Rosario","S/D","S/D","II","Dentro","Urbana","S/D","S/D","Recta","S/D","S/D","Nocturna","S/D","S/D","S/D","Vuelco","S/D","S/D","S/D","S/D"
2016,5720,5/2/2016,"Lunes",0,15:50:00,,"0.0",1,"Moto/Ciclomotor","Alvear 300",2,2,0,0,0,0,0,,"Calle",,"VENADO TUERTO","General López","S/D","S/D","VIII","Dentro","Urbana","S/D","S/D","S/D","S/D","S/D","Diurna","S/D","S/D","S/D","Caída ocupante","S/D","S/D","S/D","S/D"
2016,5721,5/3/2016,"Martes",0,13:39:00,"Ruta Nacional 8","0.0",2,"Moto/Ciclomotor,Pickup/Utilitario","Iturbide ",2,1,0,0,1,0,0,,"Ruta",8,"VENADO TUERTO","General López","S/D","S/D","VIII","Dentro","Urbana","S/D","S/D","S/D","S/D","S/D","Diurna","S/D","S/D","S/D","Colisión","S/D","S/D","S/D","S/D"
2016,5722,4/30/2016,"Sabado",0,,"Ruta Nacional 33","733.0",2,"Camión,Automóvil"," ",2,0,1,0,1,0,0,,"Ruta",33,"CASILDA","Caseros","S/D","S/D","IV","Dentro","Urbana","S/D","S/D","S/D","S/D","S/D","S/D","S/D","Frontal","S/D","Colisión","S/D","S/D","S/D","S/D"
2016,5723,4/29/2016,"Viernes",0,,"Ruta Nacional 33","0.0",2,"Camión,Automóvil","1 de Mayo ",3,2,0,0,1,0,0,,"Ruta",33,"CASILDA","Caseros","S/D","S/D","IV","Dentro","Urbana","S/D","S/D","S/D","S/D","S/D","S/D","S/D","S/D","S/D","Colisión","S/D","S/D","S/D","S/D"
2016,5724,4/29/2016,"Viernes",0,,"Ruta Nacional 33","0.0",2,"Pickup/Utilitario,Moto/Ciclomotor","Boulevard 25 de Mayo ",2,1,0,0,1,0,0,,"Ruta",33,"CASILDA","Caseros","S/D","S/D","IV","Dentro","Urbana","S/D","S/D","S/D","S/D","S/D","S/D","S/D","S/D","S/D","Colisión","S/D","S/D","S/D","S/D"
2016,5725,5/3/2016,"Martes",0,10:00:00,"Ruta Nacional 11","0.0",3,"Camión,Pickup/Utilitario,Otros","ALTURA VILLA LA RIBERA ",3,3,0,0,0,0,0,,"Ruta",11,"OLIVEROS","Iriondo","S/D","S/D","X","Dentro","Urbana","S/D","S/D","S/D","S/D","S/D","Diurna","S/D","Múltiple","S/D","Colisión","S/D","S/D","S/D","S/D"
2016,5726,5/4/2016,"Miercoles",0,9:50:00,,"0.0",2,"Moto/Ciclomotor,Automóvil","Calle 30-Lucas Funes Y Calle 19-Habegger",2,1,0,0,1,0,0,,"Calle",,"RECONQUISTA","General Obligado","S/D","S/D","IX","Dentro","Urbana","S/D","S/D","S/D","S/D","S/D","Diurna","S/D","S/D","S/D","Colisión","S/D","S/D","S/D","S/D"
2016,5727,5/4/2016,"Miercoles",0,13:00:00,"Ruta Nacional 11","0.0",2,"Moto/Ciclomotor,Pickup/Utilitario","Calle 21-Gdor. iriondo ",4,2,0,0,2,0,0,,"Ruta",11,"RECONQUISTA","General Obligado","S/D","S/D","IX","Dentro","Urbana","S/D","S/D","S/D","S/D","S/D","Diurna","S/D","S/D","S/D","Colisión","S/D","S/D","S/D","S/D"
2016,5728,5/4/2016,"Miercoles",0,21:55:00,,"0.0",2,"Moto/Ciclomotor,Automóvil","Falucho Y 2 de Abril",3,2,0,0,1,0,0,,"Calle",,"VENADO TUERTO","General López","S/D","S/D","VIII","Dentro","Urbana","S/D","S/D","S/D","S/D","S/D","Nocturna","S/D","S/D","S/D","Colisión","S/D","S/D","S/D","S/D"
2016,5729,5/5/2016,"Jueves",0,23:30:00,,"0.0",2,"Automóvil,Moto/Ciclomotor","Urquiza Y Paraguay",4,2,1,0,1,0,0,,"Calle",,"CAÑADA DE GÓMEZ","Iriondo","S/D","S/D","X","Dentro","Urbana","S/D","S/D","S/D","S/D","S/D","Nocturna","S/D","S/D","S/D","Colisión","S/D","S/D","S/D","S/D"
2016,5730,5/5/2016,"Jueves",0,20:40:00,,"0.0",2,"Moto/Ciclomotor,Automóvil","Calle 29-Alte Brown Y Calle 18 - Gral Belgrano",2,1,0,0,1,0,0,,"Calle",,"RECONQUISTA","General Obligado","S/D","S/D","IX","Dentro","Urbana","S/D","S/D","S/D","S/D","S/D","Atardecer","S/D","S/D","S/D","Colisión","S/D","S/D","S/D","S/D"
2016,5731,5/5/2016,"Jueves",0,10:30:00,,"0.0",1,"Moto/Ciclomotor","Chile ",4,1,0,0,3,0,0,,"Calle",,"VENADO TUERTO","General López","S/D","S/D","VIII","Dentro","Urbana","S/D","S/D","S/D","S/D","S/D","Diurna","S/D","S/D","S/D","Caída ocupante","S/D","S/D","S/D","S/D"
2016,5732,5/6/2016,"Viernes",0,18:05:00,"Ruta Nacional 8","0.0",2,"Automóvil,Automóvil"," ",2,1,0,0,1,0,0,,"Ruta",8,"VENADO TUERTO","General López","S/D","S/D","VIII","Dentro","Urbana","S/D","S/D","S/D","S/D","S/D","Diurna","S/D","S/D","S/D","Colisión","S/D","S/D","S/D","S/D"
2016,5733,8/31/2016,"Miercoles",0,7:30:00,,"0.0",2,"Moto/Ciclomotor,Automóvil","Ballesteros Y Sarmiento",2,1,0,0,1,0,0,,"Calle",,"CAÑADA DE GÓMEZ","Iriondo","Asfalto","No existe","X","S/D","Urbana","S/D","No existe","Intersección","Bueno","Buena","Diurna","S/D","S/D","S/D","Colisión","Ninguna","S/D","S/D","S/D"
2016,5734,5/7/2016,"Sabado",0,15:35:00,,"0.0",2,"Moto/Ciclomotor,Moto/Ciclomotor","Juan Lavalle Y Chacabuco",3,2,0,0,1,0,0,,"Calle",,"VENADO TUERTO","General López","S/D","S/D","VIII","Dentro","Urbana","S/D","S/D","S/D","S/D","S/D","Diurna","S/D","S/D","S/D","Colisión","S/D","S/D","S/D","S/D"
2016,5735,5/7/2016,"Sabado",0,21:10:00,,"0.0",1,"Moto/Ciclomotor","Falucho Y Turner S",1,1,0,0,0,0,0,,"Calle",,"VENADO TUERTO","General López","S/D","S/D","VIII","Dentro","Urbana","S/D","S/D","S/D","S/D","S/D","Nocturna","S/D","S/D","S/D","Caída ocupante","S/D","S/D","S/D","S/D"
2016,5736,5/7/2016,"Sabado",0,21:35:00,,"0.0",2,"Moto/Ciclomotor,Pickup/Utilitario","Chacabuco Y Juan Lavalle",3,1,0,0,2,0,0,,"Calle",,"VENADO TUERTO","General López","S/D","S/D","VIII","Dentro","Urbana","S/D","S/D","S/D","S/D","S/D","Nocturna","S/D","S/D","S/D","Colisión","S/D","S/D","S/D","S/D"
2016,5737,5/7/2016,"Sabado",0,12:00:00,,"0.0",2,"Pickup/Utilitario,Moto/Ciclomotor","Suipacha Av Y Juan B Justo",3,1,1,0,1,0,0,,"Calle",,"RAFAELA","Castellanos","S/D","S/D","V","Dentro","Urbana","S/D","S/D","S/D","S/D","S/D","Diurna","S/D","S/D","S/D","Colisión","S/D","S/D","S/D","S/D"
2016,5738,8/12/2016,"Viernes",0,12:25:00,,"0.0",2,"Automóvil,Moto/Ciclomotor","Bv. Balcarce Y Pagani",2,1,0,0,1,0,0,,"S/D",,"CAÑADA DE GÓMEZ","Iriondo","Hormigón","No existe","X","S/D","Urbana","Ninguna","No existe","Intersección","Bueno","Buena","Diurna","Buen Tiempo","Lateral","S/D","Colisión","Ninguna","Faltante","S/D","Sin restricción"
2016,5739,8/12/2016,"Viernes",0,8:00:00,"Ruta Provincial 91","0.0",2,"Automóvil,Camión c / Acoplado"," ",4,1,0,0,3,0,0,,"Ruta",91,"BUSTINZA","Iriondo","Hormigón","Natural","X","S/D","Rural","Ninguna","Funciona","Curva","Bueno","Buena","Diurna","Buen Tiempo","De alcance","S/D","Colisión","Ninguna","Vertical","Ninguna","Sin restricción"
2016,5740,8/3/2016,"Miercoles",0,14:00:00,"Ruta Provincial 65","37.0",1,"Pickup/Utilitario"," ",1,0,0,0,0,1,0,"-32.348780068611,-61.316672436141","Ruta",65,"SAN GENARO","San Jerónimo","Asfalto","Natural","XV","Fuera","Rural","Ninguna","No existe","Recta","Bueno","Buena","Diurna","Buen Tiempo","S/D","S/D","Vuelco","Ninguna","Faltante","Ninguna","Accidente Previo"
2016,5741,8/6/2016,"Sabado",0,5:00:00,,"0.0",1,"Moto/Ciclomotor","SAN JUAN Y PJE JAUREGUI",1,0,0,0,0,1,0,"-33.715927, -61.051203","Calle",,"JUNCAL","Constitución","Hormigón","No existe","VI","Fuera","Urbana","Ninguna","No existe","Recta","Bueno","Reducida","Con luz artificial","Niebla","Contra objeto fijo","S/D","Caída ocupante,Colisión","S/D","Faltante","Cordón divisorio","Sin restricción"
2016,5742,8/7/2016,"Domingo",0,23:25:00,"Ruta Nacional 34","312.0",3,"Peatón,Peatón,Transporte de Pasajeros Larga Distancia (Doble Piso)"," ",56,0,0,0,54,2,0,"-30.491396, -61.632086","Ruta",34,"MONIGOTES","San Cristóbal","Asfalto","Ripio","XIII","Dentro","Urbana","Otra Señal","No existe","Recta","Bueno","Buena","Nocturna","Buen Tiempo","S/D","Peatón","Atropello","Ninguna","Vertical","Línea divisoria pintada","Sin restricción"
2016,5743,8/7/2016,"Domingo",0,8:30:00,"Ruta Nacional 95","924.0",3,"Camión,Automóvil,Camión c / Acoplado"," ",6,4,0,0,1,1,0,"-28.087990683319,-61.29376393738","Ruta",95,"GATO COLORADO","9 de Julio","Asfalto","Natural","XII","Dentro","Rural","Ninguna","No existe","Recta","Bueno","Reducida","Diurna","Buen Tiempo","Múltiple","S/D","Colisión","Ninguna","Faltante","Línea divisoria pintada","Sin restricción"
2016,5744,8/29/2016,"Lunes",0,18:30:00,,"0.0",2,"Pickup/Utilitario,Automóvil","Saavedra Y Republica Argentina",5,1,0,0,4,0,0,,"Calle",,"TOSTADO","9 de Julio","Asfalto","No existe","XII","S/D","Urbana","Ninguna","No existe","Intersección","Bueno","Buena","Diurna","Buen Tiempo","Lateral","S/D","Colisión","Ninguna","Faltante","Ninguna","Sin restricción"
2016,5745,8/4/2016,"Jueves",0,7:00:00,,"0.0",1,"Moto/Ciclomotor"," ",1,1,0,0,0,0,0,,"Camino Rural",,"FORTÍN TOBA","Vera","Tierra","Natural","XIX","Dentro","Rural","Ninguna","No existe","Recta","Otro","Buena","Amanecer","Buen Tiempo","S/D","S/D","Caída ocupante","Otro","Faltante","Ninguna","Sin restricción"
2016,5746,8/6/2016,"Sabado",0,17:50:00,,"0.0",2,"Cuatriciclo,Automóvil","Bv Belgrano Y Sarmiento",3,1,0,0,2,0,0,,"Avenida",,"CALCHAQUÍ","Vera","Asfalto","S/D","XIX","Dentro","Urbana","S/D","No existe","Intersección","Bueno","Buena","Atardecer","Buen Tiempo","S/D","S/D","Colisión","Ninguna","S/D","S/D","S/D"
2016,5747,8/6/2016,"Sabado",0,,,"0.0",2,"Automóvil,Cuatriciclo","9 de Julio Y Sarmiento",2,1,0,0,1,0,0,,"Calle",,"CALCHAQUÍ","Vera","Asfalto","S/D","XIX","S/D","Urbana","S/D","No existe","Intersección","Bueno","Buena","Diurna","Buen Tiempo","S/D","S/D","Colisión","S/D","S/D","S/D","S/D"
2016,5748,8/14/2016,"Domingo",0,20:35:00,"Autopista Nacional A008","0.0",3,"Automóvil,Moto/Ciclomotor,Automóvil","Av. Circunvalacion Y Av. Uriburu",7,1,0,0,5,1,0,"-32.991888688376,-60.702159294216","Autopista","A008","ROSARIO","Rosario","Asfalto","No existe","II","Dentro","Urbana","Ninguna","No existe","Recta","Bueno","Buena","Con luz artificial","Buen Tiempo","De alcance","S/D","Colisión","Ninguna","Faltante","Guardarrail","Sin restricción"
2016,5749,8/14/2016,"Domingo",0,,,"0.0",2,"Pickup/Utilitario,Moto/Ciclomotor","Lisandro de la Torre Y Leoncio de la Barrera",2,0,0,0,1,1,0,"-33.737611111111,-61.982361111111","Avenida",,"VENADO TUERTO","General López","Asfalto,Ripio","No existe","VIII","Dentro","Urbana","S/D","No existe","Intersección","Con baches","Buena","S/D","S/D","S/D","S/D","S/D","S/D","S/D","S/D","S/D"
2016,5750,8/15/2016,"Lunes",0,9:15:00,,"0.0",2,"Pickup/Utilitario,Moto/Ciclomotor","Guemes Y Gobernador Crespo",2,0,0,0,1,1,0,"-31.452111111111,-60.936305555556","Calle",,"ESPERANZA","Las Colonias","Asfalto","No existe","XI","Dentro","Urbana","Ninguna","No existe","Intersección","Bueno","Buena","Diurna","Buen Tiempo","Lateral","S/D","Colisión","Ninguna","S/D","Ninguna","Sin restricción"
2016,5751,8/17/2016,"Miercoles",0,15:15:00,"Ruta Nacional 19","16.7",2,"Peatón,Otros"," ",2,0,0,0,1,1,0,"-31.643243, -60.936169","Ruta",19,"SAN AGUSTÍN","Las Colonias","Asfalto","Natural","XI","Dentro","Rural","Marca Vial","No existe","Recta","Deteriorada,Ahuellamiento","Buena","Diurna","Buen Tiempo","S/D","Peatón","Atropello","Ninguna","Vertical","Vegetación","Reparación de Vía"
2016,5752,8/21/2016,"Domingo",0,5:40:00,"Ruta Provincial 2","132.0",1,"Automóvil","RP 2 Y RP 4 ",1,0,0,0,0,1,0,"-30.351978560727,-61.225848169255","Ruta",2,"SAN CRISTÓBAL","San Cristóbal","Asfalto","Natural","XIII","S/D","S/D","Otra Señal","No existe","Recta","Bueno","Buena","Nocturna","Buen Tiempo","S/D","S/D","Vuelco","Ninguna","S/D","Ninguna","S/D"
2016,5753,8/21/2016,"Domingo",0,2:30:00,,"0.0",2,"Automóvil,Moto/Ciclomotor","Salta Y Av. Ovidio Lagos",2,0,0,0,1,1,0,"-32.93524772618,-60.659701031854","Calle",,"ROSARIO","Rosario","Asfalto","No existe","II","Dentro","Urbana","Semáforo","Funciona","Recta","Otro","Buena","Nocturna","Buen Tiempo","S/D","S/D","Colisión","Ninguna","Vertical","Ninguna","Sin restricción"
2016,5754,3/10/2016,"Jueves",0,9:45:00,,"0.0",2,"Automóvil,Bicicleta","San Martin Y Independencia",2,1,0,0,1,0,0,,"Calle",,"CALCHAQUÍ","Vera","Asfalto","Natural","XIX","Dentro","Urbana","S/D","No existe","Intersección","Deteriorada","Buena","Diurna","Buen Tiempo","S/D","Ciclista","Atropello","S/D","S/D","S/D","S/D"
2016,5755,8/27/2016,"Sabado",0,6:00:00,"Ruta Nacional 11","389.4",1,"Automóvil"," ",4,0,2,0,0,2,0,"-32.25894006431,-60.979255554969","Ruta",11,"BARRANCAS","San Jerónimo","Asfalto","Natural","XV","Fuera","Rural","Ninguna","No existe","Curva","Bueno","Reducida","Amanecer","Otro","Contra objeto fijo","S/D","Colisión","Ninguna","Vertical","Línea divisoria pintada","Sin restricción"
2016,5756,8/17/2016,"Miercoles",0,16:50:00,,"0.0",2,"Automóvil,Bicicleta","San Martin Y Santa Fe",2,1,0,0,1,0,0,,"Calle",,"CALCHAQUÍ","Vera","Asfalto","S/D","XIX","Dentro","Urbana","S/D","No existe","Intersección","Bueno","Buena","Diurna","Buen Tiempo","S/D","Ciclista","Atropello","S/D","S/D","S/D","Sin restricción"
2016,5757,8/20/2016,"Sabado",0,21:00:00,"Ruta Provincial 40","66.0",1,"Automóvil"," ",5,3,1,0,1,0,0,,"Ruta",40,"FORTÍN OLMOS","Vera","Asfalto","Natural","XIX","Dentro","Urbana","Ninguna","No existe","Recta","Bueno","Buena","Nocturna","Buen Tiempo","Contra objeto fijo","S/D","Colisión","S/D","S/D","S/D","Sin restricción"
2016,5758,8/2/2016,"Martes",0,19:00:00,,"0.0",2,"Automóvil,Moto/Ciclomotor","PARAJE KM 29 ",4,2,0,0,2,0,0,,"Calle",,"FORTÍN OLMOS","Vera","Tierra","No existe","XIX","Dentro","Urbana","Ninguna","No existe","Recta","Bueno","Reducida polvo","Atardecer","Buen Tiempo","S/D","S/D","Colisión","S/D","Faltante","Ninguna","Sin restricción"
2016,5759,8/23/2016,"Martes",0,19:00:00,,"0.0",2,"Moto/Ciclomotor,Moto/Ciclomotor","A Illia Y Yapeyu",4,4,0,0,0,0,0,,"Calle",,"ROMANG","San Javier","Tierra","No existe","XIV","Dentro","Urbana","Ninguna","No existe","Intersección","S/D","Reducida","Atardecer","Buen Tiempo","Lateral","S/D","Colisión","S/D","Faltante","Ninguna","Sin restricción"
2016,5760,8/15/2016,"Lunes",0,18:00:00,,"0.0",2,"Moto/Ciclomotor,Bicicleta","Bv San Martin ",2,1,1,0,0,0,0,,"Calle",,"HUMBERTO 1°","Castellanos","Hormigón","Natural","V","Dentro","Urbana","Ninguna","No existe","Intersección","Bueno","Buena","Diurna","Buen Tiempo","Frontal","Ciclista","Atropello","S/D","S/D","Cordón divisorio","Sin restricción"
2016,5761,8/29/2016,"Lunes",0,17:30:00,,"0.0",2,"Moto/Ciclomotor,Camión Chasis","Bv San Martin Y Corrientes",2,0,1,0,1,0,0,,"Calle",,"HUMBERTO 1°","Castellanos","Asfalto","No existe","V","Dentro","Urbana","Ninguna","No existe","Intersección","Bueno","Buena","Diurna","Buen Tiempo","Lateral","S/D","Colisión","S/D","S/D","Cordón divisorio","Sin restricción"
2016,5762,8/13/2016,"Sabado",0,19:20:00,,"0.0",2,"Moto/Ciclomotor,Moto/Ciclomotor","14 de Julio ",2,1,0,0,1,0,0,,"Calle",,"RAFAELA","Castellanos","Asfalto","Pavimento","V","Dentro","Urbana","Ninguna","No existe","Intersección","Bueno","Buena","Nocturna,Con luz artificial","Buen Tiempo","Lateral","S/D","Colisión","S/D","Faltante","Ninguna","Sin restricción"
2016,5763,8/10/2016,"Miercoles",0,18:10:00,,"0.0",1,"Moto/Ciclomotor","Av Dr E Salva 578",2,2,0,0,0,0,0,,"Calle",,"RAFAELA","Castellanos","Asfalto","No existe","V","Dentro","Urbana","Ninguna","No existe","Recta","Bueno","Buena","Diurna","Buen Tiempo","Contra objeto fijo","S/D","Colisión","S/D","Faltante","S/D","Sin restricción"
2016,5764,8/30/2016,"Martes",0,8:20:00,,"0.0",2,"Moto/Ciclomotor,Automóvil","Fdo Fader ",2,0,1,0,1,0,0,,"Calle",,"RAFAELA","Castellanos","Asfalto","S/D","V","Dentro","Urbana","Ninguna","No existe","Intersección","Bueno","Reducida","Diurna","Buen Tiempo","Lateral","S/D","Colisión","S/D","S/D","Cordón divisorio","Sin restricción"