"anio_acci","nro_acci","fecha","desc_dia","fecha_aprox","hora_aprox","desc_ruta","km","cant_participantes","desc_participante","calle_avenida_km","total","heridos_leves","heridos_graves","heridos_gravisimos","ilesos","fallecidos","sin_datos","posicion_XY","desc_tipo_via","desc_ruta_ori","desc_loc","desc_dpto","desc_tipo_calzada","desc_tipo_banquina","desc_unidad_regional","desc_lugar_calzada","desc_zona","desc_prioridad","desc_estado_semaforo","desc_lugar_via","desc_estado_via","desc_estado_visibilidad","desc_luminosidad","desc_estado_clima","desc_tipo_colision","desc_tipo_atropello","desc_tipo_hecho","desc_pres_calzada","desc_senializacion","desc_separacion_via","desc_restriccion"
2016,5765,8/31/2016,"Miercoles",0,12:15:00,,"0.0",2,"Moto/Ciclomotor,Moto/Ciclomotor","Bv Pte Roca Y Dante Alighieri",2,2,0,0,0,0,0,,"Calle",,"RAFAELA","Castellanos","S/D","Pavimento","V","Dentro","Urbana","Marca Vial","No existe","Intersección","Bueno","Buena","Diurna","Buen Tiempo","Lateral","S/D","Colisión","S/D","Horizontal","Cordón divisorio","Sin restricción"
2016,5766,8/31/2016,"Miercoles",0,20:15:00,,"0.0",2,"Automóvil,Moto/Ciclomotor","Becker ",3,2,0,0,1,0,0,,"Calle",,"RAFAELA","Castellanos","Hormigón","No existe","V","Dentro","Urbana","Ninguna","No existe","Recta","Bueno","Buena","Nocturna,Con luz artificial","Buen Tiempo","Lateral","S/D","Colisión","S/D","Horizontal,Vertical","Ninguna","Sin restricción"
2016,5767,8/26/2016,"Viernes",0,18:00:00,,"0.0",2,"Automóvil,Moto/Ciclomotor","Jose Marti ",2,1,0,0,1,0,0,,"Calle",,"RAFAELA","Castellanos","Asfalto","No existe","V","Dentro","Urbana","Ninguna","No existe","Intersección","Bueno","Buena","Diurna","Buen Tiempo","Lateral","S/D","Colisión","S/D","Faltante","Línea divisoria pintada","Sin restricción"
2016,5768,8/23/2016,"Martes",0,23:30:00,,"0.0",2,"Moto/Ciclomotor,Automóvil","Mariano Moreno Y 25 de Mayo",2,0,1,0,1,0,0,,"Calle",,"RAFAELA","Castellanos","Hormigón","No existe","V","Dentro","Urbana","Ninguna","No existe","Intersección","Bueno","Buena","Nocturna","Buen Tiempo","Frontal","S/D","Colisión","S/D","Vertical","Ninguna","Sin restricción"
2016,5769,8/16/2016,"Martes",0,23:00:00,"Ruta Nacional 19","83.0",2,"Camión,Automóvil"," ",7,6,0,0,1,0,0,,"Ruta",19,"RAFAELA","Castellanos","Asfalto","Pavimento","V","Dentro","Urbana","Ninguna","No existe","Recta","Bueno","Reducida","Nocturna","Buen Tiempo","S/D","S/D","Colisión","S/D","Horizontal","Vegetación","Sin restricción"
2016,5770,8/25/2016,"Jueves",0,12:30:00,,"0.0",1,"Moto/Ciclomotor","Hugo del Carril 261",4,3,0,0,1,0,0,,"Calle",,"RAFAELA","Castellanos","Hormigón","S/D","V","Dentro","Urbana","Ninguna","No existe","Recta","Bueno","Buena","Diurna","Buen Tiempo","S/D","S/D","Caída ocupante","S/D","S/D","Ninguna","Sin restricción"
2016,5771,8/13/2016,"Sabado",0,20:00:00,,"0.0",2,"Moto/Ciclomotor,Automóvil","Calle 100 ",3,2,0,0,1,0,0,,"Calle",,"FRONTERA","Castellanos","Asfalto","S/D","V","Dentro","Urbana","Ninguna","S/D","Recta","Bueno","Buena","Con luz artificial","Buen Tiempo","S/D","S/D","Colisión","S/D","S/D","Ninguna","S/D"
2016,5772,8/7/2016,"Domingo",0,18:10:00,,"0.0",2,"Automóvil,Automóvil","Calle 56 Y Calle 17",5,1,0,0,4,0,0,,"Calle",,"FRONTERA","Castellanos","Asfalto","S/D","V","Dentro","Urbana","S/D","S/D","Intersección","Bueno","Buena","Atardecer,Con luz artificial","Buen Tiempo","De alcance","S/D","Colisión","S/D","S/D","S/D","S/D"
2016,5773,8/12/2016,"Viernes",0,10:00:00,,"0.0",2,"Pickup/Utilitario,Moto/Ciclomotor","E.Zeballos Y Rio De Janeiro",3,2,0,0,1,0,0,,"Calle",,"ROSARIO","Rosario","Asfalto","S/D","II","Dentro","Urbana","S/D","S/D","Intersección","S/D","S/D","Diurna","S/D","S/D","S/D","Colisión","S/D","S/D","S/D","S/D"
2016,5774,8/30/2016,"Martes",0,20:40:00,,"0.0",2,"Peatón,Moto/Ciclomotor","Bv San Martin 1356",2,1,0,0,0,1,0,"-30.30825,-61.230861111111","Avenida",,"SAN CRISTÓBAL","San Cristóbal","Asfalto","No existe","XIII","S/D","Urbana","Ninguna","No existe","Recta","Bueno","Buena","Diurna","Buen Tiempo","S/D","Peatón","Atropello","Ninguna","Faltante","Ninguna","Sin restricción"
2016,5775,8/12/2016,"Viernes",0,6:10:00,,"0.0",2,"Automóvil,Automóvil","Gutenberg Y Av. Eva Peron",3,1,0,0,2,0,0,,"Calle",,"ROSARIO","Rosario","Asfalto","S/D","II","Dentro","Urbana","S/D","S/D","Intersección","S/D","S/D","S/D","S/D","S/D","S/D","Colisión","S/D","S/D","S/D","S/D"
2016,5776,8/30/2016,"Martes",0,0:35:00,"Ruta Nacional A012","53.0",3,"Camión c / Acoplado,Camión c / Acoplado,Camión c / Acoplado"," ",3,0,0,0,2,1,0,"-32.821717699758,-60.841668798962","Ruta","A012","LUIS PALACIOS","San Lorenzo","Asfalto","Ripio","XVII","Dentro","Rural","Marca Vial","No existe","Recta","Bueno","Buena","Nocturna","Buen Tiempo","De alcance,Múltiple","S/D","Colisión","Ninguna","Horizontal,Vertical","Línea divisoria pintada","Sin restricción"
2016,5777,8/31/2016,"Miercoles",0,14:55:00,"Ruta Nacional 33","0.0",2,"Camión c / Acoplado,Moto/Ciclomotor","RN 33 Y MITRE ",3,0,0,0,1,2,0,"-33.245048, -61.359074","Ruta",33,"CHABAS","Caseros","Asfalto,Hormigón","Pavimento","IV","S/D","Urbana","Ninguna","Intermitente","Recta","Bueno","Buena","Diurna","Buen Tiempo","Frontal","S/D","Colisión","Ninguna","S/D","Ninguna","Sin restricción"
2016,5778,8/11/2016,"Jueves",0,13:15:00,,"0.0",2,"Transporte de Pasajeros Urbano (> 8 asientos),Automóvil","Rodriguez Y San Luis",2,1,0,0,1,0,0,,"Calle",,"ROSARIO","Rosario","Asfalto","S/D","II","Dentro","Urbana","S/D","S/D","Intersección","S/D","Buena","Diurna","S/D","S/D","S/D","Colisión","S/D","S/D","S/D","S/D"
2016,5779,8/31/2016,"Miercoles",0,19:45:00,"Ruta Provincial 23","0.0",1,"Automóvil"," ",3,1,0,1,0,1,0,"-30.361880, -61.910506","Ruta",23,"SAN GUILLERMO","San Cristóbal","Hormigón","Natural","XIII","Dentro","Rural","Ninguna","No existe","Recta","Bueno","Buena","Nocturna","Buen Tiempo","S/D","S/D","Vuelco","Ninguna","Faltante","Ninguna","S/D"
2016,5780,8/4/2016,"Jueves",0,11:30:00,,"0.0",2,"Automóvil,Moto/Ciclomotor","Av. Pellegrini Y Gutenberg",3,1,0,0,2,0,0,,"Calle",,"ROSARIO","Rosario","Asfalto","S/D","II","Dentro","Urbana","S/D","S/D","Intersección","S/D","S/D","Diurna","S/D","S/D","S/D","Colisión","S/D","S/D","S/D","S/D"
2016,5781,8/6/2016,"Sabado",0,,,"0.0",2,"Automóvil,Moto/Ciclomotor","Av. Ovidio Lagos Y Rioja",3,2,0,0,1,0,0,,"Calle",,"ROSARIO","Rosario","Asfalto","S/D","II","Dentro","Urbana","S/D","S/D","Intersección","S/D","S/D","S/D","S/D","S/D","S/D","Colisión","S/D","S/D","S/D","S/D"
2016,5782,8/4/2016,"Jueves",0,19:00:00,,"0.0",2,"Automóvil,Moto/Ciclomotor","Carriego Y E.Zeballos",3,1,0,0,2,0,0,,"Calle",,"ROSARIO","Rosario","Asfalto","S/D","II","Dentro","Urbana","S/D","S/D","Intersección","S/D","S/D","Atardecer","S/D","S/D","S/D","Colisión","S/D","S/D","S/D","S/D"
2016,5783,8/3/2016,"Miercoles",0,18:00:00,,"0.0",2,"Automóvil,Moto/Ciclomotor","Marcos Paz Y Valparaiso",2,1,0,0,1,0,0,,"Calle",,"ROSARIO","Rosario","Asfalto","S/D","II","Dentro","Urbana","S/D","S/D","Intersección","S/D","S/D","Diurna","S/D","S/D","S/D","Colisión","S/D","S/D","S/D","S/D"
2016,5784,8/2/2016,"Martes",0,11:00:00,,"0.0",2,"Automóvil,Bicicleta","Mendoza Y Alsina",4,1,0,0,3,0,0,,"Calle",,"ROSARIO","Rosario","Asfalto","S/D","II","Dentro","Urbana","S/D","S/D","Intersección","S/D","S/D","Diurna","S/D","S/D","Ciclista","Atropello","S/D","S/D","S/D","S/D"
2016,5785,8/4/2016,"Jueves",0,23:30:00,"Ruta Secundaria 28-s","0.0",2,"Automóvil,Moto/Ciclomotor"," ",3,1,1,0,1,0,0,,"Ruta","28-s","SUNCHALES","Castellanos","Asfalto","Natural","V","Dentro","Urbana","Ninguna","No existe","Recta","Bueno","Reducida","Nocturna","Buen Tiempo","Lateral","S/D","Colisión","S/D","Faltante","Ninguna","Sin restricción"
2016,5786,8/7/2016,"Domingo",0,15:30:00,,"0.0",2,"Moto/Ciclomotor,Pickup/Utilitario","Rotania Y 1ro de Mayo",4,2,0,0,2,0,0,,"Calle",,"SUNCHALES","Castellanos","Asfalto","No existe","V","Dentro","Urbana","Ninguna","No existe","Intersección","Bueno","Buena","Diurna","Buen Tiempo","Lateral","S/D","Colisión","S/D","Faltante","Cordón divisorio","Sin restricción"
2016,5787,8/14/2016,"Domingo",0,6:40:00,,"0.0",2,"Moto/Ciclomotor,Automóvil","Calle 100 Y Calle 64",3,1,0,0,2,0,0,,"Calle",,"FRONTERA","Castellanos","Asfalto","No existe","V","Dentro","Urbana","Semáforo","Funciona","Intersección","S/D","Buena","Amanecer","Buen Tiempo","Lateral","S/D","Colisión","S/D","S/D","S/D","Sin restricción"
2016,5788,9/5/2016,"Lunes",0,21:10:00,,"0.0",2,"Vehículo Oficial,Moto/Ciclomotor","Av. Bermudez Y Av. Arijon",4,0,3,0,0,1,0,"-33.002833333333,-60.642555555556","Avenida",,"ROSARIO","Rosario","Asfalto","No existe","II","Dentro","Urbana","Ninguna","S/D","Intersección","Bueno","Buena","Nocturna","Buen Tiempo","Lateral","S/D","Colisión","S/D","Faltante","Ninguna","Sin restricción"
2016,5789,9/9/2016,"Viernes",0,5:00:00,"Ruta Nacional A008","0.0",2,"Moto/Ciclomotor,Pickup/Utilitario","Av. Circunvalacion Y Mendoza",2,0,0,0,1,1,0,"-32.940472222222,-60.723277777778","Ruta","A008","ROSARIO","Rosario","S/D","S/D","II","Dentro","Urbana","S/D","S/D","Intersección","S/D","S/D","Nocturna","S/D","De alcance","S/D","Colisión","S/D","S/D","S/D","S/D"
2016,5790,9/9/2016,"Viernes",0,8:00:00,"Ruta Secundaria 50-s","71.0",2,"Pickup/Utilitario,Moto/Ciclomotor"," ",3,1,0,0,1,1,0,"-31.571644366894,-60.995576973483","Ruta","50-s","LAS TUNAS","Las Colonias","Asfalto","Natural","XI","Dentro","Rural","Ninguna","No existe","Recta","Bueno","Buena","Diurna","Buen Tiempo","Otro","S/D","Colisión","Ninguna","Faltante","Ninguna","Sin restricción"
2016,5791,9/10/2016,"Sabado",0,5:00:00,,"0.0",1,"Moto/Ciclomotor","Abanderado Grandoli 4038",2,0,1,0,0,1,0,"-32.987583333333,-60.628416666667","Calle",,"ROSARIO","Rosario","S/D","S/D","II","Fuera","Urbana","S/D","S/D","Recta","S/D","S/D","Nocturna","S/D","Contra objeto fijo","S/D","Colisión","S/D","S/D","S/D","S/D"
2016,5792,7/31/2016,"Domingo",0,20:00:00,"Ruta Provincial 21","0.0",1,"Taxi/Remis","Av Gral San Martin Y Chubut",3,1,0,0,1,1,0,"-33.033277777778,-60.617416666667","Ruta",21,"VILLA GOBERNADOR GÁLVEZ","Rosario","Asfalto","S/D","II","Dentro","Urbana","S/D","S/D","S/D","S/D","S/D","Nocturna","S/D","Contra objeto fijo","S/D","Colisión","S/D","S/D","S/D","S/D"
2016,5793,9/11/2016,"Domingo",0,8:40:00,"Ruta Nacional 34","232.0",2,"Camión,Camión"," ",2,0,0,0,0,2,0,"-31.157509, -61.481413","Ruta",34,"LEHMANN","Castellanos","S/D","S/D","V","Dentro","Rural","S/D","S/D","Recta","S/D","S/D","Diurna","S/D","Frontal","S/D","Colisión","S/D","S/D","S/D","S/D"
2016,5794,8/7/2016,"Domingo",0,5:30:00,"Ruta Nacional 11","730.0",2,"Automóvil,Automóvil"," ",4,3,0,0,0,1,0,"-29.438844048211,-60.135048101674","Ruta",11,"VERA","Vera","Hormigón","Natural","XIX","Dentro","Rural","S/D","S/D","S/D","S/D","S/D","Nocturna","S/D","S/D","S/D","Colisión","S/D","S/D","S/D","S/D"
2016,5795,8/10/2016,"Miercoles",0,19:00:00,,"0.0",2,"Moto/Ciclomotor,Moto/Ciclomotor"," ",2,1,0,0,1,0,0,,"S/D",,"GOBERNADOR CRESPO","San Justo","Tierra","Natural","XVI","S/D","Rural","Ninguna","No existe","Intersección","Ahuellamiento","Buena","Atardecer","Buen Tiempo","Otro","S/D","Colisión","Ninguna","Faltante","Ninguna","Sin restricción"
2016,5796,8/2/2016,"Martes",0,1:25:00,"Ruta Provincial 66","99.3",2,"Camión c / Acoplado,Camión"," ",2,1,0,0,1,0,0,,"Ruta",66,"LANDETA","San Martín","Asfalto","Natural","XVIII","Dentro","Rural","Ninguna","No existe","Recta","Bueno","Buena","Nocturna","Buen Tiempo","De alcance","S/D","Colisión","Material Suelto,Fluidos","Vertical","Ninguna","Sin restricción"
2016,5797,8/13/2016,"Sabado",0,19:30:00,,"0.0",2,"Moto/Ciclomotor,Automóvil","Tucuman Y Edison",4,1,0,0,3,0,0,,"S/D",,"RAFAELA","Castellanos","Hormigón","S/D","V","S/D","Urbana","Ninguna","S/D","Intersección","Bueno","S/D","Atardecer","Buen Tiempo","Lateral","S/D","Colisión","Ninguna","Vertical","Ninguna","Sin restricción"
2016,5798,8/16/2016,"Martes",0,10:30:00,,"0.0",2,"Pickup/Utilitario,Moto/Ciclomotor","Av. Pellegrini Y Rio De Janeiro",2,1,0,0,1,0,0,,"Avenida",,"ROSARIO","Rosario","Asfalto","S/D","II","Dentro","Urbana","S/D","S/D","Intersección","S/D","S/D","Diurna","S/D","S/D","S/D","Colisión","S/D","S/D","S/D","S/D"
2016,5799,8/16/2016,"Martes",0,12:08:00,,"0.0",2,"Pickup/Utilitario,Automóvil","Rio De Janeiro Y E.Zeballos",2,1,0,0,1,0,0,,"Calle",,"ROSARIO","Rosario","Asfalto","S/D","II","Dentro","Urbana","S/D","S/D","Intersección","S/D","S/D","Diurna","S/D","S/D","S/D","Colisión","S/D","S/D","S/D","S/D"
2016,5800,8/16/2016,"Martes",0,,,"0.0",2,"Moto/Ciclomotor,Automóvil"," ",2,1,0,0,1,0,0,,"Calle",,"ROSARIO","Rosario","Asfalto","S/D","II","Dentro","Urbana","S/D","S/D","Intersección","S/D","S/D","S/D","S/D","S/D","S/D","Colisión","S/D","S/D","S/D","S/D"
2016,5801,8/3/2016,"Miercoles",0,16:30:00,,"0.0",2,"Peatón,Bicicleta","Entre Rios Y Pje. Ricardone",2,1,0,0,1,0,0,,"Calle",,"ROSARIO","Rosario","Asfalto","Pavimento","II","Dentro","Urbana","Ninguna","No existe","Recta","Bueno","Buena","Diurna","Buen Tiempo","S/D","Peatón","Atropello","Ninguna","S/D","Cordón divisorio","Sin restricción"
2016,5802,8/3/2016,"Miercoles",0,14:10:00,,"0.0",2,"Automóvil,Moto/Ciclomotor","Pte.Roca Y Rioja",2,0,1,0,0,0,1,,"Calle",,"ROSARIO","Rosario","S/D","S/D","II","Dentro","Urbana","S/D","S/D","S/D","S/D","S/D","Diurna","S/D","S/D","S/D","Colisión","S/D","S/D","S/D","S/D"
2016,5803,8/5/2016,"Viernes",0,16:00:00,,"0.0",2,"Peatón,Automóvil","Bv. Oroño Y Mendoza",2,1,0,0,1,0,0,,"Calle",,"ROSARIO","Rosario","Asfalto","Pavimento","II","Dentro","Urbana","Paso Peatonal","Funciona","Cruce","Bueno","Buena","Diurna","Buen Tiempo","S/D","Peatón","Atropello","Ninguna","Horizontal","Cordón divisorio","Sin restricción"
2016,5804,8/6/2016,"Sabado",0,16:30:00,,"0.0",3,"Bicicleta,Automóvil,Automóvil","San Juan Y Bv. Oroño",3,1,0,0,2,0,0,,"Calle",,"ROSARIO","Rosario","Asfalto","No existe","II","Dentro","Urbana","Ninguna","No existe","Recta","Bueno","Buena","Diurna","Buen Tiempo","S/D","S/D","Atropello","S/D","S/D","Cordón divisorio","Sin restricción"
2016,5805,8/8/2016,"Lunes",0,2:10:00,,"0.0",2,"Automóvil,Bicicleta","San Juan Y Mariano Moreno",2,1,0,0,1,0,0,,"Calle",,"ROSARIO","Rosario","Asfalto","S/D","II","Dentro","Urbana","S/D","S/D","Intersección","Bueno","Buena","Nocturna","Buen Tiempo","S/D","S/D","Atropello","S/D","S/D","Cordón divisorio","Sin restricción"
2016,5806,8/6/2016,"Sabado",0,11:05:00,,"0.0",2,"Moto/Ciclomotor,Moto/Ciclomotor","Urquiza Y Pte.Roca",2,1,0,0,1,0,0,,"Calle",,"ROSARIO","Rosario","Asfalto","Pavimento","II","Dentro","Urbana","Ninguna","No existe","Intersección","Bueno","Buena","Diurna","Buen Tiempo","De alcance","S/D","Colisión","Ninguna","Faltante","Ninguna","Sin restricción"
2016,5807,8/10/2016,"Miercoles",0,14:20:00,,"0.0",2,"Automóvil,Moto/Ciclomotor","Av. Belgrano Y Sgto Cabral",2,1,0,0,1,0,0,,"Avenida",,"ROSARIO","Rosario","Asfalto","Pavimento","II","Dentro","Urbana","Semáforo","Funciona","Intersección","Bueno","Buena","Diurna","Buen Tiempo","De alcance","S/D","Colisión","Ninguna","Vertical","Ninguna","Sin restricción"
2016,5808,8/11/2016,"Jueves",0,9:00:00,,"0.0",2,"Automóvil,Peatón","Santa Fe Y Av. Corrientes",2,1,0,0,1,0,0,,"Calle",,"ROSARIO","Rosario","Asfalto","Pavimento","II","Dentro","Urbana","Ninguna","Funciona","Intersección","Bueno","Buena","Diurna","Buen Tiempo","S/D","Peatón","Atropello","Ninguna","Vertical","Ninguna","Sin restricción"
2016,5809,8/12/2016,"Viernes",0,9:25:00,,"0.0",2,"Automóvil,Automóvil","Av. Belgrano Y Tucuman",2,1,0,0,0,0,1,,"Avenida",,"ROSARIO","Rosario","Asfalto","Pavimento","II","Dentro","Urbana","Ninguna","Funciona","Intersección","Bueno","Buena","Diurna","Buen Tiempo","De alcance","S/D","Colisión","Ninguna","Vertical","Ninguna","Sin restricción"
2016,5810,8/20/2016,"Sabado",0,22:00:00,,"0.0",2,"Automóvil,Automóvil","Bv. Oroño Y Tucuman",2,1,0,0,1,0,0,,"Avenida",,"ROSARIO","Rosario","Asfalto","Pavimento","II","Dentro","Urbana","Ninguna","Funciona","Intersección","Bueno","Buena","Nocturna","Buen Tiempo","De alcance","S/D","Colisión","Ninguna","Vertical","Ninguna","Sin restricción"
2016,5811,8/21/2016,"Domingo",0,3:40:00,,"0.0",2,"Automóvil,Peatón","San Lorenzo Y Mitre",2,1,0,0,1,0,0,,"Calle",,"ROSARIO","Rosario","Asfalto","Pavimento","II","S/D","Urbana","Ninguna","Funciona","Intersección","Bueno","Buena","Nocturna","Buen Tiempo","S/D","Peatón","Atropello","Ninguna","Vertical","Ninguna","Sin restricción"
2016,5812,8/29/2016,"Lunes",0,9:15:00,,"0.0",2,"Automóvil,Moto/Ciclomotor","Italia Y Brown",2,1,0,0,1,0,0,,"Calle",,"ROSARIO","Rosario","Asfalto","Pavimento","II","Dentro","Urbana","Ninguna","No existe","Intersección","Bueno","Buena","Diurna","Buen Tiempo","De alcance","S/D","Colisión","Ninguna","Faltante","Ninguna","Sin restricción"
2016,5813,8/31/2016,"Miercoles",0,8:00:00,,"0.0",2,"Moto/Ciclomotor,Automóvil","Av. Belgrano Y Tucuman",2,1,0,0,0,0,1,,"Avenida",,"ROSARIO","Rosario","Asfalto","Pavimento","II","S/D","Urbana","Ninguna","Funciona","Intersección","Bueno","S/D","Diurna","Buen Tiempo","De alcance","S/D","Atropello","S/D","Vertical","Ninguna","Sin restricción"
2016,5814,8/27/2016,"Sabado",0,,,"0.0",2,"Moto/Ciclomotor,Automóvil","Av. Provincias Unidas Y Gorriti",2,2,0,0,0,0,0,,"Calle",,"ROSARIO","Rosario","Asfalto","S/D","II","Dentro","Urbana","S/D","S/D","Recta","S/D","Buena","S/D","Buen Tiempo","S/D","S/D","Colisión","S/D","S/D","Ninguna","Sin restricción"
2016,5815,8/26/2016,"Viernes",0,12:40:00,,"0.0",2,"Automóvil,Moto/Ciclomotor","San Juan Y Mitre",2,1,0,0,1,0,0,,"Calle",,"ROSARIO","Rosario","Asfalto","S/D","II","Dentro","Urbana","S/D","S/D","Intersección","Bueno","Buena","Diurna","Buen Tiempo","Lateral","S/D","Colisión","S/D","S/D","Cordón divisorio","Sin restricción"
2016,5816,8/25/2016,"Jueves",0,,,"0.0",2,"Automóvil,Bicicleta","La Republica Y Alvarez Condarco",2,0,0,0,0,0,2,,"Calle",,"ROSARIO","Rosario","Asfalto","S/D","II","Dentro","Urbana","S/D","No existe","Recta","Bueno","S/D","S/D","S/D","S/D","Ciclista","Atropello","S/D","Vertical","Ninguna","Sin restricción"
2016,5817,8/20/2016,"Sabado",0,,,"0.0",3,"Vehículo Oficial,Automóvil,Automóvil","J.J.Paso Y Venezuela",4,0,0,0,0,0,4,,"Calle",,"ROSARIO","Rosario","Asfalto","No existe","II","Dentro","Urbana","S/D","No existe","Recta","S/D","S/D","S/D","S/D","Múltiple","S/D","Colisión","S/D","S/D","Ninguna","S/D"
2016,5818,8/2/2016,"Martes",0,15:20:00,,"0.0",2,"Moto/Ciclomotor,Automóvil","Balcarce Y E.Zeballos",2,1,0,0,1,0,0,,"Calle",,"ROSARIO","Rosario","Asfalto","Pavimento","II","Dentro","Urbana","S/D","S/D","Intersección","Bueno","Buena","Diurna","Buen Tiempo","Lateral","S/D","Colisión","Ninguna","S/D","Cordón divisorio","Sin restricción"
2016,5819,8/19/2016,"Viernes",0,13:00:00,,"0.0",2,"Moto/Ciclomotor,Automóvil","Nicaragua Y Velez Sarsfield",2,0,0,0,0,0,2,,"Calle",,"ROSARIO","Rosario","Asfalto","S/D","II","Dentro","Urbana","S/D","Funciona","Recta","Bueno","Buena","Diurna","S/D","S/D","S/D","Colisión","Otro","S/D","S/D","S/D"
2016,5820,8/11/2016,"Jueves",0,20:20:00,,"0.0",2,"Automóvil,Bicicleta","9 De Julio Y Santiago",2,1,0,0,1,0,0,,"Calle",,"ROSARIO","Rosario","Asfalto","Pavimento","II","Dentro","Urbana","Ninguna","S/D","Intersección","Bueno","Buena","Nocturna","Buen Tiempo","S/D","Ciclista","Atropello","Ninguna","Horizontal","Cordón divisorio","Sin restricción"
2016,5821,8/18/2016,"Jueves",0,,,"0.0",2,"Moto/Ciclomotor,Automóvil","Gorriti Y Cochabamba",2,0,0,0,0,0,2,,"Calle",,"ROSARIO","Rosario","Asfalto","No existe","II","Dentro","Urbana","Ninguna","No existe","Recta","Bueno","Buena","S/D","S/D","S/D","S/D","Colisión","S/D","Faltante","Ninguna","Sin restricción"
2016,5822,8/12/2016,"Viernes",0,12:10:00,,"0.0",2,"Automóvil,Bicicleta","Sarmiento Y Montevideo",2,1,0,0,1,0,0,,"Calle",,"ROSARIO","Rosario","Asfalto","Pavimento","II","Dentro","Urbana","Ninguna","No existe","Intersección","Bueno","Buena","Diurna","Buen Tiempo","S/D","Ciclista","Atropello","Ninguna","Horizontal","Cordón divisorio","Sin restricción"
2016,5823,8/21/2016,"Domingo",0,12:30:00,,"0.0",4,"Automóvil,Moto/Ciclomotor,Automóvil,Moto/Ciclomotor","Mendoza Y Furlong",4,2,0,0,2,0,0,,"Calle",,"ROSARIO","Rosario","Asfalto","Natural","II","Dentro","Urbana","S/D","No existe","S/D","Bueno","Buena","Diurna","S/D","Múltiple","S/D","Colisión","S/D","Faltante","S/D","S/D"
2016,5824,8/2/2016,"Martes",0,20:40:00,,"0.0",2,"Automóvil,Bicicleta","Mariano Moreno Y Cordoba",2,1,0,0,1,0,0,,"Calle",,"ROSARIO","Rosario","Asfalto","Pavimento","II","Dentro","Urbana","Ninguna","No existe","Intersección","Bueno","Buena","Diurna","Buen Tiempo","S/D","Ciclista","Atropello","S/D","Horizontal","Ninguna","Sin restricción"
2016,5825,4/20/2016,"Miercoles",0,17:00:00,,"0.0",1,"Camión c / Acoplado","Av. Circunvalacion 2200",2,1,0,0,1,0,0,,"Calle",,"ROSARIO","Rosario","Asfalto","No existe","II","Dentro","Urbana","Ninguna","No existe","S/D","Bueno","Buena","Atardecer","Buen Tiempo","Contra objeto fijo","S/D","Colisión","S/D","Faltante","S/D","Sin restricción"
2016,5826,8/17/2016,"Miercoles",0,13:40:00,,"0.0",2,"Moto/Ciclomotor,Bicicleta","Donado Y White",3,1,0,0,2,0,0,,"Calle",,"ROSARIO","Rosario","Asfalto","No existe","II","Dentro","Urbana","Ninguna","No existe","S/D","Bueno","Buena","Diurna","Buen Tiempo","Frontal","Ciclista","Atropello","S/D","Faltante","S/D","Sin restricción"
2016,5827,8/23/2016,"Martes",0,14:30:00,,"0.0",2,"Automóvil,Peatón","9 De Julio Y Pte.Roca",2,1,0,0,1,0,0,,"Calle",,"ROSARIO","Rosario","Asfalto","Pavimento","II","Dentro","Urbana","Ninguna","No existe","Intersección","Bueno","Buena","Diurna","Buen Tiempo","S/D","Peatón","Atropello","S/D","Horizontal","Cordón divisorio","Sin restricción"
2016,5828,8/13/2016,"Sabado",0,17:00:00,,"0.0",2,"Automóvil,Automóvil","Mendoza Y Mariano Moreno",4,1,0,0,3,0,0,,"Calle",,"ROSARIO","Rosario","Asfalto","Pavimento","II","Dentro","Urbana","Ninguna","No existe","Intersección","Bueno","Buena","Diurna","Buen Tiempo","Lateral","S/D","Colisión","Ninguna","S/D","Cordón divisorio","Sin restricción"
2016,5829,8/17/2016,"Miercoles",0,13:50:00,,"0.0",2,"Moto/Ciclomotor,Pickup/Utilitario","Santa Fe 4380",3,2,0,0,1,0,0,,"Calle",,"ROSARIO","Rosario","Asfalto","S/D","II","Dentro","Urbana","S/D","S/D","Recta","Bueno","S/D","Diurna","S/D","S/D","S/D","Colisión","S/D","S/D","S/D","S/D"
2016,5830,8/25/2016,"Jueves",0,,"Ruta Provincial 18","24.0",1,"Automóvil"," ",4,2,0,0,2,0,0,,"Ruta",18,"CARMEN DEL SAUCE","Rosario","Asfalto","Natural","II","Dentro","Urbana","Ninguna","No existe","Recta","Bueno","Buena","Amanecer","Buen Tiempo","S/D","S/D","Vuelco","S/D","Horizontal","Línea divisoria pintada","S/D"
2016,5831,8/22/2016,"Lunes",0,17:45:00,,"0.0",2,"Taxi/Remis,Bicicleta","Catamarca Y Paraguay",2,0,0,0,0,0,2,,"Calle",,"ROSARIO","Rosario","Asfalto","Pavimento","II","Dentro","Urbana","Ninguna","No existe","Intersección","Bueno","Buena","Diurna","Buen Tiempo","S/D","Ciclista","Atropello","Ninguna","Horizontal","Cordón divisorio","Sin restricción"
2016,5832,8/3/2016,"Miercoles",0,16:45:00,"Ruta Provincial 14","26.0",1,"Camión c / Acoplado"," ",1,0,1,0,0,0,0,,"Ruta",14,"PUEBLO MUÑOZ","Rosario","Asfalto","Pavimento","II","Dentro","Urbana","S/D","No existe","Recta","Bueno","Buena","Diurna","Buen Tiempo","S/D","S/D","Vuelco","S/D","Horizontal","S/D","Sin restricción"
2016,5833,8/19/2016,"Viernes",0,18:40:00,,"0.0",2,"Moto/Ciclomotor,Automóvil","Mitre Y 9 De Julio",2,1,0,0,1,0,0,,"Calle",,"ROSARIO","Rosario","Hormigón","No existe","II","Dentro","Urbana","Ninguna","No existe","Intersección","Bueno","Buena","Diurna","Buen Tiempo","Lateral","S/D","Colisión","Ninguna","Horizontal","Cordón divisorio","Sin restricción"