"anio_acci","nro_acci","fecha","desc_dia","fecha_aprox","hora_aprox","desc_ruta","km","cant_participantes","desc_participante","calle_avenida_km","total","heridos_leves","heridos_graves","heridos_gravisimos","ilesos","fallecidos","sin_datos","posicion_XY","desc_tipo_via","desc_ruta_ori","desc_loc","desc_dpto","desc_tipo_calzada","desc_tipo_banquina","desc_unidad_regional","desc_lugar_calzada","desc_zona","desc_prioridad","desc_estado_semaforo","desc_lugar_via","desc_estado_via","desc_estado_visibilidad","desc_luminosidad","desc_estado_clima","desc_tipo_colision","desc_tipo_atropello","desc_tipo_hecho","desc_pres_calzada","desc_senializacion","desc_separacion_via","desc_restriccion"
2016,5901,6/3/2016,"Viernes",0,10:40:00,,"0.0",2,"Moto/Ciclomotor,Automóvil","J.B.Justo Y Donado",2,1,0,0,1,0,0,,"Calle",,"ROSARIO","Rosario","S/D","S/D","II","Dentro","Urbana","S/D","S/D","S/D","S/D","S/D","Diurna","S/D","S/D","S/D","Colisión","S/D","S/D","S/D","S/D"
2016,5902,7/10/2016,"Domingo",0,,,"0.0",2,"Moto/Ciclomotor,Pickup/Utilitario","Av. Jorge Newbery Y Tarragona",2,1,0,0,1,0,0,,"Calle",,"ROSARIO","Rosario","S/D","S/D","II","Dentro","Urbana","S/D","S/D","S/D","S/D","S/D","S/D","S/D","S/D","S/D","Colisión","S/D","S/D","S/D","S/D"
2016,5903,8/3/2016,"Miercoles",0,8:00:00,,"0.0",2,"Automóvil,Bicicleta","Av Fuerza Aerea Y Jorge Newbery",2,1,0,0,1,0,0,,"Calle",,"FUNES","Rosario","Asfalto","Natural","II","Dentro","Urbana","Ninguna","No existe","Intersección","Bueno","Buena","Diurna","Buen Tiempo","Lateral","Ciclista","Atropello","S/D","Horizontal","Línea divisoria pintada","Sin restricción"
2016,5904,8/5/2016,"Viernes",0,22:15:00,"Ruta Nacional 9","0.0",2,"Moto/Ciclomotor,Pickup/Utilitario","Alberdi ",2,1,0,0,1,0,0,,"Ruta",9,"FUNES","Rosario","Asfalto","Ripio","II","Dentro","Urbana","Ninguna","No existe","Recta","Bueno","Buena","Nocturna,Con luz artificial","Buen Tiempo","Lateral","S/D","Colisión","S/D","Horizontal","Línea divisoria pintada","Sin restricción"
2016,5905,7/19/2016,"Martes",0,18:30:00,,"0.0",2,"Pickup/Utilitario,Moto/Ciclomotor","Leloir Y Elorza",2,1,0,0,1,0,0,,"Calle",,"FUNES","Rosario","S/D","S/D","II","Dentro","Urbana","Ninguna","S/D","Recta","S/D","S/D","Diurna","Buen Tiempo","S/D","S/D","Colisión","S/D","S/D","S/D","Sin restricción"
2016,5906,8/12/2016,"Viernes",0,7:00:00,"Ruta Nacional 9","0.0",2,"Automóvil,Moto/Ciclomotor","Los Pumas ",2,1,0,0,1,0,0,,"Ruta",9,"FUNES","Rosario","Asfalto","Natural","II","Dentro","Urbana","Ninguna","No existe","Intersección","Bueno","Buena","Diurna","Buen Tiempo","Lateral","S/D","Colisión","S/D","Horizontal","Línea divisoria pintada","S/D"
2016,5907,8/18/2016,"Jueves",0,11:50:00,,"0.0",2,"Automóvil,Moto/Ciclomotor","Gral Paz Y Las Rosas",2,1,0,0,1,0,0,,"Calle",,"FUNES","Rosario","Tierra","No existe","II","Dentro","Urbana","Ninguna","No existe","Intersección","Con baches","Buena","Diurna","Buen Tiempo","Lateral","S/D","Colisión","S/D","Faltante","Ninguna","Sin restricción"
2016,5908,8/15/2016,"Lunes",0,15:15:00,,"0.0",2,"Pickup/Utilitario,Bicicleta","Sarmiento Y Marcos Paz",2,1,0,0,1,0,0,,"Calle",,"ROSARIO","Rosario","Tierra","Natural","II","Dentro","Urbana","Ninguna","No existe","Intersección","Con baches","Buena","Diurna","Buen Tiempo","Frontal","Ciclista","Atropello","S/D","Faltante","Ninguna","Sin restricción"
2016,5909,8/19/2016,"Viernes",0,22:50:00,,"0.0",2,"Automóvil,Moto/Ciclomotor","Adolfo Calvo ",2,1,0,0,1,0,0,,"Calle",,"FUNES","Rosario","Tierra","No existe","II","Dentro","Urbana","Ninguna","No existe","Intersección","Bueno","Buena","Nocturna","Buen Tiempo","Frontal","S/D","Colisión","S/D","Faltante","Ninguna","Sin restricción"
2016,5910,8/27/2016,"Sabado",0,3:45:00,"Ruta Nacional Rosario -Cordoba","307.0",1,"Automóvil"," ",1,1,0,0,0,0,0,,"Ruta","Rosario -Cordoba","FUNES","Rosario","Asfalto","Natural","II","Dentro","Urbana","Ninguna","No existe","Curva","Bueno","Reducida","Nocturna","Lluvia","S/D","S/D","Vuelco","Agua","Horizontal","Línea divisoria pintada","Sin restricción"
2016,5911,8/18/2016,"Jueves",0,10:10:00,"Ruta Nacional 9","0.0",2,"Automóvil,Moto/Ciclomotor"," ",2,1,0,0,1,0,0,,"Ruta",9,"FUNES","Rosario","Asfalto","Pavimento","II","Dentro","Urbana","Ninguna","No existe","Intersección","Bueno","Buena","Diurna","Buen Tiempo","Lateral","S/D","Colisión","S/D","Horizontal","Línea divisoria pintada","Sin restricción"
2016,5912,8/21/2016,"Domingo",0,18:45:00,"Ruta Nacional 9","0.0",4,"Automóvil,Automóvil,Automóvil,Automóvil","La Tradicion ",10,1,0,0,9,0,0,,"Ruta",9,"FUNES","Rosario","Asfalto","Natural","II","Dentro","Urbana","Ninguna","No existe","Recta","Bueno","Buena","Atardecer","Buen Tiempo","Frontal,Múltiple","S/D","Colisión","S/D","Horizontal","Línea divisoria pintada","Sin restricción"
2016,5913,8/30/2016,"Martes",0,13:00:00,,"0.0",2,"Automóvil,Moto/Ciclomotor","Jose Ingenieros 3800",2,1,0,0,1,0,0,,"Calle",,"FUNES","Rosario","Tierra","Natural","II","Dentro","Urbana","Ninguna","No existe","Recta","S/D","Buena","Diurna","Buen Tiempo","S/D","S/D","Colisión","S/D","Faltante","Vegetación","Sin restricción"
2016,5914,8/31/2016,"Miercoles",0,16:40:00,,"0.0",2,"Automóvil,Moto/Ciclomotor","Bv. Rondeau Y Chiclana",3,1,0,0,2,0,0,,"Calle",,"ROSARIO","Rosario","Asfalto","No existe","II","Dentro","Urbana","Ninguna","No existe","Intersección","Bueno","Buena","Atardecer","Buen Tiempo","Lateral","S/D","Colisión","Agua","Faltante","Ninguna","Sin restricción"
2016,5915,8/28/2016,"Domingo",0,7:45:00,,"0.0",2,"Automóvil,Camión Chasis","Bv. Rondeau Y Herrera",3,1,0,0,2,0,0,,"Calle",,"ROSARIO","Rosario","Asfalto","No existe","II","Dentro","Urbana","Semáforo","Funciona","Intersección","Bueno","Buena","Amanecer","Buen Tiempo","Lateral","S/D","Colisión","S/D","Horizontal,Vertical","Ninguna","Sin restricción"
2016,5916,8/26/2016,"Viernes",0,22:15:00,,"0.0",2,"Taxi/Remis,Moto/Ciclomotor","Bv. Rondeau Y Washington",2,1,0,0,1,0,0,,"Calle",,"ROSARIO","Rosario","Asfalto","No existe","II","Dentro","Urbana","Semáforo","Funciona","Intersección","Bueno","Buena","Nocturna","Buen Tiempo","Lateral","S/D","Colisión","S/D","Vertical","Ninguna","Sin restricción"
2016,5917,8/26/2016,"Viernes",0,17:30:00,,"0.0",2,"Automóvil,Peatón","Washington Y Av. Cabassa",2,1,0,0,1,0,0,,"Calle",,"ROSARIO","Rosario","Asfalto","No existe","II","Dentro","Urbana","Ninguna","No existe","Intersección","Con baches","Buena","Atardecer","Buen Tiempo","S/D","Peatón","Atropello","S/D","Faltante","Ninguna","Sin restricción"
2016,5918,8/22/2016,"Lunes",0,13:00:00,,"0.0",2,"Automóvil,Moto/Ciclomotor","Darragueira Y Superi",3,2,0,0,1,0,0,,"Calle",,"ROSARIO","Rosario","Asfalto","No existe","II","Dentro","Urbana","Señal Pare","No existe","Recta","Bueno","Buena","Diurna","Buen Tiempo","Lateral","S/D","Colisión","S/D","Horizontal","Ninguna","Sin restricción"
2016,5919,8/17/2016,"Miercoles",0,16:15:00,,"0.0",2,"Automóvil,Moto/Ciclomotor","Washington Y Darragueira",2,1,0,0,1,0,0,,"Calle",,"ROSARIO","Rosario","Asfalto","No existe","II","Dentro","Urbana","Señal Pare","No existe","Recta","Bueno","Buena","Atardecer","Buen Tiempo","Lateral","S/D","Colisión","S/D","Horizontal,Vertical","Ninguna","Sin restricción"
2016,5920,8/16/2016,"Martes",0,21:15:00,,"0.0",2,"Moto/Ciclomotor,Automóvil","F.Netri Y Esquivel",3,1,0,1,1,0,0,,"Calle",,"ROSARIO","Rosario","Asfalto","No existe","II","Dentro","Urbana","Ninguna","No existe","Intersección","Bueno","Buena","Nocturna","Buen Tiempo","Lateral","S/D","Colisión","S/D","Faltante","Ninguna","Sin restricción"
2016,5921,8/14/2016,"Domingo",0,19:30:00,,"0.0",2,"Automóvil,Moto/Ciclomotor","Superi Y Bv. Rondeau",6,5,1,0,0,0,0,,"Calle",,"ROSARIO","Rosario","Asfalto","No existe","II","Dentro","Urbana","Semáforo","Funciona","Intersección","Bueno","Buena","Atardecer,Con luz artificial","Buen Tiempo","Lateral","S/D","Colisión","Agua","Horizontal,Vertical","Ninguna","Sin restricción"
2016,5922,8/12/2016,"Viernes",0,19:40:00,,"0.0",2,"Bicicleta,Automóvil","Washington Y Zelaya",3,2,0,0,1,0,0,,"Calle",,"ROSARIO","Rosario","Asfalto","No existe","II","Dentro","Urbana","Ninguna","No existe","Recta","Bueno","Buena","Atardecer","Buen Tiempo","Lateral","Ciclista","Atropello","S/D","Horizontal","Ninguna","Sin restricción"
2016,5923,8/4/2016,"Jueves",0,13:20:00,,"0.0",2,"Automóvil,Moto/Ciclomotor","8 de Noviembre ",2,1,0,0,1,0,0,,"Calle",,"ROSARIO","Rosario","Asfalto","No existe","II","Dentro","Urbana","Semáforo","Intermitente","Recta","Bueno","Buena","Diurna","Buen Tiempo","De alcance","S/D","Colisión","S/D","Faltante","Ninguna","Sin restricción"
2016,5924,8/1/2016,"Lunes",0,12:40:00,,"0.0",2,"Moto/Ciclomotor,Transporte de Pasajeros Urbano (> 8 asientos)","Rivarola 7000",2,1,0,0,1,0,0,,"Calle",,"ROSARIO","Rosario","Asfalto","No existe","II","Dentro","Urbana","Ninguna","No existe","Recta","Bueno","Buena","Diurna","Buen Tiempo","De alcance","S/D","Colisión","S/D","Faltante","Ninguna","Sin restricción"
2016,5925,8/3/2016,"Miercoles",0,5:30:00,,"0.0",2,"Moto/Ciclomotor,Taxi/Remis","Dean Funes Y Av. Provincias Unidas",3,2,0,0,1,0,0,,"Calle",,"ROSARIO","Rosario","Asfalto","No existe","II","Dentro","Urbana","Ninguna","No existe","Intersección","Bueno","Reducida","Nocturna,Con luz artificial","Buen Tiempo","De alcance","S/D","Colisión","S/D","Faltante","Cordón divisorio","Sin restricción"
2016,5926,8/7/2016,"Domingo",0,13:30:00,,"0.0",2,"Bicicleta,Automóvil","Bolivia Y Monte Flores",2,1,0,0,1,0,0,,"Calle",,"ROSARIO","Rosario","Asfalto","No existe","II","Dentro","Urbana","Ninguna","No existe","Intersección","Bueno","Buena","Diurna","Buen Tiempo","De alcance","Ciclista","Atropello","S/D","Faltante","Ninguna","Sin restricción"
2016,5927,8/8/2016,"Lunes",0,23:20:00,,"0.0",1,"Moto/Ciclomotor","Av. Circunvalacion Y Rivarola",2,2,0,0,0,0,0,,"Calle",,"ROSARIO","Rosario","Asfalto","No existe","II","Dentro","Urbana","Ninguna","No existe","Recta","Bueno","Buena","Nocturna,Con luz artificial","Buen Tiempo","S/D","S/D","Caída ocupante","S/D","Faltante","Ninguna","Sin restricción"
2016,5928,8/10/2016,"Miercoles",0,22:50:00,,"0.0",2,"Moto/Ciclomotor,Automóvil","Bv. 27 De Febrero 7400",2,1,0,0,1,0,0,,"Calle",,"ROSARIO","Rosario","Asfalto","No existe","II","Dentro","Urbana","Ninguna","No existe","Recta","Bueno","Buena","Nocturna,Con luz artificial","Buen Tiempo","De alcance","S/D","Colisión","S/D","Faltante","Ninguna","Sin restricción"
2016,5929,8/14/2016,"Domingo",0,0:00:00,,"0.0",2,"Moto/Ciclomotor,Automóvil","Amenabar Y Av. Provincias Unidas",3,2,0,0,1,0,0,,"Calle",,"ROSARIO","Rosario","Asfalto","No existe","II","Dentro","Urbana","Ninguna","No existe","Intersección","Bueno","Buena","Nocturna,Con luz artificial","Buen Tiempo","De alcance","S/D","Colisión","S/D","Faltante","Cordón divisorio","Sin restricción"
2016,5930,7/18/2016,"Lunes",0,15:30:00,,"0.0",2,"Moto/Ciclomotor,Pickup/Utilitario","Av. Provincias Unidas Y Pje. Volta",2,0,1,0,1,0,0,,"Calle",,"ROSARIO","Rosario","Asfalto","No existe","II","Dentro","Urbana","Ninguna","No existe","Intersección","Bueno","Buena","Diurna","Buen Tiempo","De alcance","S/D","Colisión","S/D","Faltante","Cordón divisorio","Sin restricción"
2016,5931,8/19/2016,"Viernes",0,17:40:00,,"0.0",2,"Moto/Ciclomotor,Moto/Ciclomotor","Rivarola Y Fader",3,3,0,0,0,0,0,,"Calle",,"ROSARIO","Rosario","Asfalto","No existe","II","Dentro","Urbana","Ninguna","No existe","Intersección","Bueno","Buena","Diurna","Buen Tiempo","De alcance","S/D","Colisión","S/D","Faltante","Cordón divisorio","Sin restricción"
2016,5932,8/21/2016,"Domingo",0,20:00:00,,"0.0",2,"Moto/Ciclomotor,Automóvil","Rivarola Y Av. Circunvalacion",5,3,1,0,1,0,0,,"Calle",,"ROSARIO","Rosario","Asfalto","No existe","II","Dentro","Urbana","Ninguna","S/D","Intersección","Bueno","Buena","Nocturna","Buen Tiempo","De alcance","S/D","Colisión","S/D","Faltante","Ninguna","Sin restricción"
2016,5933,8/23/2016,"Martes",0,19:50:00,,"0.0",2,"Moto/Ciclomotor,Automóvil","Bv. 27 De Febrero Y Av. Provincias Unidas",4,0,1,0,3,0,0,,"Calle",,"ROSARIO","Rosario","Asfalto","No existe","II","Dentro","Urbana","Semáforo","Funciona","Intersección","Deteriorada","Buena","Nocturna,Con luz artificial","Buen Tiempo","De alcance","S/D","Colisión","Material Suelto","S/D","Cordón divisorio","Obra en Construcción"
2016,5934,8/28/2016,"Domingo",0,8:25:00,,"0.0",1,"Automóvil","Av. Circunvalacion Y Centeno",2,2,0,0,0,0,0,,"Calle",,"ROSARIO","Rosario","Asfalto","Pavimento","II","Dentro","Urbana","Ninguna","No existe","Recta","Bueno","Buena","Diurna","Buen Tiempo","S/D","S/D","Vuelco","S/D","Faltante","S/D","Sin restricción"
2016,5935,8/6/2016,"Sabado",0,17:15:00,,"0.0",2,"Automóvil,Automóvil","FELIPE MORE Y LESGARZA",4,2,1,0,1,0,0,,"Calle",,"ROSARIO","Rosario","Asfalto","No existe","II","Dentro","Urbana","Ninguna","No existe","Intersección","Bueno","Buena","Atardecer","S/D","Lateral","S/D","Colisión","Ninguna","Faltante","Ninguna","Sin restricción"
2016,5936,8/7/2016,"Domingo",0,18:00:00,,"0.0",2,"Moto/Ciclomotor,Moto/Ciclomotor","Bv. Segui Y Garzon",3,2,0,0,1,0,0,,"Calle",,"ROSARIO","Rosario","S/D","Pavimento","II","Dentro","Urbana","Semáforo","Funciona","Intersección","S/D","Buena","Atardecer","S/D","Lateral","S/D","Colisión","S/D","Vertical","Ninguna","Sin restricción"
2016,5937,8/9/2016,"Martes",0,23:10:00,,"0.0",2,"Automóvil,Moto/Ciclomotor","Bv. 27 De Febrero Y Bello",2,1,0,0,1,0,0,,"Calle",,"ROSARIO","Rosario","S/D","No existe","II","Dentro","Urbana","Ninguna","No existe","Intersección","S/D","Reducida","Nocturna","S/D","Lateral","S/D","Colisión","S/D","Faltante","Ninguna","Sin restricción"
2016,5938,8/20/2016,"Sabado",0,21:00:00,,"0.0",2,"Moto/Ciclomotor,Automóvil","Roullon 3880",2,1,0,0,1,0,0,,"Calle",,"ROSARIO","Rosario","S/D","No existe","II","Dentro","Urbana","Ninguna","No existe","Recta","S/D","Buena","Nocturna","S/D","Lateral","S/D","Colisión","S/D","Faltante","Ninguna","Sin restricción"
2016,5939,8/1/2016,"Lunes",1,23:50:00,,"0.0",2,"Automóvil,Moto/Ciclomotor","Bv. 27 De Febrero ",2,1,0,0,1,0,0,,"Calle",,"ROSARIO","Rosario","Asfalto","No existe","II","Dentro","Urbana","Ninguna","No existe","Intersección","Bueno","Buena","Nocturna","S/D","Lateral","S/D","Colisión","Ninguna","Faltante","Ninguna","Sin restricción"
2016,5940,9/10/2016,"Sabado",0,6:20:00,,"0.0",2,"Moto/Ciclomotor,Automóvil","Cordoba Y Alvear",2,0,0,0,1,1,0,"-31.667361111111,-60.768666666667","S/D",,"SANTO TOMÉ","La Capital","Asfalto","No existe","I","S/D","Urbana","Ninguna","No existe","Intersección","Bueno","Buena","Amanecer","Buen Tiempo","Lateral","S/D","Colisión","Ninguna","Horizontal,Vertical","Ninguna","Sin restricción"
2016,5941,9/13/2016,"Martes",0,17:30:00,,"0.0",2,"Automóvil,Moto/Ciclomotor","Pte.Roca Y E.Zeballos",3,2,0,0,1,0,0,,"Calle",,"ROSARIO","Rosario","Asfalto","S/D","II","Dentro","Urbana","S/D","S/D","Intersección","Bueno","Buena","Diurna","Buen Tiempo","Lateral","S/D","Colisión","Ninguna","S/D","Cordón divisorio","Sin restricción"
2016,5942,9/13/2016,"Martes",0,19:45:00,"Ruta Nacional 11","341.0",2,"Camión c / Acoplado,Moto/Ciclomotor","Ruta Nac 11 Y Mangol Cacique",3,0,1,0,1,1,0,"-32.678908, -60.783485","Ruta",11,"TIMBÚES","San Lorenzo","Asfalto","Ripio","XII","Dentro","Urbana","Ninguna","No existe","Recta","Bueno","Buena","Nocturna","Buen Tiempo","De alcance","S/D","Colisión","Ninguna","Faltante","Ninguna","Sin restricción"
2016,5943,6/9/2016,"Jueves",0,16:00:00,,"0.0",2,"Moto/Ciclomotor,Automóvil","Bv Santa Fe Y Saavedra",2,1,0,0,1,0,0,,"Calle",,"RAFAELA","Castellanos","Asfalto","No existe","V","Dentro","Urbana","Ninguna","No existe","Intersección","Bueno","Buena","Diurna","Buen Tiempo","Lateral","S/D","Colisión","Ninguna","S/D","Ninguna","Sin restricción"
2016,5944,9/14/2016,"Miercoles",0,17:45:00,,"0.0",1,"Transporte de Pasajeros Urbano (> 8 asientos)","Alsina 722",37,2,0,0,34,1,0,"-32.939277777778,-60.676361111111","Calle",,"ROSARIO","Rosario","Asfalto","Pavimento","II","Dentro","Urbana","S/D","S/D","Recta","S/D","S/D","S/D","S/D","Contra objeto fijo","S/D","Colisión","S/D","S/D","Cordón divisorio","S/D"
2016,5945,9/18/2016,"Domingo",0,7:20:00,"Ruta Provincial 92","0.0",1,"Automóvil","2 KM AL ESTE ",1,0,0,0,0,1,0,"-33.125309, -61.679558","Ruta",92,"SAN JOSÉ DE LA ESQUINA","Caseros","Asfalto","Natural","IV","S/D","Rural","Ninguna","No existe","Curva","Bueno","Buena","Amanecer","Buen Tiempo","S/D","S/D","Vuelco,Despiste","Ninguna","Horizontal,Vertical","Guardarrail,Línea divisoria pintada","Sin restricción"
2016,5946,9/4/2016,"Domingo",0,1:10:00,,"0.0",1,"Automóvil","Av Vicente Lopez y Planes Y Av Salta",1,0,0,0,0,1,0,"-29.883632, -61.932271","Avenida",,"CERES","San Cristóbal","Tierra","No existe","XIII","Dentro","Urbana","Ninguna","No existe","Intersección","Deteriorada","Buena","Nocturna","Buen Tiempo","S/D","S/D","Vuelco","Otro","Faltante","Ninguna","Sin restricción"
2016,5947,6/1/2016,"Miercoles",0,21:40:00,,"0.0",2,"Otros,Otros","Av. Casiano Casas Y Uriarte",3,2,0,0,1,0,0,,"Calle",,"ROSARIO","Rosario","Asfalto","No existe","II","Dentro","Urbana","S/D","No existe","Intersección","Bueno","Reducida","Nocturna","Buen Tiempo","Lateral","S/D","Colisión","Ninguna","S/D","S/D","Sin restricción"
2016,5948,6/2/2016,"Jueves",0,13:25:00,,"0.0",2,"Otros,Otros","Av. Sorrento Y Bv. Rondeau",3,2,0,0,1,0,0,,"Avenida",,"ROSARIO","Rosario","Asfalto","No existe","II","Dentro","Urbana","Semáforo","Funciona","Intersección","Bueno","Buena","Diurna","Buen Tiempo","Lateral","S/D","Colisión","Ninguna","S/D","S/D","Sin restricción"
2016,5949,6/3/2016,"Viernes",0,19:30:00,,"0.0",2,"Otros,Otros","Av. Sorrento Y Zelaya",2,1,0,0,1,0,0,,"Calle",,"ROSARIO","Rosario","Asfalto","No existe","II","Dentro","Urbana","Señal Ceda el Paso","No existe","Intersección","Bueno","Buena","Atardecer","Buen Tiempo","Lateral","S/D","Colisión","Ninguna","S/D","Ninguna","Desvío Provisorio,Reparación de Vía"
2016,5950,6/4/2016,"Sabado",0,15:10:00,,"0.0",2,"Otros,Otros","Valentin Gomez Y Baigorria",2,1,0,0,1,0,0,,"Calle",,"ROSARIO","Rosario","Asfalto","No existe","II","Dentro","Urbana","Señal Ceda el Paso","No existe","Intersección","Bueno","Buena","Diurna","Buen Tiempo","Lateral","S/D","Colisión","Ninguna","S/D","Ninguna","Sin restricción"
2016,5951,6/4/2016,"Sabado",0,19:00:00,,"0.0",2,"Otros,Otros","Bv. Rondeau Y Superi",2,1,0,0,1,0,0,,"Avenida",,"ROSARIO","Rosario","Asfalto","No existe","II","Dentro","Urbana","Semáforo","Funciona","Intersección","Bueno","Buena","Atardecer","Buen Tiempo","Lateral","S/D","Colisión","Ninguna","S/D","Ninguna","Sin restricción"
2016,5952,8/24/2016,"Miercoles",0,20:30:00,,"0.0",2,"Bicicleta,Automóvil","Cordoba Y Pje. Cuba",2,1,0,0,1,0,0,,"Calle",,"ROSARIO","Rosario","Asfalto","S/D","II","Dentro","Urbana","S/D","S/D","Intersección","Bueno","Buena","Nocturna","S/D","Lateral","Ciclista","Atropello","S/D","S/D","S/D","Sin restricción"
2016,5953,8/12/2016,"Viernes",0,21:30:00,,"0.0",2,"Moto/Ciclomotor,Automóvil","Av. Pellegrini Y Av. Provincias Unidas",2,1,0,0,1,0,0,,"Calle",,"ROSARIO","Rosario","Asfalto","S/D","II","Dentro","Urbana","S/D","S/D","Intersección","Bueno","Buena","Nocturna","Buen Tiempo","Lateral","S/D","Colisión","S/D","S/D","S/D","S/D"
2016,5954,8/8/2016,"Lunes",0,13:05:00,,"0.0",2,"Moto/Ciclomotor,Automóvil","Av. Pellegrini Y ",2,1,0,0,1,0,0,,"Calle",,"ROSARIO","Rosario","Asfalto","S/D","II","Dentro","Urbana","S/D","S/D","Intersección","Bueno","Buena","Diurna","Buen Tiempo","Lateral","S/D","Colisión","S/D","S/D","S/D","Sin restricción"
2016,5955,8/6/2016,"Sabado",0,15:30:00,,"0.0",2,"Automóvil,Automóvil","Av. Pellegrini Y P.L.Funes",2,1,0,0,1,0,0,,"Calle",,"ROSARIO","Rosario","Asfalto","S/D","II","Dentro","Urbana","S/D","S/D","Recta","Bueno","Buena","Diurna","S/D","S/D","S/D","Colisión","S/D","S/D","S/D","S/D"
2016,5956,8/2/2016,"Martes",0,,,"0.0",2,"Moto/Ciclomotor,Otros","Viamonte Y Castellanos",2,1,0,0,0,0,1,,"Calle",,"ROSARIO","Rosario","Asfalto","Pavimento","II","Dentro","Urbana","Ninguna","No existe","Intersección","Bueno","Buena","S/D","S/D","S/D","S/D","Colisión","S/D","S/D","S/D","Sin restricción"
2016,5957,8/5/2016,"Viernes",0,,,"0.0",2,"Automóvil,Otros","Alsina Y Bv. 27 De Febrero",3,2,0,0,0,0,1,,"Calle",,"ROSARIO","Rosario","Asfalto","S/D","II","Dentro","Urbana","S/D","S/D","Intersección","Bueno","S/D","S/D","S/D","S/D","S/D","Colisión","S/D","S/D","S/D","Sin restricción"
2016,5958,8/9/2016,"Martes",0,,,"0.0",2,"Automóvil,Moto/Ciclomotor","Crespo Y Ituzaingo",3,0,0,0,0,0,3,,"Calle",,"ROSARIO","Rosario","Asfalto","No existe","II","Dentro","Urbana","S/D","No existe","Intersección","Bueno","S/D","S/D","S/D","S/D","S/D","Colisión","S/D","S/D","S/D","S/D"
2016,5959,8/9/2016,"Martes",0,17:45:00,,"0.0",1,"Vehículo Oficial","Lavalle Y Av. Pte.Peron",2,2,0,0,0,0,0,,"Calle",,"ROSARIO","Rosario","Asfalto","S/D","II","Dentro","Urbana","S/D","S/D","Intersección","S/D","S/D","S/D","S/D","Contra objeto fijo","S/D","Colisión","S/D","S/D","S/D","S/D"
2016,5960,8/12/2016,"Viernes",0,,,"0.0",2,"Taxi/Remis,Otros","Bv. 27 De Febrero Y Av. Francia",2,0,0,0,0,0,2,,"Calle",,"ROSARIO","Rosario","Asfalto","No existe","II","Dentro","Urbana","Semáforo","S/D","Intersección","S/D","S/D","S/D","S/D","S/D","S/D","Colisión","S/D","S/D","S/D","S/D"
2016,5961,8/14/2016,"Domingo",0,,,"0.0",2,"Automóvil,Otros","Cochabamba Y Lima",2,0,0,0,0,0,2,,"Calle",,"ROSARIO","Rosario","Asfalto","No existe","II","Dentro","Urbana","Ninguna","No existe","Intersección","S/D","S/D","S/D","S/D","S/D","S/D","Colisión","S/D","S/D","S/D","Sin restricción"
2016,5962,8/15/2016,"Lunes",0,,,"0.0",2,"Automóvil,Otros","Iriondo Y E.Zeballos",2,0,0,0,0,0,2,,"Calle",,"ROSARIO","Rosario","Asfalto","S/D","II","Dentro","Urbana","S/D","No existe","Intersección","S/D","S/D","S/D","S/D","S/D","S/D","Colisión","S/D","S/D","S/D","S/D"
2016,5963,8/16/2016,"Martes",0,11:40:00,,"0.0",2,"Automóvil,Otros","Alsina Y Cochabamba",3,1,0,0,0,0,2,,"Calle",,"ROSARIO","Rosario","Asfalto","S/D","II","Dentro","Urbana","S/D","No existe","Intersección","S/D","S/D","S/D","S/D","S/D","S/D","Colisión","S/D","Faltante","Ninguna","S/D"
2016,5964,8/16/2016,"Martes",0,,,"0.0",2,"Automóvil,Otros","Cafferata 2300",2,0,0,0,0,0,2,,"Calle",,"ROSARIO","Rosario","Asfalto","S/D","II","Dentro","Urbana","S/D","No existe","Recta","S/D","S/D","S/D","S/D","S/D","S/D","Colisión","S/D","S/D","S/D","S/D"
2016,5965,8/17/2016,"Miercoles",0,,,"0.0",2,"Automóvil,Otros","Av. Pte.Peron Y Bv. 27 De Febrero",2,0,0,0,0,0,2,,"Calle",,"ROSARIO","Rosario","S/D","S/D","II","Dentro","Urbana","Semáforo","Funciona","Intersección","S/D","S/D","S/D","S/D","S/D","S/D","Colisión","S/D","S/D","S/D","S/D"
2016,5966,8/18/2016,"Jueves",0,,,"0.0",2,"Otros,Otros","Av. Francia Y Galvez",2,0,0,0,0,0,2,,"Calle",,"ROSARIO","Rosario","Asfalto","S/D","II","Dentro","Urbana","Semáforo","S/D","Intersección","S/D","Buena","S/D","S/D","S/D","S/D","Colisión","S/D","S/D","S/D","S/D"
2016,5967,8/11/2016,"Jueves",0,10:30:00,,"0.0",2,"Pickup/Utilitario,Otros","Iriondo Y Pje. L.Miranda",3,0,0,0,0,0,3,,"Calle",,"ROSARIO","Rosario","Asfalto","S/D","II","Dentro","Urbana","Ninguna","S/D","Intersección","S/D","S/D","Diurna","S/D","S/D","S/D","Colisión","S/D","Faltante","S/D","Sin restricción"
2016,5968,8/1/2016,"Lunes",1,,,"0.0",2,"Otros,Otros","Av. Francia Y La Paz",2,0,0,0,0,0,2,,"Calle",,"ROSARIO","Rosario","Asfalto","S/D","II","Dentro","Urbana","Otra Señal","S/D","Intersección","S/D","S/D","S/D","S/D","S/D","S/D","Colisión","S/D","S/D","S/D","S/D"
2016,5969,8/24/2016,"Miercoles",0,18:00:00,,"0.0",2,"Moto/Ciclomotor,Automóvil","Juan B Justo Bis Y Gral Jose de San Martin",2,1,0,0,1,0,0,,"Calle",,"ARROYO SECO","Rosario","Asfalto","No existe","II","Dentro","Urbana","Ninguna","No existe","Intersección","Con baches","Buena","Diurna","Buen Tiempo","De alcance","S/D","Colisión","S/D","Faltante","Ninguna","Sin restricción"