"anio_acci","nro_acci","fecha","desc_dia","fecha_aprox","hora_aprox","desc_ruta","km","cant_participantes","desc_participante","calle_avenida_km","total","heridos_leves","heridos_graves","heridos_gravisimos","ilesos","fallecidos","sin_datos","posicion_XY","desc_tipo_via","desc_ruta_ori","desc_loc","desc_dpto","desc_tipo_calzada","desc_tipo_banquina","desc_unidad_regional","desc_lugar_calzada","desc_zona","desc_prioridad","desc_estado_semaforo","desc_lugar_via","desc_estado_via","desc_estado_visibilidad","desc_luminosidad","desc_estado_clima","desc_tipo_colision","desc_tipo_atropello","desc_tipo_hecho","desc_pres_calzada","desc_senializacion","desc_separacion_via","desc_restriccion"
2016,5970,8/2/2016,"Martes",0,22:00:00,,"0.0",1,"Moto/Ciclomotor","Juan B Justo Bis Y Gral Jose de San Martin",1,1,0,0,0,0,0,,"Calle",,"ARROYO SECO","Rosario","Asfalto","No existe","II","Dentro","Urbana","Ninguna","No existe","Intersección","Con baches","Reducida","Nocturna,Con luz artificial","Buen Tiempo","S/D","S/D","Caída ocupante","S/D","Faltante","Ninguna","Sin restricción"
2016,5971,8/10/2016,"Miercoles",0,0:30:00,"Autopista Nacional Gral. Juan Jose Valle","260.0",2,"Pickup/Utilitario,Moto/Ciclomotor"," ",2,1,0,0,1,0,0,,"Autopista","Gral. Juan Jose Valle","FIGHIERA","Rosario","S/D","S/D","II","Dentro","Rural","S/D","S/D","Recta","S/D","S/D","Nocturna","S/D","S/D","S/D","Colisión","S/D","S/D","S/D","S/D"
2016,5972,8/25/2016,"Jueves",0,11:00:00,,"0.0",2,"Automóvil,Moto/Ciclomotor","Belgrano Y Dante Alighieri",2,1,0,0,1,0,0,,"Calle",,"FIGHIERA","Rosario","Asfalto","S/D","II","Dentro","Urbana","S/D","S/D","Recta","Bueno","S/D","Diurna","S/D","S/D","S/D","Colisión","S/D","S/D","S/D","S/D"
2016,5973,8/11/2016,"Jueves",0,18:00:00,,"0.0",2,"Automóvil,Moto/Ciclomotor","Pueyrredon Y Ameghino",2,1,0,0,1,0,0,,"Calle",,"FIGHIERA","Rosario","Asfalto","S/D","II","Dentro","Urbana","Ninguna","S/D","Intersección","Bueno","Buena","Diurna","Buen Tiempo","S/D","S/D","Colisión","S/D","S/D","S/D","Sin restricción"
2016,5974,8/23/2016,"Martes",0,18:50:00,"Ruta Nacional 34","0.0",2,"Automóvil,Camión c / Acoplado"," ",5,4,0,0,1,0,0,,"Ruta",34,"IBARLUCEA","Rosario","Asfalto","Natural","II","Dentro","Urbana","Señal Pare","No existe","Intersección","Bueno","Buena","Atardecer","Buen Tiempo","Lateral","S/D","Colisión","S/D","Vertical","Ninguna","Sin restricción"
2016,5975,8/25/2016,"Jueves",0,9:45:00,,"0.0",2,"Automóvil,Bicicleta","Malabia Bis Y J.B.Justo",2,1,0,0,1,0,0,,"Calle",,"ROSARIO","Rosario","Asfalto","No existe","II","Dentro","Urbana","Ninguna","No existe","Recta","Deteriorada","Buena","Nocturna","Buen Tiempo","Lateral","Ciclista","Atropello","S/D","Faltante","Ninguna","Sin restricción"
2016,5976,8/26/2016,"Viernes",0,18:55:00,"Ruta Nacional 34","0.0",2,"Automóvil,Bicicleta","Cnl Fontana ",2,1,0,0,1,0,0,,"Ruta",34,"ROSARIO","Rosario","Asfalto","No existe","II","Dentro","Urbana","Semáforo","Funciona","Recta","Bueno","Buena","Atardecer","Buen Tiempo","Lateral","Ciclista","Atropello","S/D","Vertical","Ninguna","Sin restricción"
2016,5977,8/4/2016,"Jueves",0,0:30:00,,"0.0",2,"Moto/Ciclomotor,Moto/Ciclomotor","Nicolas Laguna Y Grandoli",2,2,0,0,0,0,0,,"Calle",,"ROSARIO","Rosario","Asfalto","No existe","II","Dentro","Urbana","Ninguna","No existe","Intersección","Deteriorada","Reducida","Nocturna","Buen Tiempo","Frontal","S/D","Colisión","S/D","Faltante","Ninguna","Sin restricción"
2016,5978,9/19/2016,"Lunes",0,15:30:00,,"0.0",2,"Automóvil,Moto/Ciclomotor","Av Almte Brown Y R Godoy",3,0,0,0,2,1,0,"-31.619805555556,-60.677361111111","Avenida",,"SANTA FE","La Capital","Asfalto","No existe","I","S/D","Urbana","Ninguna","No existe","Intersección","Bueno","Buena","Diurna","Buen Tiempo","Lateral","S/D","Colisión","Ninguna","S/D","Cordón divisorio","Sin restricción"
2016,5979,9/20/2016,"Martes",0,18:00:00,"Ruta Nacional 34","339.0",2,"Camión c / Semirremolque,Transporte de Pasajeros Larga Distancia (Doble Piso)"," ",16,3,2,0,9,2,0,"-30.247905, -61.721532","Ruta",34,"ARRUFÓ","San Cristóbal","Asfalto","Natural","XIII","S/D","Urbana","Ninguna","No existe","Recta","Bueno","S/D","Diurna","Buen Tiempo","Lateral","S/D","Colisión,Explosión,Incendio","S/D","S/D","Línea divisoria pintada","Sin restricción"
2016,5980,9/25/2016,"Domingo",0,19:30:00,"Ruta Provincial 1","288.7",2,"Automóvil,Moto/Ciclomotor"," ",6,0,0,0,4,2,0,"-29.368754375419,-59.734534152167","Ruta",1,"LOS LAURELES","General Obligado","Asfalto","Natural","IX","Dentro","Urbana","Marca Vial","No existe","Recta","Con baches","Reducida","Nocturna","Buen Tiempo","Frontal","S/D","Colisión","Ninguna","Vertical","Línea divisoria pintada","Sin restricción"
2016,5981,9/26/2016,"Lunes",0,0:50:00,"Ruta Nacional 11","0.0",1,"Moto/Ciclomotor","Av San Martin Y B de Astrada",1,0,0,0,0,1,0,"-32.739888888889,-60.733944444444","Ruta",11,"SAN LORENZO","San Lorenzo","S/D","S/D","XVII","Dentro","Urbana","S/D","S/D","Intersección","S/D","S/D","Nocturna","S/D","Contra objeto fijo","S/D","Colisión","S/D","S/D","S/D","S/D"
2016,5982,8/15/2016,"Lunes",0,19:00:00,,"0.0",2,"Automóvil,Moto/Ciclomotor","Av. Irigoyen Y Los Cocos",2,1,0,0,1,0,0,,"Calle",,"ROSARIO","Rosario","Asfalto","No existe","II","Dentro","Urbana","Ninguna","No existe","Intersección","Bueno","Buena","Atardecer","Buen Tiempo","Lateral","S/D","Colisión","Ninguna","Faltante","Ninguna","Sin restricción"
2016,5983,9/1/2016,"Jueves",0,19:00:00,,"0.0",2,"Moto/Ciclomotor,Automóvil","Bomberos Voluntarios 2000",2,1,0,0,1,0,0,,"Calle",,"VILLA GOBERNADOR GÁLVEZ","Rosario","Asfalto","No existe","II","Dentro","Urbana","Ninguna","No existe","Recta","Bueno","Buena","Atardecer","Buen Tiempo","S/D","S/D","Colisión","S/D","Faltante","Ninguna","Sin restricción"
2016,5984,9/1/2016,"Jueves",0,20:50:00,,"0.0",2,"Automóvil,Moto/Ciclomotor","Iriondo Y Mitre",2,1,0,0,1,0,0,,"Calle",,"VILLA GOBERNADOR GÁLVEZ","Rosario","Asfalto","No existe","II","Dentro","Urbana","Ninguna","No existe","Intersección","Bueno","Buena","Nocturna","Buen Tiempo","S/D","S/D","Colisión","Ninguna","Faltante","Ninguna","Sin restricción"
2016,5985,9/2/2016,"Viernes",0,11:30:00,,"0.0",2,"Automóvil,Moto/Ciclomotor","Av Juan Domingo Peron Y Pasteur",2,1,0,0,1,0,0,,"Calle",,"VILLA GOBERNADOR GÁLVEZ","Rosario","Asfalto","No existe","II","Dentro","Urbana","Ninguna","No existe","Intersección","Bueno","Buena","Diurna","Buen Tiempo","S/D","S/D","Colisión","S/D","Faltante","Barrera de hormigón","Sin restricción"
2016,5986,9/2/2016,"Viernes",0,16:30:00,,"0.0",2,"Automóvil,Automóvil","Bomberos Voluntarios Y Urquiza",3,1,0,0,2,0,0,,"Calle",,"VILLA GOBERNADOR GÁLVEZ","Rosario","Asfalto","No existe","II","Dentro","Urbana","Ninguna","No existe","Recta","Bueno","Buena","Diurna","Buen Tiempo","S/D","S/D","Colisión","S/D","Faltante","Ninguna","Sin restricción"
2016,5987,9/5/2016,"Lunes",0,17:00:00,,"0.0",2,"Automóvil,Automóvil","Oribe Bis Y Lavalle",2,1,0,0,1,0,0,,"Calle",,"ROSARIO","Rosario","Asfalto","No existe","II","Dentro","Urbana","Ninguna","No existe","Intersección","Bueno","Buena","Diurna","Buen Tiempo","S/D","S/D","Colisión","S/D","Faltante","Ninguna","Sin restricción"
2016,5988,8/17/2016,"Miercoles",0,16:20:00,,"0.0",2,"Moto/Ciclomotor,Automóvil","Av San Lorenzo Y Chacabuco",2,1,0,0,1,0,0,,"Avenida",,"CAPITÁN BERMÚDEZ","San Lorenzo","Asfalto","No existe","XVII","Dentro","Urbana","S/D","No existe","Intersección","Bueno","Buena","Atardecer","S/D","S/D","S/D","Colisión","S/D","Horizontal","Ninguna","Sin restricción"
2016,5989,9/10/2016,"Sabado",0,15:00:00,,"0.0",2,"Automóvil,Moto/Ciclomotor","Belgrano Y Alberdi",2,2,0,0,0,0,0,,"Calle",,"VILLA GOBERNADOR GÁLVEZ","Rosario","Asfalto","No existe","II","Dentro","Urbana","Ninguna","No existe","Intersección","Bueno","Buena","Diurna","Buen Tiempo","S/D","S/D","Colisión","S/D","S/D","Ninguna","Sin restricción"
2016,5990,7/18/2016,"Lunes",0,12:00:00,,"0.0",2,"Automóvil,Automóvil","Av San Lorenzo Y Urquiza",2,1,0,0,1,0,0,,"Avenida",,"CAPITÁN BERMÚDEZ","San Lorenzo","Asfalto","No existe","XVII","Dentro","Urbana","Ninguna","S/D","S/D","Bueno","Buena","Diurna","Buen Tiempo","Frontal","S/D","Colisión","Ninguna","Vertical","S/D","Sin restricción"
2016,5991,9/13/2016,"Martes",0,19:30:00,,"0.0",2,"Moto/Ciclomotor,Peatón","A F Temporelli Y Rosario",2,1,0,0,1,0,0,,"Calle",,"VILLA GOBERNADOR GÁLVEZ","Rosario","Asfalto","S/D","II","Dentro","Urbana","Semáforo","Funciona","Intersección","Con baches","Buena","Atardecer","Buen Tiempo","S/D","Peatón","Atropello","Agua","S/D","Barrera de hormigón","Sin restricción"
2016,5992,9/13/2016,"Martes",0,12:00:00,,"0.0",2,"Moto/Ciclomotor,Peatón","San Rafael ",2,1,0,0,1,0,0,,"Calle",,"VILLA GOBERNADOR GÁLVEZ","Rosario","S/D","S/D","II","Dentro","Urbana","S/D","S/D","S/D","S/D","Buena","Diurna","S/D","S/D","Peatón","Atropello","S/D","S/D","S/D","S/D"
2016,5993,9/13/2016,"Martes",0,18:20:00,,"0.0",2,"Bicicleta,Automóvil","Mitre 1000",2,1,0,0,1,0,0,,"Calle",,"VILLA GOBERNADOR GÁLVEZ","Rosario","Asfalto","No existe","II","Dentro","Urbana","Ninguna","No existe","Recta","Bueno","Buena","Diurna","Buen Tiempo","S/D","Ciclista","Atropello","S/D","Faltante","Ninguna","Sin restricción"
2016,5994,9/21/2016,"Miercoles",0,14:00:00,,"0.0",2,"Automóvil,Moto/Ciclomotor","Av del Libertador Y Belgrano",2,1,0,0,1,0,0,,"Calle",,"VILLA GOBERNADOR GÁLVEZ","Rosario","Asfalto","No existe","II","Dentro","Urbana","Ninguna","No existe","Intersección","Con baches","Buena","Diurna","Buen Tiempo","S/D","S/D","Colisión","S/D","Faltante","Ninguna","Sin restricción"
2016,5995,9/24/2016,"Sabado",0,17:30:00,,"0.0",2,"Moto/Ciclomotor,Pickup/Utilitario","Av Filipini Y Mitre",4,1,0,0,3,0,0,,"Calle",,"VILLA GOBERNADOR GÁLVEZ","Rosario","Asfalto","No existe","II","Dentro","Urbana","Semáforo","No existe","Intersección","Bueno","Buena","Diurna","Buen Tiempo","Frontal","S/D","Colisión","S/D","S/D","Ninguna","Sin restricción"
2016,5996,7/28/2016,"Jueves",0,13:50:00,,"0.0",2,"Moto/Ciclomotor,Pickup/Utilitario"," ",3,2,0,0,1,0,0,,"Avenida",,"CAPITÁN BERMÚDEZ","San Lorenzo","Asfalto","No existe","XVII","S/D","S/D","Ninguna","No existe","Curva","Bueno","Buena","Diurna","Buen Tiempo","Frontal","S/D","Colisión","S/D","Horizontal","Ninguna","Sin restricción"
2016,5997,8/4/2016,"Jueves",0,9:55:00,,"0.0",2,"Automóvil,Moto/Ciclomotor","Cerrito Y Necochea",2,1,0,0,1,0,0,,"Calle",,"ROSARIO","Rosario","Asfalto","S/D","II","Dentro","Urbana","Ninguna","S/D","Intersección","Bueno","Buena","Diurna","Buen Tiempo","S/D","S/D","Colisión","S/D","S/D","Ninguna","Sin restricción"
2016,5998,8/4/2016,"Jueves",0,21:20:00,,"0.0",2,"Automóvil,Moto/Ciclomotor","Ayacucho Y Ocampo",3,1,0,0,2,0,0,,"Calle",,"ROSARIO","Rosario","Asfalto","S/D","II","Dentro","Urbana","Ninguna","S/D","Intersección","Bueno","Buena","Nocturna","Buen Tiempo","S/D","S/D","Colisión","S/D","S/D","Ninguna","Sin restricción"
2016,5999,8/26/2016,"Viernes",0,7:00:00,"Ruta Nacional 34","323.0",2,"Automóvil,Camión c / Acoplado"," ",5,3,0,0,2,0,0,,"Ruta",34,"CURUPAITY","San Cristóbal","Asfalto","No existe","XIII","S/D","Urbana","Marca Vial","No existe","Recta","Bueno","Buena","Amanecer","Buen Tiempo","De alcance","S/D","Colisión","Ninguna","Vertical","Ninguna","Sin restricción"
2016,6000,8/5/2016,"Viernes",0,11:30:00,,"0.0",2,"Moto/Ciclomotor,Automóvil","Necochea Y Cerrito",2,1,0,0,1,0,0,,"Calle",,"ROSARIO","Rosario","Asfalto","S/D","II","Dentro","Urbana","Señal Pare","S/D","Intersección","Bueno","Buena","Diurna","Buen Tiempo","Lateral","S/D","Colisión","S/D","Horizontal","Ninguna","Sin restricción"
2016,6001,8/5/2016,"Viernes",0,21:20:00,,"0.0",2,"Bicicleta,Automóvil","Laprida Y Ituzaingo",2,1,0,0,1,0,0,,"Calle",,"ROSARIO","Rosario","Asfalto","S/D","II","Dentro","Urbana","Ninguna","S/D","Intersección","Bueno","Buena","Nocturna","Buen Tiempo","S/D","Ciclista","Atropello","S/D","Faltante","Ninguna","Sin restricción"
2016,6002,8/31/2016,"Miercoles",0,13:30:00,,"0.0",1,"Moto/Ciclomotor","Perez de Denis Gregoria 179",3,1,0,0,2,0,0,,"S/D",,"CERES","San Cristóbal","Asfalto","No existe","XIII","S/D","Urbana","Ninguna","No existe","Recta","Bueno","Buena","Diurna","Buen Tiempo","S/D","S/D","Caída ocupante","Ninguna","Faltante","Ninguna","Sin restricción"
2016,6003,8/7/2016,"Domingo",0,,,"0.0",2,"Automóvil,Moto/Ciclomotor","L.N.Alem Y La Paz",2,1,0,0,1,0,0,,"Calle",,"ROSARIO","Rosario","Asfalto","S/D","II","Dentro","Urbana","Ninguna","S/D","Intersección","Bueno","Buena","S/D","Buen Tiempo","Lateral","S/D","Colisión","S/D","S/D","S/D","Sin restricción"
2016,6004,8/24/2016,"Miercoles",0,20:45:00,,"0.0",2,"Moto/Ciclomotor,Pickup/Utilitario","Gral Paz Y Guemes",4,1,0,0,3,0,0,,"Calle",,"SAN CRISTÓBAL","San Cristóbal","Tierra","Natural","XIII","Dentro","Urbana","Ninguna","No existe","Intersección","Bueno","Reducida","Nocturna,Con luz artificial","Buen Tiempo","Lateral","S/D","Colisión","Ninguna","Faltante","Ninguna","Sin restricción"
2016,6005,8/8/2016,"Lunes",0,10:15:00,,"0.0",2,"Automóvil,Moto/Ciclomotor","Riobamba Y Laprida",2,1,0,0,1,0,0,,"Calle",,"ROSARIO","Rosario","Asfalto","S/D","II","Dentro","Urbana","Ninguna","S/D","Intersección","Bueno","Buena","Diurna","Buen Tiempo","S/D","S/D","Colisión","S/D","S/D","Ninguna","Sin restricción"
2016,6006,8/14/2016,"Domingo",0,16:30:00,,"0.0",2,"Automóvil,Moto/Ciclomotor","Viamonte Y 1 de Mayo",3,2,0,0,1,0,0,,"Calle",,"ROSARIO","Rosario","Asfalto","S/D","II","Dentro","Urbana","Ninguna","S/D","Intersección","Bueno","Buena","Diurna","Buen Tiempo","S/D","S/D","Colisión","S/D","S/D","Ninguna","Sin restricción"
2016,6007,8/24/2016,"Miercoles",0,20:30:00,,"0.0",2,"Moto/Ciclomotor,Pickup/Utilitario","San Lorenzo Y Pringles",3,1,0,0,2,0,0,,"Calle",,"SAN CRISTÓBAL","San Cristóbal","Asfalto","No existe","XIII","Dentro","Urbana","Ninguna","No existe","Intersección","Bueno","Reducida","Nocturna,Con luz artificial","Buen Tiempo","Frontal","S/D","Colisión","Ninguna","Faltante","Ninguna","Sin restricción"
2016,6008,8/12/2016,"Viernes",0,12:00:00,,"0.0",2,"Moto/Ciclomotor,Automóvil","Ayacucho Y Ituzaingo",3,2,0,0,1,0,0,,"Calle",,"ROSARIO","Rosario","Hormigón","S/D","II","Dentro","Urbana","Ninguna","S/D","Intersección","Bueno","Buena","Diurna","Buen Tiempo","S/D","S/D","Colisión","S/D","S/D","Ninguna","Sin restricción"
2016,6009,8/22/2016,"Lunes",0,13:30:00,,"0.0",3,"Automóvil,Automóvil,Peatón","Buenos Aires Y La Paz",5,2,0,0,3,0,0,,"Calle",,"ROSARIO","Rosario","Asfalto","S/D","II","Dentro","Urbana","S/D","S/D","Intersección","Bueno","Buena","Diurna","Buen Tiempo","Múltiple","Peatón","Atropello","S/D","S/D","Ninguna","Sin restricción"
2016,6010,8/27/2016,"Sabado",0,12:00:00,,"0.0",2,"Moto/Ciclomotor,Automóvil","Bv. 27 De Febrero Y J.M.de Rosas",2,1,0,0,1,0,0,,"Calle",,"ROSARIO","Rosario","Hormigón","S/D","II","Dentro","Urbana","S/D","S/D","Intersección","Bueno","Buena","Diurna","Buen Tiempo","S/D","S/D","Colisión","S/D","S/D","S/D","Sin restricción"
2016,6011,5/8/2016,"Domingo",0,10:50:00,,"0.0",2,"Moto/Ciclomotor,Moto/Ciclomotor","Gral Jose de San Martin Y Maipu",2,1,0,0,1,0,0,,"Calle",,"VENADO TUERTO","General López","S/D","S/D","VIII","Dentro","Urbana","S/D","S/D","S/D","S/D","Buena","Diurna","S/D","S/D","S/D","Colisión","S/D","S/D","S/D","S/D"
2016,6012,5/8/2016,"Domingo",0,,,"0.0",2,"Moto/Ciclomotor,Automóvil","B Iturraspe Y Domingo Faustino Sarmiento",2,1,0,0,1,0,0,,"Calle",,"ESPERANZA","Las Colonias","S/D","S/D","XI","Dentro","Urbana","S/D","S/D","Recta","S/D","S/D","Diurna","S/D","S/D","S/D","Colisión","S/D","S/D","S/D","S/D"
2016,6013,5/8/2016,"Domingo",0,,,"0.0",1,"Moto/Ciclomotor","Calle 8-Chacabuco 1465",1,0,1,0,0,0,0,,"Calle",,"RECONQUISTA","General Obligado","S/D","S/D","IX","Dentro","Urbana","S/D","S/D","S/D","S/D","S/D","S/D","S/D","Contra objeto fijo","S/D","Colisión","S/D","S/D","S/D","S/D"
2016,6014,5/7/2016,"Sabado",0,15:25:00,,"0.0",2,"Moto/Ciclomotor,Automóvil","Calle 7-Sarmiento Y Calle 10-Ludue±a",2,1,0,0,1,0,0,,"Calle",,"RECONQUISTA","General Obligado","S/D","S/D","IX","Dentro","Urbana","S/D","S/D","S/D","S/D","S/D","Diurna","S/D","S/D","S/D","Colisión","S/D","S/D","S/D","S/D"
2016,6015,8/17/2016,"Miercoles",0,10:10:00,,"0.0",2,"Pickup/Utilitario,Moto/Ciclomotor","San Lorenzo Y 9 de Julio",3,1,0,0,2,0,0,,"Calle",,"SAN CRISTÓBAL","San Cristóbal","Ripio","No existe","XIII","Dentro","Urbana","Ninguna","No existe","Intersección","Bueno","Buena","Diurna","Buen Tiempo","Lateral","S/D","Colisión","Ninguna","Faltante","Ninguna","Sin restricción"
2016,6016,5/8/2016,"Domingo",0,7:00:00,"Ruta Provincial 1","0.0",1,"Automóvil"," ",1,1,0,0,0,0,0,,"Ruta",1,"EL GUSANO","San Javier","S/D","S/D","XIV","Dentro","Urbana","S/D","S/D","S/D","S/D","Buena","Diurna","S/D","S/D","S/D","Vuelco","S/D","S/D","S/D","S/D"
2016,6017,5/10/2016,"Martes",0,20:05:00,,"0.0",1,"Moto/Ciclomotor","Coronel Dorrego Y Chacabuco",1,1,0,0,0,0,0,,"Calle",,"VENADO TUERTO","General López","S/D","S/D","VIII","Dentro","Urbana","S/D","S/D","S/D","S/D","S/D","Diurna","S/D","S/D","S/D","Caída ocupante","S/D","S/D","S/D","S/D"
2016,6018,5/10/2016,"Martes",0,20:00:00,"Ruta Nacional 11","0.0",2,"Automóvil,Moto/Ciclomotor"," ",3,0,2,0,1,0,0,,"Ruta",11,"RECONQUISTA","General Obligado","S/D","S/D","IX","Dentro","Urbana","S/D","S/D","S/D","S/D","S/D","Diurna","S/D","S/D","S/D","Colisión","S/D","S/D","S/D","S/D"
2016,6020,5/11/2016,"Miercoles",0,19:45:00,,"0.0",2,"Automóvil,Moto/Ciclomotor","Entre Rios Y Sarmiento",3,2,0,0,1,0,0,,"Calle",,"OLIVEROS","Iriondo","S/D","S/D","X","Dentro","Urbana","S/D","S/D","S/D","S/D","S/D","Diurna","S/D","Frontal","S/D","Colisión","S/D","S/D","S/D","S/D"
2016,6021,8/29/2016,"Lunes",0,7:20:00,,"0.0",1,"Camión Chasis","nn ",1,1,0,0,0,0,0,,"S/D",,"CAPIVARA","San Cristóbal","Hormigón","Natural","XIII","Fuera","Rural","Ninguna","No existe","Recta","Bueno","Buena","Diurna","Buen Tiempo","Lateral","S/D","Vuelco","Ninguna","Faltante","Ninguna","Sin restricción"
2016,6022,8/14/2016,"Domingo",0,0:30:00,,"0.0",2,"Moto/Ciclomotor,Pickup/Utilitario","C Murrieta 700",3,1,1,0,1,0,0,,"Calle",,"SAN CRISTÓBAL","San Cristóbal","Ripio","No existe","XIII","Dentro","Urbana","Ninguna","No existe","Intersección","Bueno","Reducida","Nocturna,Con luz artificial","Buen Tiempo","Lateral","S/D","Colisión","Ninguna","Faltante","Ninguna","Sin restricción"
2016,6023,5/12/2016,"Jueves",0,,,"0.0",2,"Pickup/Utilitario,Pickup/Utilitario","Hernandarias Y Republica de Siria",2,1,0,0,1,0,0,,"Calle",,"SANTA FE","La Capital","S/D","S/D","I","Dentro","Urbana","S/D","S/D","S/D","S/D","S/D","S/D","S/D","S/D","S/D","Colisión","S/D","S/D","S/D","S/D"
2016,6024,5/12/2016,"Jueves",0,13:55:00,,"0.0",1,"Moto/Ciclomotor","Santa Fe ",1,1,0,0,0,0,0,,"Calle",,"VENADO TUERTO","General López","S/D","S/D","VIII","Dentro","Urbana","S/D","S/D","S/D","S/D","Buena","Diurna","S/D","S/D","S/D","Caída ocupante","S/D","S/D","S/D","S/D"
2016,6025,5/15/2016,"Domingo",0,8:20:00,,"0.0",1,"Moto/Ciclomotor","9 de Julio Y Mariano Moreno",2,1,0,0,1,0,0,,"Calle",,"VENADO TUERTO","General López","S/D","S/D","VIII","Dentro","Urbana","S/D","S/D","S/D","S/D","S/D","Diurna","S/D","S/D","S/D","Caída ocupante","S/D","S/D","S/D","S/D"
2016,6026,5/15/2016,"Domingo",0,,,"0.0",2,"Moto/Ciclomotor,Automóvil","Mariano Moreno Y 27 de Febrero",2,1,0,0,1,0,0,,"Calle",,"ESPERANZA","Las Colonias","S/D","S/D","XI","Dentro","Urbana","S/D","S/D","S/D","S/D","S/D","Nocturna","S/D","S/D","S/D","Colisión","S/D","S/D","S/D","S/D"
2016,6027,5/16/2016,"Lunes",0,13:00:00,,"0.0",2,"Moto/Ciclomotor,Taxi/Remis","Francisco Beltramino Y Soldano",2,1,0,0,1,0,0,,"Calle",,"RAFAELA","Castellanos","S/D","S/D","V","Dentro","Urbana","S/D","S/D","Intersección","S/D","S/D","Diurna","S/D","S/D","S/D","Colisión","S/D","S/D","S/D","S/D"
2016,6028,5/16/2016,"Lunes",0,14:27:00,,"0.0",2,"Moto/Ciclomotor,Pickup/Utilitario","San Lorenzo ",2,1,0,0,1,0,0,,"Calle",,"VENADO TUERTO","General López","S/D","S/D","VIII","Dentro","Urbana","S/D","S/D","S/D","S/D","S/D","Diurna","S/D","S/D","S/D","Colisión","S/D","S/D","S/D","S/D"
2016,6029,8/17/2016,"Miercoles",0,8:10:00,,"0.0",2,"Pickup/Utilitario,Moto/Ciclomotor","Pringles Y Salta",2,0,1,0,1,0,0,,"Calle",,"SAN CRISTÓBAL","San Cristóbal","Asfalto","No existe","XIII","Dentro","Urbana","Ninguna","No existe","Intersección","Bueno","Buena","Diurna","Buen Tiempo","Lateral","S/D","Colisión","Ninguna","Faltante","Ninguna","Sin restricción"
2016,6030,8/21/2016,"Domingo",0,11:25:00,,"0.0",1,"Automóvil","Av. de los Trabaj. Ferroviario ",1,1,0,0,0,0,0,,"Avenida",,"SAN CRISTÓBAL","San Cristóbal","Asfalto","No existe","XIII","Dentro","Urbana","S/D","No existe","Recta","Bueno","Buena","Diurna","Buen Tiempo","Contra objeto fijo","S/D","Colisión,Despiste","Ninguna","Vertical","Cordón divisorio","Sin restricción"
2016,6031,8/21/2016,"Domingo",0,8:25:00,,"0.0",2,"Pickup/Utilitario,Taxi/Remis","Azcuenaga Y San Lorenzo",2,1,0,0,1,0,0,,"Calle",,"SAN CRISTÓBAL","San Cristóbal","Tierra","No existe","XIII","S/D","Urbana","Ninguna","No existe","Intersección","Bueno","Buena","Diurna","Buen Tiempo","S/D","S/D","Colisión","Ninguna","Faltante","S/D","Sin restricción"
2016,6032,6/6/2016,"Lunes",0,,,"0.0",2,"Otros,Otros","Av. Sorrento Y Calvo",2,1,0,0,1,0,0,,"S/D",,"ROSARIO","Rosario","Asfalto","No existe","II","S/D","S/D","Ninguna","No existe","Recta","Deteriorada","S/D","S/D","Buen Tiempo","Lateral","S/D","Colisión","Ninguna","S/D","Ninguna","Obra en Construcción,Desvío Provisorio"
2016,6033,6/8/2016,"Miercoles",0,,,"0.0",2,"Otros,Otros","Superi Y Warnes",2,1,0,0,1,0,0,,"Calle",,"ROSARIO","Rosario","Asfalto","No existe","II","S/D","Urbana","S/D","No existe","Intersección","Bueno","Buena","Diurna","Buen Tiempo","Lateral","S/D","Colisión","Ninguna","S/D","Ninguna","Sin restricción"
2016,6034,6/10/2016,"Viernes",0,14:00:00,,"0.0",2,"Peatón,Otros","Cavia Y Casiano Casas",2,1,0,0,1,0,0,,"Calle",,"ROSARIO","Rosario","Asfalto","No existe","II","Dentro","Urbana","Paso Peatonal","No existe","Recta","S/D","S/D","Diurna","Buen Tiempo","S/D","Peatón","Atropello","Ninguna","S/D","Cordón divisorio","Sin restricción"
2016,6035,6/11/2016,"Sabado",0,15:50:00,,"0.0",2,"Otros,Otros","Baigorria Y Warnes",4,3,0,0,1,0,0,,"Calle",,"ROSARIO","Rosario","Asfalto","No existe","II","Dentro","Urbana","Señal Pare","No existe","Recta","Bueno","Buena","Diurna","Buen Tiempo","Lateral","S/D","Colisión","Ninguna","Vertical","Ninguna","Sin restricción"
2016,6036,6/23/2016,"Jueves",0,10:45:00,,"0.0",2,"Otros,Otros","Gurruchaga Y Warnes",2,1,0,0,1,0,0,,"Calle",,"ROSARIO","Rosario","Asfalto","No existe","II","Dentro","Urbana","Señal Pare","No existe","Intersección","Bueno","Buena","Diurna","Buen Tiempo","Lateral","S/D","Colisión","Ninguna","Vertical","S/D","Sin restricción"
2016,6037,6/11/2016,"Sabado",0,1:20:00,,"0.0",2,"Otros,Otros","Bv. Rondeau Y Baigorria",2,1,0,0,1,0,0,,"Avenida",,"ROSARIO","Rosario","Asfalto","No existe","II","Dentro","Urbana","Semáforo","Funciona","Intersección","Bueno","Reducida","Nocturna","Buen Tiempo","Lateral","S/D","Colisión","Ninguna","S/D","Cordón divisorio","Sin restricción"
2016,6038,6/22/2016,"Miercoles",0,18:30:00,,"0.0",2,"Peatón,Otros","Darragueira Y Larrechea",2,1,0,0,1,0,0,,"Calle",,"ROSARIO","Rosario","Asfalto","No existe","II","Dentro","Urbana","Ninguna","No existe","Recta","Bueno","Buena","Atardecer","Buen Tiempo","S/D","Peatón","Atropello","Ninguna","Faltante","Ninguna","Sin restricción"