"anio_acci","nro_acci","fecha","desc_dia","fecha_aprox","hora_aprox","desc_ruta","km","cant_participantes","desc_participante","calle_avenida_km","total","heridos_leves","heridos_graves","heridos_gravisimos","ilesos","fallecidos","sin_datos","posicion_XY","desc_tipo_via","desc_ruta_ori","desc_loc","desc_dpto","desc_tipo_calzada","desc_tipo_banquina","desc_unidad_regional","desc_lugar_calzada","desc_zona","desc_prioridad","desc_estado_semaforo","desc_lugar_via","desc_estado_via","desc_estado_visibilidad","desc_luminosidad","desc_estado_clima","desc_tipo_colision","desc_tipo_atropello","desc_tipo_hecho","desc_pres_calzada","desc_senializacion","desc_separacion_via","desc_restriccion"
2016,6039,8/16/2016,"Martes",0,19:10:00,,"0.0",2,"Otros,Otros","Av. Genova 1900",2,1,0,0,1,0,0,,"Calle",,"ROSARIO","Rosario","Asfalto","S/D","II","Dentro","Urbana","Ninguna","S/D","Recta","Bueno","Buena","Diurna","Buen Tiempo","Lateral","S/D","Colisión","Ninguna","S/D","Ninguna","Sin restricción"
2016,6040,9/25/2016,"Domingo",0,8:00:00,"Ruta Nacional 19","0.0",1,"Automóvil","INGRESO A SAN JERONIMO NORTE ",1,1,0,0,0,0,0,,"Ruta",19,"SAN JERÓNIMO NORTE","Las Colonias","Hormigón","Natural","XI","Fuera","Rural","Ninguna","No existe","Recta","Bueno","Buena","Diurna","Buen Tiempo","Contra objeto fijo","S/D","Colisión,Despiste","Ninguna","Faltante","Ninguna","Sin restricción"
2016,6041,12/1/2016,"Jueves",1,,,"0.0",2,"Moto/Ciclomotor,Automóvil"," ",2,1,0,0,1,0,0,,"S/D",,"FUENTES","San Lorenzo","S/D","S/D","XVII","S/D","S/D","S/D","S/D","S/D","S/D","S/D","S/D","S/D","S/D","S/D","Colisión","S/D","S/D","S/D","S/D"
2016,6042,12/1/2016,"Jueves",1,,,"0.0",1,"Pickup/Utilitario"," ",2,1,0,0,1,0,0,,"S/D",,"FUENTES","San Lorenzo","S/D","S/D","XVII","S/D","S/D","S/D","S/D","S/D","S/D","S/D","S/D","S/D","S/D","S/D","S/D","S/D","S/D","S/D","S/D"
2016,6043,4/27/2016,"Miercoles",0,20:00:00,"Ruta Nacional A012","0.0",2,"Otros,Otros","RN A012 Y VELEZ SARSFIELD ",2,2,0,0,0,0,0,,"Ruta","A012","SAN LORENZO","San Lorenzo","Asfalto","S/D","XVII","S/D","Urbana","Otra Señal","Intermitente","Cruce","Bueno","Reducida","Nocturna,Con luz artificial","Otro","Lateral","S/D","Colisión","Ninguna","Vertical","Cordón divisorio","Sin restricción"
2016,6044,2/25/2016,"Jueves",0,12:55:00,,"0.0",1,"Otros","Dorrego Y L N Alem",3,2,0,0,0,0,1,,"Calle",,"SAN LORENZO","San Lorenzo","Asfalto","S/D","XVII","Dentro","Urbana","Otra Señal","Funciona","Cruce","Bueno","Buena","Diurna","Buen Tiempo","S/D","S/D","Caída ocupante","S/D","S/D","Línea divisoria pintada","Sin restricción"
2016,6045,2/25/2016,"Jueves",0,22:30:00,,"0.0",1,"Otros","C Escalada Y Cayetano Silva",2,1,0,0,0,0,1,,"Calle",,"SAN LORENZO","San Lorenzo","Asfalto","S/D","XVII","Dentro","Urbana","Otra Señal","S/D","Cruce","Otro","S/D","Nocturna","Otro","Contra objeto fijo","S/D","Colisión","Ninguna","Faltante","Ninguna","Sin restricción"
2016,6046,2/24/2016,"Miercoles",0,8:45:00,,"0.0",2,"Peatón,Otros","Irigoyen Y Jose Ingenieros",2,1,0,0,0,0,1,,"Calle",,"SAN LORENZO","San Lorenzo","Asfalto","No existe","XVII","Dentro","Urbana","Otra Señal","Intermitente","Intersección","Bueno","Buena","Diurna","Buen Tiempo","S/D","S/D","Atropello","Ninguna","Vertical","Ninguna","Sin restricción"
2016,6047,2/21/2016,"Domingo",0,13:25:00,,"0.0",2,"Otros,Otros","Uriburu Y Tucuman",2,1,0,0,0,0,1,,"Calle",,"SAN LORENZO","San Lorenzo","Asfalto","S/D","XVII","Fuera","Urbana","Otra Señal","Intermitente","Intersección","Bueno","Buena","Diurna","Buen Tiempo","Otro","S/D","Colisión","Ninguna","Vertical","Ninguna","Sin restricción"
2016,6048,2/13/2016,"Sabado",0,7:15:00,"Autopista Provincial Brigadier E.López","0.0",1,"Otros"," ",2,1,0,0,0,0,1,,"Autopista","Brigadier E.López","SAN LORENZO","San Lorenzo","Asfalto","Natural","XVII","Dentro","Rural","Otra Señal","No existe","Recta","Bueno","Buena","Amanecer","Buen Tiempo","S/D","S/D","Vuelco","Otro","Horizontal","Línea divisoria pintada","Sin restricción"
2016,6049,2/10/2016,"Miercoles",0,8:45:00,,"0.0",2,"Otros,Otros"," ",2,1,0,0,0,0,1,,"Calle",,"SAN LORENZO","San Lorenzo","Hormigón","S/D","XVII","Fuera","Urbana","Otra Señal","S/D","Distribuidor","Otro","S/D","S/D","Buen Tiempo","Frontal","S/D","Colisión","Otro","Horizontal","Ninguna","Sin restricción"
2016,6050,2/7/2016,"Domingo",0,12:30:00,,"0.0",2,"Otros,Otros","Tte. roca Y Dr Ghio",2,1,0,0,0,0,1,,"Calle",,"SAN LORENZO","San Lorenzo","Asfalto","No existe","XVII","Dentro","Urbana","Otra Señal","No existe","Intersección","Bueno","Reducida","Diurna","Otro","Lateral","S/D","Colisión","Ninguna","Faltante","Ninguna","Sin restricción"
2016,6051,2/5/2016,"Viernes",0,3:15:00,,"0.0",2,"Otros,Otros","Colon Y Luis Borghi",3,2,0,0,0,0,1,,"Calle",,"SAN LORENZO","San Lorenzo","Asfalto","S/D","XVII","Dentro","Urbana","Otra Señal","S/D","Intersección","Bueno","S/D","Nocturna","Buen Tiempo","Otro","S/D","Colisión","Otro","Faltante","Ninguna","Obra en Construcción"
2016,6052,8/6/2016,"Sabado",0,14:30:00,"Ruta Provincial 13","0.0",1,"Automóvil"," ",3,1,1,0,1,0,0,,"Ruta",13,"CAPIVARA","San Cristóbal","Asfalto","Natural","XIII","Dentro","Urbana","S/D","No existe","Recta","Con baches","Buena","Diurna","Buen Tiempo","S/D","S/D","Vuelco","Material Suelto","Faltante","Línea divisoria pintada","Sin restricción"
2016,6053,8/16/2016,"Martes",0,8:05:00,"Ruta Provincial 17","0.0",1,"Pickup/Utilitario"," ",2,2,0,0,0,0,0,,"Ruta",17,"CERES","San Cristóbal","Asfalto","Natural","XIII","Dentro","Urbana","Ninguna","No existe","Recta","Bueno","Buena","Diurna","Buen Tiempo","S/D","S/D","Despiste","Ninguna","S/D","Ninguna","Sin restricción"
2016,6054,8/13/2016,"Sabado",0,0:30:00,"Ruta Provincial 23","0.0",2,"Moto/Ciclomotor,Moto/Ciclomotor"," ",2,1,1,0,0,0,0,,"Ruta",23,"SAN GUILLERMO","San Cristóbal","Asfalto","S/D","XIII","Dentro","Urbana","Ninguna","No existe","Recta","Bueno","Reducida","Nocturna","Buen Tiempo","Frontal","S/D","Colisión","S/D","Faltante","Ninguna","Sin restricción"
2016,6055,8/31/2016,"Miercoles",0,10:00:00,,"0.0",1,"Moto/Ciclomotor","San Lorenzo Y Gral Alvear",3,2,0,0,1,0,0,,"Calle",,"SAN CRISTÓBAL","San Cristóbal","Asfalto","No existe","XVIII","Dentro","Urbana","Ninguna","No existe","Intersección","Bueno","Buena","Diurna","Buen Tiempo","Atropello animal","S/D","Colisión","S/D","Faltante","Ninguna","Sin restricción"
2016,6056,8/10/2016,"Miercoles",0,18:00:00,,"0.0",2,"Automóvil,Bicicleta","COCHABAMBA Y ITUIZANGO",2,1,0,0,1,0,0,,"Calle",,"CERES","San Cristóbal","Asfalto","No existe","XIII","S/D","Urbana","Ninguna","No existe","Intersección","Bueno","Buena","Diurna","Buen Tiempo","S/D","Ciclista","Atropello","Ninguna","Faltante","Ninguna","Sin restricción"
2016,6057,8/10/2016,"Miercoles",0,15:55:00,,"0.0",3,"Moto/Ciclomotor,Moto/Ciclomotor,Moto/Ciclomotor","Azcuenaga Y Avenida Lassaga",4,4,0,0,0,0,0,,"Calle",,"SAN CRISTÓBAL","San Cristóbal","Tierra","No existe","XIII","Dentro","Urbana","Ninguna","No existe","Intersección","Bueno","Buena","Diurna","Buen Tiempo","Múltiple","S/D","Colisión","S/D","Faltante","Ninguna","Sin restricción"
2016,6058,8/7/2016,"Domingo",0,0:30:00,,"0.0",1,"Moto/Ciclomotor","Gral Alvear Y J B Bullo",1,0,1,0,0,0,0,,"Calle",,"SAN CRISTÓBAL","San Cristóbal","Asfalto","Pavimento","XIII","Dentro","Urbana","Ninguna","No existe","Intersección","Bueno","Buena","Nocturna","Buen Tiempo","S/D","S/D","Caída ocupante","Ninguna","Faltante","Ninguna","Sin restricción"
2016,6059,8/13/2016,"Sabado",0,11:50:00,,"0.0",2,"Moto/Ciclomotor,Pickup/Utilitario","Cochabamba Y Las Heras",3,1,0,0,2,0,0,,"Calle",,"SAN CRISTÓBAL","San Cristóbal","Asfalto","No existe","XIII","Dentro","Urbana","Ninguna","No existe","Intersección","Bueno","Buena","Diurna","Buen Tiempo","Lateral","S/D","Colisión","Ninguna","Vertical","Ninguna","Sin restricción"
2016,6060,8/7/2016,"Domingo",0,2:35:00,,"0.0",2,"Automóvil,Automóvil","Saavedra Y Laprida",2,1,0,0,1,0,0,,"Calle",,"SAN CRISTÓBAL","San Cristóbal","Asfalto","Natural","XIII","Dentro","Urbana","Ninguna","No existe","Intersección","Bueno","Buena","Nocturna","Buen Tiempo","Lateral","S/D","Colisión","Ninguna","Faltante","Ninguna","Sin restricción"
2016,6061,8/9/2016,"Martes",0,11:30:00,,"0.0",2,"Moto/Ciclomotor,Pickup/Utilitario"," ",3,3,0,0,0,0,0,,"Camino Rural",,"SUARDI","San Cristóbal","S/D","Natural","XIII","Dentro","Rural","S/D","No existe","Intersección","S/D","Buena","Diurna","Buen Tiempo","Lateral","S/D","Colisión","S/D","S/D","S/D","Reparación de Vía"
2016,6062,8/5/2016,"Viernes",0,11:05:00,,"0.0",1,"Moto/Ciclomotor","Bvard Lopez Y Carlos Altamirano",1,1,0,0,0,0,0,,"Avenida",,"CERES","San Cristóbal","Tierra","No existe","XIII","Dentro","Urbana","Ninguna","No existe","Recta","Con baches","Buena","Diurna","Buen Tiempo","S/D","S/D","Caída ocupante","Agua","Faltante","Ninguna","Sin restricción"
2016,6063,8/1/2016,"Lunes",0,12:00:00,,"0.0",2,"Moto/Ciclomotor,Pickup/Utilitario","Caseros 1100",2,2,0,0,0,0,0,,"Calle",,"SAN CRISTÓBAL","San Cristóbal","Asfalto","No existe","XIII","S/D","Urbana","Ninguna","No existe","Recta","Bueno","Buena","Diurna","Buen Tiempo","S/D","S/D","Colisión","Ninguna","Faltante","Ninguna","Sin restricción"
2016,6064,9/5/2016,"Lunes",0,2:15:00,,"0.0",2,"Automóvil,Automóvil","Laprida Y Almafuerte",3,1,0,0,2,0,0,,"Calle",,"RAFAELA","Castellanos","Asfalto","S/D","V","Dentro","Urbana","Ninguna","S/D","Intersección","Bueno","Buena","Nocturna","Buen Tiempo","Lateral","S/D","Colisión","S/D","S/D","Cordón divisorio","Sin restricción"
2016,6065,9/20/2016,"Martes",0,16:50:00,,"0.0",2,"Bicicleta,Moto/Ciclomotor","Jose Ingenieros Y Intendente Gimenez",2,1,0,0,1,0,0,,"Calle",,"RAFAELA","Castellanos","Hormigón","No existe","V","Dentro","Urbana","Otra Señal","No existe","Intersección","Bueno","Buena","Diurna","Buen Tiempo","Frontal","Ciclista","Atropello","S/D","Faltante","Cordón divisorio","Sin restricción"
2016,6066,8/4/2016,"Jueves",0,20:30:00,,"0.0",2,"Automóvil,Bicicleta","Gral Alvear ",2,1,0,0,1,0,0,,"Calle",,"SAN CRISTÓBAL","San Cristóbal","Asfalto","No existe","XIII","S/D","Urbana","Ninguna","No existe","Recta","Bueno","Buena","Nocturna","Buen Tiempo","S/D","S/D","Caída ocupante","S/D","S/D","Ninguna","S/D"
2016,6067,9/30/2016,"Viernes",0,14:00:00,,"0.0",2,"Moto/Ciclomotor,Automóvil","LINIERS Y ENTRE RIOS",2,1,0,0,1,0,0,,"Calle",,"SAN VICENTE.","Castellanos","Asfalto","No existe","V","Dentro","Urbana","Ninguna","No existe","Intersección","Bueno","Buena","Diurna","Buen Tiempo","Lateral","S/D","Colisión","S/D","Faltante","S/D","Sin restricción"
2016,6068,9/28/2016,"Miercoles",0,10:50:00,,"0.0",2,"Moto/Ciclomotor,Automóvil","Calle 24 - Olessio Y Calle 29-Alte Brown",3,2,0,0,1,0,0,,"Calle",,"RECONQUISTA","General Obligado","Asfalto","No existe","IX","Dentro","Urbana","Ninguna","No existe","Intersección","Bueno","Buena","Diurna","Buen Tiempo","De alcance","S/D","Colisión","Ninguna","Faltante","Ninguna","Sin restricción"
2016,6069,8/5/2016,"Viernes",0,23:30:00,,"0.0",2,"Otros,Moto/Ciclomotor","Caseros 600",2,0,1,0,0,0,1,,"Calle",,"SAN CRISTÓBAL","San Cristóbal","Asfalto","No existe","XIII","Dentro","Urbana","Ninguna","No existe","Recta","Bueno","Buena","Nocturna,Con luz artificial","Buen Tiempo","Frontal","S/D","Colisión","Ninguna","Faltante","Línea divisoria pintada","Sin restricción"
2016,6070,8/11/2016,"Jueves",0,12:30:00,,"0.0",2,"Moto/Ciclomotor,Pickup/Utilitario","Saavedra ",2,1,0,0,0,0,1,,"Calle",,"BIGAND","Caseros","Asfalto,Ripio","No existe","IV","S/D","Urbana","Ninguna","No existe","Recta","Bueno","Buena","Diurna","Buen Tiempo","Lateral","S/D","Colisión","Ninguna","Faltante","Ninguna","Sin restricción"
2016,6071,9/23/2016,"Viernes",0,12:00:00,,"0.0",2,"Moto/Ciclomotor,Taxi/Remis","Calle 28 - San Lorenzo Y Calle 27-Gdor Freyre",2,1,0,0,1,0,0,,"Calle",,"RECONQUISTA","General Obligado","Asfalto","No existe","IX","Dentro","Urbana","Ninguna","No existe","Intersección","Bueno","Buena","Diurna","Buen Tiempo","De alcance","S/D","Colisión","S/D","Faltante","Ninguna","Sin restricción"
2016,6072,9/13/2016,"Martes",0,19:05:00,,"0.0",2,"Peatón,Automóvil","Calle 17-Bartolome Mitre ",2,1,0,0,1,0,0,,"Calle",,"RECONQUISTA","General Obligado","Asfalto","No existe","IX","Dentro","Urbana","Ninguna","No existe","Intersección","Bueno","Reducida","Atardecer","Buen Tiempo","De alcance","Peatón","Atropello","S/D","Faltante","Ninguna","Sin restricción"
2016,6073,8/10/2016,"Miercoles",0,8:45:00,,"0.0",2,"Automóvil,Pickup/Utilitario","Rivadavia Y Moreno",2,1,0,0,1,0,0,,"Calle",,"SAN JOSÉ DE LA ESQUINA","Caseros","Asfalto","No existe","III","Dentro","Urbana","S/D","No existe","Intersección","Bueno","Buena","Diurna","Buen Tiempo","Frontal","S/D","Colisión","Ninguna","Horizontal","S/D","Sin restricción"
2016,6074,9/13/2016,"Martes",0,15:45:00,,"0.0",2,"Moto/Ciclomotor,Automóvil","Calle 29-Alte Brown Y Calle 24 - Olessio",2,1,0,0,1,0,0,,"Calle",,"RECONQUISTA","General Obligado","Asfalto","No existe","IX","Dentro","Urbana","Ninguna","No existe","Intersección","Bueno","Buena","Diurna","Buen Tiempo","De alcance","S/D","Colisión","S/D","Faltante","Ninguna","Sin restricción"
2016,6075,4/13/2016,"Miercoles",0,17:20:00,,"0.0",2,"Moto/Ciclomotor,Automóvil","Calle 27-Gdor Freyre ",2,1,0,0,1,0,0,,"Calle",,"RECONQUISTA","General Obligado","Asfalto","No existe","IX","Dentro","Urbana","Ninguna","No existe","Intersección","Bueno","Buena","Diurna","Buen Tiempo","De alcance","S/D","Colisión","S/D","Faltante","Ninguna","Sin restricción"
2016,6076,8/7/2016,"Domingo",0,2:25:00,,"0.0",2,"Automóvil,Moto/Ciclomotor","Avenida Chacabuco Y Bvard España",3,2,0,0,1,0,0,,"Avenida",,"CERES","San Cristóbal","Asfalto","Pavimento","XIII","Dentro","Urbana","Ninguna","No existe","Recta","Bueno","Reducida","Nocturna,Con luz artificial","Niebla","Frontal","S/D","Colisión","Agua","Faltante","Barrera de hormigón","Sin restricción"
2016,6077,9/8/2016,"Jueves",0,19:35:00,,"0.0",2,"Moto/Ciclomotor,Automóvil","Calle 32 - Amenabar Y Calle 21-Gdor. iriondo",2,1,0,0,1,0,0,,"Calle",,"RECONQUISTA","General Obligado","Asfalto","No existe","IX","Dentro","Urbana","Ninguna","No existe","Intersección","Bueno","Buena","Atardecer","Buen Tiempo","De alcance","S/D","Colisión","S/D","Faltante","Ninguna","Sin restricción"
2016,6078,9/19/2016,"Lunes",0,15:30:00,"Ruta Nacional 9","332.0",1,"Moto/Ciclomotor"," ",1,1,0,0,0,0,0,,"Ruta",9,"ROLDÁN","San Lorenzo","Asfalto","Natural","XVII","Dentro","Urbana","Ninguna","No existe","Recta","Bueno","Buena","Diurna","Buen Tiempo","S/D","S/D","Despiste","S/D","Faltante","Ninguna","Sin restricción"
2016,6079,9/11/2016,"Domingo",0,16:45:00,"Ruta Nacional 11","843.0",1,"Automóvil"," ",2,0,1,0,1,0,0,,"Ruta",11,"ARROYO CEIBAL","General Obligado","Asfalto","Natural","IX","Dentro","Urbana","Ninguna","No existe","Recta","Bueno","Buena","Diurna","Buen Tiempo","S/D","S/D","Vuelco","S/D","Horizontal","Línea divisoria pintada","Sin restricción"
2016,6080,9/11/2016,"Domingo",0,6:40:00,,"0.0",2,"Moto/Ciclomotor,Automóvil","Simon de Iriondo Y French",4,0,0,0,0,0,4,,"Calle",,"ESPERANZA","Las Colonias","Asfalto","S/D","XI","Dentro","Urbana","Ninguna","No existe","S/D","Bueno","Buena","Amanecer","Buen Tiempo","Lateral","S/D","Colisión","S/D","S/D","S/D","Sin restricción"
2016,6081,9/23/2016,"Viernes",0,9:00:00,,"0.0",2,"Moto/Ciclomotor,Automóvil","Hernandez Y Santa Fe",2,1,0,0,0,0,1,,"Calle",,"ROLDÁN","San Lorenzo","Hormigón","No existe","XVII","Dentro","Urbana","Ninguna","No existe","Recta","Bueno","Buena","Diurna","Buen Tiempo","De alcance","S/D","Colisión","S/D","Faltante","Ninguna","Sin restricción"
2016,6082,9/28/2016,"Miercoles",0,8:40:00,,"0.0",2,"Automóvil,Moto/Ciclomotor","Almirante Brown Y Av Los Colonizadores",3,2,0,0,1,0,0,,"Calle",,"ESPERANZA","Las Colonias","Asfalto","S/D","XI","Dentro","Urbana","Ninguna","No existe","Intersección","Bueno","Buena","Diurna","Buen Tiempo","S/D","S/D","Colisión","S/D","S/D","Ninguna","Sin restricción"
2016,6083,9/19/2016,"Lunes",0,19:30:00,,"0.0",2,"Automóvil,Moto/Ciclomotor","Cayetano Nerbutti Y J B Alberdi",2,0,1,0,1,0,0,,"Calle",,"PUERTO SAN MARTÍN","San Lorenzo","Asfalto","No existe","XVII","Dentro","Urbana","Ninguna","No existe","Intersección","Bueno","Buena","Diurna","Buen Tiempo","Lateral","S/D","Colisión","Ninguna","Horizontal","Ninguna","Sin restricción"
2016,6084,9/14/2016,"Miercoles",0,23:00:00,,"0.0",2,"Automóvil,Moto/Ciclomotor","Sgto Cabral Y Sarmiento",2,1,0,0,1,0,0,,"Calle",,"PUERTO SAN MARTÍN","San Lorenzo","Asfalto","No existe","XVII","Dentro","Urbana","Ninguna","No existe","Intersección","Bueno","Buena","Nocturna","Buen Tiempo","Lateral","S/D","Colisión","Ninguna","Horizontal","Ninguna","Sin restricción"
2016,6085,9/7/2016,"Miercoles",0,19:50:00,,"0.0",2,"Moto/Ciclomotor,Automóvil","Cordoba Y 9 de Julio",2,1,1,0,0,0,0,,"Avenida",,"PUERTO SAN MARTÍN","San Lorenzo","Asfalto","No existe","XVII","Dentro","Urbana","Ninguna","No existe","Intersección","Bueno","Buena","Atardecer","Buen Tiempo","Lateral","S/D","Colisión","Ninguna","Horizontal","Ninguna","Sin restricción"
2016,6086,9/9/2016,"Viernes",0,21:10:00,,"0.0",2,"Moto/Ciclomotor,Automóvil","AV. ERNESTO GRONDA Y ADOLFO MEDINA",3,1,1,0,1,0,0,,"Calle",,"GATO COLORADO","9 de Julio","Ripio","No existe","XII","Dentro","Urbana","Ninguna","No existe","Intersección","Bueno","Buena","Nocturna,Con luz artificial","Buen Tiempo","Frontal","S/D","Colisión","S/D","Faltante","Ninguna","Sin restricción"
2016,6087,9/7/2016,"Miercoles",0,14:30:00,,"0.0",2,"Automóvil,Moto/Ciclomotor","Rivadavia Y Dorrego",4,0,0,0,1,0,3,,"S/D",,"SAN LORENZO","San Lorenzo","S/D","S/D","XVII","S/D","Urbana","S/D","S/D","S/D","S/D","S/D","S/D","S/D","S/D","S/D","S/D","S/D","S/D","S/D","S/D"
2016,6088,9/6/2016,"Martes",0,18:45:00,,"0.0",2,"Moto/Ciclomotor,Automóvil","Cordoba Y 9 de Julio",2,1,0,0,1,0,0,,"Avenida",,"PUERTO SAN MARTÍN","San Lorenzo","Asfalto","No existe","XVII","Dentro","Urbana","Ninguna","No existe","Intersección","Bueno","Buena","Atardecer","Buen Tiempo","Lateral","S/D","Colisión","Ninguna","Horizontal","Ninguna","Sin restricción"
2016,6089,9/10/2016,"Sabado",0,20:35:00,"Ruta Secundaria 29-s","0.0",1,"Automóvil"," ",4,1,0,0,3,0,0,,"Ruta","29-s","VILLA MINETTI","9 de Julio","Asfalto","Natural","XII","Dentro","Urbana","Ninguna","No existe","Recta","Bueno","Buena","Nocturna","Buen Tiempo","Atropello animal","S/D","Colisión","S/D","Faltante","Ninguna","Sin restricción"
2016,6090,9/25/2016,"Domingo",0,19:45:00,"Ruta Nacional 11","0.0",2,"Taxi/Remis,Moto/Ciclomotor","Moreno Y Av San Martin",2,1,0,0,1,0,0,,"Ruta",11,"FRAY LUIS BELTRÁN","San Lorenzo","Asfalto","Ripio","XVII","Dentro","Urbana","Ninguna","No existe","Intersección","Bueno","Buena","Atardecer","Buen Tiempo","Lateral","S/D","Colisión","Ninguna","Faltante","Ninguna","Sin restricción"
2016,6091,9/11/2016,"Domingo",0,1:00:00,,"0.0",2,"Pickup/Utilitario,Moto/Ciclomotor","Avenida Rivadavia ",3,2,0,0,1,0,0,,"Calle",,"TOSTADO","9 de Julio","Asfalto","Pavimento","XII","Dentro","Urbana","Ninguna","No existe","S/D","Bueno","Buena","Nocturna","Buen Tiempo","S/D","S/D","Colisión","S/D","Faltante","Ninguna","Sin restricción"
2016,6092,9/2/2016,"Viernes",0,4:10:00,"Autopista Provincial Brigadier E.López","14.0",1,"Automóvil"," ",4,0,0,0,2,1,1,"-32.756297, -60.755633","Autopista","Brigadier E.López","SAN LORENZO","San Lorenzo","Asfalto","S/D","XVII","S/D","S/D","S/D","S/D","Recta","Bueno","S/D","S/D","S/D","Contra objeto fijo","S/D","Colisión","S/D","S/D","S/D","S/D"
2016,6093,9/23/2016,"Viernes",0,19:15:00,,"0.0",2,"Moto/Ciclomotor,Automóvil","Cordoba Y Belgrano",3,1,0,0,2,0,0,,"Calle",,"PUERTO SAN MARTÍN","San Lorenzo","Asfalto","Pavimento","XVII","Dentro","Urbana","Policía de tránsito","No existe","Intersección","Bueno","Buena","Diurna","Buen Tiempo","S/D","S/D","S/D","Ninguna","Faltante","Ninguna","Sin restricción"
2016,6094,9/10/2016,"Sabado",0,5:50:00,,"0.0",1,"Moto/Ciclomotor","25 de Mayo Y Los Andes",1,0,1,0,0,0,0,,"Calle",,"TOSTADO","9 de Julio","Asfalto","S/D","XII","Dentro","Urbana","Ninguna","S/D","Recta","Bueno","S/D","Diurna","Buen Tiempo","Frontal","S/D","Colisión","S/D","Faltante","Ninguna","Sin restricción"
2016,6095,9/16/2016,"Viernes",0,19:00:00,"Ruta Nacional 11","722.0",2,"Pickup/Utilitario,Pickup/Utilitario"," ",5,1,0,0,4,0,0,,"Ruta",11,"VERA","Vera","Asfalto","Natural","XIX","Dentro","Urbana","Ninguna","No existe","Recta","Bueno","Buena","Diurna","Buen Tiempo","S/D","S/D","Colisión","S/D","Horizontal,Vertical","Ninguna","Sin restricción"
2016,6096,9/28/2016,"Miercoles",0,18:35:00,,"0.0",2,"Moto/Ciclomotor,Automóvil","Urquiza Y Republica de Chile",2,1,0,0,1,0,0,,"S/D",,"SAN LORENZO","San Lorenzo","S/D","S/D","XVII","S/D","Urbana","S/D","S/D","Intersección","S/D","S/D","Atardecer","S/D","S/D","S/D","S/D","S/D","S/D","S/D","S/D"
2016,6097,9/28/2016,"Miercoles",0,10:50:00,,"0.0",2,"Automóvil,Moto/Ciclomotor","Santiago del Estero Y Sargento Cabral",3,2,0,0,1,0,0,,"S/D",,"SAN LORENZO","San Lorenzo","S/D","S/D","XVII","S/D","Urbana","S/D","S/D","Intersección","S/D","S/D","S/D","S/D","S/D","S/D","S/D","S/D","S/D","S/D","S/D"
2016,6098,9/1/2016,"Jueves",0,14:50:00,,"0.0",2,"Pickup/Utilitario,Moto/Ciclomotor","Morris W Y Entre Rios",2,0,0,0,1,0,1,,"S/D",,"SAN LORENZO","San Lorenzo","S/D","S/D","I","S/D","Urbana","S/D","S/D","S/D","S/D","S/D","S/D","S/D","S/D","S/D","S/D","S/D","S/D","S/D","S/D"
2016,6099,9/14/2016,"Miercoles",0,12:00:00,,"0.0",2,"Automóvil,Bicicleta","Mitre B Y L Alem",3,2,0,0,1,0,0,,"Calle",,"VERA","Vera","Tierra","No existe","XIX","Dentro","Urbana","Ninguna","No existe","Intersección","Deteriorada","Buena","Diurna","Buen Tiempo","Lateral","Ciclista","Atropello","Ninguna","Faltante","Ninguna","Sin restricción"
2016,6100,9/28/2016,"Miercoles",0,16:35:00,,"0.0",2,"Moto/Ciclomotor,Automóvil","Urquiza Y Irigoyen",3,2,0,0,1,0,0,,"S/D",,"SAN LORENZO","San Lorenzo","Asfalto","S/D","XVII","S/D","Urbana","S/D","S/D","Intersección","S/D","S/D","S/D","S/D","S/D","S/D","S/D","S/D","S/D","S/D","S/D"
2016,6101,9/12/2016,"Lunes",0,19:00:00,,"0.0",1,"Moto/Ciclomotor","Sambarino ",1,0,1,0,0,0,0,,"Calle",,"VERA","Vera","Tierra","No existe","XIX","Dentro","Urbana","Ninguna","No existe","Recta","Deteriorada","Buena","Diurna","Buen Tiempo","Atropello animal","S/D","Colisión","S/D","S/D","Ninguna","Sin restricción"
2016,6102,9/9/2016,"Viernes",0,5:00:00,"Ruta Nacional 11","735.0",2,"Automóvil,Camión c / Acoplado"," ",2,1,0,0,1,0,0,,"Ruta",11,"VERA","Vera","Asfalto","Natural","XIX","Dentro","Rural","Ninguna","No existe","Recta","Bueno","Buena","Nocturna","Buen Tiempo","Frontal","S/D","Colisión","Ninguna","S/D","Ninguna","Sin restricción"
2016,6103,9/28/2016,"Miercoles",0,19:00:00,,"0.0",2,"Moto/Ciclomotor,Automóvil","BV INDEPENDENCIA Y MARCOS PAZ",3,2,0,0,1,0,0,"-33.172035, -61.072090","Calle",,"FUENTES","San Lorenzo","Asfalto","No existe","XVII","Dentro","Urbana","Ninguna","No existe","Intersección","Bueno","Buena","Atardecer","Buen Tiempo","Lateral","S/D","Colisión","Ninguna","Faltante","Ninguna","Sin restricción"
2016,6104,9/22/2016,"Jueves",0,14:00:00,,"0.0",2,"Automóvil,Moto/Ciclomotor","Dorrego Y Dr Ghio",2,1,0,0,1,0,0,,"S/D",,"SAN LORENZO","San Lorenzo","Asfalto","S/D","XVII","S/D","Urbana","S/D","S/D","Intersección","S/D","S/D","S/D","S/D","S/D","S/D","S/D","S/D","S/D","S/D","S/D"
2016,6105,9/17/2016,"Sabado",0,5:30:00,"Ruta Nacional 11","732.0",1,"Automóvil"," ",2,2,0,0,0,0,0,,"Ruta",11,"VERA","Vera","Asfalto","Natural","XIX","Dentro","Urbana","Ninguna","No existe","Recta","Bueno","Buena","Diurna","Buen Tiempo","S/D","S/D","Vuelco","S/D","Horizontal,Vertical","Ninguna","Sin restricción"