"anio_acci","nro_acci","fecha","desc_dia","fecha_aprox","hora_aprox","desc_ruta","km","cant_participantes","desc_participante","calle_avenida_km","total","heridos_leves","heridos_graves","heridos_gravisimos","ilesos","fallecidos","sin_datos","posicion_XY","desc_tipo_via","desc_ruta_ori","desc_loc","desc_dpto","desc_tipo_calzada","desc_tipo_banquina","desc_unidad_regional","desc_lugar_calzada","desc_zona","desc_prioridad","desc_estado_semaforo","desc_lugar_via","desc_estado_via","desc_estado_visibilidad","desc_luminosidad","desc_estado_clima","desc_tipo_colision","desc_tipo_atropello","desc_tipo_hecho","desc_pres_calzada","desc_senializacion","desc_separacion_via","desc_restriccion"
2016,6106,9/27/2016,"Martes",0,10:45:00,,"0.0",2,"Bicicleta,Camión Chasis","A Lezama Y Corrientes",2,0,1,0,1,0,0,,"Calle",,"VERA","Vera","Asfalto","No existe","XIX","Dentro","Urbana","Ninguna","Funciona","Intersección","Bueno","Buena","Diurna","Buen Tiempo","Lateral","Ciclista","Atropello","S/D","Faltante","Ninguna","Sin restricción"
2016,6107,9/20/2016,"Martes",0,10:20:00,,"0.0",2,"Pickup/Utilitario,Moto/Ciclomotor","Sargento Cabral Y Av San Martin",2,1,0,0,1,0,0,,"Calle",,"SAN LORENZO","San Lorenzo","S/D","S/D","XVII","S/D","Urbana","S/D","S/D","Intersección","S/D","S/D","S/D","S/D","S/D","S/D","S/D","S/D","S/D","S/D","S/D"
2016,6108,9/30/2016,"Viernes",0,20:30:00,,"0.0",2,"Moto/Ciclomotor,Automóvil","Peru 3032",2,1,0,0,1,0,0,,"S/D",,"SAN LORENZO","San Lorenzo","Asfalto","Pavimento","XVII","S/D","Urbana","Ninguna","No existe","Recta","Bueno","Reducida","Con luz artificial","Buen Tiempo","Lateral","S/D","Colisión","Ninguna","S/D","Ninguna","Sin restricción"
2016,6109,9/20/2016,"Martes",0,13:25:00,,"0.0",2,"Automóvil,Moto/Ciclomotor","Av San Martin Y Luna",3,2,0,0,1,0,0,,"Avenida",,"SAN LORENZO","San Lorenzo","Asfalto","Pavimento","XVII","Dentro","Urbana","Semáforo","Funciona","Intersección","Bueno","Buena","Diurna","Buen Tiempo","S/D","Ciclista","Atropello","Ninguna","Vertical","Ninguna","Sin restricción"
2016,6110,9/19/2016,"Lunes",0,13:50:00,,"0.0",2,"Automóvil,Bicicleta","Moreno Y General Lopez",2,1,0,0,1,0,0,,"Calle",,"SAN LORENZO","San Lorenzo","Asfalto","No existe","XVII","S/D","Urbana","Ninguna","No existe","Intersección","Bueno","Buena","Diurna","Buen Tiempo","Otro","S/D","Colisión","Ninguna","Vertical","Ninguna","Sin restricción"
2016,6111,9/3/2016,"Sabado",0,22:30:00,,"0.0",2,"Automóvil,Moto/Ciclomotor","General Lopez Y Luna",3,2,0,0,1,0,0,,"Calle",,"SAN LORENZO","San Lorenzo","Asfalto","No existe","XVII","S/D","Urbana","Ninguna","No existe","Intersección","Bueno","Buena","Con luz artificial","Buen Tiempo","Lateral","S/D","Colisión","Ninguna","Faltante","Ninguna","Sin restricción"
2016,6112,9/29/2016,"Jueves",0,11:45:00,"Ruta Nacional 34","0.0",2,"Camión c / Acoplado,Automóvil","RUTA N 34 Y  RN A012",2,1,0,0,1,0,0,,"Ruta",34,"RICARDONE","San Lorenzo","Hormigón","Ripio","XVII","S/D","Rural","Ninguna","No existe","Recta","Resbaladiza","Buena","Diurna","Lluvia","Otro","S/D","Colisión","Agua","Faltante","Ninguna","Sin restricción"
2016,6113,9/28/2016,"Miercoles",0,18:40:00,,"0.0",2,"Moto/Ciclomotor,Automóvil","AV SAN MARTIN  Y LISANDRO DE LA TORRE",2,1,0,0,1,0,0,,"Avenida",,"FRAY LUIS BELTRÁN","San Lorenzo","Asfalto","Ripio","XVII","Dentro","Urbana","Ninguna","No existe","Intersección","Bueno","Buena","Diurna","Buen Tiempo","Lateral","S/D","Colisión","Ninguna","Faltante","Ninguna","Sin restricción"
2016,6114,9/6/2016,"Martes",0,20:50:00,,"0.0",2,"Automóvil,Moto/Ciclomotor","Av San Martin 1000",2,1,0,0,1,0,0,,"S/D",,"FRAY LUIS BELTRÁN","San Lorenzo","Asfalto","Ripio","II","Fuera","Urbana","Ninguna","No existe","Recta","Bueno","Buena","Nocturna","Otro","Frontal","S/D","Colisión","Ninguna","Faltante","Ninguna","Sin restricción"
2016,6115,9/1/2016,"Jueves",0,21:10:00,,"0.0",2,"Automóvil,Bicicleta","Guayaquil Y Mitre",2,1,0,0,1,0,0,,"Calle",,"FRAY LUIS BELTRÁN","San Lorenzo","Asfalto","No existe","XVII","Dentro","Urbana","Ninguna","No existe","Intersección","Bueno","Reducida","Nocturna","Buen Tiempo","S/D","Ciclista","Atropello","Ninguna","Faltante","Ninguna","Sin restricción"
2016,6116,9/19/2016,"Lunes",0,15:00:00,,"0.0",2,"Camión c / Acoplado,Moto/Ciclomotor","America Y Pte Hipolito Irigoyen",2,1,0,0,1,0,0,,"Calle",,"PUERTO SAN MARTÍN","San Lorenzo","Asfalto","Natural","XVII","Dentro","Rural","Ninguna","No existe","Intersección","Ahuellamiento","Buena","Diurna","Buen Tiempo","Lateral","S/D","Colisión","Otro","Horizontal","Ninguna","Sin restricción"
2016,6117,9/2/2016,"Viernes",0,,,"0.0",2,"Automóvil,Moto/Ciclomotor"," ",2,0,0,0,0,0,2,,"S/D",,"CAPITÁN BERMÚDEZ","San Lorenzo","S/D","S/D","XVII","S/D","S/D","S/D","S/D","S/D","S/D","S/D","S/D","S/D","S/D","S/D","S/D","S/D","S/D","S/D","S/D"
2016,6118,9/2/2016,"Viernes",0,,,"0.0",2,"Otros,Otros"," ",2,0,0,0,0,0,2,,"S/D",,"CAPITÁN BERMÚDEZ","San Lorenzo","S/D","S/D","XVII","S/D","S/D","S/D","S/D","S/D","S/D","S/D","S/D","S/D","S/D","S/D","S/D","S/D","S/D","S/D","S/D"
2016,6119,9/7/2016,"Miercoles",0,,,"0.0",2,"Automóvil,Automóvil"," ",2,0,0,0,0,0,2,,"S/D",,"CAPITÁN BERMÚDEZ","San Lorenzo","Asfalto","Pavimento","XVII","S/D","S/D","S/D","Funciona","Intersección","Bueno","S/D","S/D","S/D","S/D","S/D","Colisión","S/D","S/D","Cordón divisorio","S/D"
2016,6120,9/10/2016,"Sabado",0,,,"0.0",1,"Otros","Malvinas Argentinas Y Cabildo",1,0,0,0,0,0,1,,"S/D",,"CAPITÁN BERMÚDEZ","San Lorenzo","Asfalto","Pavimento","XVII","S/D","S/D","S/D","S/D","Intersección","Bueno","S/D","S/D","S/D","S/D","S/D","S/D","S/D","S/D","S/D","S/D"
2016,6121,9/9/2016,"Viernes",0,,,"0.0",2,"Otros,Otros","2 de Abril Y Juan de Garay",2,0,0,0,0,0,2,,"S/D",,"CAPITÁN BERMÚDEZ","San Lorenzo","Asfalto","Pavimento","XVII","S/D","S/D","S/D","S/D","Intersección","Bueno","S/D","S/D","S/D","S/D","S/D","S/D","S/D","S/D","S/D","S/D"
2016,6122,9/22/2016,"Jueves",0,,,"0.0",1,"Otros","Rosario Y Santa fe",2,0,0,0,0,0,2,,"S/D",,"CAPITÁN BERMÚDEZ","San Lorenzo","S/D","S/D","XVII","S/D","Urbana","S/D","S/D","S/D","S/D","S/D","S/D","S/D","S/D","S/D","S/D","S/D","S/D","S/D","S/D"
2016,6123,9/19/2016,"Lunes",0,,,"0.0",2,"Automóvil,Moto/Ciclomotor","Av San Lorenzo Y San Roque",2,0,0,0,0,0,2,,"S/D",,"CAPITÁN BERMÚDEZ","San Lorenzo","Asfalto","Pavimento","XVII","S/D","S/D","S/D","S/D","Intersección","Bueno","S/D","S/D","S/D","S/D","S/D","S/D","S/D","S/D","S/D","S/D"
2016,6124,9/23/2016,"Viernes",0,,,"0.0",2,"Automóvil,Transporte de Pasajeros","Maipu 393",2,0,0,0,0,0,2,,"S/D",,"CAPITÁN BERMÚDEZ","San Lorenzo","S/D","S/D","XVII","S/D","S/D","S/D","S/D","S/D","S/D","S/D","S/D","S/D","S/D","S/D","S/D","S/D","S/D","S/D","S/D"
2016,6125,9/26/2016,"Lunes",0,,,"0.0",2,"Automóvil,Pickup/Utilitario","Colon Y Urquiza",3,0,0,0,0,0,3,,"S/D",,"CAPITÁN BERMÚDEZ","San Lorenzo","Asfalto","Pavimento","XVII","S/D","S/D","S/D","S/D","Intersección","Bueno","S/D","S/D","S/D","S/D","S/D","S/D","S/D","S/D","S/D","S/D"
2016,6126,5/16/2016,"Lunes",0,20:55:00,,"0.0",2,"Moto/Ciclomotor,Moto/Ciclomotor","Calle 120 Y Calle 115",2,1,0,0,1,0,0,,"Calle",,"AVELLANEDA","General Obligado","S/D","S/D","IX","Dentro","Urbana","S/D","S/D","S/D","S/D","S/D","Nocturna","S/D","De alcance","S/D","Colisión","S/D","S/D","S/D","S/D"
2016,6127,5/16/2016,"Lunes",0,20:30:00,"Ruta Nacional 11","0.0",2,"Moto/Ciclomotor,Moto/Ciclomotor","Calle 33-Pueyrredon ",2,2,0,0,0,0,0,,"Ruta",11,"RECONQUISTA","General Obligado","S/D","S/D","IX","Dentro","Urbana","S/D","S/D","S/D","S/D","S/D","Nocturna","S/D","S/D","S/D","Colisión","S/D","S/D","S/D","S/D"
2016,6128,5/16/2016,"Lunes",0,18:30:00,"Ruta Provincial 40","0.0",1,"Moto/Ciclomotor","Calle 62 ",3,3,0,0,0,0,0,,"Ruta",40,"RECONQUISTA","General Obligado","S/D","S/D","IX","Dentro","Urbana","S/D","S/D","S/D","S/D","Buena","Diurna","S/D","Atropello animal","S/D","Colisión","S/D","S/D","S/D","S/D"
2016,6129,5/16/2016,"Lunes",0,14:45:00,,"0.0",2,"Moto/Ciclomotor,Automóvil","Calle 8-Chacabuco Y Calle 13-Iturraspe",2,1,0,0,1,0,0,,"Calle",,"RECONQUISTA","General Obligado","S/D","S/D","IX","Dentro","Urbana","S/D","S/D","S/D","S/D","S/D","Diurna","S/D","S/D","S/D","Colisión","S/D","S/D","S/D","S/D"
2016,6130,5/17/2016,"Martes",0,,,"0.0",2,"Moto/Ciclomotor,Automóvil","Arenales Y Almafuerte",2,1,0,0,1,0,0,,"Calle",,"RAFAELA","Castellanos","S/D","S/D","V","Dentro","Urbana","S/D","S/D","S/D","S/D","S/D","Diurna","S/D","S/D","S/D","Colisión","S/D","S/D","S/D","S/D"
2016,6131,5/17/2016,"Martes",0,,,"0.0",2,"Peatón,Pickup/Utilitario","Bv G L Lhemann ",2,1,0,0,1,0,0,,"Calle",,"RAFAELA","Castellanos","S/D","S/D","V","Dentro","Urbana","S/D","S/D","S/D","S/D","S/D","Diurna","S/D","S/D","Peatón","Atropello","S/D","S/D","S/D","S/D"
2016,6132,5/18/2016,"Miercoles",0,21:50:00,"Ruta Nacional 11","0.0",2,"Moto/Ciclomotor,Automóvil","Calle 1 - Independencia ",2,0,1,0,1,0,0,,"Ruta",11,"RECONQUISTA","General Obligado","S/D","S/D","IX","Dentro","Urbana","Semáforo","Funciona","S/D","S/D","S/D","Diurna","S/D","Lateral","S/D","Colisión","S/D","S/D","S/D","S/D"
2016,6133,5/18/2016,"Miercoles",0,,,"0.0",1,"Automóvil","J J Paso Y Av Urquiza",2,1,0,0,1,0,0,,"Calle",,"SANTA FE","La Capital","S/D","S/D","I","Dentro","Urbana","S/D","S/D","S/D","S/D","S/D","Nocturna","S/D","Contra objeto fijo","S/D","Colisión","S/D","S/D","S/D","S/D"
2016,6134,5/19/2016,"Jueves",0,,,"0.0",2,"Automóvil,Moto/Ciclomotor","Parana Y Bernardo de Irigoyen",2,1,0,0,1,0,0,,"Calle",,"RAFAELA","Castellanos","S/D","S/D","V","Dentro","Urbana","S/D","S/D","S/D","S/D","S/D","Diurna","S/D","S/D","S/D","Colisión","S/D","S/D","S/D","S/D"
2016,6135,5/21/2016,"Sabado",0,10:20:00,,"0.0",1,"Moto/Ciclomotor","Laprida Y Liniers Santiago",1,1,0,0,0,0,0,,"Calle",,"VENADO TUERTO","General López","S/D","S/D","VIII","Dentro","Urbana","S/D","S/D","S/D","S/D","S/D","Diurna","S/D","S/D","S/D","Caída ocupante","S/D","S/D","S/D","S/D"
2016,6136,5/22/2016,"Domingo",0,6:30:00,"Ruta Nacional 11","0.0",2,"Moto/Ciclomotor,Automóvil","Calle 47-Islas Malvinas ",3,2,0,0,1,0,0,,"Ruta",11,"RECONQUISTA","General Obligado","S/D","S/D","IX","Dentro","Urbana","S/D","S/D","S/D","S/D","S/D","Diurna","S/D","S/D","S/D","Colisión","S/D","S/D","S/D","S/D"
2016,6137,5/21/2016,"Sabado",0,14:50:00,,"0.0",2,"Moto/Ciclomotor,Automóvil","Calle 31-Newbery Y Calle 16 Gral Obligado",4,3,0,0,1,0,0,,"Calle",,"RECONQUISTA","General Obligado","S/D","S/D","IX","Dentro","Urbana","S/D","S/D","S/D","S/D","S/D","Diurna","S/D","S/D","S/D","Colisión","S/D","S/D","S/D","S/D"
2016,6138,5/21/2016,"Sabado",0,6:50:00,,"0.0",1,"Moto/Ciclomotor","Calle 19-Habegger 1361",2,2,0,0,0,0,0,,"Calle",,"RECONQUISTA","General Obligado","S/D","S/D","IX","Dentro","Urbana","S/D","S/D","S/D","S/D","S/D","Amanecer","S/D","Contra objeto fijo","S/D","Colisión","S/D","S/D","S/D","S/D"
2016,6139,5/20/2016,"Viernes",0,7:50:00,,"0.0",2,"Moto/Ciclomotor,Pickup/Utilitario","Calle 8 Y Calle 27",3,2,0,0,1,0,0,,"Calle",,"LAS TOSCAS","General Obligado","S/D","S/D","IX","Dentro","Urbana","S/D","S/D","S/D","S/D","S/D","Diurna","S/D","S/D","S/D","Colisión","S/D","S/D","S/D","S/D"
2016,6140,5/20/2016,"Viernes",0,18:00:00,,"0.0",1,"Moto/Ciclomotor","Santa Fe ",1,1,0,0,0,0,0,,"Calle",,"VILLA OCAMPO","General Obligado","S/D","S/D","IX","Dentro","Urbana","S/D","S/D","S/D","S/D","S/D","Diurna","S/D","Atropello animal","S/D","Colisión","S/D","S/D","S/D","S/D"
2016,6141,5/22/2016,"Domingo",0,12:20:00,,"0.0",2,"Moto/Ciclomotor,Automóvil","Martin de Pueyrredon Y Santa Fe",2,1,0,0,1,0,0,,"Calle",,"VENADO TUERTO","General López","S/D","S/D","VIII","Dentro","Urbana","S/D","S/D","S/D","S/D","S/D","Diurna","S/D","S/D","S/D","Colisión","S/D","S/D","S/D","S/D"
2016,6142,5/22/2016,"Domingo",0,13:25:00,,"0.0",2,"Automóvil,Moto/Ciclomotor","Av Estrugamou Y Martin de Pueyrredon",2,1,0,0,1,0,0,,"Calle",,"VENADO TUERTO","General López","S/D","S/D","VIII","Dentro","Urbana","S/D","S/D","S/D","S/D","S/D","Diurna","S/D","S/D","S/D","Colisión","S/D","S/D","S/D","S/D"
2016,6143,5/24/2016,"Martes",0,8:05:00,,"0.0",2,"Bicicleta,Automóvil","Alberdi Juan Bautista Y Ituzaingo",2,1,0,0,1,0,0,,"Calle",,"VENADO TUERTO","General López","S/D","S/D","VIII","Dentro","Urbana","S/D","S/D","S/D","S/D","S/D","Diurna","S/D","S/D","Ciclista","Atropello","S/D","S/D","S/D","S/D"
2016,6144,5/26/2016,"Jueves",0,2:15:00,,"0.0",1,"Automóvil","3 de Febrero Y Domingo Faustino Sarmiento",1,1,0,0,0,0,0,,"Calle",,"VENADO TUERTO","General López","S/D","S/D","VIII","Dentro","Urbana","S/D","S/D","S/D","S/D","S/D","Nocturna","S/D","Contra objeto fijo","S/D","Colisión","S/D","S/D","S/D","S/D"
2016,6145,5/26/2016,"Jueves",0,,,"0.0",2,"Automóvil,Automóvil","Av. Corrientes Y Gaboto",2,2,0,0,0,0,0,,"Calle",,"ROSARIO","Rosario","S/D","S/D","II","Dentro","Urbana","Señal Pare","S/D","Intersección","S/D","S/D","S/D","S/D","S/D","S/D","Colisión","S/D","S/D","S/D","S/D"
2016,6146,5/26/2016,"Jueves",0,,"Ruta Provincial Brigadier E.López","19.0",1,"Automóvil"," ",1,1,0,0,0,0,0,,"Ruta","Brigadier E.López","SAN LORENZO","San Lorenzo","S/D","S/D","XVII","Dentro","Urbana","S/D","S/D","S/D","S/D","S/D","Diurna","S/D","Contra objeto fijo","S/D","Colisión","S/D","S/D","S/D","S/D"
2016,6147,5/26/2016,"Jueves",0,,,"0.0",1,"Pickup/Utilitario"," ",2,2,0,0,0,0,0,,"Calle",,"PARAJE LA SELVA","General Obligado","Ripio","S/D","IX","Dentro","Rural","S/D","S/D","S/D","S/D","S/D","S/D","S/D","S/D","S/D","Vuelco","S/D","S/D","S/D","S/D"
2016,6148,5/28/2016,"Sabado",0,,"Ruta Provincial 70","0.0",2,"Moto/Ciclomotor,Automóvil","M Quiros ",2,1,0,0,1,0,0,,"Ruta",70,"RAFAELA","Castellanos","S/D","S/D","V","Dentro","Urbana","S/D","S/D","S/D","S/D","S/D","S/D","S/D","S/D","S/D","Colisión","S/D","S/D","S/D","S/D"
2016,6149,5/30/2016,"Lunes",0,,,"0.0",2,"Camión c / Acoplado,Camión c / Acoplado","Av. Uriburu Y Av. De Las Palmeras",2,2,0,0,0,0,0,,"Calle",,"ROSARIO","Rosario","S/D","S/D","II","Dentro","Urbana","S/D","S/D","S/D","S/D","S/D","S/D","S/D","Frontal","S/D","Colisión","S/D","S/D","S/D","S/D"
2016,6150,5/28/2016,"Sabado",0,2:00:00,"Ruta Provincial 70","0.0",2,"Moto/Ciclomotor,Peatón","Bv Santa Fe 400",3,1,0,0,2,0,0,,"Ruta",70,"RAFAELA","Castellanos","S/D","S/D","V","Dentro","Urbana","S/D","S/D","S/D","S/D","S/D","Nocturna","S/D","S/D","Peatón","Atropello","S/D","S/D","S/D","S/D"
2016,6151,5/29/2016,"Domingo",0,1:45:00,,"0.0",2,"Moto/Ciclomotor,Automóvil","Calle 12 Y Calle 7",3,2,0,0,1,0,0,,"Calle",,"AVELLANEDA","General Obligado","S/D","S/D","IX","Dentro","Urbana","S/D","S/D","S/D","S/D","S/D","Nocturna","S/D","S/D","S/D","Colisión","S/D","S/D","S/D","S/D"
2016,6152,5/31/2016,"Martes",0,10:00:00,"Ruta Nacional 34","0.0",2,"Automóvil,Automóvil","Hipolito Vieytes ",6,1,0,0,5,0,0,,"Ruta",34,"RAFAELA","Castellanos","S/D","S/D","VIII","Dentro","Urbana","Semáforo","Funciona","S/D","S/D","S/D","Diurna","S/D","S/D","S/D","Colisión","S/D","S/D","S/D","S/D"
2016,6153,5/30/2016,"Lunes",0,22:20:00,"Ruta Nacional 11","0.0",2,"Pickup/Utilitario,Bicicleta"," ",3,2,0,0,1,0,0,,"Ruta",11,"RECONQUISTA","General Obligado","S/D","S/D","IX","Dentro","Urbana","S/D","S/D","S/D","S/D","S/D","S/D","S/D","S/D","Ciclista","Atropello","S/D","S/D","S/D","S/D"
2016,6154,9/15/2016,"Jueves",0,9:40:00,,"0.0",2,"Bicicleta,Automóvil","Bv. Wilde Y San Lorenzo",2,1,0,0,1,0,0,,"Calle",,"ROSARIO","Rosario","Asfalto","Pavimento","II","Dentro","Urbana","Ninguna","No existe","Recta","Bueno","Buena","Diurna","Buen Tiempo","S/D","Ciclista","Atropello","S/D","Faltante","S/D","Sin restricción"
2016,6155,9/17/2016,"Sabado",0,23:00:00,,"0.0",2,"Automóvil,Moto/Ciclomotor","Nicaragua Y Mendoza",2,2,0,0,0,0,0,,"Calle",,"ROSARIO","Rosario","Asfalto","Pavimento","II","Dentro","Urbana","Ninguna","No existe","Recta","S/D","Buena","Nocturna","Buen Tiempo","Lateral","S/D","Colisión","S/D","Faltante","S/D","Sin restricción"
2016,6156,9/19/2016,"Lunes",0,10:00:00,,"0.0",2,"Automóvil,Moto/Ciclomotor","Brasil Y Cerrito",2,1,0,0,1,0,0,,"Calle",,"ROSARIO","Rosario","Asfalto","Natural","II","Dentro","Urbana","Ninguna","No existe","S/D","Bueno","Buena","Diurna","Buen Tiempo","Frontal","S/D","Colisión","S/D","Faltante","S/D","Sin restricción"
2016,6157,9/21/2016,"Miercoles",0,7:30:00,,"0.0",2,"Moto/Ciclomotor,Otros","Av. Pellegrini Y Av. Circunvalacion",2,0,0,0,0,0,2,,"Calle",,"ROSARIO","Rosario","Asfalto","S/D","II","Dentro","Urbana","S/D","No existe","S/D","Bueno","Buena","Diurna","S/D","S/D","S/D","Colisión","Agua","Faltante","S/D","Sin restricción"
2016,6158,9/13/2016,"Martes",0,,"Ruta Nacional 9","0.0",2,"Automóvil,Moto/Ciclomotor","Suipacha ",3,2,0,0,1,0,0,,"Ruta",9,"FUNES","Rosario","Asfalto","Natural","II","Dentro","Urbana","Ninguna","No existe","Recta","Bueno","Buena","Diurna","Buen Tiempo","S/D","S/D","Colisión","S/D","Horizontal","Ninguna","Sin restricción"
2016,6159,9/7/2016,"Miercoles",0,10:30:00,,"0.0",2,"Automóvil,Peatón","Santa Fe Y Elorza",2,1,0,0,1,0,0,,"Calle",,"FUNES","Rosario","Asfalto","No existe","II","Dentro","Urbana","Ninguna","No existe","Intersección","Bueno","Buena","Diurna","Buen Tiempo","Lateral","Peatón","Atropello","S/D","Faltante","S/D","Sin restricción"
2016,6160,9/9/2016,"Viernes",0,,"Ruta Nacional 9","0.0",2,"Automóvil,Moto/Ciclomotor","Echeverria ",2,0,1,0,1,0,0,,"Ruta",9,"FUNES","Rosario","S/D","S/D","II","Dentro","Urbana","S/D","S/D","Recta","S/D","Buena","Nocturna","S/D","Frontal","S/D","Colisión","S/D","S/D","Ninguna","Sin restricción"
2016,6161,9/3/2016,"Sabado",0,9:10:00,"Ruta Secundaria 34-s","0.0",2,"Moto/Ciclomotor,Automóvil"," ",2,1,0,0,1,0,0,,"Ruta","34-s","FUNES","Rosario","Asfalto","Ripio","II","Dentro","Urbana","Marca Vial","No existe","Puente","S/D","Buena","Diurna","Buen Tiempo","Lateral","S/D","Colisión","S/D","Horizontal","Ninguna","Sin restricción"
2016,6162,9/13/2016,"Martes",0,18:30:00,,"0.0",2,"Automóvil,Automóvil","Galindo ",2,2,0,0,0,0,0,,"Calle",,"FUNES","Rosario","Asfalto","Natural","II","Dentro","Urbana","Ninguna","No existe","Recta","Bueno","Buena","Atardecer","Buen Tiempo","De alcance","S/D","Colisión","S/D","Faltante","Ninguna","Sin restricción"
2016,6163,7/25/2016,"Lunes",0,2:30:00,"Ruta Nacional 9","0.0",2,"Automóvil,Automóvil","Mitre ",2,1,0,0,1,0,0,,"Ruta",9,"FUNES","Rosario","Asfalto","Pavimento","II","Dentro","Urbana","Policía de tránsito","Funciona","Recta","Bueno","Buena","Nocturna","Buen Tiempo","De alcance","S/D","Colisión","S/D","S/D","Ninguna","Sin restricción"
2016,6164,9/1/2016,"Jueves",0,13:30:00,,"0.0",2,"Moto/Ciclomotor,Transporte de Pasajeros Urbano (> 8 asientos)","Tarragona Y Ayala Gauna",2,1,0,0,1,0,0,,"Calle",,"ROSARIO","Rosario","Asfalto","S/D","II","Dentro","Urbana","S/D","S/D","Intersección","S/D","S/D","Diurna","S/D","S/D","S/D","Colisión","S/D","S/D","S/D","S/D"
2016,6165,9/20/2016,"Martes",0,12:00:00,,"0.0",2,"Moto/Ciclomotor,Automóvil","Av. Circunvalacion 1900",3,2,0,0,1,0,0,,"Calle",,"ROSARIO","Rosario","Asfalto","S/D","II","Dentro","Urbana","S/D","S/D","Recta","S/D","S/D","Diurna","S/D","S/D","S/D","Colisión","S/D","S/D","S/D","S/D"
2016,6166,9/23/2016,"Viernes",0,23:25:00,,"0.0",2,"Moto/Ciclomotor,Automóvil","Sanchez de Loria Y Schweitzer",3,2,0,0,1,0,0,,"Calle",,"ROSARIO","Rosario","Asfalto","S/D","II","Dentro","Urbana","S/D","S/D","Intersección","S/D","Buena","Nocturna","S/D","S/D","S/D","Colisión","S/D","S/D","S/D","S/D"
2016,6167,9/27/2016,"Martes",0,8:30:00,,"0.0",2,"Moto/Ciclomotor,Automóvil","Av. Jorge Newbery Y Gonzalez del Solar",2,1,0,0,1,0,0,,"Calle",,"ROSARIO","Rosario","S/D","S/D","II","Dentro","Urbana","S/D","S/D","Intersección","S/D","S/D","Diurna","S/D","S/D","S/D","Colisión","S/D","S/D","S/D","S/D"
2016,6168,10/30/2016,"Domingo",0,17:00:00,"Ruta Provincial 66","50.0",2,"Camión,Automóvil","2 KM AL OESTE DE LA LOCALIDAD ",2,0,0,0,1,1,0,"-32.056925042416,-61.637257573341","Ruta",66,"CAÑADA ROSQUÍN","San Martín","Asfalto","Natural","XVIII","Dentro","Rural","Ninguna","No existe","Recta","Bueno","Buena","Diurna","Buen Tiempo","Frontal","S/D","Colisión","Ninguna","Horizontal","Ninguna","Sin restricción"
2016,6169,10/6/2016,"Jueves",0,6:50:00,"Ruta Nacional 34","117.0",2,"Camión,Pickup/Utilitario"," ",2,0,0,0,0,2,0,"-32.140118, -61.534794","Ruta",34,"CASAS","San Martín","Asfalto","Natural","XVIII","Dentro","Rural","Ninguna","No existe","Recta","Bueno","Buena","Diurna","Buen Tiempo","Frontal","S/D","Colisión","Ninguna","S/D","Línea divisoria pintada","Sin restricción"
2016,6170,10/19/2016,"Miercoles",0,6:30:00,"Ruta Provincial 21","4.9",3,"Automóvil,Automóvil,Pickup/Utilitario","San Martín ",9,7,0,1,0,1,0,"-33.051012, -60.603211","Ruta",21,"ALVEAR","Rosario","Asfalto","Natural","II","S/D","Urbana","S/D","No existe","Recta","Bueno","Reducida","Amanecer","Lluvia","Múltiple","S/D","Colisión","Agua","Vertical","Línea divisoria pintada","S/D"
2016,6171,6/3/2016,"Viernes",0,14:15:00,,"0.0",2,"Peatón,Pickup/Utilitario","Av. Ovidio Lagos 170",2,1,0,0,1,0,0,,"Calle",,"ROSARIO","Rosario","S/D","S/D","II","Dentro","Urbana","S/D","S/D","S/D","S/D","S/D","Diurna","S/D","S/D","Peatón","Atropello","S/D","S/D","S/D","S/D"
2016,6172,9/10/2016,"Sabado",0,,,"0.0",1,"Automóvil","Blomberg Y Av. Circunvalacion",2,2,0,0,0,0,0,,"Calle",,"ROSARIO","Rosario","Asfalto","Ripio","II","S/D","Urbana","Ninguna","No existe","Recta","Bueno","Buena","Nocturna","Buen Tiempo","Contra objeto fijo","S/D","Colisión","Ninguna","Faltante","Guardarrail","Sin restricción"
2016,6173,9/10/2016,"Sabado",0,16:30:00,,"0.0",2,"Pickup/Utilitario,Moto/Ciclomotor","Pavon Y Centenario",3,2,0,0,1,0,0,,"Calle",,"ROSARIO","Rosario","Asfalto","No existe","II","Dentro","Urbana","Ninguna","S/D","Intersección","Bueno","S/D","Diurna","Buen Tiempo","S/D","S/D","Colisión","S/D","S/D","Ninguna","Sin restricción"
2016,6174,9/23/2016,"Viernes",0,17:00:00,,"0.0",2,"Peatón,Automóvil","Pje. Pedro Depaoli 3500",2,1,0,0,1,0,0,,"Calle",,"ROSARIO","Rosario","Tierra","No existe","II","Dentro","Urbana","Ninguna","S/D","Recta","Deteriorada","Buena","Diurna","Buen Tiempo","S/D","S/D","Atropello","Ninguna","Faltante","Ninguna","Sin restricción"
2016,6175,9/9/2016,"Viernes",0,14:30:00,,"0.0",2,"Moto/Ciclomotor,Automóvil","Av. Uriburu Y Ayacucho",3,1,1,0,1,0,0,,"Calle",,"ROSARIO","Rosario","Asfalto","No existe","II","Dentro","Urbana","Semáforo","Funciona","Intersección","S/D","Buena","Diurna","S/D","Lateral","S/D","Colisión","S/D","S/D","Cordón divisorio","Sin restricción"
2016,6176,9/15/2016,"Jueves",0,22:30:00,,"0.0",1,"Moto/Ciclomotor","Manuel Garcia Y Baigorria",1,1,0,0,0,0,0,,"Calle",,"ROSARIO","Rosario","Asfalto","No existe","II","Dentro","Urbana","Ninguna","No existe","Intersección","Bueno","Reducida","Nocturna","Buen Tiempo","S/D","S/D","Colisión","S/D","Faltante","Cordón divisorio","Sin restricción"
2016,6177,9/9/2016,"Viernes",0,7:30:00,,"0.0",2,"Automóvil,Bicicleta","Av. Arijon Y Alvear",2,1,0,0,1,0,0,,"Calle",,"ROSARIO","Rosario","Asfalto","No existe","II","Dentro","Urbana","Ninguna","No existe","Intersección","S/D","Buena","Diurna","S/D","Lateral","Ciclista","Atropello","Agua","S/D","Ninguna","S/D"
2016,6178,9/16/2016,"Viernes",0,19:30:00,,"0.0",2,"Moto/Ciclomotor,Automóvil","Buenos Aires Y Dean Funes",2,1,0,0,1,0,0,,"S/D",,"ROSARIO","Rosario","Asfalto","No existe","II","S/D","S/D","Señal Pare","No existe","Intersección","Bueno","Buena","Nocturna,Con luz artificial","Buen Tiempo","Lateral","S/D","Colisión","Ninguna","Vertical","Ninguna","Sin restricción"