"anio_acci","nro_acci","fecha","desc_dia","fecha_aprox","hora_aprox","desc_ruta","km","cant_participantes","desc_participante","calle_avenida_km","total","heridos_leves","heridos_graves","heridos_gravisimos","ilesos","fallecidos","sin_datos","posicion_XY","desc_tipo_via","desc_ruta_ori","desc_loc","desc_dpto","desc_tipo_calzada","desc_tipo_banquina","desc_unidad_regional","desc_lugar_calzada","desc_zona","desc_prioridad","desc_estado_semaforo","desc_lugar_via","desc_estado_via","desc_estado_visibilidad","desc_luminosidad","desc_estado_clima","desc_tipo_colision","desc_tipo_atropello","desc_tipo_hecho","desc_pres_calzada","desc_senializacion","desc_separacion_via","desc_restriccion"
2016,6179,9/10/2016,"Sabado",0,15:10:00,,"0.0",2,"Automóvil,Automóvil","Av. Casiano Casas 2200",3,1,0,0,2,0,0,,"Avenida",,"ROSARIO","Rosario","Asfalto","No existe","II","Dentro","Urbana","Ninguna","No existe","Recta","Bueno","Buena","Diurna","Buen Tiempo","S/D","S/D","Colisión","S/D","Faltante","S/D","Sin restricción"
2016,6180,9/10/2016,"Sabado",0,19:30:00,,"0.0",2,"Moto/Ciclomotor,Automóvil","Ayacucho Y Av. Battle y Ordoñez",4,3,0,0,1,0,0,,"Calle",,"ROSARIO","Rosario","Asfalto","No existe","II","Dentro","Urbana","Semáforo","S/D","Intersección","Bueno","S/D","Diurna","S/D","Lateral","S/D","Colisión","S/D","Faltante","Línea divisoria pintada","Sin restricción"
2016,6181,9/18/2016,"Domingo",0,22:05:00,,"0.0",2,"Peatón,Automóvil","Dr.Rivas Y Ayacucho",2,0,0,0,1,1,0,"-32.985416666667,-60.636138888889","Calle",,"ROSARIO","Rosario","Asfalto","No existe","II","Dentro","Urbana","Ninguna","No existe","Intersección","Bueno","Buena","Nocturna,Con luz artificial","Buen Tiempo","S/D","S/D","Atropello","Ninguna","Faltante","Ninguna","Sin restricción"
2016,6182,9/14/2016,"Miercoles",0,18:00:00,,"0.0",2,"Moto/Ciclomotor,Automóvil","Leiva Y 20 de Junio",3,2,0,0,1,0,0,,"Calle",,"ROSARIO","Rosario","Asfalto","No existe","II","Dentro","Urbana","S/D","No existe","Intersección","Bueno","Buena","Atardecer","S/D","Lateral","S/D","Colisión","S/D","S/D","Ninguna","Sin restricción"
2016,6183,9/13/2016,"Martes",0,17:40:00,,"0.0",2,"Moto/Ciclomotor,Automóvil","Maipu Y Gaboto",2,1,0,0,1,0,0,,"Calle",,"ROSARIO","Rosario","Asfalto","No existe","II","Dentro","Urbana","Ninguna","No existe","Intersección","Bueno","Buena","Diurna","Buen Tiempo","Lateral","S/D","Colisión","Ninguna","Faltante","Ninguna","Sin restricción"
2016,6184,9/19/2016,"Lunes",0,4:00:00,"Ruta Secundaria 20-s","0.0",1,"Automóvil"," ",2,1,0,0,1,0,0,,"Ruta","20-s","PIÑERO","Rosario","Asfalto","Ripio","II","S/D","Urbana","S/D","No existe","Intersección","Con baches","Buena","Con luz artificial","Buen Tiempo","S/D","S/D","Despiste","Ninguna","S/D","Línea divisoria pintada","Sin restricción"
2016,6185,9/16/2016,"Viernes",0,,,"0.0",2,"Moto/Ciclomotor,Automóvil","Ayacucho Y Av. Ntra.Sra.del Rosario",3,2,0,0,1,0,0,,"Calle",,"ROSARIO","Rosario","Asfalto","No existe","II","Dentro","Urbana","Semáforo","Funciona","Intersección","Bueno","Buena","Diurna","S/D","S/D","S/D","Colisión","S/D","S/D","Línea divisoria pintada","Sin restricción"
2016,6186,9/28/2016,"Miercoles",0,8:15:00,"Ruta Provincial 18","5.0",2,"Moto/Ciclomotor,Automóvil"," ",2,1,0,0,0,0,1,,"Ruta",18,"ROSARIO","Rosario","Asfalto","Ripio","II","S/D","S/D","Marca Vial","No existe","Recta","Bueno","Buena","Amanecer","Buen Tiempo","Lateral","S/D","Colisión","Ninguna","Horizontal","Línea divisoria pintada","Sin restricción"
2016,6187,9/10/2016,"Sabado",0,19:30:00,,"0.0",2,"Taxi/Remis,Automóvil","L.N.Alem Y Amenabar",4,3,0,0,1,0,0,,"Calle",,"ROSARIO","Rosario","Asfalto","No existe","II","Dentro","Urbana","Ninguna","No existe","Intersección","Bueno","Buena","Nocturna,Con luz artificial","Buen Tiempo","Lateral","S/D","Colisión","Ninguna","Faltante","Ninguna","Sin restricción"
2016,6188,9/11/2016,"Domingo",0,9:10:00,,"0.0",2,"Automóvil,Automóvil","Av. Battle y Ordoñez Y Buenos Aires",2,1,0,0,1,0,0,,"Calle",,"ROSARIO","Rosario","Asfalto","S/D","II","Dentro","Urbana","Ninguna","No existe","Intersección","Bueno","Buena","Diurna","Otro","S/D","S/D","Colisión","Ninguna","Horizontal","Línea divisoria pintada","Sin restricción"
2016,6189,9/19/2016,"Lunes",0,8:35:00,,"0.0",2,"Automóvil,Moto/Ciclomotor","Av. Battle y Ordoñez Y Paraguay",2,1,0,0,1,0,0,,"Avenida",,"ROSARIO","Rosario","Asfalto","No existe","II","Dentro","Urbana","Señal Pare","No existe","Intersección","Bueno","Buena","Diurna","S/D","Lateral","S/D","Colisión","Ninguna","Horizontal","Cordón divisorio","Sin restricción"
2016,6190,9/1/2016,"Jueves",0,8:30:00,,"0.0",2,"Automóvil,Moto/Ciclomotor","Bv. 27 De Febrero ",3,2,0,0,1,0,0,,"Calle",,"ROSARIO","Rosario","Asfalto","No existe","II","Dentro","Urbana","Ninguna","No existe","Intersección","Bueno","Buena","Diurna","Buen Tiempo","S/D","S/D","Colisión","S/D","Faltante","S/D","Sin restricción"
2016,6191,9/3/2016,"Sabado",0,13:30:00,,"0.0",2,"Moto/Ciclomotor,Automóvil","Buenos Aires Y Ocampo",2,1,0,0,1,0,0,,"Calle",,"ROSARIO","Rosario","Asfalto","No existe","II","Dentro","Urbana","Señal Pare","No existe","Intersección","Bueno","Buena","Diurna","Buen Tiempo","S/D","S/D","Colisión","S/D","Vertical","S/D","S/D"
2016,6192,9/2/2016,"Viernes",0,20:00:00,,"0.0",2,"Moto/Ciclomotor,Automóvil","Mar Chiquita Y Av. Ovidio Lagos",2,1,0,0,1,0,0,,"S/D",,"ROSARIO","Rosario","Asfalto","Natural","II","Dentro","Urbana","Ninguna","No existe","Intersección","Bueno","Buena","Nocturna","Buen Tiempo","Lateral","S/D","Colisión","Ninguna","Faltante","Ninguna","Sin restricción"
2016,6193,9/25/2016,"Domingo",0,20:00:00,,"0.0",2,"Moto/Ciclomotor,Automóvil","Av. Ovidio Lagos 6600",3,1,0,0,2,0,0,,"Avenida",,"ROSARIO","Rosario","Asfalto","Pavimento","II","Dentro","Urbana","Ninguna","No existe","Recta","Bueno","Buena","Nocturna","Buen Tiempo","Lateral","S/D","Colisión","Ninguna","Faltante","Cordón divisorio","Sin restricción"
2016,6194,9/7/2016,"Miercoles",0,,,"0.0",2,"Bicicleta,Taxi/Remis","La Paz 600",2,1,0,0,1,0,0,,"Calle",,"ROSARIO","Rosario","Asfalto","No existe","II","Dentro","Urbana","Ninguna","No existe","Recta","Bueno","Buena","S/D","Buen Tiempo","S/D","Ciclista","Atropello","S/D","S/D","S/D","Obra en Construcción"
2016,6195,9/28/2016,"Miercoles",0,9:20:00,,"0.0",2,"Automóvil,Moto/Ciclomotor","Bv. Segui Y Sarmiento",2,1,0,0,1,0,0,,"Avenida",,"ROSARIO","Rosario","Asfalto","No existe","II","Dentro","Urbana","Ninguna","No existe","Intersección","Bueno","Buena","Diurna","Buen Tiempo","De alcance","S/D","Colisión","Ninguna","Faltante","Ninguna","Sin restricción"
2016,6196,9/9/2016,"Viernes",0,10:30:00,,"0.0",2,"Bicicleta,Automóvil","Pje. Turin Y Cazadores",2,1,0,0,1,0,0,,"Calle",,"ROSARIO","Rosario","Asfalto","No existe","II","Dentro","Urbana","Ninguna","No existe","Intersección","Bueno","Buena","Diurna","Buen Tiempo","Lateral","Ciclista","Atropello","Ninguna","Faltante","Ninguna","Sin restricción"
2016,6197,9/27/2016,"Martes",0,10:15:00,,"0.0",2,"Moto/Ciclomotor,Moto/Ciclomotor","Pte.Quintana Y Bv. Oroño",2,1,0,0,1,0,0,,"Calle",,"ROSARIO","Rosario","Asfalto","No existe","II","Dentro","Urbana","Semáforo","Funciona","Intersección","Bueno","Buena","Diurna","Buen Tiempo","De alcance","S/D","Colisión","Ninguna","Horizontal","Ninguna","Sin restricción"
2016,6198,9/24/2016,"Sabado",0,9:45:00,,"0.0",2,"Automóvil,Automóvil","Bv. Oroño Y Gaboto",2,1,0,0,1,0,0,,"Avenida",,"ROSARIO","Rosario","Asfalto","No existe","II","Dentro","Urbana","Semáforo","Funciona","Intersección","Bueno","Buena","Diurna","Buen Tiempo","De alcance","S/D","Colisión","Ninguna","Horizontal","Ninguna","Sin restricción"
2016,6199,9/9/2016,"Viernes",0,18:45:00,,"0.0",2,"Peatón,Pickup/Utilitario","Olegario V.Andrade 1800",2,1,0,0,1,0,0,,"Calle",,"ROSARIO","Rosario","Asfalto","No existe","II","Dentro","Urbana","Ninguna","No existe","Recta","Bueno","Buena","Atardecer","Buen Tiempo","S/D","S/D","Atropello","Ninguna","Faltante","Ninguna","Sin restricción"
2016,6200,9/7/2016,"Miercoles",0,13:55:00,,"0.0",2,"Automóvil,Moto/Ciclomotor","Ayacucho Y La Paz",2,1,0,0,1,0,0,,"Calle",,"ROSARIO","Rosario","Asfalto","No existe","II","Dentro","Urbana","Señal Pare","No existe","Intersección","Bueno","Buena","Diurna","Buen Tiempo","S/D","S/D","Colisión","S/D","Vertical","S/D","Sin restricción"
2016,6201,9/8/2016,"Jueves",0,20:00:00,,"0.0",2,"Moto/Ciclomotor,Automóvil","L.N.Alem Y Ocampo",3,2,0,0,1,0,0,,"Calle",,"ROSARIO","Rosario","Asfalto","No existe","II","Dentro","Urbana","S/D","No existe","Intersección","Bueno","Buena","Atardecer","Buen Tiempo","S/D","S/D","Colisión","S/D","S/D","S/D","Sin restricción"
2016,6202,9/22/2016,"Jueves",0,19:15:00,,"0.0",2,"Automóvil,Camión Chasis","Juan Canals Y Italia",2,1,0,0,1,0,0,,"Calle",,"ROSARIO","Rosario","Asfalto","No existe","II","Dentro","Urbana","Ninguna","No existe","Intersección","Bueno","Buena","Diurna","Buen Tiempo","De alcance","S/D","Colisión","Ninguna","Faltante","Ninguna","Sin restricción"
2016,6203,9/16/2016,"Viernes",0,19:05:00,,"0.0",2,"Moto/Ciclomotor,Pickup/Utilitario","Av. Ntra.Sra.del Rosario Y Rodriguez",2,1,0,0,1,0,0,,"Calle",,"ROSARIO","Rosario","Asfalto","No existe","II","Dentro","Urbana","Ninguna","No existe","Intersección","Bueno","Buena","Atardecer","Buen Tiempo","Lateral","S/D","Colisión","Ninguna","Faltante","Ninguna","Sin restricción"
2016,6204,9/11/2016,"Domingo",0,1:10:00,,"0.0",2,"Automóvil,Moto/Ciclomotor","L.N.Alem Y Riobamba",2,1,0,0,1,0,0,,"Calle",,"ROSARIO","Rosario","Asfalto","No existe","II","Dentro","Urbana","S/D","No existe","Intersección","Bueno","Buena","Nocturna","Buen Tiempo","S/D","S/D","Colisión","S/D","S/D","S/D","Sin restricción"
2016,6205,9/21/2016,"Miercoles",0,0:18:00,,"0.0",2,"Moto/Ciclomotor,Automóvil"," ",3,2,0,0,1,0,0,,"Calle",,"ROSARIO","Rosario","Asfalto","No existe","II","Dentro","Urbana","Ninguna","No existe","Intersección","Bueno","Buena","Nocturna","Buen Tiempo","De alcance","S/D","Colisión","Ninguna","Faltante","Ninguna","Sin restricción"
2016,6206,9/18/2016,"Domingo",0,,,"0.0",2,"Moto/Ciclomotor,Automóvil","San Martin Y Dr.Rivas",3,2,0,0,1,0,0,,"Calle",,"ROSARIO","Rosario","Asfalto","No existe","II","Dentro","Urbana","Ninguna","Funciona","Intersección","Bueno","Buena","Diurna","Buen Tiempo","De alcance","S/D","Colisión","Ninguna","Horizontal","Ninguna","Sin restricción"
2016,6207,9/6/2016,"Martes",0,9:45:00,,"0.0",2,"Moto/Ciclomotor,Moto/Ciclomotor","Av. Francia Y Centeno",2,1,0,0,1,0,0,,"Avenida",,"ROSARIO","Rosario","Asfalto","Natural","II","Dentro","Urbana","Ninguna","No existe","Recta","Bueno","Buena","Amanecer","Buen Tiempo","Contra objeto fijo","S/D","Colisión","S/D","S/D","Ninguna","Sin restricción"
2016,6208,9/13/2016,"Martes",0,8:30:00,,"0.0",2,"Moto/Ciclomotor,Taxi/Remis","Bv. 27 De Febrero Y J.M.de Rosas",2,1,0,0,1,0,0,,"Calle",,"ROSARIO","Rosario","Asfalto","No existe","II","Dentro","Urbana","S/D","Funciona","Intersección","Bueno","Buena","Diurna","Buen Tiempo","S/D","S/D","Colisión","S/D","S/D","S/D","Sin restricción"
2016,6209,9/13/2016,"Martes",0,23:05:00,,"0.0",2,"Taxi/Remis,Automóvil","L.N.Alem Y Ituzaingo",4,3,0,0,1,0,0,,"Calle",,"ROSARIO","Rosario","Asfalto","No existe","II","Dentro","Urbana","Señal Pare","No existe","Intersección","Bueno","Buena","Nocturna","Buen Tiempo","S/D","S/D","Colisión","S/D","Vertical","S/D","Sin restricción"
2016,6210,9/22/2016,"Jueves",0,19:00:00,,"0.0",2,"Camión Chasis,Moto/Ciclomotor","Av. Francia Y Bv. Segui",3,2,0,0,1,0,0,,"Avenida",,"ROSARIO","Rosario","Asfalto","No existe","II","Dentro","Urbana","Ninguna","S/D","Recta","Bueno","Buena","Diurna","Buen Tiempo","S/D","S/D","Colisión","S/D","Horizontal,Vertical","Cordón divisorio","Sin restricción"
2016,6211,9/14/2016,"Miercoles",0,21:05:00,,"0.0",2,"Automóvil,Moto/Ciclomotor","Viamonte Y J.M.de Rosas",3,2,0,0,1,0,0,,"Calle",,"ROSARIO","Rosario","Asfalto","No existe","II","Dentro","Urbana","S/D","No existe","Intersección","Bueno","Buena","Nocturna","Buen Tiempo","S/D","S/D","Colisión","S/D","S/D","S/D","Sin restricción"
2016,6212,9/17/2016,"Sabado",0,11:30:00,,"0.0",2,"Automóvil,Moto/Ciclomotor","Ayacucho 1700",3,1,0,0,2,0,0,,"Calle",,"ROSARIO","Rosario","Hormigón","No existe","II","Dentro","Urbana","Ninguna","S/D","Recta","Bueno","Buena","Diurna","Buen Tiempo","S/D","S/D","Colisión","S/D","S/D","S/D","Sin restricción"
2016,6213,9/25/2016,"Domingo",0,9:10:00,,"0.0",2,"Automóvil,Automóvil","Av. Belgrano Y Cochabamba",2,2,0,0,0,0,0,,"Calle",,"ROSARIO","Rosario","Asfalto","No existe","II","Dentro","Urbana","Ninguna","No existe","Recta","Bueno","Buena","Diurna","Buen Tiempo","De alcance","S/D","Colisión","S/D","S/D","S/D","Sin restricción"
2016,6214,9/2/2016,"Viernes",0,18:35:00,,"0.0",2,"Moto/Ciclomotor,Automóvil","Av. Pellegrini 1600",2,1,0,0,1,0,0,,"Avenida",,"ROSARIO","Rosario","Asfalto","No existe","II","Dentro","Urbana","Semáforo","Funciona","Recta","Bueno","Buena","Diurna","Buen Tiempo","Lateral","S/D","Colisión","Ninguna","Vertical","Cordón divisorio","Sin restricción"
2016,6215,9/21/2016,"Miercoles",0,1:00:00,,"0.0",2,"Moto/Ciclomotor,Automóvil","Av. Avellaneda B ",3,2,0,0,1,0,0,,"Calle",,"ROSARIO","Rosario","Asfalto","S/D","II","Dentro","Urbana","S/D","S/D","Intersección","S/D","S/D","Nocturna","S/D","S/D","S/D","Colisión","S/D","S/D","S/D","S/D"
2016,6216,9/5/2016,"Lunes",0,1:10:00,,"0.0",2,"Moto/Ciclomotor,Moto/Ciclomotor","Velez Sarsfield Y Bahia Blanca Bis",2,1,0,0,1,0,0,,"Calle",,"ROSARIO","Rosario","Asfalto","S/D","II","Dentro","Urbana","S/D","S/D","Intersección","S/D","S/D","Nocturna","S/D","S/D","S/D","Colisión","S/D","S/D","S/D","S/D"
2016,6217,9/16/2016,"Viernes",0,8:30:00,,"0.0",2,"Transporte de Pasajeros Urbano (> 8 asientos),Pickup/Utilitario","Casiano Casas Y Washington",3,1,0,0,2,0,0,,"Calle",,"ROSARIO","Rosario","Asfalto","No existe","II","Dentro","Urbana","Ninguna","No existe","Intersección","Bueno","Buena","Diurna","Buen Tiempo","De alcance","S/D","Colisión","S/D","Horizontal","Línea divisoria pintada","Sin restricción"
2016,6218,9/14/2016,"Miercoles",0,9:00:00,,"0.0",2,"Moto/Ciclomotor,Automóvil","Pje. Wagner Y Superi",2,1,0,0,1,0,0,,"Calle",,"ROSARIO","Rosario","Asfalto","No existe","II","Dentro","Urbana","Señal Pare","No existe","Recta","Bueno","Buena","Diurna","Buen Tiempo","De alcance","S/D","Colisión","S/D","Horizontal","Ninguna","Sin restricción"
2016,6219,9/13/2016,"Martes",0,9:45:00,,"0.0",2,"Automóvil,Automóvil","Agrelo Y Herrera",2,1,0,0,1,0,0,,"Calle",,"ROSARIO","Rosario","Asfalto","No existe","II","Dentro","Urbana","Ninguna","No existe","Recta","Bueno","Buena","Diurna","Buen Tiempo","De alcance","S/D","Colisión","S/D","Horizontal","Ninguna","Sin restricción"
2016,6220,9/6/2016,"Martes",0,20:20:00,,"0.0",2,"Bicicleta,Automóvil","Mitre Y Rueda",2,1,0,0,1,0,0,,"Calle",,"ROSARIO","Rosario","Asfalto","No existe","II","Dentro","Urbana","Ninguna","S/D","Intersección","Bueno","Buena","Nocturna,Con luz artificial","Buen Tiempo","S/D","Ciclista","Atropello","Ninguna","Faltante","S/D","Sin restricción"
2016,6221,9/1/2016,"Jueves",0,12:50:00,,"0.0",2,"Automóvil,Automóvil","Riobamba Y Av. Corrientes",2,1,0,0,1,0,0,,"Calle",,"ROSARIO","Rosario","Asfalto","No existe","II","Dentro","Urbana","Ninguna","No existe","Intersección","Bueno","Buena","Diurna","Buen Tiempo","Lateral","S/D","Colisión","Ninguna","S/D","Ninguna","Sin restricción"
2016,6222,9/15/2016,"Jueves",0,0:35:00,,"0.0",2,"Automóvil,Automóvil","Darragueira Y Baigorria",2,1,0,0,1,0,0,,"Calle",,"ROSARIO","Rosario","Asfalto","No existe","II","Dentro","Urbana","Señal Pare","No existe","Intersección","Bueno","Buena","Nocturna","Buen Tiempo","Lateral","S/D","Colisión","Ninguna","Vertical","Ninguna","Sin restricción"
2016,6223,9/10/2016,"Sabado",0,14:30:00,,"0.0",2,"Automóvil,Peatón","La Paz Y Luis Vila",2,1,0,0,1,0,0,,"Calle",,"ROSARIO","Rosario","Asfalto","No existe","II","Dentro","Urbana","Ninguna","No existe","Intersección","Bueno","Buena","Diurna","Buen Tiempo","S/D","Peatón","Atropello","S/D","Horizontal","Ninguna","Sin restricción"
2016,6224,9/24/2016,"Sabado",0,13:30:00,,"0.0",2,"Moto/Ciclomotor,Automóvil","Bv. Oroño Y Av. Dante Alighieri",3,2,0,0,1,0,0,,"Avenida",,"ROSARIO","Rosario","Asfalto","No existe","II","Dentro","Urbana","Señal Pare","No existe","Intersección","Bueno","Buena","Diurna","Buen Tiempo","Lateral","S/D","Colisión","S/D","Horizontal,Vertical","Línea divisoria pintada","Sin restricción"
2016,6225,9/9/2016,"Viernes",0,14:30:00,,"0.0",2,"Automóvil,Peatón","Zelaya Y Baigorria",2,1,0,0,1,0,0,,"Calle",,"ROSARIO","Rosario","Asfalto","No existe","II","Dentro","Urbana","Señal Pare","No existe","Intersección","Bueno","Buena","Diurna","Buen Tiempo","S/D","Peatón","Atropello","Ninguna","Horizontal","Ninguna","Sin restricción"
2016,6226,9/6/2016,"Martes",0,20:20:00,,"0.0",2,"Pickup/Utilitario,Moto/Ciclomotor","Washington Y Esquivel",3,2,0,0,1,0,0,,"Calle",,"ROSARIO","Rosario","Asfalto","No existe","II","Dentro","Urbana","Ninguna","No existe","Intersección","Bueno","Buena","Nocturna","Buen Tiempo","Lateral","S/D","Colisión","S/D","Horizontal","Cordón divisorio","Sin restricción"
2016,6227,9/6/2016,"Martes",0,17:30:00,,"0.0",2,"Moto/Ciclomotor,Automóvil","Albert Sabin Y J.B.Justo",3,2,0,0,1,0,0,,"Calle",,"ROSARIO","Rosario","Asfalto","No existe","II","Dentro","Urbana","Semáforo","Funciona","Intersección","Bueno","Buena","Diurna","Buen Tiempo","Lateral","S/D","Colisión","S/D","Horizontal,Vertical","Cordón divisorio","Sin restricción"
2016,6228,9/3/2016,"Sabado",0,15:30:00,,"0.0",2,"Automóvil,Transporte de Pasajeros Urbano (> 8 asientos)","Washington Y Zelaya",3,1,0,0,2,0,0,,"Calle",,"ROSARIO","Rosario","Asfalto","No existe","II","Dentro","Urbana","Señal Ceda el Paso","No existe","Intersección","Bueno","Buena","Diurna","Buen Tiempo","Lateral","S/D","Colisión","Ninguna","Horizontal","Ninguna","Sin restricción"
2016,6229,9/19/2016,"Lunes",0,17:00:00,,"0.0",2,"Moto/Ciclomotor,Transporte de Pasajeros Urbano (> 8 asientos)","Casiano Casas Y F.Rauch",3,2,0,0,1,0,0,,"Calle",,"ROSARIO","Rosario","Asfalto","No existe","II","Dentro","Urbana","Ninguna","No existe","Intersección","Bueno","Buena","Diurna","Buen Tiempo","Lateral","S/D","Colisión","S/D","Horizontal","Cordón divisorio","Sin restricción"
2016,6230,9/21/2016,"Miercoles",0,18:30:00,,"0.0",2,"Automóvil,Automóvil","Av. Sorrento Y Casiano Casas",2,1,0,0,1,0,0,,"Calle",,"ROSARIO","Rosario","Asfalto","No existe","II","Dentro","Urbana","Semáforo","Funciona","Intersección","Bueno","Buena","Atardecer","Buen Tiempo","De alcance","S/D","Colisión","S/D","Horizontal,Vertical","Línea divisoria pintada","Sin restricción"
2016,6231,9/22/2016,"Jueves",0,22:30:00,,"0.0",2,"Automóvil,Moto/Ciclomotor","Bv. Rondeau Y Luis Vila",3,2,0,0,1,0,0,,"Calle",,"ROSARIO","Rosario","Asfalto","No existe","II","Dentro","Urbana","Semáforo","Funciona","Intersección","Bueno","Buena","Nocturna","Buen Tiempo","Lateral","S/D","Colisión","S/D","Horizontal,Vertical","Cordón divisorio","Sin restricción"
2016,6232,10/17/2016,"Lunes",0,1:30:00,,"0.0",2,"Moto/Ciclomotor,Automóvil","Emilio Zola Y Laprida",2,0,0,0,1,1,0,"-33.026506, -60.619566","Calle",,"VILLA GOBERNADOR GÁLVEZ","Rosario","Asfalto","No existe","II","Dentro","Urbana","Ninguna","No existe","Intersección","Bueno","Reducida","Nocturna,Con luz artificial","Buen Tiempo","De alcance","S/D","Caída ocupante,Atropello","Ninguna","Faltante","Ninguna","Sin restricción"
2016,6233,10/10/2016,"Lunes",0,6:43:00,,"0.0",1,"Moto/Ciclomotor","Juan Canals Y Dorrego",1,0,0,0,0,1,0,"-32.987426, -60.660056","Calle",,"ROSARIO","Rosario","Asfalto","No existe","II","Dentro","Urbana","Ninguna","No existe","Recta","Bueno","Buena","Diurna","Buen Tiempo","Contra objeto fijo","S/D","Colisión","Ninguna","Faltante","Línea divisoria pintada","Sin restricción"
2016,6234,10/1/2016,"Sabado",0,6:30:00,,"0.0",2,"Transporte de Pasajeros Urbano (> 8 asientos),Moto/Ciclomotor","Av. Corrientes Y E.Zeballos",3,1,0,0,1,1,0,"-32.954252, -60.644555","Calle",,"ROSARIO","Rosario","Asfalto","Pavimento","II","Dentro","Urbana","Semáforo","Funciona","Intersección","Bueno","Buena","Diurna","Buen Tiempo","Lateral","S/D","Colisión","S/D","Vertical","Cordón divisorio","Sin restricción"
2016,6235,10/23/2016,"Domingo",0,23:20:00,,"0.0",2,"Automóvil,Moto/Ciclomotor","La Republica Y Olavarria Bis",2,0,0,0,1,1,0,"-32.918382, -60.704454","Calle",,"ROSARIO","Rosario","Asfalto","No existe","II","S/D","Urbana","Ninguna","No existe","Intersección","Bueno","Buena","Nocturna","Buen Tiempo","Otro","S/D","Colisión","Otro","Faltante","Barrera de hormigón","Sin restricción"
2016,6236,9/24/2016,"Sabado",0,12:40:00,,"0.0",2,"Taxi/Remis,Automóvil","Rep.del Libano Y Damas Mendocinas",2,1,0,0,1,0,0,,"Calle",,"ROSARIO","Rosario","Asfalto","No existe","II","Dentro","Urbana","Ninguna","No existe","Intersección","S/D","Buena","Diurna","Buen Tiempo","S/D","S/D","Colisión","Ninguna","Horizontal","Ninguna","Sin restricción"
2016,6237,9/25/2016,"Domingo",0,9:00:00,,"0.0",2,"Automóvil,Moto/Ciclomotor","Av. Sorrento Y Rodriguez Peña",2,1,0,0,1,0,0,,"S/D",,"ROSARIO","Rosario","Asfalto","No existe","II","S/D","S/D","Ninguna","No existe","Intersección","Bueno","Buena","Diurna","Buen Tiempo","Lateral","S/D","Colisión","Ninguna","Horizontal","Ninguna","Sin restricción"
2016,6238,9/30/2016,"Viernes",0,8:25:00,,"0.0",2,"Automóvil,Automóvil","Av. Sorrento 1500",2,1,0,0,1,0,0,,"Avenida",,"ROSARIO","Rosario","Asfalto","No existe","II","Dentro","Urbana","Ninguna","No existe","Recta","Bueno","Buena","Diurna","Buen Tiempo","De alcance","S/D","Colisión","Ninguna","Faltante","Ninguna","Sin restricción"
2016,6239,9/20/2016,"Martes",0,11:15:00,,"0.0",2,"Taxi/Remis,Automóvil","España Y Pasco",3,1,0,0,2,0,0,,"Calle",,"ROSARIO","Rosario","Asfalto","S/D","II","Dentro","Urbana","Ninguna","No existe","Intersección","Bueno","Buena","Diurna","Buen Tiempo","Lateral","S/D","Colisión","Ninguna","Faltante","Ninguna","Sin restricción"
2016,6240,9/20/2016,"Martes",0,12:40:00,,"0.0",2,"Automóvil,Bicicleta","Rueda Y Sarmiento",2,1,0,0,1,0,0,,"Calle",,"ROSARIO","Rosario","Asfalto","No existe","II","Dentro","Urbana","S/D","S/D","S/D","Bueno","Buena","Diurna","Buen Tiempo","S/D","Ciclista","Atropello","S/D","S/D","Ninguna","S/D"
2016,6241,9/23/2016,"Viernes",0,15:20:00,,"0.0",2,"Automóvil,Moto/Ciclomotor","Mariano Moreno Y Virasoro",2,1,0,0,1,0,0,,"Calle",,"ROSARIO","Rosario","Asfalto","No existe","II","Dentro","Urbana","Ninguna","S/D","Intersección","Bueno","Buena","Diurna","Buen Tiempo","Lateral","S/D","Colisión","Ninguna","Faltante","S/D","Sin restricción"
2016,6242,9/10/2016,"Sabado",0,16:00:00,,"0.0",2,"Moto/Ciclomotor,Pickup/Utilitario","Av. Provincias Unidas Y F.M.Esquiu",2,0,1,0,1,0,0,,"Avenida",,"ROSARIO","Rosario","Asfalto","S/D","II","Dentro","Urbana","S/D","S/D","Recta","S/D","S/D","Diurna","S/D","Lateral","S/D","Colisión","S/D","S/D","S/D","S/D"
2016,6243,9/9/2016,"Viernes",0,,,"0.0",2,"Automóvil,Taxi/Remis","Santa Fe Y Bv. Avellaneda",2,1,0,0,1,0,0,,"Avenida",,"ROSARIO","Rosario","Asfalto","No existe","II","S/D","Urbana","S/D","S/D","Intersección","Bueno","S/D","S/D","S/D","S/D","S/D","Colisión","S/D","Horizontal","S/D","S/D"
2016,6244,9/12/2016,"Lunes",0,5:00:00,,"0.0",2,"Vehículo Oficial,Automóvil","Santa Fe Y Bv. Avellaneda",3,3,0,0,0,0,0,,"S/D",,"ROSARIO","Rosario","S/D","S/D","II","S/D","Urbana","S/D","S/D","S/D","S/D","S/D","Diurna","S/D","S/D","S/D","Colisión","S/D","S/D","S/D","S/D"
2016,6245,9/11/2016,"Domingo",0,,,"0.0",2,"Automóvil,Automóvil","Santa Fe Y Gutenberg",3,1,0,0,0,0,2,,"Calle",,"ROSARIO","Rosario","Asfalto","S/D","II","S/D","Urbana","S/D","Funciona","Intersección","Bueno","S/D","Nocturna","Buen Tiempo","Lateral","S/D","Colisión","S/D","S/D","Línea divisoria pintada","S/D"