"anio_acci","nro_acci","fecha","desc_dia","fecha_aprox","hora_aprox","desc_ruta","km","cant_participantes","desc_participante","calle_avenida_km","total","heridos_leves","heridos_graves","heridos_gravisimos","ilesos","fallecidos","sin_datos","posicion_XY","desc_tipo_via","desc_ruta_ori","desc_loc","desc_dpto","desc_tipo_calzada","desc_tipo_banquina","desc_unidad_regional","desc_lugar_calzada","desc_zona","desc_prioridad","desc_estado_semaforo","desc_lugar_via","desc_estado_via","desc_estado_visibilidad","desc_luminosidad","desc_estado_clima","desc_tipo_colision","desc_tipo_atropello","desc_tipo_hecho","desc_pres_calzada","desc_senializacion","desc_separacion_via","desc_restriccion"
2016,6246,9/17/2016,"Sabado",0,23:10:00,,"0.0",2,"Tracción animal / Carro,Automóvil","Republica de Argelia ",3,2,0,0,0,0,1,,"Calle",,"ROSARIO","Rosario","Asfalto","S/D","II","S/D","Urbana","S/D","S/D","Recta","S/D","S/D","Nocturna","S/D","S/D","S/D","S/D","S/D","S/D","Ninguna","S/D"
2016,6247,9/25/2016,"Domingo",0,12:00:00,,"0.0",2,"Automóvil,Pickup/Utilitario","J.M.de Rosas Y Garay",2,1,0,0,1,0,0,,"Calle",,"ROSARIO","Rosario","Asfalto","No existe","II","Dentro","Urbana","Ninguna","No existe","Intersección","Bueno","Buena","Diurna","Buen Tiempo","Lateral","S/D","Colisión","Ninguna","Faltante","Ninguna","Sin restricción"
2016,6248,9/11/2016,"Domingo",0,8:45:00,,"0.0",2,"Moto/Ciclomotor,Automóvil","San Martin Y Pasco",2,1,0,0,1,0,0,,"Avenida",,"ROSARIO","Rosario","Asfalto","No existe","II","Dentro","Urbana","Ninguna","No existe","Intersección","Bueno","Buena","Diurna","Buen Tiempo","Lateral","S/D","Colisión","Ninguna","Faltante","Ninguna","Sin restricción"
2016,6249,9/18/2016,"Domingo",0,22:30:00,,"0.0",2,"Moto/Ciclomotor,Pickup/Utilitario","Bv. Oroño Y Cochabamba",3,2,0,0,1,0,0,,"Avenida",,"ROSARIO","Rosario","Asfalto","S/D","II","Dentro","Urbana","Señal Ceda el Paso","No existe","Intersección","Bueno","Buena","Nocturna,Con luz artificial","Buen Tiempo","Lateral","S/D","Colisión","Ninguna","Vertical","Cordón divisorio,Línea divisoria pintada","S/D"
2016,6250,9/13/2016,"Martes",0,10:30:00,,"0.0",2,"Automóvil,Moto/Ciclomotor","Italia Y Amenabar",2,1,0,0,1,0,0,,"Calle",,"ROSARIO","Rosario","Asfalto","No existe","II","Dentro","Urbana","Ninguna","No existe","Intersección","Bueno","Buena","Diurna","Buen Tiempo","Lateral","S/D","Colisión","Ninguna","Faltante","Ninguna","Sin restricción"
2016,6251,9/19/2016,"Lunes",0,7:40:00,,"0.0",2,"Automóvil,Automóvil","Viamonte Y Av. Corrientes",3,1,0,0,2,0,0,,"Calle",,"ROSARIO","Rosario","Asfalto","S/D","II","Dentro","Urbana","Ninguna","No existe","Intersección","Bueno","Buena","Diurna","Buen Tiempo","Lateral","S/D","Colisión","Ninguna","Faltante","Ninguna","Sin restricción"
2016,6252,9/22/2016,"Jueves",0,8:30:00,,"0.0",2,"Automóvil,Automóvil","San Martin Y Pasco",3,1,0,0,2,0,0,,"Avenida",,"ROSARIO","Rosario","Asfalto","No existe","II","Dentro","Urbana","Ninguna","S/D","Intersección","Bueno","Buena","Diurna","Buen Tiempo","Lateral","S/D","Colisión","Ninguna","Faltante","Ninguna","S/D"
2016,6253,9/23/2016,"Viernes",0,17:30:00,,"0.0",2,"Taxi/Remis,Moto/Ciclomotor","Bv. 27 De Febrero Y Pueyrredon",2,1,0,0,1,0,0,,"Avenida",,"ROSARIO","Rosario","Asfalto","No existe","II","Dentro","Urbana","Ninguna","No existe","Intersección","Bueno","Buena","Diurna","Buen Tiempo","Lateral","S/D","Colisión","Ninguna","Faltante","Cordón divisorio","Sin restricción"
2016,6254,9/25/2016,"Domingo",0,21:00:00,,"0.0",2,"Moto/Ciclomotor,Automóvil","L.N.Alem Y Virasoro",3,2,0,0,1,0,0,,"Calle",,"ROSARIO","Rosario","Asfalto","No existe","II","Dentro","Urbana","Ninguna","Funciona","Intersección","Bueno","Buena","Nocturna,Con luz artificial","Buen Tiempo","Lateral","S/D","Colisión","Ninguna","Faltante","Ninguna","Sin restricción"
2016,6255,9/25/2016,"Domingo",0,18:00:00,,"0.0",2,"Moto/Ciclomotor,Pickup/Utilitario","L.N.Alem Y Dr.Rivas",2,1,0,0,1,0,0,,"Calle",,"ROSARIO","Rosario","Asfalto","No existe","II","Dentro","Urbana","Ninguna","No existe","Intersección","Bueno","Buena","Diurna","Buen Tiempo","Lateral","S/D","Colisión","Ninguna","Faltante","Ninguna","Sin restricción"
2016,6256,9/10/2016,"Sabado",0,10:20:00,"Ruta Provincial 14","25.0",2,"Automóvil,Automóvil","Sto. Cabral ",3,3,0,0,0,0,0,,"Ruta",14,"PUEBLO MUÑOZ","Rosario","Asfalto","Ripio","II","Dentro","Urbana","Semáforo","Intermitente","Recta","Bueno","Buena","Diurna","Buen Tiempo","Frontal","S/D","Colisión","Ninguna","Vertical","Línea divisoria pintada","Sin restricción"
2016,6257,9/28/2016,"Miercoles",0,17:25:00,,"0.0",2,"Moto/Ciclomotor,Automóvil","Av. Francia Y Av. Arijon",4,3,0,0,1,0,0,,"Avenida",,"ROSARIO","Rosario","Asfalto","Pavimento","II","Dentro","Urbana","Semáforo","Funciona","Intersección","Bueno","Buena","Diurna","Buen Tiempo","Lateral","S/D","Colisión","Ninguna","Vertical","Cordón divisorio","Sin restricción"
2016,6258,9/3/2016,"Sabado",0,,,"0.0",2,"Moto/Ciclomotor,Automóvil","Bv. Oroño 4000",2,1,0,0,1,0,0,,"Calle",,"ROSARIO","Rosario","Asfalto","No existe","II","Dentro","Urbana","Ninguna","No existe","Intersección","Bueno","Buena","Diurna","Buen Tiempo","De alcance","S/D","Colisión","S/D","Faltante","Ninguna","Sin restricción"
2016,6259,9/1/2016,"Jueves",0,6:30:00,,"0.0",2,"Moto/Ciclomotor,Automóvil","Mariano Moreno Y Amenabar",3,2,0,0,1,0,0,,"Calle",,"ROSARIO","Rosario","Asfalto","No existe","II","Dentro","Urbana","Señal Pare","No existe","Intersección","Bueno","Buena","Diurna","Buen Tiempo","De alcance","S/D","Colisión","S/D","Faltante","Ninguna","Sin restricción"
2016,6260,9/16/2016,"Viernes",0,18:00:00,,"0.0",2,"Moto/Ciclomotor,Taxi/Remis","Av. Uriburu Y Vuelta De Obligado",2,1,0,0,1,0,0,,"Avenida",,"ROSARIO","Rosario","Asfalto","No existe","II","Dentro","Urbana","Ninguna","No existe","Intersección","Bueno","Buena","Diurna","Buen Tiempo","Lateral","S/D","Colisión","Ninguna","Faltante","Ninguna","Sin restricción"
2016,6261,9/29/2016,"Jueves",0,22:30:00,,"0.0",2,"Moto/Ciclomotor,Peatón","Av. Ovidio Lagos Y Cordoba",2,1,0,0,1,0,0,,"Calle",,"ROSARIO","Rosario","Asfalto","Pavimento","II","Dentro","Urbana","S/D","S/D","Intersección","S/D","S/D","Nocturna","S/D","S/D","Peatón","Atropello","S/D","S/D","Cordón divisorio","S/D"
2016,6262,9/16/2016,"Viernes",0,6:40:00,,"0.0",2,"Moto/Ciclomotor,Taxi/Remis","Bv. Oroño Y Av. Uriburu",2,1,0,0,1,0,0,,"Avenida",,"ROSARIO","Rosario","Asfalto","No existe","II","Dentro","Urbana","Semáforo","Funciona","Intersección","Bueno","Buena","Diurna","Buen Tiempo","Lateral","S/D","Colisión","Ninguna","Vertical","Ninguna","Sin restricción"
2016,6264,9/28/2016,"Miercoles",0,12:00:00,,"0.0",2,"Automóvil,Pickup/Utilitario","Cordoba Y Gutenberg",2,1,0,0,1,0,0,,"Calle",,"ROSARIO","Rosario","Asfalto","Pavimento","II","Dentro","Urbana","S/D","S/D","Intersección","S/D","S/D","Diurna","S/D","S/D","S/D","Colisión","S/D","S/D","Cordón divisorio","S/D"
2016,6265,9/15/2016,"Jueves",0,12:30:00,,"0.0",2,"Automóvil,Moto/Ciclomotor","Rodriguez Y Gaboto",3,2,0,0,1,0,0,,"Calle",,"ROSARIO","Rosario","Asfalto","No existe","II","Dentro","Urbana","Ninguna","No existe","Intersección","Bueno","Buena","Diurna","Buen Tiempo","Lateral","S/D","Colisión","Ninguna","Faltante","Ninguna","Sin restricción"
2016,6266,9/29/2016,"Jueves",0,10:50:00,,"0.0",2,"Automóvil,Moto/Ciclomotor","Lima Y Montevideo",2,1,0,0,1,0,0,,"Calle",,"ROSARIO","Rosario","Asfalto","Pavimento","II","Dentro","Urbana","S/D","S/D","Intersección","S/D","Buena","Diurna","S/D","S/D","S/D","Colisión","S/D","S/D","Cordón divisorio","S/D"
2016,6267,9/27/2016,"Martes",0,18:00:00,,"0.0",2,"Moto/Ciclomotor,Automóvil","Suipacha Y San Luis",4,1,0,0,3,0,0,,"Calle",,"ROSARIO","Rosario","Asfalto","Pavimento","II","Dentro","Urbana","S/D","S/D","Intersección","S/D","S/D","Diurna","S/D","S/D","S/D","Colisión","S/D","S/D","Cordón divisorio","S/D"
2016,6268,9/14/2016,"Miercoles",0,7:05:00,,"0.0",2,"Moto/Ciclomotor,Peatón","San Martin Y Mr.Ross",2,2,0,0,0,0,0,,"Calle",,"ROSARIO","Rosario","Asfalto","Pavimento","II","Dentro","Urbana","Ninguna","No existe","Intersección","Bueno","Buena","Diurna","Buen Tiempo","S/D","Peatón","Atropello","Ninguna","Faltante","Ninguna","Sin restricción"
2016,6269,9/25/2016,"Domingo",0,19:30:00,,"0.0",2,"Pickup/Utilitario,Moto/Ciclomotor","Suipacha 950",2,1,0,0,1,0,0,,"Calle",,"ROSARIO","Rosario","Asfalto","Pavimento","II","Dentro","Urbana","S/D","S/D","S/D","S/D","S/D","S/D","S/D","S/D","S/D","Colisión","S/D","S/D","Cordón divisorio","S/D"
2016,6270,9/13/2016,"Martes",0,18:20:00,,"0.0",2,"Automóvil,Bicicleta","Bv. Oroño Y Av. Uriburu",2,1,0,0,1,0,0,,"Avenida",,"ROSARIO","Rosario","Asfalto","No existe","II","Dentro","Urbana","Semáforo","Funciona","Intersección","Bueno","Buena","Diurna","Buen Tiempo","S/D","Ciclista","Atropello","Ninguna","Horizontal","Ninguna","Sin restricción"
2016,6271,9/23/2016,"Viernes",0,22:45:00,,"0.0",2,"Taxi/Remis,Automóvil","Marcos Paz Y Iriondo",2,1,0,0,1,0,0,,"Calle",,"ROSARIO","Rosario","Asfalto","Pavimento","II","Dentro","Urbana","S/D","S/D","Intersección","S/D","S/D","S/D","S/D","S/D","S/D","Colisión","S/D","S/D","Cordón divisorio","S/D"
2016,6272,9/13/2016,"Martes",0,15:00:00,,"0.0",2,"Pickup/Utilitario,Moto/Ciclomotor","Av. Ntra.Sra.del Rosario Y Rvdo.J.Margis",2,1,0,0,1,0,0,,"Avenida",,"ROSARIO","Rosario","Asfalto","No existe","II","Dentro","Urbana","Ninguna","No existe","Recta","Bueno","Buena","Diurna","Buen Tiempo","De alcance","S/D","Colisión","Ninguna","Faltante","Ninguna","Sin restricción"
2016,6273,9/23/2016,"Viernes",0,23:30:00,,"0.0",1,"Transporte de Pasajeros Urbano (> 8 asientos)","Vera Mujica Y Cordoba",3,1,0,0,2,0,0,,"Calle",,"ROSARIO","Rosario","Asfalto","Pavimento","II","Dentro","Urbana","S/D","S/D","Intersección","S/D","S/D","S/D","S/D","S/D","S/D","Caída ocupante","S/D","S/D","Cordón divisorio","S/D"
2016,6274,9/23/2016,"Viernes",0,21:45:00,,"0.0",2,"Taxi/Remis,Moto/Ciclomotor","Santiago Y San Juan De Luz",3,1,0,0,2,0,0,,"Calle",,"ROSARIO","Rosario","Asfalto","Pavimento","II","Dentro","Urbana","S/D","S/D","Intersección","S/D","S/D","Nocturna","S/D","S/D","S/D","Colisión","S/D","S/D","Cordón divisorio","S/D"
2016,6275,9/23/2016,"Viernes",0,19:00:00,,"0.0",2,"Moto/Ciclomotor,Automóvil","9 De Julio Y Cafferata",3,1,0,0,2,0,0,,"Calle",,"ROSARIO","Rosario","Asfalto","Pavimento","II","Dentro","Urbana","S/D","S/D","Intersección","S/D","S/D","Atardecer","S/D","S/D","S/D","Colisión","S/D","S/D","Cordón divisorio","S/D"
2016,6276,9/11/2016,"Domingo",0,17:30:00,,"0.0",2,"Moto/Ciclomotor,Automóvil","Biedma Y Entre Rios",2,1,0,0,1,0,0,,"Calle",,"ROSARIO","Rosario","Asfalto","No existe","II","Dentro","Urbana","Ninguna","No existe","Intersección","Bueno","Buena","Diurna","Buen Tiempo","Lateral","S/D","Colisión","Ninguna","Faltante","Ninguna","Sin restricción"
2016,6277,8/31/2016,"Miercoles",0,13:00:00,,"0.0",2,"Moto/Ciclomotor,Automóvil","E.Zeballos Y Lima",3,2,0,0,1,0,0,,"Calle",,"ROSARIO","Rosario","Asfalto","Pavimento","II","Dentro","Urbana","S/D","S/D","Intersección","S/D","S/D","Diurna","S/D","S/D","S/D","Colisión","S/D","S/D","S/D","S/D"
2016,6278,9/22/2016,"Jueves",0,,,"0.0",2,"Automóvil,Moto/Ciclomotor"," ",2,1,0,0,1,0,0,,"Calle",,"ROSARIO","Rosario","Asfalto","Pavimento","II","Dentro","Urbana","S/D","S/D","Intersección","S/D","S/D","Diurna","S/D","S/D","S/D","Colisión","S/D","S/D","S/D","S/D"
2016,6279,9/22/2016,"Jueves",0,16:40:00,,"0.0",2,"Automóvil,Moto/Ciclomotor","Alsina Y Mendoza",3,1,0,0,2,0,0,,"Calle",,"ROSARIO","Rosario","Asfalto","Pavimento","II","Dentro","Urbana","S/D","S/D","Intersección","S/D","Buena","Diurna","S/D","S/D","S/D","Colisión","S/D","S/D","S/D","S/D"
2016,6280,9/22/2016,"Jueves",0,15:00:00,,"0.0",2,"Automóvil,Moto/Ciclomotor","Marcos Paz Y Alsina",2,1,0,0,1,0,0,,"Calle",,"ROSARIO","Rosario","Asfalto","Pavimento","II","Dentro","Urbana","S/D","S/D","Intersección","S/D","S/D","Diurna","S/D","S/D","S/D","Colisión","S/D","S/D","S/D","S/D"
2016,6281,9/17/2016,"Sabado",0,11:20:00,,"0.0",2,"Automóvil,Peatón","Pueyrredon Y 3 De Febrero",2,1,0,0,1,0,0,,"Calle",,"ROSARIO","Rosario","Asfalto","Pavimento","II","Dentro","Urbana","S/D","S/D","Intersección","S/D","Buena","Diurna","S/D","S/D","Peatón","Atropello","S/D","S/D","S/D","S/D"
2016,6282,9/15/2016,"Jueves",0,9:25:00,,"0.0",2,"Camión Chasis,Automóvil","Santiago Y San Juan De Luz",2,1,0,0,1,0,0,,"Calle",,"ROSARIO","Rosario","Asfalto","Pavimento","II","Dentro","Urbana","S/D","S/D","Intersección","Bueno","Buena","Diurna","S/D","S/D","S/D","Colisión","S/D","S/D","S/D","S/D"
2016,6283,9/26/2016,"Lunes",0,7:55:00,,"0.0",2,"Automóvil,Automóvil","Paraguay Y Montevideo",3,1,0,0,2,0,0,,"Calle",,"ROSARIO","Rosario","Asfalto","S/D","II","Dentro","Urbana","Marca Vial","S/D","Intersección","Bueno","S/D","Diurna","Buen Tiempo","Lateral","S/D","Colisión","S/D","S/D","Cordón divisorio","S/D"
2016,6284,9/23/2016,"Viernes",0,16:41:00,,"0.0",2,"Moto/Ciclomotor,Automóvil","Montevideo Y Entre Rios",2,0,1,0,1,0,0,,"Calle",,"ROSARIO","Rosario","Asfalto","Pavimento","II","Dentro","Urbana","Ninguna","No existe","Intersección","Bueno","Buena","Diurna","Buen Tiempo","S/D","S/D","Colisión","S/D","S/D","Cordón divisorio","Sin restricción"
2016,6285,9/15/2016,"Jueves",0,14:00:00,,"0.0",2,"Automóvil,Automóvil","Sarmiento 1500",2,2,0,0,0,0,0,,"Calle",,"ROSARIO","Rosario","Asfalto","Pavimento","II","Dentro","Urbana","S/D","S/D","Recta","Bueno","Buena","Diurna","Buen Tiempo","De alcance","S/D","Colisión","S/D","S/D","Cordón divisorio","Sin restricción"
2016,6286,9/15/2016,"Jueves",0,2:00:00,,"0.0",2,"Pickup/Utilitario,Automóvil","3 De Febrero Y Balcarce",6,4,0,0,2,0,0,,"Calle",,"ROSARIO","Rosario","Asfalto","S/D","II","Dentro","Urbana","S/D","S/D","Intersección","Bueno","Buena","Nocturna","Buen Tiempo","S/D","S/D","Colisión","S/D","S/D","Cordón divisorio","Sin restricción"
2016,6287,9/13/2016,"Martes",0,18:45:00,,"0.0",2,"Automóvil,Peatón","3 De Febrero Y Paraguay",2,1,0,0,1,0,0,,"Calle",,"ROSARIO","Rosario","Asfalto","Pavimento","II","Dentro","Urbana","S/D","S/D","Intersección","Bueno","Buena","Diurna","Buen Tiempo","S/D","Peatón","Atropello","S/D","S/D","Cordón divisorio","S/D"
2016,6288,9/10/2016,"Sabado",0,8:00:00,,"0.0",2,"Taxi/Remis,Taxi/Remis","Sarmiento Y 3 De Febrero",2,1,0,0,1,0,0,,"Calle",,"ROSARIO","Rosario","Asfalto","Pavimento","II","Dentro","Urbana","S/D","S/D","Intersección","Bueno","Buena","Diurna","Buen Tiempo","Lateral","S/D","Colisión","S/D","S/D","Cordón divisorio","Sin restricción"
2016,6289,9/14/2016,"Miercoles",0,10:05:00,,"0.0",2,"Bicicleta,Automóvil","Bv. Oroño Y Montevideo",2,1,0,0,1,0,0,,"Calle",,"ROSARIO","Rosario","Asfalto","Pavimento","II","Dentro","Urbana","Semáforo","Funciona","Intersección","Bueno","Buena","Diurna","Buen Tiempo","S/D","Ciclista","Atropello","S/D","S/D","Cordón divisorio","Sin restricción"
2016,6290,9/14/2016,"Miercoles",0,12:50:00,,"0.0",2,"Bicicleta,Transporte de Pasajeros Urbano (> 8 asientos)","San Martin Y San Juan",2,1,0,0,1,0,0,,"Calle",,"ROSARIO","Rosario","Asfalto","Pavimento","II","Dentro","Urbana","S/D","No existe","Intersección","Bueno","Buena","Diurna","Buen Tiempo","S/D","Ciclista","Atropello","S/D","S/D","Cordón divisorio","Sin restricción"
2016,6291,9/5/2016,"Lunes",0,20:00:00,,"0.0",2,"Peatón,Taxi/Remis","Pte.Roca Y Cordoba",2,1,0,0,1,0,0,,"Calle",,"ROSARIO","Rosario","Asfalto","Pavimento","II","Dentro","Urbana","Semáforo","Funciona","Intersección","Bueno","Buena","Nocturna","Buen Tiempo","S/D","Peatón","Atropello","S/D","S/D","Cordón divisorio","Sin restricción"
2016,6292,9/8/2016,"Jueves",0,18:45:00,,"0.0",2,"Pickup/Utilitario,Bicicleta","Paraguay Y 3 De Febrero",2,1,0,0,1,0,0,,"Calle",,"ROSARIO","Rosario","Asfalto","Pavimento","II","Dentro","Urbana","S/D","S/D","Intersección","Bueno","Buena","Diurna","Buen Tiempo","S/D","Ciclista","Atropello","S/D","S/D","Cordón divisorio","Sin restricción"
2016,6293,6/3/2016,"Viernes",0,11:35:00,"Ruta Provincial Brigadier E.López","7.0",2,"Automóvil,Automóvil"," ",2,0,0,0,0,0,2,,"Ruta","Brigadier E.López","CAPITÁN BERMÚDEZ","San Lorenzo","S/D","S/D","XVII","S/D","S/D","S/D","S/D","S/D","S/D","S/D","Diurna","S/D","S/D","S/D","Colisión","S/D","S/D","S/D","S/D"
2016,6294,9/6/2016,"Martes",0,18:00:00,,"0.0",2,"Taxi/Remis,Bicicleta","Mitre Y E.Zeballos",2,1,0,0,1,0,0,,"Calle",,"ROSARIO","Rosario","Asfalto","Pavimento","II","Dentro","Urbana","Ninguna","S/D","Recta","Bueno","Buena","Diurna","Buen Tiempo","Lateral","Ciclista","Atropello","S/D","S/D","Cordón divisorio","Sin restricción"
2016,6295,9/8/2016,"Jueves",0,18:04:00,,"0.0",2,"Bicicleta,Automóvil","San Luis 1700",2,1,0,0,1,0,0,,"Calle",,"ROSARIO","Rosario","Asfalto","Pavimento","II","Dentro","Urbana","S/D","S/D","Recta","Bueno","Buena","Diurna","Buen Tiempo","De alcance","Ciclista","Atropello","S/D","S/D","Cordón divisorio","Sin restricción"
2016,6296,9/16/2016,"Viernes",0,18:30:00,,"0.0",2,"Bicicleta,Automóvil","Laprida Y Montevideo",2,1,0,0,1,0,0,,"Calle",,"ROSARIO","Rosario","Asfalto","S/D","II","Dentro","Urbana","S/D","S/D","Intersección","Bueno","S/D","Diurna","S/D","S/D","Ciclista","Atropello","S/D","S/D","Cordón divisorio","S/D"
2016,6297,9/29/2016,"Jueves",0,18:45:00,,"0.0",2,"Moto/Ciclomotor,Automóvil","Cordoba 700",2,1,0,0,1,0,0,,"Calle",,"ROSARIO","Rosario","Asfalto","S/D","II","Dentro","Urbana","S/D","S/D","Recta","Bueno","Buena","Diurna","Buen Tiempo","S/D","S/D","Colisión","S/D","S/D","Cordón divisorio","S/D"
2016,6298,6/3/2016,"Viernes",0,15:44:00,"Ruta Provincial Brigadier E.López","98.0",1,"Automóvil"," ",1,0,0,0,0,0,1,,"Ruta","Brigadier E.López","AROCENA","San Jerónimo","S/D","S/D","XV","S/D","S/D","S/D","S/D","S/D","S/D","S/D","S/D","S/D","S/D","S/D","Despiste","S/D","S/D","S/D","S/D"
2016,6299,6/4/2016,"Sabado",0,20:30:00,"Ruta Provincial Brigadier E.López","14.0",1,"Automóvil"," ",1,0,0,0,0,0,1,,"Ruta","Brigadier E.López","SAN LORENZO","San Lorenzo","S/D","S/D","XVII","S/D","S/D","S/D","S/D","S/D","S/D","S/D","Nocturna","S/D","S/D","S/D","Despiste","S/D","S/D","S/D","S/D"
2016,6300,9/23/2016,"Viernes",0,14:30:00,,"0.0",2,"Moto/Ciclomotor,Peatón","San Luis 1900",2,1,0,0,1,0,0,,"Calle",,"ROSARIO","Rosario","Asfalto","S/D","II","Dentro","Urbana","S/D","S/D","Recta","Bueno","Buena","Diurna","S/D","S/D","Peatón","Atropello","S/D","S/D","Cordón divisorio","S/D"
2016,6301,6/4/2016,"Sabado",0,10:49:00,"Ruta Provincial Brigadier E.López","73.0",1,"Automóvil"," ",1,0,0,0,0,0,1,,"Ruta","Brigadier E.López","BARRANCAS","San Jerónimo","S/D","S/D","XV","S/D","S/D","S/D","S/D","S/D","S/D","S/D","Diurna","S/D","S/D","S/D","Despiste","S/D","S/D","S/D","S/D"
2016,6302,9/16/2016,"Viernes",0,13:30:00,,"0.0",2,"Automóvil,Automóvil","1 de Mayo Y Rioja",2,1,0,0,1,0,0,,"Calle",,"ROSARIO","Rosario","Asfalto","S/D","II","Dentro","Urbana","S/D","S/D","Intersección","Bueno","Buena","Diurna","S/D","Lateral","S/D","Colisión","S/D","Faltante","S/D","S/D"
2016,6303,6/6/2016,"Lunes",0,22:34:00,"Ruta Provincial Brigadier E.López","15.0",2,"Automóvil,Automóvil"," ",2,0,0,0,0,0,2,,"Ruta","Brigadier E.López","SAN LORENZO","San Lorenzo","S/D","S/D","XVII","S/D","S/D","S/D","S/D","S/D","S/D","S/D","Nocturna","S/D","S/D","S/D","Colisión","S/D","S/D","S/D","S/D"
2016,6304,9/22/2016,"Jueves",0,17:15:00,,"0.0",2,"Bicicleta,Automóvil","Italia Y Belgrano",2,1,0,0,1,0,0,,"Calle",,"ALCORTA","Constitución","Asfalto","No existe","VI","Dentro","Urbana","Ninguna","No existe","Intersección","Bueno","Buena","Diurna","Buen Tiempo","S/D","Ciclista","Atropello","Ninguna","Faltante","Ninguna","Sin restricción"
2016,6305,9/8/2016,"Jueves",0,19:20:00,,"0.0",2,"Taxi/Remis,Moto/Ciclomotor","3 De Febrero Y Laprida",2,1,0,0,1,0,0,,"Calle",,"ROSARIO","Rosario","Asfalto","S/D","II","Dentro","Urbana","S/D","S/D","Intersección","Bueno","Buena","Diurna","S/D","Lateral","S/D","Colisión","S/D","S/D","S/D","S/D"
2016,6306,6/11/2016,"Sabado",0,22:34:00,"Ruta Provincial Brigadier E.López","155.0",1,"Automóvil","puente rio salado ",1,0,0,0,0,0,1,,"Ruta","Brigadier E.López","SANTO TOMÉ","La Capital","S/D","S/D","I","S/D","S/D","S/D","S/D","Puente","S/D","S/D","Diurna","S/D","S/D","S/D","Despiste","S/D","S/D","S/D","S/D"
2016,6307,9/18/2016,"Domingo",0,1:00:00,,"0.0",1,"Automóvil"," ",1,1,0,0,0,0,0,,"Camino Rural",,"EMPALME VILLA CONSTITUCIÓN","Constitución","Hormigón","Natural","VI","Dentro","Rural","Ninguna","No existe","Curva","Con baches","Buena","Nocturna,Con luz artificial","Buen Tiempo","S/D","S/D","Vuelco","Ninguna","Vertical","Ninguna","Sin restricción"
2016,6308,9/1/2016,"Jueves",0,10:00:00,,"0.0",2,"Automóvil,Bicicleta","Independencia ",2,1,0,0,1,0,0,,"Calle",,"VILLA CONSTITUCIÓN","Constitución","Asfalto","No existe","VI","Dentro","Urbana","Ninguna","No existe","Recta","Bueno","Buena","Diurna","Buen Tiempo","S/D","Ciclista","Atropello","Ninguna","Faltante","Ninguna","Sin restricción"
2016,6309,6/11/2016,"Sabado",0,12:30:00,"Ruta Provincial Brigadier E.López","11.0",2,"Automóvil,Automóvil"," ",2,2,0,0,0,0,0,,"Ruta","Brigadier E.López","FRAY LUIS BELTRÁN","San Lorenzo","S/D","S/D","XVII","S/D","S/D","S/D","S/D","S/D","S/D","S/D","Diurna","S/D","S/D","S/D","Colisión","S/D","S/D","S/D","S/D"
2016,6310,9/12/2016,"Lunes",0,6:45:00,,"0.0",2,"Automóvil,Automóvil","Montevideo Y Valparaiso",2,1,0,0,1,0,0,,"Calle",,"ROSARIO","Rosario","Asfalto","Pavimento","II","Dentro","Urbana","S/D","S/D","Intersección","S/D","S/D","Diurna","S/D","S/D","S/D","Colisión","S/D","S/D","S/D","S/D"
2016,6311,9/12/2016,"Lunes",0,9:00:00,,"0.0",2,"Bicicleta,Otros","Cordoba Y Rioja",2,1,0,0,1,0,0,,"Calle",,"ROSARIO","Rosario","Asfalto","Pavimento","II","Dentro","Urbana","S/D","S/D","Intersección","Bueno","S/D","Diurna","S/D","S/D","Ciclista","Atropello","S/D","S/D","S/D","S/D"
2016,6312,9/14/2016,"Miercoles",0,2:00:00,"Ruta Provincial 21","0.0",2,"Moto/Ciclomotor,Moto/Ciclomotor"," ",2,1,0,0,1,0,0,,"Ruta",21,"VILLA CONSTITUCIÓN","Constitución","Hormigón","No existe","VI","Dentro","Urbana","Ninguna","No existe","Recta","Bueno","Buena","Nocturna","Buen Tiempo","De alcance","S/D","Colisión","Ninguna","Faltante","Ninguna","Sin restricción"
2016,6313,6/12/2016,"Domingo",0,13:06:00,"Ruta Provincial Brigadier E.López","12.0",1,"Automóvil"," ",1,0,0,0,0,0,1,,"Ruta","Brigadier E.López","FRAY LUIS BELTRÁN","San Lorenzo","S/D","S/D","XVII","S/D","S/D","S/D","S/D","S/D","S/D","S/D","Diurna","S/D","S/D","S/D","Vuelco,Despiste","S/D","S/D","S/D","S/D"
2016,6314,9/16/2016,"Viernes",0,7:10:00,"Ruta Provincial 21","0.0",2,"Automóvil,Pickup/Utilitario","Comodoro Rivadavia Y Ruta Prov 21",2,1,0,0,1,0,0,,"Ruta",21,"VILLA CONSTITUCIÓN","Constitución","Asfalto","Pavimento","VI","Dentro","Urbana","Ninguna","No existe","Intersección","Bueno","Buena","Diurna","Buen Tiempo","Lateral","S/D","Colisión","Ninguna","Faltante","Ninguna","Sin restricción"
2016,6315,6/16/2016,"Jueves",0,1:36:00,"Ruta Provincial Brigadier E.López","89.0",2,"Automóvil,Automóvil"," ",2,0,0,0,0,0,2,,"Ruta","Brigadier E.López","SAN FABIÁN","San Jerónimo","S/D","S/D","XV","S/D","S/D","S/D","S/D","S/D","S/D","S/D","Nocturna","S/D","S/D","S/D","Colisión","S/D","S/D","S/D","S/D"
2016,6316,9/27/2016,"Martes",0,16:00:00,,"0.0",2,"Automóvil,Moto/Ciclomotor","Oroño 3565",2,1,0,0,1,0,0,,"Calle",,"VILLA CONSTITUCIÓN","Constitución","Asfalto","Pavimento","VI","Dentro","Urbana","Ninguna","No existe","Recta","Bueno","Buena","Diurna","Buen Tiempo","Lateral","S/D","Colisión","Ninguna","Faltante","Ninguna","Sin restricción"