"anio_acci","nro_acci","fecha","desc_dia","fecha_aprox","hora_aprox","desc_ruta","km","cant_participantes","desc_participante","calle_avenida_km","total","heridos_leves","heridos_graves","heridos_gravisimos","ilesos","fallecidos","sin_datos","posicion_XY","desc_tipo_via","desc_ruta_ori","desc_loc","desc_dpto","desc_tipo_calzada","desc_tipo_banquina","desc_unidad_regional","desc_lugar_calzada","desc_zona","desc_prioridad","desc_estado_semaforo","desc_lugar_via","desc_estado_via","desc_estado_visibilidad","desc_luminosidad","desc_estado_clima","desc_tipo_colision","desc_tipo_atropello","desc_tipo_hecho","desc_pres_calzada","desc_senializacion","desc_separacion_via","desc_restriccion"
2016,6317,9/27/2016,"Martes",0,12:10:00,"Ruta Provincial 21","0.0",2,"Automóvil,Moto/Ciclomotor","1ro de Mayo Y Ruta Prov 21",3,3,0,0,0,0,0,,"Ruta",21,"VILLA CONSTITUCIÓN","Constitución","Asfalto","Pavimento","VI","Dentro","Urbana","Ninguna","No existe","Recta","Bueno","Buena","Diurna","Buen Tiempo","Frontal","S/D","Colisión","Ninguna","Faltante","Ninguna","Sin restricción"
2016,6318,9/14/2016,"Miercoles",0,11:30:00,,"0.0",2,"Moto/Ciclomotor,Automóvil","Bv. Avellaneda Y E.Zeballos",2,1,0,0,1,0,0,,"Calle",,"ROSARIO","Rosario","Asfalto","Pavimento","II","Dentro","Urbana","S/D","S/D","Intersección","S/D","S/D","Diurna","S/D","S/D","S/D","Colisión","S/D","S/D","S/D","S/D"
2016,6319,9/7/2016,"Miercoles",0,17:00:00,,"0.0",2,"Automóvil,Moto/Ciclomotor","Neuquen Y Juan Jose de Urquiza",3,2,0,0,1,0,0,,"Calle",,"VILLA CONSTITUCIÓN","Constitución","Asfalto","Pavimento","VI","Dentro","Urbana","Ninguna","No existe","Intersección","Bueno","Buena","Diurna","Buen Tiempo","Lateral","S/D","Colisión","Ninguna","Faltante","Ninguna","Sin restricción"
2016,6320,9/13/2016,"Martes",0,10:30:00,,"0.0",2,"Taxi/Remis,Moto/Ciclomotor","Av. Ovidio Lagos Y 9 De Julio",2,0,1,0,1,0,0,,"Calle",,"ROSARIO","Rosario","Asfalto","No existe","II","Dentro","Urbana","S/D","S/D","Intersección","Bueno","S/D","Diurna","S/D","S/D","S/D","Colisión","S/D","S/D","S/D","S/D"
2016,6321,9/12/2016,"Lunes",0,17:50:00,,"0.0",2,"Moto/Ciclomotor,Pickup/Utilitario","Montevideo Y Vera Mujica",3,1,0,0,2,0,0,,"Calle",,"ROSARIO","Rosario","Asfalto","Pavimento","II","Dentro","Urbana","S/D","S/D","Intersección","S/D","Buena","Diurna","S/D","S/D","S/D","Colisión","S/D","S/D","S/D","S/D"
2016,6322,6/18/2016,"Sabado",0,19:20:00,"Autopista Provincial Brigadier E.López","14.0",2,"Moto/Ciclomotor,Pickup/Utilitario"," ",2,1,0,0,1,0,0,,"Autopista","Brigadier E.López","SAN LORENZO","San Lorenzo","S/D","S/D","XVII","S/D","Rural","S/D","S/D","S/D","S/D","S/D","Atardecer","S/D","S/D","S/D","Colisión","S/D","S/D","S/D","S/D"
2016,6323,9/12/2016,"Lunes",0,9:05:00,,"0.0",2,"Automóvil,Automóvil","San Martin Y Centeno",3,1,0,0,2,0,0,,"Calle",,"ROSARIO","Rosario","Asfalto","No existe","II","Dentro","Urbana","Ninguna","No existe","Intersección","Bueno","Buena","Diurna","Buen Tiempo","De alcance","S/D","Colisión","S/D","Faltante","Ninguna","Sin restricción"
2016,6324,6/23/2016,"Jueves",0,13:38:00,"Ruta Provincial Brigadier E.López","14.0",2,"Automóvil,Automóvil"," ",2,0,0,0,0,0,2,,"Ruta","Brigadier E.López","SAN LORENZO","San Lorenzo","S/D","S/D","XVII","S/D","S/D","S/D","S/D","S/D","S/D","S/D","Diurna","S/D","S/D","S/D","Colisión","S/D","S/D","S/D","S/D"
2016,6325,6/24/2016,"Viernes",0,7:03:00,"Ruta Provincial Brigadier E.López","59.0",1,," ",1,1,0,0,0,0,0,,"Ruta","Brigadier E.López","MACIEL","San Jerónimo","S/D","S/D","XV","S/D","S/D","S/D","S/D","S/D","S/D","S/D","Amanecer","S/D","S/D","S/D","Vuelco","S/D","S/D","S/D","S/D"
2016,6326,9/25/2016,"Domingo",0,3:25:00,,"0.0",2,"Moto/Ciclomotor,Pickup/Utilitario","D Izarra Y Perrissol",2,1,0,0,1,0,0,,"Calle",,"VILLA CONSTITUCIÓN","Constitución","Tierra","No existe","VI","Dentro","Urbana","Ninguna","No existe","Intersección","Bueno","Buena","Nocturna,Con luz artificial","Buen Tiempo","Lateral","S/D","Colisión","Ninguna","Faltante","Ninguna","Sin restricción"
2016,6327,6/24/2016,"Viernes",0,2:14:00,"Ruta Provincial Brigadier E.López","12.0",1,"Automóvil"," ",1,1,0,0,0,0,0,,"Ruta","Brigadier E.López","FRAY LUIS BELTRÁN","San Lorenzo","S/D","S/D","XVII","S/D","S/D","S/D","S/D","S/D","S/D","S/D","Nocturna","S/D","Atropello animal","S/D","Colisión","S/D","S/D","S/D","S/D"
2016,6328,9/30/2016,"Viernes",0,14:00:00,,"0.0",2,"Moto/Ciclomotor,Automóvil","Tabares Y S Rubios",2,1,0,0,1,0,0,,"Calle",,"VILLA CONSTITUCIÓN","Constitución","Tierra","Pavimento","VI","Dentro","Urbana","Ninguna","No existe","Intersección","Bueno","Buena","Diurna","Buen Tiempo","Lateral","S/D","Colisión","Ninguna","Faltante","Ninguna","Sin restricción"
2016,6329,9/6/2016,"Martes",0,7:50:00,,"0.0",2,"Moto/Ciclomotor,Automóvil","San Martin 2950",2,1,0,0,1,0,0,,"Calle",,"VILLA CONSTITUCIÓN","Constitución","Asfalto","Pavimento","VI","Dentro","Urbana","Ninguna","No existe","Recta","Bueno","Buena","Diurna","Buen Tiempo","De alcance","S/D","Colisión","Ninguna","Faltante","Ninguna","Sin restricción"
2016,6330,6/27/2016,"Lunes",0,8:05:00,"Ruta Provincial Brigadier E.López","65.0",1,"Camión"," ",1,0,0,0,0,0,1,,"Ruta","Brigadier E.López","MONJE","San Jerónimo","S/D","S/D","XV","S/D","S/D","S/D","S/D","S/D","S/D","S/D","Diurna","S/D","S/D","S/D","Despiste","S/D","S/D","S/D","S/D"
2016,6331,9/3/2016,"Sabado",0,21:00:00,,"0.0",2,"Bicicleta,Automóvil","Oroño Y D Izarra",2,1,0,0,1,0,0,,"Calle",,"VILLA CONSTITUCIÓN","Constitución","Asfalto","Pavimento","VI","Dentro","Urbana","Ninguna","No existe","Intersección","Bueno","Buena","Nocturna","Buen Tiempo","S/D","Ciclista","Atropello","Ninguna","Faltante","Ninguna","Sin restricción"
2016,6332,6/26/2016,"Domingo",0,17:34:00,"Ruta Provincial Brigadier E.López","15.0",1,"Automóvil"," ",1,0,0,0,0,0,1,,"Ruta","Brigadier E.López","SAN LORENZO","San Lorenzo","S/D","S/D","XVII","S/D","S/D","S/D","S/D","S/D","S/D","S/D","Diurna","S/D","S/D","S/D","Despiste","S/D","S/D","S/D","S/D"
2016,6333,6/26/2016,"Domingo",0,18:41:00,"Ruta Provincial Brigadier E.López","106.0",1,"Automóvil"," ",1,0,0,0,0,0,1,,"Ruta","Brigadier E.López","CORONDA","San Jerónimo","S/D","S/D","XVII","S/D","S/D","S/D","S/D","S/D","S/D","S/D","Diurna","S/D","S/D","S/D","Despiste","S/D","S/D","S/D","S/D"
2016,6334,9/6/2016,"Martes",0,7:30:00,,"0.0",2,"Moto/Ciclomotor,Automóvil","Luzuriaga Y Cochero",2,0,1,0,1,0,0,,"Calle",,"VILLA CONSTITUCIÓN","Constitución","Tierra","No existe","VI","Dentro","Urbana","Ninguna","No existe","Intersección","Deteriorada","Buena","Amanecer","Buen Tiempo","Lateral","S/D","Colisión","Ninguna","Faltante","Ninguna","Sin restricción"
2016,6335,9/11/2016,"Domingo",0,12:45:00,,"0.0",2,"Automóvil,Automóvil","Callao Y Dean Funes",4,1,0,0,3,0,0,,"Calle",,"ROSARIO","Rosario","Asfalto","No existe","II","Dentro","Urbana","Ninguna","No existe","Intersección","Bueno","Buena","Diurna","Buen Tiempo","De alcance","S/D","Colisión","S/D","Faltante","Ninguna","Sin restricción"
2016,6336,6/27/2016,"Lunes",0,8:58:00,"Ruta Provincial Brigadier E.López","1.0",1,"Automóvil"," ",1,0,0,0,0,0,1,,"Ruta","Brigadier E.López","GRANADERO BAIGORRIA","Rosario","S/D","S/D","II","S/D","S/D","S/D","S/D","S/D","S/D","S/D","Diurna","S/D","S/D","S/D","Despiste","S/D","S/D","S/D","S/D"
2016,6337,9/6/2016,"Martes",0,18:00:00,,"0.0",2,"Bicicleta,Automóvil","Las Heras Y Av. del Trabajo",2,1,0,0,1,0,0,,"Calle",,"VILLA CONSTITUCIÓN","Constitución","Tierra","Natural","VI","Dentro","Urbana","Ninguna","No existe","Recta","Bueno","Buena","Diurna","Buen Tiempo","S/D","S/D","Atropello","Ninguna","Faltante","Ninguna","Sin restricción"
2016,6338,9/11/2016,"Domingo",0,2:00:00,,"0.0",2,"Moto/Ciclomotor,Moto/Ciclomotor","Moreno Y Jose Ingenieros",2,2,0,0,0,0,0,,"Calle",,"VILLA CONSTITUCIÓN","Constitución","Asfalto","Pavimento","VI","Dentro","Urbana","Ninguna","No existe","Intersección","Bueno","Buena","Nocturna","Buen Tiempo","Frontal","S/D","Colisión","Ninguna","Faltante","Ninguna","Sin restricción"
2016,6339,9/1/2016,"Jueves",0,8:40:00,"Ruta Provincial 90","0.0",2,"Moto/Ciclomotor,Automóvil","San Juan ",2,1,0,0,1,0,0,,"Ruta",90,"VILLA CONSTITUCIÓN","Constitución","Asfalto","Natural","VI","S/D","Urbana","Otra Señal","No existe","Intersección","Bueno","Buena","Diurna","Buen Tiempo","S/D","S/D","Atropello","Ninguna","Vertical","Ninguna","Sin restricción"
2016,6340,9/20/2016,"Martes",0,,,"0.0",2,"Automóvil,Automóvil","Independencia Y Cordoba",5,3,0,0,2,0,0,,"Calle",,"VILLA CONSTITUCIÓN","Constitución","Asfalto","No existe","VI","Dentro","Urbana","Ninguna","No existe","Intersección","Bueno","Buena","Diurna","Buen Tiempo","Lateral","S/D","Colisión","Ninguna","Faltante","Ninguna","Sin restricción"
2016,6341,9/1/2016,"Jueves",0,16:00:00,,"0.0",2,"Moto/Ciclomotor,Automóvil","Lisandro de la Torre Y Guillermo Brown",3,2,0,0,1,0,0,,"Calle",,"VILLA CONSTITUCIÓN","Constitución","S/D","No existe","VI","S/D","Urbana","Ninguna","No existe","Intersección","Bueno","Buena","Diurna","Buen Tiempo","Lateral","S/D","Colisión","Ninguna","Vertical","Ninguna","Sin restricción"
2016,6342,9/20/2016,"Martes",0,,,"0.0",2,"Automóvil,Moto/Ciclomotor","14 de Febrero Y Moreno",2,0,1,0,1,0,0,,"Avenida",,"VILLA CONSTITUCIÓN","Constitución","Asfalto","No existe","VI","S/D","Urbana","Ninguna","No existe","Intersección","Bueno","Buena","Diurna","Buen Tiempo","Lateral","S/D","Colisión","Ninguna","Faltante","Ninguna","Sin restricción"
2016,6343,9/4/2016,"Domingo",0,,,"0.0",2,"Automóvil,Moto/Ciclomotor","Lisandro de la Torre Y Simon Bolivar",3,1,0,0,2,0,0,,"Avenida",,"VILLA CONSTITUCIÓN","Constitución","Asfalto","S/D","VI","S/D","Urbana","S/D","S/D","Intersección","Bueno","S/D","S/D","S/D","Lateral","S/D","Colisión","Ninguna","Faltante","Ninguna","Sin restricción"
2016,6344,9/11/2016,"Domingo",0,6:45:00,,"0.0",2,"Peatón,Pickup/Utilitario","Estado de Israel Y Av. Corrientes",2,1,0,0,1,0,0,,"Calle",,"ROSARIO","Rosario","Asfalto","No existe","II","Dentro","Urbana","Ninguna","No existe","Intersección","Bueno","Buena","Diurna","Buen Tiempo","S/D","Peatón","Atropello","Ninguna","Faltante","Ninguna","Sin restricción"
2016,6345,9/5/2016,"Lunes",0,9:35:00,,"0.0",2,"Moto/Ciclomotor,Automóvil","San Martin Y Cordoba",2,1,0,0,1,0,0,,"Avenida",,"VILLA CONSTITUCIÓN","Constitución","Asfalto","No existe","VI","Dentro","Urbana","Ninguna","S/D","Intersección","Bueno","Buena","Diurna","Buen Tiempo","Lateral","S/D","Colisión","Ninguna","Vertical","Ninguna","Sin restricción"
2016,6346,9/8/2016,"Jueves",0,12:50:00,,"0.0",2,"Pickup/Utilitario,Moto/Ciclomotor"," ",2,1,0,0,1,0,0,,"Calle",,"MONTE VERA","La Capital","Hormigón","Natural","I","Dentro","Urbana","Ninguna","No existe","Recta","Bueno","Buena","Diurna","Buen Tiempo","De alcance","S/D","Colisión","S/D","S/D","Ninguna","Sin restricción"
2016,6347,9/9/2016,"Viernes",0,14:00:00,,"0.0",2,"Moto/Ciclomotor,Pickup/Utilitario","Mitre Y Pte.Quintana",3,2,0,0,1,0,0,,"Calle",,"ROSARIO","Rosario","Asfalto","No existe","II","Dentro","Urbana","Ninguna","No existe","Intersección","Bueno","Buena","Diurna","Buen Tiempo","Lateral","S/D","Colisión","Ninguna","Faltante","Ninguna","Sin restricción"
2016,6348,9/1/2016,"Jueves",1,,"Ruta Provincial 2","5.0",2,"Moto/Ciclomotor,Automóvil"," ",2,1,0,0,1,0,0,,"Ruta",2,"SANTA FE","La Capital","Hormigón","Ripio","I","Dentro","Urbana","Ninguna","No existe","Recta","Bueno","Buena","Diurna","Buen Tiempo","Lateral","S/D","Colisión","S/D","S/D","Ninguna","Sin restricción"
2016,6349,9/7/2016,"Miercoles",0,16:30:00,,"0.0",2,"Automóvil,Moto/Ciclomotor","Dean Funes Y San Martin",2,1,0,0,1,0,0,,"Avenida",,"ROSARIO","Rosario","Asfalto","No existe","II","Dentro","Urbana","Semáforo","Funciona","Intersección","Bueno","Buena","Diurna","Buen Tiempo","Lateral","S/D","Colisión","Ninguna","Vertical","Ninguna","S/D"
2016,6350,9/8/2016,"Jueves",0,,,"0.0",2,"Automóvil,Bicicleta","San Martin Y Mendoza",2,1,0,0,1,0,0,,"Avenida",,"VILLA CONSTITUCIÓN","Constitución","Asfalto","S/D","VI","S/D","Urbana","Ninguna","S/D","Intersección","Bueno","S/D","S/D","Buen Tiempo","S/D","Ciclista","Atropello","Ninguna","Faltante","Ninguna","Sin restricción"
2016,6351,9/9/2016,"Viernes",0,20:50:00,,"0.0",2,"Moto/Ciclomotor,Pickup/Utilitario","San Martin 5500",2,1,0,0,1,0,0,,"Calle",,"SANTA FE","La Capital","Asfalto","Ripio","I","Dentro","Urbana","Ninguna","No existe","Recta","Bueno","Buena","Atardecer,Con luz artificial","Buen Tiempo","Lateral","S/D","Colisión","S/D","S/D","Línea divisoria pintada","Sin restricción"
2016,6352,9/11/2016,"Domingo",0,,,"0.0",2,"Moto/Ciclomotor,Automóvil","San Juan Y Vera Mujica",2,1,0,0,1,0,0,,"Calle",,"ROSARIO","Rosario","Asfalto","Pavimento","II","Dentro","Urbana","S/D","S/D","Intersección","S/D","S/D","S/D","S/D","Lateral","S/D","Colisión","S/D","S/D","Cordón divisorio","S/D"
2016,6353,9/10/2016,"Sabado",0,18:10:00,"Ruta Provincial 2","20.0",2,"Moto/Ciclomotor,Pickup/Utilitario"," ",3,2,0,0,1,0,0,,"Ruta",2,"SANTA FE","La Capital","Hormigón","Natural","I","Dentro","Urbana","Ninguna","No existe","Recta","Bueno","Buena","Diurna","Buen Tiempo","Lateral","S/D","Colisión","S/D","S/D","Ninguna","Sin restricción"
2016,6354,9/9/2016,"Viernes",0,1:00:00,,"0.0",2,"Moto/Ciclomotor,Automóvil","Simon Bolivar Y Presidente Peron",2,1,0,0,1,0,0,,"Calle",,"VILLA CONSTITUCIÓN","Constitución","Asfalto","No existe","VI","S/D","Urbana","Ninguna","No existe","Intersección","Otro","Buena","Nocturna","Buen Tiempo","Lateral","S/D","Colisión","Ninguna","Faltante","Ninguna","Sin restricción"
2016,6355,9/30/2016,"Viernes",0,12:20:00,,"0.0",2,"Taxi/Remis,Automóvil","Santiago Y Montevideo",3,1,0,0,2,0,0,,"Calle",,"ROSARIO","Rosario","Asfalto","Pavimento","II","Dentro","Urbana","S/D","No existe","Intersección","S/D","Buena","Diurna","Buen Tiempo","Lateral","S/D","Colisión","S/D","S/D","Cordón divisorio","S/D"
2016,6356,9/12/2016,"Lunes",0,19:00:00,,"0.0",2,"Moto/Ciclomotor,Automóvil","AV A DEL VALLE Y A. LOS QUINTEROS",3,2,0,0,1,0,0,,"Calle",,"ANGEL GALLARDO","La Capital","Hormigón","Natural","I","Dentro","Urbana","Ninguna","No existe","Intersección","Bueno","Buena","Atardecer","Buen Tiempo","Lateral","S/D","Colisión","S/D","Faltante","Ninguna","Sin restricción"
2016,6357,9/11/2016,"Domingo",0,17:00:00,,"0.0",2,"Automóvil,Automóvil","Salta Y Moreno",3,1,0,0,2,0,0,,"S/D",,"VILLA CONSTITUCIÓN","Constitución","Asfalto","No existe","VI","Dentro","Urbana","Ninguna","No existe","Intersección","Otro","Buena","Diurna","Buen Tiempo","Lateral","S/D","Colisión","Ninguna","Faltante","Ninguna","Sin restricción"
2016,6358,9/19/2016,"Lunes",0,19:50:00,"Ruta Provincial 2","20.0",1,"Automóvil"," ",2,1,0,0,1,0,0,,"Ruta",2,"SANTA FE","La Capital","Hormigón","Natural","I","Dentro","Urbana","Ninguna","No existe","Recta","Bueno","Buena","Atardecer","Buen Tiempo","S/D","S/D","Vuelco","S/D","S/D","Ninguna","Sin restricción"
2016,6359,9/3/2016,"Sabado",0,8:50:00,,"0.0",2,"Automóvil,Bicicleta","Italia Y Salta",2,1,0,0,1,0,0,,"Calle",,"ROSARIO","Rosario","Asfalto","Pavimento","II","Dentro","Urbana","Ninguna","No existe","Intersección","Bueno","Buena","Diurna","Buen Tiempo","S/D","S/D","Atropello","Ninguna","Faltante","Ninguna","Sin restricción"
2016,6360,9/22/2016,"Jueves",0,11:00:00,,"0.0",2,"Pickup/Utilitario,Moto/Ciclomotor","P Gozzarelli Y Santa Fe",3,2,0,0,1,0,0,,"Calle",,"MONTE VERA","La Capital","Ripio","No existe","I","Dentro","Urbana","Ninguna","No existe","Intersección","Bueno","Buena","Diurna","Buen Tiempo","Lateral","S/D","Colisión","S/D","Faltante","Ninguna","Sin restricción"
2016,6361,9/6/2016,"Martes",0,14:10:00,,"0.0",2,"Automóvil,Moto/Ciclomotor","Bv. Oroño Y Jujuy",2,1,0,0,1,0,0,,"Avenida",,"ROSARIO","Rosario","Asfalto","Pavimento","II","Dentro","Urbana","Ninguna","No existe","Intersección","Bueno","Buena","Diurna","Buen Tiempo","Lateral","S/D","Colisión","Ninguna","S/D","Ninguna","Sin restricción"
2016,6362,9/12/2016,"Lunes",0,15:30:00,,"0.0",2,"Moto/Ciclomotor,Automóvil","Santiago del Estero Y Moreno",3,1,0,0,1,0,1,,"Calle",,"VILLA CONSTITUCIÓN","Constitución","Asfalto","No existe","VI","Dentro","Urbana","Ninguna","No existe","Intersección","Otro","Buena","Diurna","Lluvia","Lateral","S/D","Colisión","Ninguna","Faltante","Ninguna","Sin restricción"
2016,6363,9/7/2016,"Miercoles",0,10:50:00,,"0.0",2,"Moto/Ciclomotor,Pickup/Utilitario","Italia Y Catamarca",2,1,0,0,1,0,0,,"Calle",,"ROSARIO","Rosario","Asfalto","Pavimento","II","Dentro","Urbana","Ninguna","No existe","Intersección","Bueno","Buena","Diurna","Buen Tiempo","Lateral","S/D","Colisión","Ninguna","Faltante","Ninguna","Sin restricción"
2016,6364,9/12/2016,"Lunes",0,21:30:00,,"0.0",2,"Moto/Ciclomotor,Automóvil","Juan Jose de Urquiza Y Santiago del Estero",2,1,0,0,0,0,1,,"Calle",,"VILLA CONSTITUCIÓN","Constitución","Asfalto","S/D","VI","Dentro","Urbana","Ninguna","S/D","Intersección","Bueno","S/D","Nocturna","Buen Tiempo","Lateral","S/D","Colisión","Ninguna","Faltante","Ninguna","Sin restricción"
2016,6365,9/9/2016,"Viernes",0,13:30:00,,"0.0",2,"Taxi/Remis,Automóvil","San Martin Y San Lorenzo",2,1,0,0,1,0,0,,"Calle",,"ROSARIO","Rosario","Asfalto","Pavimento","II","Dentro","Urbana","S/D","No existe","Intersección","Bueno","Buena","Diurna","Buen Tiempo","Lateral","S/D","Colisión","S/D","Vertical","Ninguna","Sin restricción"
2016,6366,5/22/2016,"Domingo",0,21:15:00,"Ruta Provincial 2","0.0",2,"Moto/Ciclomotor,Automóvil","CAMPO CRESPO ",3,0,1,0,2,0,0,,"Ruta",2,"ANGEL GALLARDO","La Capital","Hormigón","Ripio","I","Dentro","Urbana","Ninguna","No existe","Intersección","Bueno","Buena","Nocturna,Con luz artificial","Buen Tiempo","Lateral","S/D","Colisión","S/D","Vertical","Ninguna","Sin restricción"
2016,6367,9/12/2016,"Lunes",0,13:30:00,,"0.0",2,"Automóvil,Automóvil","Bv. Oroño Y San Lorenzo",2,1,0,0,1,0,0,,"Avenida",,"ROSARIO","Rosario","Asfalto","Pavimento","II","Dentro","Urbana","Ninguna","No existe","Intersección","Bueno","Buena","Diurna","Buen Tiempo","Lateral","S/D","Colisión","Ninguna","Vertical","Ninguna","Sin restricción"
2016,6368,9/14/2016,"Miercoles",0,16:10:00,,"0.0",2,"Automóvil,Moto/Ciclomotor","Moreno ",2,1,0,0,1,0,0,,"Avenida",,"VILLA CONSTITUCIÓN","Constitución","Asfalto","Natural","VI","Dentro","Urbana","Ninguna","No existe","Intersección","Bueno","S/D","Diurna","Buen Tiempo","Lateral","S/D","Colisión","Agua","Vertical","Ninguna","Sin restricción"
2016,6369,9/4/2016,"Domingo",0,12:00:00,,"0.0",2,"Bicicleta,Automóvil","Gdor Candioti Y Av Santa Fe",2,1,0,0,1,0,0,,"Calle",,"SANTA FE","La Capital","Asfalto","No existe","I","Dentro","Urbana","Ninguna","No existe","Intersección","Bueno","Buena","Diurna","Buen Tiempo","S/D","Ciclista","Atropello","S/D","Vertical","Ninguna","Sin restricción"
2016,6370,9/14/2016,"Miercoles",0,13:10:00,,"0.0",2,"Automóvil,Peatón","Santiago Y Tucuman",2,1,0,0,1,0,0,,"Calle",,"ROSARIO","Rosario","Asfalto","Pavimento","II","Dentro","Urbana","Ninguna","No existe","Intersección","Bueno","Buena","Diurna","Buen Tiempo","S/D","Peatón","Atropello","Ninguna","Faltante","Ninguna","Sin restricción"
2016,6371,9/12/2016,"Lunes",0,20:00:00,,"0.0",2,"Moto/Ciclomotor,Automóvil","San Martin Y 25 de Mayo",2,1,0,0,1,0,0,,"Calle",,"SANTA FE","La Capital","Hormigón","No existe","I","Dentro","Urbana","Ninguna","No existe","Intersección","Bueno","Buena","Atardecer,Con luz artificial","Buen Tiempo","Lateral","S/D","Colisión","S/D","Horizontal,Vertical","Vegetación","Sin restricción"
2016,6372,9/14/2016,"Miercoles",0,9:30:00,,"0.0",2,"Bicicleta,Otros","14 de Febrero Y Saavedra",2,1,0,0,1,0,0,,"Avenida",,"VILLA CONSTITUCIÓN","Constitución","Asfalto","No existe","VI","Dentro","Urbana","Semáforo","Funciona","Intersección","Bueno","Buena","Diurna","Buen Tiempo","S/D","S/D","Atropello","Ninguna","Vertical","Barrera de hormigón","Sin restricción"
2016,6373,9/20/2016,"Martes",0,18:30:00,,"0.0",2,"Moto/Ciclomotor,Taxi/Remis","Bv. Oroño Y Jujuy",2,1,0,0,1,0,0,,"Avenida",,"ROSARIO","Rosario","Asfalto","Pavimento","II","Dentro","Urbana","Ninguna","No existe","Intersección","Bueno","Buena","Diurna","Buen Tiempo","Lateral","S/D","Colisión","Ninguna","Vertical","S/D","Sin restricción"
2016,6374,9/13/2016,"Martes",0,19:00:00,,"0.0",2,"Moto/Ciclomotor,Automóvil","Rivadavia Y Obrero",3,0,2,0,1,0,0,,"Calle",,"LAGUNA PAIVA","La Capital","Asfalto","No existe","I","Dentro","Urbana","Ninguna","No existe","Intersección","Bueno","Buena","Atardecer,Con luz artificial","Buen Tiempo","Lateral","S/D","Colisión","S/D","Vertical","Ninguna","Sin restricción"
2016,6375,9/14/2016,"Miercoles",0,13:10:00,,"0.0",2,"Moto/Ciclomotor,Otros","Lisandro de la Torre Y Simon Bolivar",3,2,0,0,1,0,0,,"Calle",,"VILLA CONSTITUCIÓN","Constitución","Asfalto","No existe","VI","Dentro","Urbana","Ninguna","No existe","Intersección","Bueno","Buena","Diurna","Buen Tiempo","S/D","S/D","Colisión","Ninguna","Faltante","Ninguna","Sin restricción"
2016,6376,9/6/2016,"Martes",0,7:35:00,,"0.0",2,"Moto/Ciclomotor,Automóvil","Sarmiento Y J J Paso",2,1,0,0,1,0,0,,"Calle",,"SANTA FE","La Capital","Asfalto","No existe","I","Dentro","Urbana","Ninguna","No existe","Intersección","Bueno","Buena","Diurna","Buen Tiempo","Lateral","S/D","Colisión","Ninguna","S/D","Ninguna","Sin restricción"
2016,6377,9/16/2016,"Viernes",0,8:00:00,,"0.0",2,"Moto/Ciclomotor,Automóvil","Boassi Y Saavedra",3,2,0,0,1,0,0,,"Calle",,"LAGUNA PAIVA","La Capital","Hormigón","No existe","I","Dentro","Urbana","Ninguna","No existe","Intersección","Bueno","Buena","Diurna","Buen Tiempo","Lateral","S/D","Colisión","S/D","Horizontal","Ninguna","Sin restricción"
2016,6378,9/21/2016,"Miercoles",0,12:40:00,,"0.0",2,"Moto/Ciclomotor,Automóvil","Jose De San Martin Y Cordoba",2,1,0,0,1,0,0,,"Calle",,"SANTO TOMÉ","La Capital","Asfalto","No existe","I","Dentro","Urbana","Ninguna","No existe","Intersección","Bueno","Buena","Diurna","Buen Tiempo","Lateral","S/D","Colisión","Ninguna","Horizontal,Vertical","Ninguna","Sin restricción"
2016,6379,9/10/2016,"Sabado",0,14:30:00,"Autopista Provincial Brigadier E.López","154.0",2,"Automóvil,Automóvil"," ",2,1,0,0,1,0,0,,"Autopista","Brigadier E.López","SANTO TOMÉ","La Capital","Asfalto","No existe","I","Dentro","Rural","Ninguna","No existe","Recta","Bueno","Buena","Diurna","Buen Tiempo","Lateral","S/D","Colisión","Ninguna","Faltante","Ninguna","Sin restricción"
2016,6380,9/17/2016,"Sabado",0,23:45:00,,"0.0",2,"Bicicleta,Moto/Ciclomotor","Av L de la Torre 3550",2,2,0,0,0,0,0,,"Calle",,"LAGUNA PAIVA","La Capital","Asfalto","No existe","I","Dentro","Urbana","Ninguna","No existe","Recta","Bueno","Buena","Nocturna,Con luz artificial","Buen Tiempo","Lateral","Ciclista","Atropello","S/D","Vertical","Ninguna","Sin restricción"
2016,6381,9/23/2016,"Viernes",0,22:00:00,,"0.0",2,"Moto/Ciclomotor,Automóvil","Mariano Candioti Y Av 7 de marzo",2,1,0,0,1,0,0,,"Avenida",,"SANTO TOMÉ","La Capital","Asfalto","No existe","I","S/D","Urbana","Otra Señal","No existe","Otro","Bueno","Buena","Nocturna","Buen Tiempo","Lateral","S/D","Colisión","Ninguna","Horizontal,Vertical","Línea divisoria pintada","Sin restricción"
2016,6382,9/24/2016,"Sabado",0,16:00:00,,"0.0",2,"Moto/Ciclomotor,Moto/Ciclomotor","Rivadavia Y Juan B Alberdi",2,2,0,0,0,0,0,,"Calle",,"LAGUNA PAIVA","La Capital","Hormigón","No existe","I","Dentro","Urbana","Semáforo","Funciona","Intersección","Bueno","Buena","Diurna","Buen Tiempo","Lateral","S/D","Colisión","S/D","Horizontal,Vertical","Ninguna","Sin restricción"