"anio_acci","nro_acci","fecha","desc_dia","fecha_aprox","hora_aprox","desc_ruta","km","cant_participantes","desc_participante","calle_avenida_km","total","heridos_leves","heridos_graves","heridos_gravisimos","ilesos","fallecidos","sin_datos","posicion_XY","desc_tipo_via","desc_ruta_ori","desc_loc","desc_dpto","desc_tipo_calzada","desc_tipo_banquina","desc_unidad_regional","desc_lugar_calzada","desc_zona","desc_prioridad","desc_estado_semaforo","desc_lugar_via","desc_estado_via","desc_estado_visibilidad","desc_luminosidad","desc_estado_clima","desc_tipo_colision","desc_tipo_atropello","desc_tipo_hecho","desc_pres_calzada","desc_senializacion","desc_separacion_via","desc_restriccion"
2016,6383,9/18/2016,"Domingo",0,21:00:00,,"0.0",2,"Moto/Ciclomotor,Automóvil","Roque Saenz Peña Y Juan Jose Paso",2,1,0,0,1,0,0,,"Calle",,"SANTO TOMÉ","La Capital","Asfalto","No existe","I","Dentro","Urbana","Ninguna","No existe","Intersección","Bueno","Buena","Nocturna","Buen Tiempo","Lateral","S/D","Colisión","Ninguna","Faltante","Ninguna","Sin restricción"
2016,6384,9/1/2016,"Jueves",1,,,"0.0",2,"Bicicleta,Moto/Ciclomotor"," ",3,3,0,0,0,0,0,,"Calle",,"LAGUNA PAIVA","La Capital","S/D","S/D","I","Dentro","Urbana","S/D","S/D","S/D","S/D","S/D","Diurna","S/D","S/D","Ciclista","Atropello","S/D","S/D","S/D","S/D"
2016,6385,9/6/2016,"Martes",0,19:00:00,,"0.0",2,"Moto/Ciclomotor,Taxi/Remis","Lisandro de La Torre Y  Saavedra Miguel de Cervantes",2,0,1,0,1,0,0,,"Calle",,"SANTO TOMÉ","La Capital","Asfalto","No existe","I","Dentro","Urbana","Ninguna","No existe","Intersección","Bueno","Buena","Atardecer","Buen Tiempo","Lateral","S/D","Colisión","Ninguna","S/D","Ninguna","Sin restricción"
2016,6386,9/26/2016,"Lunes",0,14:20:00,,"0.0",2,"Moto/Ciclomotor,Automóvil","Jose De San Martin Y Presidente Bernardino Rivadavi",2,1,0,0,1,0,0,,"Calle",,"SANTO TOMÉ","La Capital","Asfalto","No existe","I","Dentro","Urbana","Ninguna","No existe","Intersección","Bueno","Buena","Diurna","Buen Tiempo","Lateral","S/D","Colisión","Ninguna","S/D","Ninguna","Sin restricción"
2016,6387,9/23/2016,"Viernes",0,,"Ruta Nacional 168","4.0",2,"Bicicleta,Bicicleta"," ",2,0,1,0,1,0,0,,"Ruta",168,"SANTA FE","La Capital","Asfalto","No existe","I","Dentro","Urbana","Ninguna","No existe","Puente","Bueno","Buena","Diurna","Buen Tiempo","De alcance","Ciclista","Atropello","S/D","Faltante","Guardarrail","Sin restricción"
2016,6388,9/9/2016,"Viernes",0,8:45:00,,"0.0",2,"Moto/Ciclomotor,Automóvil","Mariano Moreno Y Balcarce",2,1,0,0,1,0,0,,"Calle",,"SANTO TOMÉ","La Capital","Asfalto","S/D","I","Dentro","Urbana","Ninguna","No existe","Intersección","Bueno","Buena","Diurna","Buen Tiempo","Lateral","S/D","Colisión","Ninguna","Faltante","Ninguna","Sin restricción"
2016,6389,9/6/2016,"Martes",0,13:30:00,"Ruta Provincial 1","2.0",2,"Camión Chasis,Moto/Ciclomotor"," ",3,0,1,2,0,0,0,,"Ruta",1,"COLASTINE","La Capital","Asfalto","Ripio","I","Dentro","Urbana","Semáforo","Funciona","S/D","Bueno","Buena","Diurna","Buen Tiempo","Lateral","S/D","Colisión","S/D","Horizontal","Guardarrail","S/D"
2016,6390,9/12/2016,"Lunes",0,15:00:00,,"0.0",2,"Moto/Ciclomotor,Automóvil","Mariano Candioti Y Santiago Del Estero",2,1,0,0,1,0,0,,"Calle",,"SANTO TOMÉ","La Capital","Asfalto","S/D","I","Dentro","Urbana","Ninguna","No existe","Intersección","Bueno","Buena","Diurna","Buen Tiempo","Lateral","S/D","Colisión","Ninguna","Faltante","Ninguna","Sin restricción"
2016,6391,9/27/2016,"Martes",0,8:20:00,,"0.0",2,"Moto/Ciclomotor,Camión Chasis","Jose De San Martin Y Libertad",2,0,1,0,1,0,0,,"Calle",,"SANTO TOMÉ","La Capital","Asfalto","No existe","I","Dentro","Urbana","Ninguna","No existe","Intersección","Bueno","Buena","Diurna","Buen Tiempo","Lateral","S/D","Colisión","Ninguna","Horizontal,Vertical","Ninguna","S/D"
2016,6392,9/23/2016,"Viernes",0,18:45:00,,"0.0",2,"Taxi/Remis,Moto/Ciclomotor","Saavedra ",2,1,0,0,1,0,0,,"Calle",,"SANTA FE","La Capital","Arena","No existe","I","Dentro","Urbana","Ninguna","No existe","Intersección","Bueno","Buena","Atardecer","Buen Tiempo","Lateral","S/D","Colisión","Material Suelto","S/D","Ninguna","Sin restricción"
2016,6393,9/4/2016,"Domingo",0,9:20:00,,"0.0",2,"Moto/Ciclomotor,Automóvil"," Saavedra Miguel de Cervantes Y Aritobulo del Valle",3,2,0,0,1,0,0,,"Calle",,"SANTO TOMÉ","La Capital","Asfalto","No existe","I","Dentro","Urbana","Ninguna","No existe","Intersección","Bueno","Buena","Diurna","Buen Tiempo","Lateral","S/D","Colisión","Ninguna","S/D","Ninguna","Sin restricción"
2016,6394,9/19/2016,"Lunes",0,13:25:00,,"0.0",2,"Moto/Ciclomotor,Moto/Ciclomotor","Luis Leon de lo Santos Y Capitan Martin Anton",2,2,0,0,0,0,0,,"Calle",,"SAN JOSÉ DEL RINCÓN","La Capital","Arena","S/D","I","Dentro","Urbana","Ninguna","S/D","Intersección","Bueno","Buena","Diurna","Buen Tiempo","Lateral","S/D","Colisión","S/D","S/D","Ninguna","Sin restricción"
2016,6395,9/7/2016,"Miercoles",0,15:15:00,"Ruta Nacional 11","0.0",2,"Moto/Ciclomotor,Automóvil","Mariano Candioti Y Ruta 11 Avenida Richieri",2,1,0,0,1,0,0,,"Ruta",11,"SANTO TOMÉ","La Capital","Asfalto","Natural","I","Dentro","Urbana","Ninguna","No existe","Cruce","Con baches","Buena","Diurna","Buen Tiempo","Lateral","S/D","Colisión","S/D","S/D","Línea divisoria pintada","Sin restricción"
2016,6396,9/3/2016,"Sabado",0,12:30:00,"Ruta Provincial 1","5.0",2,"Automóvil,Moto/Ciclomotor"," ",2,2,0,0,0,0,0,,"Ruta",1,"SAN JOSÉ DEL RINCÓN","La Capital","Arena","No existe","I","Dentro","Urbana","Ninguna","No existe","Intersección","S/D","Buena","Diurna","Buen Tiempo","Lateral","S/D","Colisión","S/D","S/D","Ninguna","Sin restricción"
2016,6397,9/28/2016,"Miercoles",0,10:00:00,,"0.0",2,"Moto/Ciclomotor,Automóvil","Simon de Iriondo Y Cristobal Colon",4,1,0,0,3,0,0,,"Calle",,"SANTO TOMÉ","La Capital","Asfalto","No existe","I","Dentro","Urbana","Ninguna","No existe","Intersección","Bueno","Buena","Diurna","Buen Tiempo","S/D","S/D","Colisión","Ninguna","Horizontal","Ninguna","Sin restricción"
2016,6398,9/7/2016,"Miercoles",0,9:30:00,,"0.0",1,"Moto/Ciclomotor","Mariano Candioti Y Aritobulo del Valle",1,1,0,0,0,0,0,,"Calle",,"SANTO TOMÉ","La Capital","Asfalto","No existe","I","Dentro","Urbana","Ninguna","No existe","Recta","Bueno","Buena","Diurna","Buen Tiempo","S/D","S/D","Caída ocupante","Material Suelto","Faltante","Línea divisoria pintada","Sin restricción"
2016,6399,9/3/2016,"Sabado",0,12:30:00,"Ruta Provincial 1","5.0",2,"Automóvil,Moto/Ciclomotor"," ",2,1,0,0,1,0,0,,"Ruta",1,"SAN JOSÉ DEL RINCÓN","La Capital","Asfalto","Natural","I","Dentro","Urbana","S/D","No existe","Recta","Bueno","Buena","Diurna","S/D","S/D","S/D","Colisión","S/D","Horizontal","Línea divisoria pintada","Obra en Construcción"
2016,6400,9/29/2016,"Jueves",0,6:45:00,,"0.0",2,"Moto/Ciclomotor,Moto/Ciclomotor","Paula Albarracin de Sarmiento Y Mariano Moreno",2,2,0,0,0,0,0,,"Avenida",,"SANTO TOMÉ","La Capital","Asfalto","No existe","I","Dentro","Urbana","Ninguna","No existe","Intersección","Bueno","Buena","Amanecer","Buen Tiempo","Lateral","S/D","Colisión","Ninguna","Horizontal,Vertical","Línea divisoria pintada","Sin restricción"
2016,6401,9/18/2016,"Domingo",0,19:00:00,,"0.0",2,"Automóvil,Moto/Ciclomotor","Brasil Y Ecuador",3,1,0,0,2,0,0,,"Calle",,"SAUCE VIEJO","La Capital","Tierra","No existe","I","Dentro","Urbana","Ninguna","No existe","Intersección","Bueno","Buena","Atardecer","Buen Tiempo","Lateral","S/D","Colisión","Ninguna","Faltante","Ninguna","Sin restricción"
2016,6402,9/29/2016,"Jueves",0,11:00:00,,"0.0",2,"Automóvil,Moto/Ciclomotor","De Los Lapachos Y Callejon Tranquilo",2,1,0,0,1,0,0,,"Calle",,"SAN JOSÉ DEL RINCÓN","La Capital","Tierra","No existe","I","Dentro","Urbana","Ninguna","No existe","Recta","Bueno","Buena","Diurna","Buen Tiempo","Lateral","S/D","Colisión","S/D","Faltante","Ninguna","Sin restricción"
2016,6403,9/26/2016,"Lunes",0,15:15:00,,"0.0",2,"Moto/Ciclomotor,Automóvil","Juan Jose Castelli Y Paula Albarracin de Sarmiento",2,1,0,0,1,0,0,,"S/D",,"SANTO TOMÉ","La Capital","Asfalto","No existe","I","S/D","S/D","Ninguna","No existe","Intersección","Bueno","Buena","Diurna","Buen Tiempo","Lateral","S/D","Colisión","Ninguna","Horizontal,Vertical","Línea divisoria pintada","Sin restricción"
2016,6404,9/23/2016,"Viernes",0,8:20:00,"Ruta Nacional 11","449.0",1,"Automóvil"," ",1,1,0,0,0,0,0,,"Ruta",11,"SAUCE VIEJO","La Capital","S/D","Natural","I","Dentro","Urbana","Ninguna","No existe","Recta","S/D","Buena","Diurna","Buen Tiempo","S/D","S/D","Despiste","S/D","S/D","Línea divisoria pintada","Sin restricción"
2016,6405,9/6/2016,"Martes",0,5:00:00,"Ruta Provincial 1","0.0",2,"Pickup/Utilitario,Automóvil","Gregorio Gamboa ",2,1,0,0,1,0,0,,"Ruta",1,"SAN JOSÉ DEL RINCÓN","La Capital","Asfalto","Pavimento","I","Dentro","Urbana","Semáforo","Funciona","Recta","Bueno","Buena","Amanecer","Buen Tiempo","Lateral","S/D","Colisión","S/D","Vertical","Ninguna","Sin restricción"
2016,6406,9/9/2016,"Viernes",0,13:15:00,"Ruta Provincial 1","4.0",2,"Pickup/Utilitario,Moto/Ciclomotor"," ",2,1,0,0,1,0,0,,"Ruta",1,"SAN JOSÉ DEL RINCÓN","La Capital","S/D","S/D","I","Dentro","Urbana","S/D","S/D","S/D","S/D","Buena","Diurna","S/D","S/D","S/D","Colisión","S/D","S/D","S/D","S/D"
2016,6407,9/13/2016,"Martes",0,15:20:00,,"0.0",2,"Automóvil,Pickup/Utilitario","Centenario Y Nicolas Avellaneda",2,1,0,0,1,0,0,,"Calle",,"SANTO TOMÉ","La Capital","Asfalto","No existe","I","Dentro","Urbana","Ninguna","No existe","Recta","Bueno","Buena","Diurna","Buen Tiempo","Lateral","S/D","Colisión","S/D","Horizontal","Ninguna","Sin restricción"
2016,6408,9/22/2016,"Jueves",0,17:50:00,"Ruta Nacional 11","0.0",2,"Pickup/Utilitario,Bicicleta","Juan de Garay Y Juan Diaz de Solis",2,1,0,0,1,0,0,,"Ruta",11,"RECREO","La Capital","Tierra","Natural","I","S/D","Rural","Ninguna","No existe","Intersección","Bueno","Buena","Diurna","Buen Tiempo","S/D","Ciclista","Atropello","Ninguna","Faltante","S/D","Sin restricción"
2016,6409,9/8/2016,"Jueves",0,22:00:00,,"0.0",2,"Automóvil,Moto/Ciclomotor","Av 7 de marzo Y Juan Jose Castelli",3,1,1,0,1,0,0,,"Avenida",,"SANTO TOMÉ","La Capital","Asfalto","No existe","I","Dentro","Urbana","Otra Señal","No existe","Intersección","Bueno","Buena","Nocturna","Buen Tiempo","Lateral","S/D","Colisión","Ninguna","S/D","Ninguna","Sin restricción"
2016,6410,9/19/2016,"Lunes",0,17:15:00,,"0.0",2,"Automóvil,Moto/Ciclomotor","Aldao Y Storni A",3,1,0,0,2,0,0,,"Calle",,"RECREO","La Capital","Asfalto","No existe","I","Dentro","Urbana","Ninguna","No existe","Intersección","S/D","Buena","Diurna","Buen Tiempo","Lateral","S/D","Colisión","Ninguna","Faltante","Ninguna","Sin restricción"
2016,6411,9/9/2016,"Viernes",0,17:15:00,,"0.0",2,"Camión c / Acoplado,Moto/Ciclomotor","Gregorio Gamboa Y Capitan Martin Anton",2,1,0,0,1,0,0,,"Calle",,"SAN JOSÉ DEL RINCÓN","La Capital","Asfalto","No existe","I","Dentro","Urbana","Ninguna","No existe","Intersección","Bueno","Buena","Atardecer","Buen Tiempo","Lateral","S/D","Colisión","S/D","Faltante","Cordón divisorio","Sin restricción"
2016,6412,9/20/2016,"Martes",0,17:15:00,,"0.0",2,"Moto/Ciclomotor,Pickup/Utilitario","Roverano Y Batalla de Ituzaingo",2,1,0,0,1,0,0,,"Calle",,"SANTO TOMÉ","La Capital","Tierra","No existe","I","Dentro","Urbana","Ninguna","No existe","Intersección","Con baches","Buena","Atardecer","Buen Tiempo","Frontal","S/D","Colisión","S/D","Faltante","Ninguna","Sin restricción"
2016,6413,9/13/2016,"Martes",0,,"Ruta Nacional 11","490.0",2,"Automóvil,Camión"," ",2,1,0,0,0,0,1,,"Ruta",11,"RECREO","La Capital","Asfalto","Natural","I","Dentro","Rural","Marca Vial","No existe","Recta","Bueno","Buena","Diurna","Buen Tiempo","S/D","S/D","Colisión","Ninguna","Faltante","Ninguna","Sin restricción"
2016,6414,9/10/2016,"Sabado",0,11:30:00,,"0.0",2,"Moto/Ciclomotor,Pickup/Utilitario","Av Santa Fe Y 9 de Julio",2,1,1,0,0,0,0,,"Calle",,"NELSON","La Capital","Asfalto","Natural","I","Dentro","Urbana","Ninguna","No existe","Intersección","Bueno","Buena","Nocturna,Con luz artificial","Buen Tiempo","Lateral","S/D","Colisión","Ninguna","Horizontal","Línea divisoria pintada","Sin restricción"
2016,6415,9/7/2016,"Miercoles",0,,"Ruta Nacional 11","0.0",2,"Moto/Ciclomotor,Automóvil","Juan de Garay 1900",2,1,0,0,1,0,0,,"Ruta",11,"RECREO","La Capital","Asfalto","Natural","I","S/D","Urbana","Marca Vial","No existe","Recta","Bueno","Buena","Diurna","Buen Tiempo","Lateral","S/D","Colisión","Ninguna","Horizontal","Línea divisoria pintada","Sin restricción"
2016,6416,9/8/2016,"Jueves",0,15:45:00,,"0.0",2,"Bicicleta,Automóvil","Juan de Garay Y J Macia",2,1,0,0,1,0,0,,"Calle",,"SANTO TOMÉ","La Capital","Asfalto","No existe","I","Dentro","Urbana","Ninguna","No existe","Intersección","Bueno","Buena","Diurna","Buen Tiempo","S/D","Ciclista","Atropello","Ninguna","S/D","Ninguna","Sin restricción"
2016,6417,9/3/2016,"Sabado",0,5:55:00,"Ruta Nacional 11","0.0",2,"Automóvil,Automóvil","Ruta Nacional 11 Y San Martin",3,2,0,0,0,0,1,,"Ruta",11,"RECREO","La Capital","Asfalto","Natural","I","Dentro","Urbana","Marca Vial","No existe","Curva","Bueno","Buena","Nocturna","Buen Tiempo","Lateral","S/D","Colisión","S/D","Faltante","Guardarrail","Sin restricción"
2016,6418,9/13/2016,"Martes",0,18:10:00,,"0.0",2,"Automóvil,Moto/Ciclomotor","Av Blas Parera ",2,1,0,0,1,0,0,,"Calle",,"SANTA FE","La Capital","Asfalto","Natural","I","Dentro","Urbana","Ninguna","Intermitente","Intersección","Deteriorada","Buena","Diurna","Buen Tiempo","Lateral","S/D","Colisión","S/D","Vertical","Línea divisoria pintada","Sin restricción"
2016,6419,9/5/2016,"Lunes",0,22:15:00,,"0.0",2,"Moto/Ciclomotor,Automóvil","9 de julio Y Mariano Candioti",3,1,0,0,2,0,0,,"Calle",,"SANTO TOMÉ","La Capital","Asfalto","No existe","I","Dentro","Urbana","Semáforo","Funciona","Intersección","Bueno","Reducida","Nocturna","Buen Tiempo","Lateral","S/D","Colisión","Ninguna","Vertical","Línea divisoria pintada","Sin restricción"
2016,6420,9/3/2016,"Sabado",0,17:00:00,,"0.0",2,"Moto/Ciclomotor,Pickup/Utilitario","Javier de la Rosa Y 25 de Mayo",3,2,0,0,1,0,0,,"Calle",,"SANTA FE","La Capital","Asfalto","No existe","I","Dentro","Urbana","Ninguna","No existe","Intersección","Con baches","Buena","Diurna","Buen Tiempo","Lateral","S/D","Colisión","S/D","Faltante","Ninguna","Sin restricción"
2016,6421,9/20/2016,"Martes",0,10:15:00,,"0.0",2,"Moto/Ciclomotor,Automóvil","Av Blas Parera Y Millan Medina",2,1,0,0,1,0,0,,"Calle",,"SANTA FE","La Capital","Hormigón","Pavimento","I","Dentro","Urbana","Ninguna","No funciona","Intersección","Bueno","Buena","Diurna","Buen Tiempo","Lateral","S/D","Colisión","Material Suelto","Faltante","Guardarrail","Sin restricción"
2016,6422,9/17/2016,"Sabado",0,11:15:00,,"0.0",2,"Moto/Ciclomotor,Pickup/Utilitario","Reg 12 de Infanteria Y Lamadrid",2,1,0,0,1,0,0,,"Calle",,"SANTA FE","La Capital","Asfalto","Pavimento","I","Dentro","Urbana","Ninguna","No existe","Intersección","Bueno","Buena","Diurna","Buen Tiempo","Lateral","S/D","Colisión","S/D","Faltante","Cordón divisorio","Sin restricción"
2016,6423,9/7/2016,"Miercoles",0,13:20:00,,"0.0",2,"Moto/Ciclomotor,Moto/Ciclomotor","9 de julio Y Avenida Nuestra Señora del Luj",2,1,1,0,0,0,0,,"Avenida",,"SANTO TOMÉ","La Capital","Asfalto","No existe","I","Dentro","Urbana","Semáforo","Funciona","Intersección","Bueno","Buena","Diurna","Buen Tiempo","Lateral","S/D","Colisión","Ninguna","Vertical","Línea divisoria pintada","Sin restricción"
2016,6424,9/13/2016,"Martes",0,18:15:00,,"0.0",2,"Moto/Ciclomotor,Pickup/Utilitario","Juan Jose Paso Y 7 de marzo",2,0,1,0,1,0,0,,"Calle",,"SANTO TOMÉ","La Capital","Asfalto","No existe","I","Dentro","Urbana","Ninguna","No existe","Intersección","Bueno","Buena","Atardecer","Buen Tiempo","Lateral","S/D","Colisión","Ninguna","S/D","Ninguna","Sin restricción"
2016,6425,9/10/2016,"Sabado",0,3:00:00,,"0.0",2,"Moto/Ciclomotor,Automóvil","Av A del Valle Y Gorriti",2,1,0,0,1,0,0,,"S/D",,"SANTA FE","La Capital","Asfalto","No existe","I","S/D","S/D","Semáforo","Funciona","Intersección","Bueno","Buena","Nocturna","Otro","Lateral","S/D","Colisión","Ninguna","Horizontal,Vertical","Ninguna","Sin restricción"
2016,6426,9/12/2016,"Lunes",0,13:15:00,,"0.0",2,"Bicicleta,Automóvil","French Y Las Heras",2,1,0,0,1,0,0,,"Calle",,"SANTA FE","La Capital","Asfalto","No existe","I","Dentro","Urbana","Ninguna","No existe","Intersección","Con baches","Buena","Diurna","Otro","S/D","Ciclista","Atropello","Ninguna","Faltante","Ninguna","Sin restricción"
2016,6427,9/13/2016,"Martes",0,12:30:00,,"0.0",2,"Moto/Ciclomotor,Moto/Ciclomotor","French Y San Martin",2,1,0,0,1,0,0,,"Calle",,"SANTA FE","La Capital","Asfalto","No existe","I","Dentro","Urbana","Ninguna","No existe","Intersección","Con baches","Buena","Diurna","Otro","Lateral","S/D","Colisión","Ninguna","Faltante","Ninguna","Sin restricción"
2016,6428,9/15/2016,"Jueves",0,16:15:00,,"0.0",2,"Moto/Ciclomotor,Otros","Mitre 8300",3,2,0,0,1,0,0,,"Calle",,"SANTA FE","La Capital","Tierra","No existe","I","Dentro","Urbana","S/D","No existe","Recta","Deteriorada","Reducida polvo","Diurna","S/D","S/D","S/D","S/D","Ninguna","Faltante","S/D","S/D"
2016,6429,9/1/2016,"Jueves",0,19:55:00,,"0.0",2,"Peatón,Automóvil","Av Gral Paz Y Luciano Torrent",2,1,0,0,1,0,0,,"Avenida",,"SANTA FE","La Capital","Asfalto","No existe","I","S/D","Urbana","Ninguna","S/D","Intersección","Bueno","Buena","Atardecer","Buen Tiempo","Otro","Peatón","Atropello","Ninguna","S/D","Ninguna","Sin restricción"
2016,6430,9/2/2016,"Viernes",0,12:40:00,,"0.0",2,"Moto/Ciclomotor,Automóvil","Salvador del Carril Y Sarmiento",2,1,0,0,1,0,0,,"Avenida",,"SANTA FE","La Capital","Asfalto","No existe","I","S/D","Urbana","Ninguna","No existe","Intersección","Bueno","Buena","Diurna","Buen Tiempo","Lateral","S/D","Colisión","Ninguna","S/D","Ninguna","Sin restricción"
2016,6431,9/22/2016,"Jueves",0,7:50:00,,"0.0",2,"Peatón,Automóvil","9 de Julio 7300",2,1,0,0,1,0,0,,"Calle",,"SANTA FE","La Capital","Tierra","Natural","I","Dentro","Urbana","S/D","No existe","Recta","Resbaladiza","Buena","Diurna","Buen Tiempo","Otro","Peatón","Atropello","S/D","Faltante","S/D","S/D"
2016,6432,9/1/2016,"Jueves",0,,,"0.0",2,"Moto/Ciclomotor,Automóvil","Av A del Valle Y Ayacucho",2,1,0,0,0,0,1,,"Avenida",,"SANTA FE","La Capital","Asfalto","Pavimento","I","Dentro","Urbana","S/D","No existe","Intersección","Bueno","Buena","Atardecer,Con luz artificial","S/D","Lateral","S/D","Colisión","S/D","Faltante","S/D","S/D"
2016,6433,9/28/2016,"Miercoles",0,14:10:00,,"0.0",2,"Moto/Ciclomotor,Pickup/Utilitario","Estrada Y J Castelli",2,1,0,0,1,0,0,,"Calle",,"SANTA FE","La Capital","Hormigón","Pavimento","I","Dentro","Urbana","Ninguna","No existe","Intersección","Con baches,Resbaladiza","Buena","Diurna","Buen Tiempo","Lateral","S/D","Colisión","Agua","Horizontal","Ninguna","Sin restricción"
2016,6434,9/28/2016,"Miercoles",0,14:20:00,,"0.0",2,"Moto/Ciclomotor,Automóvil","Av Blas Parera Y Azcuenaga",2,1,0,0,1,0,0,,"Avenida",,"SANTA FE","La Capital","Asfalto","Pavimento","I","Dentro","Urbana","Ninguna","No existe","Intersección","Bueno","Buena","Diurna","Buen Tiempo","Lateral","S/D","Colisión","Ninguna","Horizontal,Vertical","Cordón divisorio","Sin restricción"
2016,6435,9/13/2016,"Martes",0,19:20:00,,"0.0",2,"Automóvil,Moto/Ciclomotor","Av Urquiza Y La Pampa",2,1,0,0,1,0,0,,"Avenida",,"SANTA FE","La Capital","Asfalto","Natural","I","Dentro","Urbana","S/D","No existe","Intersección","Bueno","Buena","Atardecer,Con luz artificial","S/D","Lateral","S/D","Colisión","S/D","Faltante","S/D","S/D"
2016,6436,9/13/2016,"Martes",0,8:25:00,,"0.0",2,"Automóvil,Moto/Ciclomotor","1ro de Mayo Y Javier de la Rosa",2,1,0,0,1,0,0,,"Calle",,"SANTA FE","La Capital","Asfalto","Natural","I","Dentro","Urbana","S/D","No existe","Intersección","Con baches","Buena","Diurna","S/D","Lateral","S/D","Colisión","S/D","Faltante","S/D","S/D"
2016,6437,9/11/2016,"Domingo",0,0:10:00,,"0.0",2,"Automóvil,Moto/Ciclomotor","Alfonsina Storni Y 1ro de Mayo",2,1,0,0,1,0,0,,"Calle",,"SANTA FE","La Capital","Asfalto,Tierra","Natural","I","Dentro","Urbana","S/D","No existe","Intersección","Con baches","Buena","Diurna,Con luz artificial","Buen Tiempo","Lateral","S/D","Colisión","S/D","Faltante","S/D","S/D"
2016,6438,9/9/2016,"Viernes",0,12:00:00,,"0.0",2,"Peatón,Automóvil","Av Facundo Zuviria Y Padre Genesio",2,1,0,0,0,0,1,,"Avenida",,"SANTA FE","La Capital","Asfalto","Pavimento","I","Dentro","Urbana","S/D","No existe","Intersección","Bueno","Buena","Diurna","S/D","S/D","Peatón","Atropello","S/D","Faltante","S/D","S/D"
2016,6439,9/1/2016,"Jueves",0,19:00:00,,"0.0",2,"Peatón,Moto/Ciclomotor","Av A del Valle Y Pavon",2,1,0,0,1,0,0,,"Avenida",,"SANTA FE","La Capital","Asfalto","Pavimento","I","Dentro","Urbana","S/D","No existe","Intersección","Bueno","Buena","Atardecer,Con luz artificial","S/D","S/D","Peatón","Atropello","S/D","Faltante","S/D","S/D"
2016,6440,9/1/2016,"Jueves",0,19:30:00,,"0.0",2,"Moto/Ciclomotor,Camión Chasis","Saavedra Y Jose Cibils",2,1,0,0,1,0,0,,"Calle",,"SANTA FE","La Capital","Tierra","Natural","I","Dentro","Urbana","S/D","No existe","Intersección","Deteriorada","Buena","Atardecer,Con luz artificial","Buen Tiempo","Lateral","S/D","Colisión","S/D","Faltante","S/D","S/D"
2016,6441,9/8/2016,"Jueves",0,16:30:00,,"0.0",2,"Automóvil,Moto/Ciclomotor","Azcuenaga Y San Lorenzo",2,1,0,0,1,0,0,,"Calle",,"SANTA FE","La Capital","Asfalto","Natural","I","Dentro","Urbana","S/D","No existe","Intersección","Deteriorada","Buena","Diurna","Buen Tiempo","Lateral","S/D","Colisión","S/D","Faltante","S/D","S/D"
2016,6442,9/21/2016,"Miercoles",0,16:40:00,,"0.0",2,"Moto/Ciclomotor,Pickup/Utilitario","Av Blas Parera Y J Castelli",2,1,0,0,1,0,0,,"Avenida",,"SANTA FE","La Capital","Hormigón","Pavimento","I","Dentro","Urbana","Semáforo","Funciona","Intersección","Con baches","Buena","Diurna","Buen Tiempo","Lateral","S/D","Colisión","Material Suelto","Horizontal,Vertical","Cordón divisorio","Sin restricción"
2016,6443,9/13/2016,"Martes",0,6:40:00,,"0.0",2,"Moto/Ciclomotor,Automóvil","Castañaduy Y Vieytes",2,1,0,0,1,0,0,,"Calle",,"SANTA FE","La Capital","Hormigón","No existe","I","S/D","Urbana","Ninguna","No existe","Intersección","Con baches,Resbaladiza","Buena","Diurna","Buen Tiempo","Lateral","S/D","Colisión","Agua","Vertical","Ninguna","Sin restricción"
2016,6444,9/8/2016,"Jueves",0,,,"0.0",2,"Moto/Ciclomotor,Otros","Chaco Y Av Blas Parera",2,1,0,0,1,0,0,,"Calle",,"SANTA FE","La Capital","Hormigón","No existe","I","Dentro","Urbana","Otra Señal","No existe","Intersección","Bueno","Buena","Diurna","Buen Tiempo","Lateral","S/D","Colisión","S/D","Faltante","Cordón divisorio","Obra en Construcción"
2016,6445,9/5/2016,"Lunes",0,,,"0.0",2,"Automóvil,Otros","Av Blas Parera Y Chaco",2,1,0,0,1,0,0,,"Calle",,"SANTA FE","La Capital","Hormigón","No existe","I","Dentro","Urbana","Ninguna","No existe","Intersección","S/D","Reducida","Nocturna","Buen Tiempo","Lateral","S/D","Colisión","S/D","S/D","Cordón divisorio","Obra en Construcción"
2016,6446,9/5/2016,"Lunes",0,,,"0.0",2,"Pickup/Utilitario,Otros","12 de Octubre Y 10 de Junio",2,1,0,0,1,0,0,,"Calle",,"SANTA FE","La Capital","Hormigón","No existe","I","Dentro","Urbana","S/D","No existe","Intersección","Deteriorada","Buena","Diurna","Buen Tiempo","Lateral","S/D","Colisión","S/D","Faltante","Cordón divisorio","S/D"
2016,6447,9/27/2016,"Martes",0,8:30:00,,"0.0",1,"Moto/Ciclomotor","Av Santa Fe Y Teniente Loza",2,2,0,0,0,0,0,,"Calle",,"SANTA FE","La Capital","Hormigón","Natural","I","Dentro","Urbana","Ninguna","No existe","Recta","Bueno","Buena","Diurna","Buen Tiempo","S/D","S/D","Caída ocupante","S/D","Faltante","Ninguna","Sin restricción"