"anio_acci","nro_acci","fecha","desc_dia","fecha_aprox","hora_aprox","desc_ruta","km","cant_participantes","desc_participante","calle_avenida_km","total","heridos_leves","heridos_graves","heridos_gravisimos","ilesos","fallecidos","sin_datos","posicion_XY","desc_tipo_via","desc_ruta_ori","desc_loc","desc_dpto","desc_tipo_calzada","desc_tipo_banquina","desc_unidad_regional","desc_lugar_calzada","desc_zona","desc_prioridad","desc_estado_semaforo","desc_lugar_via","desc_estado_via","desc_estado_visibilidad","desc_luminosidad","desc_estado_clima","desc_tipo_colision","desc_tipo_atropello","desc_tipo_hecho","desc_pres_calzada","desc_senializacion","desc_separacion_via","desc_restriccion"
2016,6448,9/2/2016,"Viernes",0,11:30:00,,"0.0",2,"Moto/Ciclomotor,Pickup/Utilitario","Boneo Y Av Santa Fe",3,2,0,0,1,0,0,,"Calle",,"SANTA FE","La Capital","Asfalto","Natural","I","Dentro","Urbana","Ninguna","No existe","S/D","Con baches","Buena","Diurna","Lluvia","Lateral","S/D","Colisión","Agua","Faltante","S/D","Sin restricción"
2016,6449,9/3/2016,"Sabado",0,16:45:00,,"0.0",2,"Moto/Ciclomotor,Pickup/Utilitario","Av Blas Parera Y Av Santa Fe",3,2,0,0,1,0,0,,"Calle",,"SANTA FE","La Capital","Hormigón","Pavimento","I","Dentro","Urbana","Semáforo","No existe","Intersección","Bueno","Buena","Diurna","Lluvia","Lateral","S/D","Colisión","Agua","Horizontal,Vertical","Cordón divisorio","Sin restricción"
2016,6450,9/18/2016,"Domingo",0,0:40:00,,"0.0",2,"Moto/Ciclomotor,Automóvil","Azcuenaga Y Aritobulo del Valle",2,1,0,0,1,0,0,,"Calle",,"SANTO TOMÉ","La Capital","Tierra","No existe","I","Dentro","Urbana","Ninguna","No existe","Intersección","Con baches","Reducida","Nocturna","S/D","Lateral","S/D","Colisión","S/D","Horizontal,Vertical","Ninguna","Sin restricción"
2016,6451,9/14/2016,"Miercoles",0,9:30:00,,"0.0",2,"Automóvil,Moto/Ciclomotor","PUENTE CARRETERO  ",2,1,0,0,1,0,0,,"Calle",,"SANTO TOMÉ","La Capital","Asfalto","No existe","I","Dentro","Urbana","Señal Pare","No existe","Recta","Bueno","Reducida","Diurna","Buen Tiempo","S/D","S/D","Colisión","S/D","Vertical","Línea divisoria pintada","Reparación de Vía"
2016,6452,9/15/2016,"Jueves",0,12:30:00,,"0.0",2,"Moto/Ciclomotor,Moto/Ciclomotor","Buenos Aires 1700",2,1,0,0,1,0,0,,"Calle",,"SANTO TOMÉ","La Capital","Asfalto","No existe","I","Dentro","Urbana","Ninguna","No existe","Recta","Bueno","Buena","Diurna","Buen Tiempo","Lateral","S/D","Colisión","S/D","Vertical","Ninguna","Sin restricción"
2016,6453,9/2/2016,"Viernes",0,16:00:00,"Ruta Nacional 11","0.0",2,"Automóvil,Pickup/Utilitario","Avenida Nuestra Señora del Luj Y Avenida Ejercito Argentino",4,1,0,0,3,0,0,,"Ruta",11,"SANTO TOMÉ","La Capital","Asfalto","Natural","I","Dentro","Urbana","Semáforo","Funciona","Intersección","Bueno","Buena","Diurna","Buen Tiempo","De alcance","S/D","Colisión","S/D","S/D","Línea divisoria pintada","Sin restricción"
2016,6454,9/2/2016,"Viernes",0,14:00:00,,"0.0",2,"Moto/Ciclomotor,Pickup/Utilitario","Avellaneda Y Lavaisse",2,0,1,0,1,0,0,,"Calle",,"SANTA FE","La Capital","Asfalto","No existe","I","Dentro","Urbana","Ninguna","No existe","Recta","Bueno","Buena","Diurna","Buen Tiempo","De alcance","S/D","Colisión","S/D","S/D","Ninguna","Sin restricción"
2016,6455,9/3/2016,"Sabado",0,8:00:00,,"0.0",2,"Camión Chasis,Moto/Ciclomotor","Ricardo Aldao Y Alberdi",2,1,0,0,1,0,0,,"Calle",,"SANTA FE","La Capital","Asfalto","No existe","I","Dentro","Urbana","Ninguna","No existe","Intersección","Bueno","Buena","Diurna","Buen Tiempo","Lateral","S/D","Colisión","S/D","S/D","Ninguna","Sin restricción"
2016,6456,9/4/2016,"Domingo",0,22:00:00,,"0.0",2,"Moto/Ciclomotor,Automóvil","Av Gral Paz Y Ricardo Aldao",3,2,0,0,1,0,0,,"Calle",,"SANTA FE","La Capital","Asfalto","No existe","I","Dentro","Urbana","Ninguna","No existe","Intersección","Bueno","Reducida","Nocturna","Buen Tiempo","Lateral","S/D","Colisión","S/D","S/D","Ninguna","Sin restricción"
2016,6457,9/7/2016,"Miercoles",0,19:00:00,,"0.0",2,"Automóvil,Automóvil","J M Zuviria Y Republica de Siria",2,1,0,0,1,0,0,,"Calle",,"SANTA FE","La Capital","Asfalto","No existe","I","Dentro","Urbana","Ninguna","No existe","Intersección","Bueno","Reducida","Atardecer","Buen Tiempo","Lateral","S/D","Colisión","S/D","S/D","Ninguna","Sin restricción"
2016,6458,9/8/2016,"Jueves",0,13:00:00,,"0.0",2,"Moto/Ciclomotor,Automóvil","Padilla Y Gdor Candioti",2,1,0,0,1,0,0,,"Calle",,"SANTA FE","La Capital","Asfalto","No existe","I","Dentro","Urbana","Ninguna","No existe","Intersección","Bueno","Buena","Diurna","Buen Tiempo","Lateral","S/D","Colisión","S/D","S/D","Ninguna","Sin restricción"
2016,6459,9/7/2016,"Miercoles",0,15:50:00,,"0.0",1,"Moto/Ciclomotor","Av Peñaloza Y Matheu",3,2,0,0,1,0,0,,"Calle",,"SANTA FE","La Capital","Asfalto","Pavimento","I","Dentro","Urbana","Ninguna","No existe","Intersección","Bueno","Buena","Diurna","Buen Tiempo","Lateral","S/D","Colisión","S/D","Faltante","Cordón divisorio","Sin restricción"
2016,6460,9/2/2016,"Viernes",0,21:30:00,,"0.0",2,"Moto/Ciclomotor,Peatón","Reg 12 de Infanteria 4100",2,2,0,0,0,0,0,,"Calle",,"SANTA FE","La Capital","Asfalto","Pavimento","I","Dentro","Urbana","Ninguna","No existe","Recta","Bueno","Buena","Nocturna","Buen Tiempo","S/D","Peatón","Atropello","S/D","S/D","Cordón divisorio","Sin restricción"
2016,6461,9/24/2016,"Sabado",0,19:30:00,,"0.0",2,"Automóvil,Moto/Ciclomotor","Av Peñaloza Y Reg 12 de Infanteria",2,1,0,0,1,0,0,,"Avenida",,"SANTA FE","La Capital","Asfalto","Pavimento","I","Dentro","Urbana","Semáforo","Funciona","Intersección","Bueno","Buena","Nocturna,Con luz artificial","Buen Tiempo","Lateral","S/D","Colisión","S/D","Vertical","Cordón divisorio","Sin restricción"
2016,6462,9/4/2016,"Domingo",0,,,"0.0",2,"Transporte de Pasajeros Urbano (> 8 asientos),Moto/Ciclomotor","Larguia Y La Pampa",2,1,0,0,1,0,0,,"Calle",,"SANTA FE","La Capital","Asfalto","S/D","I","Dentro","Urbana","S/D","S/D","Intersección","S/D","S/D","S/D","S/D","Lateral","S/D","Colisión","S/D","S/D","S/D","Sin restricción"
2016,6463,9/19/2016,"Lunes",0,16:30:00,,"0.0",2,"Automóvil,Moto/Ciclomotor","Aguado Y Callejon Funes",2,0,0,0,0,0,2,,"Calle",,"SANTA FE","La Capital","Asfalto","S/D","I","Dentro","Urbana","S/D","S/D","Intersección","S/D","Buena","Diurna","Buen Tiempo","Lateral","S/D","Colisión","S/D","S/D","S/D","S/D"
2016,6464,9/19/2016,"Lunes",0,16:30:00,,"0.0",2,"Moto/Ciclomotor,Moto/Ciclomotor","Aguado Y Callejon Funes",2,0,0,0,0,0,2,,"Calle",,"SANTA FE","La Capital","S/D","S/D","I","Dentro","Urbana","S/D","S/D","Intersección","S/D","S/D","Diurna","S/D","Lateral","S/D","Colisión","S/D","S/D","S/D","S/D"
2016,6465,9/27/2016,"Martes",0,16:00:00,,"0.0",2,"Moto/Ciclomotor,Moto/Ciclomotor","Florencio Fernandez Y Pje Cabezas",2,2,0,0,0,0,0,,"Calle",,"SANTA FE","La Capital","Asfalto","S/D","I","Dentro","Urbana","S/D","S/D","Intersección","S/D","S/D","Diurna","Buen Tiempo","Lateral","S/D","Colisión","S/D","S/D","S/D","S/D"
2016,6466,9/11/2016,"Domingo",0,14:50:00,,"0.0",2,"Automóvil,Moto/Ciclomotor","Pje Calcena Y Dorrego",3,1,0,0,2,0,0,,"Calle",,"SANTA FE","La Capital","Asfalto","S/D","I","Dentro","Urbana","Ninguna","No existe","Intersección","Bueno","Buena","Diurna","Buen Tiempo","Lateral","S/D","Colisión","S/D","S/D","Ninguna","Sin restricción"
2016,6467,9/19/2016,"Lunes",0,12:20:00,,"0.0",2,"Moto/Ciclomotor,Pickup/Utilitario","Av Blas Parera Y Beruti",2,1,0,0,1,0,0,,"Calle",,"SANTA FE","La Capital","Asfalto","No existe","I","Dentro","Urbana","Ninguna","No existe","Recta","Bueno","Buena","Diurna","Buen Tiempo","Lateral","S/D","Colisión","Ninguna","Faltante","Ninguna","Sin restricción"
2016,6468,9/10/2016,"Sabado",0,20:00:00,,"0.0",2,"Automóvil,Moto/Ciclomotor","Sarmiento 5600",2,1,0,0,1,0,0,,"Calle",,"SANTA FE","La Capital","Asfalto","No existe","I","Dentro","Urbana","Ninguna","No existe","Recta","Bueno","Reducida","Nocturna","Buen Tiempo","Contra objeto fijo","S/D","Colisión","S/D","S/D","Ninguna","Sin restricción"
2016,6469,9/17/2016,"Sabado",0,18:30:00,,"0.0",2,"Automóvil,Moto/Ciclomotor","Av Blas Parera Y Almonacid",2,1,0,0,1,0,0,,"Avenida",,"SANTA FE","La Capital","Asfalto","No existe","I","Dentro","Urbana","S/D","No existe","Intersección","Bueno","Buena","Diurna","Buen Tiempo","Lateral","S/D","Colisión","Ninguna","Faltante","Ninguna","Obra en Construcción"
2016,6470,9/3/2016,"Sabado",0,17:00:00,,"0.0",2,"Moto/Ciclomotor,Pickup/Utilitario","Edmundo Rosas Y De La Salle",2,1,0,0,1,0,0,,"Calle",,"SANTA FE","La Capital","Asfalto","No existe","I","Dentro","Urbana","Ninguna","No existe","Intersección","Bueno","Buena","Diurna","Buen Tiempo","Lateral","S/D","Colisión","Ninguna","Faltante","Ninguna","Sin restricción"
2016,6471,9/13/2016,"Martes",0,23:40:00,,"0.0",2,"Moto/Ciclomotor,Automóvil","Lamadrid Y Risso",2,1,0,0,1,0,0,,"Calle",,"SANTA FE","La Capital","Asfalto","Natural","I","Dentro","Urbana","Ninguna","No existe","Intersección","Con baches","Reducida","Nocturna","Buen Tiempo","Lateral","S/D","Colisión","Material Suelto","Faltante","Ninguna","Sin restricción"
2016,6472,9/19/2016,"Lunes",0,20:30:00,,"0.0",2,"Moto/Ciclomotor,Automóvil","Azcuenaga 4700",2,1,0,0,1,0,0,,"Calle",,"SANTA FE","La Capital","Asfalto","Pavimento","I","Dentro","Urbana","Ninguna","No existe","Recta","Con baches","Reducida","Nocturna","Buen Tiempo","De alcance","S/D","Colisión","Material Suelto","Faltante","Ninguna","Sin restricción"
2016,6473,9/15/2016,"Jueves",0,17:50:00,,"0.0",2,"Moto/Ciclomotor,Automóvil","Av Blas Parera Y Estanislao Zeballos",2,1,0,0,1,0,0,,"Avenida",,"SANTA FE","La Capital","Asfalto","Pavimento","I","Dentro","Urbana","Semáforo","Funciona","Intersección","Bueno","Buena","Diurna","Buen Tiempo","Lateral","S/D","Colisión","Ninguna","Vertical","Cordón divisorio","Sin restricción"
2016,6474,8/6/2016,"Sabado",0,19:45:00,"Ruta Provincial 93","0.0",2,"Moto/Ciclomotor,Automóvil","RP 14  Y RP 93",2,0,0,0,0,1,1,"-33.529619550382,-61.482800115474","Ruta",93,"PUEBLO MIGUEL TORRES","General López","Hormigón","S/D","VIII","Dentro","Urbana","S/D","S/D","Cruce","S/D","S/D","Atardecer","S/D","S/D","S/D","Colisión","S/D","S/D","S/D","S/D"
2016,6475,8/9/2016,"Martes",0,,"Ruta Nacional A008","0.0",2,"Moto/Ciclomotor,Camión","AV. CIRCUNVALACION Y MENDOZA ",3,0,1,0,1,1,0,"-32.940472222222,-60.723277777778","Ruta","A008","ROSARIO","Rosario","Hormigón","Natural","II","Dentro","Urbana","S/D","No existe","Recta","Bueno","Buena","Diurna","Buen Tiempo","Lateral","S/D","Colisión","Ninguna","Faltante","S/D","Sin restricción"
2016,6476,8/8/2016,"Lunes",0,14:30:00,,"0.0",2,"Moto/Ciclomotor,Pickup/Utilitario","Av. Jorge Newbery ",4,3,0,0,0,1,0,"-32.908342168141, -60.729950517864","Avenida",,"ROSARIO","Rosario","Asfalto","Natural","II","Dentro","Urbana","Ninguna","No existe","Intersección","Bueno","S/D","Diurna","S/D","Lateral","S/D","Colisión","S/D","Faltante","Ninguna","Sin restricción"
2016,6477,6/5/2016,"Domingo",0,8:00:00,,"0.0",2,"Automóvil,Peatón","Urquiza Y San Martin",2,1,0,0,1,0,0,,"Calle",,"ROSARIO","Rosario","S/D","S/D","II","Dentro","Urbana","S/D","S/D","S/D","S/D","S/D","Diurna","S/D","S/D","Peatón","Atropello","S/D","S/D","S/D","S/D"
2016,6478,9/11/2016,"Domingo",0,7:30:00,,"0.0",2,"Automóvil,Automóvil","Pje Calcena Y Guemes",3,1,0,0,2,0,0,,"Calle",,"SANTA FE","La Capital","Asfalto","No existe","I","S/D","Urbana","Ninguna","No existe","Intersección","Bueno","Buena","Amanecer","Buen Tiempo","Lateral","S/D","Colisión","Ninguna","S/D","Ninguna","Sin restricción"
2016,6479,6/9/2016,"Jueves",0,13:20:00,,"0.0",2,"Pickup/Utilitario,Peatón","Calle 34 Y Calle 87",2,0,1,0,1,0,0,,"Calle",,"RECONQUISTA","General Obligado","S/D","S/D","IX","Dentro","Urbana","S/D","S/D","S/D","S/D","S/D","Diurna","S/D","S/D","Peatón","Atropello","S/D","S/D","S/D","S/D"
2016,6480,9/11/2016,"Domingo",0,3:30:00,,"0.0",2,"Moto/Ciclomotor,Automóvil","Av Almte Brown Y P Cullen",2,2,0,0,0,0,0,,"Avenida",,"SANTA FE","La Capital","Asfalto","No existe","I","S/D","Urbana","Ninguna","No existe","Recta","S/D","Reducida","Nocturna","Buen Tiempo","Contra objeto fijo","S/D","Colisión","S/D","S/D","Ninguna","Sin restricción"
2016,6481,9/11/2016,"Domingo",0,20:30:00,,"0.0",2,"Pickup/Utilitario,Moto/Ciclomotor","Salvador del Carril Y Guemes",3,2,0,0,1,0,0,,"Avenida",,"SANTA FE","La Capital","Asfalto","No existe","I","S/D","Urbana","Ninguna","No existe","Intersección","Bueno","Reducida","Atardecer","Buen Tiempo","Lateral","S/D","Colisión","Ninguna","S/D","Ninguna","Sin restricción"
2016,6482,6/14/2016,"Martes",0,15:00:00,,"0.0",2,"Moto/Ciclomotor,Automóvil","Av. Ovidio Lagos Y Garibaldi",2,1,0,0,1,0,0,,"Calle",,"ROSARIO","Rosario","S/D","S/D","II","Dentro","Urbana","S/D","S/D","S/D","S/D","S/D","Diurna","S/D","Lateral","S/D","Colisión","S/D","S/D","S/D","S/D"
2016,6483,6/19/2016,"Domingo",0,7:10:00,,"0.0",2,"Pickup/Utilitario,Automóvil","3 De Febrero Y Av. Corrientes",3,2,0,0,1,0,0,,"Calle",,"ROSARIO","Rosario","S/D","S/D","II","Dentro","Urbana","S/D","S/D","S/D","S/D","S/D","Diurna","S/D","S/D","S/D","Colisión","S/D","S/D","S/D","S/D"
2016,6484,9/12/2016,"Lunes",0,18:00:00,,"0.0",2,"Peatón,Automóvil","Republica de Siria 6100",2,1,0,0,1,0,0,,"Calle",,"SANTA FE","La Capital","Asfalto","No existe","I","S/D","Urbana","Ninguna","S/D","Recta","Bueno","Buena","Diurna","Buen Tiempo","S/D","Peatón","Atropello","Ninguna","S/D","Ninguna","Sin restricción"
2016,6485,6/19/2016,"Domingo",0,,,"0.0",1,"Moto/Ciclomotor","Pte Hipolito Irigoyen Y Pte Juan D Peron",1,0,1,0,0,0,0,,"Calle",,"PUERTO SAN MARTÍN","San Lorenzo","S/D","S/D","XVII","Dentro","Urbana","S/D","S/D","S/D","S/D","S/D","S/D","S/D","Atropello animal","S/D","Colisión","S/D","S/D","S/D","S/D"
2016,6486,6/23/2016,"Jueves",0,17:30:00,,"0.0",2,"Moto/Ciclomotor,Automóvil","Vera Mujica Y Dr.Rivas",2,0,0,0,1,1,0,"-32.978535, -60.676269","Calle",,"ROSARIO","Rosario","S/D","S/D","II","Dentro","Urbana","S/D","S/D","S/D","S/D","S/D","Diurna","S/D","S/D","S/D","Colisión","S/D","S/D","S/D","S/D"
2016,6487,9/16/2016,"Viernes",0,23:50:00,,"0.0",1,"Moto/Ciclomotor","Av A del Valle Y Belgrano",3,3,0,0,0,0,0,,"Avenida",,"SANTA FE","La Capital","Asfalto","No existe","I","Dentro","Urbana","Ninguna","No existe","Intersección","Con baches","Reducida","Nocturna","Otro","S/D","S/D","Vuelco","Ninguna","Vertical","Ninguna","Sin restricción"
2016,6488,6/30/2016,"Jueves",0,7:10:00,,"0.0",2,"Pickup/Utilitario,Camión","Pte.Roca Y Montevideo",2,1,0,0,1,0,0,,"Calle",,"ROSARIO","Rosario","S/D","S/D","II","Dentro","Urbana","S/D","S/D","S/D","S/D","S/D","Diurna","S/D","S/D","S/D","Colisión","S/D","S/D","S/D","S/D"
2016,6489,9/12/2016,"Lunes",0,16:00:00,,"0.0",2,"Moto/Ciclomotor,Automóvil","Azcuenaga Y Pje Diego de Leiva",2,1,0,0,1,0,0,,"Calle",,"SANTA FE","La Capital","Hormigón,Tierra","Natural","I","Dentro","Urbana","Ninguna","No existe","Intersección","Deteriorada","Buena","Diurna","Buen Tiempo","Lateral","S/D","Colisión","Agua,Material Suelto","Faltante","Ninguna","Sin restricción"
2016,6490,9/19/2016,"Lunes",0,14:20:00,,"0.0",2,"Moto/Ciclomotor,Automóvil","Av Blas Parera Y Beruti",2,1,0,0,1,0,0,,"Avenida",,"SANTA FE","La Capital","Hormigón","Pavimento","I","Dentro","Urbana","Ninguna","No existe","Intersección","Bueno","Buena","Diurna","Buen Tiempo","Lateral","S/D","Colisión","Material Suelto","Horizontal,Vertical","Cordón divisorio","Sin restricción"
2016,6491,9/15/2016,"Jueves",0,20:15:00,,"0.0",2,"Moto/Ciclomotor,Automóvil","Av Blas Parera Y Larrea",2,1,0,0,1,0,0,,"Avenida",,"SANTA FE","La Capital","Hormigón","Pavimento","I","S/D","Urbana","Semáforo","Funciona","Intersección","Bueno","Buena","Nocturna,Con luz artificial","Buen Tiempo","Lateral","S/D","Colisión","Ninguna","Horizontal,Vertical","Cordón divisorio","Sin restricción"
2016,6492,6/4/2016,"Sabado",0,0:35:00,"Ruta Nacional A012","15.0",2,"Camión c / Acoplado,Camión c / Acoplado"," ",2,1,0,0,1,0,0,,"Ruta","A012","SOLDINI","Rosario","S/D","S/D","II","Dentro","Urbana","S/D","S/D","S/D","S/D","S/D","Nocturna","S/D","De alcance","S/D","Colisión","S/D","S/D","S/D","S/D"
2016,6493,9/12/2016,"Lunes",0,18:00:00,,"0.0",2,"Moto/Ciclomotor,Automóvil","Av Gral Lopez Y Gorostiaga",2,1,0,0,1,0,0,,"Avenida",,"SANTA FE","La Capital","Asfalto","No existe","I","Dentro","Urbana","Ninguna","No existe","Recta","Bueno","Buena","Diurna","Buen Tiempo","De alcance","S/D","Colisión","Ninguna","S/D","Ninguna","Sin restricción"
2016,6494,9/13/2016,"Martes",0,8:30:00,,"0.0",2,"Moto/Ciclomotor,Automóvil","Lavaisse Y Las Heras",3,2,0,0,1,0,0,,"Calle",,"SANTA FE","La Capital","Asfalto","No existe","I","Dentro","Urbana","Ninguna","No existe","Intersección","Bueno","Buena","Amanecer","Buen Tiempo","Lateral","S/D","Colisión","Ninguna","S/D","Ninguna","Sin restricción"
2016,6495,6/8/2016,"Miercoles",0,2:00:00,"Ruta Provincial Brigadier E.López","89.0",2,"Camión,Camión"," ",2,2,0,0,0,0,0,,"Ruta","Brigadier E.López","SAN FABIÁN","San Jerónimo","S/D","S/D","XV","Dentro","Urbana","S/D","S/D","S/D","S/D","S/D","Nocturna","S/D","S/D","S/D","Colisión","S/D","S/D","S/D","S/D"
2016,6496,6/10/2016,"Viernes",0,19:00:00,"Ruta Nacional 11","0.0",2,"Moto/Ciclomotor,Moto/Ciclomotor","Calle 68-Armada Argentina ",3,3,0,0,0,0,0,,"Ruta",11,"RECONQUISTA","General Obligado","S/D","S/D","IX","Dentro","Urbana","S/D","S/D","S/D","S/D","S/D","Diurna","S/D","S/D","S/D","Colisión","S/D","S/D","S/D","S/D"
2016,6497,6/27/2016,"Lunes",0,22:20:00,"Ruta Nacional 11","478.0",2,"Automóvil,Camión c / Acoplado"," ",2,1,0,0,1,0,0,,"Ruta",11,"RECREO","La Capital","S/D","S/D","I","Dentro","Urbana","S/D","S/D","S/D","S/D","S/D","Nocturna","S/D","S/D","S/D","Colisión","S/D","S/D","S/D","S/D"
2016,6498,6/28/2016,"Martes",0,9:40:00,,"0.0",2,"Pickup/Utilitario,Camión","Av Circunvalación ",2,1,0,0,1,0,0,,"Calle",,"SANTA FE","La Capital","S/D","S/D","I","Dentro","Urbana","S/D","S/D","S/D","S/D","S/D","Diurna","S/D","S/D","S/D","Colisión","S/D","S/D","S/D","S/D"
2016,6499,9/14/2016,"Miercoles",0,8:00:00,,"0.0",2,"Bicicleta,Pickup/Utilitario","Belgrano Y J Castelli",2,1,0,0,1,0,0,,"Calle",,"SANTA FE","La Capital","Asfalto","No existe","I","Dentro","Urbana","Ninguna","No existe","Intersección","Bueno","Buena","Diurna","Buen Tiempo","S/D","Ciclista","Atropello","Ninguna","S/D","Ninguna","Sin restricción"
2016,6500,9/14/2016,"Miercoles",0,20:30:00,,"0.0",2,"Automóvil,Moto/Ciclomotor","J P Lopez Y Republica de Siria",3,2,0,0,1,0,0,,"Calle",,"SANTA FE","La Capital","Asfalto","No existe","I","Dentro","Urbana","Ninguna","No existe","Intersección","Bueno","Buena","Diurna","Buen Tiempo","Lateral","S/D","Colisión","Ninguna","S/D","Ninguna","Sin restricción"
2016,6501,9/16/2016,"Viernes",0,8:50:00,,"0.0",2,"Moto/Ciclomotor,Pickup/Utilitario","Guemes Y Quintana",2,1,0,0,1,0,0,,"Calle",,"SANTA FE","La Capital","Asfalto","No existe","I","Dentro","Urbana","S/D","No existe","Intersección","Bueno","Buena","Diurna","Buen Tiempo","Lateral","S/D","Colisión","Ninguna","S/D","Ninguna","Sin restricción"
2016,6502,9/17/2016,"Sabado",0,12:25:00,,"0.0",2,"Moto/Ciclomotor,Camión","Quintana Y Alvear",2,1,0,0,1,0,0,,"Calle",,"SANTA FE","La Capital","Asfalto","No existe","I","Dentro","Urbana","Ninguna","No existe","Intersección","Bueno","Buena","Diurna","Buen Tiempo","Lateral","S/D","Colisión","Ninguna","S/D","Ninguna","Sin restricción"
2016,6503,9/17/2016,"Sabado",0,19:00:00,,"0.0",2,"Moto/Ciclomotor,Automóvil","Av Almte Brown Y Ricardo Aldao",2,1,0,0,1,0,0,,"Avenida",,"SANTA FE","La Capital","Asfalto","No existe","I","Dentro","Urbana","Ninguna","No existe","Recta","Bueno","Buena","Atardecer","Buen Tiempo","De alcance","S/D","Colisión","Ninguna","S/D","Ninguna","Sin restricción"
2016,6504,9/20/2016,"Martes",0,10:00:00,,"0.0",2,"Moto/Ciclomotor,Automóvil","Belgrano Y J P Lopez",2,1,0,0,1,0,0,,"Calle",,"SANTA FE","La Capital","Asfalto","No existe","I","Dentro","Urbana","Ninguna","No existe","Recta","Bueno","Buena","Diurna","Buen Tiempo","De alcance","S/D","Colisión","Ninguna","S/D","Ninguna","Sin restricción"
2016,6505,9/20/2016,"Martes",0,11:50:00,,"0.0",1,"Moto/Ciclomotor","Av Galicia Y Av Gral Paz",1,1,0,0,0,0,0,,"Avenida",,"SANTA FE","La Capital","Asfalto","No existe","I","Dentro","Urbana","Ninguna","No existe","Intersección","Bueno","Buena","Diurna","Buen Tiempo","S/D","S/D","Caída ocupante","S/D","S/D","Ninguna","Sin restricción"
2016,6506,9/20/2016,"Martes",0,21:20:00,,"0.0",2,"Pickup/Utilitario,Moto/Ciclomotor","Av Gral Paz 6300",2,1,0,0,1,0,0,,"Avenida",,"SANTA FE","La Capital","Asfalto","No existe","I","Dentro","Urbana","Ninguna","No existe","Recta","Bueno","Buena","Nocturna","Buen Tiempo","Lateral","S/D","Colisión","Ninguna","S/D","Ninguna","Sin restricción"
2016,6507,9/21/2016,"Miercoles",0,17:00:00,,"0.0",3,"Automóvil,Automóvil,Moto/Ciclomotor","Salvador del Carril Y Las Heras",4,2,0,0,2,0,0,,"Calle",,"SANTA FE","La Capital","Asfalto","No existe","I","Dentro","Rural","S/D","No existe","Intersección","Bueno","Buena","Diurna","Buen Tiempo","Múltiple","S/D","Colisión","Ninguna","S/D","Ninguna","S/D"
2016,6508,9/22/2016,"Jueves",0,12:30:00,,"0.0",2,"Moto/Ciclomotor,Automóvil","Salvador del Carril Y Guemes",2,1,0,0,1,0,0,,"Calle",,"SANTA FE","La Capital","Asfalto","No existe","I","Dentro","Urbana","Ninguna","No existe","Intersección","Bueno","Buena","Diurna","Buen Tiempo","Lateral","S/D","Colisión","Ninguna","S/D","Ninguna","Sin restricción"
2016,6509,9/23/2016,"Viernes",0,0:10:00,,"0.0",2,"Moto/Ciclomotor,Automóvil","Pje Calcena Y Guemes",3,2,0,0,1,0,0,,"Calle",,"SANTA FE","La Capital","Asfalto","No existe","I","Dentro","Urbana","Ninguna","No existe","Intersección","Bueno","Buena","Nocturna,Con luz artificial","Buen Tiempo","Lateral","S/D","Colisión","Ninguna","S/D","Ninguna","Sin restricción"
2016,6510,9/24/2016,"Sabado",0,20:40:00,,"0.0",2,"Automóvil,Moto/Ciclomotor","Av Almte Brown Y Bv Muttis",3,2,0,0,1,0,0,,"Avenida",,"SANTA FE","La Capital","Asfalto","No existe","I","Dentro","Urbana","S/D","No existe","Intersección","Bueno","Buena","Nocturna","Buen Tiempo","Lateral","S/D","Colisión","Ninguna","S/D","S/D","Sin restricción"
2016,6511,9/21/2016,"Miercoles",0,6:00:00,,"0.0",2,"Moto/Ciclomotor,Automóvil","Lamadrid Y Gorostiaga",2,1,0,0,1,0,0,,"Calle",,"SANTA FE","La Capital","Asfalto","Natural","I","Dentro","Urbana","Ninguna","No existe","Intersección","Con baches","Reducida","Amanecer","Buen Tiempo","Lateral","S/D","Colisión","Agua","Faltante","Ninguna","Sin restricción"
2016,6512,10/12/2016,"Miercoles",0,13:30:00,"Ruta Nacional 95","862.0",2,"Automóvil,Automóvil"," ",6,2,3,0,0,1,0,"-28.506788, -61.499242","Ruta",95,"SANTA MARGARITA","9 de Julio","Asfalto","Natural","XII","Dentro","Rural","Ninguna","No existe","Recta","Bueno","Reducida","Diurna","Lluvia","Frontal","S/D","Colisión","Agua","S/D","Vegetación","Sin restricción"
2016,6513,9/27/2016,"Martes",0,16:00:00,,"0.0",2,"Moto/Ciclomotor,Automóvil","Av Blas Parera Y Gorriti",3,2,0,0,1,0,0,,"Avenida",,"SANTA FE","La Capital","Hormigón","Pavimento","I","Dentro","Urbana","Semáforo","Funciona","Intersección","Bueno","Buena","Diurna","Buen Tiempo","Lateral","S/D","Colisión","Ninguna","Horizontal,Vertical","Cordón divisorio","Sin restricción"
2016,6514,9/27/2016,"Martes",0,21:30:00,,"0.0",2,"Moto/Ciclomotor,Moto/Ciclomotor","Av Blas Parera Y Ayacucho",2,2,0,0,0,0,0,,"Avenida",,"SANTA FE","La Capital","Hormigón","Pavimento","I","Dentro","Urbana","Semáforo","Funciona","Intersección","Resbaladiza","Buena","Nocturna,Con luz artificial","Buen Tiempo","Lateral","S/D","Colisión","Material Suelto","S/D","Cordón divisorio","Sin restricción"