"anio_acci","nro_acci","fecha","desc_dia","fecha_aprox","hora_aprox","desc_ruta","km","cant_participantes","desc_participante","calle_avenida_km","total","heridos_leves","heridos_graves","heridos_gravisimos","ilesos","fallecidos","sin_datos","posicion_XY","desc_tipo_via","desc_ruta_ori","desc_loc","desc_dpto","desc_tipo_calzada","desc_tipo_banquina","desc_unidad_regional","desc_lugar_calzada","desc_zona","desc_prioridad","desc_estado_semaforo","desc_lugar_via","desc_estado_via","desc_estado_visibilidad","desc_luminosidad","desc_estado_clima","desc_tipo_colision","desc_tipo_atropello","desc_tipo_hecho","desc_pres_calzada","desc_senializacion","desc_separacion_via","desc_restriccion"
2016,6515,9/26/2016,"Lunes",0,11:40:00,,"0.0",2,"Moto/Ciclomotor,Automóvil","Av Gral Paz Y Agustin Delgado",2,1,0,0,1,0,0,,"Avenida",,"SANTA FE","La Capital","Asfalto","No existe","I","Dentro","Urbana","Ninguna","No existe","Recta","Bueno","Buena","Diurna","Buen Tiempo","Contra objeto fijo","S/D","Colisión","Ninguna","S/D","Ninguna","Sin restricción"
2016,6516,9/26/2016,"Lunes",0,18:45:00,,"0.0",2,"Moto/Ciclomotor,Automóvil","Belgrano Y J Castelli",2,1,0,0,1,0,0,,"Calle",,"SANTA FE","La Capital","Asfalto","No existe","I","Dentro","Urbana","Ninguna","No existe","Intersección","Bueno","Reducida","Atardecer","Buen Tiempo","Lateral","S/D","Colisión","Ninguna","S/D","S/D","Sin restricción"
2016,6517,9/29/2016,"Jueves",0,22:50:00,,"0.0",2,"Moto/Ciclomotor,Moto/Ciclomotor"," ",3,2,0,0,1,0,0,,"Calle",,"SANTA FE","La Capital","Asfalto","No existe","I","Dentro","Urbana","Ninguna","No existe","Intersección","Bueno","Buena","Nocturna","Buen Tiempo","Lateral","S/D","Colisión","Ninguna","S/D","Ninguna","Sin restricción"
2016,6518,9/30/2016,"Viernes",0,12:00:00,,"0.0",2,"Automóvil,Moto/Ciclomotor","Sarmiento Y Llerena",2,1,0,0,1,0,0,,"Calle",,"SANTA FE","La Capital","Asfalto","No existe","I","Dentro","Urbana","Ninguna","No existe","Intersección","Bueno","Buena","Diurna","Buen Tiempo","Lateral","S/D","Colisión","S/D","S/D","Ninguna","Sin restricción"
2016,6519,9/2/2016,"Viernes",0,21:40:00,,"0.0",2,"Moto/Ciclomotor,Moto/Ciclomotor","Av Gral Paz Y Ayacucho",4,0,0,0,0,0,4,,"Avenida",,"SANTA FE","La Capital","Asfalto","No existe","I","Dentro","Urbana","Ninguna","No existe","Intersección","Bueno","Buena","Nocturna","Buen Tiempo","Lateral","S/D","Colisión","Ninguna","Faltante","Ninguna","Sin restricción"
2016,6520,9/30/2016,"Viernes",0,12:15:00,,"0.0",2,"Automóvil,Bicicleta","Alberdi Y Av Galicia",2,1,0,0,1,0,0,,"Calle",,"SANTA FE","La Capital","Asfalto","No existe","I","Dentro","Urbana","Ninguna","No existe","Intersección","Bueno","Buena","Diurna","Buen Tiempo","Lateral","Ciclista","Atropello","S/D","S/D","Ninguna","Sin restricción"
2016,6521,9/7/2016,"Miercoles",0,10:00:00,,"0.0",2,"Taxi/Remis,Moto/Ciclomotor","Republica de Siria Y Javier de la Rosa",2,1,0,0,1,0,0,,"Calle",,"SANTA FE","La Capital","Asfalto","No existe","I","Dentro","Urbana","Ninguna","No existe","Intersección","Bueno","Buena","Diurna","Buen Tiempo","Lateral","S/D","Colisión","Ninguna","Faltante","Ninguna","Sin restricción"
2016,6523,9/16/2016,"Viernes",0,16:30:00,,"0.0",2,"Moto/Ciclomotor,Otros"," ",3,2,0,0,1,0,0,,"Calle",,"SANTA FE","La Capital","Asfalto","No existe","I","Dentro","Urbana","Ninguna","No existe","Intersección","S/D","Buena","Diurna","Buen Tiempo","Lateral","S/D","Colisión","S/D","Faltante","Ninguna","Sin restricción"
2016,6524,9/7/2016,"Miercoles",0,14:00:00,,"0.0",3,"Moto/Ciclomotor,Moto/Ciclomotor,Moto/Ciclomotor","Larrea Y Necochea",4,2,0,0,2,0,0,,"Calle",,"SANTA FE","La Capital","Asfalto","No existe","I","Dentro","Urbana","Ninguna","No existe","Intersección","Bueno","Buena","Diurna","Buen Tiempo","Lateral","S/D","Colisión","Ninguna","Faltante","Ninguna","Sin restricción"
2016,6525,9/17/2016,"Sabado",0,19:30:00,,"0.0",2,"Automóvil,Moto/Ciclomotor","Av Galicia Y Lavalle",2,1,0,0,1,0,0,,"Avenida",,"SANTA FE","La Capital","S/D","No existe","I","Dentro","Urbana","Ninguna","No existe","Intersección","Bueno","Buena","Atardecer","Buen Tiempo","Lateral","S/D","Colisión","Ninguna","Faltante","S/D","Sin restricción"
2016,6526,6/1/2016,"Miercoles",0,8:00:00,,"0.0",3,"Automóvil,Bicicleta,Bicicleta","Marconico Y Santa Fe",3,2,0,0,1,0,0,,"Calle",,"VENADO TUERTO","General López","S/D","S/D","VIII","Dentro","Urbana","S/D","S/D","S/D","S/D","S/D","Diurna","S/D","Múltiple","Ciclista","Atropello","S/D","S/D","S/D","S/D"
2016,6527,6/1/2016,"Miercoles",0,8:50:00,,"0.0",2,"Moto/Ciclomotor,Automóvil","Ituzaingo Y 2 de Abril",2,1,0,0,1,0,0,,"Calle",,"VENADO TUERTO","General López","S/D","S/D","VIII","Dentro","Urbana","S/D","S/D","S/D","S/D","S/D","Diurna","S/D","S/D","S/D","Colisión","S/D","S/D","S/D","S/D"
2016,6528,6/3/2016,"Viernes",0,,,"0.0",3,"Peatón,Peatón,Automóvil","Santa Fe Y Donado",3,1,0,0,2,0,0,,"Calle",,"ROSARIO","Rosario","S/D","S/D","II","Dentro","Urbana","S/D","S/D","S/D","S/D","S/D","S/D","S/D","S/D","Peatón","Atropello","S/D","S/D","S/D","S/D"
2016,6529,6/3/2016,"Viernes",0,,,"0.0",1,"Automóvil","J Castelli Y Av Gral Paz",1,1,0,0,0,0,0,,"Calle",,"SANTA FE","La Capital","S/D","S/D","I","Dentro","Urbana","S/D","S/D","S/D","S/D","S/D","Diurna","S/D","Contra objeto fijo","S/D","Colisión","S/D","S/D","S/D","S/D"
2016,6530,6/6/2016,"Lunes",0,12:35:00,,"0.0",2,"Automóvil,Moto/Ciclomotor","7 de Octubre Y Moreno",2,1,0,0,1,0,0,,"Calle",,"CAÑADA DE GÓMEZ","Iriondo","S/D","S/D","X","Dentro","Urbana","S/D","S/D","S/D","S/D","S/D","Diurna","S/D","S/D","S/D","Colisión","S/D","S/D","S/D","S/D"
2016,6531,6/6/2016,"Lunes",0,,,"0.0",1,"Moto/Ciclomotor","B I Iturraspe ",1,1,0,0,0,0,0,,"Calle",,"RAFAELA","Castellanos","S/D","S/D","V","Dentro","Urbana","S/D","S/D","S/D","S/D","S/D","Diurna","S/D","Contra objeto fijo","S/D","Colisión","S/D","S/D","S/D","S/D"
2016,6532,6/6/2016,"Lunes",0,,,"0.0",2,"Moto/Ciclomotor,Moto/Ciclomotor","Av Blas Parera ",2,0,0,0,0,0,2,,"Calle",,"SANTA FE","La Capital","S/D","S/D","I","Dentro","Urbana","S/D","S/D","Rotonda","S/D","S/D","S/D","S/D","S/D","S/D","Colisión","S/D","S/D","S/D","S/D"
2016,6533,6/4/2016,"Sabado",0,20:00:00,,"0.0",2,"Moto/Ciclomotor,Automóvil","Calle 2 Y Calle 15",2,1,0,0,1,0,0,,"Calle",,"LAS TOSCAS","General Obligado","S/D","S/D","IX","Dentro","Urbana","S/D","S/D","S/D","S/D","S/D","Diurna","S/D","S/D","S/D","Colisión","S/D","S/D","S/D","S/D"
2016,6534,6/4/2016,"Sabado",0,20:00:00,,"0.0",2,"Moto/Ciclomotor,Automóvil","Calle 21 Y Calle 6",3,2,0,0,1,0,0,,"Calle",,"AVELLANEDA","General Obligado","S/D","S/D","IX","Dentro","Urbana","S/D","S/D","S/D","S/D","S/D","Diurna","S/D","S/D","S/D","Colisión","S/D","S/D","S/D","S/D"
2016,6535,6/8/2016,"Miercoles",0,22:30:00,"Ruta Nacional 8","0.0",1,"Moto/Ciclomotor","Vuelta de Obligado ",1,1,0,0,0,0,0,,"Ruta",8,"VENADO TUERTO","General López","S/D","S/D","VIII","Dentro","Urbana","S/D","S/D","S/D","S/D","S/D","Nocturna","S/D","S/D","S/D","Caída ocupante","S/D","S/D","S/D","S/D"
2016,6536,6/13/2016,"Lunes",0,9:30:00,,"0.0",2,"Automóvil,Pickup/Utilitario","Cornelio Saavedra Y Maipu",4,1,0,0,3,0,0,,"Calle",,"VENADO TUERTO","General López","S/D","S/D","VIII","Dentro","Urbana","S/D","S/D","S/D","S/D","S/D","Diurna","S/D","S/D","S/D","Colisión","S/D","S/D","S/D","S/D"
2016,6537,6/13/2016,"Lunes",0,3:40:00,,"0.0",2,"Automóvil,Peatón","Bv Santa Fe Y Jorge Newbery",2,1,0,0,1,0,0,,"Calle",,"RAFAELA","Castellanos","S/D","S/D","V","Dentro","Urbana","S/D","S/D","S/D","S/D","S/D","Nocturna","S/D","S/D","Peatón","Atropello","S/D","S/D","S/D","S/D"
2016,6538,6/12/2016,"Domingo",0,,,"0.0",2,"Automóvil,Moto/Ciclomotor","Bv Santa Fe Y Aconcagua",4,3,0,0,1,0,0,,"Calle",,"RAFAELA","Castellanos","S/D","S/D","V","Dentro","Urbana","S/D","S/D","S/D","S/D","S/D","Diurna","S/D","S/D","S/D","Colisión","S/D","S/D","S/D","S/D"
2016,6539,6/11/2016,"Sabado",0,5:00:00,,"0.0",2,"Taxi/Remis,Automóvil","25 de Mayo ",3,2,0,0,1,0,0,,"Calle",,"VILLA OCAMPO","General Obligado","S/D","S/D","IX","Dentro","Urbana","S/D","S/D","S/D","S/D","S/D","Nocturna","S/D","S/D","S/D","Colisión","S/D","S/D","S/D","S/D"
2016,6540,6/13/2016,"Lunes",0,21:00:00,,"0.0",2,"Moto/Ciclomotor,Automóvil","Cristobal Colon Y Junin",2,1,0,0,1,0,0,,"Calle",,"VENADO TUERTO","General López","S/D","S/D","VIII","Dentro","Urbana","S/D","S/D","S/D","S/D","S/D","Nocturna","S/D","S/D","S/D","Colisión","S/D","S/D","S/D","S/D"
2016,6541,6/15/2016,"Miercoles",0,12:00:00,"Ruta Nacional 8","0.0",2,"Pickup/Utilitario,Pickup/Utilitario","Uruguay ",2,1,0,0,1,0,0,,"Ruta",8,"VENADO TUERTO","General López","S/D","S/D","VIII","Dentro","Urbana","S/D","S/D","S/D","S/D","S/D","Diurna","S/D","De alcance","S/D","Colisión","S/D","S/D","S/D","S/D"
2016,6542,6/14/2016,"Martes",0,,"Ruta Nacional 34","0.0",2,"Camión c / Acoplado,Camión c / Acoplado"," ",2,1,0,0,1,0,0,,"Ruta",34,"RICARDONE","San Lorenzo","S/D","S/D","XVII","Dentro","Urbana","S/D","S/D","S/D","S/D","S/D","Diurna","S/D","De alcance","S/D","Colisión","S/D","S/D","S/D","S/D"
2016,6543,6/16/2016,"Jueves",0,1:15:00,"Ruta Nacional Rosario -Cordoba","372.0",2,"Camión,Camión"," ",2,1,0,0,1,0,0,,"Ruta","Rosario -Cordoba","CAÑADA DE GÓMEZ","Iriondo","S/D","S/D","X","Dentro","Urbana","S/D","S/D","S/D","S/D","S/D","Nocturna","S/D","De alcance","S/D","Colisión","S/D","S/D","S/D","S/D"
2016,6544,6/16/2016,"Jueves",0,10:00:00,,"0.0",2,"Moto/Ciclomotor,Automóvil","Belgrano Y Hernandarias",2,1,0,0,1,0,0,,"Calle",,"CERES","San Cristóbal","S/D","S/D","XIII","Dentro","Urbana","S/D","S/D","S/D","S/D","S/D","Diurna","S/D","S/D","S/D","Colisión","S/D","S/D","S/D","S/D"
2016,6545,6/16/2016,"Jueves",0,12:00:00,,"0.0",2,"Moto/Ciclomotor,Pickup/Utilitario","Avenida J D Peron Grl Pres Y Avenida Italia",2,1,0,0,1,0,0,,"Calle",,"CERES","San Cristóbal","S/D","S/D","XIII","Dentro","Urbana","S/D","S/D","S/D","S/D","S/D","Diurna","S/D","S/D","S/D","Colisión","S/D","S/D","S/D","S/D"
2016,6546,6/20/2016,"Lunes",0,,,"0.0",2,"Automóvil,Peatón","San Martin ",4,0,3,0,1,0,0,,"Calle",,"ROSARIO","Rosario","S/D","S/D","II","Dentro","Urbana","S/D","S/D","S/D","S/D","S/D","Diurna","S/D","S/D","Peatón","Atropello","S/D","S/D","S/D","S/D"
2016,6547,6/20/2016,"Lunes",0,,,"0.0",2,"Automóvil,Automóvil","27 de setiembre Y Ayacucho",2,1,0,0,1,0,0,,"Calle",,"RAFAELA","Castellanos","S/D","S/D","V","Dentro","Urbana","S/D","S/D","S/D","S/D","S/D","S/D","S/D","S/D","S/D","Colisión","S/D","S/D","S/D","S/D"
2016,6548,6/20/2016,"Lunes",0,,,"0.0",2,"Moto/Ciclomotor,Pickup/Utilitario","E Zeballos Y J V Gonzalez",2,1,0,0,1,0,0,,"Calle",,"SUNCHALES","Castellanos","S/D","S/D","V","Dentro","Urbana","S/D","S/D","Intersección","S/D","S/D","S/D","S/D","S/D","S/D","Colisión","S/D","S/D","S/D","S/D"
2016,6549,6/19/2016,"Domingo",0,19:00:00,,"0.0",1,"Moto/Ciclomotor"," ",2,1,0,0,1,0,0,,"Camino Rural",,"VILLA OCAMPO","General Obligado","S/D","S/D","IX","Dentro","Rural","S/D","S/D","S/D","S/D","S/D","Diurna","S/D","S/D","S/D","Caída ocupante","S/D","S/D","S/D","S/D"
2016,6550,6/19/2016,"Domingo",0,16:40:00,,"0.0",2,"Automóvil,Moto/Ciclomotor","Calle 12 ",3,1,1,0,1,0,0,,"Calle",,"AVELLANEDA","General Obligado","S/D","S/D","IX","Dentro","Urbana","S/D","S/D","S/D","S/D","S/D","Diurna","S/D","S/D","S/D","Colisión","S/D","S/D","S/D","S/D"
2016,6551,6/19/2016,"Domingo",0,15:30:00,"Ruta Secundaria 40-s","0.0",2,"Moto/Ciclomotor,Automóvil","Calle 68-Armada Argentina ",2,1,0,0,1,0,0,,"Ruta","40-s","RECONQUISTA","General Obligado","S/D","S/D","IX","Dentro","Urbana","S/D","S/D","S/D","S/D","S/D","Diurna","S/D","S/D","S/D","Colisión","S/D","S/D","S/D","S/D"
2016,6552,6/18/2016,"Sabado",0,11:20:00,,"0.0",2,"Moto/Ciclomotor,Automóvil","HEROES DE MALVINAS ",3,2,0,0,1,0,0,,"Calle",,"RECONQUISTA","General Obligado","S/D","S/D","IX","Dentro","Urbana","S/D","S/D","Puente","S/D","S/D","Diurna","S/D","S/D","S/D","Colisión","S/D","S/D","S/D","S/D"
2016,6553,9/22/2016,"Jueves",0,7:10:00,,"0.0",2,"Automóvil,Moto/Ciclomotor","Javier de la Rosa Y Lavalle",3,2,0,0,1,0,0,,"Calle",,"SANTA FE","La Capital","Asfalto","No existe","I","S/D","Urbana","Ninguna","No existe","Intersección","Bueno","Buena","Diurna","Buen Tiempo","Lateral","S/D","Colisión","S/D","Faltante","Ninguna","Sin restricción"
2016,6554,6/17/2016,"Viernes",0,11:50:00,,"0.0",2,"Automóvil,Moto/Ciclomotor","Calle 31-Newbery Y Calle 26 - Bolivar",2,1,0,0,1,0,0,,"Calle",,"RECONQUISTA","General Obligado","S/D","S/D","IX","Dentro","Urbana","S/D","S/D","S/D","S/D","S/D","Diurna","S/D","S/D","S/D","Colisión","S/D","S/D","S/D","S/D"
2016,6555,9/5/2016,"Lunes",0,18:00:00,,"0.0",2,"Automóvil,Automóvil","Javier de la Rosa Y Mitre",2,0,0,0,0,0,2,,"Calle",,"SANTA FE","La Capital","Asfalto","No existe","I","S/D","Urbana","Ninguna","No existe","Intersección","Bueno","Buena","Atardecer","Buen Tiempo","Lateral","S/D","Colisión","Ninguna","Faltante","Ninguna","Sin restricción"
2016,6556,6/19/2016,"Domingo",0,7:40:00,"Ruta Nacional 11","0.0",2,"Moto/Ciclomotor,Camión"," ",2,1,0,0,1,0,0,,"Ruta",11,"LAS TOSCAS","General Obligado","S/D","S/D","IX","Dentro","Urbana","Semáforo","Funciona","S/D","S/D","S/D","Diurna","S/D","S/D","S/D","Colisión","S/D","S/D","S/D","S/D"
2016,6557,6/18/2016,"Sabado",0,19:10:00,"Ruta Nacional 11","887.0",2,"Automóvil,Moto/Ciclomotor"," ",2,0,1,0,1,0,0,,"Ruta",11,"SAN ANTONIO DE OBLIGADO","General Obligado","S/D","S/D","IX","Dentro","Urbana","S/D","S/D","S/D","S/D","S/D","Diurna","S/D","S/D","S/D","Colisión","S/D","S/D","S/D","S/D"
2016,6558,9/21/2016,"Miercoles",0,11:25:00,,"0.0",2,"Moto/Ciclomotor,Automóvil","Chiclana Y Larrea",3,2,0,0,1,0,0,,"Calle",,"SANTA FE","La Capital","Asfalto,Tierra","Natural","I","Dentro","Urbana","Ninguna","No existe","Intersección","Con baches","Buena","Diurna","Buen Tiempo","Lateral","S/D","Colisión","Ninguna","Faltante","Ninguna","Sin restricción"
2016,6559,9/18/2016,"Domingo",0,10:50:00,,"0.0",2,"Moto/Ciclomotor,Pickup/Utilitario","Dr Santos Viani Y Urquiza",2,0,1,0,1,0,0,,"Calle",,"HUMBOLDT","Las Colonias","Hormigón","Natural","XI","Dentro","Urbana","Ninguna","No existe","Intersección","Bueno","Buena","Diurna","Buen Tiempo","Lateral","S/D","Colisión","Ninguna","Vertical","Ninguna","Sin restricción"
2016,6560,9/21/2016,"Miercoles",0,13:00:00,,"0.0",2,"Automóvil,Moto/Ciclomotor","Av A del Valle Y Javier de la Rosa",2,1,0,0,1,0,0,,"Avenida",,"SANTA FE","La Capital","Asfalto","Pavimento","I","Dentro","Urbana","S/D","Funciona","Intersección","Bueno","Buena","Diurna","Buen Tiempo","S/D","S/D","Colisión","S/D","Vertical","S/D","S/D"
2016,6561,9/24/2016,"Sabado",0,8:00:00,,"0.0",2,"Moto/Ciclomotor,Automóvil","Estrada Y Boneo",2,1,0,0,1,0,0,,"Calle",,"SANTA FE","La Capital","Asfalto","Natural","I","Dentro","Urbana","Ninguna","No existe","Intersección","Con baches","Buena","Diurna","Buen Tiempo","Lateral","S/D","Colisión","Material Suelto","Faltante","Ninguna","Sin restricción"
2016,6562,9/28/2016,"Miercoles",0,18:40:00,"Ruta Nacional A012","0.0",2,"Automóvil,Automóvil","Ruta Nacional A012 Y Villata",7,1,0,0,6,0,0,,"Ruta","A012","RICARDONE","San Lorenzo","Hormigón","Ripio","XVII","Dentro","Rural","Ninguna","No existe","Intersección","Bueno","Buena","Atardecer","Buen Tiempo","Lateral","S/D","Colisión","Ninguna","Faltante","Ninguna","Sin restricción"
2016,6563,9/25/2016,"Domingo",0,17:50:00,"Ruta Nacional 11","0.0",4,"Automóvil,Automóvil,Automóvil,Automóvil"," ",6,6,0,0,0,0,0,,"Ruta",11,"FRAY LUIS BELTRÁN","San Lorenzo","Asfalto","Ripio","XVII","Dentro","Urbana","Semáforo","Funciona","Recta","Bueno","Buena","Diurna","Buen Tiempo","Frontal","S/D","Colisión","Ninguna","Vertical","Línea divisoria pintada","Sin restricción"
2016,6564,9/14/2016,"Miercoles",0,13:00:00,"Ruta Nacional 11","0.0",2,"Camión c / Acoplado,Camión c / Acoplado","Ruta Nac 11 Y Saavedra",2,0,0,0,0,0,2,,"Ruta",11,"SAN LORENZO","San Lorenzo","S/D","S/D","XVII","S/D","S/D","S/D","S/D","S/D","S/D","S/D","Diurna","S/D","S/D","S/D","Colisión","S/D","S/D","S/D","S/D"
2016,6565,9/13/2016,"Martes",0,17:25:00,,"0.0",2,"Pickup/Utilitario,Moto/Ciclomotor","Dorrego Y B de Astrada",3,0,0,0,1,0,2,,"Calle",,"SAN LORENZO","San Lorenzo","Asfalto","Pavimento","XVII","Dentro","Urbana","S/D","No existe","Recta","Bueno","Buena","Diurna","S/D","S/D","S/D","Colisión","S/D","S/D","S/D","S/D"
2016,6566,9/13/2016,"Martes",0,8:00:00,,"0.0",2,"Automóvil,Pickup/Utilitario","Urquiza Y Irigoyen",2,0,0,0,0,0,2,,"Calle",,"SAN LORENZO","San Lorenzo","Asfalto","Pavimento","XVII","Dentro","Urbana","Ninguna","No existe","Recta","Bueno","Buena","Diurna","Buen Tiempo","S/D","S/D","Colisión","S/D","Faltante","Ninguna","Sin restricción"
2016,6567,9/9/2016,"Viernes",0,21:00:00,,"0.0",2,"Moto/Ciclomotor,Automóvil","Belgrano Y Sargento Cabral",2,1,0,0,1,0,0,,"Calle",,"SAN LORENZO","San Lorenzo","Asfalto","S/D","XVII","Dentro","Urbana","S/D","S/D","Intersección","S/D","S/D","Nocturna","S/D","S/D","S/D","Colisión","S/D","S/D","S/D","S/D"
2016,6568,9/18/2016,"Domingo",0,1:45:00,,"0.0",2,"Tren,Automóvil","San Juan ",2,1,0,0,1,0,0,,"Calle",,"SAN LORENZO","San Lorenzo","S/D","S/D","XVII","Dentro","Urbana","S/D","S/D","Paso a Nivel FFCC","S/D","S/D","Nocturna","S/D","Lateral","S/D","Colisión","S/D","S/D","S/D","S/D"
2016,6569,9/7/2016,"Miercoles",0,19:50:00,"Ruta Nacional 11","0.0",2,"Pickup/Utilitario,Moto/Ciclomotor"," ",2,0,0,0,1,0,1,,"Ruta",11,"SAN LORENZO","San Lorenzo","S/D","S/D","XVII","Dentro","Urbana","S/D","S/D","S/D","S/D","S/D","Diurna","S/D","S/D","S/D","Colisión","S/D","S/D","S/D","S/D"
2016,6570,9/7/2016,"Miercoles",0,18:30:00,,"0.0",2,"Automóvil,Peatón","B de Astrada Y Uriburu",2,0,0,0,1,0,1,,"Calle",,"SAN LORENZO","San Lorenzo","S/D","S/D","XVII","Dentro","Urbana","S/D","S/D","S/D","S/D","S/D","Diurna","S/D","S/D","S/D","Colisión","S/D","S/D","S/D","S/D"
2016,6571,9/22/2016,"Jueves",0,18:31:00,,"0.0",1,"Bicicleta","Juan M De Rosas Y Dr Ghio",1,1,0,0,0,0,0,,"Calle",,"SAN LORENZO","San Lorenzo","S/D","S/D","XVII","Dentro","Urbana","S/D","S/D","Intersección","S/D","Buena","Diurna","S/D","S/D","S/D","Caída ocupante","S/D","S/D","S/D","S/D"
2016,6572,9/23/2016,"Viernes",0,7:50:00,,"0.0",2,"Moto/Ciclomotor,Pickup/Utilitario","Carlos Pellegrini Y 12 de Octubre",2,1,0,0,1,0,0,,"Calle",,"RAFAELA","Castellanos","S/D","S/D","V","Dentro","Urbana","Señal Ceda el Paso","S/D","Intersección","S/D","Buena","Diurna","Buen Tiempo","Lateral","S/D","Colisión","S/D","S/D","S/D","Sin restricción"
2016,6573,9/17/2016,"Sabado",0,10:30:00,,"0.0",2,"Moto/Ciclomotor,Automóvil","San Juan Y Irigoyen",4,1,0,0,3,0,0,,"Calle",,"SAN LORENZO","San Lorenzo","S/D","S/D","XVII","Dentro","Urbana","S/D","No existe","Intersección","S/D","Buena","Diurna","Buen Tiempo","Lateral","S/D","Colisión","S/D","S/D","S/D","S/D"
2016,6574,9/27/2016,"Martes",0,13:00:00,,"0.0",2,"Bicicleta,Moto/Ciclomotor","9 de Julio Y Fco Romero",2,1,1,0,0,0,0,,"Calle",,"SAN JUSTO","San Justo","Asfalto","No existe","XVI","Dentro","Urbana","Ninguna","No existe","Intersección","Bueno","Buena","Diurna","Buen Tiempo","S/D","Peatón","Atropello","S/D","Vertical","Ninguna","Sin restricción"
2016,6575,9/18/2016,"Domingo",0,9:25:00,"Ruta Provincial 39","0.0",2,"Pickup/Utilitario,Automóvil"," ",5,2,0,0,3,0,0,,"Ruta",39,"GOBERNADOR CRESPO","San Justo","Asfalto","Natural","XVI","Dentro","Urbana","Ninguna","No existe","Intersección","Bueno","Buena","Diurna","Buen Tiempo","Lateral","S/D","Colisión","S/D","Faltante","Línea divisoria pintada","Sin restricción"
2016,6576,9/21/2016,"Miercoles",0,18:20:00,,"0.0",2,"Pickup/Utilitario,Moto/Ciclomotor","3 de Febrero Y 12 de Octubre",2,1,0,0,1,0,0,,"Calle",,"SANTA FE","La Capital","Ripio","No existe","I","Dentro","Urbana","S/D","No existe","Intersección","Bueno","Buena","Diurna","Buen Tiempo","Lateral","S/D","Colisión","S/D","S/D","S/D","S/D"
2016,6577,9/30/2016,"Viernes",0,22:10:00,,"0.0",2,"Moto/Ciclomotor,Automóvil","CORRIENTES  100",3,2,0,0,1,0,0,,"Calle",,"SAN GENARO","San Jerónimo","Tierra","No existe","XV","Dentro","Urbana","Ninguna","No existe","Recta","Con baches","Buena","Nocturna","Buen Tiempo","Frontal","Ciclista","Atropello","Ninguna","Faltante","Ninguna","Sin restricción"
2016,6578,9/2/2016,"Viernes",0,9:20:00,,"0.0",2,"Moto/Ciclomotor,Automóvil","Avenida Nuestra Señora del Luj Y 12 de septiembre",2,1,0,0,1,0,0,,"Avenida",,"SANTO TOMÉ","La Capital","Asfalto","No existe","I","Dentro","Urbana","Semáforo","Funciona","Intersección","Bueno","Buena","Diurna","Lluvia","Lateral","S/D","Colisión","Agua","Vertical","S/D","Sin restricción"
2016,6579,9/9/2016,"Viernes",0,20:45:00,"Ruta Nacional 34","273.0",2,"Moto/Ciclomotor,Moto/Ciclomotor"," ",2,1,1,0,0,0,0,,"Ruta",34,"TACURAL","Castellanos","Asfalto","Ripio","V","Dentro","Urbana","Ninguna","No existe","Curva","Bueno","Reducida","Nocturna","Buen Tiempo","Lateral","S/D","Colisión","S/D","Vertical","Línea divisoria pintada","Sin restricción"
2016,6580,9/11/2016,"Domingo",0,22:30:00,,"0.0",2,"Moto/Ciclomotor,Moto/Ciclomotor","Avenida Nuestra Señora del Luj Y 12 de septiembre",2,2,0,0,0,0,0,,"Avenida",,"SANTO TOMÉ","La Capital","Asfalto","No existe","I","Dentro","Urbana","Semáforo","Funciona","Intersección","Bueno","Buena","Nocturna","Buen Tiempo","Lateral","S/D","Colisión","S/D","S/D","S/D","S/D"
2016,6581,9/20/2016,"Martes",0,11:45:00,,"0.0",2,"Automóvil,Moto/Ciclomotor","San Martin Y Gdor Freyre",2,1,0,0,1,0,0,,"Calle",,"FRANCK","Las Colonias","Asfalto","No existe","XI","Dentro","Urbana","Ninguna","No existe","Intersección","Bueno","Buena","Diurna","Buen Tiempo","Lateral","S/D","Colisión","S/D","Vertical","Ninguna","Sin restricción"
2016,6582,9/18/2016,"Domingo",0,7:30:00,,"0.0",2,"Automóvil,Moto/Ciclomotor","Franck Y Rivadavia",2,1,0,0,1,0,0,,"Calle",,"ESPERANZA","Las Colonias","Asfalto","S/D","XI","Dentro","Urbana","Semáforo","Funciona","Intersección","Bueno","Buena","Diurna","Buen Tiempo","Lateral","S/D","Colisión","S/D","Vertical","Línea divisoria pintada","Sin restricción"
2016,6583,9/15/2016,"Jueves",0,16:30:00,"Ruta Nacional 11","906.0",2,"Automóvil,Bicicleta"," ",2,1,0,0,1,0,0,,"Ruta",11,"EL RABÓN","General Obligado","Asfalto","Natural","IX","Dentro","Urbana","Marca Vial","No existe","Recta","Deteriorada","Buena","Diurna","Buen Tiempo","S/D","Ciclista","Atropello","S/D","Horizontal,Vertical","Línea divisoria pintada","Sin restricción"
2016,6584,9/14/2016,"Miercoles",0,17:00:00,,"0.0",2,"Camión,Moto/Ciclomotor","San Juan Y Guemes",2,1,0,0,1,0,0,,"Calle",,"HUMBERTO 1°","Castellanos","Hormigón","S/D","V","Dentro","Urbana","S/D","No existe","Intersección","Bueno","Buena","Diurna","Buen Tiempo","Lateral","S/D","Colisión","Ninguna","Faltante","S/D","S/D"
2016,6585,9/1/2016,"Jueves",0,19:40:00,"Ruta Nacional 11","878.0",2,"Moto/Ciclomotor,Camión Chasis"," ",2,1,0,0,1,0,0,,"Ruta",11,"VILLA OCAMPO","General Obligado","Asfalto","Natural","IX","Dentro","Urbana","Ninguna","No existe","Recta","Resbaladiza","Buena","Nocturna","Viento Fuerte","S/D","S/D","Colisión","Agua","Vertical","Cordón divisorio","Sin restricción"
2016,6586,9/25/2016,"Domingo",0,2:30:00,,"0.0",2,"Automóvil,Moto/Ciclomotor","GUEMES Y ALEM",3,1,1,0,1,0,0,,"Calle",,"SAN VICENTE.","Castellanos","Asfalto","No existe","V","Dentro","Urbana","Ninguna","No existe","Intersección","Bueno","Buena","Nocturna,Con luz artificial","Buen Tiempo","Lateral","S/D","Colisión","Ninguna","Faltante","Ninguna","Sin restricción"