"anio_acci","nro_acci","fecha","desc_dia","fecha_aprox","hora_aprox","desc_ruta","km","cant_participantes","desc_participante","calle_avenida_km","total","heridos_leves","heridos_graves","heridos_gravisimos","ilesos","fallecidos","sin_datos","posicion_XY","desc_tipo_via","desc_ruta_ori","desc_loc","desc_dpto","desc_tipo_calzada","desc_tipo_banquina","desc_unidad_regional","desc_lugar_calzada","desc_zona","desc_prioridad","desc_estado_semaforo","desc_lugar_via","desc_estado_via","desc_estado_visibilidad","desc_luminosidad","desc_estado_clima","desc_tipo_colision","desc_tipo_atropello","desc_tipo_hecho","desc_pres_calzada","desc_senializacion","desc_separacion_via","desc_restriccion"
2016,6587,9/8/2016,"Jueves",0,14:45:00,,"0.0",2,"Pickup/Utilitario,Moto/Ciclomotor","Rivadavia Y Bv Sarmiento",2,1,0,0,1,0,0,,"Calle",,"VILLA OCAMPO","General Obligado","Asfalto","Natural","IX","Dentro","Urbana","Ninguna","No existe","Intersección","Bueno","Buena","Diurna","Buen Tiempo","Lateral","S/D","Colisión","S/D","Faltante","Ninguna","Sin restricción"
2016,6588,9/24/2016,"Sabado",0,0:30:00,"Ruta Nacional 33","643.0",3,"Automóvil,Camión,Camión"," ",3,0,1,0,2,0,0,,"Ruta",33,"MURPHY","General López","Asfalto","Natural","VIII","Dentro","Urbana","Ninguna","No existe","Recta","Bueno","Buena","Nocturna","Buen Tiempo","De alcance","S/D","Colisión","Ninguna","Faltante","Línea divisoria pintada","Sin restricción"
2016,6589,9/19/2016,"Lunes",0,18:10:00,,"0.0",2,"Pickup/Utilitario,Moto/Ciclomotor","Bv Sarmiento 1895",2,1,0,0,1,0,0,,"Calle",,"VILLA OCAMPO","General Obligado","Asfalto","Natural","IX","Dentro","Urbana","Ninguna","No existe","Recta","Bueno","Buena","Diurna","Buen Tiempo","De alcance","S/D","Colisión","S/D","Horizontal","Cordón divisorio","Sin restricción"
2016,6590,9/23/2016,"Viernes",0,8:30:00,,"0.0",2,"Moto/Ciclomotor,Moto/Ciclomotor","Sargento Cabral Y Las Heras",2,0,1,0,1,0,0,,"Calle",,"RAFAELA","Castellanos","Asfalto","No existe","V","Dentro","Urbana","Ninguna","No existe","Intersección","Bueno","Buena","Diurna","Buen Tiempo","Lateral","S/D","Colisión","Ninguna","Faltante","Ninguna","Sin restricción"
2016,6591,9/21/2016,"Miercoles",0,17:25:00,,"0.0",2,"Bicicleta,Automóvil","Presbitero Sponton Y Belgrano",2,1,0,0,1,0,0,,"Calle",,"MALABRIGO","General Obligado","Asfalto","Pavimento","IX","Dentro","Urbana","Ninguna","No existe","Intersección","Bueno","Buena","Atardecer","Buen Tiempo","S/D","Ciclista","Atropello","S/D","S/D","Ninguna","Sin restricción"
2016,6592,9/28/2016,"Miercoles",0,22:00:00,,"0.0",2,"Pickup/Utilitario,Moto/Ciclomotor"," ",3,2,0,0,1,0,0,,"Calle",,"MALABRIGO","General Obligado","Asfalto","Pavimento","IX","Dentro","Urbana","Ninguna","No existe","Intersección","Bueno","Buena","Nocturna","Buen Tiempo","S/D","S/D","Colisión","S/D","S/D","Ninguna","Sin restricción"
2016,6593,9/11/2016,"Domingo",0,8:30:00,"Ruta Provincial 1","157.0",2,"Moto/Ciclomotor,Moto/Ciclomotor"," ",2,1,0,0,1,0,0,,"Ruta",1,"SAN JAVIER","San Javier","Asfalto","Natural","XIV","Dentro","Urbana","Semáforo","Intermitente","Recta","Bueno","Buena","Diurna","Buen Tiempo","Lateral","S/D","Colisión","Ninguna","Horizontal,Vertical","Línea divisoria pintada","Sin restricción"
2016,6594,9/15/2016,"Jueves",0,17:00:00,,"0.0",2,"Automóvil,Pickup/Utilitario","Alvear Y Dr De la Colina",2,1,0,0,1,0,0,,"Calle",,"SAN JAVIER","San Javier","Hormigón","No existe","XIV","Dentro","Urbana","Ninguna","No existe","Intersección","Bueno","Buena","Diurna","Buen Tiempo","Lateral","S/D","Colisión","Ninguna","Vertical","Ninguna","Sin restricción"
2016,6595,10/1/2016,"Sabado",0,7:15:00,,"0.0",1,"Moto/Ciclomotor","Bv Poeta J Migno Y Alvear",2,1,0,0,1,0,0,,"Avenida",,"SAN JAVIER","San Javier","Hormigón","No existe","XIV","Dentro","Urbana","Ninguna","No existe","Intersección","Bueno","Buena","Diurna","Buen Tiempo","S/D","S/D","Caída ocupante","Ninguna","Vertical","Ninguna","Sin restricción"
2016,6596,9/24/2016,"Sabado",0,18:10:00,"Ruta Provincial 65","0.0",1,"Bicicleta"," ",1,1,0,0,0,0,0,,"Ruta",65,"SAN GENARO","San Jerónimo","S/D","S/D","XV","Dentro","Urbana","S/D","S/D","Recta","S/D","Buena","Diurna","Buen Tiempo","S/D","S/D","Caída ocupante","S/D","S/D","S/D","S/D"
2016,6597,9/11/2016,"Domingo",0,8:30:00,"Ruta Provincial 60","59.0",1,"Automóvil"," ",3,3,0,0,0,0,0,,"Ruta",60,"CARLOS PELLEGRINI","San Martín","Asfalto","Natural","XVIII","Fuera","Rural","Ninguna","No existe","Recta","Bueno","Buena","Diurna","Buen Tiempo","S/D","S/D","Vuelco","S/D","S/D","Ninguna","Sin restricción"
2016,6598,9/27/2016,"Martes",0,16:00:00,,"0.0",1,"Automóvil","Bv H Irigoyen Y Chacabuco",2,1,0,0,1,0,0,,"Avenida",,"RAFAELA","Castellanos","Asfalto","S/D","V","Dentro","Urbana","S/D","No existe","Intersección","Bueno","Buena","Diurna","Buen Tiempo","Lateral","S/D","Colisión","S/D","S/D","S/D","S/D"
2016,6599,9/14/2016,"Miercoles",0,16:00:00,,"0.0",2,"Automóvil,Moto/Ciclomotor","Calle 12 Y Calle 15",3,2,0,0,1,0,0,,"Calle",,"AVELLANEDA","General Obligado","Asfalto","Pavimento","IX","Dentro","Urbana","Ninguna","No existe","Intersección","Bueno","Buena","Diurna","Buen Tiempo","Lateral","S/D","Colisión","S/D","S/D","S/D","Sin restricción"
2016,6600,9/30/2016,"Viernes",0,11:50:00,,"0.0",2,"Automóvil,Moto/Ciclomotor","Calle 11 Y Calle 16",3,2,0,0,1,0,0,,"Calle",,"AVELLANEDA","General Obligado","Asfalto","Pavimento","IX","Dentro","Urbana","Ninguna","S/D","Intersección","Bueno","Buena","Diurna","Buen Tiempo","Frontal","S/D","Colisión","S/D","S/D","Ninguna","Sin restricción"
2016,6601,9/27/2016,"Martes",0,21:20:00,"Ruta Secundaria 31-s","0.0",1,"Automóvil"," ",2,2,0,0,0,0,0,,"Ruta","31-s","AVELLANEDA","General Obligado","Asfalto","Natural","IX","Dentro","Urbana","Ninguna","No existe","Intersección","S/D","Buena","Nocturna","Buen Tiempo","S/D","S/D","Vuelco","S/D","Faltante","Ninguna","Sin restricción"
2016,6602,9/30/2016,"Viernes",0,19:55:00,,"0.0",2,"Bicicleta,Automóvil","Bv Sarmiento Y Fray Luis Beltran",2,0,1,0,1,0,0,,"Calle",,"VILLA OCAMPO","General Obligado","Hormigón","Natural","IX","Dentro","Urbana","Ninguna","No existe","Intersección","Bueno","Buena","Diurna","Buen Tiempo","Lateral","Ciclista","Atropello","S/D","Faltante","Ninguna","Sin restricción"
2016,6603,9/28/2016,"Miercoles",0,17:30:00,,"0.0",2,"Moto/Ciclomotor,Automóvil","Moreno Y Bv Urquiza",2,1,0,0,1,0,0,,"Calle",,"VILLA OCAMPO","General Obligado","Asfalto","Natural","IX","Dentro","Urbana","Ninguna","No existe","Intersección","Bueno","Buena","Diurna","Buen Tiempo","Lateral","S/D","Colisión","Agua","Faltante","Ninguna","Sin restricción"
2016,6604,9/25/2016,"Domingo",0,0:05:00,,"0.0",2,"Automóvil,Moto/Ciclomotor","Juan B Justo ",3,2,0,0,1,0,0,,"Calle",,"RAFAELA","Castellanos","Hormigón","Pavimento","V","Dentro","Urbana","Ninguna","No existe","Intersección","Bueno","Buena","Nocturna,Con luz artificial","Buen Tiempo","S/D","S/D","Colisión","S/D","Faltante","Cordón divisorio","Sin restricción"
2016,6605,9/27/2016,"Martes",0,11:50:00,,"0.0",2,"Moto/Ciclomotor,Automóvil","Gaboto Y Belgrano",2,0,1,0,1,0,0,,"Calle",,"RAFAELA","Castellanos","Asfalto","No existe","V","Dentro","Urbana","Ninguna","No existe","Intersección","Bueno","Buena","Diurna","Buen Tiempo","Frontal","S/D","Colisión","S/D","Faltante","Ninguna","Sin restricción"
2016,6606,9/24/2016,"Sabado",0,3:10:00,"Ruta Provincial 13","97.0",1,"Automóvil"," ",1,0,0,1,0,0,0,,"Ruta",13,"MARIA JUANA","Castellanos","Asfalto","Natural","V","Dentro","Urbana","Ninguna","No existe","Recta","Bueno","Reducida","Nocturna","Buen Tiempo","S/D","S/D","Vuelco","S/D","S/D","Línea divisoria pintada","Sin restricción"
2016,6607,9/13/2016,"Martes",0,7:00:00,,"0.0",2,"Pickup/Utilitario,Moto/Ciclomotor","Sargento Cabral ",2,0,1,0,1,0,0,,"Calle",,"RAFAELA","Castellanos","Asfalto","No existe","V","Dentro","Urbana","Otra Señal","No existe","Intersección","Bueno","Buena","Diurna","Buen Tiempo","S/D","S/D","Colisión","S/D","Faltante","Línea divisoria pintada","Sin restricción"
2016,6608,9/2/2016,"Viernes",0,12:30:00,,"0.0",2,"Automóvil,Moto/Ciclomotor","E Oliber Y Intendente Gimenez",2,1,0,0,1,0,0,,"Calle",,"RAFAELA","Castellanos","Asfalto","No existe","V","Dentro","Urbana","Otra Señal","S/D","Intersección","Bueno","Buena","Diurna","Buen Tiempo","S/D","S/D","Colisión","S/D","Faltante","Ninguna","Sin restricción"
2016,6609,9/8/2016,"Jueves",0,13:00:00,,"0.0",2,"Automóvil,Moto/Ciclomotor","Bv Santa Fe Y Gral Mosconi",2,0,1,0,1,0,0,,"Calle",,"RAFAELA","Castellanos","Asfalto","No existe","V","Dentro","Urbana","Semáforo","Funciona","Recta","S/D","Buena","Diurna","Buen Tiempo","S/D","S/D","Colisión","S/D","S/D","Línea divisoria pintada","Sin restricción"
2016,6610,9/1/2016,"Jueves",0,7:45:00,,"0.0",2,"Moto/Ciclomotor,Automóvil","1ro de Mayo Y Av Roque Saenz Pe±a",2,1,0,0,1,0,0,,"Calle",,"RAFAELA","Castellanos","Asfalto","Pavimento","V","Dentro","Urbana","Ninguna","No existe","Intersección","Bueno","Buena","Diurna","Buen Tiempo","Lateral","S/D","Colisión","S/D","Faltante","Ninguna","Sin restricción"
2016,6611,9/12/2016,"Lunes",0,18:00:00,,"0.0",2,"Moto/Ciclomotor,Camión Chasis","Luis Maggi Y Cervantes",2,0,1,0,1,0,0,,"Calle",,"RAFAELA","Castellanos","Asfalto","Pavimento","V","Dentro","Urbana","Ninguna","No existe","Intersección","Bueno","Buena","Diurna","Buen Tiempo","De alcance","S/D","Colisión","S/D","S/D","Línea divisoria pintada","Sin restricción"
2016,6612,9/23/2016,"Viernes",0,20:00:00,"Ruta Nacional 9","331.0",2,"Automóvil,Automóvil","Sgto. J Cabral 500",3,1,0,0,2,0,0,,"Ruta",9,"ROLDÁN","San Lorenzo","Asfalto","Natural","XVII","Dentro","Urbana","Ninguna","No existe","Intersección","Bueno","Reducida","Nocturna,Con luz artificial","Buen Tiempo","Lateral","S/D","Colisión","S/D","Faltante","Ninguna","Sin restricción"
2016,6613,9/21/2016,"Miercoles",0,16:40:00,,"0.0",2,"Camión,Automóvil","Genaro Roldan 1455",3,1,0,0,2,0,0,,"Calle",,"SAN LORENZO","San Lorenzo","Asfalto","S/D","XVII","Dentro","Urbana","S/D","S/D","Recta","Bueno","Buena","Diurna","Buen Tiempo","De alcance","S/D","Colisión","S/D","S/D","S/D","S/D"
2016,6614,9/14/2016,"Miercoles",0,,,"0.0",2,"Automóvil,Bicicleta","Almafuerte Y Aguero",2,1,0,0,1,0,0,,"Calle",,"VENADO TUERTO","General López","Asfalto","No existe","VIII","Dentro","Urbana","Ninguna","No existe","Intersección","Bueno","Buena","S/D","Buen Tiempo","S/D","Ciclista","Atropello","S/D","S/D","S/D","Sin restricción"
2016,6615,9/23/2016,"Viernes",0,12:45:00,,"0.0",2,"Moto/Ciclomotor,Pickup/Utilitario","Ayacucho Y Gabriel Maggi",2,1,0,0,1,0,0,,"Calle",,"RAFAELA","Castellanos","Asfalto","No existe","V","Dentro","Urbana","Ninguna","No existe","Intersección","Bueno","Buena","Diurna","Buen Tiempo","Lateral","S/D","Colisión","S/D","Horizontal,Vertical","Línea divisoria pintada","Sin restricción"
2016,6616,9/11/2016,"Domingo",0,20:00:00,,"0.0",2,"Moto/Ciclomotor,Moto/Ciclomotor","CALLE 1 ",3,1,0,1,1,0,0,,"Calle",,"FRONTERA","Castellanos","Asfalto","S/D","V","Dentro","Urbana","S/D","S/D","Recta","Con baches","Buena","Nocturna,Con luz artificial","Buen Tiempo","Frontal","S/D","Colisión","S/D","S/D","S/D","Sin restricción"
2016,6617,9/13/2016,"Martes",0,20:15:00,,"0.0",3,"Moto/Ciclomotor,Automóvil,Camión","Santa Fe Y Lopez",3,1,0,0,2,0,0,,"Calle",,"VENADO TUERTO","General López","Asfalto","No existe","VIII","Dentro","Urbana","Ninguna","No existe","Intersección","Bueno","Buena","Nocturna,Con luz artificial","Buen Tiempo","Lateral,Múltiple","S/D","Colisión","S/D","Vertical","Ninguna","Sin restricción"
2016,6618,9/19/2016,"Lunes",0,12:05:00,,"0.0",2,"Otros,Bicicleta","Calle 60 ",2,1,0,0,1,0,0,,"Calle",,"FRONTERA","Castellanos","Asfalto","S/D","V","Dentro","Urbana","S/D","S/D","Intersección","Bueno","Buena","Diurna","Buen Tiempo","S/D","Ciclista","Atropello","S/D","S/D","S/D","S/D"
2016,6619,9/17/2016,"Sabado",0,15:00:00,,"0.0",2,"Automóvil,Moto/Ciclomotor","25 de Mayo Y Maipu",2,1,0,0,1,0,0,,"Calle",,"VENADO TUERTO","General López","Asfalto","No existe","VIII","Dentro","Urbana","Ninguna","No existe","Intersección","Bueno","Buena","Diurna","Buen Tiempo","Lateral","S/D","Colisión","S/D","Vertical","Ninguna","Sin restricción"
2016,6620,9/25/2016,"Domingo",0,22:00:00,,"0.0",2,"Moto/Ciclomotor,Automóvil","Calle 88 ",3,1,0,0,2,0,0,,"Calle",,"FRONTERA","Castellanos","Asfalto","S/D","V","Dentro","Urbana","S/D","S/D","Intersección","Bueno","Buena","Nocturna,Con luz artificial","Buen Tiempo","Lateral","S/D","Colisión","S/D","S/D","S/D","S/D"
2016,6621,8/16/2016,"Martes",0,17:00:00,"Ruta Nacional 34","0.0",3,"Pickup/Utilitario,Camión,Automóvil","RN 34 Y GRANDOLI ",4,0,0,0,2,2,0,"-32.894362393972,-60.721009622573","Ruta",34,"ROSARIO","Rosario","Hormigón","S/D","II","Dentro","Urbana","S/D","S/D","Cruce","S/D","S/D","Atardecer","S/D","S/D","S/D","Colisión","S/D","S/D","S/D","S/D"
2016,6622,9/17/2016,"Sabado",0,22:30:00,,"0.0",2,"Moto/Ciclomotor,Automóvil","España Y Quintana",3,1,1,0,1,0,0,,"Calle",,"VENADO TUERTO","General López","Asfalto","No existe","VIII","Dentro","Urbana","Semáforo","Funciona","Intersección","Bueno","Buena","Nocturna,Con luz artificial","Buen Tiempo","Lateral","S/D","Colisión","S/D","Vertical","Ninguna","Sin restricción"
2016,6623,9/18/2016,"Domingo",0,,,"0.0",2,"Automóvil,Moto/Ciclomotor","Lisandro de la Torre Y Mariano Lopez",2,1,0,0,1,0,0,,"Calle",,"VENADO TUERTO","General López","Asfalto,Ripio","No existe","VIII","Dentro","Urbana","Ninguna","No existe","Intersección","Con baches","Buena","S/D","Buen Tiempo","Lateral","S/D","Colisión","S/D","Faltante","S/D","Sin restricción"
2016,6624,9/19/2016,"Lunes",0,7:09:00,,"0.0",2,"Automóvil,Pickup/Utilitario","Marconico Y Balcarce",3,2,0,0,1,0,0,,"Calle",,"VENADO TUERTO","General López","Asfalto","No existe","VIII","Dentro","Urbana","S/D","No existe","Intersección","Bueno","Buena","Diurna","Buen Tiempo","Lateral","S/D","Colisión","S/D","Vertical","S/D","Sin restricción"
2016,6625,9/21/2016,"Miercoles",0,,,"0.0",2,"Automóvil,Moto/Ciclomotor","Falucho Y Juan Carlos Alberdi",2,1,0,0,1,0,0,,"Calle",,"VENADO TUERTO","General López","Asfalto","No existe","VIII","Dentro","Urbana","Ninguna","No existe","Intersección","Bueno","Buena","S/D","Buen Tiempo","Lateral","S/D","Colisión","S/D","Vertical","Ninguna","Sin restricción"
2016,6626,9/23/2016,"Viernes",0,20:50:00,,"0.0",2,"Automóvil,Automóvil","Liniers Santiago Y Jujuy",2,1,0,0,1,0,0,,"Calle",,"VENADO TUERTO","General López","Asfalto","No existe","VIII","Dentro","Urbana","Ninguna","No existe","Intersección","Bueno","Buena","Nocturna,Con luz artificial","Buen Tiempo","Lateral","S/D","Colisión","S/D","S/D","Ninguna","Sin restricción"
2016,6627,9/23/2016,"Viernes",0,16:30:00,,"0.0",2,"Moto/Ciclomotor,Moto/Ciclomotor","Laprida Y Republica Argentina",3,0,2,0,1,0,0,,"Calle",,"VENADO TUERTO","General López","Asfalto","No existe","VIII","Dentro","Urbana","Ninguna","No existe","Intersección","Bueno","Buena","Diurna","Buen Tiempo","Lateral","S/D","Colisión","S/D","Horizontal,Vertical","Cordón divisorio","Sin restricción"
2016,6628,9/10/2016,"Sabado",0,16:45:00,,"0.0",2,"Pickup/Utilitario,Moto/Ciclomotor","Av Dr Luis Chapuis Y Piacenza",2,1,0,0,1,0,0,,"Avenida",,"VENADO TUERTO","General López","Asfalto","No existe","VIII","Dentro","Urbana","Ninguna","No existe","Intersección","Bueno","Buena","Diurna","Buen Tiempo","Lateral","S/D","Colisión","S/D","Faltante","Ninguna","Sin restricción"
2016,6629,9/10/2016,"Sabado",0,19:00:00,,"0.0",2,"Moto/Ciclomotor,Pickup/Utilitario","Calle 3 Y Calle 60",2,0,1,0,1,0,0,,"Calle",,"FRONTERA","Castellanos","Asfalto","S/D","V","Dentro","Urbana","S/D","S/D","Intersección","Bueno","Buena","Atardecer","Buen Tiempo","Lateral","S/D","Colisión","S/D","S/D","Ninguna","S/D"
2016,6630,9/8/2016,"Jueves",0,23:40:00,,"0.0",2,"Automóvil,Moto/Ciclomotor","Calle 58 Y Calle 15",2,0,1,0,1,0,0,,"Calle",,"FRONTERA","Castellanos","Asfalto","S/D","V","Dentro","Urbana","S/D","S/D","Intersección","Bueno","Buena","Nocturna,Con luz artificial","Buen Tiempo","Lateral","S/D","Colisión","S/D","S/D","S/D","S/D"
2016,6631,8/3/2016,"Miercoles",0,16:00:00,,"0.0",2,"Bicicleta,Pickup/Utilitario","Calle 58 Y Calle 7",2,0,1,0,1,0,0,,"Calle",,"FRONTERA","Castellanos","Asfalto","S/D","V","Dentro","Urbana","S/D","S/D","Intersección","Bueno","Buena","Diurna","Buen Tiempo","S/D","Ciclista","Atropello","S/D","S/D","S/D","S/D"
2016,6632,9/7/2016,"Miercoles",0,7:30:00,,"0.0",2,"Automóvil,Moto/Ciclomotor","San Martin Y Belgrano",2,1,0,0,1,0,0,,"Calle",,"MARIA JUANA","Castellanos","S/D","S/D","V","Dentro","Urbana","Ninguna","S/D","Intersección","S/D","Buena","Diurna","Buen Tiempo","Lateral","S/D","Colisión","S/D","S/D","Línea divisoria pintada","Sin restricción"
2016,6633,9/24/2016,"Sabado",0,20:15:00,"Ruta Nacional 34","250.0",2,"Camión,Automóvil"," ",3,2,0,0,1,0,0,,"Ruta",34,"ATALIVA","Castellanos","Asfalto","Natural","V","Dentro","Urbana","Marca Vial","No existe","Curva","Bueno","Buena","Nocturna","Buen Tiempo","Lateral","S/D","Colisión","Ninguna","Horizontal,Vertical","Línea divisoria pintada","Sin restricción"
2016,6634,9/16/2016,"Viernes",0,7:05:00,,"0.0",2,"Bicicleta,Automóvil","Av Freyre Y La Rioja",2,1,0,0,1,0,0,,"S/D",,"SANTA FE","La Capital","Asfalto","No existe","I","S/D","S/D","Ninguna","No existe","Intersección","Bueno","Buena","Diurna","Buen Tiempo","S/D","Ciclista","Atropello","Ninguna","Vertical","Ninguna","Sin restricción"
2016,6635,9/26/2016,"Lunes",0,9:15:00,,"0.0",2,"Moto/Ciclomotor,Pickup/Utilitario","Chacabuco Y Carrero Podio",2,1,0,0,1,0,0,,"Calle",,"RAFAELA","Castellanos","Asfalto","Pavimento","V","Dentro","Urbana","Ninguna","No existe","Intersección","Bueno","Buena","Diurna","Buen Tiempo","Lateral","S/D","Colisión","Ninguna","Faltante","Barrera de hormigón","Sin restricción"
2016,6636,9/16/2016,"Viernes",0,16:50:00,,"0.0",2,"Moto/Ciclomotor,Automóvil","Av Freyre ",2,1,0,0,1,0,0,,"S/D",,"SANTA FE","La Capital","Asfalto","No existe","I","S/D","Urbana","Ninguna","No existe","Recta","Bueno","Buena","Diurna","Buen Tiempo","Lateral","S/D","Colisión","Ninguna","Horizontal","Ninguna","Sin restricción"
2016,6637,9/20/2016,"Martes",0,,,"0.0",2,"Peatón,Automóvil","25 de Mayo Y Mariano Moreno",2,1,0,0,1,0,0,,"Calle",,"RAFAELA","Castellanos","Hormigón","No existe","V","S/D","Urbana","Ninguna","No existe","Intersección","Bueno","Reducida","Nocturna","Buen Tiempo","S/D","S/D","Atropello","S/D","S/D","Cordón divisorio","S/D"
2016,6638,9/16/2016,"Viernes",0,18:30:00,,"0.0",2,"Moto/Ciclomotor,Automóvil","Av Freyre Y Vera",2,1,0,0,1,0,0,,"Avenida",,"SANTA FE","La Capital","Asfalto","No existe","I","S/D","Urbana","Ninguna","No existe","Intersección","Bueno","Buena","Diurna","Buen Tiempo","S/D","S/D","Colisión","Ninguna","Vertical","Ninguna","Sin restricción"
2016,6639,9/21/2016,"Miercoles",0,19:00:00,,"0.0",2,"Moto/Ciclomotor,Automóvil","Bv Pte Roca Y Arenales",3,0,2,0,1,0,0,,"Avenida",,"RAFAELA","Castellanos","S/D","No existe","V","Dentro","Urbana","Ninguna","No existe","Intersección","Bueno","Buena","Atardecer","Buen Tiempo","Frontal","S/D","Colisión","Otro","Vertical","Ninguna","Sin restricción"
2016,6640,9/17/2016,"Sabado",0,12:50:00,"Ruta Provincial 13","118.0",2,"Automóvil,Moto/Ciclomotor"," ",2,0,1,0,1,0,0,,"Ruta",13,"ESTACIÓN CLUCELLAS","Castellanos","Hormigón","Natural","V","Dentro","Rural","Ninguna","No existe","Recta","Bueno","Buena","Nocturna","Buen Tiempo","Lateral","S/D","Colisión","Ninguna","Horizontal,Vertical","Línea divisoria pintada","Sin restricción"
2016,6641,9/18/2016,"Domingo",0,14:30:00,,"0.0",2,"Taxi/Remis,Automóvil","BV PELLEGRINI Y URQUIZA",2,1,0,0,1,0,0,,"Avenida",,"SANTA FE","La Capital","Asfalto","No existe","I","S/D","Urbana","Ninguna","No existe","Intersección","Bueno","Buena","Amanecer","Buen Tiempo","S/D","S/D","Colisión","Ninguna","Vertical","Ninguna","Sin restricción"
2016,6642,9/18/2016,"Domingo",0,17:00:00,,"0.0",2,"Moto/Ciclomotor,Automóvil","San Lorenzo Y Junin",2,1,0,0,1,0,0,,"Calle",,"SANTA FE","La Capital","Asfalto","No existe","I","S/D","Urbana","Ninguna","No existe","Intersección","Bueno","Buena","Atardecer","Buen Tiempo","S/D","S/D","Colisión","Ninguna","Vertical","Ninguna","Sin restricción"
2016,6643,9/20/2016,"Martes",0,12:30:00,,"75.5",2,"Moto/Ciclomotor,Pickup/Utilitario","San Juan 600",2,1,0,0,1,0,0,,"S/D",,"SUNCHALES","Castellanos","Hormigón","No existe","V","S/D","Urbana","Ninguna","No existe","Recta","Bueno","Buena","Diurna","Buen Tiempo","Otro","S/D","Colisión","Ninguna","S/D","Ninguna","Sin restricción"
2016,6644,9/10/2016,"Sabado",0,19:30:00,,"0.0",2,"Automóvil,Moto/Ciclomotor","Sarmiento Y J B Justo",2,0,1,0,1,0,0,,"Avenida",,"SUNCHALES","Castellanos","Asfalto","No existe","V","Dentro","Urbana","Ninguna","No existe","Intersección","Bueno","Buena","Nocturna","Buen Tiempo","Lateral","S/D","Colisión","Ninguna","Faltante","Ninguna","Sin restricción"
2016,6645,9/19/2016,"Lunes",0,21:40:00,,"0.0",2,"Moto/Ciclomotor,Automóvil","Av Pte Peron Y Junin",2,1,0,0,1,0,0,,"Calle",,"SANTA FE","La Capital","Asfalto","No existe","I","S/D","Urbana","Ninguna","No existe","Intersección","Bueno","Buena","Nocturna","Buen Tiempo","S/D","S/D","Colisión","Ninguna","Vertical","Ninguna","Sin restricción"
2016,6646,9/20/2016,"Martes",0,11:30:00,,"0.0",2,"Moto/Ciclomotor,Pickup/Utilitario","Av Freyre Y Santiago del Estero",2,1,0,0,1,0,0,,"S/D",,"SANTA FE","La Capital","Asfalto","No existe","I","S/D","S/D","Ninguna","No existe","Intersección","Bueno","Buena","Diurna","Buen Tiempo","S/D","S/D","Colisión","Ninguna","Vertical","Ninguna","Sin restricción"
2016,6647,9/7/2016,"Miercoles",0,21:00:00,,"0.0",2,"Moto/Ciclomotor,Pickup/Utilitario","Avenida Belgrano 240",2,1,0,0,1,0,0,,"Calle",,"SUNCHALES","Castellanos","Hormigón","No existe","V","S/D","Urbana","Ninguna","No existe","Recta","Bueno","Buena","Diurna","Buen Tiempo","Lateral","S/D","Colisión","Ninguna","S/D","Cordón divisorio","Sin restricción"
2016,6648,9/13/2016,"Martes",0,,,"0.0",2,"Moto/Ciclomotor,Automóvil"," ",2,1,0,0,1,0,0,,"Avenida",,"VENADO TUERTO","General López","Asfalto","No existe","VIII","Dentro","Urbana","Semáforo","Funciona","Intersección","Bueno","Buena","S/D","S/D","S/D","S/D","Colisión","S/D","Vertical","Ninguna","Sin restricción"
2016,6649,9/16/2016,"Viernes",0,18:50:00,,"0.0",2,"Automóvil,Moto/Ciclomotor","Iturraspe Y Francia",3,0,0,0,0,0,3,,"Calle",,"SANTA FE","La Capital","Asfalto","No existe","I","Dentro","Urbana","Ninguna","No existe","Intersección","Con baches","Reducida","Atardecer","Buen Tiempo","Lateral","S/D","Colisión","S/D","Faltante","Cordón divisorio","Sin restricción"
2016,6650,9/20/2016,"Martes",0,10:55:00,,"0.0",2,"Moto/Ciclomotor,Moto/Ciclomotor","Av Pte Peron Y Junin",2,1,0,0,1,0,0,,"S/D",,"SANTA FE","La Capital","Asfalto","No existe","I","S/D","S/D","Ninguna","No existe","Intersección","Bueno","Buena","Diurna","Buen Tiempo","S/D","S/D","Colisión","Ninguna","Vertical","Ninguna","Sin restricción"
2016,6651,9/9/2016,"Viernes",0,14:00:00,,"0.0",1,"Automóvil","E Zeballos Y R Saenz Peña",2,1,0,0,1,0,0,,"Calle",,"SUNCHALES","Castellanos","Asfalto","No existe","V","Dentro","Urbana","Ninguna","No existe","Intersección","Bueno","Buena","Diurna","Buen Tiempo","Lateral","S/D","Colisión","Ninguna","Faltante","Ninguna","Sin restricción"
2016,6652,9/17/2016,"Sabado",0,11:00:00,,"0.0",2,"Automóvil,Moto/Ciclomotor","Gdor Freyre Y Gutierrez",2,0,0,0,0,0,2,,"Calle",,"SANTA FE","La Capital","Hormigón","No existe","I","Dentro","Urbana","S/D","No existe","Intersección","Deteriorada","Buena","Diurna","S/D","Lateral","S/D","Colisión","S/D","Faltante","Cordón divisorio","S/D"