"anio_acci","nro_acci","fecha","desc_dia","fecha_aprox","hora_aprox","desc_ruta","km","cant_participantes","desc_participante","calle_avenida_km","total","heridos_leves","heridos_graves","heridos_gravisimos","ilesos","fallecidos","sin_datos","posicion_XY","desc_tipo_via","desc_ruta_ori","desc_loc","desc_dpto","desc_tipo_calzada","desc_tipo_banquina","desc_unidad_regional","desc_lugar_calzada","desc_zona","desc_prioridad","desc_estado_semaforo","desc_lugar_via","desc_estado_via","desc_estado_visibilidad","desc_luminosidad","desc_estado_clima","desc_tipo_colision","desc_tipo_atropello","desc_tipo_hecho","desc_pres_calzada","desc_senializacion","desc_separacion_via","desc_restriccion"
2016,6653,9/7/2016,"Miercoles",0,23:40:00,,"0.0",1,"Moto/Ciclomotor","Alberdi J B 210",1,1,0,0,0,0,0,,"S/D",,"SUNCHALES","Castellanos","Hormigón","S/D","V","Dentro","Urbana","Ninguna","No existe","Recta","Bueno","Reducida","Nocturna","Buen Tiempo","Atropello animal","S/D","Colisión","Ninguna","S/D","Ninguna","S/D"
2016,6654,9/20/2016,"Martes",0,14:40:00,,"0.0",2,"Moto/Ciclomotor,Pickup/Utilitario","Francia Y Junin",2,1,0,0,1,0,0,,"S/D",,"SANTA FE","La Capital","Asfalto","No existe","I","S/D","S/D","Ninguna","No existe","Intersección","Bueno","Buena","Diurna","Buen Tiempo","S/D","S/D","Colisión","Ninguna","Vertical","Ninguna","Sin restricción"
2016,6655,9/22/2016,"Jueves",0,15:15:00,,"0.0",1,"Moto/Ciclomotor","Fray C Rodriguez Y La Paz",2,0,0,0,1,0,1,,"Calle",,"SANTA FE","La Capital","Asfalto","No existe","I","Dentro","Urbana","Ninguna","No existe","Intersección","Bueno","Buena","Diurna","Buen Tiempo","Lateral","S/D","Colisión","S/D","Faltante","Cordón divisorio","Sin restricción"
2016,6656,9/14/2016,"Miercoles",0,11:15:00,,"0.0",2,"Automóvil,Automóvil","Av Irigoyen Y Bolivar",3,1,0,0,2,0,0,,"Avenida",,"SUNCHALES","Castellanos","Asfalto","No existe","V","Dentro","Urbana","Ninguna","No existe","Intersección","Bueno","Buena","Diurna","Buen Tiempo","Lateral","S/D","Colisión","Ninguna","S/D","Cordón divisorio","Sin restricción"
2016,6657,9/23/2016,"Viernes",0,18:50:00,,"0.0",2,"Automóvil,Automóvil","Saavedra Y Pedro Ferre",3,1,0,0,2,0,0,,"Calle",,"SANTA FE","La Capital","Asfalto","No existe","I","Dentro","Urbana","Ninguna","No existe","Intersección","Bueno","Reducida","Atardecer","Buen Tiempo","Lateral","S/D","Colisión","S/D","Faltante","Cordón divisorio","Sin restricción"
2016,6658,9/24/2016,"Sabado",0,6:50:00,,"0.0",2,"Peatón,Otros","Av Peñaloza Y R Godoy",2,0,0,0,0,0,2,,"Calle",,"SANTA FE","La Capital","Asfalto","No existe","I","Dentro","Urbana","Ninguna","No existe","Intersección","Bueno","Reducida","Amanecer","Buen Tiempo","S/D","Peatón","Atropello","S/D","Faltante","Vegetación","Sin restricción"
2016,6659,9/21/2016,"Miercoles",0,17:30:00,,"0.0",2,"Peatón,Moto/Ciclomotor","J D SOLAR 2200",2,1,0,0,1,0,0,,"Calle",,"SANTA FE","La Capital","Asfalto","No existe","I","S/D","Urbana","Ninguna","No existe","Recta","Bueno","Buena","Atardecer","Buen Tiempo","S/D","Peatón","Atropello","Ninguna","Horizontal","Ninguna","Sin restricción"
2016,6660,9/8/2016,"Jueves",0,,,"0.0",3,"Pickup/Utilitario,Peatón,Moto/Ciclomotor","Bv Pte Roca 100",3,1,0,0,2,0,0,,"S/D",,"RAFAELA","Castellanos","S/D","No existe","V","S/D","S/D","Ninguna","No existe","Recta","Bueno","Buena","S/D","Buen Tiempo","S/D","S/D","Atropello","Otro","S/D","Cordón divisorio","Sin restricción"
2016,6661,9/25/2016,"Domingo",0,14:30:00,,"0.0",2,"Automóvil,Moto/Ciclomotor","Av Pte Peron 3800",2,1,0,0,1,0,0,,"Calle",,"SANTA FE","La Capital","Asfalto","No existe","I","Dentro","Urbana","Otra Señal","No existe","Recta","Con baches","Buena","Diurna","Buen Tiempo","S/D","S/D","Colisión","S/D","Faltante","Cordón divisorio","Sin restricción"
2016,6662,9/8/2016,"Jueves",0,9:30:00,,"0.0",2,"Automóvil,Moto/Ciclomotor","Av Aristobulo del Valle Y Intendente Gimenez",2,1,0,0,1,0,0,,"Avenida",,"RAFAELA","Castellanos","Hormigón","No existe","V","Dentro","Urbana","Ninguna","No existe","Rotonda","Bueno","Buena","Diurna","Buen Tiempo","Lateral","S/D","Colisión","Ninguna","Faltante","Cordón divisorio","Sin restricción"
2016,6663,9/28/2016,"Miercoles",0,8:10:00,,"0.0",2,"Automóvil,Bicicleta","Av Freyre 2100",2,1,0,0,1,0,0,,"Calle",,"SANTA FE","La Capital","Asfalto","No existe","I","S/D","Urbana","Ninguna","No existe","Recta","Bueno","Buena","Diurna","Buen Tiempo","S/D","Ciclista","Atropello","Ninguna","Vertical","Ninguna","Sin restricción"
2016,6664,9/28/2016,"Miercoles",0,19:00:00,,"0.0",2,"Automóvil,Moto/Ciclomotor","Av Blas Parera ",3,2,0,0,1,0,0,,"Calle",,"SANTA FE","La Capital","Asfalto","No existe","I","Dentro","Urbana","Ninguna","No existe","Intersección","Bueno","Reducida","Amanecer","Buen Tiempo","Lateral","S/D","Colisión","S/D","Faltante","Vegetación","Sin restricción"
2016,6665,9/3/2016,"Sabado",0,16:00:00,,"0.0",4,"Moto/Ciclomotor,Automóvil,Moto/Ciclomotor,Automóvil","Av Lopez y Planes Y Iturraspe",5,2,0,0,3,0,0,,"Calle",,"SANTA FE","La Capital","Asfalto","No existe","I","Dentro","Urbana","S/D","Funciona","Intersección","Deteriorada","Buena","Diurna","S/D","Múltiple","S/D","Colisión","S/D","Horizontal,Vertical","Cordón divisorio","S/D"
2016,6666,9/6/2016,"Martes",0,20:30:00,,"0.0",2,"Automóvil,Bicicleta"," ",2,1,0,0,1,0,0,,"Calle",,"RAFAELA","Castellanos","Asfalto","S/D","V","Dentro","Urbana","Señal Pare","No existe","Intersección","Bueno","Buena","Nocturna","Buen Tiempo","Lateral","S/D","Colisión","S/D","S/D","Línea divisoria pintada","Sin restricción"
2016,6667,9/15/2016,"Jueves",0,22:15:00,,"0.0",2,"Automóvil,Moto/Ciclomotor","Javier de la Rosa Y Echague",2,1,0,0,1,0,0,,"Calle",,"SANTA FE","La Capital","Asfalto","No existe","I","S/D","Urbana","Ninguna","No existe","Intersección","Bueno","Buena","Nocturna","Buen Tiempo","Lateral","S/D","Colisión","Ninguna","Faltante","Ninguna","Sin restricción"
2016,6668,9/7/2016,"Miercoles",0,17:30:00,,"0.0",2,"Pickup/Utilitario,Moto/Ciclomotor","Fray C Rodriguez Y La Paz",2,0,0,0,0,0,2,,"Calle",,"SANTA FE","La Capital","Asfalto","No existe","I","Dentro","Urbana","S/D","No existe","Intersección","Bueno","Buena","Diurna","S/D","Lateral","S/D","Colisión","S/D","S/D","Cordón divisorio","S/D"
2016,6669,9/16/2016,"Viernes",0,14:50:00,,"0.0",2,"Automóvil,Automóvil","Av Blas Parera Y Derqui",3,0,0,0,0,0,3,,"Avenida",,"SANTA FE","La Capital","Asfalto","No existe","I","S/D","Urbana","Semáforo","Funciona","Intersección","Bueno","Buena","Diurna","S/D","Lateral","S/D","Colisión","S/D","Horizontal,Vertical","Cordón divisorio","S/D"
2016,6670,9/8/2016,"Jueves",0,21:00:00,,"0.0",2,"Automóvil,Bicicleta","Av Lopez y Planes 41080",2,0,0,0,0,0,2,,"Calle",,"SANTA FE","La Capital","Asfalto","No existe","I","Dentro","Urbana","S/D","S/D","Recta","Bueno","S/D","Nocturna","S/D","Lateral","S/D","Colisión","S/D","S/D","Cordón divisorio","S/D"
2016,6671,9/2/2016,"Viernes",0,22:00:00,,"0.0",2,"Moto/Ciclomotor,Automóvil","Artigas 4000",2,1,0,0,1,0,0,,"Calle",,"SANTA FE","La Capital","Asfalto","Pavimento","I","Dentro","Urbana","Semáforo","Funciona","Intersección","Bueno","Reducida","Nocturna","Buen Tiempo","De alcance","S/D","Colisión","Ninguna","Horizontal,Vertical","Cordón divisorio","Sin restricción"
2016,6672,9/9/2016,"Viernes",0,16:00:00,,"0.0",1,"Automóvil","Av Lopez y Planes Y Martin Zapata",2,0,0,0,0,0,2,,"Calle",,"SANTA FE","La Capital","Asfalto","No existe","I","Dentro","Urbana","S/D","No existe","Intersección","S/D","Buena","Diurna","S/D","Lateral","S/D","Colisión","S/D","S/D","Cordón divisorio","S/D"
2016,6673,9/16/2016,"Viernes",0,16:00:00,,"0.0",2,"Automóvil,Taxi/Remis","Saavedra Y Juan Del Campillo",4,0,0,0,0,0,4,,"Calle",,"SANTA FE","La Capital","Asfalto","No existe","I","S/D","Urbana","S/D","No existe","Intersección","Bueno","Buena","Diurna","S/D","Lateral","S/D","Colisión","S/D","Faltante","Cordón divisorio","S/D"
2016,6674,9/9/2016,"Viernes",0,19:30:00,,"0.0",2,"Transporte de Pasajeros Urbano (> 8 asientos),Automóvil","Av Lopez y Planes Y Iturraspe",2,0,0,0,0,0,2,,"Calle",,"SANTA FE","La Capital","Asfalto","No existe","I","Dentro","Urbana","Semáforo","Funciona","Intersección","Con baches","Reducida","Atardecer","S/D","Lateral","S/D","Colisión","S/D","Horizontal,Vertical","Cordón divisorio","Sin restricción"
2016,6675,9/1/2016,"Jueves",0,11:25:00,,"0.0",2,"Moto/Ciclomotor,Automóvil","J J Paso Y San Lorenzo",2,1,0,0,1,0,0,,"Calle",,"SANTA FE","La Capital","Asfalto","No existe","I","Dentro","Urbana","Ninguna","No existe","Intersección","Con baches","Buena","Diurna","Buen Tiempo","Lateral","S/D","Colisión","S/D","Faltante","Ninguna","Sin restricción"
2016,6676,9/10/2016,"Sabado",0,17:00:00,,"0.0",2,"Moto/Ciclomotor,Automóvil","Bolivia Y Av Pte Peron",4,2,0,0,1,0,1,,"Calle",,"SANTA FE","La Capital","Asfalto","No existe","I","Dentro","Urbana","Semáforo","Funciona","Intersección","Bueno","Buena","Diurna","Buen Tiempo","De alcance","S/D","Colisión","Ninguna","Horizontal,Vertical","Cordón divisorio","Sin restricción"
2016,6677,9/1/2016,"Jueves",0,18:20:00,,"0.0",2,"Automóvil,Moto/Ciclomotor","Dr Zavalla Y Monseñor Zaspe",3,2,0,0,1,0,0,,"Calle",,"SANTA FE","La Capital","Asfalto","S/D","I","Dentro","Urbana","Ninguna","No existe","Intersección","Bueno","Buena","Diurna","Buen Tiempo","De alcance","S/D","Colisión","S/D","Faltante","S/D","Sin restricción"
2016,6678,9/15/2016,"Jueves",0,,,"0.0",1,"Moto/Ciclomotor","Av Pte Peron 4400",2,2,0,0,0,0,0,,"Calle",,"SANTA FE","La Capital","Asfalto","No existe","I","Dentro","Urbana","Semáforo","Funciona","Intersección","Bueno","Buena","Diurna","Buen Tiempo","Atropello animal","S/D","Colisión","Ninguna","Horizontal,Vertical","Cordón divisorio","Sin restricción"
2016,6679,9/2/2016,"Viernes",0,21:45:00,,"0.0",2,"Automóvil,Bicicleta","Uruguay Y Av Freyre",2,1,0,0,1,0,0,,"Calle",,"SANTA FE","La Capital","Asfalto","No existe","I","Dentro","Urbana","Ninguna","No existe","Intersección","Bueno","Buena","Nocturna","Buen Tiempo","Lateral","Ciclista","Atropello","Ninguna","Faltante","Ninguna","Sin restricción"
2016,6680,9/7/2016,"Miercoles",0,11:50:00,,"0.0",2,"Automóvil,Moto/Ciclomotor","Francia Y Uruguay",4,1,0,0,3,0,0,,"Calle",,"SANTA FE","La Capital","Asfalto","No existe","I","Dentro","Urbana","Ninguna","No existe","Intersección","Con baches","Buena","Diurna","Buen Tiempo","Lateral","S/D","Colisión","Ninguna","Faltante","Ninguna","Sin restricción"
2016,6681,9/3/2016,"Sabado",0,0:45:00,,"0.0",2,"Taxi/Remis,Moto/Ciclomotor","Av Mosconi Y Lisandro de la Torre",3,2,0,0,1,0,0,,"Calle",,"SANTA FE","La Capital","Asfalto","No existe","I","Dentro","Urbana","Ninguna","No existe","Intersección","Con baches","Buena","Nocturna","Buen Tiempo","De alcance","S/D","Colisión","S/D","Faltante","Ninguna","Sin restricción"
2016,6682,9/23/2016,"Viernes",0,13:00:00,,"0.0",2,"Moto/Ciclomotor,Automóvil","Domingo Silva Y Sebastian Gaboto",2,2,0,0,0,0,0,,"Calle",,"SANTA FE","La Capital","Tierra","No existe","I","Dentro","Urbana","Ninguna","No existe","Intersección","Deteriorada","Buena","Diurna","Buen Tiempo","De alcance","S/D","Colisión","Material Suelto,Fluidos","Faltante","Ninguna","Sin restricción"
2016,6683,9/8/2016,"Jueves",0,7:25:00,,"0.0",2,"Bicicleta,Moto/Ciclomotor"," ",2,0,1,0,0,0,1,,"S/D",,"SANTA FE","La Capital","Asfalto","No existe","I","Dentro","Urbana","Ninguna","No existe","Recta","Con baches","Buena","Diurna","Buen Tiempo","S/D","Ciclista","Atropello","Ninguna","Faltante","Ninguna","Sin restricción"
2016,6684,9/8/2016,"Jueves",0,20:40:00,,"0.0",2,"Automóvil,Moto/Ciclomotor","Monseñor Zaspe Y Av Urquiza",2,1,0,0,1,0,0,,"Calle",,"SANTA FE","La Capital","Asfalto","No existe","I","Dentro","Urbana","Ninguna","No existe","Intersección","Con baches,Deteriorada","Buena","Nocturna","Buen Tiempo","Lateral","S/D","Colisión","Ninguna","Faltante","Ninguna","Sin restricción"
2016,6685,9/3/2016,"Sabado",0,9:10:00,,"0.0",2,"Bicicleta,Moto/Ciclomotor","PUENTE CARRETERO  ",2,2,0,0,0,0,0,,"Calle",,"SANTA FE","La Capital","Asfalto","Pavimento","I","Dentro","Urbana","Ninguna","No existe","Recta","Con baches","Buena","Diurna","Buen Tiempo","S/D","Ciclista","Atropello","S/D","Faltante","Ninguna","Sin restricción"
2016,6686,9/15/2016,"Jueves",0,9:00:00,,"0.0",2,"Moto/Ciclomotor,Automóvil","Gdor Crespo Y Roque Saenz Peña",2,1,0,0,1,0,0,,"Calle",,"SANTA FE","La Capital","Asfalto","No existe","I","Dentro","Urbana","Ninguna","No existe","Intersección","Bueno","Buena","Diurna","Buen Tiempo","Lateral","S/D","Colisión","Ninguna","Faltante","Cordón divisorio","Sin restricción"
2016,6687,9/4/2016,"Domingo",0,0:45:00,,"0.0",2,"Automóvil,Moto/Ciclomotor","J J Paso Y San Lorenzo",2,1,0,0,1,0,0,,"Calle",,"SANTA FE","La Capital","Asfalto","No existe","I","Dentro","Urbana","Ninguna","No existe","Intersección","S/D","Buena","Nocturna","Buen Tiempo","De alcance","S/D","Colisión","Ninguna","Faltante","Ninguna","Sin restricción"
2016,6688,9/7/2016,"Miercoles",0,8:45:00,,"0.0",2,"Automóvil,Automóvil","San Lorenzo Y Entre Rios",5,2,0,0,3,0,0,,"Calle",,"SANTA FE","La Capital","Asfalto","No existe","I","Dentro","Urbana","Ninguna","No existe","Intersección","Con baches","Buena","Diurna","Buen Tiempo","Lateral","S/D","Colisión","S/D","Faltante","Ninguna","Sin restricción"
2016,6689,9/8/2016,"Jueves",0,15:55:00,,"0.0",2,"Moto/Ciclomotor,Automóvil","Av Peñaloza 7000",2,1,0,0,1,0,0,,"Avenida",,"SANTA FE","La Capital","Asfalto","No existe","I","S/D","S/D","Ninguna","No existe","Recta","Bueno","Buena","Diurna","Buen Tiempo","Lateral","S/D","Colisión","Ninguna","Faltante","Cordón divisorio","Sin restricción"
2016,6690,9/9/2016,"Viernes",0,10:06:00,,"0.0",1,"Moto/Ciclomotor"," ",1,0,1,0,0,0,0,,"Calle",,"SANTA FE","La Capital","Asfalto","No existe","I","Dentro","Urbana","Ninguna","No existe","Recta","Bueno","Buena","Diurna","Buen Tiempo","S/D","S/D","Caída ocupante","Ninguna","Faltante","Ninguna","Sin restricción"
2016,6691,9/9/2016,"Viernes",0,10:30:00,,"0.0",2,"Moto/Ciclomotor,Automóvil","Dr Zavalla Y J J Paso",2,1,0,0,1,0,0,,"S/D",,"SANTA FE","La Capital","Asfalto","Natural","I","Dentro","Rural","Ninguna","No existe","Rotonda","Con baches","Buena","Diurna","Buen Tiempo","De alcance","S/D","Colisión","Ninguna","Faltante","Ninguna","Sin restricción"
2016,6692,9/5/2016,"Lunes",0,21:30:00,,"0.0",1,"Moto/Ciclomotor","Falucho Y San Martin",1,1,0,0,0,0,0,,"Calle",,"RAFAELA","Castellanos","Asfalto","S/D","V","Dentro","Urbana","Otra Señal","S/D","Intersección","Bueno","Buena","Nocturna","Buen Tiempo","S/D","S/D","Caída ocupante","S/D","Horizontal","Barrera de hormigón","Sin restricción"
2016,6693,9/3/2016,"Sabado",0,21:40:00,,"0.0",2,"Pickup/Utilitario,Automóvil","Rafaela Y Gral Paz",5,1,0,0,4,0,0,,"Calle",,"SUNCHALES","Castellanos","Asfalto","No existe","V","Dentro","Urbana","Ninguna","No existe","Intersección","Bueno","Buena","Nocturna,Con luz artificial","Buen Tiempo","Lateral","S/D","Colisión","S/D","Faltante","Ninguna","Sin restricción"
2016,6694,9/9/2016,"Viernes",0,11:15:00,,"0.0",2,"Moto/Ciclomotor,Automóvil","Av Mosconi Y Juan de Garay",3,2,0,0,1,0,0,,"Avenida",,"SANTA FE","La Capital","Asfalto","No existe","I","Dentro","Urbana","Ninguna","No existe","Intersección","Con baches","Buena","Diurna","Buen Tiempo","Lateral","S/D","Colisión","Ninguna","Faltante","Ninguna","Sin restricción"
2016,6695,9/12/2016,"Lunes",0,10:55:00,,"0.0",2,"Moto/Ciclomotor,Automóvil","Pedro de Vega Y San Juan",2,1,0,0,1,0,0,,"Calle",,"SANTA FE","La Capital","Tierra","No existe","I","S/D","Urbana","Ninguna","No existe","Intersección","Bueno","Buena","Diurna","Buen Tiempo","Lateral","S/D","Colisión","Ninguna","Faltante","Ninguna","Sin restricción"
2016,6696,9/9/2016,"Viernes",0,14:30:00,,"0.0",2,"Moto/Ciclomotor,Automóvil","Av J J Paso Y Francia",2,1,0,0,1,0,0,,"Avenida",,"SANTA FE","La Capital","Asfalto","No existe","I","Dentro","Urbana","Ninguna","No funciona","Intersección","Bueno","Buena","Diurna","Buen Tiempo","Lateral","S/D","Colisión","Ninguna","Faltante","Ninguna","Sin restricción"
2016,6697,10/2/2016,"Domingo",0,6:05:00,,"0.0",2,"Automóvil,Automóvil","Bv Poeta J Migno Y H Irigoyen",2,2,0,0,0,0,0,,"Calle",,"SAN JAVIER","San Javier","Asfalto","No existe","XIV","Dentro","Urbana","Paso Peatonal","No existe","Intersección","Bueno","Buena","Amanecer","Buen Tiempo","Lateral","S/D","Colisión","S/D","Horizontal","Vegetación","Sin restricción"
2016,6698,9/14/2016,"Miercoles",0,19:00:00,"Ruta Nacional 11","0.0",2,"Automóvil,Moto/Ciclomotor","Colon ",2,1,0,0,1,0,0,,"Ruta",11,"CALCHAQUÍ","Vera","Asfalto","Ripio","XIX","Dentro","Urbana","Otra Señal","No existe","Recta","Bueno","S/D","Atardecer","Buen Tiempo","De alcance","S/D","Colisión","S/D","S/D","Vegetación","Sin restricción"
2016,6699,9/12/2016,"Lunes",0,11:30:00,,"0.0",2,"Moto/Ciclomotor,Bicicleta","Calle 21-Gdor. iriondo Y Calle 20 9 de Julio",2,2,0,0,0,0,0,,"Calle",,"RECONQUISTA","General Obligado","Asfalto","No existe","IX","Dentro","Urbana","Ninguna","No existe","Intersección","Bueno","Buena","Diurna","Buen Tiempo","S/D","Ciclista","Atropello","Ninguna","Faltante","Ninguna","Sin restricción"
2016,6700,9/12/2016,"Lunes",0,11:40:00,,"0.0",2,"Automóvil,Bicicleta","Av Peñaloza Y Risso",2,1,0,0,1,0,0,,"Avenida",,"SANTA FE","La Capital","Asfalto","No existe","I","S/D","Urbana","Ninguna","No existe","Intersección","S/D","Buena","Diurna","Buen Tiempo","S/D","Ciclista","Atropello","Ninguna","Faltante","Cordón divisorio","Sin restricción"
2016,6701,9/11/2016,"Domingo",0,0:30:00,,"0.0",2,"Moto/Ciclomotor,Bicicleta"," ",3,2,0,0,1,0,0,,"S/D",,"SANTA FE","La Capital","Asfalto","No existe","I","Dentro","Urbana","Ninguna","No existe","Puente","Con baches","Buena","Amanecer","Buen Tiempo","S/D","Ciclista","Atropello","Ninguna","Faltante","Ninguna","Sin restricción"
2016,6702,9/11/2016,"Domingo",0,19:20:00,,"0.0",1,"Moto/Ciclomotor","CAMINO AL CRISTAL  ",1,0,1,0,0,0,0,,"Camino Rural",,"CALCHAQUÍ","Vera","Tierra","Natural","XIX","Dentro","Rural","S/D","No existe","Recta","Bueno","Buena","Atardecer","Buen Tiempo","S/D","S/D","Caída ocupante","S/D","S/D","Vegetación","Sin restricción"
2016,6703,9/12/2016,"Lunes",0,19:00:00,,"0.0",2,"Bicicleta,Automóvil","Calle 25 - Pietropaolo Y Calle 8-Chacabuco",2,1,0,0,1,0,0,,"Calle",,"RECONQUISTA","General Obligado","Asfalto","No existe","IX","Dentro","Urbana","Ninguna","No existe","Intersección","Bueno","Buena","Atardecer,Con luz artificial","Buen Tiempo","S/D","Ciclista","Atropello","Ninguna","Faltante","Ninguna","Sin restricción"
2016,6704,9/7/2016,"Miercoles",0,,,"0.0",2,"Camión Chasis,Moto/Ciclomotor","Santa Fe Y Sgto Cabral",3,1,0,0,2,0,0,,"Calle",,"CALCHAQUÍ","Vera","Asfalto","Pavimento","XIX","Dentro","Urbana","Marca Vial","No existe","Intersección","Bueno","Buena","Diurna","Buen Tiempo","De alcance","S/D","Colisión","S/D","S/D","Cordón divisorio","Sin restricción"
2016,6705,9/12/2016,"Lunes",0,11:00:00,,"0.0",2,"Automóvil,Peatón","Av Facundo Zuviria Y Hernandarias",2,0,1,0,1,0,0,,"Avenida",,"SANTA FE","La Capital","Asfalto","Pavimento","I","S/D","Urbana","Semáforo","Funciona","Intersección","Bueno","Buena","Diurna","Buen Tiempo","S/D","Peatón","Atropello","Ninguna","Vertical","Barrera de hormigón","Sin restricción"
2016,6706,9/15/2016,"Jueves",0,14:00:00,,"0.0",2,"Moto/Ciclomotor,Bicicleta","Calle 4 - Ledesma Y Calle 35-Espa±a",3,2,0,0,1,0,0,,"Avenida",,"RECONQUISTA","General Obligado","Asfalto","No existe","IX","Dentro","Urbana","Ninguna","No existe","Intersección","Bueno","Buena","Atardecer","Buen Tiempo","S/D","Ciclista","Atropello","Ninguna","Horizontal","Ninguna","Sin restricción"
2016,6707,9/12/2016,"Lunes",0,14:00:00,,"0.0",2,"Transporte de Pasajeros Urbano (> 8 asientos),Peatón","Av Gral Lopez Y Francia",2,1,0,0,1,0,0,,"Avenida",,"SANTA FE","La Capital","Asfalto","No existe","I","Dentro","Urbana","Ninguna","No existe","Intersección","Con baches","Buena","Diurna","Buen Tiempo","S/D","S/D","Colisión","Ninguna","Faltante","Ninguna","Sin restricción"
2016,6708,9/16/2016,"Viernes",0,,,"0.0",2,"Automóvil,Moto/Ciclomotor","Rivadavia Y Ituzaingo",4,1,0,0,3,0,0,,"Calle",,"CALCHAQUÍ","Vera","Tierra","Natural","XIX","Dentro","Urbana","Otra Señal","No existe","Intersección","Bueno","Buena","S/D","Buen Tiempo","De alcance","S/D","Atropello","S/D","S/D","S/D","Sin restricción"
2016,6709,9/13/2016,"Martes",0,17:25:00,,"0.0",2,"Moto/Ciclomotor,Automóvil","Francia Y Moreno",3,2,0,0,1,0,0,,"Avenida",,"SANTA FE","La Capital","Asfalto","No existe","I","S/D","Urbana","Ninguna","No existe","Intersección","Con baches","Buena","Diurna","Buen Tiempo","S/D","S/D","Colisión","Ninguna","Faltante","Ninguna","Sin restricción"
2016,6710,9/13/2016,"Martes",0,6:00:00,,"0.0",2,"Automóvil,Moto/Ciclomotor","Av Facundo Zuviria Y Hernandarias",2,1,0,0,1,0,0,,"Avenida",,"SANTA FE","La Capital","Asfalto","Pavimento","I","Dentro","Urbana","Semáforo","Intermitente","Intersección","Bueno","Buena","Diurna","Buen Tiempo","Lateral","S/D","Colisión","Ninguna","Vertical","Barrera de hormigón","Sin restricción"
2016,6711,9/14/2016,"Miercoles",0,16:30:00,,"0.0",2,"Automóvil,Moto/Ciclomotor","Bv Belgrano Y Pueyrredon",2,1,0,0,1,0,0,,"Calle",,"CALCHAQUÍ","Vera","Asfalto","S/D","XIX","Dentro","Urbana","Ninguna","No existe","Intersección","Bueno","Buena","Diurna","Buen Tiempo","Lateral","S/D","Colisión","Ninguna","S/D","Cordón divisorio","Sin restricción"
2016,6712,9/30/2016,"Viernes",0,19:30:00,,"0.0",2,"Automóvil,Moto/Ciclomotor","Calle 27-Gdor Freyre ",3,2,0,0,1,0,0,,"Calle",,"RECONQUISTA","General Obligado","Asfalto","No existe","IX","Dentro","Urbana","Ninguna","No existe","Intersección","Bueno","Buena","Atardecer","Buen Tiempo","Lateral","S/D","Colisión","Ninguna","Horizontal","Ninguna","Sin restricción"
2016,6713,9/13/2016,"Martes",0,23:40:00,,"0.0",2,"Automóvil,Bicicleta"," ",2,1,0,0,1,0,0,,"S/D",,"SANTA FE","La Capital","Asfalto","Natural","I","S/D","Urbana","Ninguna","No existe","Rotonda","Bueno","S/D","Nocturna","Buen Tiempo","S/D","Ciclista","Atropello","Ninguna","S/D","Ninguna","Sin restricción"
2016,6714,9/24/2016,"Sabado",0,20:50:00,,"0.0",2,"Moto/Ciclomotor,Automóvil","Calle 27-Gdor Freyre Y Roca Pte",2,1,0,0,1,0,0,,"Calle",,"RECONQUISTA","General Obligado","Asfalto","No existe","IX","Dentro","Urbana","Ninguna","No existe","Intersección","Bueno","Buena","Nocturna,Con luz artificial","Buen Tiempo","Lateral","S/D","Colisión","Ninguna","Faltante","Cordón divisorio","Sin restricción"
2016,6715,9/2/2016,"Viernes",0,21:20:00,"Ruta Nacional 11","0.0",1,"Moto/Ciclomotor","4 km al Este de RP39S ",1,1,0,0,0,0,0,,"Ruta",11,"GOBERNADOR CRESPO","San Justo","Asfalto","Natural","XVI","Dentro","Urbana","Ninguna","No existe","Recta","S/D","Reducida","Nocturna","Lluvia","S/D","S/D","Caída ocupante","S/D","Faltante","Ninguna","Sin restricción"
2016,6716,10/9/2016,"Domingo",0,19:40:00,,"0.0",1,"Moto/Ciclomotor","CALLE ACCESO AL PUEBLO  ",2,2,0,0,0,0,0,,"Calle",,"ARROYO CEIBAL","General Obligado","Hormigón","Natural","IX","Dentro","Urbana","Ninguna","No existe","Recta","Bueno","Reducida","Nocturna","Buen Tiempo","Atropello animal","S/D","Colisión","S/D","Faltante","Línea divisoria pintada","Sin restricción"
2016,6717,9/14/2016,"Miercoles",0,7:30:00,,"0.0",2,"Moto/Ciclomotor,Moto/Ciclomotor"," ",2,1,0,0,1,0,0,,"S/D",,"SANTA FE","La Capital","Asfalto","No existe","I","S/D","Urbana","Ninguna","No existe","Puente","Con baches","Buena","Diurna","Buen Tiempo","De alcance","S/D","Colisión","Ninguna","Faltante","Ninguna","Sin restricción"