"anio_acci","nro_acci","fecha","desc_dia","fecha_aprox","hora_aprox","desc_ruta","km","cant_participantes","desc_participante","calle_avenida_km","total","heridos_leves","heridos_graves","heridos_gravisimos","ilesos","fallecidos","sin_datos","posicion_XY","desc_tipo_via","desc_ruta_ori","desc_loc","desc_dpto","desc_tipo_calzada","desc_tipo_banquina","desc_unidad_regional","desc_lugar_calzada","desc_zona","desc_prioridad","desc_estado_semaforo","desc_lugar_via","desc_estado_via","desc_estado_visibilidad","desc_luminosidad","desc_estado_clima","desc_tipo_colision","desc_tipo_atropello","desc_tipo_hecho","desc_pres_calzada","desc_senializacion","desc_separacion_via","desc_restriccion"
2016,6718,9/19/2016,"Lunes",0,17:55:00,,"0.0",2,"Moto/Ciclomotor,Automóvil","Calle 28 - San Lorenzo Y Calle 27-Gdor Freyre",3,2,0,0,1,0,0,,"Calle",,"RECONQUISTA","General Obligado","Asfalto","No existe","IX","Dentro","Urbana","Ninguna","No existe","Intersección","Bueno","Buena","Diurna","Buen Tiempo","Lateral","S/D","Colisión","Ninguna","Faltante","Cordón divisorio","Sin restricción"
2016,6719,9/14/2016,"Miercoles",0,9:30:00,,"0.0",2,"Automóvil,Moto/Ciclomotor"," ",2,1,0,0,1,0,0,,"S/D",,"SANTA FE","La Capital","Asfalto","No existe","I","S/D","Urbana","Ninguna","No existe","Puente","Con baches","Buena","Diurna","Buen Tiempo","De alcance","S/D","Colisión","Ninguna","Faltante","Ninguna","Sin restricción"
2016,6720,9/27/2016,"Martes",0,18:30:00,,"0.0",2,"Automóvil,Moto/Ciclomotor","Calle 29-Alte Brown Y Calle 18 - Gral Belgrano",2,1,0,0,1,0,0,,"Calle",,"RECONQUISTA","General Obligado","Asfalto","No existe","IX","Dentro","Urbana","Ninguna","No existe","Intersección","Bueno","Buena","Diurna","Buen Tiempo","S/D","S/D","Colisión","S/D","S/D","Ninguna","Sin restricción"
2016,6721,9/14/2016,"Miercoles",0,10:40:00,,"0.0",2,"Pickup/Utilitario,Moto/Ciclomotor","Monseñor Zaspe Y Roque Saenz Peña",2,1,0,0,1,0,0,,"Avenida",,"SANTA FE","La Capital","Asfalto","No existe","I","S/D","Urbana","Ninguna","No existe","Intersección","Con baches","Buena","Diurna","Buen Tiempo","De alcance","S/D","Colisión","Ninguna","Faltante","Ninguna","Sin restricción"
2016,6722,9/16/2016,"Viernes",0,9:00:00,,"0.0",2,"Moto/Ciclomotor,Automóvil","Av Peñaloza 3700",2,1,0,0,1,0,0,,"Calle",,"SANTA FE","La Capital","Tierra","No existe","I","Dentro","Urbana","Ninguna","No existe","Intersección","Bueno","Buena","Diurna","Buen Tiempo","Lateral","S/D","Colisión","S/D","Faltante","Ninguna","Sin restricción"
2016,6723,9/15/2016,"Jueves",0,0:50:00,,"0.0",2,"Moto/Ciclomotor,Pickup/Utilitario","Calle 13-Iturraspe ",2,1,0,0,1,0,0,,"Calle",,"RECONQUISTA","General Obligado","Asfalto","No existe","IX","Dentro","Urbana","Ninguna","No existe","Intersección","Bueno","Buena","Nocturna","Buen Tiempo","Lateral","S/D","Colisión","Ninguna","Faltante","Cordón divisorio","Sin restricción"
2016,6724,9/18/2016,"Domingo",0,20:40:00,,"0.0",2,"Automóvil,Moto/Ciclomotor","Av Gral Lopez Y Av Freyre",2,1,0,0,1,0,0,,"Avenida",,"SANTA FE","La Capital","Asfalto","No existe","I","S/D","Urbana","Ninguna","Funciona","Intersección","Con baches","Reducida","Atardecer","Buen Tiempo","Lateral","S/D","Colisión","Ninguna","S/D","Ninguna","Sin restricción"
2016,6725,9/16/2016,"Viernes",0,11:25:00,,"0.0",2,"Moto/Ciclomotor,Automóvil","M De Polonia Y Saavedra",2,1,0,0,1,0,0,,"Calle",,"SANTA FE","La Capital","Asfalto","No existe","I","Dentro","Urbana","Ninguna","No existe","Intersección","Bueno","Buena","Diurna","Buen Tiempo","Lateral","S/D","Colisión","S/D","Faltante","Ninguna","S/D"
2016,6726,9/14/2016,"Miercoles",0,7:30:00,,"0.0",2,"Otros,Otros","Calle 35-Espa±a Y Calle 8-Chacabuco",4,3,0,0,1,0,0,,"Calle",,"RECONQUISTA","General Obligado","Asfalto","No existe","IX","Dentro","Urbana","Ninguna","No existe","Intersección","Bueno","Buena","Diurna","Buen Tiempo","Lateral","S/D","Colisión","Ninguna","Faltante","Cordón divisorio","Sin restricción"
2016,6727,9/14/2016,"Miercoles",0,7:30:00,,"0.0",2,"Moto/Ciclomotor,Moto/Ciclomotor","Calle 35-Espa±a Y Calle 8-Chacabuco",4,3,0,0,1,0,0,,"Calle",,"RECONQUISTA","General Obligado","Asfalto","No existe","IX","Dentro","Urbana","Ninguna","No existe","Intersección","Bueno","Buena","Diurna","Buen Tiempo","Lateral","S/D","Colisión","Ninguna","Faltante","Cordón divisorio","Sin restricción"
2016,6728,9/1/2016,"Jueves",0,13:50:00,,"0.0",2,"Automóvil,Moto/Ciclomotor"," ",2,0,0,0,0,0,2,,"Calle",,"SANTA FE","La Capital","Asfalto","No existe","I","Dentro","Urbana","Ninguna","No existe","Distribuidor","Bueno","Buena","Diurna","Buen Tiempo","S/D","S/D","Colisión","S/D","S/D","Ninguna","Sin restricción"
2016,6729,9/19/2016,"Lunes",0,19:45:00,,"0.0",2,"Automóvil,Moto/Ciclomotor","Juan de Garay Y Av Freyre",2,1,0,0,1,0,0,,"Avenida",,"SANTA FE","La Capital","Asfalto","No existe","I","S/D","Urbana","Ninguna","No existe","Intersección","Con baches","Buena","Diurna","Buen Tiempo","Lateral","S/D","Colisión","Ninguna","Faltante","Ninguna","Sin restricción"
2016,6730,9/2/2016,"Viernes",0,13:00:00,,"0.0",2,"Moto/Ciclomotor,Automóvil","Av Freyre 2250",2,0,0,0,0,0,2,,"Calle",,"SANTA FE","La Capital","Asfalto","No existe","I","Dentro","Urbana","Ninguna","No existe","Recta","Bueno","Buena","Diurna","Buen Tiempo","S/D","S/D","Colisión","S/D","Horizontal","Ninguna","Sin restricción"
2016,6731,9/5/2016,"Lunes",0,,,"0.0",2,"Moto/Ciclomotor,Automóvil","Calle 10-Ludue±a Y Calle 17-Bartolome Mitre",2,1,0,0,1,0,0,,"Calle",,"RECONQUISTA","General Obligado","Hormigón","No existe","IX","Dentro","Urbana","Ninguna","No existe","Intersección","Bueno","Buena","Nocturna","Buen Tiempo","Lateral","S/D","Colisión","Ninguna","Vertical","Cordón divisorio","Sin restricción"
2016,6732,9/20/2016,"Martes",0,18:15:00,,"0.0",2,"Automóvil,Moto/Ciclomotor","San Juan Y Uruguay",2,1,0,0,1,0,0,,"S/D",,"SANTA FE","La Capital","Asfalto","No existe","I","S/D","S/D","Ninguna","No existe","Intersección","Con baches","Buena","Atardecer","Buen Tiempo","Lateral","S/D","Colisión","Ninguna","Faltante","Ninguna","Sin restricción"
2016,6733,9/5/2016,"Lunes",0,10:20:00,,"0.0",2,"Peatón,Taxi/Remis","San Lorenzo Y Obispo Gelabert",2,0,0,0,0,0,2,,"Calle",,"SANTA FE","La Capital","S/D","No existe","I","Dentro","Urbana","Ninguna","No existe","S/D","Bueno","Buena","Diurna","Buen Tiempo","S/D","Peatón","Atropello","S/D","S/D","S/D","Sin restricción"
2016,6734,9/16/2016,"Viernes",0,23:50:00,,"0.0",2,"Moto/Ciclomotor,Automóvil","Calle 33-Pueyrredon 42",2,2,0,0,0,0,0,,"Calle",,"RECONQUISTA","General Obligado","Hormigón","No existe","IX","Dentro","Urbana","Ninguna","No existe","Intersección","Bueno","Buena","Nocturna","Buen Tiempo","Lateral","S/D","Colisión","S/D","Vertical","Cordón divisorio","Sin restricción"
2016,6735,9/6/2016,"Martes",0,23:20:00,,"0.0",2,"Moto/Ciclomotor,Automóvil"," ",2,0,0,0,0,0,2,,"Calle",,"SANTA FE","La Capital","Asfalto","No existe","I","Dentro","Urbana","Ninguna","No existe","Rotonda","Bueno","Buena","Nocturna","Buen Tiempo","S/D","S/D","Colisión","S/D","S/D","Ninguna","Sin restricción"
2016,6736,9/22/2016,"Jueves",0,2:00:00,,"0.0",2,"Automóvil,Moto/Ciclomotor","Av Freyre Y Jujuy",2,1,0,0,1,0,0,,"Avenida",,"SANTA FE","La Capital","Asfalto","No existe","I","S/D","Urbana","Ninguna","No existe","Intersección","Con baches","Buena","Amanecer","Buen Tiempo","Lateral","S/D","Colisión","Ninguna","Faltante","Ninguna","Sin restricción"
2016,6737,9/10/2016,"Sabado",0,8:00:00,,"0.0",2,"Bicicleta,Automóvil","pje irala Y salta",2,1,0,0,1,0,0,,"S/D",,"SAN LORENZO","San Lorenzo","Asfalto","No existe","I","S/D","S/D","Ninguna","No existe","Intersección","Bueno","Buena","Diurna","Buen Tiempo","S/D","Ciclista","Atropello","Ninguna","Vertical","Ninguna","Sin restricción"
2016,6738,9/23/2016,"Viernes",0,12:30:00,,"0.0",2,"Moto/Ciclomotor,Taxi/Remis","Av Urquiza Y Juan de Garay",2,1,0,0,1,0,0,,"Calle",,"SANTA FE","La Capital","Asfalto","No existe","I","Dentro","Urbana","Ninguna","S/D","Intersección","Con baches","Buena","Diurna","Buen Tiempo","Lateral","S/D","Colisión","Ninguna","Faltante","Ninguna","Sin restricción"
2016,6739,9/13/2016,"Martes",0,20:20:00,,"0.0",2,"Moto/Ciclomotor,Taxi/Remis","Av Freyre 2900",2,1,0,0,1,0,0,,"S/D",,"SANTA FE","La Capital","Asfalto","No existe","I","S/D","S/D","Ninguna","No existe","Intersección","Bueno","S/D","Nocturna","Buen Tiempo","S/D","S/D","Colisión","Ninguna","Vertical","Ninguna","Sin restricción"
2016,6740,9/8/2016,"Jueves",0,18:55:00,"Ruta Nacional 33","847.0",1,"Moto/Ciclomotor"," ",1,1,0,0,0,0,0,,"Ruta",33,"PEREZ","Rosario","Asfalto","Ripio","II","Dentro","Urbana","Ninguna","No existe","Recta","Otro","Buena","Atardecer","Otro","S/D","S/D","Vuelco","Ninguna","Faltante","Línea divisoria pintada","Sin restricción"
2016,6741,9/13/2016,"Martes",0,,,"0.0",2,"Moto/Ciclomotor,Automóvil","Av Freyre 2900",2,1,0,0,1,0,0,,"S/D",,"SANTA FE","La Capital","Asfalto","No existe","I","S/D","S/D","Ninguna","No existe","Recta","Bueno","Buena","S/D","Buen Tiempo","S/D","S/D","Colisión","Ninguna","Vertical","Ninguna","Sin restricción"
2016,6742,9/9/2016,"Viernes",0,17:30:00,,"0.0",2,"Moto/Ciclomotor,Automóvil","Calle 15-Patricio Diez Y Calle 26 - Bolivar",2,1,0,0,1,0,0,,"Calle",,"RECONQUISTA","General Obligado","Hormigón","No existe","IX","Dentro","Urbana","Ninguna","No existe","Intersección","Bueno","Buena","Diurna","Buen Tiempo","Lateral","S/D","Colisión","Ninguna","Vertical","S/D","Sin restricción"
2016,6743,9/28/2016,"Miercoles",0,21:20:00,,"0.0",2,"Pickup/Utilitario,Moto/Ciclomotor","Av. Circunvalacion 3000",3,1,1,0,1,0,0,,"Avenida",,"ROSARIO","Rosario","Asfalto","No existe","II","S/D","Urbana","Ninguna","No existe","Intersección","Bueno","Buena","Con luz artificial","Buen Tiempo","Lateral","S/D","Colisión","Ninguna","Faltante","Ninguna","Sin restricción"
2016,6744,9/10/2016,"Sabado",0,,,"0.0",2,"Moto/Ciclomotor,Moto/Ciclomotor","Belgrano Y B Anduiza",2,2,0,0,0,0,0,,"Calle",,"RAFAELA","Castellanos","Asfalto","Pavimento","V","Dentro","Urbana","Ninguna","No existe","Recta","Bueno","Buena","Nocturna","Buen Tiempo","Lateral","S/D","Colisión","S/D","S/D","Ninguna","Sin restricción"
2016,6745,9/15/2016,"Jueves",0,23:30:00,"Ruta Provincial 3","87.0",1,"Automóvil"," ",2,2,0,0,0,0,0,,"Ruta",3,"INTIYACO","Vera","Asfalto","Natural","XIX","Dentro","Urbana","Ninguna","No existe","Recta","Bueno","Buena","Nocturna","Buen Tiempo","Atropello animal","S/D","Colisión","Ninguna","Faltante","Línea divisoria pintada","Sin restricción"
2016,6746,9/11/2016,"Domingo",0,12:00:00,,"0.0",2,"Automóvil,Bicicleta","Av Pte Peron Y Juan Del Campillo",2,0,0,0,0,0,2,,"Calle",,"SANTA FE","La Capital","Asfalto","No existe","I","S/D","Urbana","S/D","No existe","Intersección","Bueno","Buena","Diurna","S/D","Lateral","S/D","Colisión","S/D","Faltante","Cordón divisorio","S/D"
2016,6747,9/27/2016,"Martes",0,23:20:00,,"0.0",2,"Automóvil,Moto/Ciclomotor","Rivarola Y Av. Circunvalacion",3,2,0,0,0,0,1,,"Avenida",,"ROSARIO","Rosario","Asfalto","No existe","II","Dentro","Urbana","Ninguna","Funciona","Intersección","Bueno","Buena","Nocturna,Con luz artificial","Buen Tiempo","De alcance","S/D","Colisión","Ninguna","Vertical","Ninguna","Sin restricción"
2016,6748,9/5/2016,"Lunes",0,19:30:00,,"0.0",2,"Moto/Ciclomotor,Moto/Ciclomotor","A Germignani 980",3,2,1,0,0,0,0,,"Calle",,"ROMANG","San Javier","Asfalto","No existe","XIV","Dentro","Urbana","Ninguna","No existe","Recta","Bueno","Buena","Atardecer","Lluvia","Lateral","S/D","Colisión","Agua","Faltante","Cordón divisorio","Sin restricción"
2016,6749,9/27/2016,"Martes",0,20:50:00,,"0.0",2,"Automóvil,Taxi/Remis","Av. Circunvalacion Y Calle 1701",5,2,0,0,3,0,0,,"Avenida",,"ROSARIO","Rosario","Asfalto","No existe","II","S/D","Urbana","Ninguna","No existe","Recta","Bueno","Buena","Nocturna,Con luz artificial","Buen Tiempo","De alcance","S/D","Colisión","Ninguna","S/D","Ninguna","Obra en Construcción"
2016,6750,9/25/2016,"Domingo",0,7:50:00,"Ruta Provincial 70","8.0",2,"Pickup/Utilitario,Transporte de Pasajeros Larga Distancia (Piso  y  1/2)"," ",2,1,0,0,1,0,0,,"Ruta",70,"ESPERANZA","Las Colonias","Asfalto","Natural","XI","Dentro","Urbana","Ninguna","No existe","Recta","Bueno","Reducida","Amanecer","Niebla","Lateral","S/D","Colisión","Ninguna","Horizontal","Línea divisoria pintada","Sin restricción"
2016,6751,9/15/2016,"Jueves",0,15:00:00,,"0.0",2,"Automóvil,Moto/Ciclomotor","San Lorenzo Y Iturraspe",2,0,0,0,0,0,2,,"Calle",,"SANTA FE","La Capital","Asfalto","No existe","I","S/D","Urbana","S/D","No existe","Intersección","Ahuellamiento","Buena","Diurna","S/D","Lateral","S/D","Colisión","S/D","Faltante","Cordón divisorio","S/D"
2016,6752,9/26/2016,"Lunes",0,23:00:00,,"0.0",1,"Moto/Ciclomotor","Av. Pte.Peron 8200",1,1,0,0,0,0,0,,"Avenida",,"ROSARIO","Rosario","Asfalto","No existe","II","S/D","Urbana","Ninguna","No existe","Recta","Bueno","Buena","Con luz artificial","Buen Tiempo","S/D","S/D","Caída ocupante","Ninguna","Horizontal","Cordón divisorio","Sin restricción"
2016,6753,9/22/2016,"Jueves",0,11:30:00,,"0.0",2,"Pickup/Utilitario,Moto/Ciclomotor","Jose Marti 567",2,1,0,0,1,0,0,,"Calle",,"RAFAELA","Castellanos","Asfalto","Pavimento","V","Dentro","Urbana","S/D","No existe","Recta","Bueno","Buena","Diurna","Buen Tiempo","Lateral","S/D","Colisión","S/D","S/D","S/D","S/D"
2016,6754,9/25/2016,"Domingo",0,20:30:00,,"0.0",3,"Moto/Ciclomotor,Peatón,Peatón","Fader Y Rivarola",3,2,0,0,1,0,0,,"Avenida",,"ROSARIO","Rosario","S/D","S/D","II","Dentro","Urbana","Ninguna","S/D","Intersección","S/D","S/D","Nocturna","Buen Tiempo","S/D","S/D","Atropello","S/D","S/D","Cordón divisorio","Sin restricción"
2016,6755,9/2/2016,"Viernes",0,,,"0.0",2,"Bicicleta,Moto/Ciclomotor","Monseñor Zaspe Y L Vernet",2,1,0,0,1,0,0,,"Calle",,"RAFAELA","Castellanos","Asfalto","No existe","V","Dentro","Urbana","S/D","No existe","Intersección","Bueno","Buena","S/D","Buen Tiempo","S/D","Ciclista","Atropello","S/D","Faltante","S/D","S/D"
2016,6756,9/2/2016,"Viernes",0,23:00:00,,"0.0",2,"Moto/Ciclomotor,Moto/Ciclomotor","Alvear Y Pavon",3,2,0,0,0,0,1,,"Calle",,"SANTA FE","La Capital","Asfalto","No existe","I","S/D","Urbana","Ninguna","No existe","Intersección","Bueno","Buena","Nocturna","Buen Tiempo","Lateral","S/D","Colisión","Agua","Faltante","Ninguna","Sin restricción"
2016,6757,9/23/2016,"Viernes",0,18:45:00,,"0.0",2,"Automóvil,Moto/Ciclomotor","Av. Provincias Unidas Y Rueda",2,1,0,0,1,0,0,,"Avenida",,"ROSARIO","Rosario","Asfalto","No existe","II","Dentro","Urbana","Policía de tránsito","No existe","Intersección","Bueno","Buena","Atardecer","Otro","S/D","S/D","Colisión","Ninguna","S/D","Cordón divisorio","Sin restricción"
2016,6758,9/22/2016,"Jueves",0,13:00:00,,"0.0",2,"Automóvil,Moto/Ciclomotor","Av. Pte.Peron 7400",2,1,0,0,1,0,0,,"Avenida",,"ROSARIO","Rosario","Asfalto","No existe","II","S/D","Urbana","Ninguna","No existe","Intersección","Bueno","Buena","Diurna","Buen Tiempo","Lateral","S/D","Colisión","Ninguna","S/D","Cordón divisorio","Sin restricción"
2016,6759,9/21/2016,"Miercoles",0,17:25:00,,"0.0",2,"Pickup/Utilitario,Moto/Ciclomotor"," ",2,1,0,0,1,0,0,,"Calle",,"ROSARIO","Rosario","Asfalto","No existe","II","Dentro","Urbana","Ninguna","No existe","Recta","Bueno","Buena","Diurna","Buen Tiempo","S/D","S/D","Colisión","Ninguna","Faltante","Ninguna","Sin restricción"
2016,6760,9/1/2016,"Jueves",0,15:50:00,,"0.0",2,"Automóvil,Moto/Ciclomotor","French Y Rivadavia",2,1,0,0,1,0,0,,"Calle",,"SANTA FE","La Capital","Asfalto","Natural","I","S/D","Urbana","Ninguna","No existe","Intersección","Deteriorada","Buena","Diurna","Buen Tiempo","Lateral","S/D","Colisión","Ninguna","Faltante","Ninguna","Sin restricción"
2016,6761,9/11/2016,"Domingo",0,16:30:00,"Ruta Provincial 66","0.0",2,"Camión,Moto/Ciclomotor"," ",3,1,1,0,1,0,0,,"Ruta",66,"LANDETA","San Martín","Asfalto","Ripio","XVIII","Fuera","Urbana","Ninguna","No existe","Recta","Bueno","Buena","Diurna","Buen Tiempo","Lateral","S/D","Colisión","S/D","Horizontal","Ninguna","Sin restricción"
2016,6762,9/24/2016,"Sabado",0,2:30:00,,"0.0",2,"Moto/Ciclomotor,Camión","Santa Fe Y Vera Mujica",3,0,0,1,2,0,0,,"Calle",,"ROSARIO","Rosario","Asfalto","No existe","II","Dentro","Urbana","Semáforo","Funciona","Intersección","Bueno","Buena","Nocturna","Buen Tiempo","Lateral","S/D","Colisión","Ninguna","S/D","Ninguna","Sin restricción"
2016,6763,9/3/2016,"Sabado",0,11:30:00,,"0.0",2,"Automóvil,Moto/Ciclomotor","Mitre Y Javier de la Rosa",2,1,0,0,1,0,0,,"S/D",,"SANTA FE","La Capital","Asfalto","No existe","I","S/D","Urbana","Ninguna","No existe","Intersección","Bueno","Buena","Diurna","Buen Tiempo","Lateral","S/D","Colisión","Agua","Faltante","Ninguna","Sin restricción"
2016,6764,9/23/2016,"Viernes",0,13:55:00,"Ruta Provincial 66","80.0",2,"Camión Chasis,Automóvil"," ",2,0,1,0,1,0,0,,"Ruta",66,"LANDETA","San Martín","Asfalto","Natural","XVIII","Dentro","Rural","Ninguna","No existe","Recta","Bueno","Buena","Diurna","Buen Tiempo","Frontal","S/D","Colisión","Ninguna","S/D","Ninguna","Sin restricción"
2016,6765,9/24/2016,"Sabado",0,8:35:00,,"0.0",2,"Moto/Ciclomotor,Taxi/Remis","Santa Fe Y Alsina",2,1,0,0,1,0,0,,"Calle",,"ROSARIO","Rosario","Asfalto","No existe","II","Dentro","Urbana","Semáforo","Funciona","Intersección","Bueno","Buena","Diurna","Buen Tiempo","Lateral","S/D","Colisión","Ninguna","S/D","Ninguna","Sin restricción"
2016,6766,9/23/2016,"Viernes",0,18:10:00,,"0.0",2,"Bicicleta,Peatón","Salta Y Pueyrredon",2,1,0,0,1,0,0,,"Calle",,"ROSARIO","Rosario","Asfalto","No existe","II","Dentro","Urbana","Semáforo","Funciona","Recta","Bueno","Buena","Diurna","Buen Tiempo","S/D","Peatón","Atropello","Ninguna","Vertical","Ninguna","Sin restricción"
2016,6767,9/1/2016,"Jueves",0,,,"0.0",2,"Automóvil,Moto/Ciclomotor","Av Gral Paz Y Av Galicia",2,1,0,0,1,0,0,,"Avenida",,"SANTA FE","La Capital","Asfalto","No existe","I","S/D","Urbana","Semáforo","Funciona","Intersección","S/D","Buena","Diurna","Buen Tiempo","Lateral","S/D","Colisión","Ninguna","S/D","Ninguna","Sin restricción"
2016,6768,9/20/2016,"Martes",0,7:30:00,,"0.0",2,"Moto/Ciclomotor,Automóvil","Av. Alberdi Bis Y ",2,1,0,0,1,0,0,,"Calle",,"ROSARIO","Rosario","Asfalto","No existe","II","Dentro","Urbana","Ninguna","No existe","Paso a Nivel FFCC","Bueno","Buena","Diurna","Buen Tiempo","De alcance","S/D","Colisión","Ninguna","Vertical","Ninguna","Sin restricción"
2016,6769,9/20/2016,"Martes",0,14:15:00,"Ruta Nacional 33","0.0",2,"Moto/Ciclomotor,Automóvil"," ",2,1,0,0,1,0,0,,"Ruta",33,"PEREZ","Rosario","Asfalto","No existe","II","Dentro","Urbana","Ninguna","No existe","Intersección","Otro","Buena","Diurna","Otro","S/D","S/D","Colisión","Ninguna","Faltante","Línea divisoria pintada","Sin restricción"
2016,6770,9/17/2016,"Sabado",0,14:30:00,,"0.0",2,"Pickup/Utilitario,Moto/Ciclomotor","Catamarca Y San Nicolas",2,1,0,0,1,0,0,,"Calle",,"ROSARIO","Rosario","Asfalto","No existe","II","Dentro","Urbana","Semáforo","Funciona","Recta","Bueno","Buena","Diurna","Buen Tiempo","Lateral","S/D","Colisión","Ninguna","S/D","Ninguna","Sin restricción"
2016,6771,9/23/2016,"Viernes",0,,"Ruta Nacional 33","848.0",2,"Moto/Ciclomotor,Automóvil"," ",2,1,0,0,1,0,0,,"Ruta",33,"PEREZ","Rosario","Asfalto","Ripio","II","Dentro","Urbana","Ninguna","No existe","Recta","Otro","Buena","S/D","Otro","De alcance","S/D","Colisión","Ninguna","Faltante","Ninguna","Sin restricción"
2016,6772,9/8/2016,"Jueves",0,13:15:00,,"0.0",2,"Automóvil,Bicicleta","French Y Las Heras",2,1,0,0,1,0,0,,"Calle",,"SANTA FE","La Capital","Asfalto","No existe","I","S/D","Urbana","Ninguna","No existe","Intersección","Bueno","Buena","Diurna","Buen Tiempo","Lateral","S/D","Colisión","Ninguna","Faltante","Ninguna","Sin restricción"
2016,6773,9/15/2016,"Jueves",0,16:40:00,,"0.0",2,"Automóvil,Moto/Ciclomotor","San Lorenzo Y Rodriguez",2,1,0,0,1,0,0,,"Calle",,"ROSARIO","Rosario","S/D","No existe","II","Dentro","Urbana","Ninguna","No existe","Recta","S/D","Buena","Diurna","Buen Tiempo","Lateral","S/D","Colisión","S/D","Faltante","Ninguna","Sin restricción"
2016,6774,9/26/2016,"Lunes",0,19:15:00,"Ruta Nacional 33","848.0",2,"Moto/Ciclomotor,Moto/Ciclomotor"," ",2,1,0,0,1,0,0,,"Ruta",33,"PEREZ","Rosario","Asfalto","Ripio","II","Dentro","Urbana","Ninguna","No existe","Recta","Otro","Buena","Atardecer","Otro","De alcance","S/D","Colisión","Ninguna","Faltante","Ninguna","Sin restricción"
2016,6775,9/12/2016,"Lunes",0,2:45:00,,"0.0",2,"Automóvil,Taxi/Remis","Santa Fe Y Callao",3,1,0,0,2,0,0,,"Calle",,"ROSARIO","Rosario","Asfalto","No existe","II","Dentro","Urbana","Semáforo","Funciona","Intersección","Bueno","Buena","Nocturna","Buen Tiempo","Lateral","S/D","Colisión","S/D","Vertical","Ninguna","Sin restricción"
2016,6776,9/21/2016,"Miercoles",0,20:15:00,"Ruta Nacional 33","0.0",2,"Automóvil,Moto/Ciclomotor"," ",2,1,0,0,1,0,0,,"Ruta",33,"ZAVALLA","Rosario","Asfalto","Ripio","II","Dentro","Urbana","Semáforo","Funciona","Intersección","Bueno","Buena","Nocturna","Buen Tiempo","Lateral","S/D","Colisión","Ninguna","Vertical","Línea divisoria pintada","Sin restricción"
2016,6777,9/3/2016,"Sabado",0,12:15:00,,"0.0",2,"Moto/Ciclomotor,Automóvil","Av. Provincias Unidas Y Schweitzer",2,1,0,0,1,0,0,,"Avenida",,"ROSARIO","Rosario","Asfalto","No existe","II","Dentro","Urbana","Ninguna","No existe","Recta","Bueno","Buena","Diurna","Buen Tiempo","De alcance","S/D","Colisión","Otro","Faltante","Ninguna","Sin restricción"
2016,6778,9/11/2016,"Domingo",0,22:30:00,,"0.0",2,"Automóvil,Moto/Ciclomotor","Av A del Valle Y Azcuenaga",3,2,0,0,1,0,0,,"Calle",,"SANTA FE","La Capital","Asfalto","No existe","I","S/D","Urbana","Ninguna","No existe","Intersección","Bueno","Buena","Nocturna","Buen Tiempo","Lateral","S/D","Colisión","Ninguna","Faltante","Ninguna","Sin restricción"
2016,6779,9/5/2016,"Lunes",0,18:25:00,,"0.0",2,"Peatón,Automóvil","Olavarria Bis Y J.J.Paso",2,1,0,0,1,0,0,,"Calle",,"ROSARIO","Rosario","Asfalto","S/D","II","Dentro","Urbana","S/D","S/D","Recta","Bueno","Buena","Diurna","Buen Tiempo","S/D","Peatón","Atropello","S/D","S/D","S/D","S/D"
2016,6780,9/12/2016,"Lunes",0,17:15:00,,"0.0",2,"Moto/Ciclomotor,Moto/Ciclomotor","Ayacucho Y Belgrano",2,2,0,0,0,0,0,,"Calle",,"SANTA FE","La Capital","Asfalto","No existe","I","S/D","Urbana","Ninguna","No existe","Intersección","Bueno","Buena","Diurna","Buen Tiempo","Lateral","S/D","Colisión","Ninguna","Faltante","Ninguna","Sin restricción"
2016,6781,9/13/2016,"Martes",0,14:40:00,,"0.0",2,"Pickup/Utilitario,Moto/Ciclomotor","Av A del Valle Y Risso",2,1,0,0,1,0,0,,"Avenida",,"SANTA FE","La Capital","Asfalto","No existe","I","Dentro","Urbana","Ninguna","No existe","Intersección","Bueno","Buena","Diurna","Buen Tiempo","Lateral","S/D","Colisión","Ninguna","Faltante","Ninguna","Sin restricción"
2016,6782,9/14/2016,"Miercoles",0,15:20:00,,"0.0",2,"Otros,Otros"," ",3,2,0,0,1,0,0,,"Avenida",,"SANTA FE","La Capital","Asfalto","No existe","I","Dentro","Urbana","Ninguna","No existe","Intersección","Bueno","Buena","Diurna","Buen Tiempo","Lateral","S/D","Colisión","Ninguna","Faltante","Ninguna","Sin restricción"
2016,6783,9/14/2016,"Miercoles",0,15:20:00,,"0.0",2,"Automóvil,Moto/Ciclomotor"," ",3,2,0,0,1,0,0,,"S/D",,"SANTA FE","La Capital","Asfalto","No existe","I","S/D","S/D","Ninguna","No existe","Intersección","Bueno","Buena","Diurna","Buen Tiempo","Lateral","S/D","Colisión","Ninguna","Faltante","Ninguna","Sin restricción"