"anio_acci","nro_acci","fecha","desc_dia","fecha_aprox","hora_aprox","desc_ruta","km","cant_participantes","desc_participante","calle_avenida_km","total","heridos_leves","heridos_graves","heridos_gravisimos","ilesos","fallecidos","sin_datos","posicion_XY","desc_tipo_via","desc_ruta_ori","desc_loc","desc_dpto","desc_tipo_calzada","desc_tipo_banquina","desc_unidad_regional","desc_lugar_calzada","desc_zona","desc_prioridad","desc_estado_semaforo","desc_lugar_via","desc_estado_via","desc_estado_visibilidad","desc_luminosidad","desc_estado_clima","desc_tipo_colision","desc_tipo_atropello","desc_tipo_hecho","desc_pres_calzada","desc_senializacion","desc_separacion_via","desc_restriccion"
2016,6784,9/14/2016,"Miercoles",0,22:40:00,,"0.0",2,"Pickup/Utilitario,Bicicleta","Av Gral Paz Y Av Galicia",2,1,0,0,1,0,0,,"Avenida",,"SANTA FE","La Capital","Asfalto","No existe","I","S/D","Urbana","Semáforo","Funciona","Intersección","Con baches","Buena","Nocturna","Buen Tiempo","S/D","Ciclista","Atropello","Material Suelto","Vertical","Ninguna","Sin restricción"
2016,6785,9/17/2016,"Sabado",0,20:15:00,,"0.0",2,"Moto/Ciclomotor,Moto/Ciclomotor","Mendoza Y Lamadrid",4,4,0,0,0,0,0,,"Calle",,"SANTA FE","La Capital","Asfalto","No existe","II","S/D","Urbana","Ninguna","No existe","Intersección","Bueno","Buena","Nocturna","Buen Tiempo","S/D","S/D","Colisión","Ninguna","Vertical","Ninguna","Sin restricción"
2016,6786,9/10/2016,"Sabado",0,5:30:00,,"0.0",2,"Moto/Ciclomotor,Automóvil","Av. Sorrento Y Av. Provincias Unidas",2,1,0,0,1,0,0,,"Avenida",,"ROSARIO","Rosario","Asfalto","No existe","II","Dentro","Urbana","Señal Ceda el Paso","No existe","Rotonda","Bueno","Buena","Diurna","Buen Tiempo","Lateral","S/D","Colisión","Ninguna","S/D","Línea divisoria pintada","Sin restricción"
2016,6787,9/7/2016,"Miercoles",0,15:20:00,,"0.0",2,"Automóvil,Moto/Ciclomotor","Av. Provincias Unidas Y Jose Ingenieros",2,0,1,0,1,0,0,,"Calle",,"ROSARIO","Rosario","Asfalto","No existe","II","Dentro","Urbana","Ninguna","No existe","Recta","Bueno","Buena","Diurna","Buen Tiempo","Lateral","S/D","Colisión","Otro","S/D","Ninguna","Sin restricción"
2016,6788,9/12/2016,"Lunes",0,15:00:00,,"0.0",2,"Automóvil,Moto/Ciclomotor","Pje. Pelayo Y Mariano Cabal Bis",2,1,0,0,1,0,0,,"Calle",,"ROSARIO","Rosario","Asfalto","No existe","II","Dentro","Urbana","Ninguna","No existe","Recta","Bueno","Buena","Diurna","Buen Tiempo","De alcance","S/D","Colisión","Otro","Faltante","Ninguna","Sin restricción"
2016,6789,9/16/2016,"Viernes",0,21:40:00,,"0.0",2,"Automóvil,Automóvil","Av. Provincias Unidas Y Av. Sorrento",2,1,0,0,1,0,0,,"Avenida",,"ROSARIO","Rosario","Asfalto","Natural","II","Dentro","Urbana","Señal Ceda el Paso","No existe","Rotonda","Bueno","Buena","Nocturna","Buen Tiempo","Lateral","S/D","Colisión","S/D","Vertical","Ninguna","Sin restricción"
2016,6790,9/16/2016,"Viernes",0,21:45:00,,"0.0",2,"Moto/Ciclomotor,Automóvil","Catamarca Y Pje Paraguay",3,2,0,0,1,0,0,,"Calle",,"SANTA FE","La Capital","Asfalto","No existe","I","S/D","Urbana","Ninguna","No existe","Intersección","Bueno","Buena","Nocturna","Buen Tiempo","S/D","S/D","Colisión","Ninguna","Vertical","Ninguna","Sin restricción"
2016,6791,9/1/2016,"Jueves",0,13:00:00,,"0.0",2,"Moto/Ciclomotor,Automóvil","Baigorria Y Zelaya",2,1,0,0,1,0,0,,"Calle",,"ROSARIO","Rosario","Asfalto","No existe","II","Dentro","Urbana","S/D","No existe","Intersección","Bueno","Buena","Diurna","Buen Tiempo","Lateral","S/D","Colisión","S/D","S/D","S/D","S/D"
2016,6792,9/16/2016,"Viernes",0,13:00:00,,"0.0",2,"Moto/Ciclomotor,Pickup/Utilitario","Mariano Comas Y Francia",3,1,0,0,2,0,0,,"Calle",,"SANTA FE","La Capital","Asfalto","No existe","I","S/D","Urbana","Ninguna","No existe","Intersección","Bueno","Buena","Diurna","Buen Tiempo","Lateral","S/D","Colisión","Ninguna","Vertical","Ninguna","Sin restricción"
2016,6793,9/10/2016,"Sabado",0,15:00:00,,"0.0",2,"Automóvil,Peatón","Bv. Rondeau 4100",2,1,0,0,1,0,0,,"Avenida",,"ROSARIO","Rosario","Asfalto","No existe","II","Dentro","Urbana","S/D","No existe","Intersección","Bueno","Buena","Diurna","Buen Tiempo","S/D","S/D","Atropello","S/D","S/D","S/D","S/D"
2016,6794,9/15/2016,"Jueves",0,8:05:00,,"0.0",2,"Moto/Ciclomotor,Automóvil","Francia Y Hipolito Yrigoyen",3,1,0,0,2,0,0,,"S/D",,"SANTA FE","La Capital","Asfalto","No existe","I","S/D","S/D","Ninguna","No existe","Intersección","Bueno","Buena","Diurna","Buen Tiempo","S/D","S/D","Colisión","Ninguna","Vertical","Ninguna","Sin restricción"
2016,6795,9/10/2016,"Sabado",0,10:30:00,,"0.0",2,"Automóvil,Moto/Ciclomotor","A.Maza Y Dr.D.Peña",2,1,0,0,1,0,0,,"Calle",,"ROSARIO","Rosario","Asfalto","No existe","II","Dentro","Urbana","S/D","No existe","Intersección","Bueno","Buena","Diurna","Buen Tiempo","Lateral","S/D","Colisión","S/D","S/D","S/D","Sin restricción"
2016,6796,9/14/2016,"Miercoles",0,16:40:00,,"0.0",2,"Moto/Ciclomotor,Automóvil","Av Freyre Y Primera Junta",3,2,0,0,1,0,0,,"S/D",,"SANTA FE","La Capital","Asfalto","No existe","I","S/D","Urbana","Ninguna","No existe","Intersección","Bueno","Buena","Diurna","Buen Tiempo","S/D","S/D","Colisión","Ninguna","Vertical","Ninguna","Sin restricción"
2016,6797,9/1/2016,"Jueves",1,,,"0.0",1,"Moto/Ciclomotor"," ",2,1,0,0,0,0,1,,"S/D",,"SANTA FE","La Capital","S/D","S/D","I","S/D","S/D","S/D","S/D","S/D","S/D","S/D","S/D","S/D","S/D","S/D","Vuelco","S/D","S/D","S/D","S/D"
2016,6798,9/1/2016,"Jueves",1,,,"0.0",1,"Moto/Ciclomotor"," ",1,1,0,0,0,0,0,,"S/D",,"SANTA FE","La Capital","S/D","S/D","I","S/D","S/D","S/D","S/D","S/D","S/D","S/D","S/D","S/D","S/D","S/D","Vuelco","S/D","S/D","S/D","S/D"
2016,6799,9/20/2016,"Martes",0,18:00:00,,"0.0",2,"Peatón,Automóvil","Bv. Rondeau Y Punta Lara",2,0,1,0,1,0,0,,"Avenida",,"ROSARIO","Rosario","Asfalto","S/D","II","Dentro","Urbana","S/D","S/D","Intersección","Bueno","Buena","Diurna","Buen Tiempo","S/D","Peatón","Atropello","Ninguna","S/D","S/D","S/D"
2016,6800,9/19/2016,"Lunes",0,20:30:00,,"0.0",2,"Automóvil,Moto/Ciclomotor","Bv. Rondeau Y Bv. Avellaneda",2,0,1,0,1,0,0,,"Avenida",,"ROSARIO","Rosario","Asfalto","Pavimento","II","Dentro","Urbana","Ninguna","No existe","Recta","Bueno","Buena","Nocturna,Con luz artificial","Buen Tiempo","De alcance","S/D","Colisión","S/D","S/D","Vegetación","Sin restricción"
2016,6801,9/1/2016,"Jueves",1,,,"0.0",1,"Moto/Ciclomotor"," ",1,1,0,0,0,0,0,,"S/D",,"SANTA FE","La Capital","S/D","S/D","I","S/D","S/D","S/D","S/D","S/D","S/D","S/D","S/D","S/D","S/D","S/D","Vuelco","S/D","S/D","S/D","S/D"
2016,6802,9/1/2016,"Jueves",1,,,"0.0",1,"Moto/Ciclomotor"," ",2,2,0,0,0,0,0,,"S/D",,"SANTA FE","La Capital","S/D","S/D","I","S/D","S/D","S/D","S/D","S/D","S/D","S/D","S/D","S/D","S/D","S/D","Vuelco","S/D","S/D","S/D","S/D"
2016,6803,9/10/2016,"Sabado",0,14:00:00,,"0.0",1,"Automóvil","Libertad Y Av Gral San Martin",1,1,0,0,0,0,0,,"Avenida",,"VILLA GOBERNADOR GÁLVEZ","Rosario","Asfalto","No existe","II","Dentro","Urbana","Ninguna","No existe","Intersección","Bueno","Buena","Diurna","Buen Tiempo","Contra objeto fijo","S/D","Colisión","Ninguna","Faltante","Ninguna","Sin restricción"
2016,6804,9/10/2016,"Sabado",0,15:45:00,,"0.0",2,"Bicicleta,Automóvil","Fornieles Y Av Juan Domingo Peron",2,1,0,0,1,0,0,,"Avenida",,"VILLA GOBERNADOR GÁLVEZ","Rosario","Asfalto","No existe","II","Dentro","Urbana","Ninguna","No existe","Intersección","Con baches","Buena","Diurna","Buen Tiempo","S/D","Ciclista","Atropello","Ninguna","Faltante","Ninguna","Sin restricción"
2016,6805,9/1/2016,"Jueves",1,,,"0.0",1,"Moto/Ciclomotor"," ",2,1,0,0,0,0,1,,"S/D",,"SANTA FE","La Capital","S/D","S/D","I","S/D","S/D","S/D","S/D","S/D","S/D","S/D","S/D","S/D","S/D","S/D","Vuelco","S/D","S/D","S/D","S/D"
2016,6806,9/15/2016,"Jueves",0,18:50:00,,"0.0",2,"Automóvil,Automóvil","Av Gral San Martin Y Esperanza",3,2,0,0,1,0,0,,"Avenida",,"VILLA GOBERNADOR GÁLVEZ","Rosario","Asfalto","No existe","II","Dentro","Urbana","Ninguna","No existe","Intersección","Bueno","Buena","Atardecer,Con luz artificial","Buen Tiempo","Lateral","S/D","Colisión","Ninguna","Faltante","Ninguna","Sin restricción"
2016,6807,9/17/2016,"Sabado",0,17:15:00,,"0.0",2,"Camión c / Acoplado,Moto/Ciclomotor","Monteagudo 1400",2,1,0,0,1,0,0,,"Calle",,"VILLA GOBERNADOR GÁLVEZ","Rosario","Asfalto","No existe","II","Dentro","Urbana","Ninguna","No existe","Recta","Con baches","Buena","Diurna","Buen Tiempo","De alcance","S/D","Colisión","Ninguna","Faltante","Ninguna","Sin restricción"
2016,6808,9/22/2016,"Jueves",0,20:30:00,,"0.0",2,"Automóvil,Automóvil","Tucuman Y Av Leandro Alem",2,1,0,0,1,0,0,,"Avenida",,"VILLA GOBERNADOR GÁLVEZ","Rosario","Asfalto","No existe","II","Dentro","Urbana","Ninguna","No existe","Intersección","Bueno","Buena","Nocturna,Con luz artificial","Buen Tiempo","Lateral","S/D","Colisión","Ninguna","Faltante","Ninguna","Sin restricción"
2016,6809,9/3/2016,"Sabado",0,11:55:00,,"0.0",2,"Automóvil,Peatón","Servando Bayo Y Cerrito",2,2,0,0,0,0,0,,"Calle",,"ROSARIO","Rosario","Asfalto","S/D","II","Dentro","Urbana","S/D","S/D","Recta","Bueno","Buena","Diurna","Buen Tiempo","S/D","Peatón","Atropello","S/D","S/D","S/D","S/D"
2016,6810,9/3/2016,"Sabado",0,18:00:00,,"0.0",2,"Automóvil,Moto/Ciclomotor","Soldado Aguirre Y Marcos Paz",4,0,1,0,3,0,0,,"Avenida",,"VILLA GOBERNADOR GÁLVEZ","Rosario","Asfalto","No existe","II","S/D","Urbana","Ninguna","No existe","Recta","Deteriorada","Buena","Atardecer","Buen Tiempo","S/D","S/D","Atropello","Material Suelto","Faltante","Cordón divisorio","Sin restricción"
2016,6811,9/3/2016,"Sabado",0,4:30:00,,"0.0",1,"Moto/Ciclomotor","Vera Mujica Y Av. Pellegrini",1,1,0,0,0,0,0,,"Avenida",,"ROSARIO","Rosario","Asfalto","S/D","II","Dentro","Urbana","S/D","S/D","Recta","Bueno","Buena","Nocturna","S/D","Contra objeto fijo","S/D","Colisión","S/D","S/D","S/D","S/D"
2016,6812,9/23/2016,"Viernes",0,17:15:00,"Autopista Nacional Gral. Juan Jose Valle","0.0",3,"Automóvil,Pickup/Utilitario,Pickup/Utilitario","Autopista Rosario Bs As Y Av la Plata",6,2,0,0,4,0,0,,"Autopista","Gral. Juan Jose Valle","VILLA GOBERNADOR GÁLVEZ","Rosario","Hormigón","Natural","II","S/D","Urbana","Ninguna","No existe","Recta","Bueno","Buena","Atardecer","Buen Tiempo","Múltiple","S/D","Colisión","Ninguna","Horizontal","Vegetación","Sin restricción"
2016,6813,6/21/2016,"Martes",0,,,"0.0",2,"Moto/Ciclomotor,Moto/Ciclomotor","Mariano Moreno Y Rosario",3,2,0,0,1,0,0,,"Calle",,"RAFAELA","Castellanos","S/D","S/D","V","Dentro","Urbana","S/D","S/D","S/D","S/D","S/D","S/D","S/D","S/D","S/D","Colisión","S/D","S/D","S/D","S/D"
2016,6815,6/21/2016,"Martes",0,21:30:00,"Ruta Provincial 70","0.0",2,"Automóvil,Peatón"," ",2,0,1,0,1,0,0,,"Ruta",70,"BELLA ITALIA","Castellanos","S/D","S/D","V","Dentro","Urbana","S/D","S/D","S/D","S/D","S/D","Nocturna","S/D","S/D","Peatón","Atropello","S/D","S/D","S/D","S/D"
2016,6816,6/22/2016,"Miercoles",0,,,"0.0",1,"Moto/Ciclomotor","Pte Peron 1200",1,1,0,0,0,0,0,,"Calle",,"VERA","Vera","S/D","S/D","XIX","Dentro","Urbana","S/D","S/D","S/D","S/D","S/D","S/D","S/D","S/D","S/D","Caída ocupante","S/D","S/D","S/D","S/D"
2016,6817,6/17/2016,"Viernes",0,,"Ruta Provincial 70","0.0",2,"Pickup/Utilitario,Moto/Ciclomotor","Rivadavia Y A Aufranc",2,1,0,0,1,0,0,,"Ruta",70,"ESPERANZA","Las Colonias","S/D","S/D","XI","Dentro","Urbana","S/D","S/D","S/D","S/D","S/D","Nocturna","S/D","S/D","S/D","Colisión","S/D","S/D","S/D","S/D"
2016,6818,6/17/2016,"Viernes",0,19:00:00,,"0.0",2,"Automóvil,Moto/Ciclomotor","Saavedra Y Aristobulo del Valle",3,2,0,0,1,0,0,,"Calle",,"ESPERANZA","Las Colonias","S/D","S/D","XI","Dentro","Urbana","S/D","S/D","S/D","S/D","S/D","Diurna","S/D","S/D","S/D","Colisión","S/D","S/D","S/D","S/D"
2016,6819,6/18/2016,"Sabado",0,20:00:00,"Ruta Provincial 6","70.0",1,"Automóvil"," ",2,2,0,0,0,0,0,,"Ruta",6,"ESPERANZA","Las Colonias","S/D","S/D","XI","Dentro","Urbana","S/D","S/D","S/D","S/D","S/D","Nocturna","S/D","Contra objeto fijo","S/D","Colisión","S/D","S/D","S/D","S/D"
2016,6820,6/18/2016,"Sabado",0,22:00:00,"Ruta Provincial 6","73.0",2,"Automóvil,Moto/Ciclomotor"," ",4,3,0,0,1,0,0,,"Ruta",6,"ESPERANZA","Las Colonias","S/D","S/D","XI","Dentro","Urbana","S/D","S/D","S/D","S/D","S/D","Nocturna","S/D","De alcance","S/D","Colisión","S/D","S/D","S/D","S/D"
2016,6821,6/19/2016,"Domingo",0,20:00:00,"Ruta Provincial 6","62.0",2,"Automóvil,Moto/Ciclomotor"," ",3,2,0,0,1,0,0,,"Ruta",6,"ESPERANZA","Las Colonias","S/D","S/D","XI","Dentro","Urbana","S/D","S/D","S/D","S/D","S/D","Nocturna","S/D","S/D","S/D","Colisión","S/D","S/D","S/D","S/D"
2016,6822,9/23/2016,"Viernes",0,15:20:00,,"0.0",2,"Moto/Ciclomotor,Automóvil","Iriondo Y Amenabar",2,2,0,0,0,0,0,,"Calle",,"ROSARIO","Rosario","Asfalto","S/D","II","Dentro","Urbana","S/D","S/D","Recta","Bueno","Buena","Diurna","Buen Tiempo","Lateral","S/D","Colisión","S/D","S/D","S/D","S/D"
2016,6823,9/27/2016,"Martes",0,10:45:00,,"0.0",2,"Automóvil,Moto/Ciclomotor","Juan B Justo Bis Y Independencia",2,1,0,0,1,0,0,,"Calle",,"ARROYO SECO","Rosario","Asfalto","S/D","II","Dentro","Urbana","Ninguna","S/D","Intersección","Con baches,Deteriorada","Buena","Diurna","Buen Tiempo","Lateral","S/D","Colisión","S/D","Faltante","Ninguna","Sin restricción"
2016,6824,10/8/2016,"Sabado",0,13:30:00,,"0.0",2,"Moto/Ciclomotor,Moto/Ciclomotor","Sarmiento Y Tucuman",2,0,1,0,0,1,0,"-29.352589, -59.970121","Calle",,"MALABRIGO","General Obligado","Asfalto","Natural","IX","Dentro","Urbana","Ninguna","No existe","Intersección","Bueno","Buena","Diurna","Buen Tiempo","Otro","S/D","Colisión","Ninguna","S/D","Ninguna","Sin restricción"
2016,6825,10/21/2016,"Viernes",0,22:00:00,,"0.0",2,"Moto/Ciclomotor,Transporte de Pasajeros Urbano (> 8 asientos)","Av Blas Parera Y Gorriti",2,0,0,0,1,1,0,"-31.583083333333,-60.72625","Avenida",,"SANTA FE","La Capital","Asfalto","No existe","I","S/D","Urbana","Ninguna","Intermitente","Intersección","Bueno","Reducida p/ objetos","Nocturna","Buen Tiempo","De alcance","S/D","Colisión","Otro","Faltante","Ninguna","Obra en Construcción"
2016,6826,9/15/2016,"Jueves",0,15:30:00,,"0.0",2,"Pickup/Utilitario,Moto/Ciclomotor","Av. Provincias Unidas Y Av. Pte.Peron",2,1,0,0,1,0,0,,"Avenida",,"ROSARIO","Rosario","Asfalto","No existe","II","Dentro","Urbana","S/D","Funciona","Intersección","Bueno","Buena","Diurna","Buen Tiempo","Lateral","S/D","Colisión","S/D","Vertical","Cordón divisorio","Sin restricción"
2016,6827,9/13/2016,"Martes",0,9:45:00,,"0.0",2,"Moto/Ciclomotor,Automóvil","Rivarola Y Av. Circunvalacion",2,1,0,0,1,0,0,,"Avenida",,"ROSARIO","Rosario","Asfalto","No existe","II","Dentro","Urbana","Semáforo","Funciona","Intersección","Bueno","Buena","Diurna","Buen Tiempo","Lateral","S/D","Colisión","Ninguna","Vertical","S/D","S/D"
2016,6828,9/14/2016,"Miercoles",0,9:30:00,,"0.0",2,"Automóvil,Moto/Ciclomotor","Ocampo Y Fraga",2,1,0,0,1,0,0,,"Calle",,"ROSARIO","Rosario","Asfalto","No existe","II","Dentro","Urbana","S/D","No existe","Intersección","Bueno","Buena","Diurna","Buen Tiempo","Lateral","S/D","Colisión","Ninguna","Faltante","Ninguna","Sin restricción"
2016,6829,9/10/2016,"Sabado",0,18:40:00,,"0.0",2,"Transporte de Pasajeros Urbano (> 8 asientos),Moto/Ciclomotor","Ocampo 6400",2,1,0,0,1,0,0,,"Calle",,"ROSARIO","Rosario","Asfalto","No existe","II","Dentro","Urbana","S/D","No existe","Intersección","Bueno","Buena","Diurna","Buen Tiempo","Lateral","S/D","Colisión","Ninguna","Faltante","S/D","S/D"
2016,6830,9/7/2016,"Miercoles",0,13:55:00,,"0.0",2,"Automóvil,Moto/Ciclomotor","Bv. 27 De Febrero Y Av. Circunvalacion",2,1,0,0,1,0,0,,"Avenida",,"ROSARIO","Rosario","Asfalto","No existe","II","Dentro","Urbana","Ninguna","No existe","Intersección","Bueno","Buena","Diurna","Buen Tiempo","Lateral","S/D","Colisión","Ninguna","Faltante","Cordón divisorio","Sin restricción"
2016,6831,9/6/2016,"Martes",0,8:05:00,,"0.0",2,"Moto/Ciclomotor,Automóvil","Av. Pte.Peron 8100",2,1,0,0,1,0,0,,"Avenida",,"ROSARIO","Rosario","Asfalto","No existe","II","Dentro","Urbana","Ninguna","No funciona","Recta","Bueno","Buena","Diurna","Buen Tiempo","Lateral","S/D","Colisión","S/D","Vertical","Cordón divisorio","Sin restricción"
2016,6832,9/26/2016,"Lunes",0,20:30:00,"Ruta Provincial 21","0.0",2,"Moto/Ciclomotor,Camión Chasis","J F Kennedy ",1,1,0,0,0,0,0,,"Ruta",21,"ARROYO SECO","Rosario","Asfalto","No existe","II","Dentro","Urbana","Ninguna","No existe","Intersección","Bueno","Buena","Diurna","Buen Tiempo","Contra objeto fijo","S/D","Colisión","S/D","S/D","Ninguna","Sin restricción"
2016,6833,9/27/2016,"Martes",0,14:45:00,,"0.0",2,"Moto/Ciclomotor,Pickup/Utilitario","Int Jose Constantine Bis Y Bartolome Mitre gral",2,1,0,0,1,0,0,,"Calle",,"ARROYO SECO","Rosario","Asfalto","Natural","II","Dentro","Urbana","Semáforo","Funciona","Intersección","Deteriorada,Ahuellamiento","Buena","Diurna","Buen Tiempo","Lateral","S/D","Colisión","S/D","Vertical","Ninguna","Sin restricción"
2016,6834,10/22/2016,"Sabado",0,20:10:00,,"0.0",2,"Moto/Ciclomotor,Automóvil","Estanislao Zeballos Y Estrada",3,0,1,0,1,1,0,"-31.600361111111,-60.717833333333","Calle",,"SANTA FE","La Capital","Asfalto","Pavimento","I","Dentro","Urbana","Ninguna","No existe","Intersección","Bueno","Buena","Atardecer,Con luz artificial","Buen Tiempo","Lateral","S/D","Colisión","Ninguna","Vertical","Ninguna","Sin restricción"
2016,6835,9/3/2016,"Sabado",0,23:45:00,,"0.0",2,"Moto/Ciclomotor,Automóvil","Nicolas Laguna Y ",3,2,0,0,1,0,0,,"Calle",,"ROSARIO","Rosario","Asfalto","No existe","II","Dentro","Urbana","Ninguna","No existe","Intersección","Bueno","Buena","Nocturna","Buen Tiempo","Lateral","S/D","Colisión","Ninguna","Faltante","Ninguna","Sin restricción"
2016,6836,9/23/2016,"Viernes",0,10:00:00,,"0.0",2,"Bicicleta,Automóvil","Alvear Y G Lopez",2,1,0,0,1,0,0,,"Calle",,"VILLA GOBERNADOR GÁLVEZ","Rosario","Asfalto","No existe","II","Dentro","Urbana","Ninguna","No existe","Recta","Bueno","Buena","Diurna","Buen Tiempo","S/D","Ciclista","Atropello","Ninguna","Faltante","Ninguna","Sin restricción"
2016,6837,9/2/2016,"Viernes",0,20:30:00,,"0.0",2,"Peatón,Automóvil","Lavalle ",2,1,0,0,1,0,0,,"Calle",,"VILLA GOBERNADOR GÁLVEZ","Rosario","Asfalto","No existe","II","Dentro","Urbana","Ninguna","No existe","Recta","Bueno","Buena","Nocturna,Con luz artificial","Buen Tiempo","S/D","Peatón","Atropello","Ninguna","Faltante","S/D","Sin restricción"
2016,6838,9/30/2016,"Viernes",0,,,"0.0",2,"Moto/Ciclomotor,Automóvil","Alvear Y Colon",2,1,0,0,1,0,0,,"Calle",,"VILLA GOBERNADOR GÁLVEZ","Rosario","Asfalto","No existe","II","Dentro","Urbana","Ninguna","No existe","Recta","Bueno","Buena","Diurna","Buen Tiempo","Lateral","S/D","Colisión","Ninguna","Faltante","Ninguna","Sin restricción"
2016,6839,9/21/2016,"Miercoles",0,7:50:00,,"0.0",2,"Bicicleta,Automóvil","Dorrego Y Av Juan Domingo Peron",2,1,0,0,1,0,0,,"Avenida",,"VILLA GOBERNADOR GÁLVEZ","Rosario","Asfalto","No existe","II","Dentro","Urbana","Ninguna","No existe","Recta","Bueno","Buena","Diurna","Buen Tiempo","S/D","Ciclista","Atropello","Ninguna","Faltante","Ninguna","Sin restricción"
2016,6840,9/10/2016,"Sabado",0,15:10:00,"Ruta Provincial 21","283.0",1,"Moto/Ciclomotor"," ",2,2,0,0,0,0,0,,"Ruta",21,"PUEBLO ESTHER","Rosario","Asfalto","No existe","II","Dentro","Rural","Ninguna","No existe","Recta","Bueno","Buena","Diurna","Buen Tiempo","S/D","S/D","Vuelco","S/D","Faltante","Cordón divisorio","Sin restricción"
2016,6841,9/16/2016,"Viernes",0,,"Ruta Provincial 6","1.0",1,"Automóvil"," ",1,1,0,0,0,0,0,,"Ruta",6,"PUEBLO ESTHER","Rosario","S/D","Pavimento","II","Dentro","Rural","Señal Pare","No existe","Paso a Nivel FFCC","S/D","Reducida","Nocturna","S/D","S/D","S/D","Vuelco","S/D","Vertical","Cordón divisorio","Sin restricción"
2016,6842,9/23/2016,"Viernes",0,1:00:00,"Autopista Nacional Gral. Juan Jose Valle","281.0",1,"Moto/Ciclomotor"," ",2,2,0,0,0,0,0,,"Autopista","Gral. Juan Jose Valle","ALVEAR","Rosario","Asfalto","Pavimento","II","Dentro","Rural","S/D","No existe","Recta","Bueno","Buena","Nocturna","Buen Tiempo","S/D","S/D","Despiste","S/D","S/D","Vegetación","Sin restricción"
2016,6843,9/1/2016,"Jueves",0,19:30:00,,"0.0",2,"Moto/Ciclomotor,Automóvil","Chubut Y Av Gral San Martin",2,1,0,0,1,0,0,,"Avenida",,"VILLA GOBERNADOR GÁLVEZ","Rosario","Asfalto","No existe","II","Dentro","Urbana","Paso Peatonal","No funciona","Intersección","Bueno","Buena","Atardecer","Buen Tiempo","Lateral","S/D","Colisión","Ninguna","Vertical","Cordón divisorio","Sin restricción"
2016,6845,6/23/2016,"Jueves",0,,,"0.0",1,"Moto/Ciclomotor"," ",1,1,0,0,0,0,0,,"Calle",,"VENADO TUERTO","General López","S/D","S/D","VIII","Dentro","Urbana","S/D","S/D","S/D","S/D","S/D","S/D","S/D","S/D","S/D","Caída ocupante","S/D","S/D","S/D","S/D"
2016,6846,6/23/2016,"Jueves",0,20:25:00,,"0.0",1,"Moto/Ciclomotor","Roque Saenz Peña Y Av Estrugamou",2,2,0,0,0,0,0,,"Calle",,"VENADO TUERTO","General López","S/D","S/D","VIII","Dentro","Urbana","S/D","S/D","S/D","S/D","S/D","Nocturna","S/D","S/D","S/D","Caída ocupante","S/D","S/D","S/D","S/D"
2016,6847,6/22/2016,"Miercoles",0,9:00:00,,"0.0",2,"Moto/Ciclomotor,Automóvil"," ",3,2,0,0,1,0,0,,"Camino Rural",,"CORREA","Iriondo","S/D","S/D","X","Dentro","Rural","S/D","S/D","S/D","S/D","S/D","Diurna","S/D","S/D","S/D","Colisión","S/D","S/D","S/D","S/D"
2016,6848,6/23/2016,"Jueves",0,,"Ruta Nacional Rosario -Cordoba","303.0",3,"Automóvil,Automóvil,Automóvil"," ",3,3,0,0,0,0,0,,"Ruta","Rosario -Cordoba","FUNES","Rosario","S/D","S/D","II","Dentro","Urbana","S/D","S/D","S/D","S/D","S/D","S/D","Niebla","Múltiple","S/D","Colisión","S/D","S/D","S/D","S/D"
2016,6849,6/23/2016,"Jueves",0,,"Ruta Nacional Rosario -Cordoba","301.0",2,"Automóvil,Automóvil"," ",2,2,0,0,0,0,0,,"Ruta","Rosario -Cordoba","FUNES","Rosario","S/D","S/D","II","Dentro","Urbana","S/D","S/D","S/D","S/D","S/D","S/D","S/D","S/D","S/D","Colisión","S/D","S/D","S/D","S/D"
2016,6850,6/24/2016,"Viernes",0,12:00:00,"Ruta Nacional 33","0.0",1,"Automóvil"," ",1,1,0,0,0,0,0,,"Ruta",33,"VENADO TUERTO","General López","S/D","S/D","VIII","Dentro","Urbana","S/D","S/D","S/D","S/D","S/D","Diurna","S/D","S/D","S/D","Vuelco","S/D","S/D","S/D","S/D"
2016,6851,6/23/2016,"Jueves",0,17:00:00,"Ruta Provincial 70","0.0",1,"Moto/Ciclomotor","Ciudad de Sunchales ",1,1,0,0,0,0,0,,"Ruta",70,"RAFAELA","Castellanos","S/D","S/D","VIII","Dentro","Urbana","S/D","S/D","S/D","S/D","S/D","Diurna","S/D","Atropello animal","S/D","Colisión","S/D","S/D","S/D","S/D"
2016,6852,6/24/2016,"Viernes",0,,,"0.0",2,"Pickup/Utilitario,Moto/Ciclomotor","Mitre Bartolome Y Italia",2,1,0,0,1,0,0,,"Calle",,"SUNCHALES","Castellanos","S/D","S/D","V","Dentro","Urbana","S/D","S/D","S/D","S/D","S/D","S/D","S/D","S/D","S/D","Colisión","S/D","S/D","S/D","S/D"
2016,6853,6/24/2016,"Viernes",0,,,"0.0",2,"Automóvil,Moto/Ciclomotor","Sarmiento 300",2,1,0,0,1,0,0,,"Calle",,"RAFAELA","Castellanos","S/D","S/D","V","Dentro","Urbana","S/D","S/D","S/D","S/D","S/D","Diurna","S/D","S/D","S/D","Colisión","S/D","S/D","S/D","S/D"
2016,6854,9/1/2016,"Jueves",0,11:30:00,"Ruta Nacional 33","999.9",2,"Automóvil,Bicicleta"," ",2,1,0,0,1,0,0,,"Ruta",33,"CASILDA","Caseros","Asfalto","Pavimento","IV","S/D","Urbana","Ninguna","No existe","Recta","Bueno","Buena","Con luz artificial","Buen Tiempo","S/D","Ciclista","Atropello","Ninguna","Faltante","Ninguna","Sin restricción"
2016,6855,6/25/2016,"Sabado",0,,,"0.0",2,"Camión,Automóvil","9 De Julio Y Rodriguez",2,1,0,0,1,0,0,,"Calle",,"ROSARIO","Rosario","S/D","S/D","II","Dentro","Urbana","S/D","S/D","S/D","S/D","S/D","Diurna","S/D","S/D","S/D","Colisión","S/D","S/D","S/D","S/D"