"anio_acci","nro_acci","fecha","desc_dia","fecha_aprox","hora_aprox","desc_ruta","km","cant_participantes","desc_participante","calle_avenida_km","total","heridos_leves","heridos_graves","heridos_gravisimos","ilesos","fallecidos","sin_datos","posicion_XY","desc_tipo_via","desc_ruta_ori","desc_loc","desc_dpto","desc_tipo_calzada","desc_tipo_banquina","desc_unidad_regional","desc_lugar_calzada","desc_zona","desc_prioridad","desc_estado_semaforo","desc_lugar_via","desc_estado_via","desc_estado_visibilidad","desc_luminosidad","desc_estado_clima","desc_tipo_colision","desc_tipo_atropello","desc_tipo_hecho","desc_pres_calzada","desc_senializacion","desc_separacion_via","desc_restriccion"
2016,6856,9/1/2016,"Jueves",0,16:00:00,,"0.0",2,"Moto/Ciclomotor,Automóvil","Boulevard Lisandro de la Torre Y Ayacucho",2,1,1,0,0,0,0,,"S/D",,"CASILDA","Caseros","Asfalto","No existe","IV","S/D","Urbana","Ninguna","No existe","Intersección","Bueno","Buena","Con luz artificial","Buen Tiempo","S/D","S/D","Colisión","Ninguna","Vertical","Ninguna","Sin restricción"
2016,6857,9/1/2016,"Jueves",0,18:00:00,,"0.0",2,"Pickup/Utilitario,Moto/Ciclomotor","Hipolito Yrigoyen Y Formosa",3,1,0,0,2,0,0,,"Calle",,"CASILDA","Caseros","Asfalto","No existe","IV","S/D","Urbana","Ninguna","No existe","Intersección","Bueno","Buena","Con luz artificial","Buen Tiempo","Lateral","S/D","Colisión","Ninguna","Faltante","Ninguna","Sin restricción"
2016,6858,6/27/2016,"Lunes",0,12:20:00,,"0.0",2,"Automóvil,Moto/Ciclomotor","Bv Centenario B Y Audano",2,1,0,0,1,0,0,,"Calle",,"CAÑADA DE GÓMEZ","Iriondo","S/D","S/D","X","Dentro","Urbana","S/D","S/D","S/D","S/D","S/D","Diurna","S/D","S/D","S/D","Colisión","S/D","S/D","S/D","S/D"
2016,6859,9/3/2016,"Sabado",0,17:05:00,,"0.0",2,"Pickup/Utilitario,Moto/Ciclomotor","Washington Y Mendoza",3,0,2,0,1,0,0,,"Calle",,"CASILDA","Caseros","Asfalto","No existe","IV","S/D","Urbana","Ninguna","No existe","Intersección","Bueno","Buena","Con luz artificial","Buen Tiempo","Lateral","S/D","Colisión","Ninguna","Faltante","Ninguna","Sin restricción"
2016,6860,9/11/2016,"Domingo",0,,,"0.0",2,"Automóvil,Moto/Ciclomotor","Garibaldi 1600",3,2,0,0,1,0,0,,"S/D",,"CASILDA","Caseros","Asfalto","No existe","IV","S/D","S/D","Ninguna","No existe","Recta","Bueno","Buena","Con luz artificial","Buen Tiempo","S/D","S/D","Colisión","Agua","S/D","Ninguna","Sin restricción"
2016,6861,6/27/2016,"Lunes",0,,"Ruta Provincial Brigadier E.López","42.0",2,"Camión c / Acoplado,Camión c / Acoplado"," ",2,1,0,0,1,0,0,,"Ruta","Brigadier E.López","OLIVEROS","Iriondo","S/D","S/D","X","Dentro","Urbana","S/D","S/D","S/D","S/D","S/D","Diurna","S/D","S/D","S/D","Colisión","S/D","S/D","S/D","S/D"
2016,6862,9/30/2016,"Viernes",0,,,"0.0",2,"Moto/Ciclomotor,Automóvil","Maestro Santos Alonso Y Hipolito Yrigoyen",2,1,0,0,1,0,0,,"Calle",,"CASILDA","Caseros","Asfalto","No existe","IV","S/D","Urbana","Ninguna","No existe","Intersección","Bueno","Buena","Con luz artificial","Buen Tiempo","S/D","S/D","Colisión","Ninguna","Faltante","Ninguna","Sin restricción"
2016,6863,6/27/2016,"Lunes",0,19:00:00,,"0.0",2,"Moto/Ciclomotor,Automóvil","Marconi Y 9 de Julio",3,2,0,0,1,0,0,,"Calle",,"CAÑADA DE GÓMEZ","Iriondo","S/D","S/D","X","Dentro","Urbana","S/D","S/D","S/D","S/D","S/D","Diurna","S/D","S/D","S/D","Colisión","S/D","S/D","S/D","S/D"
2016,6864,9/27/2016,"Martes",0,17:20:00,,"0.0",2,"Moto/Ciclomotor,Automóvil","General Jose de San Martin Y Boulevard Villada",3,2,0,0,1,0,0,,"Calle",,"CASILDA","Caseros","Asfalto","No existe","IV","Dentro","Urbana","Ninguna","No existe","Intersección","Bueno","Buena","Diurna","Buen Tiempo","S/D","S/D","Colisión","Ninguna","Faltante","Ninguna","Sin restricción"
2016,6865,9/19/2016,"Lunes",0,18:05:00,,"0.0",2,"Automóvil,Bicicleta","Boulevard Lisandro de la Torre Y España",2,2,0,0,0,0,0,,"Calle",,"CASILDA","Caseros","Asfalto","No existe","IV","S/D","Urbana","Ninguna","No existe","Intersección","Bueno","Buena","Diurna,Con luz artificial","Buen Tiempo","S/D","S/D","Atropello","Ninguna","Faltante","Ninguna","Sin restricción"
2016,6866,9/25/2016,"Domingo",0,6:40:00,"Autopista Nacional Gral. Juan Jose Valle","284.0",2,"Automóvil,Transporte de Pasajeros Larga Distancia (Doble Piso)"," ",8,7,0,0,1,0,0,,"Autopista","Gral. Juan Jose Valle","ALVEAR","Rosario","Asfalto","Natural","II","Dentro","Rural","S/D","No existe","Recta","Bueno","Reducida","Amanecer","Niebla","De alcance","S/D","Colisión","S/D","S/D","Vegetación","Sin restricción"
2016,6867,9/18/2016,"Domingo",0,23:00:00,,"0.0",2,"Automóvil,Moto/Ciclomotor","Boulevard Lisandro de la Torre Y Casado",3,1,0,0,2,0,0,,"Calle",,"CASILDA","Caseros","Asfalto","No existe","IV","S/D","Urbana","S/D","No existe","Intersección","Bueno","Buena","Nocturna,Con luz artificial","S/D","S/D","S/D","Colisión","Ninguna","Faltante","S/D","S/D"
2016,6868,6/28/2016,"Martes",0,12:45:00,,"0.0",2,"Pickup/Utilitario,Automóvil","Pringles Y Rio de la Plata",2,1,0,0,1,0,0,,"Calle",,"VENADO TUERTO","General López","S/D","S/D","VIII","Dentro","Urbana","S/D","S/D","S/D","S/D","S/D","Diurna","S/D","S/D","S/D","Colisión","S/D","S/D","S/D","S/D"
2016,6869,9/22/2016,"Jueves",0,,,"0.0",2,"Moto/Ciclomotor,Automóvil","Buenos Aires Y España",3,1,0,0,2,0,0,,"Calle",,"CASILDA","Caseros","Asfalto","No existe","IV","S/D","Urbana","Ninguna","No existe","Intersección","Bueno","Buena","Con luz artificial","Buen Tiempo","Lateral","S/D","Colisión","Ninguna","Vertical","Ninguna","Sin restricción"
2016,6870,9/1/2016,"Jueves",0,4:00:00,,"0.0",1,"Pickup/Utilitario","J A Roca Y M Cambeira",2,2,0,0,0,0,0,,"Calle",,"VILLA GOBERNADOR GÁLVEZ","Rosario","Asfalto","No existe","II","Dentro","Urbana","Ninguna","No existe","Intersección","Con baches","Reducida p/ objetos","Nocturna","Buen Tiempo","Contra objeto fijo","S/D","Colisión","Agua","Faltante","Ninguna","Sin restricción"
2016,6871,9/6/2016,"Martes",0,23:30:00,,"0.0",2,"Moto/Ciclomotor,Automóvil","Av Juan Domingo Peron Y Iglesias",2,1,0,0,1,0,0,,"Avenida",,"VILLA GOBERNADOR GÁLVEZ","Rosario","Asfalto","No existe","II","Dentro","Urbana","Ninguna","No existe","Intersección","Bueno","Buena","Nocturna","Buen Tiempo","Lateral","S/D","Colisión","Agua","Faltante","Ninguna","Sin restricción"
2016,6872,9/4/2016,"Domingo",0,22:00:00,,"0.0",2,"Moto/Ciclomotor,Automóvil","Bv San diego 600",2,1,0,0,1,0,0,,"Avenida",,"VILLA GOBERNADOR GÁLVEZ","Rosario","Asfalto","No existe","II","Dentro","Urbana","Ninguna","No existe","Recta","Bueno","Buena","Nocturna,Con luz artificial","Buen Tiempo","Lateral","S/D","Colisión","Ninguna","Faltante","Ninguna","Sin restricción"
2016,6873,6/29/2016,"Miercoles",0,12:00:00,,"0.0",2,"Moto/Ciclomotor,Moto/Ciclomotor","Calle 2 331",2,1,0,0,1,0,0,,"Calle",,"AVELLANEDA","General Obligado","S/D","S/D","IX","Dentro","Urbana","S/D","S/D","S/D","S/D","S/D","Diurna","S/D","S/D","S/D","Colisión","S/D","S/D","S/D","S/D"
2016,6874,9/8/2016,"Jueves",0,23:00:00,,"0.0",2,"Moto/Ciclomotor,Automóvil","Av Juan Domingo Peron Y Bv San diego",3,2,0,0,1,0,0,,"Avenida",,"VILLA GOBERNADOR GÁLVEZ","Rosario","Asfalto","No existe","II","Dentro","Urbana","Ninguna","Funciona","Intersección","Bueno","Buena","Nocturna,Con luz artificial","Buen Tiempo","Lateral","S/D","Colisión","Ninguna","Faltante","Ninguna","Sin restricción"
2016,6875,9/10/2016,"Sabado",0,13:10:00,,"0.0",2,"Moto/Ciclomotor,Moto/Ciclomotor","Av Juan Domingo Peron Y Iglesias",2,2,0,0,0,0,0,,"Avenida",,"VILLA GOBERNADOR GÁLVEZ","Rosario","Asfalto","No existe","II","Dentro","Urbana","Ninguna","No existe","Intersección","Bueno","Buena","Diurna","Buen Tiempo","Lateral","S/D","Colisión","Ninguna","Faltante","Ninguna","Sin restricción"
2016,6876,6/29/2016,"Miercoles",0,11:30:00,,"0.0",2,"Automóvil,Automóvil","Pagani Y Bv. Balcarce",3,2,0,0,1,0,0,,"Calle",,"CAÑADA DE GÓMEZ","Iriondo","S/D","S/D","X","Dentro","Urbana","S/D","S/D","S/D","S/D","S/D","Diurna","S/D","S/D","S/D","Colisión","S/D","S/D","S/D","S/D"
2016,6877,9/1/2016,"Jueves",0,14:05:00,,"0.0",1,"Moto/Ciclomotor","Av. Pte.Peron Y Av. Circunvalacion",1,1,0,0,0,0,0,,"Avenida",,"ROSARIO","Rosario","Hormigón","Pavimento","II","Dentro","Urbana","S/D","No existe","Intersección","Bueno","Buena","Diurna","Buen Tiempo","S/D","S/D","Caída ocupante","S/D","S/D","Cordón divisorio","S/D"
2016,6878,6/29/2016,"Miercoles",0,9:26:00,"Ruta Provincial Brigadier E.López","18.0",1,"Automóvil"," ",1,0,0,0,0,0,1,,"Ruta","Brigadier E.López","SAN LORENZO","San Lorenzo","S/D","S/D","XVII","Dentro","Urbana","S/D","S/D","S/D","S/D","S/D","Diurna","S/D","Contra objeto fijo","S/D","Colisión","S/D","S/D","S/D","S/D"
2016,6879,9/9/2016,"Viernes",0,19:00:00,,"0.0",2,"Automóvil,Moto/Ciclomotor","Av. Provincias Unidas Y Godoy Cruz",2,1,0,0,1,0,0,,"Avenida",,"ROSARIO","Rosario","S/D","No existe","II","Dentro","Urbana","Semáforo","Funciona","Intersección","Bueno","Buena","Atardecer","Buen Tiempo","Lateral","S/D","Colisión","Ninguna","Vertical","Ninguna","Sin restricción"
2016,6880,9/9/2016,"Viernes",0,19:30:00,,"0.0",2,"Moto/Ciclomotor,Automóvil","Bv. 27 De Febrero Y Campbell",2,1,0,0,1,0,0,,"Avenida",,"ROSARIO","Rosario","Asfalto","No existe","II","Dentro","Urbana","Ninguna","No existe","Intersección","Bueno","Buena","Atardecer","Buen Tiempo","Lateral","S/D","Colisión","S/D","Faltante","Ninguna","Sin restricción"
2016,6881,9/4/2016,"Domingo",0,16:00:00,,"0.0",2,"Moto/Ciclomotor,Automóvil","Roullon Y Pje. Valdes",2,1,0,0,1,0,0,,"Calle",,"ROSARIO","Rosario","Asfalto","No existe","II","Dentro","Urbana","Ninguna","No existe","Intersección","Bueno","Buena","Diurna","Buen Tiempo","Lateral","S/D","Colisión","S/D","Faltante","Ninguna","Sin restricción"
2016,6882,9/4/2016,"Domingo",0,21:00:00,,"0.0",2,"Moto/Ciclomotor,Pickup/Utilitario","Av. Pte.Peron Y P.L.Funes",2,0,1,0,1,0,0,,"Avenida",,"ROSARIO","Rosario","Asfalto","No existe","II","Dentro","Urbana","Semáforo","Funciona","Intersección","Bueno","Buena","Nocturna","S/D","Lateral","S/D","Colisión","S/D","Vertical","Barrera de hormigón","Sin restricción"
2016,6883,9/17/2016,"Sabado",0,8:00:00,,"0.0",2,"Bicicleta,Camión","Garibaldi Y F.More",2,1,0,0,1,0,0,,"Calle",,"ROSARIO","Rosario","S/D","No existe","II","Dentro","Urbana","S/D","No existe","Intersección","Bueno","Buena","Diurna","Buen Tiempo","S/D","Ciclista","Atropello","Ninguna","Faltante","S/D","Sin restricción"
2016,6884,9/29/2016,"Jueves",0,17:30:00,"Ruta Provincial 92","0.0",1,"Pickup/Utilitario"," ",1,0,0,0,0,1,0,"-33.107569, -61.702556","Ruta",92,"SAN JOSÉ DE LA ESQUINA","Caseros","Asfalto","Natural","IV","Fuera","Rural","Ninguna","No existe","Puente","Ahuellamiento","Reducida","Diurna","Lluvia","S/D","S/D","Despiste","Agua","Horizontal,Vertical","Línea divisoria pintada","Sin restricción"
2016,6885,9/22/2016,"Jueves",0,12:40:00,,"0.0",1,"Moto/Ciclomotor","Oroño Y Avenida Las Colonias",1,1,0,0,0,0,0,,"Calle",,"SAN JOSÉ DE LA ESQUINA","Caseros","Asfalto","No existe","IV","Dentro","Urbana","Ninguna","No existe","Recta","Bueno","Buena","Diurna","Buen Tiempo","Contra objeto fijo","S/D","Colisión","Ninguna","Horizontal,Vertical","Cordón divisorio","Sin restricción"
2016,6886,9/21/2016,"Miercoles",0,16:40:00,,"0.0",1,"Pickup/Utilitario"," ",2,1,0,0,1,0,0,,"Camino Rural",,"SAN JOSÉ DE LA ESQUINA","Caseros","Tierra","Natural","IV","S/D","Rural","Ninguna","No existe","Recta","Con baches,Resbaladiza,Deteriorada,Ahuellamiento","Reducida polvo","Diurna","Buen Tiempo","S/D","S/D","Vuelco","Material Suelto","Faltante","Ninguna","Sin restricción"
2016,6887,5/6/2016,"Viernes",0,7:40:00,"Ruta Provincial Brigadier E.López","21.0",1,"Camión"," ",1,0,0,0,0,0,1,,"Ruta","Brigadier E.López","PUERTO SAN MARTÍN","San Lorenzo","S/D","S/D","XVII","Dentro","Urbana","S/D","S/D","S/D","S/D","S/D","Diurna","S/D","S/D","S/D","Vuelco","S/D","S/D","S/D","S/D"
2016,6888,5/6/2016,"Viernes",0,15:47:00,"Ruta Provincial Brigadier E.López","49.0",1,"Automóvil"," ",1,0,0,0,0,0,1,,"Ruta","Brigadier E.López","MACIEL","San Jerónimo","S/D","S/D","XV","Dentro","Urbana","S/D","S/D","S/D","S/D","S/D","Diurna","S/D","S/D","S/D","Vuelco","S/D","S/D","S/D","S/D"
2016,6889,5/6/2016,"Viernes",0,19:34:00,"Ruta Provincial Brigadier E.López","6.0",1,"Camión"," ",1,0,0,0,0,0,1,,"Ruta","Brigadier E.López","CAPITÁN BERMÚDEZ","San Lorenzo","S/D","S/D","XVII","Dentro","Urbana","S/D","S/D","S/D","S/D","S/D","Diurna","S/D","S/D","S/D","Despiste","S/D","S/D","S/D","S/D"
2016,6890,5/9/2016,"Lunes",0,19:00:00,"Ruta Provincial Brigadier E.López","42.0",1,"Camión"," ",1,0,0,0,0,0,1,,"Ruta","Brigadier E.López","OLIVEROS","Iriondo","S/D","S/D","X","Dentro","Urbana","S/D","S/D","S/D","S/D","S/D","Diurna","S/D","S/D","S/D","Despiste","S/D","S/D","S/D","S/D"
2016,6891,8/16/2016,"Martes",0,,,"0.0",2,"Moto/Ciclomotor,Peatón","Av Aristobulo del Valle 2088",2,1,0,0,1,0,0,,"Avenida",,"RAFAELA","Castellanos","Asfalto","No existe","V","Dentro","Urbana","S/D","No existe","Recta","Bueno","Buena","Diurna","Buen Tiempo","S/D","Peatón","Atropello","S/D","S/D","Vegetación","Sin restricción"
2016,6892,9/12/2016,"Lunes",0,,,"0.0",2,"Moto/Ciclomotor,Automóvil","Av Aristobulo del Valle Y F Simonetta",2,1,0,0,1,0,0,,"Avenida",,"RAFAELA","Castellanos","Asfalto","Pavimento","II","Dentro","Urbana","S/D","No existe","Intersección","Bueno","Buena","Atardecer","Buen Tiempo","Lateral","S/D","Colisión","Ninguna","S/D","Vegetación","Sin restricción"
2016,6893,5/15/2016,"Domingo",0,22:20:00,"Ruta Provincial Brigadier E.López","0.0",1,"Automóvil"," ",1,0,0,0,0,0,1,,"Ruta","Brigadier E.López","SAUCE VIEJO","La Capital","S/D","S/D","I","Dentro","Urbana","S/D","S/D","S/D","S/D","S/D","Nocturna","S/D","S/D","S/D","Despiste","S/D","S/D","S/D","S/D"
2016,6894,5/23/2016,"Lunes",0,2:43:00,"Ruta Provincial Brigadier E.López","2.0",1,"Automóvil"," ",1,0,0,0,0,0,1,,"Ruta","Brigadier E.López","GRANADERO BAIGORRIA","Rosario","S/D","S/D","II","Dentro","Urbana","S/D","S/D","S/D","S/D","S/D","Nocturna","S/D","S/D","S/D","Despiste","S/D","S/D","S/D","S/D"
2016,6895,5/23/2016,"Lunes",0,18:51:00,"Ruta Provincial Brigadier E.López","19.0",2,"Automóvil,Camión"," ",2,0,0,0,0,0,2,,"Ruta","Brigadier E.López","SAN LORENZO","San Lorenzo","S/D","S/D","XVII","Dentro","Urbana","S/D","S/D","S/D","S/D","S/D","Diurna","S/D","S/D","S/D","Colisión","S/D","S/D","S/D","S/D"
2016,6896,9/23/2016,"Viernes",0,12:30:00,,"0.0",1,,"Saavedra Y Entre Rios",2,1,0,0,1,0,0,,"Avenida",,"VILLA CONSTITUCIÓN","Constitución","Asfalto","No existe","VI","Dentro","Urbana","Ninguna","Funciona","Intersección","Bueno","Buena","Diurna","Buen Tiempo","Lateral","S/D","Colisión","Ninguna","Faltante","Ninguna","Sin restricción"
2016,6897,9/23/2016,"Viernes",0,12:30:00,,"0.0",2,"Automóvil,Moto/Ciclomotor","Saavedra Y Entre Rios",2,1,0,0,1,0,0,,"Avenida",,"VILLA CONSTITUCIÓN","Constitución","Asfalto","No existe","VI","Dentro","Urbana","Ninguna","Funciona","Intersección","Bueno","Buena","Diurna","Buen Tiempo","Lateral","S/D","Colisión","Ninguna","Faltante","Ninguna","Sin restricción"
2016,6898,9/23/2016,"Viernes",0,21:00:00,,"0.0",2,"Moto/Ciclomotor,Automóvil","Madrid Y Corrientes",2,1,0,0,1,0,0,,"Calle",,"VILLA CONSTITUCIÓN","Constitución","Asfalto","No existe","VI","S/D","Urbana","Ninguna","No existe","Intersección","Bueno","Reducida","Nocturna","Buen Tiempo","Lateral","S/D","Colisión","Ninguna","Faltante","Ninguna","Sin restricción"
2016,6899,5/24/2016,"Martes",0,7:22:00,"Ruta Provincial Brigadier E.López","63.0",1,"Automóvil"," ",1,0,0,0,0,0,1,,"Ruta","Brigadier E.López","MONJE","San Jerónimo","S/D","S/D","XV","Dentro","Urbana","S/D","S/D","S/D","S/D","S/D","Amanecer","S/D","S/D","S/D","Vuelco","S/D","S/D","S/D","S/D"
2016,6900,5/29/2016,"Domingo",0,19:37:00,"Ruta Provincial Brigadier E.López","16.0",1,"Automóvil"," ",1,0,0,0,0,0,1,,"Ruta","Brigadier E.López","SAN LORENZO","San Lorenzo","S/D","S/D","XVII","Dentro","Urbana","S/D","S/D","S/D","S/D","S/D","Diurna","S/D","Atropello animal","S/D","Colisión","S/D","S/D","S/D","S/D"
2016,6901,5/31/2016,"Martes",0,13:25:00,"Ruta Provincial Brigadier E.López","11.0",1,"Automóvil"," ",1,0,0,0,0,0,1,,"Ruta","Brigadier E.López","FRAY LUIS BELTRÁN","San Lorenzo","S/D","S/D","XVII","Dentro","Urbana","S/D","S/D","S/D","S/D","S/D","Diurna","S/D","S/D","S/D","Vuelco","S/D","S/D","S/D","S/D"
2016,6902,9/26/2016,"Lunes",0,13:30:00,,"0.0",2,"Automóvil,Moto/Ciclomotor","Sarmiento Y Entre Rios",2,1,0,0,1,0,0,,"Calle",,"VILLA CONSTITUCIÓN","Constitución","Asfalto","No existe","VI","Dentro","Urbana","Ninguna","No existe","Intersección","Bueno","Buena","Diurna","Otro","Lateral","S/D","Colisión","Ninguna","Faltante","Ninguna","Sin restricción"
2016,6903,9/10/2016,"Sabado",0,1:10:00,,"0.0",2,"Moto/Ciclomotor,Automóvil","San Luis Y General Manuel Belgrano",2,1,0,0,1,0,0,,"Calle",,"CASILDA","Caseros","Asfalto","No existe","IV","Dentro","Urbana","Ninguna","No existe","Intersección","Bueno","Buena","Nocturna,Con luz artificial","Buen Tiempo","Lateral","S/D","Colisión","Ninguna","Faltante","Ninguna","Sin restricción"
2016,6904,9/13/2016,"Martes",0,21:00:00,,"0.0",2,"Automóvil,Moto/Ciclomotor","Presidente Domingo Faustino Sa Y Boulevard Villada",4,2,1,0,1,0,0,,"Avenida",,"CASILDA","Caseros","Asfalto","No existe","IV","Dentro","Urbana","Ninguna","No existe","Intersección","Bueno","Buena","Nocturna,Con luz artificial","Buen Tiempo","Lateral","S/D","Colisión","Ninguna","Vertical","Ninguna","Sin restricción"
2016,6905,9/26/2016,"Lunes",0,18:00:00,,"0.0",2,"Automóvil,Moto/Ciclomotor","Simon Bolivar ",2,1,0,0,1,0,0,,"Calle",,"VILLA CONSTITUCIÓN","Constitución","Asfalto","No existe","VI","Dentro","Urbana","Ninguna","No existe","Intersección","Bueno","Buena","Diurna","Buen Tiempo","Lateral","S/D","Colisión","Ninguna","Faltante","Ninguna","Sin restricción"
2016,6906,9/15/2016,"Jueves",0,11:50:00,,"0.0",2,"Automóvil,Bicicleta","Boulevard Lisandro de la Torre 2700",2,0,1,0,1,0,0,,"Avenida",,"CASILDA","Caseros","Asfalto","No existe","IV","Dentro","Urbana","Ninguna","No existe","Intersección","Bueno","Buena","Diurna","Buen Tiempo","S/D","Ciclista","Atropello","Ninguna","Faltante","Ninguna","Sin restricción"
2016,6907,9/29/2016,"Jueves",0,11:00:00,,"0.0",2,"Automóvil,Automóvil","Manuel Dorrego Y Catamarca",2,1,0,0,1,0,0,,"Calle",,"VILLA CONSTITUCIÓN","Constitución","Asfalto","No existe","VI","Dentro","Urbana","Ninguna","No existe","Intersección","Bueno","Buena","Diurna","Buen Tiempo","Lateral","S/D","Colisión","Ninguna","Faltante","Ninguna","Sin restricción"
2016,6908,9/6/2016,"Martes",0,15:50:00,"Ruta Provincial 18","0.0",2,"Automóvil,Pickup/Utilitario"," ",3,1,0,0,2,0,0,,"Ruta",18,"VILLA CONSTITUCIÓN","Constitución","Asfalto","Pavimento","VI","Dentro","Rural","Señal Pare","No existe","Cruce","Bueno","Buena","Diurna","Buen Tiempo","Lateral","S/D","Colisión","Ninguna","Faltante","Cordón divisorio,Línea divisoria pintada","Sin restricción"
2016,6909,9/26/2016,"Lunes",0,19:00:00,,"0.0",2,"Pickup/Utilitario,Moto/Ciclomotor"," ",2,1,0,0,1,0,0,,"Calle",,"GÁLVEZ","San Jerónimo","Asfalto","No existe","XV","S/D","Urbana","Ninguna","No existe","Recta","Bueno","Buena","Atardecer","Buen Tiempo","Otro","S/D","Colisión","Ninguna","Faltante","Ninguna","Sin restricción"
2016,6910,9/9/2016,"Viernes",0,22:25:00,,"0.0",1,"Moto/Ciclomotor","E del Campo Y Gral Urquiza",1,1,0,0,0,0,0,,"S/D",,"GÁLVEZ","San Jerónimo","Tierra","No existe","XV","S/D","Urbana","Ninguna","No existe","Recta","Con baches","Buena","Diurna","Buen Tiempo","Otro","S/D","Despiste","Ninguna","Faltante","Ninguna","Sin restricción"
2016,6911,9/20/2016,"Martes",0,10:05:00,,"0.0",2,"Pickup/Utilitario,Moto/Ciclomotor","2 de Abril Y Avda. Jorge Newbery",2,1,0,0,1,0,0,,"S/D",,"GÁLVEZ","San Jerónimo","Hormigón","No existe","XV","S/D","Urbana","Ninguna","No existe","Recta","Bueno","Buena","Diurna","Buen Tiempo","Lateral","S/D","Colisión","Ninguna","Faltante","Ninguna","Sin restricción"
2016,6912,9/19/2016,"Lunes",0,13:30:00,,"0.0",1,"Moto/Ciclomotor"," ",1,0,1,0,0,0,0,,"Camino Rural",,"SANTO DOMINGO","Las Colonias","Tierra","No existe","XI","Dentro","Rural","Ninguna","No existe","Recta","Ahuellamiento","Buena","Diurna","Buen Tiempo","S/D","S/D","Caída ocupante","Material Suelto","Faltante","Ninguna","Sin restricción"
2016,6913,9/18/2016,"Domingo",0,16:30:00,"Ruta Provincial 4","25.0",1,"Automóvil"," ",3,3,0,0,0,0,0,,"Ruta",4,"SANTO DOMINGO","Las Colonias","Asfalto","Natural","XI","Dentro","Urbana","Ninguna","No existe","Recta","Bueno","Buena","Diurna","Buen Tiempo","S/D","S/D","Despiste","S/D","Faltante","Ninguna","Sin restricción"
2016,6914,9/30/2016,"Viernes",0,,,"0.0",2,"Moto/Ciclomotor,Automóvil","Av Roque Saenz Peña Y San Juan",2,1,0,0,1,0,0,,"S/D",,"SAN GENARO","San Jerónimo","Asfalto","No existe","XV","S/D","S/D","Ninguna","No existe","Intersección","Bueno","Buena","Con luz artificial","Buen Tiempo","Frontal","S/D","Colisión","Ninguna","Faltante","Línea divisoria pintada","Sin restricción"
2016,6915,9/1/2016,"Jueves",0,19:45:00,,"0.0",2,"Bicicleta,Automóvil","Martin de la Peña Y Crespo",3,1,0,0,2,0,0,,"Calle",,"PROGRESO","Las Colonias","Asfalto","No existe","XI","Dentro","Urbana","Ninguna","No existe","Intersección","Bueno","Buena","Atardecer","Buen Tiempo","Frontal","Ciclista","Atropello","S/D","Faltante","S/D","Sin restricción"
2016,6916,9/18/2016,"Domingo",0,17:35:00,,"0.0",2,"Moto/Ciclomotor,Moto/Ciclomotor","Palacios Y Bv Belgrano",2,1,1,0,0,0,0,,"Calle",,"FELICIA","Las Colonias","Hormigón","Pavimento","XI","Dentro","Urbana","Ninguna","No existe","Intersección","Bueno","Buena","Diurna","Buen Tiempo","De alcance","S/D","Colisión","S/D","Faltante","Cordón divisorio","Sin restricción"
2016,6917,9/15/2016,"Jueves",0,20:50:00,,"0.0",2,"Automóvil,Moto/Ciclomotor","San Martin Y Mendoza",3,2,0,0,1,0,0,,"Calle",,"PILAR","Las Colonias","Asfalto","No existe","XI","Dentro","Urbana","Ninguna","No existe","Intersección","Bueno","Buena","Nocturna,Con luz artificial","Buen Tiempo","Lateral","S/D","Colisión","S/D","Vertical","Ninguna","Sin restricción"
2016,6918,9/15/2016,"Jueves",0,23:00:00,,"0.0",2,"Moto/Ciclomotor,Pickup/Utilitario","Av Roque Saenz Peña Y Salta",2,1,0,0,1,0,0,,"Avenida",,"SAN GENARO","San Jerónimo","Asfalto","No existe","XV","Dentro","Urbana","Ninguna","No existe","Intersección","Bueno","Buena","Con luz artificial","Buen Tiempo","Lateral","S/D","Colisión","Ninguna","Faltante","Línea divisoria pintada","Sin restricción"
2016,6919,9/21/2016,"Miercoles",0,17:30:00,,"0.0",2,"Moto/Ciclomotor,Automóvil","25 de Mayo Y Moreno",2,0,1,0,1,0,0,,"Calle",,"PILAR","Las Colonias","Asfalto","No existe","XI","Dentro","Urbana","Ninguna","No existe","Intersección","Bueno","Buena","Atardecer","Buen Tiempo","Lateral","S/D","Colisión","S/D","Vertical","Ninguna","Sin restricción"
2016,6920,9/19/2016,"Lunes",0,18:00:00,"Autopista Provincial Brigadier E.López","84.7",1,"Pickup/Utilitario"," ",2,2,0,0,0,0,0,,"Autopista","Brigadier E.López","SAN FABIÁN","San Jerónimo","Asfalto","Natural","XV","Dentro","Rural","Marca Vial","No existe","Recta","Bueno","Buena","Diurna","Buen Tiempo","S/D","S/D","Vuelco","Ninguna","Vertical","Vegetación","Sin restricción"
2016,6921,9/7/2016,"Miercoles",0,20:15:00,,"0.0",2,"Pickup/Utilitario,Moto/Ciclomotor","1 de Mayo Y 9 de Julio",3,1,2,0,0,0,0,,"Calle",,"PILAR","Las Colonias","Asfalto","S/D","XI","Dentro","Urbana","Ninguna","S/D","Intersección","Bueno","Buena","Nocturna","Buen Tiempo","Lateral","S/D","Colisión","S/D","S/D","Ninguna","Sin restricción"