"anio_acci","nro_acci","fecha","desc_dia","fecha_aprox","hora_aprox","desc_ruta","km","cant_participantes","desc_participante","calle_avenida_km","total","heridos_leves","heridos_graves","heridos_gravisimos","ilesos","fallecidos","sin_datos","posicion_XY","desc_tipo_via","desc_ruta_ori","desc_loc","desc_dpto","desc_tipo_calzada","desc_tipo_banquina","desc_unidad_regional","desc_lugar_calzada","desc_zona","desc_prioridad","desc_estado_semaforo","desc_lugar_via","desc_estado_via","desc_estado_visibilidad","desc_luminosidad","desc_estado_clima","desc_tipo_colision","desc_tipo_atropello","desc_tipo_hecho","desc_pres_calzada","desc_senializacion","desc_separacion_via","desc_restriccion"
2016,6922,9/26/2016,"Lunes",0,13:15:00,,"0.0",2,"Moto/Ciclomotor,Automóvil","Mitre Y Pte J D Peron",4,1,0,0,3,0,0,,"Calle",,"SAN CARLOS CENTRO","Las Colonias","Asfalto","No existe","XI","Dentro","Urbana","Ninguna","No existe","Intersección","Bueno","Buena","Diurna","Buen Tiempo","S/D","S/D","Colisión","S/D","Vertical","Ninguna","Sin restricción"
2016,6923,9/6/2016,"Martes",0,2:00:00,"Ruta Nacional 11","0.0",1,"Moto/Ciclomotor"," ",1,1,0,0,0,0,0,,"Ruta",11,"CORONDA","San Jerónimo","Asfalto","Natural","XV","S/D","Urbana","Ninguna","No existe","Recta","Bueno","Buena","Nocturna","Buen Tiempo","S/D","S/D","Despiste","Ninguna","Faltante","Línea divisoria pintada","Sin restricción"
2016,6924,9/13/2016,"Martes",0,9:50:00,,"0.0",2,"Moto/Ciclomotor,Pickup/Utilitario","Fraga 1100",2,1,0,0,1,0,0,,"Calle",,"ROSARIO","Rosario","Asfalto","S/D","II","Dentro","Urbana","S/D","S/D","Recta","Bueno","Buena","Diurna","Buen Tiempo","Lateral","S/D","Colisión","S/D","S/D","S/D","S/D"
2016,6925,9/14/2016,"Miercoles",0,21:10:00,,"0.0",2,"Bicicleta,Automóvil","San Martin 670",2,1,0,0,1,0,0,,"Calle",,"SAN CARLOS CENTRO","Las Colonias","Asfalto","No existe","XI","Dentro","Urbana","Ninguna","No existe","Recta","Bueno","Buena","Nocturna,Con luz artificial","Buen Tiempo","S/D","Ciclista","Atropello","S/D","Vertical","Ninguna","Sin restricción"
2016,6926,9/13/2016,"Martes",0,9:50:00,,"0.0",2,"Automóvil,Automóvil","Mendoza Y Guatemala",2,1,0,0,1,0,0,,"Calle",,"ROSARIO","Rosario","Asfalto","No existe","II","Dentro","Urbana","S/D","No existe","Intersección","Bueno","Buena","Diurna","Buen Tiempo","Lateral","S/D","Colisión","S/D","S/D","S/D","S/D"
2016,6927,9/2/2016,"Viernes",0,16:50:00,,"0.0",2,"Moto/Ciclomotor,Camión","San Martin Y Mendoza",3,1,0,0,2,0,0,,"Calle",,"SAN CARLOS CENTRO","Las Colonias","Asfalto","Pavimento","XI","Dentro","Urbana","Ninguna","No existe","Intersección","Bueno","Buena","Diurna","Buen Tiempo","Lateral","S/D","Colisión","S/D","Vertical","Ninguna","Sin restricción"
2016,6928,9/6/2016,"Martes",0,8:35:00,,"0.0",2,"Moto/Ciclomotor,Automóvil","Av. Provincias Unidas Y Montevideo",2,1,0,0,1,0,0,,"Avenida",,"ROSARIO","Rosario","Asfalto","No existe","II","Dentro","Urbana","S/D","No existe","Intersección","Bueno","Buena","Diurna","Buen Tiempo","Lateral","S/D","Colisión","S/D","S/D","S/D","Sin restricción"
2016,6929,9/2/2016,"Viernes",0,19:30:00,,"0.0",2,"Bicicleta,Automóvil","Mitre Y Entre Rios",2,1,0,0,1,0,0,,"Calle",,"SAN CARLOS CENTRO","Las Colonias","Ripio","Natural","XI","Dentro","Urbana","Ninguna","No existe","Intersección","Bueno","Buena","Nocturna,Con luz artificial","Buen Tiempo","S/D","Ciclista","Atropello","S/D","Vertical","Ninguna","Sin restricción"
2016,6930,9/6/2016,"Martes",0,17:30:00,,"0.0",2,"Moto/Ciclomotor,Automóvil","La Paz Y Guatemala",2,1,0,0,1,0,0,,"Calle",,"ROSARIO","Rosario","Asfalto","S/D","II","Dentro","Urbana","S/D","S/D","Intersección","Bueno","Buena","Diurna","Buen Tiempo","Lateral","S/D","Colisión","S/D","S/D","S/D","S/D"
2016,6931,9/15/2016,"Jueves",0,11:05:00,,"0.0",2,"Bicicleta,Pickup/Utilitario","25 de Mayo Y Belgrano Manuel",2,1,0,0,1,0,0,,"Calle",,"SAN CARLOS CENTRO","Las Colonias","Asfalto","No existe","XI","Dentro","Urbana","Paso Peatonal","Funciona","Intersección","Bueno","Buena","Diurna","Buen Tiempo","Lateral","Ciclista","Atropello","S/D","Horizontal","Ninguna","Sin restricción"
2016,6932,9/12/2016,"Lunes",0,22:30:00,,"0.0",2,"Automóvil,Moto/Ciclomotor","Dalmacio Velez Sarsfield Y Maipu",3,1,0,0,2,0,0,,"Calle",,"HELVECIA","Garay","Arena","Natural","VII","Dentro","Urbana","Ninguna","No existe","Intersección","Bueno","Buena","Diurna","Buen Tiempo","Lateral","S/D","Colisión","S/D","Faltante","Ninguna","Sin restricción"
2016,6933,9/29/2016,"Jueves",0,13:40:00,,"0.0",2,"Moto/Ciclomotor,Automóvil","Almirante Brown Y Pringles",2,1,0,0,1,0,0,,"Calle",,"ESPERANZA","Las Colonias","Asfalto","S/D","XI","S/D","Urbana","S/D","S/D","Intersección","Bueno","Buena","Diurna","Buen Tiempo","S/D","S/D","Colisión","Ninguna","S/D","S/D","S/D"
2016,6934,9/25/2016,"Domingo",0,21:30:00,"Ruta Provincial 1","79.0",1,"Moto/Ciclomotor"," ",2,2,0,0,0,0,0,,"Ruta",1,"HELVECIA","Garay","S/D","No existe","VII","Dentro","Rural","Ninguna","No existe","Recta","Bueno","Buena","Nocturna","Buen Tiempo","Atropello animal","S/D","Colisión","S/D","Faltante","Ninguna","Sin restricción"
2016,6935,9/30/2016,"Viernes",0,20:30:00,"Ruta Provincial 1","0.0",2,"Moto/Ciclomotor,Peatón"," ",3,1,1,0,1,0,0,,"Ruta",1,"HELVECIA","Garay","Asfalto","Pavimento","VII","Dentro","Urbana","Ninguna","S/D","Recta","Bueno","Buena","Nocturna","Buen Tiempo","S/D","Peatón","Atropello","S/D","Faltante","Ninguna","Sin restricción"
2016,6936,9/30/2016,"Viernes",0,12:15:00,,"0.0",2,"Moto/Ciclomotor,Pickup/Utilitario","Franck Y Mariano Moreno",2,1,0,0,1,0,0,,"Avenida",,"ESPERANZA","Las Colonias","Hormigón","No existe","XI","Dentro","Urbana","Semáforo","No existe","Intersección","Bueno","Buena","Diurna","Buen Tiempo","Otro","S/D","Colisión","Ninguna","Horizontal","Ninguna","Sin restricción"
2016,6937,9/29/2016,"Jueves",0,18:00:00,"Ruta Secundaria 253-s","0.0",2,"Pickup/Utilitario,Automóvil"," ",3,2,0,0,1,0,0,,"Ruta","253-s","HELVECIA","Garay","S/D","No existe","VII","Dentro","Urbana","Ninguna","No existe","Recta","Bueno","Buena","Diurna","Buen Tiempo","Frontal","S/D","Colisión","S/D","Faltante","Ninguna","Sin restricción"
2016,6938,9/11/2016,"Domingo",0,,,"0.0",2,"Automóvil,Moto/Ciclomotor","Simon de Iriondo Y French",4,0,1,0,0,0,3,,"Calle",,"ESPERANZA","Las Colonias","Asfalto","No existe","XI","Dentro","Urbana","Ninguna","No existe","Intersección","Bueno","Buena","Diurna","Buen Tiempo","S/D","S/D","Colisión","Ninguna","S/D","Ninguna","Sin restricción"
2016,6939,9/30/2016,"Viernes",0,3:30:00,"Ruta Nacional Rosario -Cordoba","387.0",2,"Camión,Camión c / Semirremolque"," ",2,1,0,0,1,0,0,,"Ruta","Rosario -Cordoba","ARMSTRONG","Belgrano","Asfalto","Natural","III","Dentro","Rural","Ninguna","No existe","Recta","Bueno","Buena","Nocturna","Buen Tiempo","De alcance","S/D","Colisión","S/D","Horizontal","Ninguna","Sin restricción"
2016,6940,9/10/2016,"Sabado",0,7:00:00,,"0.0",1,"Automóvil","Bv Roldan Y A Castellanos",4,4,0,0,0,0,0,,"Calle",,"ARMSTRONG","Belgrano","Asfalto","No existe","III","Dentro","Urbana","Ninguna","No existe","Intersección","Bueno","Buena","Diurna","Buen Tiempo","Contra objeto fijo","S/D","Colisión","S/D","Horizontal","Ninguna","Sin restricción"
2016,6941,9/22/2016,"Jueves",0,17:20:00,,"0.0",2,"Automóvil,Moto/Ciclomotor","Maipu Y Leandro N Alem",2,1,0,0,0,0,1,,"Calle",,"ESPERANZA","Las Colonias","Asfalto","No existe","XI","Dentro","Urbana","Ninguna","No existe","Intersección","Bueno","Buena","Diurna","Buen Tiempo","S/D","S/D","Colisión","Ninguna","S/D","Ninguna","Sin restricción"
2016,6942,9/15/2016,"Jueves",0,21:10:00,"Ruta Nacional 178","0.0",2,"Moto/Ciclomotor,Automóvil","Calle 25 ",3,1,1,0,1,0,0,,"Ruta",178,"LAS PAREJAS","Belgrano","Asfalto","Pavimento","III","Dentro","Urbana","Ninguna","No existe","Intersección","Con baches","Buena","Nocturna,Con luz artificial","Buen Tiempo","Lateral","S/D","Colisión","Fluidos","S/D","Línea divisoria pintada","Sin restricción"
2016,6943,9/17/2016,"Sabado",0,14:25:00,,"0.0",2,"Automóvil,Moto/Ciclomotor","1 de Mayo Y Cullen",4,2,0,0,1,0,1,,"S/D",,"ESPERANZA","Las Colonias","Asfalto","S/D","XI","S/D","Urbana","S/D","No existe","Intersección","Bueno","Buena","Diurna","Buen Tiempo","Lateral","S/D","Colisión","Ninguna","S/D","S/D","S/D"
2016,6944,9/13/2016,"Martes",0,19:30:00,,"0.0",2,"Automóvil,Moto/Ciclomotor","Avenida 13 Y Avenida 18",3,2,0,0,1,0,0,,"Calle",,"LAS PAREJAS","Belgrano","Asfalto","No existe","III","Dentro","Urbana","Otra Señal","No existe","Intersección","Bueno","Buena","Diurna","Buen Tiempo","Lateral","S/D","Colisión","S/D","Vertical","Cordón divisorio","Sin restricción"
2016,6945,9/21/2016,"Miercoles",0,14:50:00,,"0.0",2,"Automóvil,Moto/Ciclomotor","Av Cordoba Y Mariano Moreno",2,1,0,0,1,0,0,,"Avenida",,"ESPERANZA","Las Colonias","Asfalto","S/D","XI","Dentro","Urbana","Ninguna","No existe","Intersección","Bueno","Buena","Diurna","Buen Tiempo","Lateral","S/D","Colisión","Ninguna","S/D","Cordón divisorio","Sin restricción"
2016,6946,9/28/2016,"Miercoles",0,12:50:00,,"0.0",2,"Moto/Ciclomotor,Pickup/Utilitario","Rosario 800",3,0,1,0,2,0,0,,"Calle",,"EL TRÉBOL","San Martín","Hormigón","No existe","XVIII","Dentro","Urbana","Ninguna","No existe","Recta","Bueno","Buena","Diurna","Buen Tiempo","Lateral","S/D","Colisión","Ninguna","Vertical","Ninguna","Sin restricción"
2016,6947,9/10/2016,"Sabado",0,21:50:00,,"0.0",1,"Moto/Ciclomotor","Calle 16 bis Y Calle 7",1,1,0,0,0,0,0,,"Calle",,"LAS PAREJAS","Belgrano","Asfalto","No existe","III","Dentro","Urbana","Ninguna","No existe","Curva","Bueno","Buena","Nocturna,Con luz artificial","Buen Tiempo","Contra objeto fijo","S/D","Colisión","S/D","S/D","Ninguna","Sin restricción"
2016,6948,9/15/2016,"Jueves",0,2:30:00,,"0.0",1,"Moto/Ciclomotor"," ",1,1,0,0,0,0,0,,"S/D",,"SASTRE","San Martín","Tierra","No existe","XVIII","S/D","Rural","Ninguna","No existe","Recta","Otro","Reducida polvo","Nocturna","Buen Tiempo","S/D","S/D","Caída ocupante","Otro","Faltante","Ninguna","Sin restricción"
2016,6949,9/13/2016,"Martes",0,17:30:00,,"0.0",2,"Automóvil,Moto/Ciclomotor","Avenida 21 Y Calle 28",4,1,0,0,3,0,0,,"Calle",,"LAS PAREJAS","Belgrano","Asfalto","No existe","III","Dentro","Urbana","Ninguna","No existe","Intersección","Bueno","Buena","Diurna","Buen Tiempo","Lateral","S/D","Colisión","S/D","Faltante","Ninguna","Sin restricción"
2016,6950,9/13/2016,"Martes",0,18:50:00,,"0.0",2,"Automóvil,Automóvil","Sarmiento Y Guillermo Benitez",4,2,0,0,2,0,0,,"Calle",,"LAS ROSAS","Belgrano","Asfalto","No existe","III","Dentro","Urbana","Ninguna","No existe","Intersección","Bueno","Buena","Diurna","Buen Tiempo","De alcance","S/D","Colisión","S/D","Horizontal,Vertical","Cordón divisorio","Sin restricción"
2016,6951,9/2/2016,"Viernes",0,13:30:00,,"82.0",2,"Moto/Ciclomotor,Automóvil"," ",2,1,0,0,1,0,0,,"S/D",,"SASTRE","San Martín","Asfalto","Ripio","XIII","S/D","S/D","Ninguna","No existe","Recta","Bueno","Buena","Diurna","Buen Tiempo","Lateral","S/D","Colisión","Ninguna","Faltante","Línea divisoria pintada","Sin restricción"
2016,6952,9/1/2016,"Jueves",0,12:50:00,"Ruta Provincial 1","28.0",1,"Pickup/Utilitario"," ",2,2,0,0,0,0,0,,"Ruta",1,"LOS ZAPALLOS","Garay","Asfalto","Natural","VII","Fuera","Rural","Ninguna","No existe","Recta","Bueno","Reducida","Diurna","Lluvia","S/D","S/D","Vuelco","Agua","Vertical","Vegetación","Sin restricción"
2016,6953,9/9/2016,"Viernes",0,18:30:00,,"0.0",2,"Pickup/Utilitario,Moto/Ciclomotor","Maipu Y Moreno",2,0,1,0,1,0,0,,"Calle",,"LAS ROSAS","Belgrano","Asfalto","No existe","III","Dentro","Urbana","Ninguna","No existe","Intersección","Bueno","Buena","Diurna","Buen Tiempo","S/D","S/D","Colisión","S/D","Vertical","Ninguna","Sin restricción"
2016,6954,9/23/2016,"Viernes",0,11:00:00,"Ruta Provincial 1","65.0",2,"Otros,Camión Chasis"," ",3,1,0,0,1,0,1,,"Ruta",1,"CAYASTA","Garay","Asfalto","Natural","VII","Dentro","Rural","Ninguna","No existe","Recta","Bueno","Buena","Diurna","Buen Tiempo","Lateral","S/D","Colisión","Ninguna","Faltante","Línea divisoria pintada","Sin restricción"
2016,6955,9/24/2016,"Sabado",0,18:45:00,,"0.0",2,"Automóvil,Moto/Ciclomotor","Juan de Garay 1365",3,2,0,0,1,0,0,,"Calle",,"CAYASTA","Garay","Tierra","No existe","VII","S/D","Urbana","Ninguna","No existe","Recta","Bueno","Buena","Diurna,Con luz artificial","Buen Tiempo","Lateral","S/D","Colisión","Ninguna","Faltante","Ninguna","Sin restricción"
2016,6956,9/3/2016,"Sabado",0,10:40:00,,"0.0",2,"Moto/Ciclomotor,Pickup/Utilitario","San Martin Y Tortugas",2,1,0,0,1,0,0,,"Calle",,"CAÑADA DE GÓMEZ","Iriondo","Hormigón","No existe","X","Dentro","Urbana","S/D","No existe","Intersección","Bueno","S/D","Diurna","Buen Tiempo","Lateral","S/D","Colisión","S/D","S/D","S/D","S/D"
2016,6957,9/17/2016,"Sabado",0,9:31:00,"Ruta Secundaria 281-s","10.0",1,"Pickup/Utilitario"," ",2,1,0,0,1,0,0,,"Ruta","281-s","SALADERO CABAL","Garay","Tierra","Natural","VII","Dentro","Rural","Ninguna","No existe","Recta","Con baches","Buena","Diurna","Buen Tiempo","S/D","S/D","Vuelco","Material Suelto","Faltante","Ninguna","Sin restricción"
2016,6958,9/24/2016,"Sabado",0,6:25:00,"Ruta Nacional 9","0.0",2,"Moto/Ciclomotor,Camión c / Semirremolque","Av. Santa Fe Y H Irigoyen",2,0,0,0,1,1,0,"-32.810638888889,-61.39275","Ruta",9,"CAÑADA DE GÓMEZ","Iriondo","Asfalto","S/D","X","Dentro","Urbana","S/D","No existe","Intersección","S/D","Buena","Nocturna","Lluvia","Lateral","S/D","Colisión","S/D","S/D","S/D","S/D"
2016,6959,9/7/2016,"Miercoles",0,20:30:00,"Ruta Provincial 1","33.0",2,"Camión Chasis,Moto/Ciclomotor"," ",4,1,0,0,3,0,0,,"Ruta",1,"SANTA ROSA DE CALCHINES","Garay","Asfalto","Natural","VII","Dentro","Rural","Ninguna","No existe","Recta","Bueno","Buena","Nocturna","Buen Tiempo","Lateral","S/D","Colisión","Ninguna","S/D","Ninguna","Sin restricción"
2016,6960,9/25/2016,"Domingo",0,6:50:00,,"0.0",1,"Automóvil","Necochea 700",1,1,0,0,0,0,0,,"Calle",,"CAÑADA DE GÓMEZ","Iriondo","Hormigón","No existe","X","Dentro","Urbana","S/D","No existe","Recta","Bueno","Buena","Nocturna","Buen Tiempo","Contra objeto fijo","S/D","Colisión","S/D","S/D","S/D","S/D"
2016,6961,9/10/2016,"Sabado",0,17:40:00,,"0.0",2,"Moto/Ciclomotor,Moto/Ciclomotor","Espa±a Y H Irigoyen",3,2,0,0,0,1,0,"-31.979640, -60.915686","Calle",,"CORONDA","San Jerónimo","Asfalto","No existe","XV","Dentro","Urbana","Ninguna","No existe","Intersección","Bueno","Buena","Diurna","Buen Tiempo","Lateral","S/D","Colisión","Ninguna","Faltante","Ninguna","Sin restricción"
2016,6962,9/8/2016,"Jueves",0,20:30:00,"Ruta Nacional 11","0.0",2,"Moto/Ciclomotor,Automóvil","Cnel Rodriguez ",5,2,1,0,2,0,0,,"Ruta",11,"CORONDA","San Jerónimo","Asfalto","Natural","XV","Dentro","Urbana","Ninguna","No existe","Intersección","Bueno","Buena","Nocturna","Buen Tiempo","Lateral","S/D","Colisión","Ninguna","Horizontal","Línea divisoria pintada","Sin restricción"
2016,6963,9/3/2016,"Sabado",0,14:05:00,,"0.0",2,"Automóvil,Automóvil","Ocampo Y Moreno",2,1,0,0,1,0,0,,"Calle",,"CAÑADA DE GÓMEZ","Iriondo","Hormigón","No existe","X","Dentro","Urbana","Ninguna","No existe","Intersección","Bueno","Reducida","Diurna","Lluvia","Lateral","S/D","Colisión","Agua","Faltante","Ninguna","Sin restricción"
2016,6964,9/6/2016,"Martes",0,11:40:00,,"0.0",2,"Automóvil,Moto/Ciclomotor","Pellegrini Y Lavalle",3,2,0,0,1,0,0,,"Calle",,"CAÑADA DE GÓMEZ","Iriondo","Hormigón","No existe","X","Dentro","Urbana","S/D","No existe","Intersección","Bueno","Buena","Diurna","Buen Tiempo","S/D","S/D","Colisión","S/D","S/D","S/D","S/D"
2016,6965,9/9/2016,"Viernes",0,8:30:00,"Ruta Provincial 10","0.0",1,"Automóvil"," ",1,1,0,0,0,0,0,,"Ruta",10,"GÁLVEZ","San Jerónimo","Asfalto","Natural","XV","Dentro","Rural","Ninguna","No existe","Curva","Bueno","Buena","Diurna","Buen Tiempo","S/D","S/D","Vuelco","Ninguna","Horizontal","Ninguna","Sin restricción"
2016,6966,9/20/2016,"Martes",0,23:00:00,,"0.0",1,"Automóvil","Dr Hector Lopez Y San Jeronimo",3,2,0,0,1,0,0,,"S/D",,"CORONDA","San Jerónimo","Asfalto","Pavimento","XV","S/D","Urbana","Ninguna","No existe","Intersección","Bueno","Buena","Nocturna","Buen Tiempo","S/D","S/D","Vuelco","Ninguna","Faltante","Ninguna","Sin restricción"
2016,6967,9/12/2016,"Lunes",0,,,"0.0",2,"Moto/Ciclomotor,Automóvil","Boulevard Centenario Y Independencia",3,1,0,0,2,0,0,,"Calle",,"CAÑADA DE GÓMEZ","Iriondo","Hormigón","No existe","X","Dentro","Urbana","S/D","No existe","Intersección","Bueno","Buena","Nocturna,Con luz artificial","Buen Tiempo","Lateral","S/D","Colisión","S/D","S/D","S/D","S/D"
2016,6968,9/20/2016,"Martes",0,10:20:00,"Ruta Nacional 11","0.0",2,"Moto/Ciclomotor,Automóvil","Rafaela ",2,1,0,0,1,0,0,,"Ruta",11,"CORONDA","San Jerónimo","Asfalto","Pavimento","XV","Dentro","S/D","Ninguna","No existe","Intersección","Bueno","Buena","Diurna","Buen Tiempo","Lateral","S/D","Colisión","Ninguna","Faltante","Línea divisoria pintada","Sin restricción"
2016,6969,9/17/2016,"Sabado",0,21:30:00,,"0.0",2,"Automóvil,Bicicleta","Bme Mitre Y Roque e Coulin",2,1,0,0,1,0,0,,"Calle",,"GÁLVEZ","San Jerónimo","Asfalto","No existe","XV","Dentro","Urbana","S/D","No existe","Intersección","Bueno","Buena","Nocturna","Buen Tiempo","S/D","Ciclista","Atropello","Ninguna","Faltante","Ninguna","Sin restricción"
2016,6970,9/17/2016,"Sabado",0,9:00:00,"Ruta Nacional 11","0.0",2,"Automóvil,Moto/Ciclomotor"," ",4,2,0,0,2,0,0,,"Ruta",11,"CORONDA","San Jerónimo","Asfalto","Natural","XV","Dentro","Urbana","Ninguna","No existe","Intersección","Bueno","Buena","Diurna","Buen Tiempo","De alcance","S/D","Colisión","Ninguna","Faltante","Línea divisoria pintada","Sin restricción"
2016,6971,9/23/2016,"Viernes",0,17:25:00,"Ruta Provincial 92","0.0",1,"Automóvil","Misiones ",2,1,1,0,0,0,0,,"Ruta",92,"AREQUITO","Caseros","Asfalto","Natural","IV","Dentro","Urbana","Ninguna","No existe","Recta","Bueno","Buena","Diurna","Buen Tiempo","Contra objeto fijo","S/D","Colisión","S/D","Horizontal","Línea divisoria pintada","Sin restricción"
2016,6972,9/22/2016,"Jueves",0,21:40:00,,"0.0",2,"Pickup/Utilitario,Moto/Ciclomotor","2 de Junio Y Colon",2,1,0,0,1,0,0,,"Calle",,"GÁLVEZ","San Jerónimo","Asfalto","No existe","XV","Dentro","Urbana","S/D","No existe","Intersección","Bueno","Buena","Nocturna","Buen Tiempo","Lateral","S/D","Colisión","Ninguna","Faltante","Ninguna","Sin restricción"
2016,6973,9/13/2016,"Martes",0,13:50:00,,"0.0",2,"Automóvil,Moto/Ciclomotor","Mariano Moreno Y Garay",3,2,0,0,0,0,1,,"S/D",,"CORONDA","San Jerónimo","Asfalto","No existe","XV","S/D","Urbana","Ninguna","No existe","Intersección","Bueno","Buena","Diurna","Buen Tiempo","Lateral","S/D","Colisión","Ninguna","Faltante","Ninguna","Sin restricción"
2016,6974,9/25/2016,"Domingo",0,15:20:00,,"0.0",2,"Automóvil,Moto/Ciclomotor","Destefanis Y Rivadavia",3,2,0,0,1,0,0,,"Calle",,"AREQUITO","Caseros","Asfalto","No existe","IV","Dentro","Urbana","Ninguna","No existe","Intersección","Bueno","Buena","Diurna","Buen Tiempo","Lateral","S/D","Colisión","S/D","Faltante","Cordón divisorio","Sin restricción"
2016,6975,9/2/2016,"Viernes",0,14:00:00,,"0.0",2,"Automóvil,Moto/Ciclomotor","Falucho Y J B Alberdi",2,0,1,0,1,0,0,,"Calle",,"GÁLVEZ","San Jerónimo","Asfalto","S/D","XV","Dentro","Urbana","S/D","S/D","Recta","Bueno","Buena","Diurna","Buen Tiempo","Lateral","S/D","Colisión","Ninguna","Faltante","S/D","S/D"
2016,6976,9/12/2016,"Lunes",0,,,"0.0",2,"Automóvil,Moto/Ciclomotor","Bme Mitre Y Capitan Bermudez",3,1,0,0,2,0,0,,"Calle",,"GÁLVEZ","San Jerónimo","Asfalto","No existe","XV","Dentro","Urbana","Ninguna","No existe","Intersección","Bueno","Buena","Atardecer","Buen Tiempo","Lateral","S/D","Colisión","Ninguna","Faltante","S/D","Sin restricción"
2016,6977,9/27/2016,"Martes",0,18:00:00,,"0.0",2,"Peatón,Camión c / Acoplado","Misiones 1100",2,1,0,0,1,0,0,,"Calle",,"AREQUITO","Caseros","Asfalto","Natural","IV","Dentro","Urbana","Ninguna","No existe","Recta","Bueno","Buena","Diurna","Buen Tiempo","De alcance","Peatón","Atropello","S/D","Faltante","Vegetación","Sin restricción"
2016,6978,9/26/2016,"Lunes",0,11:50:00,,"0.0",2,"Automóvil,Moto/Ciclomotor","Chaco Y Francia",2,1,0,0,1,0,0,,"Calle",,"ARTEAGA","Caseros","Asfalto","Pavimento","IV","Dentro","Urbana","Ninguna","No existe","Intersección","Bueno","Buena","Diurna","Buen Tiempo","Frontal","S/D","Colisión","S/D","Faltante","Ninguna","Sin restricción"
2016,6979,9/4/2016,"Domingo",0,16:35:00,,"0.0",1,"Automóvil","Belgrano M 200",2,0,1,0,1,0,0,,"Calle",,"CHAÑAR LADEADO","Caseros","Hormigón","No existe","IV","Dentro","Urbana","Ninguna","No existe","Recta","Bueno","Buena","Diurna","Buen Tiempo","Contra objeto fijo","S/D","Colisión","S/D","Faltante","Ninguna","Sin restricción"
2016,6980,9/11/2016,"Domingo",0,6:15:00,"Ruta Nacional 33","0.0",1,"Automóvil"," ",2,2,0,0,0,0,0,,"Ruta",33,"CHABAS","Caseros","Asfalto,Hormigón","S/D","IV","Dentro","Urbana","Ninguna","No existe","Rotonda","Bueno","Buena","Amanecer","Buen Tiempo","Contra objeto fijo","S/D","Colisión","S/D","S/D","Guardarrail,Cordón divisorio","S/D"
2016,6981,9/25/2016,"Domingo",0,11:50:00,,"0.0",2,"Moto/Ciclomotor,Moto/Ciclomotor","Gral Urquiza Y Corrientes",2,1,0,0,1,0,0,,"Calle",,"GÁLVEZ","San Jerónimo","Asfalto","No existe","XV","Dentro","Urbana","S/D","No existe","Recta","Bueno","Buena","Diurna","Buen Tiempo","Lateral","S/D","Colisión","Ninguna","Faltante","Ninguna","Sin restricción"
2016,6982,9/21/2016,"Miercoles",0,10:30:00,,"0.0",2,"Moto/Ciclomotor,Automóvil","Alvear ",2,0,1,0,1,0,0,,"Calle",,"BERABEVÚ","Caseros","Asfalto","Pavimento","IV","Dentro","Urbana","Ninguna","No existe","Intersección","Bueno","Buena","Diurna","Buen Tiempo","Lateral","S/D","Colisión","S/D","Faltante","Ninguna","Sin restricción"
2016,6983,9/8/2016,"Jueves",0,19:30:00,"Ruta Provincial 14","0.0",3,"Automóvil,Camión c / Acoplado,Camión Chasis"," ",3,0,1,0,2,0,0,,"Ruta",14,"DIEGO DE ALVEAR","General López","Asfalto","Natural","VIII","Dentro","Urbana","Ninguna","No existe","Recta","Deteriorada","Buena","Nocturna","Buen Tiempo","De alcance,Múltiple","S/D","Colisión","S/D","Faltante","Ninguna","Sin restricción"
2016,6984,9/10/2016,"Sabado",0,21:00:00,,"0.0",3,"Automóvil,Automóvil,Moto/Ciclomotor","V Lorenzetti Y Manuel Roca",3,0,1,0,2,0,0,,"Calle",,"RUFINO","General López","Asfalto","No existe","VIII","Dentro","Urbana","Ninguna","No existe","Recta","Con baches","Buena","Nocturna,Con luz artificial","Buen Tiempo","Frontal,Múltiple","S/D","Colisión","S/D","Faltante","Ninguna","Sin restricción"
2016,6985,9/24/2016,"Sabado",0,16:00:00,"Ruta Provincial 65","43.0",2,"Bicicleta,Automóvil","Juan B Justo 1000",3,1,0,0,2,0,0,,"Ruta",65,"SAN GENARO","San Jerónimo","Asfalto","Ripio","XV","Dentro","Urbana","Ninguna","No existe","Intersección","Bueno","Buena","Diurna","Buen Tiempo","S/D","Ciclista","Atropello","Ninguna","Faltante","Ninguna","S/D"
2016,6986,9/15/2016,"Jueves",0,20:30:00,"Ruta Nacional 33","537.0",2,"Automóvil,Bicicleta"," ",2,1,0,0,1,0,0,,"Ruta",33,"RUFINO","General López","Asfalto","Natural","VIII","Dentro","Urbana","Ninguna","No existe","Recta","Bueno","Reducida","Nocturna","Buen Tiempo","S/D","Ciclista","Atropello","S/D","S/D","Ninguna","Sin restricción"
2016,6987,9/18/2016,"Domingo",0,7:30:00,"Ruta Provincial 2","59.0",1,"Automóvil"," ",5,3,0,0,2,0,0,,"Ruta",2,"HIPATIA","Las Colonias","Asfalto","Natural","XI","Dentro","Urbana","Ninguna","No existe","Curva","Bueno","Buena","Diurna","Buen Tiempo","S/D","S/D","Vuelco","Ninguna","Horizontal","Línea divisoria pintada","Sin restricción"
2016,6988,9/3/2016,"Sabado",0,16:45:00,,"0.0",2,"Moto/Ciclomotor,Automóvil","Buenos Aires Y Libertad",2,1,1,0,0,0,0,,"Calle",,"FIRMAT","General López","Asfalto","No existe","VIII","Dentro","Urbana","Ninguna","No existe","Intersección","Bueno","Buena","Diurna","Buen Tiempo","Lateral","S/D","Colisión","Ninguna","Vertical","Ninguna","Sin restricción"