"anio_acci","nro_acci","fecha","desc_dia","fecha_aprox","hora_aprox","desc_ruta","km","cant_participantes","desc_participante","calle_avenida_km","total","heridos_leves","heridos_graves","heridos_gravisimos","ilesos","fallecidos","sin_datos","posicion_XY","desc_tipo_via","desc_ruta_ori","desc_loc","desc_dpto","desc_tipo_calzada","desc_tipo_banquina","desc_unidad_regional","desc_lugar_calzada","desc_zona","desc_prioridad","desc_estado_semaforo","desc_lugar_via","desc_estado_via","desc_estado_visibilidad","desc_luminosidad","desc_estado_clima","desc_tipo_colision","desc_tipo_atropello","desc_tipo_hecho","desc_pres_calzada","desc_senializacion","desc_separacion_via","desc_restriccion"
2016,6989,9/6/2016,"Martes",0,17:00:00,"Ruta Secundaria 67-s","16.0",2,"Automóvil,Automóvil"," ",3,3,0,0,0,0,0,,"Ruta","67-s","SAN AGUSTÍN","Las Colonias","Asfalto","Pavimento","XI","Dentro","Urbana","S/D","No existe","Recta","Bueno","Buena","Diurna","Buen Tiempo","Lateral","S/D","Colisión","S/D","Vertical","S/D","Sin restricción"
2016,6990,9/17/2016,"Sabado",0,13:30:00,,"0.0",2,"Automóvil,Moto/Ciclomotor","Eva Peron Y Int. D S Ferrari",2,1,0,0,1,0,0,,"Calle",,"RUFINO","General López","Asfalto","No existe","VIII","Dentro","Urbana","Ninguna","No existe","Intersección","Bueno","Buena","Diurna","Buen Tiempo","Lateral","S/D","Colisión","Ninguna","Faltante","Ninguna","Sin restricción"
2016,6991,9/25/2016,"Domingo",0,1:50:00,"S/D Provincial 10","0.0",1,"Automóvil"," ",2,2,0,0,0,0,0,,"S/D",10,"SOUTOMAYOR","Las Colonias","Asfalto","Natural","XI","Dentro","Urbana","S/D","No existe","Recta","Bueno","Reducida","Nocturna","Niebla","Atropello animal","S/D","Colisión","S/D","S/D","Línea divisoria pintada","Sin restricción"
2016,6992,9/20/2016,"Martes",0,13:00:00,"Ruta Provincial 70","0.0",2,"Moto/Ciclomotor,Bicicleta","Ruta provincial 70 Y Rodriguez Peña",2,1,0,0,1,0,0,,"Ruta",70,"ESPERANZA","Las Colonias","Asfalto","S/D","XI","Dentro","Urbana","S/D","S/D","S/D","S/D","Buena","Diurna","Buen Tiempo","S/D","S/D","Atropello","S/D","S/D","S/D","S/D"
2016,6993,9/1/2016,"Jueves",0,18:45:00,"Ruta Provincial 68","16.0",1,"Pickup/Utilitario"," ",8,4,1,0,3,0,0,,"Ruta",68,"RIVADAVIA","Las Colonias","Asfalto","Natural","XI","Dentro","Urbana","Ninguna","No existe","Recta","Bueno","Buena","Nocturna","Buen Tiempo","S/D","S/D","Vuelco","S/D","Faltante","Ninguna","Sin restricción"
2016,6994,9/28/2016,"Miercoles",0,8:40:00,,"0.0",2,"Automóvil,Moto/Ciclomotor","Almirante Brown Y Av Los Colonizadores",3,1,0,0,0,0,2,,"Avenida",,"ESPERANZA","Las Colonias","Asfalto","S/D","XI","S/D","Urbana","S/D","No existe","Intersección","Bueno","Buena","Diurna","Buen Tiempo","S/D","S/D","Colisión","S/D","S/D","S/D","S/D"
2016,6995,9/6/2016,"Martes",0,12:30:00,,"0.0",2,"Moto/Ciclomotor,Moto/Ciclomotor","Simon de Iriondo 5980",2,2,0,0,0,0,0,,"Calle",,"ESPERANZA","Las Colonias","Asfalto","No existe","XI","Dentro","Urbana","Ninguna","No existe","Recta","Bueno","Buena","Diurna","Buen Tiempo","Frontal","S/D","Colisión","S/D","Horizontal,Vertical","Ninguna","Sin restricción"
2016,6996,9/20/2016,"Martes",0,16:40:00,"Ruta Provincial 70","5.0",2,"Transporte de Pasajeros Larga Distancia (> 8 asientos),Automóvil"," ",4,3,1,0,0,0,0,,"Ruta",70,"ESPERANZA","Las Colonias","Asfalto","Natural","XI","Dentro","Urbana","Ninguna","No existe","Recta","Bueno","Buena","Diurna","Buen Tiempo","Frontal","S/D","Colisión","S/D","Faltante","Línea divisoria pintada","Sin restricción"
2016,6997,9/11/2016,"Domingo",0,12:30:00,,"0.0",2,"Automóvil,Automóvil","Aristobulo del Valle Y Lavalle",3,1,0,0,2,0,0,,"Calle",,"ESPERANZA","Las Colonias","S/D","No existe","XI","Dentro","Urbana","Ninguna","No existe","Intersección","Bueno","Buena","Diurna","Buen Tiempo","Otro","S/D","Otro","Ninguna","Faltante","Ninguna","Sin restricción"
2016,6998,9/29/2016,"Jueves",0,18:55:00,,"0.0",2,"Moto/Ciclomotor,Moto/Ciclomotor","Libertad Y Peru",2,2,0,0,0,0,0,,"Calle",,"ESPERANZA","Las Colonias","Asfalto","No existe","XI","Dentro","Urbana","Ninguna","No existe","Intersección","Bueno","Buena","Diurna","Buen Tiempo","Lateral","S/D","Colisión","S/D","Faltante","Ninguna","Sin restricción"
2016,6999,9/8/2016,"Jueves",0,,,"0.0",2,"Moto/Ciclomotor,Moto/Ciclomotor","Juan Jose Castelli Y Martin de Pueyrredon",4,4,0,0,0,0,0,,"Calle",,"VENADO TUERTO","General López","Asfalto","No existe","VIII","Dentro","Urbana","S/D","No existe","Intersección","Bueno","Buena","S/D","S/D","S/D","S/D","Colisión","S/D","Vertical","Ninguna","Sin restricción"
2016,7000,9/2/2016,"Viernes",0,12:45:00,,"0.0",2,"Pickup/Utilitario,Moto/Ciclomotor","Domingo Faustino Sarmiento ",2,1,0,0,1,0,0,,"Calle",,"VENADO TUERTO","General López","Asfalto","No existe","VIII","Dentro","Urbana","Señal Pare","No existe","Intersección","Bueno","Buena","Diurna","Buen Tiempo","S/D","S/D","Colisión","S/D","Vertical","Ninguna","Sin restricción"
2016,7001,9/4/2016,"Domingo",0,,,"0.0",1,"Moto/Ciclomotor","Guillermo Brown Y Bernardo de Monteagudo",1,1,0,0,0,0,0,,"Calle",,"VENADO TUERTO","General López","Asfalto","No existe","VIII","Dentro","Urbana","Ninguna","No existe","Intersección","Bueno","Buena","Diurna","Buen Tiempo","S/D","S/D","Caída ocupante","S/D","S/D","Ninguna","Sin restricción"
2016,7002,9/4/2016,"Domingo",0,8:00:00,"Ruta Nacional 8","0.0",2,"Moto/Ciclomotor,Automóvil","Quintana ",3,2,0,0,1,0,0,,"Ruta",8,"VENADO TUERTO","General López","Asfalto","No existe","VIII","Dentro","Urbana","Semáforo","Funciona","Intersección","Bueno","Buena","Diurna","Buen Tiempo","S/D","S/D","Colisión","S/D","Horizontal,Vertical","Ninguna","Sin restricción"
2016,7003,9/5/2016,"Lunes",0,18:10:00,,"0.0",2,"Automóvil,Moto/Ciclomotor","Velez Sarsfield Y Juan Jose Castelli",2,1,0,0,1,0,0,,"Calle",,"VENADO TUERTO","General López","Asfalto","No existe","VIII","Dentro","Urbana","S/D","No existe","Intersección","Bueno","Buena","Diurna","S/D","S/D","S/D","Colisión","S/D","Horizontal,Vertical","Ninguna","Sin restricción"
2016,7004,9/7/2016,"Miercoles",0,12:15:00,,"0.0",2,"Pickup/Utilitario,Moto/Ciclomotor","Junin Y Velez Sarsfield",2,1,0,0,1,0,0,,"Calle",,"VENADO TUERTO","General López","Asfalto","No existe","VIII","Dentro","Urbana","Ninguna","No existe","Intersección","Bueno","Buena","Diurna","Buen Tiempo","S/D","S/D","Colisión","S/D","Faltante","Ninguna","Sin restricción"
2016,7005,9/7/2016,"Miercoles",0,12:05:00,,"0.0",2,"Automóvil,Moto/Ciclomotor","Carlos Pellegrini Y Almafuerte",3,2,0,0,1,0,0,,"Calle",,"VENADO TUERTO","General López","Asfalto","No existe","VIII","Dentro","Urbana","Ninguna","No existe","Intersección","Bueno","Buena","Diurna","Buen Tiempo","S/D","S/D","Colisión","S/D","Horizontal,Vertical","Ninguna","Sin restricción"
2016,7006,9/8/2016,"Jueves",0,,"Ruta Nacional 8","0.0",2,"Camión c / Acoplado,Automóvil","JAURETCHE ",2,1,0,0,1,0,0,,"Ruta",8,"VENADO TUERTO","General López","Hormigón","Ripio","VIII","Dentro","Urbana","S/D","No existe","Intersección","Bueno","Buena","S/D","S/D","S/D","S/D","Colisión","S/D","Faltante","Ninguna","Sin restricción"
2016,7007,9/19/2016,"Lunes",0,18:30:00,,"0.0",2,"Moto/Ciclomotor,Moto/Ciclomotor","Sarmiento Y Carlos Altamirano",2,1,0,0,1,0,0,,"Calle",,"CERES","San Cristóbal","Tierra","No existe","XIII","Dentro","Urbana","Ninguna","No existe","Intersección","Ahuellamiento","Buena","Diurna","Buen Tiempo","Lateral","S/D","Colisión","Ninguna","Faltante","S/D","Sin restricción"
2016,7008,9/9/2016,"Viernes",0,21:25:00,,"0.0",2,"Automóvil,Moto/Ciclomotor","Santa Fe Y Carlos Pellegrini",2,1,0,0,1,0,0,,"Calle",,"VENADO TUERTO","General López","Asfalto","No existe","VIII","Dentro","Urbana","Ninguna","No existe","Intersección","Bueno","Buena","Nocturna,Con luz artificial","Buen Tiempo","S/D","S/D","Colisión","S/D","Vertical","Ninguna","Sin restricción"
2016,7009,9/9/2016,"Viernes",0,14:00:00,,"0.0",2,"Automóvil,Moto/Ciclomotor","Alvear Y Almafuerte",3,1,1,0,1,0,0,,"Calle",,"VENADO TUERTO","General López","Asfalto","No existe","VIII","Dentro","Urbana","S/D","No existe","Intersección","Bueno","Buena","Diurna","S/D","S/D","S/D","Colisión","S/D","Horizontal,Vertical","Ninguna","Sin restricción"
2016,7010,9/1/2016,"Jueves",0,18:10:00,,"0.0",2,"Moto/Ciclomotor,Bicicleta","Dr Galvez Y General Manuel Belgrano",2,1,0,0,1,0,0,,"Calle",,"ESPERANZA","Las Colonias","Asfalto","Natural","I","S/D","Urbana","Ninguna","No existe","Recta","Con baches","Buena","Atardecer","Lluvia","S/D","Ciclista","Atropello","Agua","S/D","S/D","Sin restricción"
2016,7011,9/1/2016,"Jueves",0,13:15:00,"Ruta Provincial 70","0.0",3,"Moto/Ciclomotor,Otros,Otros","Ruta provincial 70 Y Mariano Moreno",3,1,0,0,2,0,0,,"Ruta",70,"ESPERANZA","Las Colonias","Asfalto","No existe","XI","S/D","Urbana","Semáforo","Funciona","Intersección","Bueno","Reducida","Diurna","Lluvia","Múltiple","S/D","Colisión","Agua","Vertical","Línea divisoria pintada","Sin restricción"
2016,7012,9/9/2016,"Viernes",0,19:00:00,,"0.0",2,"Automóvil,Moto/Ciclomotor","Hipolito Irigoyen Y Juan Lavalle",2,0,1,0,1,0,0,,"Calle",,"VENADO TUERTO","General López","Asfalto","No existe","VIII","Dentro","Urbana","S/D","No existe","Intersección","Bueno","Buena","Atardecer,Con luz artificial","S/D","S/D","S/D","S/D","S/D","Vertical","Ninguna","Sin restricción"
2016,7013,9/9/2016,"Viernes",0,12:40:00,"Ruta Nacional 8","0.0",4,"Pickup/Utilitario,Automóvil,Vehículo Oficial,Automóvil","Domingo Faustino Sarmiento ",6,1,0,0,5,0,0,,"Ruta",8,"VENADO TUERTO","General López","Asfalto","No existe","VIII","Dentro","Urbana","Semáforo","Funciona","Intersección","Bueno","Buena","Diurna","S/D","Múltiple","S/D","Colisión","S/D","Horizontal,Vertical","Ninguna","Sin restricción"
2016,7014,9/29/2016,"Jueves",0,12:35:00,,"0.0",2,"Camión Chasis,Moto/Ciclomotor","Avenida Mitre Y Bvard Lopez",2,0,1,0,1,0,0,,"Avenida",,"CERES","San Cristóbal","Asfalto","No existe","XIII","Dentro","Urbana","S/D","No existe","Rotonda","Otro","Buena","Diurna","S/D","Lateral","S/D","Colisión","Ninguna","Faltante","Cordón divisorio,Vegetación","S/D"
2016,7015,9/22/2016,"Jueves",0,,,"0.0",2,"Automóvil,Moto/Ciclomotor","Urquiza Y San Lorenzo",2,1,0,0,1,0,0,,"Calle",,"SAN CRISTÓBAL","San Cristóbal","Ripio","No existe","XIII","Dentro","Urbana","Ninguna","No existe","Intersección","Bueno","Buena","Nocturna","Buen Tiempo","Lateral","S/D","Colisión","Ninguna","S/D","Ninguna","Sin restricción"
2016,7016,9/22/2016,"Jueves",0,9:40:00,,"0.0",2,"Moto/Ciclomotor,Automóvil","Chacabuco Y Bv Mariano Moreno",2,0,1,0,1,0,0,,"Avenida",,"SAN CRISTÓBAL","San Cristóbal","Asfalto","Pavimento","XIII","Dentro","Urbana","Ninguna","No existe","Intersección","Bueno","Buena","Diurna","Buen Tiempo","Lateral","S/D","Colisión","Ninguna","S/D","Ninguna","S/D"
2016,7017,9/9/2016,"Viernes",0,22:25:00,,"0.0",2,"Moto/Ciclomotor,Automóvil","Lisandro de la Torre Y Felix Goumonde",2,1,0,0,1,0,0,,"Calle",,"VENADO TUERTO","General López","Asfalto","No existe","VIII","Dentro","Urbana","S/D","No existe","Intersección","Bueno","Buena","Nocturna,Con luz artificial","Buen Tiempo","S/D","S/D","Colisión","S/D","Faltante","Ninguna","Sin restricción"
2016,7018,9/23/2016,"Viernes",0,9:45:00,,"0.0",2,"Moto/Ciclomotor,Automóvil","Sarmiento Y Hipolito Irigoyen",3,0,1,0,2,0,0,,"Calle",,"SAN CRISTÓBAL","San Cristóbal","Asfalto","No existe","XIII","Dentro","Urbana","Ninguna","No existe","Intersección","Bueno","Buena","Diurna","Buen Tiempo","Lateral","S/D","Colisión","Ninguna","Vertical","Ninguna","Sin restricción"
2016,7019,9/1/2016,"Jueves",0,13:10:00,,"0.0",2,"Automóvil,Moto/Ciclomotor","Gral Manuel Belgrano Y Maipu",2,0,1,0,1,0,0,,"Calle",,"VENADO TUERTO","General López","Asfalto","No existe","VIII","Dentro","Urbana","S/D","No existe","Intersección","Bueno","Buena","Diurna","Buen Tiempo","S/D","S/D","Colisión","S/D","Vertical","Ninguna","Sin restricción"
2016,7020,9/24/2016,"Sabado",0,0:00:00,,"0.0",2,"Pickup/Utilitario,Moto/Ciclomotor","Hipolito Irigoyen Y Sarmiento",6,1,1,0,4,0,0,,"Calle",,"SAN CRISTÓBAL","San Cristóbal","Asfalto","No existe","XIII","Dentro","Urbana","Ninguna","No existe","Intersección","Bueno","Buena","Nocturna,Con luz artificial","Buen Tiempo","Lateral","S/D","Colisión","S/D","Faltante","Ninguna","Sin restricción"
2016,7021,9/20/2016,"Martes",0,18:40:00,,"0.0",2,"Moto/Ciclomotor,Moto/Ciclomotor","Caseros Y Alberdi",3,1,0,0,2,0,0,,"Calle",,"SAN CRISTÓBAL","San Cristóbal","Asfalto","No existe","XIII","Dentro","Urbana","Ninguna","No existe","Recta","Bueno","Buena","Diurna","Buen Tiempo","Lateral","S/D","Colisión","S/D","Faltante","Ninguna","Sin restricción"
2016,7022,9/4/2016,"Domingo",0,18:30:00,,"0.0",2,"Moto/Ciclomotor,Automóvil","Italia Y Gral Urquiza",2,1,0,0,1,0,0,,"Calle",,"SAN JUSTO","San Justo","Asfalto","No existe","XVI","Dentro","Urbana","Ninguna","No existe","Intersección","Bueno","Buena","Atardecer","Buen Tiempo","Lateral","S/D","Colisión","Ninguna","Faltante","Ninguna","Sin restricción"
2016,7023,9/11/2016,"Domingo",0,6:45:00,"Ruta Nacional 11","0.0",2,"Pickup/Utilitario,Automóvil","Cno San Roque ",2,1,0,0,1,0,0,,"Ruta",11,"SAN JUSTO","San Justo","Asfalto,Hormigón","Pavimento","XVI","Dentro","Urbana","Ninguna","No existe","Intersección","Con baches","Reducida","Amanecer","Buen Tiempo","Lateral","S/D","Colisión","Ninguna","Faltante","Vegetación,Línea divisoria pintada","Sin restricción"
2016,7024,9/17/2016,"Sabado",0,5:30:00,"Ruta Nacional 34","320.0",2,"Camión c / Acoplado,Moto/Ciclomotor"," ",2,0,1,0,1,0,0,,"Ruta",34,"CURUPAITY","San Cristóbal","Asfalto","Natural","XIII","Dentro","Rural","Ninguna","No existe","Recta","Bueno","Buena","Nocturna","Buen Tiempo","Lateral","S/D","Colisión","S/D","Vertical","Ninguna","Sin restricción"
2016,7025,9/13/2016,"Martes",0,21:30:00,"Ruta Nacional 11","564.0",2,"Moto/Ciclomotor,Pickup/Utilitario"," ",3,2,0,0,1,0,0,,"Ruta",11,"SAN JUSTO","San Justo","Hormigón","Pavimento","XVI","Dentro","Urbana","Ninguna","No existe","Recta","Bueno","Buena","Diurna,Con luz artificial","Buen Tiempo","Frontal","S/D","Colisión","Ninguna","Horizontal","Barrera de hormigón","Sin restricción"
2016,7026,9/3/2016,"Sabado",0,11:25:00,,"0.0",2,"Pickup/Utilitario,Moto/Ciclomotor","Belgrano Y M S M de Balcarce",3,1,0,0,2,0,0,,"Calle",,"SAN JUSTO","San Justo","Asfalto","No existe","XVI","Dentro","Urbana","Ninguna","No existe","Intersección","Bueno","Buena","Diurna","Buen Tiempo","De alcance","S/D","Colisión","S/D","Horizontal","Cordón divisorio","Sin restricción"
2016,7027,9/14/2016,"Miercoles",0,10:15:00,,"0.0",2,"Moto/Ciclomotor,Automóvil","Independencia Y Av Iriondo",2,1,0,0,1,0,0,,"Avenida",,"SAN JUSTO","San Justo","Asfalto","No existe","XVI","Dentro","Urbana","Ninguna","No existe","Intersección","Bueno","Buena","Nocturna","Buen Tiempo","Lateral","S/D","Colisión","Ninguna","Horizontal","Barrera de hormigón","Sin restricción"
2016,7028,9/1/2016,"Jueves",0,11:30:00,,"0.0",2,"Pickup/Utilitario,Moto/Ciclomotor","9 de Julio Y 25 de Mayo",2,1,0,0,1,0,0,,"Calle",,"SAN JUSTO","San Justo","Asfalto","No existe","XVI","Dentro","Urbana","Ninguna","No existe","Intersección","Bueno","Buena","Diurna","Buen Tiempo","Lateral","S/D","Colisión","Agua","Horizontal","Ninguna","Sin restricción"
2016,7029,9/19/2016,"Lunes",0,14:30:00,,"0.0",2,"Moto/Ciclomotor,Automóvil","L N Alem 2643",2,1,0,0,1,0,0,,"Calle",,"SAN JUSTO","San Justo","Asfalto","No existe","XVI","Dentro","Urbana","S/D","No existe","Recta","Bueno","Buena","Diurna","Buen Tiempo","De alcance","S/D","Colisión","Ninguna","Faltante","S/D","Sin restricción"
2016,7030,9/23/2016,"Viernes",0,21:40:00,,"0.0",2,"Automóvil,Moto/Ciclomotor","M S M de Balcarce Y Marcos Angeloni",3,2,0,0,1,0,0,,"Calle",,"SAN JUSTO","San Justo","Asfalto","No existe","XVI","Dentro","Urbana","Ninguna","No existe","Intersección","Bueno","Reducida","Nocturna,Con luz artificial","Otro","De alcance","S/D","Colisión","Ninguna","Faltante","Barrera de hormigón","Sin restricción"
2016,7031,9/28/2016,"Miercoles",0,9:30:00,,"0.0",2,"Automóvil,Moto/Ciclomotor","Italia Y Fco Angeloni",2,1,0,0,1,0,0,,"Calle",,"SAN JUSTO","San Justo","Asfalto","No existe","XVI","Dentro","Urbana","Ninguna","No existe","Intersección","Bueno","Buena","Diurna","Buen Tiempo","De alcance","S/D","Colisión","Ninguna","Faltante","Cordón divisorio","Sin restricción"
2016,7032,9/6/2016,"Martes",0,6:45:00,"Ruta Provincial 6","0.0",2,"Moto/Ciclomotor,Automóvil","A Aufranc ",3,1,1,0,1,0,0,,"Ruta",6,"ESPERANZA","Las Colonias","Hormigón","Pavimento","XI","Dentro","Rural","Ninguna","No existe","Cruce","Bueno","Buena","Nocturna","Buen Tiempo","Lateral","S/D","Colisión","Ninguna","Faltante","Cordón divisorio","Sin restricción"
2016,7033,9/8/2016,"Jueves",0,17:50:00,"Ruta Provincial 70","0.0",2,"Pickup/Utilitario,Moto/Ciclomotor","Maipu Y A Aufranc",3,1,0,0,2,0,0,,"Ruta",70,"ESPERANZA","Las Colonias","Asfalto","No existe","XI","Dentro","S/D","Ninguna","No existe","Intersección","Bueno","Buena","Diurna","Buen Tiempo","Lateral","S/D","Colisión","Ninguna","Vertical","Cordón divisorio,Línea divisoria pintada","Sin restricción"
2016,7034,9/7/2016,"Miercoles",0,10:55:00,,"0.0",2,"Automóvil,Automóvil","Berutti Y Rivadavia",4,2,0,0,0,0,2,,"Calle",,"ESPERANZA","Las Colonias","Asfalto","No existe","XI","Dentro","Urbana","Ninguna","No existe","Recta","Bueno","Buena","Diurna","Buen Tiempo","Lateral","S/D","Colisión","Ninguna","S/D","Ninguna","Sin restricción"
2016,7035,9/12/2016,"Lunes",0,19:00:00,,"0.0",2,"Moto/Ciclomotor,Automóvil","Aaron Castellanos Y General Manuel Belgrano",2,1,0,0,1,0,0,,"Calle",,"ESPERANZA","Las Colonias","Asfalto","No existe","XI","Dentro","Urbana","Ninguna","No existe","Recta","Bueno","Buena","Atardecer","Buen Tiempo","Lateral","S/D","Colisión","Ninguna","Horizontal,Vertical","Ninguna","Sin restricción"
2016,7036,9/12/2016,"Lunes",0,15:45:00,,"0.0",2,"Moto/Ciclomotor,Automóvil","General Paz Y Gregorio Donnet",2,0,1,0,1,0,0,,"Calle",,"ESPERANZA","Las Colonias","Asfalto","S/D","XI","S/D","Urbana","Ninguna","No existe","Intersección","Bueno","Buena","Diurna","Buen Tiempo","Frontal","S/D","Colisión","Ninguna","S/D","Ninguna","Sin restricción"
2016,7037,9/12/2016,"Lunes",0,11:50:00,,"0.0",2,"Moto/Ciclomotor,Moto/Ciclomotor","Pringles Y Rivadavia",2,1,0,0,1,0,0,,"Calle",,"ESPERANZA","Las Colonias","Asfalto","S/D","XI","S/D","Urbana","S/D","S/D","Intersección","Bueno","Buena","Diurna","Buen Tiempo","Frontal","S/D","Colisión","Ninguna","Faltante","Ninguna","S/D"
2016,7038,10/31/2016,"Lunes",0,13:20:00,,"0.0",2,"Transporte de Pasajeros (H/ 8 asientos),Moto/Ciclomotor","Av. De Las Palmeras Y Rivarola",3,2,0,0,1,0,0,,"Calle",,"ROSARIO","Rosario","Hormigón","No existe","II","Dentro","Urbana","Ninguna","No existe","Recta","Bueno","Buena","Diurna","Buen Tiempo","De alcance","S/D","Colisión","S/D","Faltante","Ninguna","Sin restricción"
2016,7039,10/30/2016,"Domingo",0,19:40:00,,"0.0",2,"Automóvil,Moto/Ciclomotor","Av. Provincias Unidas Y Amenabar",2,1,0,0,1,0,0,,"Calle",,"ROSARIO","Rosario","Asfalto","No existe","II","Dentro","Urbana","Ninguna","No existe","Intersección","Bueno","Buena","Nocturna,Con luz artificial","Buen Tiempo","Lateral","S/D","Colisión","Ninguna","Faltante","Cordón divisorio","Sin restricción"
2016,7040,9/19/2016,"Lunes",0,,,"0.0",2,"Automóvil,Bicicleta","G Alvear Y General Paz",3,1,0,0,0,0,2,,"Calle",,"ESPERANZA","Las Colonias","Asfalto","No existe","XI","Dentro","Urbana","Ninguna","No existe","Intersección","Bueno","Buena","Diurna","Buen Tiempo","Lateral","S/D","Colisión","Ninguna","S/D","Ninguna","Sin restricción"
2016,7041,10/30/2016,"Domingo",0,11:30:00,,"0.0",1,"Moto/Ciclomotor","Av. Circunvalacion Y Av. Uriburu",3,2,0,0,1,0,0,,"Calle",,"ROSARIO","Rosario","Asfalto","No existe","II","Dentro","Urbana","Ninguna","No existe","Recta","Bueno","Buena","Diurna","Buen Tiempo","S/D","S/D","Caída ocupante","S/D","S/D","Línea divisoria pintada","Sin restricción"
2016,7042,10/24/2016,"Lunes",0,18:30:00,,"0.0",2,"Automóvil,Moto/Ciclomotor","Rivarola Y Ferrarotti",3,1,0,0,2,0,0,,"Calle",,"ROSARIO","Rosario","Asfalto","No existe","II","Dentro","Urbana","Ninguna","No existe","Intersección","Con baches","Buena","Diurna","Buen Tiempo","Lateral","S/D","Colisión","S/D","S/D","Ninguna","Sin restricción"
2016,7043,9/14/2016,"Miercoles",0,19:40:00,,"0.0",2,"Moto/Ciclomotor,Automóvil","Alberdi Y Berutti",2,1,0,0,1,0,0,,"Calle",,"ESPERANZA","Las Colonias","Asfalto","No existe","XI","Dentro","Urbana","Otra Señal","No existe","Intersección","Bueno","Buena","Nocturna,Con luz artificial","Buen Tiempo","Otro","S/D","Colisión","Ninguna","Faltante","Ninguna","Sin restricción"
2016,7044,10/26/2016,"Miercoles",0,7:00:00,,"0.0",2,"Transporte de Pasajeros (H/ 8 asientos),Moto/Ciclomotor","Rivarola Y Av. Circunvalacion",3,2,0,0,1,0,0,,"Calle",,"ROSARIO","Rosario","Hormigón","No existe","II","Dentro","Urbana","Semáforo","Funciona","Intersección","Bueno","Buena","Amanecer","Lluvia","Lateral","S/D","Colisión","Agua","Horizontal,Vertical","Cordón divisorio","Sin restricción"
2016,7045,9/8/2016,"Jueves",0,21:30:00,,"0.0",2,"Automóvil,Moto/Ciclomotor","Marcos Avellaneda Y Maipu",2,1,0,0,1,0,0,,"Calle",,"ESPERANZA","Las Colonias","Asfalto","No existe","XI","Dentro","Urbana","Paso Peatonal","No existe","Intersección","Bueno","Buena","Nocturna,Con luz artificial","Buen Tiempo","S/D","S/D","Colisión","Ninguna","Faltante","Ninguna","Sin restricción"
2016,7046,10/25/2016,"Martes",0,23:45:00,,"0.0",2,"Automóvil,Automóvil","Av. Provincias Unidas Y Av. Pte.Peron",2,2,0,0,0,0,0,,"Calle",,"ROSARIO","Rosario","Asfalto","No existe","II","Dentro","Urbana","Semáforo","Intermitente","Intersección","Bueno","Buena","Nocturna,Con luz artificial","Lluvia","S/D","S/D","Colisión","Agua","Horizontal,Vertical","Cordón divisorio","Sin restricción"
2016,7047,9/18/2016,"Domingo",0,7:30:00,"Ruta Provincial 70","0.0",2,"Moto/Ciclomotor,Automóvil","A Aufranc Y Rivadavia",2,1,0,0,1,0,0,,"Ruta",70,"ESPERANZA","Las Colonias","Asfalto","Pavimento","XI","Dentro","Urbana","Semáforo","Funciona","Intersección","Bueno","Buena","Amanecer","Buen Tiempo","Frontal","S/D","Colisión","Ninguna","Horizontal,Vertical","Ninguna","Sin restricción"
2016,7048,10/24/2016,"Lunes",0,20:50:00,,"0.0",2,"Automóvil,Moto/Ciclomotor","R.Lagos 3100",2,1,0,0,1,0,0,,"Calle",,"ROSARIO","Rosario","Asfalto","No existe","II","Dentro","Urbana","Ninguna","No existe","Intersección","Deteriorada","Buena","Nocturna,Con luz artificial","Buen Tiempo","Lateral","S/D","Colisión","Material Suelto","S/D","Ninguna","Sin restricción"
2016,7049,10/22/2016,"Sabado",0,22:30:00,,"0.0",2,"Pickup/Utilitario,Moto/Ciclomotor","Rivarola 7300",2,1,0,0,1,0,0,,"Calle",,"ROSARIO","Rosario","Hormigón","No existe","II","Dentro","Urbana","Ninguna","Funciona","Intersección","Bueno","Buena","Nocturna,Con luz artificial","Buen Tiempo","Lateral","S/D","Colisión","Ninguna","Vertical","Cordón divisorio","Sin restricción"
2016,7050,9/17/2016,"Sabado",0,15:30:00,,"0.0",2,"Automóvil,Moto/Ciclomotor","R P A Janssen Y Berutti",2,0,0,1,0,0,1,,"Calle",,"ESPERANZA","Las Colonias","Asfalto","No existe","XI","Dentro","Urbana","Ninguna","No existe","Intersección","Bueno","Buena","Diurna","Buen Tiempo","Otro","S/D","Colisión","Ninguna","Faltante","Ninguna","Sin restricción"
2016,7051,10/20/2016,"Jueves",0,12:00:00,,"0.0",2,"Pickup/Utilitario,Automóvil","Rivarola Y Av. Circunvalacion",2,1,0,0,1,0,0,,"Calle",,"ROSARIO","Rosario","Hormigón","No existe","II","Dentro","Urbana","S/D","Funciona","Intersección","Bueno","Buena","Diurna","Buen Tiempo","Lateral","S/D","Colisión","Ninguna","S/D","Cordón divisorio","Sin restricción"