"anio_acci","nro_acci","fecha","desc_dia","fecha_aprox","hora_aprox","desc_ruta","km","cant_participantes","desc_participante","calle_avenida_km","total","heridos_leves","heridos_graves","heridos_gravisimos","ilesos","fallecidos","sin_datos","posicion_XY","desc_tipo_via","desc_ruta_ori","desc_loc","desc_dpto","desc_tipo_calzada","desc_tipo_banquina","desc_unidad_regional","desc_lugar_calzada","desc_zona","desc_prioridad","desc_estado_semaforo","desc_lugar_via","desc_estado_via","desc_estado_visibilidad","desc_luminosidad","desc_estado_clima","desc_tipo_colision","desc_tipo_atropello","desc_tipo_hecho","desc_pres_calzada","desc_senializacion","desc_separacion_via","desc_restriccion"
2016,7052,10/14/2016,"Viernes",0,6:20:00,,"0.0",2,"Taxi/Remis,Moto/Ciclomotor","Av. Uriburu Y Av. Circunvalacion",2,1,0,0,1,0,0,,"Calle",,"ROSARIO","Rosario","Asfalto","No existe","II","Dentro","Urbana","Ninguna","No existe","Recta","Con baches","Buena","Amanecer","Buen Tiempo","De alcance","S/D","Colisión","S/D","Faltante","Cordón divisorio","Sin restricción"
2016,7053,10/11/2016,"Martes",0,14:00:00,,"0.0",2,"Camión c / Acoplado,Moto/Ciclomotor","Av. Provincias Unidas Y Bv. 27 De Febrero",3,1,0,0,2,0,0,,"Calle",,"ROSARIO","Rosario","Asfalto","No existe","II","Dentro","Urbana","Semáforo","Funciona","Intersección","Con baches","Buena","Diurna","Buen Tiempo","Lateral","S/D","Colisión","Material Suelto","Vertical","Ninguna","Obra en Construcción"
2016,7054,9/15/2016,"Jueves",0,8:10:00,,"0.0",2,"Moto/Ciclomotor,Automóvil","Avenida de Mayo Y Santa Fe",3,2,0,0,1,0,0,,"S/D",,"CERES","San Cristóbal","Asfalto","No existe","XIII","Dentro","Urbana","Ninguna","No existe","Intersección","Bueno","Buena","Diurna","Buen Tiempo","Lateral","S/D","Colisión","Ninguna","Faltante","Ninguna","Sin restricción"
2016,7055,10/6/2016,"Jueves",0,9:40:00,,"0.0",2,"Camión c / Acoplado,Moto/Ciclomotor","Av. Pte.Peron ",2,1,0,0,1,0,0,,"Calle",,"ROSARIO","Rosario","Asfalto","No existe","II","Dentro","Urbana","Ninguna","No existe","Intersección","Bueno","Buena","Diurna","Buen Tiempo","Lateral","S/D","Colisión","Ninguna","Faltante","Cordón divisorio","Sin restricción"
2016,7056,9/15/2016,"Jueves",0,18:00:00,,"0.0",2,"Moto/Ciclomotor,Automóvil","Alberti Y Chacabuco",3,1,1,0,1,0,0,,"Calle",,"SAN CRISTÓBAL","San Cristóbal","Tierra,Ripio","Natural","XIII","S/D","Urbana","Ninguna","No existe","Intersección","Bueno","Buena","Diurna","Buen Tiempo","Lateral","S/D","Colisión","Ninguna","S/D","Ninguna","S/D"
2016,7057,10/27/2016,"Jueves",0,19:15:00,,"0.0",2,"Moto/Ciclomotor,Automóvil","Virasoro Y Beruti",2,1,0,0,1,0,0,,"Calle",,"ROSARIO","Rosario","Asfalto","No existe","II","Dentro","Urbana","Ninguna","No existe","Intersección","Bueno","Buena","Atardecer","Buen Tiempo","Lateral","S/D","Colisión","Ninguna","Faltante","Ninguna","Sin restricción"
2016,7058,10/5/2016,"Miercoles",0,7:50:00,,"0.0",2,"Automóvil,Moto/Ciclomotor","Av. Circunvalacion Y Bv. 27 De Febrero",2,1,0,0,1,0,0,,"Calle",,"ROSARIO","Rosario","Asfalto","No existe","II","Dentro","Urbana","Ninguna","No existe","Recta","Resbaladiza","Buena","Diurna","Lluvia","De alcance","S/D","Colisión","Fluidos","Faltante","Ninguna","Obra en Construcción"
2016,7059,10/26/2016,"Miercoles",0,12:05:00,,"0.0",2,"Moto/Ciclomotor,Automóvil","Buenos Aires Y Amenabar",2,1,0,0,1,0,0,,"Calle",,"ROSARIO","Rosario","Asfalto","No existe","II","Dentro","Urbana","Ninguna","No existe","Intersección","Bueno","Buena","Diurna","Buen Tiempo","Lateral","S/D","Colisión","Ninguna","Faltante","Ninguna","Sin restricción"
2016,7060,10/4/2016,"Martes",0,17:00:00,,"0.0",2,"Moto/Ciclomotor,Automóvil","Tte.Agneta Y Rueda",3,1,0,0,2,0,0,,"Calle",,"ROSARIO","Rosario","Asfalto","No existe","II","Dentro","Urbana","Ninguna","No existe","Intersección","Bueno","Buena","Atardecer","Buen Tiempo","Lateral","S/D","Colisión","S/D","Faltante","Ninguna","Sin restricción"
2016,7061,9/15/2016,"Jueves",0,8:55:00,,"0.0",2,"Automóvil,Moto/Ciclomotor","Saavedra Y Bv Rivadavia",3,2,0,0,1,0,0,,"Calle",,"SAN CRISTÓBAL","San Cristóbal","Asfalto","No existe","XIII","Dentro","Urbana","Ninguna","No existe","Intersección","Bueno","Buena","Diurna","Buen Tiempo","Lateral","S/D","Colisión","S/D","S/D","Ninguna","Sin restricción"
2016,7062,10/25/2016,"Martes",0,15:50:00,,"0.0",2,"Moto/Ciclomotor,Automóvil","J.M.de Rosas Y Bv. Segui",2,1,0,0,1,0,0,,"Avenida",,"ROSARIO","Rosario","Asfalto","No existe","II","Dentro","Urbana","S/D","No existe","Intersección","Bueno","Buena","Diurna","Buen Tiempo","Lateral","S/D","Colisión","S/D","Faltante","Cordón divisorio","Sin restricción"
2016,7063,10/25/2016,"Martes",0,9:45:00,,"0.0",2,"Moto/Ciclomotor,Automóvil","Necochea Y Garay",2,1,0,0,1,0,0,,"Calle",,"ROSARIO","Rosario","Asfalto","No existe","II","Dentro","Urbana","Ninguna","No existe","Intersección","Bueno","Buena","Diurna","Buen Tiempo","Lateral","S/D","Colisión","S/D","Faltante","Ninguna","Sin restricción"
2016,7064,9/17/2016,"Sabado",0,12:20:00,,"0.0",2,"Automóvil,Moto/Ciclomotor","Alberti Y Maipu",2,1,0,0,1,0,0,,"Calle",,"SAN CRISTÓBAL","San Cristóbal","Ripio","Natural","XIII","Dentro","Urbana","Ninguna","No existe","Intersección","Bueno","Buena","Diurna","Buen Tiempo","Lateral","S/D","Colisión","Ninguna","Faltante","Ninguna","Sin restricción"
2016,7065,10/18/2016,"Martes",0,21:50:00,,"0.0",2,"Moto/Ciclomotor,Automóvil","Necochea Y Virasoro",2,1,0,0,1,0,0,,"Calle",,"ROSARIO","Rosario","Asfalto","No existe","II","Dentro","Urbana","Ninguna","No existe","Intersección","Bueno","Buena","Nocturna,Con luz artificial","Buen Tiempo","Lateral","S/D","Colisión","Ninguna","Faltante","Ninguna","Sin restricción"
2016,7066,10/9/2016,"Domingo",0,23:00:00,,"0.0",2,"Moto/Ciclomotor,Automóvil","Av. Pte.Peron Y P.L.Funes",2,1,0,0,1,0,0,,"Calle",,"ROSARIO","Rosario","S/D","No existe","II","Dentro","Urbana","Ninguna","No existe","Intersección","Bueno","Buena","Nocturna","S/D","Lateral","S/D","Colisión","S/D","Faltante","Ninguna","Sin restricción"
2016,7067,10/14/2016,"Viernes",0,16:45:00,,"0.0",2,"Moto/Ciclomotor,Transporte de Pasajeros Urbano (> 8 asientos)","Bv. Segui Y San Martin",2,1,0,0,1,0,0,,"Avenida",,"ROSARIO","Rosario","Asfalto","No existe","II","Dentro","Urbana","Semáforo","No existe","Intersección","Bueno","Buena","Diurna","Buen Tiempo","Lateral","S/D","Colisión","Ninguna","Vertical","Cordón divisorio","Sin restricción"
2016,7068,9/12/2016,"Lunes",0,12:30:00,,"0.0",2,"Moto/Ciclomotor,Otros","Av. de los Trabaj. Ferroviario Y L de la Torre",2,1,0,0,0,0,1,,"Avenida",,"SAN CRISTÓBAL","San Cristóbal","Asfalto","No existe","XIII","Dentro","Urbana","Ninguna","No existe","Intersección","Bueno","Buena","Diurna","Buen Tiempo","S/D","S/D","Otro","Ninguna","Faltante","Barrera de hormigón","Sin restricción"
2016,7069,10/17/2016,"Lunes",0,10:00:00,,"0.0",2,"Automóvil,Automóvil","P.L.Funes Y Gaboto",4,2,0,0,2,0,0,,"Calle",,"ROSARIO","Rosario","Asfalto","No existe","II","Dentro","Urbana","Ninguna","No existe","Intersección","S/D","Buena","Diurna","Buen Tiempo","Lateral","S/D","Colisión","S/D","Faltante","Ninguna","Sin restricción"
2016,7070,10/6/2016,"Jueves",0,19:30:00,,"0.0",2,"Bicicleta,Automóvil","Centeno Y Necochea",2,1,0,0,1,0,0,,"Calle",,"ROSARIO","Rosario","Asfalto","No existe","II","Dentro","Urbana","Ninguna","No existe","Intersección","Bueno","Buena","Nocturna,Con luz artificial","Buen Tiempo","S/D","Ciclista","Atropello","Ninguna","Faltante","Ninguna","S/D"
2016,7071,9/9/2016,"Viernes",0,13:10:00,,"0.0",2,"Pickup/Utilitario,Moto/Ciclomotor","Avenida Echague Y Matheu",2,1,0,0,1,0,0,,"Avenida",,"CERES","San Cristóbal","Asfalto","No existe","XIII","S/D","S/D","Ninguna","No existe","Intersección","Bueno","Buena","Diurna","Buen Tiempo","Lateral","S/D","Colisión","Ninguna","Horizontal","Vegetación","Sin restricción"
2016,7072,10/27/2016,"Jueves",0,17:35:00,,"0.0",2,"Moto/Ciclomotor,Automóvil","Hilarion de la Quintana Y Buenos Aires",3,2,0,0,1,0,0,,"Calle",,"ROSARIO","Rosario","Asfalto","No existe","II","Dentro","Urbana","Ninguna","No existe","Intersección","Bueno","Buena","Diurna","Buen Tiempo","Lateral","S/D","Colisión","S/D","S/D","S/D","S/D"
2016,7073,9/9/2016,"Viernes",0,,"Ruta Provincial 13","0.0",1,"Pickup/Utilitario"," ",1,1,0,0,0,0,0,,"Ruta",13,"CAPIVARA","San Cristóbal","Asfalto","S/D","XIII","S/D","Rural","Ninguna","S/D","Recta","Bueno","Buena","Diurna","Buen Tiempo","S/D","S/D","Vuelco","Ninguna","Faltante","Línea divisoria pintada","Sin restricción"
2016,7074,10/21/2016,"Viernes",0,16:50:00,,"0.0",2,"Moto/Ciclomotor,Automóvil","Av. Pte.Peron Y Campbell",2,1,0,0,1,0,0,,"Calle",,"ROSARIO","Rosario","Asfalto","No existe","II","Dentro","Urbana","Ninguna","No existe","Intersección","Bueno","Buena","Atardecer","S/D","Lateral","S/D","Colisión","S/D","Faltante","Ninguna","Sin restricción"
2016,7075,10/29/2016,"Sabado",0,23:30:00,,"0.0",2,"Moto/Ciclomotor,Automóvil","Buenos Aires Y Sanchez de Bustamante",2,1,0,0,1,0,0,,"Calle",,"ROSARIO","Rosario","Asfalto","No existe","II","Dentro","Urbana","Ninguna","No existe","Intersección","Bueno","Buena","Nocturna","Buen Tiempo","Lateral","S/D","Colisión","S/D","S/D","Ninguna","Sin restricción"
2016,7076,9/26/2016,"Lunes",0,14:20:00,,"0.0",2,"Automóvil,Moto/Ciclomotor","Avenida Mitre 141",4,0,1,0,3,0,0,,"Avenida",,"CERES","San Cristóbal","Asfalto","No existe","XIII","S/D","Urbana","Ninguna","No existe","Recta","Bueno","Buena","Diurna","Buen Tiempo","Contra objeto fijo","S/D","Colisión","Ninguna","Faltante","Ninguna","Sin restricción"
2016,7077,10/24/2016,"Lunes",0,18:30:00,,"0.0",2,"Bicicleta,Automóvil","Av. Pte.Peron Y Matienzo",2,1,0,0,1,0,0,,"Calle",,"ROSARIO","Rosario","S/D","No existe","II","Dentro","Urbana","Ninguna","Funciona","Intersección","Bueno","Buena","Atardecer","Buen Tiempo","S/D","Ciclista","Atropello","S/D","Vertical","Ninguna","Sin restricción"
2016,7078,10/17/2016,"Lunes",0,18:10:00,,"0.0",2,"Moto/Ciclomotor,Automóvil","J.M.Gutierrez Y Calatroni",3,1,1,0,1,0,0,,"Calle",,"ROSARIO","Rosario","Asfalto","No existe","II","Dentro","Urbana","Ninguna","No existe","Intersección","Bueno","Buena","Diurna","Buen Tiempo","Lateral","S/D","Colisión","S/D","S/D","Ninguna","Sin restricción"
2016,7079,10/12/2016,"Miercoles",0,20:13:00,,"0.0",2,"Moto/Ciclomotor,Automóvil","Grandoli Y Isola Bis",2,0,1,0,1,0,0,,"Calle",,"ROSARIO","Rosario","Asfalto","No existe","II","Dentro","Urbana","S/D","No existe","Intersección","Bueno","Buena","Nocturna","Buen Tiempo","Lateral","S/D","Colisión","S/D","S/D","Cordón divisorio","Sin restricción"
2016,7080,3/6/2016,"Domingo",0,12:00:00,,"0.0",2,"Moto/Ciclomotor,Automóvil","Azcuenaga Y Avenida Lassaga",3,1,0,0,2,0,0,,"Calle",,"SAN CRISTÓBAL","San Cristóbal","Tierra","No existe","XIII","S/D","Urbana","S/D","No existe","Intersección","Bueno","Buena","Diurna","Buen Tiempo","Lateral","S/D","Colisión","Ninguna","Faltante","Ninguna","Sin restricción"
2016,7081,10/8/2016,"Sabado",0,18:55:00,,"0.0",2,"Moto/Ciclomotor,Pickup/Utilitario","Av. Provincias Unidas Y Montevideo",2,1,0,0,1,0,0,,"Calle",,"ROSARIO","Rosario","Asfalto","S/D","II","Dentro","Urbana","Semáforo","Funciona","Intersección","Bueno","Buena","Atardecer","Buen Tiempo","S/D","S/D","Colisión","S/D","S/D","S/D","S/D"
2016,7082,10/5/2016,"Miercoles",0,7:20:00,,"0.0",2,"Moto/Ciclomotor,Automóvil","Buenos Aires Y Lamadrid",2,1,0,0,1,0,0,,"Calle",,"ROSARIO","Rosario","Asfalto","No existe","II","Dentro","Urbana","Ninguna","No existe","Intersección","Bueno","Buena","Amanecer","Buen Tiempo","Lateral","S/D","Colisión","S/D","S/D","S/D","Sin restricción"
2016,7083,10/9/2016,"Domingo",0,19:35:00,,"0.0",2,"Moto/Ciclomotor,Automóvil","Av. Provincias Unidas Y Av. Eva Peron",2,1,0,0,1,0,0,,"Calle",,"ROSARIO","Rosario","Asfalto","S/D","II","Dentro","Urbana","Semáforo","Funciona","Intersección","Con baches","Buena","Nocturna","Buen Tiempo","Lateral","S/D","Colisión","S/D","S/D","Vegetación","S/D"
2016,7084,9/19/2016,"Lunes",0,18:30:00,"Ruta Secundaria 74-s","3.0",1,"Pickup/Utilitario"," ",3,1,0,0,2,0,0,,"Ruta","74-s","ARRUFÓ","San Cristóbal","Asfalto","Natural","XIII","S/D","Rural","Ninguna","No existe","Recta","Bueno","Buena","Atardecer","Buen Tiempo","Contra objeto fijo","S/D","Colisión","Ninguna","Vertical","Línea divisoria pintada","Sin restricción"
2016,7085,10/22/2016,"Sabado",0,23:30:00,,"0.0",2,"Moto/Ciclomotor,Vehículo Oficial","Ayacucho Y Av. Arijon",2,1,0,0,1,0,0,,"Avenida",,"ROSARIO","Rosario","Asfalto","No existe","II","Dentro","Urbana","S/D","No existe","Recta","Bueno","Buena","Diurna","Buen Tiempo","Lateral","S/D","Colisión","S/D","S/D","Línea divisoria pintada","Sin restricción"
2016,7086,10/11/2016,"Martes",0,8:20:00,,"0.0",2,"Moto/Ciclomotor,Automóvil","Bv. Oroño Y Catamarca",2,1,0,0,1,0,0,,"Avenida",,"ROSARIO","Rosario","Asfalto","Pavimento","II","Dentro","Urbana","Semáforo","Funciona","Intersección","Bueno","Buena","Diurna","Buen Tiempo","S/D","S/D","Caída ocupante","Ninguna","Vertical","Ninguna","Sin restricción"
2016,7087,10/21/2016,"Viernes",0,9:45:00,,"0.0",2,"Automóvil,Pickup/Utilitario","Av. Pellegrini Y Cullen",2,1,0,0,1,0,0,,"Calle",,"ROSARIO","Rosario","Asfalto","S/D","II","Dentro","Urbana","S/D","S/D","Intersección","Bueno","Reducida","Diurna","Lluvia","Lateral","S/D","Colisión","S/D","S/D","S/D","S/D"
2016,7088,10/8/2016,"Sabado",0,,,"0.0",2,"Taxi/Remis,Moto/Ciclomotor","9 De Julio Y Suipacha",2,1,0,0,1,0,0,,"Calle",,"ROSARIO","Rosario","Asfalto","S/D","II","Dentro","Urbana","S/D","S/D","Intersección","S/D","Buena","S/D","Buen Tiempo","Lateral","S/D","Colisión","S/D","S/D","S/D","S/D"
2016,7089,10/21/2016,"Viernes",0,16:00:00,,"0.0",2,"Moto/Ciclomotor,Automóvil","San Lorenzo Y Peru",2,1,0,0,1,0,0,,"Calle",,"ROSARIO","Rosario","Asfalto","S/D","II","Dentro","Urbana","S/D","No existe","Intersección","Resbaladiza","Reducida","Diurna","Lluvia","Lateral","S/D","Colisión","Agua","S/D","S/D","S/D"
2016,7090,9/9/2016,"Viernes",0,22:15:00,,"0.0",2,"Automóvil,Moto/Ciclomotor","Francia Y Tucuman",2,1,0,0,1,0,0,,"S/D",,"SANTA FE","La Capital","Asfalto","No existe","I","S/D","S/D","Ninguna","No existe","Intersección","Bueno","Buena","Nocturna","Buen Tiempo","S/D","S/D","S/D","Ninguna","Vertical","Ninguna","S/D"
2016,7091,10/13/2016,"Jueves",0,9:30:00,,"0.0",2,"Automóvil,Moto/Ciclomotor","San Luis Y Rodriguez",2,1,0,0,1,0,0,,"Calle",,"ROSARIO","Rosario","Asfalto","S/D","II","Dentro","Urbana","S/D","S/D","Intersección","S/D","Buena","Diurna","Buen Tiempo","Lateral","S/D","Colisión","S/D","S/D","S/D","S/D"
2016,7092,10/21/2016,"Viernes",0,18:35:00,,"0.0",2,"Automóvil,Otros","Bv. Avellaneda Y La Paz",2,1,0,0,0,0,1,,"Calle",,"ROSARIO","Rosario","Asfalto","S/D","II","Dentro","Urbana","S/D","S/D","Recta","Bueno","Buena","Diurna","S/D","S/D","S/D","Colisión","S/D","S/D","S/D","S/D"
2016,7093,10/9/2016,"Domingo",0,4:50:00,,"0.0",2,"Automóvil,Moto/Ciclomotor","3 De Febrero Y Rodriguez",2,0,1,0,1,0,0,,"Calle",,"ROSARIO","Rosario","Asfalto","S/D","II","Dentro","Urbana","S/D","S/D","Intersección","Bueno","Buena","Nocturna","Buen Tiempo","Lateral","S/D","Colisión","S/D","S/D","S/D","S/D"
2016,7094,10/2/2016,"Domingo",0,6:00:00,,"0.0",2,"Automóvil,Moto/Ciclomotor","Jujuy Y Suipacha",3,2,0,0,1,0,0,,"Calle",,"ROSARIO","Rosario","Asfalto","No existe","II","S/D","Urbana","Ninguna","No existe","Recta","Otro","Buena","Amanecer","Buen Tiempo","Otro","S/D","Colisión","Ninguna","Faltante","Ninguna","Sin restricción"
2016,7095,10/11/2016,"Martes",0,15:35:00,,"0.0",2,"Peatón,Automóvil","Av. Belgrano Y San Martin",2,1,0,0,1,0,0,,"Avenida",,"ROSARIO","Rosario","Asfalto","Pavimento","II","Dentro","Urbana","Semáforo","Funciona","Intersección","Bueno","Buena","S/D","Buen Tiempo","S/D","Peatón","Atropello","Ninguna","Vertical","Ninguna","Sin restricción"
2016,7096,10/29/2016,"Sabado",0,17:50:00,,"0.0",2,"Automóvil,Moto/Ciclomotor","Av. Avellaneda B Y Ituzaingo",2,2,0,0,0,0,0,,"Calle",,"ROSARIO","Rosario","Asfalto","S/D","II","Dentro","Urbana","S/D","S/D","Recta","Bueno","S/D","Diurna","S/D","S/D","S/D","Colisión","S/D","S/D","S/D","S/D"
2016,7097,10/3/2016,"Lunes",0,22:30:00,,"0.0",2,"Automóvil,Moto/Ciclomotor","Cafferata Y San Lorenzo",2,1,0,0,1,0,0,,"Calle",,"ROSARIO","Rosario","Asfalto","No existe","II","S/D","Urbana","Semáforo","Funciona","Recta","Otro","Buena","Nocturna","Buen Tiempo","Otro","S/D","Colisión","Ninguna","Vertical","Ninguna","Sin restricción"
2016,7098,10/18/2016,"Martes",0,17:10:00,,"0.0",2,"Moto/Ciclomotor,Automóvil","Francia F Y Av. Eva Peron",2,2,0,0,0,0,0,,"Calle",,"ROSARIO","Rosario","Asfalto","S/D","II","Dentro","Urbana","S/D","S/D","Recta","Bueno","S/D","Diurna","S/D","S/D","S/D","Colisión","S/D","S/D","S/D","S/D"
2016,7099,10/7/2016,"Viernes",0,2:30:00,,"0.0",2,"Camión Chasis,Moto/Ciclomotor","Lavalle Y Av. Pellegrini",3,1,1,0,1,0,0,,"Avenida",,"ROSARIO","Rosario","Asfalto","S/D","II","Dentro","Urbana","S/D","S/D","Intersección","Bueno","Buena","Nocturna","Buen Tiempo","Lateral","S/D","Colisión","S/D","S/D","S/D","Sin restricción"
2016,7100,10/14/2016,"Viernes",0,10:30:00,,"0.0",2,"Automóvil,Bicicleta","Bv. Oroño Y Santa Fe",2,1,0,0,1,0,0,,"Avenida",,"ROSARIO","Rosario","Asfalto","Pavimento","II","Dentro","Urbana","Semáforo","Funciona","Intersección","Bueno","Buena","Diurna","Buen Tiempo","S/D","Ciclista","Atropello","Ninguna","Vertical","Ninguna","Sin restricción"
2016,7101,10/1/2016,"Sabado",0,19:40:00,,"0.0",2,"Automóvil,Moto/Ciclomotor","Francia F Y Viamonte",2,0,0,0,0,0,2,,"Calle",,"ROSARIO","Rosario","S/D","S/D","II","Dentro","Urbana","S/D","S/D","S/D","S/D","S/D","Diurna","S/D","S/D","S/D","Colisión","S/D","S/D","S/D","S/D"
2016,7102,10/5/2016,"Miercoles",0,11:30:00,,"0.0",2,"Moto/Ciclomotor,Automóvil","San Lorenzo Y Castellanos",2,1,0,0,1,0,0,,"Calle",,"ROSARIO","Rosario","Asfalto","No existe","II","S/D","Urbana","Ninguna","No existe","Recta","Otro","Buena","Diurna","Buen Tiempo","Otro","S/D","Colisión","Ninguna","Faltante","Ninguna","Sin restricción"
2016,7103,10/4/2016,"Martes",0,18:50:00,,"0.0",2,"Automóvil,Moto/Ciclomotor","Gutenberg Y E.Zeballos",2,1,0,0,1,0,0,,"Calle",,"ROSARIO","Rosario","Asfalto","No existe","II","Dentro","Urbana","S/D","No existe","Intersección","Bueno","Buena","Diurna","Buen Tiempo","Lateral","S/D","Colisión","S/D","S/D","S/D","S/D"
2016,7104,10/23/2016,"Domingo",0,20:45:00,,"0.0",2,"Automóvil,Moto/Ciclomotor","Cerrito Y L.N.Alem",3,2,0,0,1,0,0,,"Calle",,"ROSARIO","Rosario","Asfalto","No existe","II","Dentro","Urbana","Señal Pare","No existe","Intersección","Bueno","Buena","Nocturna","Buen Tiempo","S/D","S/D","Colisión","S/D","Horizontal","Línea divisoria pintada","Sin restricción"
2016,7105,10/6/2016,"Jueves",0,11:15:00,,"0.0",2,"Pickup/Utilitario,Automóvil","San Nicolas Y Tucuman",3,2,0,0,1,0,0,,"Calle",,"ROSARIO","Rosario","Asfalto","No existe","II","S/D","Urbana","Ninguna","No existe","Intersección","Bueno","Buena","Diurna","Buen Tiempo","Otro","S/D","Colisión","Ninguna","S/D","Ninguna","Sin restricción"
2016,7106,10/19/2016,"Miercoles",0,,,"0.0",2,"Peatón,Automóvil","Mendoza Y Alsina",2,1,0,0,1,0,0,,"Calle",,"ROSARIO","Rosario","Asfalto","S/D","II","Dentro","Urbana","S/D","S/D","Intersección","S/D","Buena","S/D","Buen Tiempo","S/D","S/D","Atropello","S/D","S/D","S/D","S/D"
2016,7107,10/25/2016,"Martes",0,9:00:00,,"0.0",2,"Peatón,Automóvil","J.M.de Rosas Y Ituzaingo",2,1,0,0,1,0,0,,"Calle",,"ROSARIO","Rosario","Asfalto","No existe","II","Dentro","Urbana","Señal Pare","No existe","Intersección","Bueno","Buena","Diurna","Buen Tiempo","Lateral","Peatón","Atropello","S/D","Horizontal","Línea divisoria pintada","Sin restricción"
2016,7108,10/17/2016,"Lunes",0,13:30:00,,"0.0",1,"Transporte de Pasajeros","Salta Y Dorrego",2,1,0,0,1,0,0,,"Calle",,"ROSARIO","Rosario","Asfalto","Pavimento","II","Dentro","Urbana","Ninguna","No existe","Intersección","Bueno","Buena","Diurna","Buen Tiempo","Otro","S/D","Otro","Ninguna","Faltante","Ninguna","Sin restricción"
2016,7109,10/14/2016,"Viernes",0,11:20:00,,"0.0",3,"Automóvil,Automóvil,Automóvil","Bv. Avellaneda Y Mendoza",2,1,0,0,1,0,0,,"Avenida",,"ROSARIO","Rosario","S/D","S/D","II","Dentro","Urbana","S/D","S/D","Intersección","S/D","Buena","Diurna","Buen Tiempo","Lateral","S/D","Colisión","S/D","S/D","S/D","S/D"
2016,7110,10/10/2016,"Lunes",0,7:30:00,,"0.0",2,"Automóvil,Automóvil","Santa Fe Y Av. Ovidio Lagos",6,1,0,0,5,0,0,,"Calle",,"ROSARIO","Rosario","Asfalto","No existe","II","S/D","Urbana","Ninguna","No existe","Recta","Bueno","Buena","Diurna","Buen Tiempo","S/D","S/D","Colisión","Ninguna","Faltante","Ninguna","Sin restricción"
2016,7111,10/19/2016,"Miercoles",0,7:45:00,,"0.0",2,"Automóvil,Bicicleta","Piedras Y Pte.Roca",2,1,0,0,1,0,0,,"Calle",,"ROSARIO","Rosario","Asfalto","No existe","II","Dentro","Urbana","Ninguna","No existe","Intersección","Deteriorada","Buena","Diurna","Buen Tiempo","S/D","Ciclista","Atropello","S/D","Horizontal","Ninguna","Sin restricción"
2016,7112,10/17/2016,"Lunes",0,14:22:00,,"0.0",2,"Camión Chasis,Moto/Ciclomotor","Carriego Y San Luis",2,1,0,0,1,0,0,,"Calle",,"ROSARIO","Rosario","Asfalto","S/D","II","Dentro","Urbana","S/D","S/D","Intersección","S/D","Buena","Diurna","Buen Tiempo","Lateral","S/D","Colisión","S/D","S/D","S/D","Sin restricción"
2016,7113,10/15/2016,"Sabado",0,6:30:00,,"0.0",2,"Moto/Ciclomotor,Automóvil","Melincue Y Patricios",2,1,0,0,1,0,0,,"Calle",,"ROSARIO","Rosario","Asfalto","No existe","II","Dentro","Urbana","Ninguna","No existe","Intersección","Bueno","Buena","Diurna","Buen Tiempo","S/D","S/D","Colisión","S/D","Horizontal","Ninguna","Sin restricción"
2016,7114,10/27/2016,"Jueves",0,12:15:00,,"0.0",2,"Automóvil,Camión Chasis","Av. Circunvalacion Y R.de Pineda",2,1,0,0,1,0,0,,"Calle",,"ROSARIO","Rosario","Asfalto","S/D","II","Dentro","Urbana","Ninguna","No existe","Recta","Bueno","Buena","Diurna","Buen Tiempo","S/D","S/D","Colisión","S/D","Faltante","Cordón divisorio","Sin restricción"
2016,7115,10/16/2016,"Domingo",0,17:30:00,,"0.0",2,"Automóvil,Moto/Ciclomotor","Suipacha Y San Luis",3,2,0,0,1,0,0,,"Calle",,"ROSARIO","Rosario","Asfalto","No existe","II","Dentro","Urbana","S/D","No existe","Intersección","S/D","Buena","Diurna","Buen Tiempo","Lateral","S/D","Colisión","S/D","S/D","S/D","S/D"
2016,7116,10/11/2016,"Martes",0,19:30:00,,"0.0",2,"Moto/Ciclomotor,Pickup/Utilitario","R.de Escalada ",2,1,0,0,1,0,0,,"Calle",,"ROSARIO","Rosario","Asfalto","No existe","II","S/D","Urbana","Ninguna","No existe","Recta","Bueno","Buena","Diurna","Buen Tiempo","S/D","S/D","Colisión","Ninguna","Faltante","Ninguna","Sin restricción"
2016,7117,10/28/2016,"Viernes",0,0:00:00,,"0.0",2,"Automóvil,Automóvil","Av. Circunvalacion Y R.de Pineda",2,1,0,0,1,0,0,,"Calle",,"ROSARIO","Rosario","Asfalto","S/D","II","Dentro","Urbana","Ninguna","No existe","Recta","Bueno","Reducida","Nocturna","S/D","S/D","S/D","Colisión","S/D","Faltante","Cordón divisorio","Sin restricción"
2016,7118,10/16/2016,"Domingo",0,15:10:00,,"0.0",2,"Automóvil,Automóvil","E.Zeballos Y Gutenberg",4,4,0,0,0,0,0,,"Calle",,"ROSARIO","Rosario","Asfalto","No existe","II","Dentro","Urbana","S/D","No existe","Intersección","S/D","Buena","Diurna","Buen Tiempo","Lateral","S/D","Colisión","S/D","S/D","S/D","S/D"