"anio_acci","nro_acci","fecha","desc_dia","fecha_aprox","hora_aprox","desc_ruta","km","cant_participantes","desc_participante","calle_avenida_km","total","heridos_leves","heridos_graves","heridos_gravisimos","ilesos","fallecidos","sin_datos","posicion_XY","desc_tipo_via","desc_ruta_ori","desc_loc","desc_dpto","desc_tipo_calzada","desc_tipo_banquina","desc_unidad_regional","desc_lugar_calzada","desc_zona","desc_prioridad","desc_estado_semaforo","desc_lugar_via","desc_estado_via","desc_estado_visibilidad","desc_luminosidad","desc_estado_clima","desc_tipo_colision","desc_tipo_atropello","desc_tipo_hecho","desc_pres_calzada","desc_senializacion","desc_separacion_via","desc_restriccion"
2016,7187,10/15/2016,"Sabado",0,19:50:00,,"0.0",2,"Moto/Ciclomotor,Automóvil","Salvador del Carril Y Alberdi",2,1,0,0,1,0,0,,"Calle",,"SANTA FE","La Capital","Asfalto","No existe","I","Dentro","Urbana","Ninguna","No existe","Intersección","Bueno","Reducida","Amanecer","Buen Tiempo","Lateral","S/D","Colisión","Ninguna","S/D","Ninguna","Sin restricción"
2016,7188,10/16/2016,"Domingo",0,20:00:00,,"0.0",2,"Automóvil,Automóvil","Piedras ",3,1,0,0,2,0,0,,"Calle",,"SANTA FE","La Capital","Asfalto","No existe","I","Dentro","Urbana","S/D","No existe","Recta","Bueno","Reducida","Nocturna","Buen Tiempo","De alcance","S/D","Colisión","Ninguna","S/D","Ninguna","Sin restricción"
2016,7189,10/18/2016,"Martes",0,17:00:00,,"0.0",2,"Camión Chasis,Bicicleta","Av Almte Brown Y P Cullen",2,1,0,0,1,0,0,,"Avenida",,"SANTA FE","La Capital","Asfalto","No existe","I","Dentro","Urbana","Ninguna","No existe","Intersección","Bueno","Buena","Diurna","Buen Tiempo","S/D","Ciclista","Atropello","Ninguna","S/D","Ninguna","Sin restricción"
2016,7190,10/19/2016,"Miercoles",0,19:15:00,,"0.0",2,"Moto/Ciclomotor,Automóvil","Av. Ovidio Lagos 2700",2,1,0,0,1,0,0,,"Calle",,"ROSARIO","Rosario","Asfalto","No existe","II","Dentro","Urbana","Ninguna","No existe","Recta","Bueno","Buena","Atardecer","Buen Tiempo","Lateral","S/D","Colisión","Ninguna","Faltante","Cordón divisorio","Sin restricción"
2016,7191,10/19/2016,"Miercoles",0,19:00:00,,"0.0",2,"Moto/Ciclomotor,Automóvil","Velez Sarsfield Y Alberdi",3,2,0,0,1,0,0,,"Calle",,"SANTA FE","La Capital","Asfalto","No existe","I","Dentro","Urbana","Ninguna","No existe","Intersección","Bueno","Reducida","Diurna","Buen Tiempo","Lateral","S/D","Colisión","Agua","S/D","Ninguna","S/D"
2016,7192,10/19/2016,"Miercoles",0,19:00:00,,"0.0",2,"Pickup/Utilitario,Automóvil","Ricardo Aldao Y Alvear",2,1,0,0,1,0,0,,"Calle",,"SANTA FE","La Capital","Asfalto","No existe","I","Dentro","Urbana","Ninguna","No existe","Intersección","Bueno","Buena","Diurna","Buen Tiempo","Lateral","S/D","Colisión","Ninguna","S/D","Ninguna","Sin restricción"
2016,7193,10/20/2016,"Jueves",0,14:20:00,,"0.0",2,"Automóvil,Automóvil","Cerrito Y Av. Corrientes",5,1,0,0,4,0,0,,"Calle",,"ROSARIO","Rosario","Asfalto","No existe","II","Dentro","Urbana","Ninguna","No existe","Intersección","Bueno","Buena","Diurna","Buen Tiempo","Lateral","S/D","Colisión","S/D","Faltante","Ninguna","Sin restricción"
2016,7194,10/20/2016,"Jueves",0,11:30:00,,"0.0",2,"Automóvil,Bicicleta","Belgrano Y J P Lopez",2,1,0,0,1,0,0,,"Calle",,"SANTA FE","La Capital","Asfalto","No existe","I","Dentro","Urbana","S/D","No existe","Intersección","Bueno","Buena","Diurna","Buen Tiempo","S/D","Ciclista","Atropello","Ninguna","S/D","Ninguna","Sin restricción"
2016,7195,10/23/2016,"Domingo",0,7:15:00,,"0.0",2,"Moto/Ciclomotor,Taxi/Remis","Av A del Valle Y Salvador del Carril",2,1,0,0,1,0,0,,"Avenida",,"SANTA FE","La Capital","Asfalto","No existe","I","Dentro","Urbana","Semáforo","Funciona","Intersección","Bueno","Buena","Amanecer","Buen Tiempo","Lateral","S/D","Colisión","Ninguna","S/D","Ninguna","Sin restricción"
2016,7196,10/23/2016,"Domingo",0,19:00:00,,"0.0",2,"Automóvil,Moto/Ciclomotor","Av Almte Brown Y Gutierrez",2,1,0,0,1,0,0,,"Avenida",,"SANTA FE","La Capital","Asfalto","No existe","I","Dentro","Urbana","Ninguna","No existe","Recta","Bueno","Buena","Atardecer","Buen Tiempo","De alcance","S/D","Colisión","Ninguna","S/D","Ninguna","Sin restricción"
2016,7197,10/21/2016,"Viernes",0,16:10:00,,"0.0",2,"Moto/Ciclomotor,Automóvil","La Paz Y Pte.Roca",2,1,0,0,1,0,0,,"Calle",,"ROSARIO","Rosario","Asfalto","No existe","II","Dentro","Urbana","Ninguna","No existe","Intersección","Bueno","Buena","Diurna","Buen Tiempo","Lateral","S/D","Colisión","S/D","Faltante","Ninguna","Sin restricción"
2016,7198,10/23/2016,"Domingo",0,20:00:00,,"0.0",2,"Moto/Ciclomotor,Automóvil","Guemes Y Pje Calcena",2,1,0,0,1,0,0,,"Calle",,"SANTA FE","La Capital","Asfalto","No existe","I","Dentro","Urbana","Ninguna","No existe","Intersección","Bueno","Buena","Nocturna","Buen Tiempo","Lateral","S/D","Colisión","Ninguna","S/D","Ninguna","Sin restricción"
2016,7199,10/24/2016,"Lunes",0,20:30:00,,"0.0",2,"Bicicleta,Automóvil","Salvador del Carril Y Lavalle",2,1,0,0,1,0,0,,"Calle",,"SANTA FE","La Capital","Asfalto","No existe","I","Dentro","Urbana","Ninguna","No existe","Intersección","Bueno","Buena","Nocturna","Buen Tiempo","S/D","Ciclista","Atropello","Ninguna","S/D","Ninguna","Sin restricción"
2016,7200,10/25/2016,"Martes",0,20:00:00,,"0.0",2,"Moto/Ciclomotor,Automóvil","Ricardo Aldao Y P Cullen",2,1,0,0,1,0,0,,"Calle",,"SANTA FE","La Capital","Asfalto","No existe","I","Dentro","Urbana","Ninguna","No existe","Intersección","Bueno","Buena","Atardecer","Buen Tiempo","Lateral","S/D","Colisión","Ninguna","S/D","Ninguna","Sin restricción"
2016,7201,10/21/2016,"Viernes",0,18:40:00,,"0.0",2,"Moto/Ciclomotor,Taxi/Remis","San Martin Y Ocampo",3,0,1,0,2,0,0,,"Calle",,"ROSARIO","Rosario","Asfalto","No existe","II","Dentro","Urbana","Ninguna","No existe","Intersección","Bueno","Buena","Diurna","Buen Tiempo","Lateral","S/D","Colisión","S/D","Faltante","Ninguna","Sin restricción"
2016,7202,10/26/2016,"Miercoles",0,18:00:00,,"0.0",2,"Automóvil,Pickup/Utilitario","Salvador del Carril Y Guemes",2,1,0,0,1,0,0,,"Calle",,"SANTA FE","La Capital","Asfalto","No existe","I","Dentro","Urbana","Ninguna","No existe","Intersección","Bueno","Buena","Diurna","Buen Tiempo","Lateral","S/D","Colisión","Agua","S/D","Ninguna","Sin restricción"
2016,7203,10/28/2016,"Viernes",0,11:25:00,,"0.0",2,"Moto/Ciclomotor,Automóvil","Salvador del Carril Y Rivadavia",2,1,0,0,1,0,0,,"Calle",,"SANTA FE","La Capital","Asfalto","No existe","I","Dentro","Urbana","S/D","No existe","Intersección","Bueno","Buena","Diurna","Buen Tiempo","Lateral","S/D","Colisión","Ninguna","S/D","Ninguna","Sin restricción"
2016,7204,10/3/2016,"Lunes",0,12:27:00,,"0.0",2,"Moto/Ciclomotor,Automóvil","Buenos Aires Y Viamonte",2,1,0,0,1,0,0,,"Calle",,"ROSARIO","Rosario","Asfalto","No existe","II","Dentro","Urbana","S/D","S/D","Intersección","Bueno","Buena","Diurna","Lluvia","S/D","S/D","Colisión","S/D","S/D","S/D","Sin restricción"
2016,7205,10/7/2016,"Viernes",0,19:45:00,,"0.0",2,"Moto/Ciclomotor,Automóvil","Bv. 27 De Febrero Y Necochea",3,2,0,0,1,0,0,,"Calle",,"ROSARIO","Rosario","Asfalto","No existe","II","Dentro","Urbana","Semáforo","Funciona","Intersección","Bueno","Buena","Diurna","Buen Tiempo","S/D","S/D","Colisión","S/D","Vertical","Línea divisoria pintada","Sin restricción"
2016,7206,10/6/2016,"Jueves",0,11:30:00,,"0.0",2,"Bicicleta,Automóvil","Reg 12 de Infanteria Y Av Gral Paz",2,1,0,0,1,0,0,,"Avenida",,"SANTA FE","La Capital","Asfalto","No existe","I","Dentro","Urbana","Semáforo","Funciona","Intersección","Bueno","Buena","Diurna","Buen Tiempo","S/D","Ciclista","Atropello","S/D","S/D","Cordón divisorio","Sin restricción"
2016,7207,10/7/2016,"Viernes",0,10:50:00,,"0.0",2,"Automóvil,Pickup/Utilitario","Laprida Y La Paz",2,2,0,0,0,0,0,,"Calle",,"ROSARIO","Rosario","Asfalto","No existe","II","Dentro","Urbana","Ninguna","S/D","Intersección","Bueno","Buena","Diurna","Buen Tiempo","De alcance","S/D","Colisión","S/D","S/D","S/D","Sin restricción"
2016,7208,10/2/2016,"Domingo",0,13:10:00,"Ruta Provincial 13","103.0",1,"Automóvil"," ",1,0,0,0,0,1,0,"-31.635248, -61.753214","Ruta",13,"MARIA JUANA","Castellanos","Asfalto","Natural","V","Fuera","Rural","Ninguna","No existe","Recta","Bueno","Buena","Diurna","Buen Tiempo","Contra objeto fijo","S/D","Colisión","Ninguna","Horizontal","Línea divisoria pintada","Sin restricción"
2016,7209,10/2/2016,"Domingo",0,20:25:00,"Ruta Nacional 34","187.0",3,"Automóvil,Camión,Pickup/Utilitario"," ",4,1,0,0,2,1,0,"-31.535060, -61.527704","Ruta",34,"ANGÉLICA","Castellanos","Asfalto","Natural","V","Fuera","Rural","Ninguna","No existe","Recta","Bueno","Buena","Nocturna","Buen Tiempo","De alcance,Frontal,Lateral","S/D","Colisión,Despiste","Ninguna","Horizontal,Vertical","Ninguna","Sin restricción"
2016,7210,10/9/2016,"Domingo",0,20:00:00,"Ruta Provincial 26","103.0",1,"Moto/Ciclomotor","RUTA PROVINCIAL 26 Y AUTOPISTA ROSARIO - CORDOBA ",1,0,0,0,0,1,0,"-32.883877, -61.127461","Ruta",26,"CARCARAÑÁ","San Lorenzo","Asfalto","Pavimento","XVII","Dentro","Rural","Marca Vial","No existe","Rotonda","Bueno","Buena","Nocturna","Buen Tiempo","S/D","S/D","Vuelco","Ninguna","Vertical","Guardarrail","Sin restricción"
2016,7211,10/11/2016,"Martes",0,20:30:00,"Ruta Nacional 34","210.0",2,"Moto/Ciclomotor,Transporte de Pasajeros Larga Distancia (Doble Piso)","ACCESO A SUSANA INTERSECCION CON RP 67-S ",14,0,0,0,13,1,0,"-31.348847, -61.528172","Ruta",34,"SUSANA","Castellanos","Asfalto","Ripio","V","Dentro","Rural","Señal Pare","No existe","Cruce","Bueno","Buena","Nocturna","Buen Tiempo","Lateral","S/D","Colisión","Ninguna","Vertical","Línea divisoria pintada","Sin restricción"
2016,7212,10/30/2016,"Domingo",0,6:40:00,"Ruta Provincial 65","80.0",1,"Pickup/Utilitario"," ",3,0,1,0,0,2,0,"-32.449423, -61.654204","Ruta",65,"LAS ROSAS","Belgrano","Hormigón","Natural","III","Fuera","Rural","Ninguna","No existe","Recta","Bueno","Buena","Diurna","Buen Tiempo","Lateral","S/D","Vuelco","Ninguna","Horizontal,Vertical","Ninguna","Reparación de Vía"
2016,7213,10/7/2016,"Viernes",0,0:30:00,"Ruta Provincial 6","48.0",1,"Automóvil"," ",1,0,0,0,0,1,0,"-31.612001, -60.946636","Ruta",6,"FRANCK","Las Colonias","Asfalto","No existe","XI","Fuera","Rural","Ninguna","No existe","Recta","Bueno","Reducida","Nocturna","Niebla","Contra objeto fijo","S/D","Colisión,Despiste","Ninguna","Faltante","Ninguna","Sin restricción"
2016,7214,10/31/2016,"Lunes",0,16:50:00,,"0.0",2,"Automóvil,Automóvil","Av. Belgrano 1700",2,1,0,0,1,0,0,,"Calle",,"ROSARIO","Rosario","Asfalto","No existe","II","Dentro","Urbana","S/D","S/D","Recta","Bueno","Buena","Diurna","Buen Tiempo","Contra objeto fijo","S/D","Colisión","Ninguna","S/D","S/D","S/D"
2016,7215,10/14/2016,"Viernes",0,10:20:00,,"0.0",2,"Taxi/Remis,Moto/Ciclomotor","Bv. 27 De Febrero Y Chacabuco",2,1,0,0,1,0,0,,"Avenida",,"ROSARIO","Rosario","Asfalto","No existe","II","Dentro","Urbana","S/D","S/D","Intersección","Bueno","Buena","Diurna","Buen Tiempo","Lateral","S/D","Colisión","Ninguna","S/D","S/D","Sin restricción"
2016,7216,10/18/2016,"Martes",0,6:00:00,,"0.0",1,"Vehículo Oficial","Ayacucho Y La Paz",2,1,0,0,1,0,0,,"Calle",,"ROSARIO","Rosario","Asfalto","No existe","II","Dentro","Urbana","S/D","No existe","Intersección","Bueno","Buena","Amanecer","Buen Tiempo","Contra objeto fijo","S/D","Colisión","Ninguna","S/D","S/D","S/D"
2016,7217,10/19/2016,"Miercoles",0,23:45:00,,"0.0",2,"Moto/Ciclomotor,Automóvil","Necochea Y Bv. 27 De Febrero",3,2,0,0,1,0,0,,"Avenida",,"ROSARIO","Rosario","Asfalto","No existe","II","Dentro","Urbana","Semáforo","Funciona","Intersección","Bueno","Buena","Nocturna","Buen Tiempo","Lateral","S/D","Colisión","Ninguna","Vertical","S/D","Sin restricción"
2016,7218,10/12/2016,"Miercoles",0,,,"0.0",2,"Automóvil,Vehículo Oficial","Av. Ovidio Lagos Y Bv. Segui",3,2,0,0,1,0,0,,"Avenida",,"ROSARIO","Rosario","Asfalto","No existe","II","Dentro","Urbana","Semáforo","Funciona","Intersección","Bueno","Buena","Diurna","Buen Tiempo","Lateral","S/D","Colisión","Ninguna","Vertical","Cordón divisorio","Sin restricción"
2016,7219,10/8/2016,"Sabado",0,12:15:00,,"0.0",2,"Moto/Ciclomotor,Pickup/Utilitario","España Y Jorge Newbery",2,1,0,0,1,0,0,,"Calle",,"CAÑADA DE GÓMEZ","Iriondo","Asfalto","No existe","X","Dentro","Urbana","Ninguna","No existe","Intersección","Bueno","Buena","Diurna","Buen Tiempo","Lateral","S/D","Colisión","S/D","S/D","Ninguna","Sin restricción"
2016,7220,10/5/2016,"Miercoles",0,19:35:00,,"0.0",2,"Moto/Ciclomotor,Peatón","Sarmiento Y Santa Fe",2,2,0,0,0,0,0,,"Calle",,"CORREA","Iriondo","Hormigón","S/D","X","Dentro","Urbana","Ninguna","S/D","Intersección","Bueno","Buena","Atardecer","Buen Tiempo","S/D","Peatón","Atropello","Ninguna","Horizontal,Vertical","Ninguna","Sin restricción"
2016,7221,10/23/2016,"Domingo",0,20:20:00,,"0.0",2,"Automóvil,Bicicleta","Rivadavia Y Molina",2,0,1,0,1,0,0,,"Calle",,"CORREA","Iriondo","Hormigón","Pavimento","X","Dentro","Urbana","Ninguna","No existe","Intersección","Bueno","Buena","Nocturna","Buen Tiempo","S/D","Ciclista","Atropello","Ninguna","S/D","Ninguna","Sin restricción"
2016,7222,10/9/2016,"Domingo",0,18:30:00,,"0.0",2,"Automóvil,Automóvil","Arenales Y Saavedra",3,2,0,0,1,0,0,,"Calle",,"TOTORAS","Iriondo","Hormigón","No existe","X","Dentro","Urbana","S/D","No existe","Intersección","Bueno","Buena","Diurna","Buen Tiempo","Lateral","S/D","Colisión","Ninguna","S/D","Ninguna","Sin restricción"
2016,7223,10/18/2016,"Martes",0,17:25:00,,"0.0",2,"Moto/Ciclomotor,Automóvil","Echague Y Reg 12 de Infanteria",2,1,0,0,1,0,0,,"Calle",,"SANTA FE","La Capital","Asfalto","Pavimento","I","Dentro","Urbana","Ninguna","No existe","Intersección","Bueno","Buena","Diurna","Buen Tiempo","Lateral","S/D","Colisión","S/D","S/D","Cordón divisorio","Sin restricción"
2016,7224,10/20/2016,"Jueves",0,14:50:00,,"0.0",2,"Automóvil,Peatón","Av Galicia Y Belgrano",3,1,0,0,2,0,0,,"Calle",,"SANTA FE","La Capital","Asfalto","Pavimento","I","Dentro","Urbana","Ninguna","No existe","Intersección","Bueno","Buena","Diurna","Buen Tiempo","S/D","Peatón","Atropello","S/D","S/D","Cordón divisorio","Sin restricción"
2016,7225,10/23/2016,"Domingo",0,2:30:00,,"0.0",2,"Moto/Ciclomotor,Automóvil","Av A del Valle Y Pavon",3,1,0,0,2,0,0,,"Calle",,"SANTA FE","La Capital","Asfalto","Pavimento","I","Dentro","Urbana","S/D","S/D","Intersección","Bueno","Buena","Nocturna,Con luz artificial","Buen Tiempo","Lateral","S/D","Colisión","S/D","S/D","Cordón divisorio","Sin restricción"
2016,7226,10/24/2016,"Lunes",0,7:40:00,,"0.0",2,"Bicicleta,Pickup/Utilitario","Risso Y Mitre",2,1,0,0,1,0,0,,"Calle",,"SANTA FE","La Capital","Asfalto","Pavimento","I","Dentro","Urbana","Ninguna","No existe","Intersección","Bueno","Buena","Diurna","Buen Tiempo","S/D","Ciclista","Atropello","S/D","S/D","Cordón divisorio","Sin restricción"
2016,7227,10/26/2016,"Miercoles",0,,,"0.0",2,"Pickup/Utilitario,Moto/Ciclomotor","Riobamba Y Espora",2,1,0,0,1,0,0,,"Calle",,"SANTA FE","La Capital","Asfalto","Pavimento","I","Dentro","Urbana","Ninguna","No existe","Intersección","Bueno","Buena","Diurna","Buen Tiempo","Lateral","S/D","Colisión","S/D","S/D","Cordón divisorio","Sin restricción"
2016,7228,10/28/2016,"Viernes",0,23:00:00,,"0.0",2,"Moto/Ciclomotor,Automóvil","Av A del Valle Y Risso",2,1,0,0,1,0,0,,"Calle",,"SANTA FE","La Capital","Asfalto","Pavimento","I","Dentro","Urbana","Ninguna","No existe","Intersección","Bueno","Buena","Nocturna,Con luz artificial","Buen Tiempo","Lateral","S/D","Colisión","S/D","S/D","Cordón divisorio","Sin restricción"
2016,7229,10/29/2016,"Sabado",0,15:20:00,,"0.0",2,"Moto/Ciclomotor,Automóvil","Alberdi Y Matheu",2,1,0,0,1,0,0,,"Calle",,"SANTA FE","La Capital","Tierra","Natural","I","Dentro","Urbana","Ninguna","No existe","Intersección","Bueno","Buena","Diurna","Buen Tiempo","Lateral","S/D","Colisión","S/D","S/D","Vegetación","Sin restricción"
2016,7230,10/31/2016,"Lunes",0,10:00:00,,"0.0",3,"Automóvil,Pickup/Utilitario,Automóvil","Risso Y Las Heras",4,3,0,0,1,0,0,,"Calle",,"SANTA FE","La Capital","Asfalto","Pavimento","I","Dentro","Urbana","Ninguna","No existe","Intersección","Bueno","Buena","Diurna","Buen Tiempo","Múltiple","S/D","Colisión","S/D","S/D","Cordón divisorio","Sin restricción"
2016,7231,10/27/2016,"Jueves",0,19:20:00,,"0.0",2,"Moto/Ciclomotor,Automóvil","Misiones ",3,1,0,0,0,0,2,,"Calle",,"SANTA FE","La Capital","Asfalto","S/D","I","Dentro","Urbana","S/D","S/D","Intersección","Bueno","S/D","Diurna","S/D","S/D","S/D","Colisión","S/D","S/D","S/D","S/D"
2016,7232,10/26/2016,"Miercoles",0,,,"0.0",2,"Moto/Ciclomotor,Automóvil","Gorriti Y Av Peñaloza",2,1,0,0,0,0,1,,"Calle",,"SANTA FE","La Capital","Asfalto","S/D","I","Dentro","Urbana","S/D","S/D","Intersección","S/D","S/D","Diurna","S/D","S/D","S/D","Colisión","S/D","S/D","S/D","S/D"
2016,7233,10/26/2016,"Miercoles",0,11:45:00,,"0.0",2,"Moto/Ciclomotor,Automóvil","Gorriti Y Bernardo de Irigoyen",2,1,0,0,1,0,0,,"Calle",,"SANTA FE","La Capital","S/D","S/D","I","Dentro","Urbana","S/D","S/D","S/D","S/D","Buena","Diurna","S/D","S/D","S/D","Colisión","S/D","S/D","S/D","S/D"
2016,7234,10/22/2016,"Sabado",0,21:40:00,,"0.0",2,"Moto/Ciclomotor,Automóvil","Misiones Y Aguado",2,1,0,0,1,0,0,,"Calle",,"SANTA FE","La Capital","Asfalto","S/D","I","Dentro","Urbana","S/D","S/D","Intersección","S/D","S/D","Nocturna","S/D","S/D","S/D","Colisión","S/D","S/D","S/D","S/D"
2016,7235,10/1/2016,"Sabado",0,10:30:00,,"0.0",2,"Moto/Ciclomotor,Moto/Ciclomotor","Gorriti Y Estrada",2,1,0,0,1,0,0,,"Calle",,"SANTA FE","La Capital","Asfalto","Pavimento","I","Dentro","Urbana","S/D","S/D","Recta","Bueno","S/D","Diurna","S/D","Lateral","S/D","Colisión","S/D","S/D","S/D","S/D"
2016,7236,10/1/2016,"Sabado",0,20:30:00,,"0.0",2,"Moto/Ciclomotor,Moto/Ciclomotor","Gorriti 4500",2,1,0,0,1,0,0,,"Calle",,"SANTA FE","La Capital","Asfalto","S/D","I","Dentro","Urbana","S/D","S/D","Intersección","S/D","S/D","Nocturna","S/D","S/D","S/D","Colisión","S/D","S/D","S/D","S/D"
2016,7237,10/20/2016,"Jueves",0,21:10:00,,"0.0",2,"Automóvil,Moto/Ciclomotor","Gorriti Y Bernardo de Irigoyen",3,2,0,0,1,0,0,,"Calle",,"SANTA FE","La Capital","Asfalto","S/D","I","Dentro","Urbana","S/D","S/D","Intersección","S/D","S/D","Nocturna","S/D","S/D","S/D","Colisión","S/D","S/D","S/D","S/D"
2016,7238,10/30/2016,"Domingo",0,20:35:00,,"0.0",2,"Automóvil,Moto/Ciclomotor","Av Blas Parera Y Pedro Espinosa",2,1,0,0,1,0,0,,"Calle",,"SANTA FE","La Capital","Hormigón","Pavimento","I","Dentro","Urbana","Ninguna","No existe","Recta","Bueno","Buena","Nocturna,Con luz artificial","S/D","Lateral","S/D","Colisión","S/D","Faltante","Ninguna","Sin restricción"
2016,7239,10/2/2016,"Domingo",0,19:00:00,,"0.0",1,"Moto/Ciclomotor","Av Blas Parera Y Pedro Espinosa",2,1,0,0,1,0,0,,"Calle",,"SANTA FE","La Capital","Asfalto","Natural","I","Dentro","Urbana","Ninguna","No existe","Recta","Con baches","Buena","Atardecer","Buen Tiempo","S/D","S/D","Caída ocupante","Material Suelto","Faltante","Ninguna","Sin restricción"
2016,7240,10/5/2016,"Miercoles",0,19:30:00,,"0.0",2,"Automóvil,Moto/Ciclomotor","Gorriti Y Cafferata",2,1,0,0,1,0,0,,"Calle",,"SANTA FE","La Capital","Asfalto","No existe","I","Dentro","Urbana","Ninguna","No existe","Intersección","Con baches","Buena","Atardecer","Buen Tiempo","De alcance","S/D","Colisión","S/D","Faltante","Ninguna","Sin restricción"
2016,7241,10/9/2016,"Domingo",0,18:30:00,,"0.0",2,"Moto/Ciclomotor,Moto/Ciclomotor","Cafferata 8700",4,3,0,0,1,0,0,,"Calle",,"SANTA FE","La Capital","Asfalto","No existe","I","Dentro","Urbana","Ninguna","No existe","Recta","Bueno","Buena","Diurna","Buen Tiempo","Lateral","S/D","Colisión","S/D","Faltante","Ninguna","Sin restricción"
2016,7242,10/23/2016,"Domingo",0,11:30:00,,"0.0",2,"Moto/Ciclomotor,Moto/Ciclomotor","Pje Malaquias Mendez Y Cafferata",3,3,0,0,0,0,0,,"Calle",,"SANTA FE","La Capital","Asfalto","No existe","I","Dentro","Urbana","Ninguna","No existe","Intersección","Con baches","Buena","Diurna","Lluvia","Frontal","S/D","Colisión","Agua","Faltante","Ninguna","Sin restricción"
2016,7243,10/15/2016,"Sabado",0,20:30:00,,"0.0",2,"Moto/Ciclomotor,Peatón","Teniente Loza Y 12 de Octubre",2,1,0,0,1,0,0,,"Calle",,"SANTA FE","La Capital","Asfalto","No existe","I","Dentro","Urbana","Ninguna","No existe","Intersección","Bueno","Buena","Nocturna","Buen Tiempo","S/D","Peatón","Atropello","S/D","Faltante","Ninguna","Sin restricción"
2016,7244,10/13/2016,"Jueves",0,,,"0.0",2,"Automóvil,Moto/Ciclomotor","12 de Octubre ",2,0,1,0,1,0,0,,"Calle",,"SANTA FE","La Capital","Asfalto","No existe","I","Dentro","Urbana","Ninguna","No existe","Intersección","Bueno","Buena","Diurna","Buen Tiempo","Lateral","S/D","Colisión","Ninguna","Faltante","Cordón divisorio","Sin restricción"
2016,7245,10/1/2016,"Sabado",1,,,"0.0",2,"Automóvil,Otros","Misiones 6500",2,0,1,0,1,0,0,,"Calle",,"SANTA FE","La Capital","Asfalto","Natural","I","Dentro","Urbana","Ninguna","No existe","Recta","Con baches","Reducida","Nocturna","Buen Tiempo","S/D","S/D","Colisión","S/D","Faltante","Ninguna","Sin restricción"
2016,7246,10/2/2016,"Domingo",0,,,"0.0",2,"Moto/Ciclomotor,Automóvil","Teniente Loza Y 12 de Octubre",2,0,1,0,0,0,1,,"Calle",,"SANTA FE","La Capital","Asfalto","Natural","I","Dentro","Urbana","Ninguna","No existe","Intersección","Bueno","Buena","Diurna","Buen Tiempo","Lateral","S/D","Colisión","S/D","Faltante","Ninguna","Sin restricción"
2016,7247,10/11/2016,"Martes",0,10:50:00,,"0.0",2,"Automóvil,Automóvil","Chacabuco Y Jorge Newbery",2,1,0,0,1,0,0,,"Calle",,"CAÑADA DE GÓMEZ","Iriondo","Asfalto","No existe","X","Dentro","Urbana","Ninguna","No existe","Intersección","Bueno","Buena","Diurna","Buen Tiempo","Lateral","S/D","Colisión","Ninguna","Vertical","Ninguna","Sin restricción"
2016,7248,10/8/2016,"Sabado",0,15:15:00,,"0.0",2,"Pickup/Utilitario,Automóvil","Teniente Loza Y 12 de Octubre",2,1,0,0,1,0,0,,"Calle",,"SANTA FE","La Capital","Asfalto","Natural","I","Dentro","Urbana","Ninguna","No existe","Intersección","Bueno","Buena","Diurna","Buen Tiempo","Lateral","S/D","Colisión","Ninguna","Faltante","Ninguna","Sin restricción"
2016,7249,10/24/2016,"Lunes",0,15:50:00,,"0.0",2,"Moto/Ciclomotor,Automóvil","Estanislao Zeballos Y Sebastian Gaboto",3,2,0,0,1,0,0,,"Calle",,"SANTA FE","La Capital","Hormigón","Pavimento","I","Dentro","Urbana","Ninguna","No existe","Intersección","Bueno","Buena","Diurna","Buen Tiempo","Lateral","S/D","Colisión","S/D","Vertical","Ninguna","Sin restricción"
2016,7250,10/24/2016,"Lunes",0,14:30:00,,"0.0",2,"Peatón,Automóvil","Lamadrid Y Vieytes",2,1,0,0,1,0,0,,"Calle",,"SANTA FE","La Capital","Asfalto","Natural","I","Dentro","Urbana","Ninguna","No existe","Intersección","Con baches","Buena","Diurna","Buen Tiempo","S/D","Peatón","Atropello","Material Suelto","Faltante","Ninguna","Sin restricción"
2016,7251,10/24/2016,"Lunes",0,17:40:00,,"0.0",2,"Moto/Ciclomotor,Automóvil","French Y Gdor Rodolfo Lehman",2,1,0,0,1,0,0,,"Calle",,"SANTA FE","La Capital","Asfalto,Tierra","Pavimento","I","Dentro","Urbana","Ninguna","No existe","Intersección","Con baches","Buena","Diurna","Buen Tiempo","Lateral","S/D","Colisión","Agua","S/D","Ninguna","Sin restricción"
2016,7252,10/8/2016,"Sabado",0,13:10:00,,"0.0",2,"Automóvil,Moto/Ciclomotor","Bv. Balcarce Y Sarmiento",2,1,0,0,1,0,0,,"Avenida",,"CAÑADA DE GÓMEZ","Iriondo","Asfalto","No existe","X","Dentro","Urbana","S/D","No existe","Intersección","Bueno","Buena","Diurna","Buen Tiempo","Lateral","S/D","Colisión","Ninguna","Vertical","Ninguna","S/D"