"anio_acci","nro_acci","fecha","desc_dia","fecha_aprox","hora_aprox","desc_ruta","km","cant_participantes","desc_participante","calle_avenida_km","total","heridos_leves","heridos_graves","heridos_gravisimos","ilesos","fallecidos","sin_datos","posicion_XY","desc_tipo_via","desc_ruta_ori","desc_loc","desc_dpto","desc_tipo_calzada","desc_tipo_banquina","desc_unidad_regional","desc_lugar_calzada","desc_zona","desc_prioridad","desc_estado_semaforo","desc_lugar_via","desc_estado_via","desc_estado_visibilidad","desc_luminosidad","desc_estado_clima","desc_tipo_colision","desc_tipo_atropello","desc_tipo_hecho","desc_pres_calzada","desc_senializacion","desc_separacion_via","desc_restriccion"
2016,7253,10/19/2016,"Miercoles",0,19:50:00,"Ruta Nacional 9","361.0",2,"Automóvil,Moto/Ciclomotor"," ",2,0,1,0,1,0,0,,"Ruta",9,"CORREA","Iriondo","Hormigón","Pavimento","X","Dentro","Urbana","Ninguna","No existe","Recta","Bueno","Reducida","Nocturna,Con luz artificial","Lluvia","Frontal","S/D","Colisión","Agua","Faltante","Línea divisoria pintada","Sin restricción"
2016,7254,10/9/2016,"Domingo",0,1:45:00,,"0.0",2,"Moto/Ciclomotor,Automóvil","Av Galicia Y Rivadavia",2,1,0,0,1,0,0,,"Avenida",,"SANTA FE","La Capital","Asfalto","Pavimento","I","Dentro","Urbana","Ninguna","S/D","Intersección","Bueno","Buena","Nocturna","Buen Tiempo","Lateral","S/D","Colisión","S/D","S/D","Cordón divisorio","Sin restricción"
2016,7255,10/11/2016,"Martes",0,20:15:00,,"0.0",2,"Peatón,Moto/Ciclomotor","French Y Av A del Valle",2,1,0,0,1,0,0,,"Avenida",,"SANTA FE","La Capital","Hormigón","S/D","I","Dentro","Urbana","Ninguna","No existe","Intersección","Bueno","Buena","Nocturna,Con luz artificial","Buen Tiempo","S/D","Peatón","Atropello","S/D","S/D","Cordón divisorio","Sin restricción"
2016,7256,10/13/2016,"Jueves",0,8:30:00,,"0.0",2,"Moto/Ciclomotor,Moto/Ciclomotor","Javier de la Rosa Y Alberdi",3,2,0,0,1,0,0,,"Calle",,"SANTA FE","La Capital","Asfalto","Pavimento","I","Dentro","Urbana","Ninguna","No existe","Intersección","Bueno","Buena","Diurna","Buen Tiempo","Lateral","S/D","Colisión","S/D","S/D","Cordón divisorio","Sin restricción"
2016,7257,10/13/2016,"Jueves",0,20:30:00,,"0.0",2,"Moto/Ciclomotor,Automóvil","Rivadavia Y Padre Genesio",2,1,0,0,1,0,0,,"Calle",,"SANTA FE","La Capital","Asfalto","Pavimento","I","Dentro","Urbana","Ninguna","No existe","Intersección","Bueno","Buena","Nocturna,Con luz artificial","Buen Tiempo","Lateral","S/D","Colisión","S/D","S/D","Cordón divisorio","Sin restricción"
2016,7258,10/26/2016,"Miercoles",0,20:00:00,,"0.0",2,"Bicicleta,Pickup/Utilitario","Juan Diaz de Solis Y Hernandarias",2,1,0,0,1,0,0,,"Calle",,"SANTA FE","La Capital","Asfalto","Pavimento","I","Dentro","Urbana","Ninguna","No existe","Intersección","Con baches","Reducida","Nocturna,Con luz artificial","Buen Tiempo","S/D","Ciclista","Atropello","S/D","S/D","Ninguna","Sin restricción"
2016,7259,10/14/2016,"Viernes",0,18:10:00,,"0.0",2,"Moto/Ciclomotor,Automóvil","Av A del Valle Y Ayacucho",2,1,0,0,1,0,0,,"Avenida",,"SANTA FE","La Capital","Asfalto","Pavimento","I","Dentro","Urbana","Ninguna","No existe","Intersección","Bueno","Buena","Diurna","Buen Tiempo","Lateral","S/D","Colisión","S/D","S/D","Cordón divisorio","Sin restricción"
2016,7260,10/27/2016,"Jueves",0,6:30:00,,"0.0",2,"Moto/Ciclomotor,Transporte de Pasajeros Larga Distancia (Doble Piso)","Av Blas Parera Y Millan Medina",2,1,0,0,1,0,0,,"Calle",,"SANTA FE","La Capital","Hormigón","S/D","I","Dentro","Urbana","Semáforo","Funciona","Intersección","S/D","Buena","Amanecer","Lluvia","Lateral","S/D","Colisión","Material Suelto","Horizontal,Vertical","Cordón divisorio","Obra en Construcción"
2016,7261,10/15/2016,"Sabado",0,20:15:00,,"0.0",2,"Moto/Ciclomotor,Automóvil","Av Galicia Y Alberdi",2,1,0,0,1,0,0,,"Avenida",,"SANTA FE","La Capital","Asfalto","Pavimento","I","Dentro","Urbana","Ninguna","No existe","Intersección","Bueno","Buena","Nocturna","Buen Tiempo","Lateral","S/D","Colisión","S/D","S/D","Cordón divisorio","Sin restricción"
2016,7262,10/28/2016,"Viernes",0,9:30:00,,"0.0",2,"Moto/Ciclomotor,Peatón","Av Peñaloza 6700",3,2,0,0,1,0,0,,"Calle",,"SANTA FE","La Capital","Hormigón","Pavimento","I","Dentro","Urbana","Semáforo","Funciona","Recta","Bueno","Buena","Diurna","Buen Tiempo","S/D","Peatón","Atropello","S/D","Vertical","Cordón divisorio","Sin restricción"
2016,7263,10/16/2016,"Domingo",0,12:00:00,,"0.0",1,"Automóvil","Av A del Valle 7900",3,2,0,0,1,0,0,,"Avenida",,"SANTA FE","La Capital","Asfalto","Pavimento","I","Dentro","Urbana","S/D","No existe","Recta","Bueno","Buena","Diurna","Buen Tiempo","Contra objeto fijo","S/D","Colisión","S/D","S/D","Cordón divisorio","Sin restricción"
2016,7264,10/18/2016,"Martes",0,6:50:00,,"0.0",2,"Automóvil,Automóvil","Reg 12 de Infanteria Y Rivadavia",3,1,0,0,2,0,0,,"Calle",,"SANTA FE","La Capital","Asfalto","Pavimento","I","Dentro","Urbana","Ninguna","No existe","Intersección","Bueno","Buena","Nocturna","Buen Tiempo","Lateral","S/D","Colisión","S/D","S/D","Cordón divisorio","Sin restricción"
2016,7265,10/30/2016,"Domingo",0,20:30:00,,"0.0",2,"Moto/Ciclomotor,Automóvil","Av Peñaloza Y Gorriti",2,1,0,0,1,0,0,,"Calle",,"SANTA FE","La Capital","Hormigón","Pavimento","I","Dentro","Urbana","Semáforo","Funciona","Intersección","Bueno","Buena","Nocturna,Con luz artificial","Buen Tiempo","Lateral","S/D","Colisión","S/D","Vertical","Barrera de hormigón","Sin restricción"
2016,7266,10/18/2016,"Martes",0,11:10:00,,"0.0",2,"Taxi/Remis,Moto/Ciclomotor","Av Blas Parera Y Boneo",2,1,0,0,1,0,0,,"Calle",,"SANTA FE","La Capital","Hormigón","Pavimento","I","Dentro","Urbana","Ninguna","No existe","Intersección","S/D","Reducida","Diurna","Buen Tiempo","Lateral","S/D","Colisión","Material Suelto","S/D","Cordón divisorio","Sin restricción"
2016,7267,10/20/2016,"Jueves",0,18:30:00,,"0.0",2,"Moto/Ciclomotor,Pickup/Utilitario","Estanislao Zeballos 4100",2,0,1,0,1,0,0,,"Calle",,"SANTA FE","La Capital","Hormigón","Pavimento","I","Dentro","Urbana","Ninguna","No existe","Recta","Bueno","Buena","Diurna","Buen Tiempo","De alcance","S/D","Colisión","S/D","Faltante","Ninguna","Sin restricción"
2016,7268,10/22/2016,"Sabado",0,19:15:00,,"0.0",2,"Moto/Ciclomotor,Moto/Ciclomotor"," ",5,5,0,0,0,0,0,,"Calle",,"SAN ANTONIO DE OBLIGADO","General Obligado","Asfalto","Pavimento","IX","Dentro","Urbana","Ninguna","No existe","Recta","Bueno","Buena","Atardecer,Con luz artificial","Buen Tiempo","Lateral","S/D","Colisión","Ninguna","Faltante","Ninguna","Sin restricción"
2016,7269,10/25/2016,"Martes",0,21:30:00,,"0.0",2,"Automóvil,Moto/Ciclomotor"," ",2,1,0,0,1,0,0,,"Avenida",,"SAN VICENTE.","Castellanos","Asfalto","No existe","V","Dentro","Urbana","S/D","No existe","Intersección","Bueno","Buena","Nocturna,Con luz artificial","Buen Tiempo","Lateral","S/D","Colisión","Agua","S/D","Cordón divisorio","Sin restricción"
2016,7270,10/7/2016,"Viernes",0,12:30:00,,"0.0",2,"Moto/Ciclomotor,Automóvil","Av Doctor E Salva Y Cervantes",2,0,1,0,1,0,0,,"Avenida",,"RAFAELA","Castellanos","Hormigón","S/D","V","Dentro","Urbana","S/D","S/D","Intersección","S/D","Buena","Diurna","Buen Tiempo","Lateral","S/D","Colisión","S/D","S/D","S/D","S/D"
2016,7271,10/12/2016,"Miercoles",0,19:00:00,,"0.0",2,"Moto/Ciclomotor,Pickup/Utilitario","Bv Jaime Ferre Y Tucuman",2,1,0,0,1,0,0,,"Avenida",,"RAFAELA","Castellanos","Hormigón","Pavimento","V","Dentro","Urbana","Ninguna","No existe","Intersección","Bueno","Buena","Atardecer","Buen Tiempo","Lateral","S/D","Colisión","Ninguna","Faltante","Cordón divisorio","Sin restricción"
2016,7272,10/23/2016,"Domingo",0,17:30:00,,"0.0",2,"Pickup/Utilitario,Moto/Ciclomotor","Estanislao del Campo Y M Vera",3,2,0,0,1,0,0,,"Calle",,"RAFAELA","Castellanos","Asfalto","No existe","V","Dentro","Urbana","S/D","No existe","Intersección","Bueno","Buena","Diurna","Buen Tiempo","Lateral","S/D","Colisión","S/D","S/D","S/D","Sin restricción"
2016,7273,10/2/2016,"Domingo",0,16:09:00,,"0.0",2,"Automóvil,Moto/Ciclomotor","Bv Jaime Ferre ",2,0,1,0,1,0,0,,"Avenida",,"RAFAELA","Castellanos","Asfalto","Ripio","V","Dentro","Urbana","Ninguna","No existe","Intersección","Bueno","Buena","Diurna","Buen Tiempo","Lateral","S/D","Colisión","Ninguna","Faltante","Ninguna","Sin restricción"
2016,7274,10/7/2016,"Viernes",0,22:59:00,,"0.0",2,"Moto/Ciclomotor,Automóvil","Lavalle Y Ramon y Cajal",2,1,0,0,1,0,0,,"Calle",,"RAFAELA","Castellanos","Asfalto","No existe","V","Dentro","Urbana","Ninguna","No existe","Intersección","Bueno","Buena","Nocturna","Buen Tiempo","Lateral","S/D","Colisión","Ninguna","Faltante","Ninguna","Sin restricción"
2016,7275,10/31/2016,"Lunes",0,14:00:00,,"0.0",2,"Moto/Ciclomotor,Pickup/Utilitario","Nicasio Oro±o 769",2,1,0,0,1,0,0,,"Calle",,"RAFAELA","Castellanos","Asfalto","No existe","V","Dentro","Urbana","Ninguna","No existe","Recta","Bueno","Buena","Diurna","Buen Tiempo","De alcance","S/D","Colisión","Ninguna","Faltante","Ninguna","Sin restricción"
2016,7276,10/28/2016,"Viernes",0,22:15:00,,"0.0",2,"Moto/Ciclomotor,Automóvil","Bv H Irigoyen Y F Fleming",2,1,0,0,1,0,0,,"Avenida",,"RAFAELA","Castellanos","Asfalto","S/D","V","Dentro","Urbana","S/D","S/D","Intersección","Bueno","Buena","Nocturna","Buen Tiempo","Lateral","S/D","Colisión","S/D","S/D","S/D","S/D"
2016,7277,10/21/2016,"Viernes",0,7:00:00,,"0.0",2,"Moto/Ciclomotor,Automóvil","Gorriti Y Arenales",2,1,0,0,1,0,0,,"Calle",,"SANTA FE","La Capital","Hormigón,Tierra","Pavimento","I","Dentro","Urbana","Ninguna","No existe","Intersección","Bueno","Buena","Diurna","Buen Tiempo","Lateral","S/D","Colisión","Material Suelto","Vertical","Cordón divisorio","Sin restricción"
2016,7278,10/17/2016,"Lunes",0,23:45:00,,"0.0",1,"Automóvil","Italia 429",2,1,1,0,0,0,0,,"Calle",,"MARIA JUANA","Castellanos","Hormigón","No existe","V","Dentro","Urbana","Ninguna","No existe","Recta","Bueno","Buena","Nocturna,Con luz artificial","Buen Tiempo","Contra objeto fijo","S/D","Colisión","Ninguna","S/D","Ninguna","Sin restricción"
2016,7279,10/16/2016,"Domingo",0,22:50:00,,"0.0",2,"Moto/Ciclomotor,Automóvil","Av Blas Parera Y Risso",2,1,0,0,1,0,0,,"Calle",,"SANTA FE","La Capital","Hormigón","Pavimento","I","Dentro","Urbana","Ninguna","No existe","Intersección","S/D","Buena","Nocturna,Con luz artificial","Buen Tiempo","Lateral","S/D","Colisión","Material Suelto","Horizontal,Vertical","Cordón divisorio","Sin restricción"
2016,7280,10/28/2016,"Viernes",0,19:50:00,,"0.0",2,"Automóvil,Moto/Ciclomotor","Urquiza Y Juan de Garay",3,1,0,0,2,0,0,,"Calle",,"MARIA JUANA","Castellanos","Asfalto","S/D","V","Dentro","Urbana","Ninguna","No existe","Intersección","Bueno","Buena","Atardecer","Buen Tiempo","Lateral","S/D","Colisión","Ninguna","S/D","Ninguna","Sin restricción"
2016,7281,10/17/2016,"Lunes",0,7:20:00,,"0.0",2,"Moto/Ciclomotor,Automóvil","Av Blas Parera Y J Castelli",2,1,0,0,1,0,0,,"Calle",,"SANTA FE","La Capital","Hormigón","Pavimento","I","Dentro","Urbana","Semáforo","Funciona","Intersección","S/D","Reducida p/ objetos","Diurna","Buen Tiempo","Lateral","S/D","Colisión","Material Suelto","Horizontal,Vertical","Cordón divisorio","Obra en Construcción"
2016,7282,10/7/2016,"Viernes",0,21:30:00,,"0.0",2,"Automóvil,Moto/Ciclomotor","P Avanthay Y Av Doctor E Salva",3,2,0,0,1,0,0,,"Avenida",,"RAFAELA","Castellanos","Asfalto","No existe","V","Dentro","Urbana","S/D","No existe","Intersección","Bueno","Buena","Nocturna","Buen Tiempo","Lateral","S/D","Colisión","S/D","S/D","S/D","S/D"
2016,7283,10/11/2016,"Martes",0,12:30:00,,"0.0",2,"Automóvil,Moto/Ciclomotor","Bv H Irigoyen Y Chacabuco",2,1,0,0,1,0,0,,"Avenida",,"RAFAELA","Castellanos","Asfalto","No existe","V","Dentro","Urbana","S/D","No existe","Intersección","Bueno","Buena","Diurna","Buen Tiempo","Lateral","S/D","Colisión","Agua","S/D","S/D","S/D"
2016,7284,10/18/2016,"Martes",0,7:00:00,,"0.0",2,"Moto/Ciclomotor,Automóvil","J Castelli Y Estrada",2,1,0,0,1,0,0,,"Calle",,"SANTA FE","La Capital","Hormigón","Pavimento","I","Dentro","Urbana","Ninguna","No existe","Intersección","Con baches","Buena","Diurna","Buen Tiempo","Lateral","S/D","Colisión","Agua","Vertical","Ninguna","Sin restricción"
2016,7285,10/19/2016,"Miercoles",0,9:05:00,,"0.0",1,"Moto/Ciclomotor","Lisandro de la Torre Y Nicolas Avellaneda",1,1,0,0,0,0,0,,"Calle",,"RAFAELA","Castellanos","Hormigón","No existe","V","Dentro","Urbana","S/D","S/D","Recta","Bueno","Buena","Diurna","Buen Tiempo","S/D","S/D","Caída ocupante","Ninguna","S/D","S/D","Sin restricción"
2016,7286,10/3/2016,"Lunes",0,16:20:00,,"0.0",2,"Automóvil,Moto/Ciclomotor","Av Blas Parera Y French",2,1,0,0,1,0,0,,"Calle",,"SANTA FE","La Capital","Hormigón","Pavimento","I","Dentro","Urbana","Semáforo","Funciona","Intersección","Bueno","Reducida p/ objetos","Diurna","Buen Tiempo","Lateral","S/D","Colisión","Material Suelto","Vertical","Cordón divisorio","Sin restricción"
2016,7287,10/2/2016,"Domingo",0,11:45:00,,"0.0",2,"Moto/Ciclomotor,Moto/Ciclomotor","Tucuman Y Roca",2,1,1,0,0,0,0,,"Calle",,"SUNCHALES","Castellanos","Hormigón","S/D","V","Dentro","Urbana","S/D","No existe","Intersección","Bueno","Buena","Diurna","Buen Tiempo","Lateral","S/D","Colisión","Ninguna","S/D","S/D","Sin restricción"
2016,7288,10/8/2016,"Sabado",0,2:20:00,,"0.0",2,"Moto/Ciclomotor,Pickup/Utilitario","French Y Gdor Rodolfo Lehman",3,2,0,0,1,0,0,,"Calle",,"SANTA FE","La Capital","Asfalto","Natural","I","Dentro","Urbana","Ninguna","No existe","Intersección","Con baches","Reducida","Nocturna,Con luz artificial","Buen Tiempo","Lateral","S/D","Colisión","Material Suelto","Faltante","Ninguna","Sin restricción"
2016,7289,10/13/2016,"Jueves",0,18:00:00,,"0.0",2,"Automóvil,Moto/Ciclomotor","Tucuman Y Italia",2,1,0,0,1,0,0,,"Calle",,"SUNCHALES","Castellanos","Hormigón","No existe","V","Dentro","Urbana","S/D","No existe","Intersección","Bueno","Buena","Diurna","Buen Tiempo","Lateral","S/D","Colisión","Ninguna","Faltante","S/D","Sin restricción"
2016,7290,10/21/2016,"Viernes",0,9:00:00,,"0.0",2,"Bicicleta,Automóvil","25 de Mayo Y Italia",2,1,0,0,1,0,0,,"Calle",,"SUNCHALES","Castellanos","Asfalto","No existe","V","Dentro","Urbana","Ninguna","No existe","Intersección","Bueno","Buena","Diurna","Buen Tiempo","S/D","Ciclista","Atropello","Ninguna","S/D","Ninguna","Sin restricción"
2016,7291,10/12/2016,"Miercoles",0,11:00:00,,"0.0",2,"Moto/Ciclomotor,Pickup/Utilitario","Chiclana ",2,1,0,0,1,0,0,,"Calle",,"SANTA FE","La Capital","Asfalto","Natural","I","Dentro","Urbana","Ninguna","No existe","Intersección","Con baches","Buena","Diurna","Buen Tiempo","Lateral","S/D","Colisión","Material Suelto","Faltante","Ninguna","Sin restricción"
2016,7292,10/12/2016,"Miercoles",0,11:30:00,,"0.0",2,"Moto/Ciclomotor,Taxi/Remis","Alberti Y Aguado",2,1,0,0,1,0,0,,"Calle",,"SANTA FE","La Capital","Asfalto","Natural","I","Dentro","Urbana","Ninguna","No existe","Intersección","Con baches","Buena","Diurna","Buen Tiempo","Lateral","S/D","Colisión","Material Suelto","Faltante","Ninguna","Sin restricción"
2016,7293,10/14/2016,"Viernes",0,11:30:00,"Ruta Nacional 11","872.0",2,"Moto/Ciclomotor,Automóvil"," ",3,2,0,0,1,0,0,,"Ruta",11,"VILLA OCAMPO","General Obligado","Asfalto","Natural","IX","Dentro","Urbana","Ninguna","No existe","Recta","Bueno","Buena","Diurna","Buen Tiempo","De alcance","S/D","Colisión","Ninguna","Faltante","Línea divisoria pintada","Sin restricción"
2016,7294,10/15/2016,"Sabado",0,1:30:00,"Ruta Nacional 11","0.0",2,"Moto/Ciclomotor,Automóvil","Avenida San Martin Y Bv General Obligado",2,1,0,0,1,0,0,,"Ruta",11,"VILLA OCAMPO","General Obligado","Asfalto","No existe","IX","Dentro","Urbana","Ninguna","No existe","Recta","Bueno","Buena","Nocturna,Con luz artificial","Buen Tiempo","De alcance","S/D","Colisión","Ninguna","Faltante","Cordón divisorio","Sin restricción"
2016,7295,10/7/2016,"Viernes",0,11:35:00,,"0.0",2,"Moto/Ciclomotor,Automóvil","Angel Cassanello Y Rivadavia",2,1,0,0,1,0,0,,"Calle",,"SANTA FE","La Capital","Asfalto","No existe","I","Dentro","Urbana","Ninguna","No existe","Intersección","Bueno","Buena","Diurna","Buen Tiempo","Lateral","S/D","Colisión","Ninguna","S/D","Ninguna","Sin restricción"
2016,7296,10/21/2016,"Viernes",0,9:30:00,,"0.0",2,"Automóvil,Moto/Ciclomotor","Brigadier Estanialao Lopez 1950",2,1,0,0,1,0,0,,"Calle",,"VILLA OCAMPO","General Obligado","Asfalto","No existe","IX","Dentro","Urbana","Ninguna","No existe","Recta","Con baches","Buena","Diurna","Buen Tiempo","Lateral","S/D","Colisión","Ninguna","Faltante","Ninguna","Sin restricción"
2016,7297,10/7/2016,"Viernes",0,19:30:00,,"0.0",2,"Moto/Ciclomotor,Pickup/Utilitario","Av Gral Paz Y Derqui",2,1,0,0,1,0,0,,"Calle",,"SANTA FE","La Capital","Asfalto","No existe","I","Dentro","Urbana","Ninguna","No existe","Intersección","Bueno","Buena","Atardecer","Buen Tiempo","Lateral","S/D","Colisión","S/D","S/D","Ninguna","Sin restricción"
2016,7298,10/8/2016,"Sabado",0,4:30:00,,"0.0",2,"Moto/Ciclomotor,Moto/Ciclomotor","Av Gral Paz 5100",2,2,0,0,0,0,0,,"Calle",,"SANTA FE","La Capital","Asfalto","No existe","I","Dentro","Urbana","Ninguna","No existe","Intersección","Bueno","Reducida","Diurna","Buen Tiempo","Lateral","S/D","Colisión","S/D","S/D","Ninguna","Sin restricción"
2016,7299,10/2/2016,"Domingo",0,,,"0.0",2,"Moto/Ciclomotor,Moto/Ciclomotor","Jujuy Y Laprida",2,0,0,0,0,0,2,,"Calle",,"CAPITÁN BERMÚDEZ","San Lorenzo","Asfalto","Pavimento","XVII","Dentro","Urbana","S/D","No existe","Intersección","S/D","S/D","S/D","S/D","Lateral","S/D","Colisión","S/D","S/D","S/D","S/D"
2016,7300,10/8/2016,"Sabado",0,23:00:00,,"0.0",2,"Moto/Ciclomotor,Pickup/Utilitario","Av Gral Paz Y Ricardo Aldao",2,1,0,0,1,0,0,,"Calle",,"SANTA FE","La Capital","Asfalto","No existe","I","Dentro","Urbana","Ninguna","No existe","Intersección","Bueno","Reducida","Nocturna","Buen Tiempo","Lateral","S/D","Colisión","S/D","S/D","Ninguna","Sin restricción"
2016,7301,10/10/2016,"Lunes",0,3:40:00,,"0.0",2,"Automóvil,Moto/Ciclomotor","Salvador del Carril Y Gdor Candioti",3,2,0,0,1,0,0,,"Calle",,"SANTA FE","La Capital","Asfalto","No existe","I","Dentro","Urbana","Ninguna","No existe","Intersección","Bueno","Reducida","Nocturna","Buen Tiempo","Lateral","S/D","Colisión","S/D","S/D","Ninguna","Sin restricción"
2016,7302,10/9/2016,"Domingo",0,21:00:00,"Ruta Nacional 11","0.0",2,"Moto/Ciclomotor,Moto/Ciclomotor","Juan de Garay Y Pte Roca",2,2,0,0,0,0,0,,"Ruta",11,"RECREO","La Capital","Asfalto","Natural","I","Dentro","Urbana","S/D","No existe","Recta","Bueno","Buena","Nocturna,Con luz artificial","Buen Tiempo","Lateral","S/D","Colisión","Ninguna","S/D","S/D","Sin restricción"
2016,7303,10/17/2016,"Lunes",0,14:30:00,"Ruta Nacional 11","0.0",2,"Automóvil,Pickup/Utilitario","Juan de Garay Y Artigas",3,1,0,0,2,0,0,,"Ruta",11,"RECREO","La Capital","Asfalto","S/D","I","Dentro","Urbana","Semáforo","Intermitente","Intersección","Bueno","Buena","Diurna","Buen Tiempo","Lateral","S/D","Colisión","S/D","Vertical","S/D","Sin restricción"
2016,7304,10/22/2016,"Sabado",0,4:45:00,"Ruta Nacional 11","0.0",2,"Moto/Ciclomotor,Automóvil","Juan de Garay Y Monseñor Vicente Zaspe",2,1,0,0,1,0,0,,"Ruta",11,"RECREO","La Capital","Hormigón","Natural","I","Dentro","Urbana","Ninguna","Intermitente","Intersección","Bueno","Buena","Nocturna","Buen Tiempo","Lateral","S/D","Colisión","Ninguna","Horizontal,Vertical","Línea divisoria pintada","Sin restricción"
2016,7305,10/22/2016,"Sabado",0,10:45:00,"Ruta Nacional 11","0.0",1,"Moto/Ciclomotor","Jose Pedroni ",1,1,0,0,0,0,0,,"Ruta",11,"RECREO","La Capital","Asfalto","S/D","I","Dentro","Urbana","S/D","No existe","Curva","Bueno","Buena","Diurna","Buen Tiempo","S/D","S/D","Caída ocupante","S/D","S/D","S/D","S/D"
2016,7306,10/13/2016,"Jueves",0,20:15:00,,"0.0",1,"Bicicleta","Rosario Y Chile",1,1,0,0,0,0,0,,"Calle",,"RECREO","La Capital","S/D","No existe","I","Dentro","Urbana","S/D","No existe","Intersección","S/D","Buena","Diurna","S/D","S/D","S/D","Caída ocupante","S/D","S/D","S/D","S/D"
2016,7307,10/14/2016,"Viernes",0,20:20:00,"Ruta Nacional 11","0.0",2,"Automóvil,Moto/Ciclomotor","Ruta Nacional 11 Y Cordoba",2,1,0,0,1,0,0,,"Ruta",11,"RECREO","La Capital","Asfalto","Natural","I","Dentro","Urbana","Ninguna","No existe","Intersección","Bueno","Buena","Nocturna","Buen Tiempo","Lateral","S/D","Colisión","S/D","S/D","Ninguna","Sin restricción"
2016,7308,10/1/2016,"Sabado",0,20:35:00,,"0.0",2,"Automóvil,Bicicleta","1 de Mayo 500",2,0,1,0,1,0,0,,"Calle",,"RECREO","La Capital","Ripio","S/D","I","Dentro","Urbana","Ninguna","S/D","Recta","Bueno","S/D","Nocturna","Buen Tiempo","S/D","Ciclista","Atropello","Ninguna","S/D","Ninguna","S/D"
2016,7309,10/16/2016,"Domingo",0,2:30:00,"Ruta Nacional 11","505.0",1,"Moto/Ciclomotor"," ",1,0,1,0,0,0,0,,"Ruta",11,"NELSON","La Capital","Asfalto","Natural","I","Dentro","Rural","S/D","No existe","Curva","Deteriorada","Reducida","Nocturna","Buen Tiempo","S/D","S/D","Caída ocupante","S/D","Horizontal","Línea divisoria pintada","Sin restricción"
2016,7310,10/16/2016,"Domingo",0,2:20:00,,"0.0",2,"Automóvil,Moto/Ciclomotor","Ayacucho Y Azopardo",2,1,0,0,1,0,0,,"Calle",,"SANTA FE","La Capital","Asfalto","Natural","I","Dentro","Urbana","S/D","No existe","Intersección","Bueno","Buena","Nocturna","Buen Tiempo","Lateral","S/D","Colisión","S/D","S/D","Cordón divisorio","Sin restricción"
2016,7311,10/9/2016,"Domingo",0,20:30:00,,"0.0",2,"Automóvil,Moto/Ciclomotor","Av Peñaloza Y French",2,1,0,0,1,0,0,,"Avenida",,"SANTA FE","La Capital","Asfalto","S/D","I","Dentro","Urbana","Ninguna","S/D","Intersección","Bueno","Buena","Nocturna","Buen Tiempo","Lateral","S/D","Colisión","Ninguna","S/D","Cordón divisorio","Sin restricción"
2016,7312,10/17/2016,"Lunes",0,15:30:00,,"0.0",1,"Moto/Ciclomotor","Larguia 9800",2,1,0,0,1,0,0,,"Calle",,"SANTA FE","La Capital","Asfalto","Pavimento","I","Dentro","Urbana","Ninguna","No existe","Recta","Bueno","Buena","Diurna","Buen Tiempo","S/D","S/D","Caída ocupante","Ninguna","S/D","Ninguna","Sin restricción"
2016,7313,10/24/2016,"Lunes",0,20:15:00,,"0.0",2,"Moto/Ciclomotor,Automóvil","Millan Medina Y Av Blas Parera",2,1,0,0,1,0,0,,"Avenida",,"SANTA FE","La Capital","Hormigón","Pavimento","I","Dentro","Urbana","S/D","No funciona","Intersección","Bueno","Buena","Nocturna","Buen Tiempo","Lateral","S/D","Colisión","S/D","Vertical","S/D","Obra en Construcción"
2016,7314,10/26/2016,"Miercoles",0,12:05:00,,"0.0",2,"Automóvil,Moto/Ciclomotor","Estrada Y Risso",2,1,0,0,1,0,0,,"Calle",,"SANTA FE","La Capital","Asfalto","Pavimento","I","Dentro","Urbana","Ninguna","No existe","Intersección","Bueno","Buena","Diurna","Buen Tiempo","Lateral","S/D","Colisión","Ninguna","S/D","Cordón divisorio","Sin restricción"
2016,7315,10/19/2016,"Miercoles",0,20:45:00,,"0.0",2,"Bicicleta,Automóvil","Buenos Aires Y Rca Oriental del Uruguay",2,1,0,0,1,0,0,,"Calle",,"SANTO TOMÉ","La Capital","Asfalto","No existe","I","Dentro","Urbana","S/D","No existe","Intersección","Bueno","Buena","Nocturna,Con luz artificial","Buen Tiempo","S/D","Ciclista","Atropello","Ninguna","Faltante","S/D","Sin restricción"
2016,7316,10/19/2016,"Miercoles",0,23:55:00,,"0.0",2,"Moto/Ciclomotor,Automóvil","Rca Oriental del Uruguay Y Avenida Nuestra Señora del Luj",2,1,0,0,1,0,0,,"Avenida",,"SANTO TOMÉ","La Capital","Asfalto","No existe","I","Dentro","Urbana","Ninguna","Funciona","Intersección","Bueno","Buena","Nocturna,Con luz artificial","Buen Tiempo","Lateral","S/D","Colisión","Ninguna","S/D","Ninguna","Sin restricción"