"anio_acci","nro_acci","fecha","desc_dia","fecha_aprox","hora_aprox","desc_ruta","km","cant_participantes","desc_participante","calle_avenida_km","total","heridos_leves","heridos_graves","heridos_gravisimos","ilesos","fallecidos","sin_datos","posicion_XY","desc_tipo_via","desc_ruta_ori","desc_loc","desc_dpto","desc_tipo_calzada","desc_tipo_banquina","desc_unidad_regional","desc_lugar_calzada","desc_zona","desc_prioridad","desc_estado_semaforo","desc_lugar_via","desc_estado_via","desc_estado_visibilidad","desc_luminosidad","desc_estado_clima","desc_tipo_colision","desc_tipo_atropello","desc_tipo_hecho","desc_pres_calzada","desc_senializacion","desc_separacion_via","desc_restriccion"
2016,7317,10/10/2016,"Lunes",0,0:10:00,"Ruta Nacional 11","0.0",2,"Automóvil,Moto/Ciclomotor","Ruta 11 Avenida Richieri Y 13 de diciembre",2,0,1,0,1,0,0,,"Ruta",11,"SANTO TOMÉ","La Capital","Asfalto","Natural","I","Dentro","Urbana","S/D","Intermitente","Intersección","Bueno","Buena","Nocturna","Buen Tiempo","Lateral","S/D","Colisión","S/D","S/D","S/D","Sin restricción"
2016,7318,10/3/2016,"Lunes",0,18:35:00,,"0.0",2,"Automóvil,Automóvil","Primera Junta Y Cordoba",2,1,0,0,1,0,0,,"Calle",,"SANTO TOMÉ","La Capital","Asfalto","Natural","I","Dentro","Urbana","S/D","No existe","Intersección","Bueno","Buena","Diurna","Buen Tiempo","Lateral","S/D","Colisión","S/D","S/D","S/D","S/D"
2016,7319,10/3/2016,"Lunes",0,18:20:00,,"0.0",2,"Moto/Ciclomotor,Moto/Ciclomotor","Avenida Nuestra Señora del Luj 4000",2,0,2,0,0,0,0,,"Calle",,"SANTO TOMÉ","La Capital","Asfalto","No existe","I","Dentro","Urbana","S/D","No existe","Recta","Bueno","Buena","Diurna","Buen Tiempo","Lateral","S/D","Colisión","S/D","S/D","S/D","S/D"
2016,7320,10/3/2016,"Lunes",0,6:00:00,"Ruta Nacional 11","0.0",1,"Moto/Ciclomotor","Avenida Nuestra Señora del Luj ",1,1,0,0,0,0,0,,"Ruta",11,"SANTO TOMÉ","La Capital","Asfalto","Natural","I","Dentro","Urbana","S/D","No existe","Intersección","Bueno","Buena","Diurna","Buen Tiempo","S/D","S/D","Caída ocupante","S/D","S/D","S/D","S/D"
2016,7321,10/31/2016,"Lunes",0,18:50:00,,"0.0",2,"Bicicleta,Pickup/Utilitario","Balcarce Y General Manuel Belgrano",2,1,0,0,1,0,0,,"Calle",,"SANTO TOMÉ","La Capital","Asfalto","No existe","I","Dentro","Urbana","Ninguna","No existe","Intersección","Bueno","Buena","Nocturna","Buen Tiempo","S/D","Ciclista","Atropello","Ninguna","S/D","Ninguna","Sin restricción"
2016,7322,10/11/2016,"Martes",0,10:50:00,,"0.0",2,"Automóvil,Bicicleta","Rca Oriental del Uruguay Y Salta",2,1,0,0,1,0,0,,"Calle",,"SANTO TOMÉ","La Capital","Ripio","S/D","I","Dentro","Urbana","S/D","No existe","Intersección","Con baches","Buena","Diurna","Buen Tiempo","S/D","Ciclista","Atropello","S/D","S/D","S/D","S/D"
2016,7323,10/8/2016,"Sabado",0,18:30:00,,"0.0",2,"Moto/Ciclomotor,Automóvil","Chaco Y Hernandarias",2,1,0,0,1,0,0,,"Calle",,"SANTO TOMÉ","La Capital","Asfalto","S/D","I","Dentro","Urbana","S/D","No existe","Intersección","Bueno","Buena","Diurna","Buen Tiempo","Lateral","S/D","Colisión","S/D","S/D","S/D","Sin restricción"
2016,7324,10/19/2016,"Miercoles",0,17:00:00,,"0.0",1,"Moto/Ciclomotor","Mariano Candioti Y Juan Antonio Alvarez de Arenal",1,1,0,0,0,0,0,,"Calle",,"SANTO TOMÉ","La Capital","Asfalto","No existe","I","Dentro","Urbana","S/D","No existe","Recta","Con baches","Buena","Diurna","Buen Tiempo","S/D","S/D","Caída ocupante","S/D","S/D","S/D","S/D"
2016,7325,10/11/2016,"Martes",0,17:00:00,,"0.0",2,"Automóvil,Peatón","Mariano Candioti 3200",2,1,0,0,1,0,0,,"Calle",,"SANTO TOMÉ","La Capital","Asfalto","No existe","I","Dentro","Urbana","S/D","No existe","Recta","Bueno","Buena","Diurna","Buen Tiempo","S/D","Peatón","Atropello","Ninguna","S/D","S/D","S/D"
2016,7326,10/13/2016,"Jueves",0,12:50:00,,"0.0",2,"Automóvil,Pickup/Utilitario","Mariano Candioti Y Balcarce",2,1,0,0,1,0,0,,"Calle",,"SANTO TOMÉ","La Capital","Asfalto","No existe","I","Dentro","Urbana","S/D","No existe","Intersección","Bueno","Buena","Diurna","Buen Tiempo","Lateral","S/D","Colisión","Ninguna","Horizontal","S/D","Sin restricción"
2016,7327,10/22/2016,"Sabado",0,10:20:00,,"0.0",2,"Bicicleta,Taxi/Remis","12 de septiembre Y Presidente Bernardino Rivadavi",2,1,0,0,1,0,0,,"Calle",,"SANTO TOMÉ","La Capital","Tierra","No existe","I","Dentro","Urbana","Ninguna","No existe","Intersección","Bueno","Buena","Diurna","Buen Tiempo","S/D","Ciclista","Atropello","Ninguna","S/D","Ninguna","S/D"
2016,7328,10/25/2016,"Martes",0,21:00:00,,"0.0",2,"Moto/Ciclomotor,Automóvil","Mariano Candioti Y Balcarce",2,0,1,0,1,0,0,,"Calle",,"SANTO TOMÉ","La Capital","Asfalto","S/D","I","Dentro","Urbana","S/D","S/D","Intersección","Bueno","Buena","Nocturna","Buen Tiempo","Lateral","S/D","Colisión","S/D","S/D","S/D","S/D"
2016,7329,10/7/2016,"Viernes",0,19:00:00,,"0.0",2,"Automóvil,Automóvil"," ",2,1,0,0,1,0,0,,"S/D",,"SANTO TOMÉ","La Capital","Asfalto","No existe","I","Dentro","Urbana","Ninguna","No existe","Recta","Bueno","Buena","Atardecer","Buen Tiempo","Lateral","S/D","Colisión","Ninguna","S/D","Ninguna","Sin restricción"
2016,7330,10/8/2016,"Sabado",0,6:20:00,,"0.0",2,"Automóvil,Automóvil","Pres Domingo Faustino Sarmient 3462",2,2,0,0,0,0,0,,"Calle",,"SANTO TOMÉ","La Capital","Asfalto","No existe","I","Dentro","Urbana","Ninguna","No existe","Recta","Bueno","Buena","Diurna","Buen Tiempo","De alcance","S/D","Colisión","S/D","Faltante","Ninguna","Sin restricción"
2016,7331,10/13/2016,"Jueves",0,14:30:00,,"0.0",2,"Peatón,Moto/Ciclomotor","Roque Saenz Peña 3800",2,1,0,0,1,0,0,,"Calle",,"SANTO TOMÉ","La Capital","Tierra","No existe","I","Dentro","Urbana","Ninguna","No existe","Recta","Ahuellamiento","Buena","Diurna","Buen Tiempo","S/D","Peatón","Atropello","S/D","S/D","Ninguna","Sin restricción"
2016,7332,10/24/2016,"Lunes",0,18:30:00,,"0.0",2,"Moto/Ciclomotor,Bicicleta","Pres Domingo Faustino Sarmient Y Grl Enrique Mosconi",3,2,0,0,1,0,0,,"Calle",,"SANTO TOMÉ","La Capital","Asfalto","No existe","I","Dentro","Urbana","Ninguna","No existe","Intersección","Bueno","Buena","Diurna","Buen Tiempo","S/D","Ciclista","Atropello","Ninguna","Faltante","Ninguna","Sin restricción"
2016,7333,10/30/2016,"Domingo",0,7:50:00,"Autopista Provincial Brigadier E.López","152.0",1,"Automóvil"," ",1,1,0,0,0,0,0,,"Autopista","Brigadier E.López","SANTO TOMÉ","La Capital","S/D","S/D","I","Dentro","Rural","S/D","S/D","Recta","S/D","Buena","Diurna","Buen Tiempo","S/D","S/D","Vuelco","S/D","S/D","S/D","S/D"
2016,7334,10/12/2016,"Miercoles",0,11:20:00,,"0.0",2,"Moto/Ciclomotor,Automóvil","Mariano Candioti Y Balcarce",2,1,0,0,1,0,0,,"Calle",,"SANTO TOMÉ","La Capital","Asfalto","S/D","I","Dentro","Urbana","S/D","No existe","Intersección","Bueno","Buena","Diurna","Buen Tiempo","Lateral","S/D","Colisión","S/D","Faltante","Ninguna","S/D"
2016,7335,10/21/2016,"Viernes",0,19:15:00,,"0.0",2,"Moto/Ciclomotor,Automóvil","Avenida Del Trabajo Y Presidente Bernardino Rivadavi",2,1,0,0,1,0,0,,"Calle",,"SANTO TOMÉ","La Capital","Asfalto","No existe","I","Dentro","Urbana","Ninguna","No existe","Intersección","Bueno","Buena","Atardecer","Buen Tiempo","Lateral","S/D","Colisión","Ninguna","S/D","Ninguna","S/D"
2016,7336,10/15/2016,"Sabado",0,14:01:00,,"0.0",2,"Moto/Ciclomotor,Automóvil","Rio Negro Y Gobernador Crespo",3,2,0,0,1,0,0,,"Calle",,"SANTO TOMÉ","La Capital","Asfalto","No existe","I","Dentro","Urbana","S/D","No existe","Intersección","Bueno","Buena","Nocturna","Buen Tiempo","Lateral","S/D","Colisión","Ninguna","S/D","S/D","S/D"
2016,7337,10/14/2016,"Viernes",0,10:00:00,,"0.0",2,"Bicicleta,Automóvil","Pedro Ferrer 2575",2,1,0,0,1,0,0,,"Calle",,"SANTO TOMÉ","La Capital","Asfalto","No existe","I","Dentro","Urbana","Ninguna","No existe","Recta","Bueno","Buena","Diurna","Buen Tiempo","S/D","Ciclista","Atropello","Ninguna","S/D","Ninguna","Sin restricción"
2016,7338,5/28/2016,"Sabado",0,7:30:00,,"0.0",2,"Moto/Ciclomotor,Automóvil"," ",3,0,1,0,1,1,0,"-32.747649, -60.738433","Calle",,"SAN LORENZO","San Lorenzo","S/D","S/D","XVII","Dentro","Urbana","S/D","S/D","Intersección","S/D","Reducida","Diurna","Lluvia","Lateral","S/D","Colisión","S/D","S/D","S/D","S/D"
2016,7339,5/1/2016,"Domingo",0,,,"0.0",1,"Otros"," ",1,0,0,0,0,1,0,"-32.943406, -60.670248","S/D",,"ROSARIO","Rosario","S/D","S/D","II","S/D","S/D","S/D","S/D","S/D","S/D","S/D","S/D","S/D","S/D","S/D","S/D","S/D","S/D","S/D","S/D"
2016,7340,5/1/2016,"Domingo",1,,,"0.0",1,"Otros"," ",1,0,0,0,0,1,0,"-32.942677, -60.674379","S/D",,"ROSARIO","Rosario","S/D","S/D","II","S/D","S/D","S/D","S/D","S/D","S/D","S/D","S/D","S/D","S/D","S/D","S/D","S/D","S/D","S/D","S/D"
2016,7341,10/21/2016,"Viernes",0,17:05:00,"Ruta Nacional 11","0.0",2,"Moto/Ciclomotor,Transporte de Pasajeros Urbano (> 8 asientos)","Marcelo T de Alvear ",2,1,0,0,1,0,0,,"Ruta",11,"SAUCE VIEJO","La Capital","Ripio","Ripio","I","Dentro","Urbana","Ninguna","No existe","Recta","Bueno","Buena","Atardecer","Buen Tiempo","De alcance","S/D","Colisión","S/D","Faltante","Ninguna","Sin restricción"
2016,7342,10/15/2016,"Sabado",0,9:20:00,,"0.0",2,"Moto/Ciclomotor,Moto/Ciclomotor","Bvard Lopez Y Rivadavia",3,2,0,0,0,0,1,,"Calle",,"CERES","San Cristóbal","Asfalto","No existe","XIII","Dentro","Urbana","Ninguna","No existe","Intersección","Bueno","Buena","Con luz artificial","Buen Tiempo","Frontal","S/D","Colisión","Ninguna","Horizontal","Cordón divisorio","Sin restricción"
2016,7343,10/6/2016,"Jueves",0,13:25:00,"Ruta Provincial Brigadier E.López","140.0",2,"Automóvil,Pickup/Utilitario"," ",6,2,0,0,4,0,0,,"Ruta","Brigadier E.López","SAUCE VIEJO","La Capital","Tierra","Natural","I","Dentro","Urbana","Ninguna","No existe","Recta","Ahuellamiento","Buena","Diurna","Buen Tiempo","De alcance","S/D","Colisión","Material Suelto","Faltante","Vegetación","Sin restricción"
2016,7344,10/10/2016,"Lunes",0,11:55:00,,"0.0",2,"Moto/Ciclomotor,Automóvil"," ",2,0,1,0,1,0,0,,"Camino Rural",,"COLONIA ROSA","San Cristóbal","Tierra","Natural","XIII","S/D","Rural","Ninguna","No existe","Intersección","Bueno","Reducida polvo","Diurna","Viento Fuerte","Lateral","S/D","Colisión","Material Suelto","Faltante","Ninguna","Sin restricción"
2016,7345,10/3/2016,"Lunes",0,13:55:00,"Ruta Provincial Brigadier E.López","153.0",1,"Transporte de Pasajeros Urbano (> 8 asientos)"," ",2,1,0,0,1,0,0,,"Ruta","Brigadier E.López","SANTO TOMÉ","La Capital","Asfalto","Natural","I","Dentro","Rural","Ninguna","No existe","Recta","Bueno","Buena","Diurna","Buen Tiempo","S/D","S/D","Caída ocupante","S/D","Faltante","Vegetación","Sin restricción"
2016,7346,10/22/2016,"Sabado",0,1:30:00,,"0.0",2,"Moto/Ciclomotor,Pickup/Utilitario","Tucuman Y Buenos Aires",3,1,0,0,2,0,0,,"Calle",,"LAS ROSAS","Belgrano","Asfalto","Pavimento","III","Dentro","Urbana","Ninguna","No existe","Recta","Bueno","Buena","Nocturna,Con luz artificial","Buen Tiempo","Contra objeto fijo","S/D","Colisión","S/D","Vertical","Ninguna","Sin restricción"
2016,7347,10/21/2016,"Viernes",0,8:10:00,,"0.0",2,"Automóvil,Moto/Ciclomotor","Bv Kenmis ",2,0,1,0,1,0,0,,"Calle",,"LAS ROSAS","Belgrano","Ripio","Pavimento","III","Dentro","Urbana","Ninguna","No existe","Recta","Bueno","Buena","Diurna","Buen Tiempo","Lateral","S/D","Colisión","Ninguna","Vertical","Ninguna","Sin restricción"
2016,7348,10/10/2016,"Lunes",0,18:20:00,"Ruta Provincial 2","0.0",1,"Automóvil","Ruta 2 ",2,2,0,0,0,0,0,,"Ruta",2,"SAN CRISTÓBAL","San Cristóbal","Asfalto","Natural","XIII","Fuera","Rural","Ninguna","No existe","Recta","Bueno","Buena","Diurna","Buen Tiempo","S/D","S/D","Vuelco,Despiste","Ninguna","Faltante","Línea divisoria pintada","Sin restricción"
2016,7349,10/20/2016,"Jueves",0,14:30:00,,"0.0",2,"Moto/Ciclomotor,Camión Chasis","Moreno Y Ituzaingo",2,1,0,0,1,0,0,,"Calle",,"LAS ROSAS","Belgrano","Asfalto","Pavimento","III","Dentro","Urbana","Ninguna","No existe","Intersección","Bueno","Buena","Diurna","Buen Tiempo","Lateral","S/D","Colisión","S/D","Vertical","Ninguna","Sin restricción"
2016,7350,10/22/2016,"Sabado",0,21:05:00,,"0.0",2,"Moto/Ciclomotor,Moto/Ciclomotor","Simon de Iriondo 240",3,2,1,0,0,0,0,,"Calle",,"LAS ROSAS","Belgrano","Asfalto","Pavimento","III","Dentro","Urbana","Ninguna","No existe","Recta","Bueno","Buena","Nocturna,Con luz artificial","Buen Tiempo","De alcance","S/D","Colisión","S/D","Faltante","Ninguna","Sin restricción"
2016,7351,10/9/2016,"Domingo",0,17:00:00,"Ruta Nacional 34","317.0",1,"Camión c / Acoplado"," ",2,0,1,0,1,0,0,,"Ruta",34,"MONIGOTES","San Cristóbal","Asfalto","Natural","XIII","Dentro","Rural","Ninguna","No existe","Recta","Bueno","Buena","Diurna","Buen Tiempo","Otro","S/D","Otro","Ninguna","Faltante","Línea divisoria pintada","Sin restricción"
2016,7352,10/3/2016,"Lunes",0,20:30:00,,"0.0",2,"Automóvil,Moto/Ciclomotor","Libertad Y Entre Rios",2,1,0,0,1,0,0,,"Calle",,"LAS ROSAS","Belgrano","Asfalto","No existe","III","Dentro","Urbana","Ninguna","No existe","Recta","Bueno","Buena","Nocturna,Con luz artificial","Buen Tiempo","De alcance","S/D","Colisión","Ninguna","Faltante","Ninguna","Sin restricción"
2016,7353,10/29/2016,"Sabado",0,23:30:00,,"0.0",1,"Moto/Ciclomotor"," ",2,2,0,0,0,0,0,,"Calle",,"FORTÍN OLMOS","Vera","Tierra","No existe","XIX","Dentro","Urbana","Ninguna","No existe","Recta","Deteriorada","Reducida","Nocturna","S/D","S/D","S/D","Caída ocupante","S/D","S/D","Ninguna","Sin restricción"
2016,7354,10/14/2016,"Viernes",0,21:30:00,,"0.0",1,"Moto/Ciclomotor"," ",1,1,0,0,0,0,0,,"Calle",,"TARTAGAL","Vera","Tierra","No existe","XIX","Dentro","Urbana","Ninguna","No existe","Recta","Resbaladiza","Buena","Diurna","Buen Tiempo","S/D","S/D","Caída ocupante","Agua","Faltante","Ninguna","Sin restricción"
2016,7355,10/14/2016,"Viernes",0,9:10:00,"Ruta Secundaria 50-s","0.0",1,"Moto/Ciclomotor","General San Martin Ruta S 50 Y 1° De Mayo",2,2,0,0,0,0,0,,"Ruta","50-s","LAS TUNAS","Las Colonias","Asfalto","Natural","XI","Dentro","Urbana","Ninguna","Intermitente","Recta","Deteriorada","Buena","Diurna","Buen Tiempo","Otro","S/D","Despiste","Ninguna","Vertical","Ninguna","Sin restricción"
2016,7356,10/9/2016,"Domingo",0,20:30:00,,"0.0",1,"Moto/Ciclomotor","Simon de Iriondo 6200",1,1,0,0,0,0,0,,"Calle",,"ESPERANZA","Las Colonias","Asfalto","No existe","XI","Dentro","Urbana","S/D","No existe","Recta","Bueno","Buena","Nocturna","Buen Tiempo","Atropello animal","S/D","Colisión","S/D","S/D","Ninguna","S/D"
2016,7357,10/18/2016,"Martes",0,7:40:00,,"0.0",1,"Moto/Ciclomotor","Simon de Iriondo Y Leon Gauchat",2,2,0,0,0,0,0,,"Calle",,"ESPERANZA","Las Colonias","Asfalto","S/D","XI","Dentro","Urbana","S/D","No existe","Recta","Resbaladiza","Buena","Diurna","Lluvia","S/D","S/D","Caída ocupante","Agua","Faltante","S/D","S/D"
2016,7358,10/7/2016,"Viernes",0,19:30:00,"Ruta Provincial 6","0.0",2,"Automóvil,Moto/Ciclomotor","Carlos Montalbetti ",2,1,0,0,1,0,0,,"Ruta",6,"ESPERANZA","Las Colonias","Asfalto","Natural","XI","Dentro","Urbana","Ninguna","No existe","Intersección","Bueno","Buena","Atardecer","Buen Tiempo","Lateral","S/D","Colisión","Ninguna","S/D","Línea divisoria pintada","Sin restricción"
2016,7359,10/10/2016,"Lunes",0,21:20:00,,"0.0",1,"Moto/Ciclomotor","Peru Y Libertad",1,1,0,0,0,0,0,,"Calle",,"ESPERANZA","Las Colonias","Asfalto","S/D","XI","Dentro","Urbana","Ninguna","No existe","Intersección","Bueno","Buena","Nocturna","Buen Tiempo","Contra objeto fijo","S/D","Colisión","Ninguna","Faltante","Ninguna","Sin restricción"
2016,7360,10/15/2016,"Sabado",0,22:40:00,,"0.0",2,"Automóvil,Moto/Ciclomotor","General San Martin Y Laprade",3,0,1,0,2,0,0,,"Calle",,"SAN CARLOS NORTE","Las Colonias","Asfalto","Pavimento","XI","Dentro","Urbana","S/D","No existe","Recta","Con baches","Buena","Nocturna,Con luz artificial","Buen Tiempo","Lateral","S/D","Colisión","Ninguna","Faltante","S/D","S/D"
2016,7361,10/26/2016,"Miercoles",0,7:20:00,,"0.0",2,"Pickup/Utilitario,Moto/Ciclomotor","Avenida Las Americas Y Juan De Garay",2,1,0,0,1,0,0,,"Avenida",,"SANTO DOMINGO","Las Colonias","Asfalto","No existe","XI","Dentro","Urbana","S/D","No existe","Intersección","Bueno","Buena","Diurna","Buen Tiempo","Lateral","S/D","Colisión","Ninguna","Vertical","Ninguna","Sin restricción"
2016,7362,10/15/2016,"Sabado",0,12:10:00,"Ruta Provincial 4","88.0",1,"Pickup/Utilitario"," ",3,1,2,0,0,0,0,,"Ruta",4,"ELISA","Las Colonias","Asfalto","Natural","XI","Dentro","Urbana","S/D","No existe","Curva","Bueno","Buena","Diurna","Buen Tiempo","S/D","S/D","Vuelco","Ninguna","S/D","S/D","Sin restricción"
2016,7363,10/22/2016,"Sabado",0,22:10:00,,"0.0",2,"Pickup/Utilitario,Moto/Ciclomotor","Rosario Y San Carlos",2,0,1,0,1,0,0,,"Calle",,"SANTA CLARA DE BUENA VISTA","Las Colonias","Asfalto","No existe","XI","Dentro","Urbana","Ninguna","No existe","Intersección","Bueno","Buena","Nocturna","Buen Tiempo","Lateral","S/D","Colisión","S/D","Faltante","Ninguna","Sin restricción"
2016,7364,10/28/2016,"Viernes",0,20:15:00,,"0.0",2,"Automóvil,Moto/Ciclomotor","Pilar Y Buenos Aires",2,1,0,0,1,0,0,,"Calle",,"SANTA CLARA DE BUENA VISTA","Las Colonias","Asfalto","No existe","XI","Dentro","Urbana","Ninguna","No existe","Intersección","Bueno","Buena","Nocturna,Con luz artificial","Buen Tiempo","Lateral","S/D","Colisión","Ninguna","Faltante","Ninguna","Sin restricción"
2016,7365,10/3/2016,"Lunes",0,18:00:00,"Ruta Provincial 68","0.0",2,"Moto/Ciclomotor,Moto/Ciclomotor","Ruta Nac nro. 70 ",2,1,0,0,1,0,0,,"Ruta",68,"HUMBOLDT","Las Colonias","Asfalto","Natural","XI","Dentro","Rural","Otra Señal","No existe","Intersección","Bueno","Buena","Diurna","Buen Tiempo","Lateral","S/D","Colisión","Ninguna","S/D","Línea divisoria pintada","Sin restricción"
2016,7366,10/10/2016,"Lunes",0,4:50:00,,"0.0",1,"Moto/Ciclomotor"," ",1,1,0,0,0,0,0,,"Calle",,"HUMBOLDT","Las Colonias","Hormigón","No existe","XI","Dentro","Urbana","Ninguna","No existe","Plaza","S/D","Buena","Nocturna,Con luz artificial","Lluvia","Contra objeto fijo","S/D","Colisión","S/D","Faltante","Cordón divisorio","Sin restricción"
2016,7367,10/13/2016,"Jueves",0,18:00:00,,"0.0",2,"Automóvil,Automóvil","Av Libertad Y 25 de Mayo",3,1,0,0,2,0,0,,"Calle",,"HUMBOLDT","Las Colonias","Asfalto","No existe","XI","Dentro","Urbana","Ninguna","No existe","Intersección","Bueno","Buena","Atardecer","Buen Tiempo","Lateral","S/D","Colisión","Ninguna","S/D","Ninguna","Accidente Previo"
2016,7368,10/13/2016,"Jueves",0,12:20:00,,"0.0",2,"Moto/Ciclomotor,Automóvil","7 de marzo Y Dalmacio Velez Sarfield",2,1,0,0,1,0,0,,"Calle",,"SANTO TOMÉ","La Capital","Hormigón","Ripio","I","Dentro","Urbana","Ninguna","No existe","Intersección","Con baches","Buena","Diurna","Buen Tiempo","Lateral","S/D","Colisión","S/D","S/D","S/D","S/D"
2016,7369,10/12/2016,"Miercoles",0,21:15:00,,"0.0",2,"Moto/Ciclomotor,Automóvil","Av 7 de marzo Y Cordoba",2,1,0,0,1,0,0,,"Calle",,"SANTO TOMÉ","La Capital","Asfalto","No existe","I","Dentro","Urbana","Ninguna","No existe","Intersección","Bueno","Buena","Nocturna,Con luz artificial","Buen Tiempo","Lateral","S/D","Colisión","Ninguna","S/D","Ninguna","Sin restricción"
2016,7370,10/10/2016,"Lunes",0,13:10:00,,"0.0",2,"Moto/Ciclomotor,Automóvil","Avenida Nuestra Señora del Luj Y 9 de julio",2,1,0,0,1,0,0,,"Avenida",,"SANTO TOMÉ","La Capital","Asfalto","No existe","I","Dentro","Urbana","Semáforo","Funciona","Intersección","Bueno","Buena","Diurna","Buen Tiempo","Lateral","S/D","Colisión","Ninguna","Horizontal,Vertical","Línea divisoria pintada","Sin restricción"
2016,7371,10/10/2016,"Lunes",0,11:05:00,,"0.0",2,"Moto/Ciclomotor,Transporte de Pasajeros Urbano (> 8 asientos)","7 de marzo Y Cordoba",3,2,0,0,1,0,0,,"Calle",,"SANTO TOMÉ","La Capital","Asfalto","No existe","I","Dentro","Urbana","S/D","No existe","Intersección","Bueno","Buena","Diurna","Buen Tiempo","Lateral","S/D","Colisión","Ninguna","S/D","S/D","Sin restricción"
2016,7372,10/10/2016,"Lunes",0,3:00:00,,"0.0",2,"Moto/Ciclomotor,Automóvil","Azcuenaga Y Cristobal Colon",2,1,0,0,1,0,0,,"Calle",,"SANTO TOMÉ","La Capital","Asfalto","No existe","I","Dentro","Urbana","S/D","No existe","Intersección","Con baches","Buena","Nocturna","Buen Tiempo","Lateral","S/D","Colisión","Ninguna","S/D","S/D","Sin restricción"
2016,7373,10/22/2016,"Sabado",0,16:30:00,,"0.0",2,"Moto/Ciclomotor,Automóvil","Avenida Nuestra Señora del Luj Y 7 de marzo",2,1,0,0,1,0,0,,"Avenida",,"SANTO TOMÉ","La Capital","Asfalto","No existe","I","Dentro","Urbana","Semáforo","Funciona","Intersección","Bueno","Buena","Diurna","Buen Tiempo","Lateral","S/D","Colisión","Ninguna","S/D","Línea divisoria pintada","Sin restricción"
2016,7374,10/7/2016,"Viernes",0,14:30:00,"Ruta Nacional 34","323.0",1,"Moto/Ciclomotor"," ",1,0,1,0,0,0,0,,"Ruta",34,"CURUPAITY","San Cristóbal","Asfalto","Ripio","XIII","Dentro","Urbana","Marca Vial","No existe","Recta","Bueno","Buena","Diurna","Buen Tiempo","Atropello animal","S/D","Colisión","Ninguna","S/D","Línea divisoria pintada","Sin restricción"
2016,7375,10/1/2016,"Sabado",0,22:07:00,,"0.0",1,"Automóvil","9 de Julio 1163",1,1,0,0,0,0,0,,"Calle",,"SAN CRISTÓBAL","San Cristóbal","Ripio","No existe","XIII","Dentro","Urbana","Ninguna","No existe","Recta","Bueno","Buena","Nocturna","Buen Tiempo","Contra objeto fijo","S/D","Colisión","Ninguna","Faltante","Ninguna","S/D"
2016,7376,5/7/2016,"Sabado",0,,,"0.0",2,"Moto/Ciclomotor,Camión c / Acoplado","San Martín Y 1° de Mayo",2,0,0,0,1,1,0,"-34.318002, -62.042425","Calle",,"SAN GREGORIO","General López","Asfalto","No existe","VIII","Dentro","Urbana","S/D","S/D","Intersección","Bueno","Buena","Diurna","Buen Tiempo","Lateral","S/D","Colisión","Ninguna","S/D","Ninguna","S/D"
2016,7377,4/1/2016,"Viernes",0,,"Ruta Nacional 11","0.0",1,"Otros","Ruta Nacional 11 1580",1,0,0,0,0,1,0,"-29.152652, -59.657375","Ruta",11,"RECONQUISTA","General Obligado","Hormigón","S/D","IX","Dentro","Urbana","S/D","S/D","Recta","Bueno","S/D","S/D","S/D","S/D","S/D","S/D","S/D","S/D","S/D","S/D"
2016,7378,10/2/2016,"Domingo",0,20:25:00,,"0.0",1,,"Caseros Y Bv San Martin",2,1,0,0,1,0,0,,"Avenida",,"SAN CRISTÓBAL","San Cristóbal","Asfalto","No existe","XIII","Dentro","Urbana","Ninguna","No existe","Intersección","Bueno","Buena","Nocturna","Buen Tiempo","Lateral","S/D","Colisión","Ninguna","Faltante","Ninguna","Sin restricción"
2016,7379,10/2/2016,"Domingo",0,20:25:00,,"0.0",2,"Automóvil,Moto/Ciclomotor","Caseros Y Bv San Martin",2,1,0,0,1,0,0,,"Avenida",,"SAN CRISTÓBAL","San Cristóbal","Asfalto","No existe","XIII","Dentro","Urbana","Ninguna","No existe","Intersección","Bueno","Buena","Nocturna","Buen Tiempo","Lateral","S/D","Colisión","Ninguna","Faltante","Ninguna","Sin restricción"
2016,7380,9/2/2016,"Viernes",0,3:00:00,,"0.0",2,"Pickup/Utilitario,Moto/Ciclomotor","Saavedra Y Juan D Peron",3,2,0,0,1,0,0,,"Calle",,"SAN CRISTÓBAL","San Cristóbal","Asfalto","No existe","XIII","Dentro","Urbana","S/D","No existe","Intersección","Bueno","Buena","Nocturna","Buen Tiempo","Lateral","S/D","Colisión","Ninguna","S/D","Ninguna","S/D"
2016,7381,10/17/2016,"Lunes",0,14:15:00,,"0.0",2,"Camión c / Acoplado,Moto/Ciclomotor","Angel Gallardo ",2,1,0,0,1,0,0,,"Calle",,"MONTE VERA","La Capital","Hormigón","Natural","XIII","Dentro","Urbana","S/D","No existe","Recta","Bueno","Buena","Diurna","Buen Tiempo","De alcance","S/D","Colisión","S/D","S/D","Ninguna","Sin restricción"
2016,7382,10/17/2016,"Lunes",0,20:40:00,"Ruta Provincial 5","0.0",2,"Automóvil,Moto/Ciclomotor","Ruta pcial 2 Av San Martin ",3,1,1,0,1,0,0,,"Ruta",5,"MONTE VERA","La Capital","Hormigón","Pavimento","I","Dentro","Urbana","Ninguna","No existe","Intersección","Bueno","S/D","Nocturna","Buen Tiempo","Lateral","S/D","Colisión","Ninguna","S/D","Ninguna","S/D"