"anio_acci","nro_acci","fecha","desc_dia","fecha_aprox","hora_aprox","desc_ruta","km","cant_participantes","desc_participante","calle_avenida_km","total","heridos_leves","heridos_graves","heridos_gravisimos","ilesos","fallecidos","sin_datos","posicion_XY","desc_tipo_via","desc_ruta_ori","desc_loc","desc_dpto","desc_tipo_calzada","desc_tipo_banquina","desc_unidad_regional","desc_lugar_calzada","desc_zona","desc_prioridad","desc_estado_semaforo","desc_lugar_via","desc_estado_via","desc_estado_visibilidad","desc_luminosidad","desc_estado_clima","desc_tipo_colision","desc_tipo_atropello","desc_tipo_hecho","desc_pres_calzada","desc_senializacion","desc_separacion_via","desc_restriccion"
2016,7383,10/22/2016,"Sabado",0,12:20:00,,"0.0",2,"Pickup/Utilitario,Moto/Ciclomotor","Angel Gallardo ",2,1,0,0,1,0,0,,"Calle",,"MONTE VERA","La Capital","Hormigón","Natural","I","Dentro","Urbana","Ninguna","No existe","Recta","Bueno","Buena","Diurna","Buen Tiempo","Lateral","S/D","Colisión","Ninguna","S/D","Ninguna","Sin restricción"
2016,7384,10/22/2016,"Sabado",0,12:50:00,"Ruta Provincial 5","0.0",2,"Pickup/Utilitario,Camión Chasis"," ",2,1,0,0,1,0,0,,"Ruta",5,"MONTE VERA","La Capital","Hormigón","Natural","I","Dentro","Rural","S/D","No existe","Recta","Bueno","Buena","Diurna","Buen Tiempo","Lateral","S/D","Colisión","Ninguna","S/D","S/D","Sin restricción"
2016,7385,10/23/2016,"Domingo",0,22:50:00,,"0.0",1,"Cuatriciclo"," ",2,1,0,0,1,0,0,,"Camino Rural",,"MONTE VERA","La Capital","Ripio","No existe","I","Dentro","Rural","S/D","No existe","Recta","Bueno","Buena","Nocturna","Buen Tiempo","S/D","S/D","Vuelco","Ninguna","S/D","S/D","S/D"
2016,7386,10/24/2016,"Lunes",0,9:30:00,"Ruta Provincial 1","1.0",2,"Automóvil,Moto/Ciclomotor"," ",2,1,0,0,1,0,0,,"Ruta",1,"COLASTINE","La Capital","Asfalto","Ripio","I","Dentro","Urbana","Ninguna","Funciona","Recta","Bueno","Buena","Diurna","Buen Tiempo","Lateral","S/D","Colisión","S/D","Horizontal","Línea divisoria pintada","Sin restricción"
2016,7387,10/13/2016,"Jueves",0,15:30:00,"Ruta Provincial 1","0.0",2,"Automóvil,Moto/Ciclomotor"," ",2,1,0,0,1,0,0,,"Ruta",1,"SANTA FE","La Capital","Asfalto","Ripio","I","Dentro","Urbana","Ninguna","No existe","Recta","Bueno","Buena","Diurna","Buen Tiempo","S/D","S/D","Colisión","S/D","Horizontal","Línea divisoria pintada","Sin restricción"
2016,7388,10/21/2016,"Viernes",0,13:15:00,,"0.0",2,"Bicicleta,Moto/Ciclomotor","Avenida Nuestra Señora del Luj 3030",2,1,0,0,1,0,0,,"Calle",,"SANTO TOMÉ","La Capital","Asfalto","No existe","I","Dentro","Urbana","Semáforo","Funciona","Recta","Bueno","Buena","Diurna","Buen Tiempo","S/D","Ciclista","Atropello","S/D","S/D","Línea divisoria pintada","Sin restricción"
2016,7389,10/24/2016,"Lunes",0,10:40:00,"Ruta Provincial 2","17.0",2,"Automóvil,Camión c / Acoplado"," ",2,1,0,0,1,0,0,,"Ruta",2,"MONTE VERA","La Capital","Hormigón","Natural","I","Dentro","Rural","Ninguna","No existe","Recta","S/D","Buena","Diurna","Buen Tiempo","De alcance","S/D","Colisión","Ninguna","Horizontal","Línea divisoria pintada","Sin restricción"
2016,7390,10/5/2016,"Miercoles",0,18:20:00,,"0.0",2,"Moto/Ciclomotor,Automóvil","Avenida Nuestra Señora del Luj Y Santiago Derqui",3,1,0,0,2,0,0,,"Calle",,"SANTO TOMÉ","La Capital","Asfalto","S/D","I","Dentro","Urbana","Semáforo","S/D","Intersección","Con baches","S/D","Diurna","Buen Tiempo","S/D","S/D","Colisión","S/D","Horizontal,Vertical","Línea divisoria pintada","Sin restricción"
2016,7391,10/13/2016,"Jueves",0,12:15:00,,"0.0",2,"Automóvil,Moto/Ciclomotor","Juan B Alberdi Y Libertad",2,1,0,0,1,0,0,,"Calle",,"LAGUNA PAIVA","La Capital","Ripio","No existe","I","Dentro","Urbana","Ninguna","No existe","Intersección","Con baches","Buena","Diurna","Buen Tiempo","Lateral","S/D","Colisión","Ninguna","S/D","Ninguna","Sin restricción"
2016,7392,10/4/2016,"Martes",0,16:00:00,,"0.0",2,"Bicicleta,Automóvil","Avenida Del Trabajo Y General Manuel Belgrano",2,1,0,0,1,0,0,,"Calle",,"SANTO TOMÉ","La Capital","Asfalto","No existe","I","Dentro","Urbana","Ninguna","No existe","Intersección","Bueno","Buena","Diurna","Buen Tiempo","S/D","Ciclista","Atropello","S/D","Horizontal,Vertical","Ninguna","Sin restricción"
2016,7393,10/25/2016,"Martes",0,22:15:00,,"0.0",2,"Automóvil,Bicicleta","Moreno Y 9 de Julio",2,1,0,0,1,0,0,,"Calle",,"LAGUNA PAIVA","La Capital","Ripio","No existe","I","Dentro","Urbana","Ninguna","No existe","Intersección","Con baches","Buena","Nocturna,Con luz artificial","Buen Tiempo","S/D","Ciclista","Atropello","Ninguna","Faltante","Ninguna","Sin restricción"
2016,7394,10/9/2016,"Domingo",0,17:30:00,"Ruta Provincial 3","90.0",2,"Pickup/Utilitario,Moto/Ciclomotor"," ",5,2,1,0,2,0,0,,"Ruta",3,"VERA","Vera","Asfalto","Natural","XIX","Dentro","Urbana","Ninguna","No existe","Intersección","Bueno","Buena","Diurna","Buen Tiempo","Lateral","S/D","Colisión","S/D","Faltante","Línea divisoria pintada","Sin restricción"
2016,7395,10/29/2016,"Sabado",0,21:40:00,,"0.0",2,"Pickup/Utilitario,Moto/Ciclomotor","Moreno Y Maipu",3,2,0,0,1,0,0,,"Calle",,"LAGUNA PAIVA","La Capital","Asfalto","No existe","I","Dentro","Urbana","S/D","No existe","Intersección","Bueno","Buena","Nocturna","Buen Tiempo","Lateral","S/D","Colisión","Ninguna","Horizontal","S/D","Sin restricción"
2016,7396,10/30/2016,"Domingo",0,3:45:00,,"0.0",1,"Automóvil"," ",4,3,0,1,0,0,0,,"Calle",,"SAN JERÓNIMO DEL SAUCE","Las Colonias","Asfalto","Natural","XI","Dentro","Urbana","Señal Ceda el Paso","No existe","Curva","Bueno","Buena","Nocturna","Buen Tiempo","Contra objeto fijo","S/D","Colisión","Ninguna","Vertical","Guardarrail","S/D"
2016,7397,10/22/2016,"Sabado",0,21:30:00,"Ruta Nacional 178","0.0",2,"Tren,Automóvil","RN 178 Y RP 13 ",4,1,0,0,2,0,1,,"Ruta",178,"LAS ROSAS","Belgrano","Hormigón","Natural","III","Dentro","Rural","S/D","No existe","Paso a Nivel FFCC","Bueno","Buena","Nocturna","Buen Tiempo","Lateral","S/D","Colisión","S/D","Horizontal","Línea divisoria pintada","Sin restricción"
2016,7398,10/4/2016,"Martes",0,12:50:00,,"0.0",2,"Automóvil,Moto/Ciclomotor","Paso de los Andes Y Guillermo Benitez",2,0,1,0,1,0,0,,"Calle",,"LAS ROSAS","Belgrano","Asfalto","No existe","III","Dentro","Urbana","Ninguna","No existe","Intersección","Bueno","Buena","Diurna","Buen Tiempo","Lateral","S/D","Colisión","S/D","Vertical","Cordón divisorio","Sin restricción"
2016,7399,10/6/2016,"Jueves",0,17:45:00,,"0.0",2,"Moto/Ciclomotor,Moto/Ciclomotor","San Jose Y Aldo Bustos",2,2,0,0,0,0,0,,"Calle",,"HUMBOLDT","Las Colonias","Asfalto","Pavimento","XI","Dentro","Urbana","Ninguna","No existe","Intersección","Bueno","Buena","Diurna","Buen Tiempo","Frontal","S/D","Colisión","S/D","Vertical","Ninguna","Sin restricción"
2016,7400,10/12/2016,"Miercoles",0,11:40:00,"Ruta Provincial 1","13.0",2,"Moto/Ciclomotor,Automóvil"," ",2,1,0,0,1,0,0,,"Ruta",1,"ARROYO LEYES","La Capital","Asfalto","Natural","I","Dentro","Rural","Marca Vial","No existe","Recta","Bueno","Buena","Diurna","Buen Tiempo","Lateral","S/D","Colisión","Ninguna","Vertical","Línea divisoria pintada","Sin restricción"
2016,7401,10/25/2016,"Martes",0,8:15:00,"Ruta Provincial 1","0.0",1,"Moto/Ciclomotor"," ",1,1,0,0,0,0,0,,"Ruta",1,"COLASTINE","La Capital","Asfalto","S/D","I","Dentro","Urbana","S/D","No existe","Recta","Bueno","Buena","Diurna","Buen Tiempo","S/D","S/D","Caída ocupante","Ninguna","Horizontal","Línea divisoria pintada","Sin restricción"
2016,7402,10/28/2016,"Viernes",0,14:30:00,"Ruta Provincial 70","0.0",2,"Moto/Ciclomotor,Automóvil"," ",2,1,0,0,1,0,0,,"Ruta",70,"COLONIA NUEVA","Las Colonias","Asfalto","Natural","XI","Dentro","Urbana","Ninguna","Intermitente","Recta","Bueno","Buena","Atardecer","Buen Tiempo","Frontal","S/D","Colisión","S/D","Faltante","Línea divisoria pintada","Sin restricción"
2016,7403,10/2/2016,"Domingo",0,15:00:00,"Ruta Provincial 4","0.0",1,"Automóvil"," ",3,3,0,0,0,0,0,,"Ruta",4,"SAN CRISTÓBAL","San Cristóbal","Asfalto","Natural","XIII","Dentro","Rural","Ninguna","No existe","Puente","Bueno","Buena","Diurna","Buen Tiempo","S/D","S/D","Despiste","Ninguna","Horizontal","Ninguna","Sin restricción"
2016,7404,10/28/2016,"Viernes",0,17:00:00,,"0.0",2,"Moto/Ciclomotor,Moto/Ciclomotor","Guemes Y Gral Mosconi",2,2,0,0,0,0,0,,"Calle",,"HUMBOLDT","Las Colonias","Tierra","No existe","XI","Dentro","Urbana","Ninguna","No existe","Intersección","Bueno","Buena","Atardecer","Buen Tiempo","Lateral","S/D","Colisión","S/D","Faltante","Ninguna","Sin restricción"
2016,7405,10/5/2016,"Miercoles",0,19:50:00,,"0.0",2,"Otros,Bicicleta","Rivadavia 300",2,1,0,0,0,0,1,,"Calle",,"SAN CARLOS CENTRO","Las Colonias","Asfalto","No existe","XI","Dentro","Urbana","Ninguna","Funciona","Recta","Bueno","Buena","Nocturna,Con luz artificial","Buen Tiempo","S/D","Ciclista","Atropello","S/D","Horizontal,Vertical","Ninguna","Sin restricción"
2016,7406,10/11/2016,"Martes",0,10:40:00,,"0.0",2,"Bicicleta,Moto/Ciclomotor","Manuel Belgrano Y 9 de Julio",2,1,0,0,1,0,0,,"Calle",,"SAN CARLOS CENTRO","Las Colonias","Asfalto","S/D","XI","Dentro","Urbana","Ninguna","No existe","Intersección","Bueno","Buena","Diurna","Buen Tiempo","S/D","Ciclista","Atropello","S/D","S/D","Ninguna","Sin restricción"
2016,7407,10/31/2016,"Lunes",0,21:25:00,,"0.0",1,"Bicicleta","Gral Belgrano Y L de la Torre",1,1,0,0,0,0,0,,"Calle",,"SAN CRISTÓBAL","San Cristóbal","Asfalto","Pavimento","XIII","Dentro","Urbana","Ninguna","No existe","Intersección","Bueno","Buena","Nocturna","Buen Tiempo","Atropello animal","S/D","Colisión","S/D","Faltante","Ninguna","Sin restricción"
2016,7408,10/28/2016,"Viernes",0,11:50:00,"Ruta Provincial 23","0.0",2,"Moto/Ciclomotor,Automóvil"," ",3,1,0,0,2,0,0,,"Ruta",23,"VILLA TRINIDAD","San Cristóbal","Asfalto","Natural","XIII","Dentro","Urbana","Otra Señal","No existe","Intersección","Ahuellamiento","Buena","Diurna","Buen Tiempo","Lateral","S/D","Colisión","S/D","Horizontal","Línea divisoria pintada","Sin restricción"
2016,7409,10/27/2016,"Jueves",0,10:40:00,"Ruta Provincial 4","126.0",1,"Automóvil"," ",3,3,0,0,0,0,0,,"Ruta",4,"LA LUCILA","San Cristóbal","Asfalto","Natural","XIII","Dentro","Urbana","Ninguna","No existe","Recta","Bueno","Buena","Diurna","Buen Tiempo","S/D","S/D","Vuelco","Ninguna","S/D","Ninguna","S/D"
2016,7410,10/27/2016,"Jueves",0,17:30:00,,"0.0",2,"Camión Chasis,Moto/Ciclomotor","Cochabamba Y L de la Torre",2,1,0,0,1,0,0,,"Calle",,"SAN CRISTÓBAL","San Cristóbal","Asfalto","Pavimento","XIII","Dentro","Urbana","Ninguna","No existe","Intersección","Bueno","Buena","Diurna","Buen Tiempo","Lateral","S/D","Colisión","S/D","Faltante","Ninguna","Sin restricción"
2016,7411,10/22/2016,"Sabado",0,5:45:00,"Ruta Secundaria 23-s","0.0",1,"Automóvil"," ",2,2,0,0,0,0,0,,"Ruta","23-s","VILLA TRINIDAD","San Cristóbal","Asfalto","Natural","XIII","Dentro","Urbana","Ninguna","No existe","Recta","Bueno","Buena","Amanecer","Buen Tiempo","S/D","S/D","Caída ocupante","S/D","Faltante","Línea divisoria pintada","Sin restricción"
2016,7412,10/22/2016,"Sabado",0,0:55:00,"Ruta Provincial 39","0.0",1,"Automóvil"," ",1,1,0,0,0,0,0,,"Ruta",39,"AMBROSETTI","San Cristóbal","Asfalto","Natural","XIII","Dentro","Urbana","Ninguna","No existe","Recta","Bueno","Buena","Nocturna","Buen Tiempo","S/D","S/D","Vuelco","S/D","Faltante","S/D","Sin restricción"
2016,7413,10/21/2016,"Viernes",0,0:45:00,,"0.0",2,"Otros,Moto/Ciclomotor","Caseros Y Gral Paz",3,2,0,0,1,0,0,,"Calle",,"SAN CRISTÓBAL","San Cristóbal","Asfalto","Pavimento","XIII","Dentro","Urbana","Ninguna","No existe","Intersección","Bueno","Buena","Nocturna","Buen Tiempo","Lateral","S/D","Colisión","S/D","Faltante","Ninguna","Sin restricción"
2016,7414,10/17/2016,"Lunes",0,19:30:00,"Ruta Provincial 23","0.0",2,"Pickup/Utilitario,Automóvil"," ",3,3,0,0,0,0,0,,"Ruta",23,"SUARDI","San Cristóbal","S/D","Natural","XIII","Dentro","Urbana","Ninguna","No existe","Recta","Bueno","Buena","Nocturna","S/D","Frontal","S/D","Colisión","S/D","Vertical","Línea divisoria pintada","Sin restricción"
2016,7415,10/17/2016,"Lunes",0,17:15:00,,"0.0",2,"Automóvil,Moto/Ciclomotor","Avenida Chacabuco Y Almirante Brown",6,0,1,0,5,0,0,,"Calle",,"CERES","San Cristóbal","Asfalto","No existe","XIII","Dentro","Urbana","Ninguna","No existe","Intersección","Bueno","Buena","Diurna","Buen Tiempo","Lateral","S/D","Colisión","S/D","Vertical","Vegetación","Sin restricción"
2016,7416,8/16/2016,"Martes",0,8:30:00,,"0.0",2,"Moto/Ciclomotor,Pickup/Utilitario","Pres Domingo Faustino Sarmient Y Juan Jose Castelli",2,0,0,0,1,1,0,"-31.66125,-60.764138888889","Calle",,"SANTO TOMÉ","La Capital","Asfalto","No existe","I","Dentro","Urbana","Ninguna","No existe","Intersección","Bueno","Reducida p/ objetos","Diurna","Buen Tiempo","Lateral","S/D","Colisión","Ninguna","Vertical","Ninguna","Sin restricción"
2016,7417,10/18/2016,"Martes",0,8:30:00,,"0.0",1,"Moto/Ciclomotor","Bvard Lopez ",1,0,1,0,0,0,0,,"Calle",,"CERES","San Cristóbal","Asfalto","No existe","XIII","Dentro","Urbana","Ninguna","No existe","Recta","Resbaladiza","Buena","Diurna","Lluvia","S/D","S/D","Caída ocupante","Agua","Faltante","Cordón divisorio","Sin restricción"
2016,7418,10/21/2016,"Viernes",0,14:25:00,,"0.0",1,"Bicicleta","Bv San Martin Y Pringles",1,1,0,0,0,0,0,,"Calle",,"SAN CRISTÓBAL","San Cristóbal","Asfalto","No existe","XIII","Dentro","Urbana","Ninguna","No existe","Recta","Bueno","Buena","Diurna","Buen Tiempo","S/D","S/D","Caída ocupante","S/D","Vertical","Ninguna","Sin restricción"
2016,7419,10/16/2016,"Domingo",0,1:40:00,,"0.0",2,"Automóvil,Moto/Ciclomotor","Hipolito Irigoyen Y Gral Belgrano",4,1,0,0,3,0,0,,"Calle",,"SAN CRISTÓBAL","San Cristóbal","Asfalto","No existe","XIII","Dentro","Urbana","Ninguna","No existe","Rotonda","Bueno","Reducida","Nocturna,Con luz artificial","Viento Fuerte","S/D","S/D","Colisión","Ninguna","Faltante","Ninguna","Sin restricción"
2016,7420,10/16/2016,"Domingo",0,6:10:00,,"0.0",2,"Moto/Ciclomotor,Camión c / Acoplado","Avenida J D Peron Grl Pres Y Suipacha",4,0,1,0,3,0,0,,"Calle",,"CERES","San Cristóbal","Asfalto","No existe","XIII","Dentro","Urbana","Ninguna","No existe","Intersección","Bueno","Buena","Amanecer","Buen Tiempo","Lateral","S/D","Colisión","S/D","Faltante","Ninguna","Sin restricción"
2016,7421,10/14/2016,"Viernes",0,16:35:00,,"0.0",2,"Moto/Ciclomotor,Automóvil","Av Falucho Y Vera Mujica",4,1,1,0,2,0,0,,"Calle",,"CERES","San Cristóbal","Arena","No existe","XIII","Dentro","Urbana","Ninguna","No existe","Intersección","Con baches","Buena","Diurna","Buen Tiempo","Lateral","S/D","Colisión","Ninguna","Faltante","Ninguna","Sin restricción"
2016,7422,10/15/2016,"Sabado",0,17:45:00,"Ruta Secundaria 50-s","0.0",2,"Moto/Ciclomotor,Automóvil"," ",2,1,0,0,1,0,0,,"Ruta","50-s","LAS TUNAS","Las Colonias","Asfalto","Natural","XI","Dentro","Rural","Ninguna","No existe","Recta","Bueno","Buena","Diurna","Buen Tiempo","S/D","S/D","Colisión","S/D","Horizontal","Ninguna","Sin restricción"
2016,7423,10/12/2016,"Miercoles",0,16:40:00,,"0.0",2,"Camión Chasis,Bicicleta","Moreno 5691",2,1,0,0,1,0,0,,"Calle",,"SAN JERÓNIMO NORTE","Las Colonias","Asfalto","No existe","XI","Dentro","Urbana","Ninguna","No existe","Recta","Bueno","Buena","Nocturna,Con luz artificial","Buen Tiempo","S/D","Ciclista","Atropello","S/D","Faltante","Ninguna","Sin restricción"
2016,7424,10/7/2016,"Viernes",0,22:00:00,"Ruta Secundaria 67-s","0.0",1,"Moto/Ciclomotor"," ",2,2,0,0,0,0,0,,"Ruta","67-s","SAN CARLOS NORTE","Las Colonias","Hormigón","Natural","XI","Dentro","Urbana","Ninguna","No existe","Recta","Bueno","Reducida","Nocturna","Buen Tiempo","S/D","S/D","Caída ocupante","S/D","S/D","Ninguna","Sin restricción"
2016,7425,10/22/2016,"Sabado",0,23:30:00,,"0.0",2,"Automóvil,Automóvil","San Martin 800",4,1,0,0,3,0,0,,"Calle",,"SAN CARLOS CENTRO","Las Colonias","Asfalto","No existe","XI","Dentro","Urbana","Ninguna","No existe","Recta","Bueno","Buena","Nocturna,Con luz artificial","Buen Tiempo","Frontal","S/D","Colisión","S/D","Vertical","Ninguna","Sin restricción"
2016,7426,10/18/2016,"Martes",0,12:15:00,,"0.0",2,"Pickup/Utilitario,Moto/Ciclomotor","Sarmiento 1757",2,1,0,0,1,0,0,,"Calle",,"SAN CARLOS CENTRO","Las Colonias","Asfalto","No existe","XI","Dentro","Urbana","Ninguna","No existe","Recta","Bueno","Buena","Diurna","Buen Tiempo","Lateral","S/D","Colisión","S/D","Faltante","Cordón divisorio","Sin restricción"
2016,7427,10/18/2016,"Martes",0,20:20:00,,"0.0",1,"Moto/Ciclomotor","Scalabrini Ortiz Y San Lorenzo",1,1,0,0,0,0,0,,"Calle",,"SAN CARLOS CENTRO","Las Colonias","Tierra","Natural","XI","Dentro","Urbana","Ninguna","No existe","Recta","Bueno","Reducida","Nocturna","Buen Tiempo","S/D","S/D","Caída ocupante","S/D","Faltante","Vegetación","Sin restricción"
2016,7428,10/1/2016,"Sabado",0,12:00:00,,"0.0",2,"Pickup/Utilitario,Moto/Ciclomotor","Rivadavia Y Colon",2,1,0,0,1,0,0,,"Calle",,"ESPERANZA","Las Colonias","Asfalto","No existe","XI","Dentro","Urbana","Ninguna","No existe","Intersección","Bueno","Buena","Diurna","Buen Tiempo","S/D","S/D","Colisión","S/D","S/D","Ninguna","Sin restricción"
2016,7429,10/4/2016,"Martes",0,11:25:00,,"0.0",2,"Automóvil,Bicicleta","Rivadavia Y G Lehmann",2,1,0,0,1,0,0,,"Calle",,"ESPERANZA","Las Colonias","Asfalto","No existe","XI","Dentro","Urbana","Ninguna","No existe","Intersección","Bueno","Buena","Diurna","Buen Tiempo","S/D","Ciclista","Atropello","S/D","S/D","Ninguna","Sin restricción"
2016,7430,10/4/2016,"Martes",0,19:15:00,"Ruta Provincial 70","0.0",2,"Automóvil,Moto/Ciclomotor","Almirante Brown ",2,1,0,0,1,0,0,,"Ruta",70,"ESPERANZA","Las Colonias","Asfalto","No existe","XI","Dentro","Urbana","S/D","No existe","Recta","Bueno","Buena","Nocturna","Lluvia","S/D","S/D","Colisión","Agua","S/D","Ninguna","Sin restricción"
2016,7431,10/9/2016,"Domingo",0,,"Ruta Provincial 6","60.0",2,"Automóvil,Bicicleta"," ",2,0,1,0,1,0,0,,"Ruta",6,"ESPERANZA","Las Colonias","Asfalto","Natural","XI","Dentro","Urbana","Ninguna","No existe","Recta","Bueno","Buena","Nocturna","Buen Tiempo","S/D","Ciclista","Atropello","S/D","Horizontal,Vertical","Ninguna","Sin restricción"
2016,7432,10/11/2016,"Martes",0,18:00:00,,"0.0",2,"Automóvil,Moto/Ciclomotor","Av Cordoba Y Mariano Moreno",2,1,0,0,1,0,0,,"Calle",,"ESPERANZA","Las Colonias","Asfalto","No existe","XI","Dentro","Urbana","Ninguna","No existe","Intersección","Bueno","Buena","Diurna","Buen Tiempo","S/D","S/D","Colisión","S/D","Faltante","Ninguna","Sin restricción"
2016,7433,10/11/2016,"Martes",0,18:30:00,,"0.0",2,"Pickup/Utilitario,Moto/Ciclomotor","General Manuel Belgrano Y Castelli",3,1,0,0,2,0,0,,"Calle",,"ESPERANZA","Las Colonias","Asfalto","No existe","XI","Dentro","Urbana","Ninguna","No existe","Intersección","Bueno","Buena","Diurna","Buen Tiempo","De alcance","S/D","Colisión","S/D","Faltante","Ninguna","Sin restricción"
2016,7434,10/14/2016,"Viernes",0,14:20:00,"Ruta Provincial 70","0.0",2,"Moto/Ciclomotor,Moto/Ciclomotor","Dr Romang Y A Aufranc",2,1,0,0,1,0,0,,"Ruta",70,"ESPERANZA","Las Colonias","Asfalto","S/D","XI","Dentro","Urbana","S/D","S/D","Intersección","Bueno","Buena","Diurna","Buen Tiempo","Frontal","S/D","Colisión","S/D","S/D","S/D","S/D"
2016,7435,10/14/2016,"Viernes",0,12:40:00,,"0.0",2,"Moto/Ciclomotor,Moto/Ciclomotor","Guemes Y Alberdi",2,1,0,0,1,0,0,,"Calle",,"ESPERANZA","Las Colonias","Asfalto","No existe","XI","Dentro","Urbana","Ninguna","No existe","Intersección","Bueno","Buena","Diurna","Buen Tiempo","S/D","S/D","Colisión","S/D","Faltante","Ninguna","Sin restricción"
2016,7436,10/15/2016,"Sabado",0,16:20:00,,"0.0",2,"Automóvil,Moto/Ciclomotor","Marcos Avellaneda Y Ingeniero Gadda",2,1,0,0,1,0,0,,"Calle",,"ESPERANZA","Las Colonias","Asfalto","No existe","XI","Dentro","Urbana","Ninguna","No existe","Intersección","Bueno","Buena","Diurna","Buen Tiempo","S/D","S/D","Colisión","S/D","S/D","Ninguna","Sin restricción"
2016,7437,10/17/2016,"Lunes",0,10:35:00,,"0.0",2,"Automóvil,Moto/Ciclomotor","Domingo Faustino Sarmiento 2329",3,1,0,0,2,0,0,,"Calle",,"ESPERANZA","Las Colonias","Asfalto","No existe","XI","Dentro","Urbana","Ninguna","No existe","Recta","Bueno","Buena","Diurna","Buen Tiempo","De alcance","S/D","Colisión","S/D","Faltante","Ninguna","Sin restricción"
2016,7438,10/20/2016,"Jueves",0,7:30:00,,"0.0",2,"Moto/Ciclomotor,Bicicleta","Av Los Colonizadores Y Pujol Bis Gdor",2,1,0,0,1,0,0,,"Calle",,"ESPERANZA","Las Colonias","Asfalto","Ripio","XI","Dentro","Urbana","Ninguna","No existe","S/D","Bueno","Buena","Diurna","Buen Tiempo","S/D","Ciclista","Atropello","Ninguna","Vertical","Cordón divisorio","Sin restricción"
2016,7439,10/20/2016,"Jueves",0,20:00:00,,"0.0",2,"Automóvil,Moto/Ciclomotor","General Manuel Belgrano Y Gregorio Donnet",3,1,1,0,1,0,0,,"Calle",,"ESPERANZA","Las Colonias","Asfalto","No existe","XI","Dentro","Urbana","Ninguna","No existe","Intersección","Bueno","Buena","Nocturna","Buen Tiempo","S/D","S/D","Colisión","S/D","Faltante","Ninguna","Sin restricción"
2016,7440,10/21/2016,"Viernes",0,5:20:00,"Ruta Provincial 6","61.0",2,"Camión c / Acoplado,Automóvil"," ",2,1,0,0,1,0,0,,"Ruta",6,"ESPERANZA","Las Colonias","Hormigón","Natural","XI","Dentro","Urbana","Ninguna","No existe","Recta","Bueno","Buena","Nocturna","Buen Tiempo","S/D","S/D","Colisión","S/D","Faltante","Línea divisoria pintada","Sin restricción"
2016,7441,10/31/2016,"Lunes",0,21:20:00,,"0.0",2,"Moto/Ciclomotor,Automóvil","General Manuel Belgrano Y Laprida",2,0,1,0,1,0,0,,"Calle",,"ESPERANZA","Las Colonias","Asfalto","S/D","XI","Dentro","Urbana","S/D","No existe","Intersección","Bueno","Buena","Nocturna","Buen Tiempo","S/D","S/D","Colisión","S/D","S/D","S/D","S/D"
2016,7442,10/30/2016,"Domingo",0,17:20:00,"Ruta Provincial 70","45.0",1,"Moto/Ciclomotor"," ",2,2,0,0,0,0,0,,"Ruta",70,"COLONIA NUEVA","Las Colonias","Asfalto","Natural","XI","Dentro","Rural","Ninguna","No existe","Recta","Bueno","Buena","Diurna","Buen Tiempo","S/D","S/D","Caída ocupante","S/D","Faltante","Línea divisoria pintada","Sin restricción"
2016,7443,10/25/2016,"Martes",0,9:30:00,"Ruta Provincial 4","73.0",2,"Automóvil,Pickup/Utilitario"," ",5,1,3,0,1,0,0,,"Ruta",4,"LA PELADA","Las Colonias","Asfalto","Natural","XI","Dentro","Urbana","Ninguna","No existe","S/D","Con baches,Deteriorada","Buena","Diurna","Lluvia","Frontal","S/D","Colisión","Agua","Vertical","Línea divisoria pintada","Sin restricción"
2016,7444,10/31/2016,"Lunes",0,10:20:00,"Ruta Provincial 70","0.0",2,"Moto/Ciclomotor,Pickup/Utilitario","America ",2,1,0,0,1,0,0,,"Ruta",70,"ESPERANZA","Las Colonias","Asfalto","Ripio","XI","Dentro","Urbana","Semáforo","Funciona","Intersección","Bueno","Buena","Diurna","Buen Tiempo","De alcance","S/D","Colisión","S/D","Vertical","Línea divisoria pintada","Sin restricción"
2016,7445,10/2/2016,"Domingo",0,11:30:00,,"0.0",2,"Automóvil,Moto/Ciclomotor","Bv Estanislao Lopez Y Cordoba",2,0,1,0,1,0,0,,"Calle",,"ROLDÁN","San Lorenzo","Hormigón","No existe","XVII","Dentro","Urbana","Ninguna","No existe","Intersección","Bueno","Buena","Diurna","Buen Tiempo","Lateral","S/D","Colisión","S/D","Vertical","Ninguna","Sin restricción"
2016,7446,10/1/2016,"Sabado",0,18:25:00,,"0.0",2,"Moto/Ciclomotor,Automóvil","Bv Pellegrini Y Fray Luis Beltran",3,2,0,0,1,0,0,,"Calle",,"ROLDÁN","San Lorenzo","Hormigón","No existe","XVII","Dentro","Urbana","Ninguna","No existe","Recta","Bueno","Buena","Diurna","Buen Tiempo","Lateral","S/D","Colisión","S/D","Faltante","Ninguna","Sin restricción"