"anio_acci","nro_acci","fecha","desc_dia","fecha_aprox","hora_aprox","desc_ruta","km","cant_participantes","desc_participante","calle_avenida_km","total","heridos_leves","heridos_graves","heridos_gravisimos","ilesos","fallecidos","sin_datos","posicion_XY","desc_tipo_via","desc_ruta_ori","desc_loc","desc_dpto","desc_tipo_calzada","desc_tipo_banquina","desc_unidad_regional","desc_lugar_calzada","desc_zona","desc_prioridad","desc_estado_semaforo","desc_lugar_via","desc_estado_via","desc_estado_visibilidad","desc_luminosidad","desc_estado_clima","desc_tipo_colision","desc_tipo_atropello","desc_tipo_hecho","desc_pres_calzada","desc_senializacion","desc_separacion_via","desc_restriccion"
2016,7447,10/11/2016,"Martes",0,20:00:00,"Ruta Nacional A012","36.0",2,"Camión Chasis,Automóvil"," ",5,2,0,2,1,0,0,,"Ruta","A012","ROLDÁN","San Lorenzo","Asfalto","Natural","XVII","Dentro","Urbana","Ninguna","No existe","Recta","Bueno","Reducida","Atardecer","Buen Tiempo","Frontal","S/D","Colisión","S/D","Vertical","Ninguna","Sin restricción"
2016,7448,10/18/2016,"Martes",0,19:00:00,,"0.0",2,"Pickup/Utilitario,Moto/Ciclomotor","Corrientes Y Belgrano",2,1,0,0,1,0,0,,"Calle",,"ROLDÁN","San Lorenzo","Hormigón","No existe","XVII","Dentro","Urbana","Ninguna","No existe","Intersección","Bueno","Buena","Atardecer","Buen Tiempo","Lateral","S/D","Colisión","S/D","Vertical","Ninguna","Sin restricción"
2016,7449,10/28/2016,"Viernes",0,17:50:00,,"0.0",2,"Pickup/Utilitario,Moto/Ciclomotor","Bv Sarmiento Y Sgto. J Cabral",3,2,0,0,1,0,0,,"Calle",,"ROLDÁN","San Lorenzo","Hormigón","No existe","XVII","Dentro","Urbana","Ninguna","No existe","Intersección","Bueno","Buena","Diurna","Buen Tiempo","Lateral","S/D","Colisión","S/D","Vertical","Ninguna","Sin restricción"
2016,7450,8/28/2016,"Domingo",0,20:00:00,"Ruta Nacional 34","71.0",2,"Automóvil,Transporte de Pasajeros Larga Distancia (> 8 asientos)"," ",13,11,0,0,0,2,0,"-32.485358, -61.270880","Ruta",34,"CLASON","Iriondo","Hormigón","Natural","X","Dentro","Rural","S/D","S/D","S/D","S/D","S/D","Nocturna","S/D","Frontal","S/D","Colisión","S/D","S/D","S/D","S/D"
2016,7451,8/31/2016,"Miercoles",0,23:00:00,"Ruta Nacional 9","349.0",2,"Camión,Camión"," ",2,0,0,0,1,1,0,"-32.869090, -61.113000","Ruta",9,"CARCARAÑÁ","San Lorenzo","S/D","S/D","XVII","Dentro","Rural","S/D","S/D","S/D","S/D","S/D","S/D","S/D","Frontal","S/D","Colisión","S/D","S/D","S/D","S/D"
2016,7452,10/21/2016,"Viernes",0,19:20:00,"Ruta Provincial 70","0.0",2,"Moto/Ciclomotor,Automóvil","Simon de Iriondo Y A Aufranc",2,1,0,0,1,0,0,,"Ruta",70,"ESPERANZA","Las Colonias","S/D","S/D","XI","Dentro","Urbana","Ninguna","S/D","S/D","Bueno","Buena","Atardecer","Buen Tiempo","S/D","S/D","Colisión","S/D","Horizontal,Vertical","Línea divisoria pintada","Sin restricción"
2016,7453,10/19/2016,"Miercoles",0,20:00:00,,"0.0",2,"Automóvil,Moto/Ciclomotor","Av San Martin Y L N Alem",2,1,0,0,1,0,0,,"Calle",,"SAN LORENZO","San Lorenzo","S/D","S/D","XVII","S/D","Urbana","S/D","S/D","Intersección","S/D","S/D","Nocturna","S/D","S/D","S/D","Colisión","S/D","S/D","S/D","S/D"
2016,7454,10/21/2016,"Viernes",0,18:40:00,,"0.0",2,"Bicicleta,Pickup/Utilitario","Cullen Y Maipu",2,1,0,0,1,0,0,,"Calle",,"ESPERANZA","Las Colonias","Hormigón","No existe","XI","Dentro","Urbana","S/D","No existe","Intersección","Bueno","Buena","Diurna","Buen Tiempo","Frontal","Ciclista","Atropello","S/D","Horizontal,Vertical","Barrera de hormigón","Sin restricción"
2016,7455,10/23/2016,"Domingo",0,,,"0.0",2,"Moto/Ciclomotor,Automóvil","Domingo Faustino Sarmiento Y G Lehmann",2,1,0,0,1,0,0,,"Calle",,"ESPERANZA","Las Colonias","Hormigón","No existe","XI","Dentro","Urbana","Ninguna","No existe","Intersección","Bueno","Buena","Nocturna","Buen Tiempo","S/D","S/D","Colisión","S/D","Faltante","Ninguna","Sin restricción"
2016,7456,10/19/2016,"Miercoles",0,3:40:00,,"0.0",2,"Automóvil,Moto/Ciclomotor","Bv Oroño ",2,1,0,0,1,0,0,,"S/D",,"SAN LORENZO","San Lorenzo","S/D","S/D","XVII","S/D","Urbana","S/D","S/D","S/D","S/D","S/D","Nocturna","S/D","S/D","S/D","S/D","S/D","S/D","S/D","S/D"
2016,7457,10/25/2016,"Martes",0,9:10:00,,"0.0",2,"Pickup/Utilitario,Bicicleta","Nicolas Schneider Y Av Los Colonizadores",2,1,1,0,0,0,0,,"Calle",,"ESPERANZA","Las Colonias","Asfalto","S/D","XI","Dentro","Urbana","S/D","S/D","Intersección","Bueno","Buena","Diurna","Lluvia","S/D","S/D","Atropello","S/D","S/D","S/D","S/D"
2016,7458,10/31/2016,"Lunes",0,18:00:00,,"0.0",2,"Automóvil,Moto/Ciclomotor","Cordoba Y San Lorenzo",2,1,0,0,1,0,0,,"Avenida",,"PUERTO SAN MARTÍN","San Lorenzo","Asfalto","Pavimento","XVII","Dentro","Urbana","Ninguna","No existe","Intersección","Bueno","Buena","Diurna","Buen Tiempo","Otro","S/D","Colisión","Ninguna","Horizontal","Ninguna","Sin restricción"
2016,7459,10/27/2016,"Jueves",0,19:00:00,"Ruta Provincial 70","0.0",2,"Automóvil,Moto/Ciclomotor","General Manuel Belgrano Y A Aufranc",2,1,0,0,1,0,0,,"Ruta",70,"ESPERANZA","Las Colonias","Asfalto","No existe","XI","Dentro","Urbana","Ninguna","No existe","Intersección","Bueno","Buena","Diurna","Buen Tiempo","S/D","S/D","Colisión","S/D","Vertical","S/D","Sin restricción"
2016,7460,10/29/2016,"Sabado",0,3:30:00,,"0.0",2,"Bicicleta,Automóvil","Lisandro de la Torre Y Chacabuco",2,1,0,0,1,0,0,,"Calle",,"ESPERANZA","Las Colonias","Asfalto","S/D","XI","Dentro","Urbana","Ninguna","No existe","Intersección","Bueno","Buena","Nocturna","Buen Tiempo","S/D","Ciclista","Atropello","S/D","S/D","S/D","Sin restricción"
2016,7461,10/31/2016,"Lunes",0,9:15:00,,"0.0",2,"Bicicleta,Moto/Ciclomotor","25 de Mayo Y Mariano Moreno",2,1,0,0,1,0,0,,"Calle",,"ESPERANZA","Las Colonias","Asfalto","S/D","XI","Dentro","Urbana","S/D","No existe","Intersección","Bueno","Buena","Diurna","Buen Tiempo","S/D","Ciclista","Atropello","S/D","S/D","S/D","S/D"
2016,7462,10/29/2016,"Sabado",0,22:00:00,"Ruta Nacional 11","0.0",2,"Automóvil,Moto/Ciclomotor","Ruta Nac 11 Y Bolivia",4,0,2,0,2,0,0,,"Ruta",11,"PUERTO SAN MARTÍN","San Lorenzo","Asfalto","Natural","XVII","Dentro","Rural","Ninguna","No existe","Intersección","Bueno","Reducida","Nocturna","S/D","S/D","S/D","Colisión","Ninguna","Horizontal","Ninguna","Sin restricción"
2016,7463,10/31/2016,"Lunes",0,13:45:00,,"0.0",2,"Automóvil,Moto/Ciclomotor","Cullen Y Domingo Faustino Sarmiento",2,0,1,0,1,0,0,,"Calle",,"ESPERANZA","Las Colonias","Asfalto","S/D","XI","Dentro","Urbana","Ninguna","No existe","Intersección","Bueno","Buena","Diurna","Buen Tiempo","S/D","S/D","Colisión","S/D","S/D","S/D","Sin restricción"
2016,7464,10/3/2016,"Lunes",0,20:20:00,"Ruta Provincial 91","0.0",2,"Tractor,Pickup/Utilitario"," ",3,2,0,0,1,0,0,,"Ruta",91,"POZO BORRADO","9 de Julio","Tierra","No existe","XII","Dentro","Urbana","Ninguna","No existe","Recta","Bueno","Reducida polvo","Nocturna","Buen Tiempo","Lateral","S/D","Colisión","S/D","Faltante","Ninguna","Sin restricción"
2016,7465,10/1/2016,"Sabado",0,6:00:00,,"0.0",2,"Pickup/Utilitario,Automóvil","Cordoba ",2,1,0,0,1,0,0,,"Calle",,"PUERTO SAN MARTÍN","San Lorenzo","Asfalto","S/D","XVII","Dentro","Urbana","Ninguna","No existe","Recta","Bueno","Buena","Amanecer","Buen Tiempo","De alcance","S/D","Colisión","Ninguna","Faltante","Ninguna","Sin restricción"
2016,7466,10/9/2016,"Domingo",0,13:05:00,"Ruta Provincial 95","890.0",2,"Automóvil,Pickup/Utilitario"," ",6,4,0,0,2,0,0,,"Ruta",95,"SANTA MARGARITA","9 de Julio","Asfalto","Natural","XII","Dentro","Urbana","Ninguna","No existe","Recta","Bueno","Buena","Diurna","Buen Tiempo","S/D","S/D","Colisión","S/D","Faltante","Línea divisoria pintada","Sin restricción"
2016,7467,10/14/2016,"Viernes",0,8:00:00,,"0.0",2,"Automóvil,Moto/Ciclomotor","Cordoba Y Belgrano",3,1,0,0,2,0,0,,"Avenida",,"PUERTO SAN MARTÍN","San Lorenzo","Asfalto","No existe","XVII","Dentro","Urbana","S/D","No existe","Intersección","Bueno","Buena","Diurna","S/D","Lateral","S/D","Colisión","Ninguna","Horizontal","Ninguna","S/D"
2016,7468,10/13/2016,"Jueves",0,11:00:00,,"0.0",2,"Moto/Ciclomotor,Moto/Ciclomotor","Reconquista ",3,2,0,0,1,0,0,,"Calle",,"PUERTO SAN MARTÍN","San Lorenzo","Asfalto","No existe","XVIII","Dentro","Urbana","Ninguna","No existe","Recta","Bueno","S/D","Diurna","Buen Tiempo","Frontal","S/D","Colisión","Ninguna","Faltante","Ninguna","S/D"
2016,7469,10/2/2016,"Domingo",0,3:30:00,,"0.0",2,"Moto/Ciclomotor,Moto/Ciclomotor"," ",3,2,1,0,0,0,0,,"Calle",,"TOSTADO","9 de Julio","S/D","Natural","XII","Dentro","Urbana","Ninguna","No existe","S/D","Bueno","Reducida","Nocturna","Buen Tiempo","S/D","S/D","Colisión","Ninguna","Horizontal","Ninguna","Sin restricción"
2016,7470,10/30/2016,"Domingo",0,20:45:00,,"0.0",1,"Moto/Ciclomotor","San Lorenzo Y Justo Jose de Urquiza",1,0,1,0,0,0,0,,"Calle",,"VILLA MINETTI","9 de Julio","Tierra","No existe","XII","Dentro","Urbana","Ninguna","No existe","Intersección","S/D","Reducida","Nocturna","Buen Tiempo","S/D","S/D","Caída ocupante","S/D","Faltante","Ninguna","Sin restricción"
2016,7471,10/17/2016,"Lunes",0,12:30:00,,"0.0",2,"Automóvil,Automóvil","Urquiza Y Uriburu",3,2,0,0,1,0,0,,"S/D",,"SAN LORENZO","San Lorenzo","S/D","S/D","XVII","S/D","Urbana","S/D","S/D","S/D","S/D","S/D","Diurna","S/D","S/D","S/D","S/D","S/D","S/D","S/D","S/D"
2016,7472,10/18/2016,"Martes",0,21:00:00,,"0.0",2,"Automóvil,Bicicleta","Av Eduardo Minetti Y Domingo Faustino Sarmiento",3,1,0,0,2,0,0,,"Calle",,"VILLA MINETTI","9 de Julio","Hormigón","Pavimento","XII","Dentro","Urbana","Ninguna","No existe","Intersección","Bueno","Buena","Nocturna","Buen Tiempo","S/D","Ciclista","Atropello","S/D","Faltante","Cordón divisorio","Sin restricción"
2016,7473,10/17/2016,"Lunes",0,12:00:00,,"0.0",2,"Automóvil,Moto/Ciclomotor","Avenida 13 Y Calle 14",4,3,0,0,1,0,0,,"Calle",,"LAS PAREJAS","Belgrano","Asfalto","No existe","III","Dentro","Urbana","Ninguna","No existe","Intersección","Bueno","Buena","Diurna","Buen Tiempo","Lateral","S/D","Colisión","Fluidos","Faltante","Ninguna","Sin restricción"
2016,7474,10/18/2016,"Martes",0,19:45:00,,"0.0",2,"Automóvil,Automóvil","Urquiza Y Brown",2,1,0,0,1,0,0,,"S/D",,"SAN LORENZO","San Lorenzo","S/D","S/D","XVIII","S/D","Urbana","S/D","S/D","S/D","S/D","S/D","Diurna","S/D","S/D","S/D","S/D","S/D","S/D","S/D","S/D"
2016,7475,10/31/2016,"Lunes",0,21:00:00,,"0.0",2,"Moto/Ciclomotor,Pickup/Utilitario","Avenida 21 Y Calle 30",2,1,0,0,1,0,0,,"Calle",,"LAS PAREJAS","Belgrano","Asfalto","No existe","III","Dentro","Urbana","Ninguna","No existe","Intersección","Bueno","Buena","Nocturna,Con luz artificial","Buen Tiempo","Frontal","S/D","Colisión","S/D","Faltante","Ninguna","Sin restricción"
2016,7476,10/16/2016,"Domingo",0,20:07:00,,"0.0",2,"Automóvil,Automóvil","3 de Febrero Y Av Carlos A Poucel",3,1,0,0,2,0,0,,"S/D",,"SAN LORENZO","San Lorenzo","S/D","S/D","XVII","S/D","Urbana","S/D","S/D","Intersección","S/D","S/D","Diurna","S/D","S/D","S/D","S/D","S/D","S/D","S/D","S/D"
2016,7477,10/5/2016,"Miercoles",0,19:50:00,,"0.0",2,"Pickup/Utilitario,Bicicleta","Bv Luis Sanguinetti Y Belgrano",2,1,0,0,1,0,0,,"Calle",,"ARMSTRONG","Belgrano","Asfalto","Natural","III","Dentro","Urbana","Ninguna","No existe","Intersección","Bueno","Buena","Diurna","Buen Tiempo","S/D","Ciclista","Atropello","S/D","Horizontal","Ninguna","Sin restricción"
2016,7478,10/6/2016,"Jueves",0,17:40:00,,"0.0",1,"Automóvil","Dr Ghio Y Av San Martin",1,1,0,0,0,0,0,,"S/D",,"SAN LORENZO","San Lorenzo","S/D","S/D","XVII","S/D","Urbana","S/D","S/D","S/D","S/D","S/D","Diurna","S/D","S/D","S/D","Vuelco","S/D","S/D","S/D","S/D"
2016,7479,10/10/2016,"Lunes",0,,,"0.0",2,"Moto/Ciclomotor,Automóvil","Angel Cassanello Y Las Heras",2,1,0,0,1,0,0,,"Calle",,"SANTA FE","La Capital","Asfalto","No existe","I","Dentro","Urbana","Ninguna","No existe","Intersección","Bueno","Reducida","Nocturna","Buen Tiempo","Lateral","S/D","Colisión","S/D","S/D","Ninguna","Sin restricción"
2016,7480,10/9/2016,"Domingo",0,12:50:00,,"0.0",2,"Automóvil,Moto/Ciclomotor","Urquiza Y Juan M De Rosas",2,1,0,0,1,0,0,,"Calle",,"SAN LORENZO","San Lorenzo","S/D","S/D","XVII","S/D","Urbana","S/D","S/D","S/D","S/D","S/D","S/D","S/D","S/D","S/D","S/D","S/D","S/D","S/D","S/D"
2016,7481,10/9/2016,"Domingo",0,21:00:00,,"0.0",2,"Moto/Ciclomotor,Automóvil","Avellaneda Y Pje Calcena",2,1,0,0,1,0,0,,"Calle",,"SANTA FE","La Capital","Asfalto","No existe","I","Dentro","Urbana","Ninguna","No existe","Intersección","Bueno","Buena","Diurna","Buen Tiempo","Lateral","S/D","Colisión","Ninguna","S/D","Ninguna","Sin restricción"
2016,7482,10/7/2016,"Viernes",0,18:25:00,"Ruta Nacional 11","10.0",1,"Automóvil"," ",2,0,0,0,0,0,2,,"Ruta",11,"SAN LORENZO","San Lorenzo","S/D","S/D","XVII","S/D","S/D","S/D","S/D","S/D","S/D","S/D","Diurna","S/D","S/D","S/D","Vuelco","S/D","S/D","S/D","S/D"
2016,7483,10/10/2016,"Lunes",0,8:30:00,,"0.0",2,"Pickup/Utilitario,Moto/Ciclomotor","Guemes Y Salvador del Carril",2,1,0,0,1,0,0,,"Calle",,"SANTA FE","La Capital","Asfalto","No existe","I","Dentro","Urbana","Ninguna","No existe","Intersección","Bueno","Buena","Amanecer","Buen Tiempo","Lateral","S/D","Colisión","S/D","S/D","Ninguna","Sin restricción"
2016,7484,10/11/2016,"Martes",0,12:05:00,,"0.0",2,"Moto/Ciclomotor,Pickup/Utilitario","Ricardo Aldao 1400",2,1,0,0,1,0,0,,"Calle",,"SANTA FE","La Capital","Asfalto","No existe","I","Dentro","Urbana","Ninguna","No existe","Recta","Bueno","Buena","Diurna","Buen Tiempo","De alcance","S/D","Colisión","S/D","S/D","Ninguna","Sin restricción"
2016,7485,10/6/2016,"Jueves",0,17:40:00,"Ruta Nacional 11","0.0",2,"Moto/Ciclomotor,Automóvil"," ",3,2,0,0,1,0,0,,"Ruta",11,"SAN LORENZO","San Lorenzo","S/D","S/D","XVII","Dentro","S/D","S/D","S/D","S/D","S/D","S/D","Diurna","S/D","S/D","S/D","Colisión","S/D","S/D","S/D","S/D"
2016,7486,10/27/2016,"Jueves",0,0:30:00,,"0.0",1,"Moto/Ciclomotor","Moreno ",1,1,0,0,0,0,0,,"Calle",,"SAN GENARO","San Jerónimo","Hormigón","No existe","XV","Dentro","Urbana","Ninguna","No existe","Intersección","Bueno","Reducida","Nocturna","Buen Tiempo","S/D","S/D","Caída ocupante","S/D","Faltante","Ninguna","Sin restricción"
2016,7487,10/11/2016,"Martes",0,2:00:00,,"0.0",1,"Moto/Ciclomotor","BV EVA PERON  800",1,1,0,0,0,0,0,,"Calle",,"EL TRÉBOL","San Martín","Asfalto","No existe","XVIII","Dentro","Urbana","Ninguna","No existe","Curva","Con baches","Buena","Nocturna,Con luz artificial","Buen Tiempo","Contra objeto fijo","S/D","Colisión","Ninguna","Horizontal","Cordón divisorio","Sin restricción"
2016,7489,10/4/2016,"Martes",0,15:45:00,,"0.0",2,"Moto/Ciclomotor,Bicicleta","9 de Julio Y Irigoyen",3,0,0,0,0,0,3,,"S/D",,"SAN LORENZO","San Lorenzo","S/D","S/D","XVII","S/D","Urbana","S/D","S/D","S/D","S/D","S/D","Diurna","S/D","S/D","Ciclista","Atropello","S/D","S/D","S/D","S/D"
2016,7490,10/29/2016,"Sabado",0,6:40:00,,"0.0",2,"Automóvil,Moto/Ciclomotor","San Martin Y Laprida",2,0,1,0,1,0,0,,"Calle",,"CAÑADA ROSQUÍN","San Martín","Asfalto","Natural","XVIII","Dentro","Urbana","Ninguna","No existe","Intersección","Bueno","Buena","Diurna","Buen Tiempo","Lateral","S/D","Colisión","S/D","Vertical","Ninguna","Sin restricción"
2016,7491,10/2/2016,"Domingo",0,9:50:00,"Ruta Provincial 2","0.0",1,"Automóvil","Urquiza ",4,4,0,0,0,0,0,,"Ruta",2,"PIAMONTE","San Martín","Asfalto","Natural","XVII","Dentro","Urbana","Ninguna","No existe","Curva","Bueno","Buena","Diurna","Buen Tiempo","S/D","S/D","Vuelco","S/D","Horizontal,Vertical","Ninguna","Sin restricción"
2016,7492,10/6/2016,"Jueves",0,9:15:00,,"0.0",2,"Moto/Ciclomotor,Automóvil","L N Alem Y General Lopez",2,1,0,0,1,0,0,,"S/D",,"SAN LORENZO","San Lorenzo","S/D","S/D","XVII","Dentro","Urbana","S/D","S/D","Intersección","S/D","S/D","Diurna","S/D","S/D","S/D","S/D","S/D","S/D","S/D","S/D"
2016,7493,10/22/2016,"Sabado",0,21:15:00,,"0.0",2,"Automóvil,Moto/Ciclomotor","Rivadavia Y Moreno calle 17",4,2,0,0,2,0,0,,"Calle",,"MARÍA SUSANA","San Martín","Asfalto","Natural","XVIII","Dentro","Urbana","Ninguna","No existe","Recta","Bueno","Reducida","Nocturna,Con luz artificial","Buen Tiempo","De alcance","S/D","Colisión","S/D","Faltante","Ninguna","Sin restricción"
2016,7494,10/5/2016,"Miercoles",0,21:30:00,,"0.0",2,"Moto/Ciclomotor,Moto/Ciclomotor","America Y San Lorenzo",3,1,0,0,2,0,0,,"Calle",,"PUERTO SAN MARTÍN","San Lorenzo","S/D","No existe","XVII","Dentro","Urbana","Ninguna","S/D","Intersección","Bueno","Buena","Nocturna","Buen Tiempo","De alcance","S/D","Colisión","Ninguna","Faltante","Ninguna","Sin restricción"
2016,7495,10/9/2016,"Domingo",0,17:30:00,,"0.0",2,"Moto/Ciclomotor,Moto/Ciclomotor","Urquiza Y General Lopez",2,1,0,0,1,0,0,,"S/D",,"SAN LORENZO","San Lorenzo","S/D","S/D","XVII","Dentro","Urbana","S/D","S/D","S/D","S/D","S/D","Diurna","S/D","S/D","S/D","S/D","S/D","S/D","S/D","S/D"
2016,7496,10/23/2016,"Domingo",0,23:00:00,,"0.0",2,"Automóvil,Moto/Ciclomotor","Cordoba Y Reconquista",4,3,0,0,1,0,0,,"Calle",,"PUERTO SAN MARTÍN","San Lorenzo","Asfalto","No existe","XVII","Dentro","Urbana","Ninguna","No existe","Intersección","Bueno","Buena","Nocturna","Buen Tiempo","Lateral","S/D","Colisión","Ninguna","Horizontal","Ninguna","Sin restricción"
2016,7497,10/4/2016,"Martes",0,22:30:00,,"0.0",2,"Pickup/Utilitario,Moto/Ciclomotor"," ",2,1,0,0,1,0,0,,"Calle",,"AVELLANEDA","General Obligado","Hormigón","Pavimento","IX","Dentro","Urbana","Ninguna","No existe","Intersección","Bueno","Buena","Nocturna","Buen Tiempo","Lateral","S/D","Colisión","Ninguna","S/D","S/D","S/D"
2016,7498,10/7/2016,"Viernes",0,20:30:00,"Ruta Nacional 11","999.9",2,"Moto/Ciclomotor,Peatón"," ",2,2,0,0,0,0,0,,"Ruta",11,"FRAY LUIS BELTRÁN","San Lorenzo","Asfalto","Ripio","XVII","Dentro","Urbana","Ninguna","No existe","Recta","Bueno","Reducida","Nocturna,Con luz artificial","Buen Tiempo","S/D","Peatón","Atropello","S/D","S/D","Ninguna","Sin restricción"
2016,7499,10/21/2016,"Viernes",0,7:45:00,"Ruta Nacional 11","0.0",2,"Pickup/Utilitario,Moto/Ciclomotor","Maestra Barragan - Ex Bs.As. ",3,2,0,0,1,0,0,,"Ruta",11,"FRAY LUIS BELTRÁN","San Lorenzo","Asfalto","Ripio","XVII","Dentro","Urbana","Ninguna","No existe","Recta","Bueno","Buena","Diurna","Buen Tiempo","Lateral","S/D","Colisión","S/D","Faltante","Ninguna","Sin restricción"
2016,7500,10/28/2016,"Viernes",0,22:30:00,"Ruta Nacional 11","0.0",2,"Moto/Ciclomotor,Automóvil","Ruta Nacional 11 Y Calle 25",2,0,1,0,1,0,0,,"Ruta",11,"AVELLANEDA","General Obligado","Asfalto","Natural","IX","Dentro","Urbana","Ninguna","Funciona","Intersección","Con baches","S/D","Nocturna,Con luz artificial","S/D","De alcance","S/D","Colisión","S/D","S/D","Vegetación","S/D"
2016,7501,10/6/2016,"Jueves",0,,,"0.0",2,"Automóvil,Bicicleta","Rivadavia Bernardino ",2,0,0,0,0,0,2,,"Calle",,"CAPITÁN BERMÚDEZ","San Lorenzo","Asfalto","Pavimento","XVII","Dentro","Urbana","S/D","S/D","Recta","Bueno","S/D","S/D","Buen Tiempo","S/D","Ciclista","Atropello","S/D","S/D","S/D","S/D"
2016,7502,10/14/2016,"Viernes",0,,,"0.0",2,"Automóvil,Moto/Ciclomotor","R Obligado Y Avellaneda",2,0,0,0,0,0,2,,"Calle",,"CAPITÁN BERMÚDEZ","San Lorenzo","Asfalto","S/D","XVII","Dentro","Urbana","S/D","S/D","Intersección","S/D","S/D","S/D","S/D","S/D","S/D","Colisión","S/D","S/D","S/D","S/D"
2016,7503,10/26/2016,"Miercoles",0,21:30:00,,"0.0",2,"Bicicleta,Automóvil","Calle 111 ",2,0,1,0,1,0,0,,"Calle",,"AVELLANEDA","General Obligado","Asfalto","Natural","IX","Dentro","Urbana","S/D","S/D","Recta","S/D","S/D","Nocturna,Con luz artificial","Buen Tiempo","S/D","Ciclista","Atropello","S/D","S/D","S/D","S/D"
2016,7504,10/14/2016,"Viernes",0,,,"0.0",2,"Automóvil,Automóvil","Olegario Victor Andrade Y R Obligado",2,0,0,0,0,0,2,,"Calle",,"CAPITÁN BERMÚDEZ","San Lorenzo","Asfalto","S/D","XVII","Dentro","Urbana","S/D","S/D","Intersección","Bueno","S/D","S/D","S/D","S/D","S/D","Colisión","S/D","S/D","S/D","S/D"
2016,7505,10/24/2016,"Lunes",0,,,"0.0",2,"Moto/Ciclomotor,Otros","San Roque ",2,0,0,0,0,0,2,,"Calle",,"CAPITÁN BERMÚDEZ","San Lorenzo","Asfalto","Pavimento","XVII","Dentro","Urbana","S/D","No existe","Rotonda","Bueno","S/D","S/D","S/D","S/D","S/D","Colisión","S/D","S/D","S/D","S/D"
2016,7506,10/23/2016,"Domingo",0,23:10:00,"Ruta Nacional 11","0.0",2,"Pickup/Utilitario,Moto/Ciclomotor","Ruta Nacional 11 Y Calle 25",2,1,0,0,1,0,0,,"Ruta",11,"AVELLANEDA","General Obligado","Asfalto","Natural","IX","Dentro","Urbana","Semáforo","Funciona","Recta","Bueno","Buena","Nocturna","Buen Tiempo","S/D","S/D","Colisión","Ninguna","Vertical","Ninguna","Desvío Provisorio"
2016,7507,10/24/2016,"Lunes",0,,,"0.0",2,"Automóvil,Bicicleta"," ",2,0,0,0,0,0,2,,"S/D",,"CAPITÁN BERMÚDEZ","San Lorenzo","Tierra","No existe","XVII","Dentro","Rural","S/D","No existe","S/D","S/D","S/D","S/D","S/D","S/D","Ciclista","Atropello","S/D","Faltante","S/D","S/D"
2016,7508,10/17/2016,"Lunes",0,15:10:00,"Ruta Nacional 11","0.0",2,"Automóvil,Moto/Ciclomotor","Ruta Nacional 11 Y Calle 23",2,1,0,0,1,0,0,,"Ruta",11,"AVELLANEDA","General Obligado","Asfalto","Pavimento","IX","Dentro","Urbana","S/D","Funciona","Intersección","S/D","Buena","Diurna","S/D","S/D","S/D","Colisión","S/D","Vertical","S/D","Sin restricción"
2016,7509,10/13/2016,"Jueves",0,17:05:00,,"0.0",2,"Moto/Ciclomotor,Pickup/Utilitario","Calle 21 Y CAlle 14",2,1,0,0,1,0,0,,"Calle",,"AVELLANEDA","General Obligado","Asfalto","Pavimento","IX","Dentro","Urbana","S/D","S/D","Intersección","Bueno","Buena","Diurna","Buen Tiempo","S/D","S/D","Colisión","S/D","S/D","S/D","S/D"
2016,7510,10/12/2016,"Miercoles",0,7:35:00,"Ruta Nacional 11","0.0",2,"Otros,Otros"," ",2,1,0,0,0,0,1,,"Ruta",11,"AVELLANEDA","General Obligado","Asfalto","S/D","IX","Dentro","Urbana","S/D","No existe","Recta","Bueno","Buena","Amanecer","Buen Tiempo","De alcance","S/D","Colisión","Ninguna","S/D","S/D","S/D"
2016,7511,10/12/2016,"Miercoles",0,7:35:00,"Ruta Nacional 11","0.0",2,"Automóvil,Moto/Ciclomotor"," ",2,1,0,0,0,0,1,,"Ruta",11,"AVELLANEDA","General Obligado","Asfalto","S/D","IX","Dentro","Urbana","S/D","No existe","Recta","Bueno","Buena","Amanecer","Buen Tiempo","De alcance","S/D","Colisión","Ninguna","S/D","S/D","S/D"
2016,7512,10/16/2016,"Domingo",0,11:59:00,,"0.0",2,"Automóvil,Moto/Ciclomotor","Calle 326 Y Calle 327",2,1,0,0,1,0,0,,"Calle",,"AVELLANEDA","General Obligado","S/D","S/D","IX","Dentro","Urbana","S/D","No existe","Intersección","S/D","Buena","Diurna","S/D","De alcance","S/D","Colisión","S/D","S/D","S/D","S/D"
2016,7513,10/18/2016,"Martes",0,11:15:00,,"0.0",2,"Automóvil,Automóvil","Calle 21 ",3,3,0,0,0,0,0,,"Calle",,"AVELLANEDA","General Obligado","Asfalto","S/D","IX","Dentro","Urbana","Ninguna","No existe","Intersección","Bueno","S/D","Diurna","Buen Tiempo","S/D","S/D","Colisión","Ninguna","S/D","Vegetación","Sin restricción"
2016,7514,10/23/2016,"Domingo",0,20:45:00,,"0.0",2,"Moto/Ciclomotor,Automóvil","Calle 26 Y Calle 5",4,1,0,0,3,0,0,,"Calle",,"AVELLANEDA","General Obligado","Tierra","Pavimento","IX","Dentro","Urbana","S/D","No existe","Intersección","S/D","S/D","Nocturna","S/D","Frontal","S/D","Colisión","Ninguna","S/D","S/D","S/D"
2016,7515,10/8/2016,"Sabado",0,8:50:00,,"0.0",2,"Automóvil,Moto/Ciclomotor","Calle 4 Y Calle 11",3,2,0,0,1,0,0,,"Calle",,"AVELLANEDA","General Obligado","Asfalto","Pavimento","IX","Dentro","Urbana","S/D","S/D","Intersección","Bueno","S/D","Diurna","S/D","De alcance","S/D","Colisión","Ninguna","S/D","S/D","S/D"
2016,7516,10/8/2016,"Sabado",0,22:55:00,,"0.0",2,"Moto/Ciclomotor,Pickup/Utilitario","Calle 307 Y Calle 326",3,1,2,0,0,0,0,,"Calle",,"AVELLANEDA","General Obligado","Tierra","Natural","IX","Dentro","Urbana","S/D","No existe","Intersección","Ahuellamiento","S/D","Nocturna,Con luz artificial","S/D","Frontal","S/D","Colisión","S/D","S/D","S/D","S/D"