"anio_acci","nro_acci","fecha","desc_dia","fecha_aprox","hora_aprox","desc_ruta","km","cant_participantes","desc_participante","calle_avenida_km","total","heridos_leves","heridos_graves","heridos_gravisimos","ilesos","fallecidos","sin_datos","posicion_XY","desc_tipo_via","desc_ruta_ori","desc_loc","desc_dpto","desc_tipo_calzada","desc_tipo_banquina","desc_unidad_regional","desc_lugar_calzada","desc_zona","desc_prioridad","desc_estado_semaforo","desc_lugar_via","desc_estado_via","desc_estado_visibilidad","desc_luminosidad","desc_estado_clima","desc_tipo_colision","desc_tipo_atropello","desc_tipo_hecho","desc_pres_calzada","desc_senializacion","desc_separacion_via","desc_restriccion"
2016,7518,10/12/2016,"Miercoles",0,18:30:00,,"0.0",2,"Automóvil,Moto/Ciclomotor","Parana Y Simon Bolivar",3,2,0,0,1,0,0,,"Calle",,"RAFAELA","Castellanos","Hormigón","S/D","V","Dentro","Urbana","S/D","No existe","Intersección","Bueno","Buena","Atardecer","S/D","Lateral","S/D","Colisión","S/D","S/D","S/D","S/D"
2016,7519,10/6/2016,"Jueves",0,18:30:00,,"0.0",2,"Automóvil,Peatón","Mejico Y 4 de enero",2,0,1,0,1,0,0,,"Calle",,"RAFAELA","Castellanos","Asfalto","S/D","V","Dentro","Urbana","Ninguna","S/D","Intersección","Bueno","Buena","Atardecer","Buen Tiempo","Lateral","Peatón","Atropello","S/D","S/D","S/D","Sin restricción"
2016,7520,10/11/2016,"Martes",0,15:50:00,,"0.0",2,"Pickup/Utilitario,Moto/Ciclomotor","Falucho Y Padre Francisco Palmieri",2,1,0,0,1,0,0,,"Calle",,"RAFAELA","Castellanos","Hormigón","No existe","V","Dentro","Urbana","Ninguna","No existe","Intersección","Bueno","Buena","Diurna","Buen Tiempo","Lateral","S/D","Colisión","S/D","Horizontal,Vertical","S/D","Sin restricción"
2016,7521,10/9/2016,"Domingo",0,21:55:00,,"0.0",2,"Automóvil,Moto/Ciclomotor","Antartida Argentina ",2,1,0,0,1,0,0,,"Calle",,"CLUCELLAS","Castellanos","Asfalto","No existe","V","Dentro","Urbana","S/D","No existe","Intersección","S/D","Buena","Nocturna,Con luz artificial","Buen Tiempo","S/D","S/D","Colisión","S/D","S/D","Ninguna","S/D"
2016,7522,10/12/2016,"Miercoles",0,10:00:00,,"0.0",2,"Pickup/Utilitario,Moto/Ciclomotor","Av Doctor E Salva Y Arenales",2,1,0,0,1,0,0,,"Calle",,"RAFAELA","Castellanos","Asfalto","No existe","V","Dentro","Urbana","Ninguna","No existe","Intersección","Bueno","Buena","Diurna","Buen Tiempo","Lateral","S/D","Colisión","S/D","Faltante","Ninguna","Sin restricción"
2016,7523,10/18/2016,"Martes",0,12:40:00,,"0.0",2,"Automóvil,Moto/Ciclomotor","Av Italia Y 1ro de Mayo",3,1,0,0,2,0,0,,"Calle",,"RAFAELA","Castellanos","Hormigón","No existe","V","Dentro","Urbana","Ninguna","No existe","Intersección","Bueno","Buena","Diurna","Buen Tiempo","Lateral","S/D","Colisión","S/D","Vertical","Ninguna","Sin restricción"
2016,7524,10/13/2016,"Jueves",0,12:10:00,,"0.0",2,"Moto/Ciclomotor,Pickup/Utilitario","Bvard 20 de Junio Y Alem",2,1,0,0,1,0,0,,"Avenida",,"GÁLVEZ","San Jerónimo","Asfalto","S/D","XV","Dentro","Urbana","Ninguna","No existe","Intersección","Bueno","Reducida","Diurna","Lluvia","Lateral","S/D","Colisión","Agua","S/D","Vegetación","Sin restricción"
2016,7525,10/3/2016,"Lunes",0,0:30:00,"Ruta Nacional 19","119.0",2,"Automóvil,Pickup/Utilitario"," ",8,0,1,0,7,0,0,,"Ruta",19,"FRONTERA","Castellanos","Asfalto","S/D","V","Dentro","Urbana","S/D","S/D","Recta","Bueno","Buena","Nocturna","S/D","De alcance","S/D","Colisión","S/D","S/D","S/D","S/D"
2016,7526,10/4/2016,"Martes",0,19:00:00,,"0.0",2,"Moto/Ciclomotor,Automóvil","Sarmiento ",2,1,0,0,1,0,0,,"Calle",,"GÁLVEZ","San Jerónimo","Asfalto","No existe","XV","Dentro","Urbana","Ninguna","No existe","Recta","Bueno","Buena","Diurna","Buen Tiempo","De alcance","S/D","Colisión","Ninguna","Faltante","Ninguna","Sin restricción"
2016,7527,10/19/2016,"Miercoles",0,15:30:00,,"0.0",2,"Moto/Ciclomotor,Pickup/Utilitario","M S M de Balcarce Y Belgrano",2,1,0,0,1,0,0,,"Calle",,"SAN JUSTO","San Justo","Hormigón","No existe","XVI","Dentro","Urbana","Ninguna","No existe","Intersección","Bueno","Buena","Diurna","Buen Tiempo","Frontal","S/D","Colisión","Ninguna","Vertical","Ninguna","Sin restricción"
2016,7528,10/30/2016,"Domingo",0,22:50:00,,"0.0",2,"Automóvil,Moto/Ciclomotor","Calle 11 Y Calle 100",2,1,0,0,1,0,0,,"Calle",,"FRONTERA","Castellanos","Asfalto","S/D","V","Dentro","Urbana","S/D","S/D","Intersección","Bueno","Buena","Nocturna,Con luz artificial","S/D","S/D","S/D","Colisión","S/D","S/D","S/D","S/D"
2016,7529,10/2/2016,"Domingo",0,21:30:00,,"0.0",1,"Automóvil","Gabriel Maggi Y A Destefani",3,1,0,0,2,0,0,,"Calle",,"RAFAELA","Castellanos","Asfalto,Ripio","No existe","V","Dentro","Urbana","S/D","No existe","Intersección","Bueno","Buena","Nocturna","S/D","S/D","S/D","Colisión","S/D","Faltante","Ninguna","S/D"
2016,7530,10/16/2016,"Domingo",0,11:40:00,,"0.0",1,"Moto/Ciclomotor","España ",3,1,1,0,1,0,0,,"Calle",,"RAFAELA","Castellanos","Ripio","No existe","V","Dentro","Urbana","Ninguna","No existe","Intersección","Bueno","Buena","Diurna","Buen Tiempo","S/D","S/D","Caída ocupante","S/D","Faltante","Cordón divisorio","Sin restricción"
2016,7531,10/31/2016,"Lunes",0,18:00:00,,"0.0",1,"Moto/Ciclomotor"," ",1,0,1,0,0,0,0,,"S/D",,"SAN JUSTO","San Justo","Asfalto","Natural","XVI","S/D","Urbana","Ninguna","No existe","Recta","Bueno","Buena","Diurna","Buen Tiempo","S/D","S/D","Caída ocupante","Ninguna","Faltante","Línea divisoria pintada","Sin restricción"
2016,7532,10/1/2016,"Sabado",0,13:30:00,,"0.0",2,"Moto/Ciclomotor,Pickup/Utilitario","Rivadavia Y Bme Mitre",2,1,0,0,1,0,0,,"Calle",,"GÁLVEZ","San Jerónimo","Asfalto","No existe","XV","Dentro","Urbana","Ninguna","No existe","Intersección","Bueno","Buena","Diurna","Buen Tiempo","Lateral","S/D","Colisión","Ninguna","S/D","Ninguna","Sin restricción"
2016,7533,10/6/2016,"Jueves",0,13:40:00,,"0.0",2,"Automóvil,Moto/Ciclomotor","Ayohuma 350",3,1,0,0,2,0,0,,"Calle",,"LEHMANN","Castellanos","Ripio","No existe","V","Dentro","Urbana","Ninguna","No existe","Recta","Bueno","Buena","Diurna","Buen Tiempo","Lateral","S/D","Colisión","S/D","Faltante","Ninguna","Sin restricción"
2016,7534,10/20/2016,"Jueves",0,18:30:00,,"0.0",1,"Moto/Ciclomotor","Antonio Podio Y Juan B Justo",1,1,0,0,0,0,0,,"Calle",,"RAFAELA","Castellanos","Asfalto","No existe","V","Dentro","Urbana","Ninguna","No existe","Intersección","Bueno","Buena","Atardecer","Buen Tiempo","Atropello animal","S/D","Colisión","Ninguna","Faltante","Cordón divisorio","Sin restricción"
2016,7535,10/29/2016,"Sabado",0,20:50:00,"Ruta Provincial 70","89.0",3,"Moto/Ciclomotor,Automóvil,Automóvil"," ",3,3,0,0,0,0,0,,"Ruta",70,"PRESIDENTE ROCA","Castellanos","Asfalto","Natural","V","Dentro","Urbana","Marca Vial","No existe","Recta","Con baches","Buena","Nocturna","Buen Tiempo","Múltiple","S/D","Colisión","S/D","Faltante","Ninguna","Sin restricción"
2016,7536,10/28/2016,"Viernes",0,21:00:00,,"0.0",2,"Moto/Ciclomotor,Pickup/Utilitario"," ",3,2,0,0,1,0,0,,"S/D",,"PUJATO","San Lorenzo","Asfalto","Ripio","XVII","Dentro","Urbana","Ninguna","No existe","Intersección","Bueno","Buena","Nocturna,Con luz artificial","Buen Tiempo","Lateral","S/D","Colisión","Ninguna","Horizontal","Ninguna","Sin restricción"
2016,7537,10/31/2016,"Lunes",0,2:00:00,,"0.0",2,"Moto/Ciclomotor,Moto/Ciclomotor","Bme Mitre Y J B Alberdi",2,1,1,0,0,0,0,,"Calle",,"GÁLVEZ","San Jerónimo","Asfalto","Pavimento","XV","S/D","Urbana","Ninguna","No existe","Intersección","Bueno","Buena","Nocturna","Buen Tiempo","S/D","S/D","Colisión","Ninguna","S/D","Ninguna","Sin restricción"
2016,7538,10/8/2016,"Sabado",0,9:05:00,"Ruta Nacional 34","271.0",2,"Automóvil,Moto/Ciclomotor"," ",2,1,0,0,1,0,0,,"Ruta",34,"TACURAL","Castellanos","Asfalto","Ripio","V","Dentro","Urbana","Marca Vial","No existe","Cruce","Bueno","Buena","Diurna","Buen Tiempo","De alcance","S/D","Colisión","S/D","Vertical","Línea divisoria pintada","Sin restricción"
2016,7539,10/30/2016,"Domingo",0,14:30:00,"Ruta Nacional 34","31.0",1,"Automóvil"," ",3,3,0,0,0,0,0,,"Ruta",34,"LUIS PALACIOS","San Lorenzo","Asfalto","Natural","XVII","Fuera","Rural","Ninguna","No existe","Recta","Bueno","Buena","Diurna","Buen Tiempo","S/D","S/D","Despiste","Ninguna","Vertical","Línea divisoria pintada","Sin restricción"
2016,7540,10/30/2016,"Domingo",0,0:30:00,,"0.0",2,"Automóvil,Moto/Ciclomotor","Tucuman Y Edison",3,2,0,0,1,0,0,,"Calle",,"RAFAELA","Castellanos","Asfalto","No existe","V","Dentro","Urbana","Ninguna","No existe","Recta","Bueno","Buena","Nocturna","Buen Tiempo","Frontal","S/D","Colisión","S/D","Horizontal","Línea divisoria pintada","Sin restricción"
2016,7541,10/30/2016,"Domingo",0,0:30:00,,"0.0",2,"Taxi/Remis,Moto/Ciclomotor","Tucuman Y Edison",3,2,0,0,1,0,0,,"Calle",,"RAFAELA","Castellanos","Asfalto","Pavimento","V","Dentro","Urbana","Ninguna","No existe","Recta","Bueno","Buena","Nocturna","Buen Tiempo","Frontal","S/D","Colisión","S/D","Horizontal","Línea divisoria pintada","Sin restricción"
2016,7542,10/16/2016,"Domingo",0,18:50:00,,"0.0",2,"Automóvil,Moto/Ciclomotor","Timbues Y España",6,2,1,0,3,0,0,,"Calle",,"TIMBÚES","San Lorenzo","Asfalto","No existe","XVIII","Dentro","Urbana","Ninguna","No existe","Intersección","Bueno","Buena","Diurna","Buen Tiempo","Lateral","S/D","Colisión","Ninguna","Faltante","Ninguna","Sin restricción"
2016,7543,10/9/2016,"Domingo",0,19:45:00,,"0.0",2,"Automóvil,Moto/Ciclomotor","Bvard 20 de Junio Y Colon",2,0,1,0,1,0,0,,"Avenida",,"GÁLVEZ","San Jerónimo","Asfalto","No existe","XV","S/D","Urbana","Ninguna","No existe","Intersección","Bueno","Buena","S/D","Buen Tiempo","Otro","S/D","Colisión","Ninguna","S/D","Ninguna","S/D"
2016,7544,10/16/2016,"Domingo",0,7:55:00,,"0.0",2,"Pickup/Utilitario,Automóvil","Avda. Jorge Newbery Y Luisa de Larrechea",4,2,0,0,2,0,0,,"Calle",,"GÁLVEZ","San Jerónimo","Asfalto","S/D","XV","Dentro","Urbana","S/D","Funciona","Intersección","Bueno","Buena","Diurna","S/D","S/D","S/D","Colisión","S/D","S/D","S/D","S/D"
2016,7545,10/31/2016,"Lunes",0,20:45:00,,"0.0",2,"Camión Chasis,Moto/Ciclomotor","Sarmiento Y España",2,0,1,0,1,0,0,,"Calle",,"GÁLVEZ","San Jerónimo","Asfalto","S/D","XV","Dentro","Urbana","Ninguna","No existe","Intersección","Bueno","Buena","Nocturna","Buen Tiempo","Lateral","S/D","Colisión","S/D","S/D","Ninguna","Sin restricción"
2016,7546,10/22/2016,"Sabado",0,12:10:00,,"0.0",2,"Moto/Ciclomotor,Automóvil","Pedro P Ceci Y Tucuman",2,1,0,0,1,0,0,,"Calle",,"GÁLVEZ","San Jerónimo","Ripio","Natural","XV","Dentro","Urbana","Ninguna","No existe","Intersección","Deteriorada","S/D","Diurna","Buen Tiempo","Lateral","S/D","Colisión","Material Suelto","S/D","Ninguna","Sin restricción"
2016,7547,10/24/2016,"Lunes",0,0:20:00,"Ruta Provincial 42","0.0",1,"Moto/Ciclomotor"," ",1,1,0,0,0,0,0,,"Ruta",42,"GÁLVEZ","San Jerónimo","Asfalto","S/D","XV","Dentro","Urbana","Ninguna","No existe","Recta","Bueno","Buena","Nocturna","Buen Tiempo","S/D","S/D","Caída ocupante","S/D","S/D","Guardarrail","Sin restricción"
2016,7548,10/28/2016,"Viernes",0,14:50:00,,"0.0",2,"Moto/Ciclomotor,Automóvil","Dr Zavalla Y J J Paso",2,1,0,0,1,0,0,,"Calle",,"SANTA FE","La Capital","Asfalto","No existe","I","Dentro","Urbana","Ninguna","No existe","Intersección","Con baches","Buena","Diurna","Buen Tiempo","S/D","S/D","Colisión","S/D","Faltante","Ninguna","Sin restricción"
2016,7549,10/4/2016,"Martes",0,11:40:00,,"0.0",2,"Tren,Bicicleta","España ",3,1,0,0,2,0,0,,"Calle",,"SAN LORENZO","San Lorenzo","Tierra","No existe","XVII","S/D","Urbana","Ninguna","No existe","Cruce","Bueno","Buena","Diurna","Buen Tiempo","S/D","Ciclista","Atropello","Ninguna","Faltante","Ninguna","Sin restricción"
2016,7550,10/28/2016,"Viernes",0,23:40:00,,"0.0",2,"Moto/Ciclomotor,Automóvil","Av Freyre Y Juan de Garay",2,1,0,0,1,0,0,,"Calle",,"SANTA FE","La Capital","Asfalto","No existe","I","Dentro","Urbana","Ninguna","No existe","Intersección","Con baches","Buena","Nocturna","Buen Tiempo","Lateral","S/D","Colisión","S/D","Faltante","Ninguna","Sin restricción"
2016,7551,10/30/2016,"Domingo",0,22:00:00,,"0.0",2,"Moto/Ciclomotor,Automóvil","LUDES Y ALVEAR",2,1,0,0,1,0,0,,"Calle",,"RECONQUISTA","General Obligado","Asfalto","S/D","IX","Dentro","Urbana","Ninguna","No existe","Recta","Bueno","Buena","Diurna","Buen Tiempo","S/D","S/D","Colisión","Ninguna","Horizontal","Ninguna","S/D"
2016,7552,10/20/2016,"Jueves",0,1:25:00,,"0.0",2,"Moto/Ciclomotor,Bicicleta"," ",2,2,0,0,0,0,0,,"Calle",,"SANTA FE","La Capital","Asfalto","No existe","I","Dentro","Urbana","Ninguna","No existe","Puente","Con baches","Reducida","Amanecer","Buen Tiempo","De alcance","Ciclista","Atropello","S/D","Faltante","Ninguna","Sin restricción"
2016,7553,10/10/2016,"Lunes",0,21:00:00,,"0.0",2,"Automóvil,Moto/Ciclomotor","Av San Martin Y España",3,2,0,0,1,0,0,,"Avenida",,"SAN LORENZO","San Lorenzo","Hormigón","No existe","XVII","S/D","Urbana","Ninguna","No existe","Recta","Otro","S/D","Nocturna","Buen Tiempo","S/D","S/D","S/D","Ninguna","Faltante","Ninguna","Sin restricción"
2016,7554,10/31/2016,"Lunes",0,11:30:00,,"0.0",2,"Automóvil,Moto/Ciclomotor","Moreno Y San Lorenzo",2,1,0,0,1,0,0,,"Calle",,"SANTA FE","La Capital","Asfalto","No existe","I","Dentro","Urbana","Ninguna","No existe","Intersección","Con baches","Buena","Diurna","Buen Tiempo","Lateral","S/D","Colisión","S/D","Faltante","Ninguna","Sin restricción"
2016,7555,10/10/2016,"Lunes",0,21:45:00,,"0.0",2,"Moto/Ciclomotor,Camión c / Semirremolque"," ",4,3,0,0,1,0,0,,"Avenida",,"SAN LORENZO","San Lorenzo","Tierra","No existe","XVII","S/D","Urbana","S/D","No existe","Recta","Deteriorada","S/D","Nocturna","S/D","S/D","S/D","S/D","Ninguna","S/D","Ninguna","S/D"
2016,7556,10/4/2016,"Martes",0,18:00:00,,"0.0",2,"Moto/Ciclomotor,Automóvil","Belgrano Y Castellanos",2,1,0,0,1,0,0,,"Calle",,"SANTA FE","La Capital","Asfalto","No existe","I","Dentro","Urbana","S/D","No existe","Intersección","Bueno","Buena","Atardecer","S/D","Lateral","S/D","Colisión","S/D","S/D","S/D","S/D"
2016,7557,10/12/2016,"Miercoles",0,20:15:00,,"0.0",1,"Moto/Ciclomotor","Calle 16-Obligado ",2,1,0,0,0,0,1,,"Calle",,"RECONQUISTA","General Obligado","Asfalto","No existe","IX","S/D","Urbana","Ninguna","No existe","Recta","Bueno","Buena","Atardecer","Buen Tiempo","Lateral","S/D","Colisión","Ninguna","S/D","Cordón divisorio","Sin restricción"
2016,7558,10/4/2016,"Martes",0,14:35:00,,"0.0",2,"Moto/Ciclomotor,Automóvil","Rivadavia Y Bv Galvez",2,1,0,0,1,0,0,,"Calle",,"SANTA FE","La Capital","Asfalto","No existe","I","Dentro","Urbana","S/D","Funciona","Intersección","Bueno","Buena","Diurna","S/D","Lateral","S/D","Colisión","S/D","S/D","S/D","S/D"
2016,7559,10/6/2016,"Jueves",0,11:20:00,,"0.0",2,"Automóvil,Bicicleta","Maipu Y Republica de Siria",2,1,0,0,1,0,0,,"Calle",,"SANTA FE","La Capital","Asfalto","No existe","I","Dentro","Urbana","S/D","No existe","Intersección","Bueno","S/D","Diurna","S/D","S/D","Ciclista","Atropello","S/D","S/D","S/D","S/D"
2016,7560,10/18/2016,"Martes",0,20:20:00,,"0.0",2,"Tren,Automóvil","Genaro Roldan Y Peru",5,1,0,0,4,0,0,,"S/D",,"SAN LORENZO","San Lorenzo","S/D","No existe","XVII","S/D","Urbana","S/D","No existe","Paso a Nivel FFCC","Bueno","S/D","Nocturna","S/D","S/D","S/D","S/D","S/D","Vertical","S/D","S/D"
2016,7561,10/6/2016,"Jueves",0,21:05:00,,"0.0",2,"Moto/Ciclomotor,Pickup/Utilitario","Pujato Crespo Y Domingo Silva",2,1,0,0,1,0,0,,"Calle",,"SANTA FE","La Capital","Asfalto","No existe","I","Dentro","Urbana","S/D","No existe","Intersección","Bueno","S/D","Nocturna","S/D","Lateral","S/D","Colisión","S/D","S/D","S/D","S/D"
2016,7562,10/5/2016,"Miercoles",0,18:10:00,,"0.0",2,"Automóvil,Moto/Ciclomotor","Calle 9-Mariano Moreno Y Calle 55-Mendoza",2,1,0,0,1,0,0,,"Calle",,"RECONQUISTA","General Obligado","Asfalto","Pavimento","IX","Dentro","Urbana","Ninguna","No existe","Recta","Bueno","Buena","Diurna","Buen Tiempo","Otro","S/D","Colisión","Ninguna","Horizontal","S/D","Sin restricción"
2016,7563,10/7/2016,"Viernes",0,18:45:00,,"0.0",2,"Moto/Ciclomotor,Automóvil","Las Heras ",2,1,0,0,1,0,0,,"Calle",,"SANTA FE","La Capital","Asfalto","No existe","I","Dentro","Urbana","S/D","No existe","Intersección","Bueno","Buena","Atardecer","S/D","Lateral","S/D","Colisión","S/D","S/D","S/D","S/D"
2016,7564,10/8/2016,"Sabado",0,3:00:00,,"0.0",2,"Automóvil,Moto/Ciclomotor","Av Almte Brown Y Chacabuco",2,1,0,0,1,0,0,,"Calle",,"SANTA FE","La Capital","Asfalto","No existe","I","Dentro","Urbana","S/D","No existe","Intersección","Bueno","S/D","Nocturna","S/D","Lateral","S/D","Colisión","S/D","S/D","S/D","S/D"
2016,7565,10/28/2016,"Viernes",0,19:55:00,,"0.0",2,"Automóvil,Moto/Ciclomotor","Av San Martin Y Mateo Galvez",2,1,1,0,0,0,0,,"Avenida",,"SAN LORENZO","San Lorenzo","Hormigón","S/D","XVII","S/D","Urbana","S/D","S/D","Recta","Bueno","S/D","Diurna","Buen Tiempo","Lateral","S/D","Colisión","Ninguna","S/D","S/D","S/D"
2016,7566,10/9/2016,"Domingo",0,20:30:00,,"0.0",2,"Pickup/Utilitario,Moto/Ciclomotor","Velez Sarsfield Y Cordoba",2,1,0,0,1,0,0,,"Calle",,"SANTA FE","La Capital","Asfalto","No existe","I","Dentro","Urbana","S/D","No existe","Intersección","Bueno","Buena","Nocturna","S/D","Lateral","S/D","Colisión","S/D","S/D","S/D","S/D"
2016,7567,10/18/2016,"Martes",0,12:00:00,"Ruta Nacional 11","0.0",2,"Automóvil,Moto/Ciclomotor","Calle 33-Pueyrredon ",2,1,0,0,1,0,0,,"Ruta",11,"RECONQUISTA","General Obligado","Asfalto","S/D","IX","Dentro","Urbana","S/D","Funciona","Intersección","Bueno","Buena","Diurna","S/D","S/D","S/D","S/D","Ninguna","S/D","S/D","S/D"
2016,7568,10/11/2016,"Martes",0,15:45:00,,"0.0",2,"Automóvil,Automóvil","Salvador del Carril Y Alberdi",2,2,0,0,0,0,0,,"Calle",,"SANTA FE","La Capital","Asfalto","No existe","I","Dentro","Urbana","S/D","No existe","Intersección","Bueno","Buena","Diurna","S/D","Lateral","S/D","Colisión","S/D","S/D","S/D","S/D"
2016,7569,10/15/2016,"Sabado",0,,"Ruta Nacional 11","674.8",2,"Automóvil,Camión c / Acoplado"," ",3,1,1,0,1,0,0,,"Ruta",11,"CALCHAQUÍ","Vera","Asfalto","Natural","XIX","S/D","S/D","Semáforo","Funciona","Recta","Deteriorada","Buena","Nocturna","Buen Tiempo","S/D","S/D","Colisión","Ninguna","S/D","Guardarrail","S/D"
2016,7570,10/11/2016,"Martes",0,20:45:00,,"0.0",2,"Automóvil,Pickup/Utilitario","Av 7 Jefes Y Cordoba",2,1,0,0,1,0,0,,"Calle",,"SANTA FE","La Capital","Asfalto","No existe","I","Dentro","Urbana","S/D","No existe","Intersección","Bueno","S/D","Nocturna","S/D","Lateral","S/D","Colisión","S/D","S/D","S/D","S/D"
2016,7571,10/15/2016,"Sabado",0,21:15:00,,"0.0",2,"Moto/Ciclomotor,Automóvil","Bv Galvez 1200",3,1,0,0,2,0,0,,"Calle",,"SANTA FE","La Capital","Asfalto","No existe","I","Dentro","Urbana","S/D","Funciona","Recta","Bueno","Buena","Nocturna","S/D","Lateral","S/D","Colisión","S/D","S/D","S/D","S/D"
2016,7572,10/31/2016,"Lunes",0,20:45:00,,"0.0",2,"Automóvil,Moto/Ciclomotor","Moreno Y Corrientes",3,2,0,0,1,0,0,,"S/D",,"VERA","Vera","Asfalto","No existe","XIX","S/D","Urbana","Ninguna","No existe","Intersección","Bueno","Buena","Nocturna","Buen Tiempo","Frontal","S/D","Colisión","Ninguna","Faltante","Ninguna","Sin restricción"
2016,7573,10/23/2016,"Domingo",0,19:30:00,,"0.0",2,"Automóvil,Moto/Ciclomotor","Maipu Y Guemes",2,1,0,0,1,0,0,,"Calle",,"SANTA FE","La Capital","Asfalto","No existe","I","Dentro","Urbana","S/D","No existe","Intersección","Bueno","Buena","Atardecer","S/D","Lateral","S/D","Colisión","S/D","S/D","S/D","S/D"
2016,7574,10/18/2016,"Martes",0,19:00:00,,"0.0",2,"Bicicleta,Pickup/Utilitario","Calle 18-Belgrano Y Calle 11-Alvear",2,1,0,0,1,0,0,,"Calle",,"RECONQUISTA","General Obligado","Asfalto","S/D","IX","S/D","Urbana","S/D","No existe","Recta","Bueno","Buena","Diurna","Lluvia","S/D","Ciclista","Atropello","Agua","Horizontal","S/D","S/D"
2016,7575,10/27/2016,"Jueves",0,19:08:00,,"0.0",2,"Pickup/Utilitario,Moto/Ciclomotor","Republica de Siria Y Castellanos",2,1,0,0,1,0,0,,"Calle",,"SANTA FE","La Capital","Asfalto","No existe","I","Dentro","Urbana","S/D","No existe","Intersección","Bueno","Buena","Atardecer","S/D","Lateral","S/D","Colisión","S/D","S/D","S/D","S/D"
2016,7576,10/30/2016,"Domingo",0,8:00:00,,"0.0",2,"Moto/Ciclomotor,Moto/Ciclomotor","Bv Galvez Y Alvear",2,1,0,0,1,0,0,,"Calle",,"SANTA FE","La Capital","Asfalto","No existe","I","Dentro","Urbana","S/D","Funciona","Intersección","Bueno","Buena","Diurna","S/D","Lateral","S/D","Colisión","S/D","S/D","S/D","S/D"
2016,7577,10/4/2016,"Martes",0,11:15:00,,"0.0",2,"Moto/Ciclomotor,Automóvil","R S Pe±a Y 25 de Mayo",3,2,0,0,1,0,0,,"Calle",,"VERA","Vera","Ripio","No existe","XIX","Dentro","Urbana","Ninguna","No existe","Intersección","Bueno","Buena","Diurna","Buen Tiempo","Frontal","S/D","Colisión","Ninguna","Faltante","Ninguna","Sin restricción"
2016,7578,10/8/2016,"Sabado",0,15:40:00,,"0.0",2,"Bicicleta,Automóvil","Laurencio Maradona ",2,1,0,0,1,0,0,,"Calle",,"SANTA FE","La Capital","Asfalto","S/D","I","Dentro","Urbana","Ninguna","No existe","Recta","Bueno","Buena","Diurna","Buen Tiempo","S/D","Ciclista","Atropello","Ninguna","S/D","Línea divisoria pintada","Sin restricción"
2016,7579,10/4/2016,"Martes",0,12:40:00,,"0.0",2,"Moto/Ciclomotor,Automóvil","J Goffet Y Gobernador Crespo",2,1,0,0,1,0,0,,"Calle",,"RAFAELA","Castellanos","Asfalto","No existe","V","Dentro","Urbana","Ninguna","No existe","Intersección","Bueno","Buena","Diurna","Buen Tiempo","Lateral","S/D","Colisión","S/D","Faltante","Ninguna","Sin restricción"
2016,7580,10/6/2016,"Jueves",0,,,"0.0",2,"Moto/Ciclomotor,Automóvil","Calle 16-Obligado 955",2,1,0,0,0,0,1,,"Calle",,"RECONQUISTA","General Obligado","Asfalto","No existe","IX","S/D","Urbana","Ninguna","No existe","Recta","Bueno","Buena","Diurna","Buen Tiempo","Lateral","S/D","Colisión","Ninguna","Horizontal","Ninguna","Sin restricción"
2016,7581,10/3/2016,"Lunes",0,9:25:00,,"0.0",2,"Moto/Ciclomotor,Automóvil","Calle 23-Gral lopez Y Calle 28 - San Lorenzo",2,1,0,0,1,0,0,,"Calle",,"RECONQUISTA","General Obligado","Asfalto","No existe","XI","Dentro","Urbana","Ninguna","No existe","Intersección","Bueno","Buena","Amanecer","Buen Tiempo","De alcance","S/D","Colisión","Ninguna","Faltante","Ninguna","Sin restricción"
2016,7582,10/11/2016,"Martes",0,13:30:00,,"0.0",2,"Moto/Ciclomotor,Automóvil","Gabriel Maggi Y B Geuna",2,1,0,0,1,0,0,,"Calle",,"RAFAELA","Castellanos","Asfalto","Natural","V","Dentro","Urbana","Ninguna","No existe","Intersección","Bueno","Buena","Diurna","Buen Tiempo","S/D","S/D","Colisión","S/D","Faltante","Cordón divisorio","Sin restricción"
2016,7583,10/9/2016,"Domingo",0,16:30:00,"Ruta Provincial 70","999.9",3,"Moto/Ciclomotor,Automóvil,Camión Chasis"," ",5,3,0,0,2,0,0,,"Ruta",70,"RAFAELA","Castellanos","Asfalto","Ripio","V","Dentro","Urbana","Ninguna","No existe","Recta","Bueno","Buena","Diurna","Buen Tiempo","Múltiple","S/D","Colisión","S/D","Faltante","Línea divisoria pintada","Sin restricción"
2016,7584,10/8/2016,"Sabado",0,19:15:00,,"0.0",2,"Moto/Ciclomotor,Automóvil","Calle 15-Patricio Diez Y Calle 18 - Gral Belgrano",3,2,0,0,1,0,0,,"Calle",,"RECONQUISTA","General Obligado","Asfalto","No existe","IX","Dentro","Urbana","Ninguna","No existe","Curva","Bueno","Reducida","Atardecer","Buen Tiempo","De alcance","S/D","Colisión","Ninguna","Faltante","Ninguna","Sin restricción"
2016,7585,10/5/2016,"Miercoles",0,19:00:00,,"0.0",2,"Automóvil,Bicicleta","Lavalle Y Bv Santa Fe",2,1,0,0,1,0,0,,"Calle",,"RAFAELA","Castellanos","S/D","Pavimento","V","Dentro","Urbana","Paso Peatonal","No existe","Intersección","Bueno","Buena","Diurna","Buen Tiempo","S/D","Ciclista","Atropello","S/D","S/D","Cordón divisorio","Sin restricción"