"anio_acci","nro_acci","fecha","desc_dia","fecha_aprox","hora_aprox","desc_ruta","km","cant_participantes","desc_participante","calle_avenida_km","total","heridos_leves","heridos_graves","heridos_gravisimos","ilesos","fallecidos","sin_datos","posicion_XY","desc_tipo_via","desc_ruta_ori","desc_loc","desc_dpto","desc_tipo_calzada","desc_tipo_banquina","desc_unidad_regional","desc_lugar_calzada","desc_zona","desc_prioridad","desc_estado_semaforo","desc_lugar_via","desc_estado_via","desc_estado_visibilidad","desc_luminosidad","desc_estado_clima","desc_tipo_colision","desc_tipo_atropello","desc_tipo_hecho","desc_pres_calzada","desc_senializacion","desc_separacion_via","desc_restriccion"
2016,7586,10/6/2016,"Jueves",0,14:30:00,"Ruta Nacional 11","0.0",2,"Automóvil,Moto/Ciclomotor","Ruta Nacional 11 Y Calle 29 - Almte Brown",2,1,0,0,1,0,0,,"Ruta",11,"RECONQUISTA","General Obligado","Asfalto","No existe","IX","Dentro","Urbana","Ninguna","No existe","Recta","Bueno","Buena","Diurna","Buen Tiempo","Lateral","S/D","Colisión","Ninguna","Horizontal","Ninguna","Sin restricción"
2016,7587,10/13/2016,"Jueves",0,13:20:00,,"0.0",2,"Moto/Ciclomotor,Automóvil","Roca Pte Y Calle 21-Gdor. iriondo",2,1,0,0,1,0,0,,"Calle",,"RECONQUISTA","General Obligado","Asfalto","No existe","IX","Dentro","Urbana","Ninguna","No existe","Intersección","Bueno","Buena","Diurna","Buen Tiempo","De alcance","S/D","Colisión","Ninguna","Faltante","Ninguna","Sin restricción"
2016,7588,10/29/2016,"Sabado",0,21:25:00,,"0.0",2,"Moto/Ciclomotor,Automóvil","Falucho Y Corrientes",3,2,0,0,1,0,0,,"Calle",,"RAFAELA","Castellanos","Hormigón","No existe","V","Dentro","Urbana","Ninguna","S/D","Intersección","Bueno","Buena","Nocturna","Buen Tiempo","De alcance","S/D","Colisión","S/D","S/D","Cordón divisorio","Sin restricción"
2016,7589,10/28/2016,"Viernes",0,21:30:00,,"0.0",2,"Automóvil,Automóvil","Bartolome Podio Y Velez Sarfield",2,0,1,0,1,0,0,,"Calle",,"RAFAELA","Castellanos","Asfalto","No existe","V","Dentro","Urbana","Ninguna","No existe","Intersección","Bueno","Buena","Nocturna","Buen Tiempo","Lateral","S/D","Colisión","S/D","Faltante","Cordón divisorio","Sin restricción"
2016,7590,10/13/2016,"Jueves",0,17:20:00,,"0.0",2,"Moto/Ciclomotor,Pickup/Utilitario","Calle 5-Colon ",3,2,0,0,1,0,0,,"Calle",,"RECONQUISTA","General Obligado","Asfalto","No existe","IX","Dentro","Urbana","Ninguna","No existe","Intersección","Bueno","Buena","Atardecer","Buen Tiempo","De alcance","S/D","Colisión","Ninguna","Faltante","Ninguna","Sin restricción"
2016,7591,10/6/2016,"Jueves",0,,,"0.0",2,"Peatón,Camión Chasis","ESPAÑA 1032",2,0,1,0,1,0,0,,"Calle",,"RECONQUISTA","General Obligado","Asfalto","No existe","II","S/D","Urbana","Ninguna","No existe","Otro","Bueno","Buena","Atardecer","Buen Tiempo","Otro","Peatón","Atropello","Ninguna","Horizontal","Ninguna","Sin restricción"
2016,7592,10/25/2016,"Martes",0,7:05:00,,"0.0",2,"Moto/Ciclomotor,Pickup/Utilitario","Lisandro de la Torre 958",3,2,0,0,1,0,0,,"Calle",,"RAFAELA","Castellanos","Hormigón","No existe","V","Dentro","Urbana","Ninguna","No existe","Recta","Bueno","Reducida","Diurna","Lluvia","Lateral","S/D","Colisión","Agua","S/D","Cordón divisorio","Sin restricción"
2016,7593,10/13/2016,"Jueves",0,10:20:00,,"0.0",2,"Bicicleta,Automóvil","Calle 18 - Gral Belgrano 1473",2,1,0,0,1,0,0,,"S/D",,"RECONQUISTA","General Obligado","Asfalto","No existe","IX","S/D","Urbana","Ninguna","No existe","Curva","Bueno","Buena","Amanecer","Buen Tiempo","S/D","Ciclista","Atropello","Ninguna","Faltante","Ninguna","Sin restricción"
2016,7594,10/30/2016,"Domingo",0,21:55:00,,"0.0",2,"Automóvil,Moto/Ciclomotor","Av Dr E Salva Y Peru",3,1,0,0,2,0,0,,"Calle",,"RAFAELA","Castellanos","Hormigón","No existe","V","Dentro","Urbana","Semáforo","Funciona","Intersección","Bueno","Buena","Nocturna","Buen Tiempo","Lateral","S/D","Colisión","S/D","S/D","Cordón divisorio","Sin restricción"
2016,7595,10/17/2016,"Lunes",0,18:45:00,,"0.0",2,"Moto/Ciclomotor,Automóvil","Avenida Belgrano Y Salta",3,1,0,0,2,0,0,,"Calle",,"SUNCHALES","Castellanos","Asfalto","S/D","V","Dentro","Urbana","S/D","No existe","Intersección","Bueno","Buena","Diurna","Buen Tiempo","Frontal","S/D","Colisión","S/D","S/D","S/D","S/D"
2016,7596,10/20/2016,"Jueves",0,12:00:00,,"0.0",2,"Moto/Ciclomotor,Automóvil"," ",3,2,0,0,1,0,0,,"Calle",,"RECONQUISTA","General Obligado","Asfalto","S/D","IX","Dentro","Urbana","Ninguna","No existe","Recta","Bueno","Buena","Diurna","Buen Tiempo","S/D","S/D","Colisión","Ninguna","Horizontal","Ninguna","Sin restricción"
2016,7597,10/14/2016,"Viernes",0,17:00:00,,"0.0",2,"Moto/Ciclomotor,Automóvil","J J Paso Y Av Eva Peron",4,2,0,0,2,0,0,,"Calle",,"SUNCHALES","Castellanos","Asfalto","S/D","V","Dentro","Urbana","Ninguna","No existe","Recta","Bueno","Buena","Diurna","Buen Tiempo","S/D","Ciclista","Atropello","S/D","S/D","Ninguna","Sin restricción"
2016,7598,10/17/2016,"Lunes",0,13:45:00,,"0.0",2,"Moto/Ciclomotor,Automóvil","Calle 16 Gral Obligado Y Calle 13-Iturraspe",2,1,0,0,1,0,0,,"Calle",,"RECONQUISTA","General Obligado","Asfalto","No existe","IX","Dentro","Urbana","Ninguna","No existe","Intersección","Bueno","Buena","Nocturna,Con luz artificial","Buen Tiempo","Frontal","S/D","Colisión","Ninguna","Vertical","Ninguna","Sin restricción"
2016,7599,10/19/2016,"Miercoles",0,17:30:00,,"0.0",2,"Automóvil,Moto/Ciclomotor","Av Rivadavia Y Lainez",2,1,0,0,1,0,0,,"Calle",,"SUNCHALES","Castellanos","Asfalto","No existe","V","Dentro","Urbana","Ninguna","No existe","Intersección","Bueno","Buena","Diurna","Buen Tiempo","S/D","S/D","Colisión","S/D","Faltante","Ninguna","Sin restricción"
2016,7600,10/20/2016,"Jueves",0,11:00:00,,"0.0",2,"Moto/Ciclomotor,Transporte de Pasajeros Larga Distancia (Doble Piso)"," ",3,2,0,0,1,0,0,,"S/D",,"RECONQUISTA","General Obligado","Asfalto","S/D","IX","Dentro","Urbana","Ninguna","No existe","Recta","Bueno","Buena","Diurna","Buen Tiempo","S/D","S/D","Colisión","Ninguna","Horizontal","Ninguna","Sin restricción"
2016,7601,10/21/2016,"Viernes",0,5:35:00,"Ruta Nacional 34","196.0",2,"Camión c / Semirremolque,Automóvil"," ",3,1,0,0,2,0,0,,"Ruta",34,"ANGÉLICA","Castellanos","Asfalto","Natural","V","Dentro","Urbana","Ninguna","No existe","Recta","Bueno","Buena","Amanecer","Buen Tiempo","Lateral","S/D","Colisión","S/D","Horizontal","Vegetación","Sin restricción"
2016,7602,10/27/2016,"Jueves",0,12:30:00,,"0.0",2,"Bicicleta,Automóvil","Calle 9-Mariano Moreno Y Calle 16-Obligado",2,1,0,0,1,0,0,,"Calle",,"RECONQUISTA","General Obligado","Asfalto","No existe","IX","Dentro","Urbana","Ninguna","No existe","Intersección","Bueno","Buena","Diurna","Buen Tiempo","S/D","Ciclista","Atropello","Ninguna","Vertical","Ninguna","Sin restricción"
2016,7603,10/5/2016,"Miercoles",0,20:10:00,"Ruta Nacional 11","419.0",2,"Moto/Ciclomotor,Automóvil"," ",3,1,0,0,2,0,0,,"Ruta",11,"CORONDA","San Jerónimo","Asfalto","Natural","XV","Dentro","Urbana","Ninguna","No existe","Recta","Bueno","Buena","Nocturna,Con luz artificial","Buen Tiempo","S/D","S/D","Colisión","S/D","Faltante","Línea divisoria pintada","Sin restricción"
2016,7604,10/16/2016,"Domingo",0,15:15:00,"Ruta Nacional 11","423.0",2,"Pickup/Utilitario,Automóvil"," ",4,1,1,0,2,0,0,,"Ruta",11,"CORONDA","San Jerónimo","S/D","S/D","XV","Dentro","Urbana","Ninguna","S/D","Intersección","S/D","S/D","Diurna","Buen Tiempo","Lateral","S/D","Colisión","S/D","S/D","Línea divisoria pintada","Sin restricción"
2016,7605,10/20/2016,"Jueves",0,17:30:00,"Ruta Provincial Brigadier E.López","96.0",2,"Camión c / Semirremolque,Pickup/Utilitario"," ",4,1,0,0,3,0,0,,"Ruta","Brigadier E.López","AROCENA","San Jerónimo","Asfalto","Natural","XV","Dentro","Urbana","Policía de tránsito","No existe","Recta","Deteriorada","Buena","Diurna","Buen Tiempo","S/D","S/D","Colisión","S/D","Horizontal","Vegetación","Sin restricción"
2016,7606,10/13/2016,"Jueves",0,16:48:00,"Ruta Provincial 1","64.0",1,"Automóvil"," ",1,1,0,0,0,0,0,,"Ruta",1,"CAYASTA","Garay","Asfalto","S/D","VII","Dentro","Urbana","Ninguna","No existe","Recta","Ahuellamiento","Buena","Diurna","Buen Tiempo","S/D","S/D","Vuelco","S/D","Vertical","Línea divisoria pintada","Sin restricción"
2016,7607,10/26/2016,"Miercoles",0,3:40:00,"Ruta Provincial 1","117.0",1,"Pickup/Utilitario"," ",3,3,0,0,0,0,0,,"Ruta",1,"COLONIA MASCIAS","Garay","Asfalto","Natural","VII","Dentro","Urbana","Ninguna","No existe","Curva","Resbaladiza","Reducida","Nocturna","Lluvia","S/D","S/D","Vuelco","Agua","S/D","Línea divisoria pintada","Sin restricción"
2016,7608,10/3/2016,"Lunes",0,12:45:00,,"0.0",2,"Moto/Ciclomotor,Automóvil","Salta Y Juan Diaz de Solis",2,1,0,0,1,0,0,,"Calle",,"SANTA FE","La Capital","Asfalto","No existe","I","Dentro","Urbana","Ninguna","No existe","Intersección","Bueno","Buena","Diurna","Buen Tiempo","Lateral","S/D","Colisión","Ninguna","Horizontal","Ninguna","Sin restricción"
2016,7609,10/22/2016,"Sabado",0,19:30:00,,"0.0",2,"Bicicleta,Automóvil","Juan B Justo Bis Y Gral Jose de San Martin",2,1,0,0,1,0,0,,"Calle",,"ARROYO SECO","Rosario","Asfalto","No existe","II","S/D","Urbana","Ninguna","No existe","Intersección","Bueno","Buena","Diurna","Buen Tiempo","S/D","Ciclista","Atropello","S/D","S/D","Ninguna","Sin restricción"
2016,7610,10/5/2016,"Miercoles",0,22:00:00,,"0.0",2,"Moto/Ciclomotor,Automóvil","chile Y Espora",2,1,0,0,1,0,0,,"Calle",,"VILLA GOBERNADOR GÁLVEZ","Rosario","Asfalto","No existe","II","Dentro","Urbana","Ninguna","No existe","Intersección","Con baches","Reducida","Nocturna,Con luz artificial","Buen Tiempo","Lateral","S/D","Colisión","Agua","Faltante","Ninguna","Sin restricción"
2016,7611,10/8/2016,"Sabado",0,22:00:00,,"0.0",1,"Automóvil"," ",1,1,0,0,0,0,0,,"Calle",,"VILLA GOBERNADOR GÁLVEZ","Rosario","Asfalto","No existe","II","Dentro","Urbana","Ninguna","No existe","Recta","Bueno","Reducida","Nocturna,Con luz artificial","Buen Tiempo","Contra objeto fijo","S/D","Colisión","Ninguna","Faltante","Guardarrail","Sin restricción"
2016,7612,10/7/2016,"Viernes",0,14:30:00,,"0.0",2,"Moto/Ciclomotor,Automóvil","Av Gral San Martin Y Belgrano",2,1,0,0,1,0,0,,"S/D",,"VILLA GOBERNADOR GÁLVEZ","Rosario","Asfalto","No existe","II","S/D","S/D","Semáforo","Funciona","Intersección","Bueno","Buena","Diurna","Buen Tiempo","Lateral","S/D","Colisión","Ninguna","Faltante","Ninguna","Sin restricción"
2016,7613,10/26/2016,"Miercoles",0,9:00:00,,"0.0",2,"Moto/Ciclomotor,Taxi/Remis","Av Juan Domingo Peron Y Laprida",2,0,1,0,1,0,0,,"Calle",,"VILLA GOBERNADOR GÁLVEZ","Rosario","Asfalto","No existe","II","Dentro","Urbana","Ninguna","No existe","Intersección","Bueno","Buena","Diurna","Buen Tiempo","Lateral","S/D","Colisión","Ninguna","Faltante","Ninguna","Sin restricción"
2016,7614,10/18/2016,"Martes",0,11:00:00,,"0.0",1,"Automóvil"," ",1,1,0,0,0,0,0,,"Calle",,"VILLA GOBERNADOR GÁLVEZ","Rosario","Asfalto","No existe","II","Dentro","Urbana","Ninguna","S/D","Intersección","Otro","S/D","Diurna","Buen Tiempo","S/D","S/D","Vuelco","S/D","S/D","Guardarrail","Sin restricción"
2016,7615,10/20/2016,"Jueves",0,9:50:00,,"0.0",2,"Automóvil,Moto/Ciclomotor","Bv San diego Y 12 de Octubre",3,1,0,0,2,0,0,,"Calle",,"VILLA GOBERNADOR GÁLVEZ","Rosario","Asfalto","No existe","II","Dentro","Urbana","Ninguna","No existe","Intersección","Bueno","Buena","Diurna","Buen Tiempo","Lateral","S/D","Colisión","Ninguna","Faltante","Ninguna","Sin restricción"
2016,7616,10/12/2016,"Miercoles",0,9:00:00,,"0.0",2,"Moto/Ciclomotor,Automóvil","Av Gral San Martin ",2,1,0,0,1,0,0,,"Calle",,"VILLA GOBERNADOR GÁLVEZ","Rosario","Asfalto","No existe","II","Dentro","Urbana","Ninguna","No funciona","Intersección","Bueno","Buena","Diurna","Buen Tiempo","Lateral","S/D","Colisión","Ninguna","Vertical","Ninguna","Sin restricción"
2016,7617,10/30/2016,"Domingo",0,18:40:00,,"0.0",2,"Automóvil,Automóvil","Dorrego Y 9 De Julio",2,1,0,0,1,0,0,,"Calle",,"ROSARIO","Rosario","Asfalto","Pavimento","II","Dentro","Urbana","Ninguna","No existe","Intersección","Bueno","Buena","Diurna","Buen Tiempo","Lateral","S/D","Colisión","S/D","Horizontal","Cordón divisorio","Sin restricción"
2016,7618,10/24/2016,"Lunes",0,14:15:00,,"0.0",1,"Taxi/Remis","Mendoza 2100",2,1,0,0,1,0,0,,"Calle",,"ROSARIO","Rosario","Asfalto","Pavimento","II","Dentro","Urbana","Marca Vial","S/D","Recta","Bueno","Buena","Diurna","Buen Tiempo","Contra objeto fijo","S/D","Colisión","S/D","Horizontal","Cordón divisorio","Sin restricción"
2016,7619,10/22/2016,"Sabado",0,8:30:00,,"0.0",2,"Automóvil,Automóvil","3 De Febrero Y Balcarce",2,1,0,0,1,0,0,,"Calle",,"ROSARIO","Rosario","Asfalto","Pavimento","II","Dentro","Urbana","Ninguna","S/D","Intersección","Bueno","Buena","Diurna","Buen Tiempo","Lateral","S/D","Colisión","S/D","Horizontal","Cordón divisorio","Sin restricción"
2016,7620,9/24/2016,"Sabado",0,20:30:00,,"0.0",2,"Automóvil,Automóvil","España Y Montevideo",2,1,0,0,1,0,0,,"Calle",,"ROSARIO","Rosario","Asfalto","Pavimento","II","Dentro","Urbana","Semáforo","Funciona","Intersección","Bueno","Buena","Nocturna","Buen Tiempo","S/D","S/D","Colisión","S/D","Vertical","Cordón divisorio","Sin restricción"
2016,7621,10/23/2016,"Domingo",0,2:15:00,,"0.0",2,"Automóvil,Automóvil","Rioja Y Balcarce",3,2,0,0,1,0,0,,"Calle",,"ROSARIO","Rosario","Asfalto","Pavimento","II","Dentro","Urbana","Ninguna","No existe","Intersección","Bueno","Buena","Nocturna","Buen Tiempo","Lateral","S/D","Colisión","S/D","Horizontal","Cordón divisorio","Sin restricción"
2016,7622,10/20/2016,"Jueves",0,20:20:00,,"0.0",2,"Transporte de Pasajeros Urbano (> 8 asientos),Bicicleta","Av. Corrientes Y 3 De Febrero",2,1,0,0,1,0,0,,"Calle",,"ROSARIO","Rosario","Asfalto","Pavimento","II","Dentro","Urbana","Semáforo","Funciona","Intersección","Bueno","Buena","Nocturna","Buen Tiempo","S/D","Ciclista","Atropello","Ninguna","Vertical","Cordón divisorio","Sin restricción"
2016,7623,10/18/2016,"Martes",0,18:20:00,,"0.0",2,"Automóvil,Moto/Ciclomotor","Mitre Y San Juan",2,1,0,0,1,0,0,,"Calle",,"ROSARIO","Rosario","Asfalto","Pavimento","II","Dentro","Urbana","Ninguna","No existe","Intersección","Bueno","Buena","Diurna","Buen Tiempo","Lateral","S/D","Colisión","S/D","Horizontal","Cordón divisorio","Sin restricción"
2016,7624,10/17/2016,"Lunes",0,15:37:00,,"0.0",1,"Automóvil","Av. Corrientes Y San Juan",2,1,0,0,1,0,0,,"Calle",,"ROSARIO","Rosario","Asfalto","Pavimento","II","Dentro","Urbana","Semáforo","Funciona","Intersección","Bueno","Buena","Diurna","Buen Tiempo","Contra objeto fijo","S/D","Colisión","S/D","Vertical","Cordón divisorio","Sin restricción"
2016,7625,10/15/2016,"Sabado",0,15:45:00,,"0.0",2,"Moto/Ciclomotor,Automóvil","San Luis Y Entre Rios",2,1,0,0,1,0,0,,"Calle",,"ROSARIO","Rosario","Asfalto","Pavimento","II","Dentro","Urbana","Ninguna","S/D","Recta","Bueno","Buena","Diurna","Buen Tiempo","S/D","S/D","Colisión","S/D","Faltante","Cordón divisorio","Sin restricción"
2016,7626,10/14/2016,"Viernes",0,19:40:00,,"0.0",2,"Bicicleta,Automóvil","Entre Rios Y 9 De Julio",2,1,0,0,1,0,0,,"Calle",,"ROSARIO","Rosario","Asfalto","Pavimento","II","Dentro","Urbana","S/D","S/D","Intersección","Bueno","Buena","Diurna","Buen Tiempo","De alcance","Ciclista","Atropello","S/D","S/D","Cordón divisorio","Sin restricción"
2016,7627,10/14/2016,"Viernes",0,,,"0.0",2,"Moto/Ciclomotor,Automóvil","Bv. Oroño Y San Luis",3,1,0,0,2,0,0,,"Calle",,"ROSARIO","Rosario","Asfalto","S/D","II","Dentro","Urbana","Semáforo","S/D","Intersección","Bueno","Buena","S/D","Buen Tiempo","Lateral","S/D","Colisión","S/D","Vertical","Cordón divisorio","Sin restricción"
2016,7628,10/12/2016,"Miercoles",0,14:00:00,,"0.0",2,"Moto/Ciclomotor,Pickup/Utilitario","San Luis Y Mariano Moreno",2,1,0,0,1,0,0,,"Calle",,"ROSARIO","Rosario","Asfalto","Pavimento","II","Dentro","Urbana","Ninguna","No existe","Intersección","Bueno","Buena","Diurna","Buen Tiempo","Lateral","S/D","Colisión","S/D","S/D","Cordón divisorio","Sin restricción"
2016,7629,10/18/2016,"Martes",0,5:40:00,"Ruta Provincial 21","0.0",2,"Bicicleta,Moto/Ciclomotor"," ",2,2,0,0,0,0,0,,"Ruta",21,"ALVEAR","Rosario","Asfalto","Natural","II","Dentro","Urbana","Ninguna","No existe","Recta","Bueno","Buena","Con luz artificial","Lluvia","S/D","Ciclista","Atropello","Agua","Vertical","Línea divisoria pintada","Sin restricción"
2016,7630,10/16/2016,"Domingo",0,18:00:00,"Ruta Provincial 18","26.0",1,"Automóvil"," ",2,2,0,0,0,0,0,,"Ruta",18,"CARMEN DEL SAUCE","Rosario","Asfalto","Ripio","II","Dentro","Urbana","Ninguna","Intermitente","Recta","Bueno","Buena","Diurna","Buen Tiempo","S/D","S/D","Despiste","S/D","Vertical","Línea divisoria pintada","Sin restricción"
2016,7631,10/1/2016,"Sabado",0,1:00:00,"Ruta Nacional A012","0.0",2,"Moto/Ciclomotor,Moto/Ciclomotor"," ",2,1,0,0,1,0,0,,"Ruta","A012","PIÑERO","Rosario","Asfalto","Natural","II","Dentro","Urbana","S/D","S/D","Recta","Bueno","Reducida","Nocturna,Con luz artificial","Buen Tiempo","S/D","S/D","Vuelco","S/D","S/D","Cordón divisorio","Sin restricción"
2016,7632,10/9/2016,"Domingo",0,22:10:00,"Ruta Provincial 18","3.0",2,"Automóvil,Automóvil"," ",4,2,0,0,2,0,0,,"Ruta",18,"PIÑERO","Rosario","Asfalto","S/D","II","Dentro","Urbana","Otra Señal","S/D","Recta","S/D","S/D","Nocturna","S/D","S/D","S/D","Colisión","S/D","S/D","Línea divisoria pintada","Sin restricción"
2016,7633,10/19/2016,"Miercoles",0,7:10:00,"Ruta Provincial 21","287.0",3,"Pickup/Utilitario,Taxi/Remis,Automóvil"," ",4,1,0,0,3,0,0,,"Ruta",21,"ALVEAR","Rosario","Asfalto","Natural","II","Dentro","Urbana","Ninguna","No existe","Recta","Bueno","Reducida","Amanecer,Con luz artificial","Lluvia","Múltiple","S/D","Colisión","Agua","Faltante","Línea divisoria pintada","S/D"
2016,7634,10/4/2016,"Martes",0,15:00:00,,"0.0",1,"Moto/Ciclomotor","Soldado Aguirre Y Nahuel Huapi",1,1,0,0,0,0,0,,"Calle",,"VILLA GOBERNADOR GÁLVEZ","Rosario","Asfalto","No existe","II","Dentro","Urbana","Ninguna","No existe","Recta","Deteriorada","Buena","Diurna","Buen Tiempo","Contra objeto fijo","S/D","Colisión","Material Suelto","Faltante","Ninguna","Sin restricción"
2016,7635,10/14/2016,"Viernes",0,21:30:00,,"0.0",2,"Peatón,Moto/Ciclomotor","Bordabhere 2354",3,1,0,0,2,0,0,,"Calle",,"VILLA GOBERNADOR GÁLVEZ","Rosario","Tierra","No existe","II","Dentro","Urbana","Ninguna","No existe","Recta","Ahuellamiento","Reducida","Nocturna","S/D","S/D","Peatón","Atropello","S/D","Faltante","Ninguna","Sin restricción"
2016,7636,10/24/2016,"Lunes",0,13:15:00,,"0.0",2,"Peatón,Pickup/Utilitario","A F Temporelli 3000",2,1,0,0,1,0,0,,"Calle",,"VILLA GOBERNADOR GÁLVEZ","Rosario","Tierra","No existe","II","Dentro","Urbana","S/D","No existe","Recta","S/D","Buena","Diurna","S/D","S/D","Peatón","Atropello","S/D","Faltante","S/D","Sin restricción"
2016,7637,10/11/2016,"Martes",0,13:30:00,"Ruta Provincial 21","12.0",2,"Pickup/Utilitario,Camión c / Acoplado"," ",2,1,0,0,1,0,0,,"Ruta",21,"GENERAL LAGOS","Rosario","Asfalto","Natural","II","Dentro","Urbana","Ninguna","No existe","Recta","Bueno","Buena","Diurna","Buen Tiempo","S/D","S/D","Colisión","S/D","Faltante","Ninguna","Sin restricción"
2016,7638,10/20/2016,"Jueves",0,21:40:00,"Ruta Provincial 21","15.0",3,"Moto/Ciclomotor,Camión c / Acoplado,Automóvil"," ",4,1,0,0,3,0,0,,"Ruta",21,"ROSARIO","Rosario","Asfalto","Natural","II","Dentro","Urbana","Ninguna","Intermitente","Recta","Bueno","S/D","Nocturna,Con luz artificial","Buen Tiempo","Frontal,Múltiple","S/D","Colisión","S/D","Vertical","Ninguna","Sin restricción"
2016,7639,10/24/2016,"Lunes",0,20:20:00,"Ruta Provincial 21","15.0",2,"Moto/Ciclomotor,Camión c / Semirremolque"," ",3,2,0,0,1,0,0,,"Ruta",21,"GENERAL LAGOS","Rosario","Asfalto","Natural","II","Dentro","Rural","Ninguna","Intermitente","Recta","Bueno","Buena","Nocturna,Con luz artificial","Buen Tiempo","De alcance","S/D","Colisión","S/D","Vertical","Ninguna","Sin restricción"
2016,7640,10/31/2016,"Lunes",0,9:05:00,,"0.0",2,"Moto/Ciclomotor,Automóvil","J.J.Paso Y Colombia B",2,1,0,0,0,0,1,,"Calle",,"ROSARIO","Rosario","Asfalto","Pavimento","II","Dentro","Urbana","Semáforo","Funciona","Recta","Bueno","Buena","Diurna","Otro","Lateral","S/D","Colisión","Ninguna","Horizontal","Cordón divisorio","Sin restricción"
2016,7641,10/31/2016,"Lunes",0,3:00:00,,"0.0",2,"Moto/Ciclomotor,Moto/Ciclomotor","Navarro Y J.Colombres",2,1,0,0,1,0,0,,"Calle",,"ROSARIO","Rosario","Asfalto","No existe","II","Dentro","Urbana","Otra Señal","Funciona","Recta","Bueno","Reducida","Nocturna","Otro","Lateral","S/D","Colisión","Otro","Horizontal","Línea divisoria pintada","Sin restricción"
2016,7642,10/30/2016,"Domingo",0,18:00:00,,"0.0",2,"Automóvil,Automóvil","Sarratea Bis Y Bv. Argentino",2,1,0,0,0,0,1,,"Calle",,"ROSARIO","Rosario","Asfalto","Pavimento","II","Dentro","Urbana","Ninguna","No existe","Recta","Bueno","Reducida","Atardecer","Buen Tiempo","Lateral","S/D","Colisión","Ninguna","Faltante","Ninguna","Sin restricción"
2016,7643,10/29/2016,"Sabado",0,13:30:00,,"0.0",2,"Automóvil,Peatón","Brasil Y Mendoza",2,1,0,0,1,0,0,,"Calle",,"ROSARIO","Rosario","Asfalto","No existe","II","S/D","Urbana","S/D","No existe","Recta","Bueno","Buena","Diurna","S/D","S/D","Peatón","Atropello","Ninguna","Faltante","S/D","S/D"
2016,7644,10/31/2016,"Lunes",0,22:30:00,,"0.0",2,"Automóvil,Moto/Ciclomotor","Tucuman Y Donado",2,1,0,0,1,0,0,,"Calle",,"ROSARIO","Rosario","Asfalto","Natural","II","Dentro","Urbana","Ninguna","No existe","S/D","Bueno","Buena","Nocturna","Buen Tiempo","Lateral","S/D","Colisión","Ninguna","Faltante","Ninguna","Sin restricción"
2016,7645,10/14/2016,"Viernes",0,13:45:00,,"0.0",2,"Automóvil,Moto/Ciclomotor","Av Juan Domingo Peron Y Peru",2,2,0,0,0,0,0,,"Calle",,"VILLA GOBERNADOR GÁLVEZ","Rosario","Asfalto","No existe","II","Dentro","Urbana","Ninguna","No existe","Recta","Con baches","Buena","Diurna","Buen Tiempo","De alcance","S/D","Colisión","S/D","Faltante","Ninguna","Sin restricción"
2016,7646,10/6/2016,"Jueves",0,16:15:00,,"0.0",2,"Bicicleta,Automóvil","Av Juan Domingo Peron ",2,1,0,0,1,0,0,,"Calle",,"VILLA GOBERNADOR GÁLVEZ","Rosario","Asfalto","No existe","II","Dentro","Urbana","Ninguna","No existe","Rotonda","Bueno","Buena","Diurna","Buen Tiempo","De alcance","Ciclista","Atropello","S/D","Faltante","Ninguna","Sin restricción"
2016,7647,10/12/2016,"Miercoles",0,12:20:00,,"0.0",2,"Peatón,Automóvil","Alvear Y Corrientes",2,0,1,0,1,0,0,,"Calle",,"VILLA GOBERNADOR GÁLVEZ","Rosario","Asfalto","No existe","II","Dentro","Urbana","Ninguna","No existe","Recta","Bueno","Buena","Diurna","Buen Tiempo","De alcance","S/D","Colisión","S/D","Faltante","Ninguna","Sin restricción"
2016,7648,10/29/2016,"Sabado",0,19:00:00,,"0.0",2,"Automóvil,Bicicleta","San Nicolas Y Ing Mosconi",2,1,0,0,1,0,0,,"Calle",,"VILLA GOBERNADOR GÁLVEZ","Rosario","Asfalto","No existe","II","Dentro","Urbana","Ninguna","No existe","Intersección","Con baches","Buena","Atardecer","Buen Tiempo","S/D","Ciclista","Atropello","S/D","Faltante","Ninguna","Sin restricción"
2016,7649,10/7/2016,"Viernes",0,17:30:00,,"0.0",2,"Moto/Ciclomotor,Otros","Eva Peron Y Fornieles",2,1,0,0,1,0,0,,"Calle",,"VILLA GOBERNADOR GÁLVEZ","Rosario","Asfalto","No existe","II","Dentro","Urbana","Ninguna","No existe","Intersección","Bueno","Buena","Diurna","Buen Tiempo","Lateral","S/D","Colisión","S/D","Faltante","Ninguna","Sin restricción"