"anio_acci","nro_acci","fecha","desc_dia","fecha_aprox","hora_aprox","desc_ruta","km","cant_participantes","desc_participante","calle_avenida_km","total","heridos_leves","heridos_graves","heridos_gravisimos","ilesos","fallecidos","sin_datos","posicion_XY","desc_tipo_via","desc_ruta_ori","desc_loc","desc_dpto","desc_tipo_calzada","desc_tipo_banquina","desc_unidad_regional","desc_lugar_calzada","desc_zona","desc_prioridad","desc_estado_semaforo","desc_lugar_via","desc_estado_via","desc_estado_visibilidad","desc_luminosidad","desc_estado_clima","desc_tipo_colision","desc_tipo_atropello","desc_tipo_hecho","desc_pres_calzada","desc_senializacion","desc_separacion_via","desc_restriccion"
2016,7650,10/7/2016,"Viernes",0,18:45:00,"Ruta Nacional A012","26.0",2,"Camión c / Acoplado,Tractor"," ",2,1,0,0,1,0,0,,"Ruta","A012","ZAVALLA","Rosario","Asfalto","Natural","II","Dentro","Rural","Ninguna","No existe","Recta","Bueno","Buena","Atardecer","Buen Tiempo","Lateral","S/D","Colisión","Ninguna","Vertical","Línea divisoria pintada","Sin restricción"
2016,7651,10/7/2016,"Viernes",0,12:40:00,,"0.0",2,"Automóvil,Bicicleta","Bomberos Voluntarios Y Urquiza",2,1,0,0,1,0,0,,"Calle",,"VILLA GOBERNADOR GÁLVEZ","Rosario","Asfalto","No existe","II","Dentro","Urbana","Ninguna","No existe","Intersección","Bueno","Buena","Diurna","Buen Tiempo","S/D","Ciclista","Atropello","S/D","S/D","Ninguna","Sin restricción"
2016,7652,10/10/2016,"Lunes",0,17:30:00,"Ruta Nacional A012","29.0",1,"Transporte de Pasajeros Larga Distancia (> 8 asientos)"," ",11,9,1,0,1,0,0,,"Ruta","A012","ZAVALLA","Rosario","Asfalto","Natural","II","Fuera","Rural","Marca Vial","No existe","Recta","Bueno","S/D","Diurna","S/D","S/D","S/D","Despiste","S/D","S/D","Línea divisoria pintada","Sin restricción"
2016,7653,10/7/2016,"Viernes",0,14:50:00,"Ruta Nacional 33","0.0",1,"Moto/Ciclomotor","Ruta Nac 33 Y Leandro Alem",2,1,0,0,1,0,0,,"Ruta",33,"ZAVALLA","Rosario","Asfalto","No existe","II","Dentro","Urbana","Ninguna","No existe","Intersección","Bueno","Buena","Diurna","Buen Tiempo","Lateral","S/D","Colisión","Ninguna","Faltante","Ninguna","Sin restricción"
2016,7654,10/15/2016,"Sabado",0,,"Ruta Nacional 33","0.0",1,"Automóvil","Ruta Nac 33 Y Calle s/n",2,1,0,0,1,0,0,,"Ruta",33,"ZAVALLA","Rosario","Asfalto","Natural","II","S/D","Rural","Ninguna","No existe","Recta","Bueno","Reducida","Diurna","Lluvia","S/D","S/D","Despiste","Agua","Vertical","Línea divisoria pintada","Sin restricción"
2016,7655,10/12/2016,"Miercoles",0,20:10:00,,"0.0",2,"Moto/Ciclomotor,Automóvil","9 De Julio Y San Martin",2,1,0,0,1,0,0,,"Calle",,"ROSARIO","Rosario","Asfalto","Pavimento","II","Dentro","Urbana","S/D","S/D","Intersección","Bueno","Buena","Nocturna","Buen Tiempo","De alcance","S/D","Colisión","Ninguna","S/D","Cordón divisorio","Sin restricción"
2016,7656,10/29/2016,"Sabado",0,14:50:00,"Ruta Nacional 33","0.0",1,"Pickup/Utilitario","9 de Julio ",3,2,0,0,0,0,1,,"Ruta",33,"ZAVALLA","Rosario","Asfalto","Natural","II","Dentro","Rural","Ninguna","No existe","Recta","Bueno","Buena","Diurna","Buen Tiempo","S/D","S/D","Despiste","Ninguna","Vertical","Línea divisoria pintada","Sin restricción"
2016,7657,10/3/2016,"Lunes",0,22:20:00,"Ruta Nacional 33","0.0",2,"Peatón,Automóvil","Ruta Nac 33 Y Ruta Prov 14",2,1,0,0,1,0,0,,"Ruta",33,"PEREZ","Rosario","S/D","Ripio","II","Dentro","Urbana","Ninguna","No existe","Intersección","Otro","S/D","Nocturna","Otro","S/D","Peatón","Atropello","Ninguna","Faltante","Línea divisoria pintada","Sin restricción"
2016,7658,10/11/2016,"Martes",0,11:00:00,,"0.0",2,"Taxi/Remis,Taxi/Remis","Mendoza Y Entre Rios",2,1,0,0,1,0,0,,"Calle",,"ROSARIO","Rosario","Asfalto","Pavimento","III","Dentro","Urbana","Ninguna","No existe","Recta","Bueno","Buena","Diurna","Buen Tiempo","De alcance","S/D","Colisión","Ninguna","Horizontal","Cordón divisorio","Sin restricción"
2016,7659,10/8/2016,"Sabado",0,17:15:00,,"0.0",2,"Automóvil,Peatón","Mitre 965",2,1,0,0,1,0,0,,"Calle",,"ROSARIO","Rosario","Asfalto","S/D","II","Dentro","Urbana","Ninguna","S/D","Recta","Bueno","Buena","Diurna","Buen Tiempo","S/D","Peatón","Atropello","Ninguna","Horizontal","S/D","Sin restricción"
2016,7660,10/28/2016,"Viernes",0,15:45:00,"Ruta Nacional 33","0.0",3,"Automóvil,Automóvil,Automóvil"," ",3,1,0,0,2,0,0,,"Ruta",33,"ROSARIO","Rosario","Asfalto","Ripio","II","Dentro","Urbana","Ninguna","No existe","Intersección","Otro","Buena","Atardecer","Otro","S/D","S/D","Colisión","Ninguna","Faltante","Línea divisoria pintada","Sin restricción"
2016,7661,10/8/2016,"Sabado",0,1:35:00,,"0.0",2,"Automóvil,Automóvil","Pte.Roca Y E.Zeballos",2,1,0,0,1,0,0,,"Calle",,"ROSARIO","Rosario","Asfalto","Pavimento","II","Dentro","Urbana","Marca Vial","S/D","Recta","Bueno","Buena","Diurna","Buen Tiempo","S/D","S/D","Colisión","Ninguna","Horizontal","Cordón divisorio","Sin restricción"
2016,7662,10/7/2016,"Viernes",0,10:00:00,,"0.0",2,"Bicicleta,Taxi/Remis","Dorrego Y Cordoba",3,2,0,0,1,0,0,,"Calle",,"ROSARIO","Rosario","Asfalto","Pavimento","II","Dentro","Urbana","Semáforo","Funciona","Intersección","Bueno","Buena","Diurna","Buen Tiempo","S/D","Ciclista","Atropello","S/D","Vertical","Cordón divisorio","Sin restricción"
2016,7663,10/5/2016,"Miercoles",0,15:20:00,,"0.0",2,"Taxi/Remis,Otros","Mendoza 1600",3,1,0,0,2,0,0,,"Calle",,"ROSARIO","Rosario","Asfalto","Pavimento","II","Dentro","Urbana","Semáforo","Funciona","Recta","Bueno","Buena","Diurna","Buen Tiempo","S/D","S/D","Colisión","S/D","Vertical","Cordón divisorio","Sin restricción"
2016,7664,10/11/2016,"Martes",0,11:00:00,,"0.0",2,"Bicicleta,Automóvil","Bv. Oroño 1000",3,1,0,0,2,0,0,,"Calle",,"ROSARIO","Rosario","Asfalto","Pavimento","II","Dentro","Urbana","Ninguna","No existe","Recta","Bueno","Buena","Diurna","Buen Tiempo","S/D","Ciclista","Atropello","S/D","Horizontal","Cordón divisorio","Sin restricción"
2016,7665,10/11/2016,"Martes",0,11:00:00,,"0.0",2,"Automóvil,Automóvil","Av. Pellegrini Y Sarmiento",3,1,0,0,2,0,0,,"Calle",,"ROSARIO","Rosario","Asfalto","Pavimento","II","Dentro","Urbana","Semáforo","Funciona","Recta","Bueno","Buena","Diurna","Buen Tiempo","De alcance","S/D","Colisión","S/D","Horizontal","Cordón divisorio","Sin restricción"
2016,7666,10/1/2016,"Sabado",0,1:10:00,"Ruta Nacional 9","0.0",2,"Automóvil,Moto/Ciclomotor","Jose Ingenieros ",2,1,0,0,1,0,0,,"Ruta",9,"FUNES","Rosario","Asfalto","Pavimento","II","Dentro","Urbana","Ninguna","No existe","Intersección","Bueno","Reducida","Nocturna,Con luz artificial","Buen Tiempo","Lateral","S/D","Colisión","Agua","S/D","Línea divisoria pintada","Sin restricción"
2016,7667,10/15/2016,"Sabado",0,17:45:00,"Ruta Nacional 9","0.0",2,"Automóvil,Moto/Ciclomotor","Moreno ",2,1,0,0,1,0,0,,"Ruta",9,"FUNES","Rosario","Asfalto","Pavimento","II","Dentro","Urbana","S/D","No existe","Intersección","Bueno","Buena","Diurna","Buen Tiempo","Lateral","S/D","Colisión","S/D","Vertical","Línea divisoria pintada","Sin restricción"
2016,7668,10/10/2016,"Lunes",0,9:20:00,"Ruta Nacional Rosario -Cordoba","305.0",2,"Automóvil,Automóvil"," ",5,5,0,0,0,0,0,,"Ruta","Rosario -Cordoba","FUNES","Rosario","Asfalto","Natural","II","Dentro","Urbana","Ninguna","No existe","Recta","Resbaladiza","Reducida","Diurna","Buen Tiempo","De alcance","S/D","Colisión","Agua","Horizontal","Línea divisoria pintada","Sin restricción"
2016,7669,10/13/2016,"Jueves",0,13:00:00,"Ruta Nacional Rosario -Cordoba","303.0",2,"Automóvil,Camión c / Semirremolque"," ",5,3,0,0,2,0,0,,"Ruta","Rosario -Cordoba","FUNES","Rosario","Asfalto","Natural","II","Dentro","Urbana","Ninguna","No existe","Recta","Resbaladiza","Reducida","Diurna","Buen Tiempo","De alcance","S/D","Colisión","Agua","Horizontal","Ninguna","Sin restricción"
2016,7670,10/18/2016,"Martes",0,22:00:00,"Ruta Nacional 9","0.0",1,"Moto/Ciclomotor","Angelone ",1,1,0,0,0,0,0,,"Ruta",9,"FUNES","Rosario","Hormigón","Pavimento","II","Dentro","Urbana","Ninguna","No existe","Intersección","Resbaladiza","Reducida","Nocturna","Buen Tiempo","S/D","S/D","Caída ocupante","Agua","Horizontal","Línea divisoria pintada","Sin restricción"
2016,7671,10/4/2016,"Martes",0,11:00:00,,"0.0",2,"Automóvil,Bicicleta","San Luis Y Mariano Moreno",2,1,0,0,1,0,0,,"Calle",,"ROSARIO","Rosario","Asfalto","S/D","II","Dentro","Urbana","S/D","S/D","Intersección","Bueno","Buena","Diurna","Buen Tiempo","Lateral","Ciclista","Atropello","S/D","Horizontal","Cordón divisorio","Sin restricción"
2016,7672,10/1/2016,"Sabado",0,11:30:00,,"0.0",2,"Automóvil,Peatón","Sarmiento Y Mendoza",2,1,0,0,1,0,0,,"Calle",,"ROSARIO","Rosario","Asfalto","Pavimento","II","Dentro","Urbana","Semáforo","Funciona","Intersección","Bueno","Buena","Diurna","Buen Tiempo","S/D","Peatón","Atropello","S/D","Horizontal","Cordón divisorio","Sin restricción"
2016,7673,10/13/2016,"Jueves",0,16:30:00,,"0.0",2,"Automóvil,Peatón","1 de Mayo Y Rioja",2,1,0,0,1,0,0,,"Calle",,"ROSARIO","Rosario","Asfalto","S/D","II","Dentro","Urbana","Ninguna","S/D","Intersección","Bueno","Buena","Diurna","Buen Tiempo","S/D","Peatón","Atropello","S/D","S/D","Cordón divisorio","Sin restricción"
2016,7674,10/28/2016,"Viernes",0,10:30:00,,"0.0",2,"Transporte de Pasajeros Urbano (> 8 asientos),Bicicleta","Laprida Y Av. Pellegrini",2,1,0,0,1,0,0,,"Calle",,"ROSARIO","Rosario","Asfalto","S/D","II","Dentro","Urbana","S/D","S/D","Intersección","Bueno","Buena","Diurna","S/D","S/D","Ciclista","Atropello","S/D","S/D","Cordón divisorio","S/D"
2016,7675,10/13/2016,"Jueves",0,,,"0.0",2,"Moto/Ciclomotor,Automóvil","Juan Jose de Urquiza Y Presidente Peron",2,1,0,0,1,0,0,,"S/D",,"VILLA CONSTITUCIÓN","Constitución","Asfalto","Natural","VI","Dentro","Urbana","Ninguna","No existe","Intersección","Bueno","Buena","Diurna","Buen Tiempo","Lateral","S/D","Colisión","S/D","Vertical","Ninguna","Sin restricción"
2016,7676,10/12/2016,"Miercoles",0,12:15:00,,"0.0",1,,"Rivadavia Y Mendoza",2,1,0,0,1,0,0,,"S/D",,"VILLA CONSTITUCIÓN","Constitución","Asfalto","No existe","VI","Dentro","Urbana","Ninguna","No existe","Recta","Otro","Buena","Diurna","Buen Tiempo","S/D","Peatón","Atropello","Ninguna","Faltante","Ninguna","Sin restricción"
2016,7677,10/12/2016,"Miercoles",0,12:15:00,,"0.0",2,"Automóvil,Peatón","Rivadavia Y Mendoza",2,1,0,0,1,0,0,,"S/D",,"VILLA CONSTITUCIÓN","Constitución","Asfalto","No existe","VI","Dentro","Urbana","Ninguna","No existe","Recta","Otro","Buena","Diurna","Buen Tiempo","S/D","Peatón","Atropello","Ninguna","Faltante","Ninguna","Sin restricción"
2016,7678,10/4/2016,"Martes",0,17:35:00,,"0.0",2,"Taxi/Remis,Moto/Ciclomotor","Av. Sorrento Y Bv. Rondeau",2,1,0,0,1,0,0,,"Calle",,"ROSARIO","Rosario","Asfalto","No existe","II","Dentro","Urbana","Semáforo","Funciona","Intersección","Bueno","Buena","Diurna","Buen Tiempo","Lateral","S/D","Colisión","S/D","Horizontal","Cordón divisorio","Sin restricción"
2016,7679,10/15/2016,"Sabado",0,6:20:00,,"0.0",2,"Automóvil,Moto/Ciclomotor","Washington Y Bv. Rondeau",2,1,0,0,1,0,0,,"Calle",,"ROSARIO","Rosario","Asfalto","No existe","II","Dentro","Urbana","Semáforo","Funciona","Intersección","Bueno","Buena","Amanecer","Buen Tiempo","Lateral","S/D","Colisión","S/D","S/D","Cordón divisorio","Sin restricción"
2016,7680,10/16/2016,"Domingo",0,13:30:00,,"0.0",2,"Moto/Ciclomotor,Automóvil","J.B.Justo ",2,1,0,0,1,0,0,,"Calle",,"ROSARIO","Rosario","Asfalto","No existe","II","Dentro","Urbana","Semáforo","Funciona","Intersección","Bueno","Buena","Diurna","Buen Tiempo","Lateral","S/D","Colisión","S/D","Horizontal","Cordón divisorio","Sin restricción"
2016,7681,10/12/2016,"Miercoles",0,8:00:00,,"0.0",1,"Bicicleta","Moreno Y Entre Rios",2,1,0,0,1,0,0,,"Calle",,"VILLA CONSTITUCIÓN","Constitución","Asfalto","No existe","VI","S/D","Urbana","Ninguna","No existe","Recta","Bueno","Buena","Diurna","Buen Tiempo","S/D","Ciclista","Atropello","Ninguna","Faltante","Ninguna","Sin restricción"
2016,7682,10/16/2016,"Domingo",0,4:35:00,,"0.0",2,"Peatón,Automóvil","Bv. Rondeau 1450",2,0,1,0,1,0,0,,"Calle",,"ROSARIO","Rosario","Asfalto","No existe","II","Dentro","Urbana","Ninguna","No existe","Recta","Bueno","Buena","Nocturna","Buen Tiempo","S/D","Peatón","Atropello","S/D","Horizontal","Cordón divisorio","Sin restricción"
2016,7683,10/17/2016,"Lunes",0,12:00:00,,"0.0",2,"Pickup/Utilitario,Moto/Ciclomotor","Bv. Rondeau Y Superi",3,2,0,0,1,0,0,,"Calle",,"ROSARIO","Rosario","Asfalto","No existe","II","Dentro","Urbana","Semáforo","Funciona","Intersección","Bueno","Buena","Diurna","Buen Tiempo","Lateral","S/D","Colisión","Ninguna","S/D","Cordón divisorio","Sin restricción"
2016,7684,10/7/2016,"Viernes",0,20:30:00,,"0.0",2,"Moto/Ciclomotor,Automóvil","23 de Setiembre Y Colon",2,1,0,0,1,0,0,,"Calle",,"VILLA CONSTITUCIÓN","Constitución","Asfalto","No existe","VI","Dentro","Urbana","Ninguna","No existe","Intersección","Bueno","Buena","Diurna","Buen Tiempo","Lateral","S/D","Colisión","Ninguna","Faltante","Ninguna","Sin restricción"
2016,7685,10/19/2016,"Miercoles",0,14:30:00,,"0.0",2,"Automóvil,Moto/Ciclomotor","Bv. Rondeau Y Baigorria",2,1,0,0,1,0,0,,"Calle",,"ROSARIO","Rosario","Asfalto","No existe","II","Dentro","Urbana","Semáforo","Funciona","Intersección","Bueno","Buena","Diurna","Buen Tiempo","Lateral","S/D","Colisión","S/D","Horizontal","Cordón divisorio","Sin restricción"
2016,7686,10/19/2016,"Miercoles",0,17:35:00,,"0.0",2,"Moto/Ciclomotor,Peatón","Av. Puccio ",3,3,0,0,0,0,0,,"Calle",,"ROSARIO","Rosario","Asfalto","No existe","II","Dentro","Urbana","Semáforo","Funciona","Intersección","Bueno","Buena","Diurna","Buen Tiempo","S/D","Peatón","Atropello","S/D","Horizontal","Cordón divisorio","Sin restricción"
2016,7687,10/19/2016,"Miercoles",0,17:15:00,,"0.0",2,"Automóvil,Taxi/Remis","Artigas Y Agrelo",5,4,0,0,1,0,0,,"Calle",,"ROSARIO","Rosario","Asfalto","No existe","II","Dentro","Urbana","Ninguna","No existe","Intersección","Bueno","Buena","Diurna","Buen Tiempo","Lateral","S/D","Colisión","S/D","Horizontal","Ninguna","Sin restricción"
2016,7688,10/29/2016,"Sabado",0,9:30:00,,"0.0",2,"Moto/Ciclomotor,Automóvil","Darragueira Y Chiclana",3,2,0,0,1,0,0,,"Calle",,"ROSARIO","Rosario","Asfalto","No existe","II","Dentro","Urbana","S/D","No existe","Curva","Bueno","Buena","Diurna","Buen Tiempo","De alcance","S/D","Colisión","Ninguna","Faltante","Ninguna","Sin restricción"
2016,7689,10/6/2016,"Jueves",0,19:00:00,,"0.0",2,"Automóvil,Moto/Ciclomotor","Presidente Peron Y Manuel Dorrego",4,2,0,0,2,0,0,,"S/D",,"VILLA CONSTITUCIÓN","Constitución","Asfalto","No existe","VI","S/D","Urbana","Ninguna","No existe","Intersección","Bueno","Buena","Diurna","Buen Tiempo","Lateral","S/D","Colisión","Ninguna","Vertical","Ninguna","Sin restricción"
2016,7690,10/6/2016,"Jueves",0,20:30:00,,"0.0",2,"Automóvil,Moto/Ciclomotor","Pbro D Segundo Y Avelleneda",3,2,0,0,1,0,0,,"Calle",,"VILLA CONSTITUCIÓN","Constitución","Asfalto","No existe","VI","Dentro","Urbana","Ninguna","Funciona","Intersección","Bueno","Buena","Nocturna","Buen Tiempo","Lateral","S/D","Colisión","Ninguna","Vertical","Ninguna","Sin restricción"
2016,7691,10/31/2016,"Lunes",0,8:10:00,,"0.0",2,"Automóvil,Automóvil","Agrelo Y Pedro Tuella Bis",2,2,0,0,0,0,0,,"Calle",,"ROSARIO","Rosario","Asfalto","No existe","II","Dentro","Urbana","Ninguna","No existe","Intersección","Bueno","Buena","Diurna","Buen Tiempo","Lateral","S/D","Colisión","S/D","S/D","Ninguna","Sin restricción"
2016,7692,11/3/2016,"Jueves",0,3:00:00,"Ruta Provincial 2","266.0",2,"Camión c / Acoplado,Camión c / Acoplado"," ",2,0,1,0,0,1,0,"-29.774268, -61.516923","Ruta",2,"ESTEBAN RAMS","9 de Julio","Asfalto","Natural","XII","Dentro","Urbana","Marca Vial","No existe","Recta","Con baches","Buena","Nocturna","Buen Tiempo","Frontal","S/D","Colisión","Ninguna","Faltante","Línea divisoria pintada","Sin restricción"
2016,7693,10/29/2016,"Sabado",0,13:00:00,,"0.0",2,"Moto/Ciclomotor,Automóvil","Jujuy Y Independencia",2,1,0,0,1,0,0,,"Calle",,"VILLA CONSTITUCIÓN","Constitución","Asfalto","No existe","VI","Dentro","Urbana","Ninguna","No funciona","Intersección","Bueno","Buena","Diurna","Buen Tiempo","Otro","S/D","Colisión","Ninguna","Faltante","Ninguna","Sin restricción"
2016,7694,10/29/2016,"Sabado",0,,,"0.0",2,"Automóvil,Bicicleta","San Martin Y Misiones",3,3,0,0,0,0,0,,"Calle",,"VILLA CONSTITUCIÓN","Constitución","Asfalto","No existe","VI","Dentro","Urbana","Ninguna","No existe","Intersección","Bueno","Buena","Diurna","Buen Tiempo","S/D","S/D","Atropello","Ninguna","Faltante","Ninguna","Sin restricción"
2016,7695,10/28/2016,"Viernes",0,,,"0.0",2,"Vehículo Oficial,Moto/Ciclomotor","Sarmiento Y Acevedo",2,1,0,0,1,0,0,,"Calle",,"VILLA CONSTITUCIÓN","Constitución","Asfalto","No existe","VI","S/D","Urbana","Ninguna","No existe","Recta","Bueno","Buena","Diurna","Buen Tiempo","Lateral","S/D","Colisión","Ninguna","Faltante","Ninguna","Sin restricción"
2016,7696,10/24/2016,"Lunes",0,16:30:00,,"0.0",1,,"Manuel Dorrego Y Mendoza",2,1,0,0,1,0,0,,"Calle",,"VILLA CONSTITUCIÓN","Constitución","S/D","S/D","VI","Dentro","Urbana","S/D","S/D","S/D","S/D","S/D","Diurna","S/D","S/D","Ciclista","Atropello","S/D","S/D","S/D","S/D"
2016,7697,10/24/2016,"Lunes",0,16:30:00,,"0.0",2,"Bicicleta,Pickup/Utilitario","Manuel Dorrego Y Mendoza",2,1,0,0,1,0,0,,"Calle",,"VILLA CONSTITUCIÓN","Constitución","S/D","S/D","VI","Dentro","Urbana","S/D","S/D","S/D","S/D","S/D","Diurna","S/D","S/D","Ciclista","Atropello","S/D","S/D","S/D","S/D"
2016,7698,10/24/2016,"Lunes",0,8:00:00,,"0.0",2,"Automóvil,Moto/Ciclomotor","San Martin Y Cordoba",2,1,0,0,1,0,0,,"Avenida",,"VILLA CONSTITUCIÓN","Constitución","Asfalto","No existe","VI","Dentro","Urbana","Ninguna","No existe","Intersección","Bueno","Buena","Diurna","Buen Tiempo","Otro","S/D","Colisión","Ninguna","Faltante","Ninguna","Sin restricción"
2016,7699,10/23/2016,"Domingo",0,,,"0.0",2,"Automóvil,Moto/Ciclomotor","Manuel Dorrego Y Santiago del Estero",2,1,0,0,1,0,0,,"Calle",,"VILLA CONSTITUCIÓN","Constitución","Asfalto","No existe","VI","Dentro","Urbana","Ninguna","No existe","Intersección","Bueno","Buena","Diurna","Buen Tiempo","Lateral","S/D","Colisión","Ninguna","Faltante","Ninguna","Sin restricción"
2016,7700,10/21/2016,"Viernes",0,18:00:00,,"0.0",1,"Moto/Ciclomotor","Independencia Y Entre Rios",2,1,0,0,1,0,0,,"Calle",,"VILLA CONSTITUCIÓN","Constitución","Asfalto","No existe","VI","S/D","Urbana","Ninguna","No existe","Intersección","Bueno","Buena","Diurna","Buen Tiempo","Lateral","S/D","Colisión","Ninguna","Faltante","Ninguna","Sin restricción"
2016,7701,10/21/2016,"Viernes",0,,,"0.0",2,"Automóvil,Moto/Ciclomotor","Pbro D Segundo Y Libertad",2,1,0,0,1,0,0,,"Avenida",,"VILLA CONSTITUCIÓN","Constitución","Asfalto","No existe","VI","S/D","Urbana","Otra Señal","No existe","Intersección","Bueno","Buena","Diurna","Buen Tiempo","Lateral","S/D","Colisión","Ninguna","Vertical","Ninguna","Sin restricción"
2016,7702,10/15/2016,"Sabado",0,14:00:00,,"0.0",2,"Automóvil,Automóvil"," ",3,2,0,0,1,0,0,,"S/D",,"VILLA CONSTITUCIÓN","Constitución","Asfalto","Natural","VI","Dentro","Urbana","Ninguna","No existe","Recta","Bueno","Buena","Diurna","Buen Tiempo","Frontal","S/D","Colisión","Ninguna","Faltante","Cordón divisorio","Sin restricción"
2016,7703,10/26/2016,"Miercoles",0,18:30:00,,"0.0",2,"Moto/Ciclomotor,Automóvil","Boulevard Lisandro de la Torre Y General Bartolome Mitre",2,1,0,0,1,0,0,,"Calle",,"CASILDA","Caseros","Asfalto","No existe","IV","S/D","Urbana","Ninguna","No existe","Intersección","Bueno","Buena","Con luz artificial","Buen Tiempo","Lateral","S/D","Colisión","Ninguna","Faltante","Ninguna","Sin restricción"
2016,7704,10/8/2016,"Sabado",0,5:30:00,"Ruta Nacional 33","735.0",2,"Moto/Ciclomotor,Camión c / Acoplado"," ",2,0,0,1,1,0,0,,"Ruta",33,"CASILDA","Caseros","Asfalto","Pavimento","IV","S/D","Rural","Ninguna","No existe","Recta","Bueno","Buena","Nocturna,Con luz artificial","Buen Tiempo","S/D","S/D","Atropello","Ninguna","Faltante","Ninguna","Sin restricción"
2016,7705,10/13/2016,"Jueves",0,8:55:00,,"0.0",2,"Pickup/Utilitario,Moto/Ciclomotor","General Manuel Belgrano Y Fray Luis Beltran",3,1,0,0,1,0,1,,"Calle",,"CASILDA","Caseros","Asfalto","No existe","IV","S/D","Urbana","Ninguna","No existe","Intersección","Bueno","Buena","Diurna,Con luz artificial","Buen Tiempo","Lateral","S/D","Colisión","Ninguna","Faltante","Ninguna","Sin restricción"
2016,7706,10/7/2016,"Viernes",0,18:40:00,,"0.0",2,"Automóvil,Moto/Ciclomotor","General Jose de San Martin Y Avelino Loticci",2,1,0,0,1,0,0,,"Avenida",,"CASILDA","Caseros","Asfalto","No existe","IV","S/D","Urbana","Ninguna","No existe","Intersección","Bueno","Buena","Con luz artificial","Buen Tiempo","Lateral","S/D","Colisión","Ninguna","Faltante","Ninguna","Sin restricción"
2016,7707,12/12/2016,"Lunes",0,18:00:00,,"0.0",2,"Automóvil,Bicicleta","Boulevard 25 de Mayo ",2,0,1,0,1,0,0,,"S/D",,"CASILDA","Caseros","Asfalto","No existe","IV","S/D","S/D","Ninguna","No existe","Intersección","Bueno","Buena","Diurna","Buen Tiempo","S/D","Ciclista","Atropello","Ninguna","Faltante","Ninguna","Sin restricción"
2016,7708,10/3/2016,"Lunes",0,12:30:00,,"0.0",2,"Bicicleta,Automóvil","Av A del Valle Y Gorriti",2,1,0,0,0,0,1,,"Avenida",,"SANTA FE","La Capital","Asfalto","Pavimento","I","Dentro","Urbana","S/D","Funciona","Curva","Bueno","Buena","Diurna","Buen Tiempo","S/D","Ciclista","Atropello","S/D","Vertical","S/D","S/D"
2016,7709,10/6/2016,"Jueves",0,14:25:00,,"0.0",2,"Moto/Ciclomotor,Pickup/Utilitario","Saavedra Y Ayacucho",2,1,0,0,1,0,0,,"Calle",,"SANTA FE","La Capital","Tierra","Natural","I","Dentro","S/D","S/D","No existe","Intersección","Deteriorada,Ahuellamiento","Buena","Diurna","S/D","Lateral","S/D","Colisión","Material Suelto","Faltante","S/D","S/D"
2016,7710,10/6/2016,"Jueves",0,17:00:00,,"0.0",2,"Automóvil,Moto/Ciclomotor","Av Facundo Zuviria Y Reg 12 de Infanteria",2,1,0,0,1,0,0,,"Avenida",,"SANTA FE","La Capital","Asfalto","Natural","I","Dentro","Urbana","S/D","No existe","Intersección","Bueno","Buena","Diurna","Buen Tiempo","Lateral","S/D","Colisión","S/D","Faltante","S/D","S/D"
2016,7711,10/2/2016,"Domingo",0,1:15:00,,"0.0",1,"Moto/Ciclomotor"," ",1,0,1,0,0,0,0,,"Calle",,"CHAÑAR LADEADO","Caseros","Asfalto","No existe","IV","S/D","Urbana","Ninguna","No existe","Recta","Bueno","Buena","Nocturna,Con luz artificial","Buen Tiempo","S/D","S/D","Caída ocupante","Ninguna","Faltante","Ninguna","Sin restricción"
2016,7712,10/7/2016,"Viernes",0,11:00:00,,"0.0",2,"Peatón,Moto/Ciclomotor","Padre Genesio Y Av Urquiza",2,1,0,0,1,0,0,,"Calle",,"SANTA FE","La Capital","Asfalto,Tierra","Natural","I","S/D","Urbana","S/D","No existe","Intersección","Deteriorada","Buena","Diurna","Buen Tiempo","S/D","Peatón","Atropello","S/D","Faltante","S/D","S/D"
2016,7713,10/16/2016,"Domingo",0,,,"0.0",2,"Automóvil,Moto/Ciclomotor","R de Escalada Y Martin de Pueyrredon",2,1,0,0,1,0,0,,"Calle",,"RUFINO","General López","Asfalto","No existe","XIII","Dentro","Urbana","Ninguna","No existe","Intersección","Resbaladiza","Reducida","Nocturna,Con luz artificial","Lluvia","Frontal","S/D","Colisión","Agua","Faltante","Ninguna","Sin restricción"
2016,7714,10/9/2016,"Domingo",0,20:00:00,,"0.0",2,"Automóvil,Moto/Ciclomotor","J Ingenieros Y San Juan",4,2,0,0,2,0,0,,"Calle",,"RUFINO","General López","Hormigón","No existe","VIII","Dentro","Urbana","Ninguna","No existe","Intersección","Deteriorada","Buena","Diurna","Buen Tiempo","Lateral","S/D","Colisión","S/D","Faltante","Ninguna","Sin restricción"