"anio_acci","nro_acci","fecha","desc_dia","fecha_aprox","hora_aprox","desc_ruta","km","cant_participantes","desc_participante","calle_avenida_km","total","heridos_leves","heridos_graves","heridos_gravisimos","ilesos","fallecidos","sin_datos","posicion_XY","desc_tipo_via","desc_ruta_ori","desc_loc","desc_dpto","desc_tipo_calzada","desc_tipo_banquina","desc_unidad_regional","desc_lugar_calzada","desc_zona","desc_prioridad","desc_estado_semaforo","desc_lugar_via","desc_estado_via","desc_estado_visibilidad","desc_luminosidad","desc_estado_clima","desc_tipo_colision","desc_tipo_atropello","desc_tipo_hecho","desc_pres_calzada","desc_senializacion","desc_separacion_via","desc_restriccion"
2016,7715,10/5/2016,"Miercoles",0,20:30:00,,"0.0",2,"Moto/Ciclomotor,Automóvil","J S Sosa Y Santa Rosa",2,1,0,0,1,0,0,,"Calle",,"RUFINO","General López","Asfalto","No existe","VIII","Dentro","Urbana","Ninguna","No existe","Intersección","Bueno","Buena","Nocturna,Con luz artificial","Buen Tiempo","Lateral","S/D","Colisión","S/D","Faltante","Ninguna","Sin restricción"
2016,7716,10/19/2016,"Miercoles",0,20:30:00,,"0.0",2,"Automóvil,Moto/Ciclomotor","Av Cobos Y Moreno",2,1,0,0,1,0,0,,"Calle",,"RUFINO","General López","Asfalto","S/D","VIII","Dentro","Urbana","Ninguna","S/D","Intersección","Bueno","Buena","Nocturna,Con luz artificial","Buen Tiempo","S/D","S/D","Colisión","S/D","S/D","Ninguna","Sin restricción"
2016,7717,10/28/2016,"Viernes",0,22:30:00,,"0.0",2,"Moto/Ciclomotor,Moto/Ciclomotor","R de Escalada Y Manuel Dorrego",3,0,2,0,1,0,0,,"Calle",,"RUFINO","General López","Ripio","No existe","VIII","Dentro","Urbana","Ninguna","No existe","Intersección","Deteriorada","Buena","Nocturna","Buen Tiempo","Lateral","S/D","Colisión","S/D","S/D","Ninguna","Sin restricción"
2016,7718,10/30/2016,"Domingo",0,12:50:00,,"0.0",2,"Moto/Ciclomotor,Automóvil","Chacabuco Y Pte Juan Domingo Peron",2,1,0,0,1,0,0,,"Calle",,"RUFINO","General López","Asfalto","S/D","VIII","Dentro","Urbana","S/D","No existe","Intersección","Bueno","Buena","Diurna","Buen Tiempo","Lateral","S/D","Colisión","S/D","S/D","S/D","Sin restricción"
2016,7719,10/21/2016,"Viernes",0,12:30:00,,"0.0",2,"Automóvil,Moto/Ciclomotor","Italia Y E Carballeyra",2,1,0,0,1,0,0,,"Calle",,"RUFINO","General López","Asfalto","S/D","VIII","Dentro","Urbana","S/D","No existe","Recta","Bueno","Buena","Diurna","Buen Tiempo","Lateral","S/D","Colisión","S/D","S/D","S/D","S/D"
2016,7720,8/11/2016,"Jueves",0,16:00:00,,"0.0",2,"Moto/Ciclomotor,Automóvil","Carlos Pellegrini Y España",2,1,0,0,1,0,0,,"Calle",,"VENADO TUERTO","General López","Asfalto","No existe","VIII","Dentro","Urbana","Señal Pare","No existe","Intersección","Bueno","Buena","Diurna","S/D","S/D","S/D","Colisión","S/D","Vertical","Ninguna","Sin restricción"
2016,7721,9/19/2016,"Lunes",0,9:00:00,,"0.0",2,"Peatón,Pickup/Utilitario","Casey Y Carlos Pellegrini",2,1,0,0,1,0,0,,"Calle",,"VENADO TUERTO","General López","Asfalto","No existe","VIII","Dentro","Urbana","Ninguna","Funciona","Recta","Bueno","Buena","Diurna","Buen Tiempo","S/D","Peatón","Atropello","S/D","Horizontal,Vertical","Ninguna","Sin restricción"
2016,7722,9/26/2016,"Lunes",0,19:00:00,,"0.0",2,"Automóvil,Moto/Ciclomotor","Francia Y Lopez",2,1,0,0,1,0,0,,"Calle",,"VENADO TUERTO","General López","Asfalto","No existe","VIII","Dentro","Urbana","Ninguna","No existe","Intersección","Bueno","Buena","Atardecer,Con luz artificial","Buen Tiempo","S/D","S/D","Colisión","S/D","Vertical","Ninguna","Sin restricción"
2016,7723,9/27/2016,"Martes",0,12:50:00,,"0.0",2,"Automóvil,Moto/Ciclomotor","3 de Febrero Y Dante Alighieri",2,0,1,0,1,0,0,,"Calle",,"VENADO TUERTO","General López","Asfalto","No existe","VIII","Dentro","Urbana","Señal Pare","No existe","Intersección","Bueno","Buena","Diurna","S/D","S/D","S/D","Colisión","S/D","Vertical","Ninguna","Sin restricción"
2016,7724,9/27/2016,"Martes",0,7:40:00,,"0.0",2,"Automóvil,Pickup/Utilitario","Lopez Y Almafuerte",3,1,0,0,2,0,0,,"Calle",,"VENADO TUERTO","General López","Asfalto","No existe","VIII","Dentro","Urbana","Ninguna","No existe","Intersección","Bueno","Buena","Diurna","S/D","S/D","S/D","Colisión","S/D","Vertical","Ninguna","Sin restricción"
2016,7725,10/7/2016,"Viernes",0,20:55:00,,"0.0",2,"Pickup/Utilitario,Moto/Ciclomotor","Carlos Pellegrini Y Miguel de Azcuenaga",2,1,0,0,1,0,0,,"Calle",,"VENADO TUERTO","General López","Asfalto","No existe","VIII","Dentro","Urbana","Otra Señal","No existe","Intersección","Bueno","Buena","Nocturna,Con luz artificial","Buen Tiempo","S/D","S/D","Colisión","S/D","Horizontal,Vertical","Ninguna","Sin restricción"
2016,7726,10/8/2016,"Sabado",0,20:15:00,,"0.0",2,"Automóvil,Moto/Ciclomotor","Maipu Y Paz",3,2,0,0,1,0,0,,"Calle",,"VENADO TUERTO","General López","Asfalto","No existe","VIII","Dentro","Urbana","S/D","No existe","Intersección","Bueno","Buena","Nocturna,Con luz artificial","S/D","S/D","S/D","Colisión","S/D","Vertical","Ninguna","Sin restricción"
2016,7727,10/11/2016,"Martes",0,19:25:00,"Ruta Nacional 8","0.0",2,"Moto/Ciclomotor,Pickup/Utilitario","Fernando Azcoaga ",2,1,0,0,1,0,0,,"Ruta",8,"VENADO TUERTO","General López","Hormigón","Ripio","VIII","Dentro","Urbana","Ninguna","No existe","Intersección","Bueno","Buena","Diurna","S/D","S/D","S/D","Colisión","S/D","Faltante","Ninguna","Sin restricción"
2016,7728,10/14/2016,"Viernes",0,22:45:00,,"0.0",2,"Moto/Ciclomotor,Bicicleta","Av Dr Luis Chapuis Y Felix Goumonde",2,1,0,0,0,0,1,,"Calle",,"VENADO TUERTO","General López","Asfalto,Ripio","No existe","VIII","Dentro","Urbana","Ninguna","No existe","Intersección","Bueno","Buena","Nocturna,Con luz artificial","S/D","S/D","Ciclista","Atropello","S/D","Faltante","Ninguna","Sin restricción"
2016,7729,10/14/2016,"Viernes",0,12:45:00,,"0.0",2,"Automóvil,Moto/Ciclomotor","Mariano Moreno Y Maipu",2,1,0,0,1,0,0,,"Calle",,"VENADO TUERTO","General López","Asfalto","No existe","VIII","Dentro","Urbana","Señal Pare","No existe","Intersección","Bueno","Buena","Diurna","S/D","S/D","S/D","Colisión","S/D","Vertical","Ninguna","Sin restricción"
2016,7730,10/15/2016,"Sabado",0,4:10:00,,"0.0",2,"Automóvil,Automóvil","Juan Lavalle Y Chacabuco",2,1,0,0,1,0,0,,"Calle",,"VENADO TUERTO","General López","Asfalto","No existe","VIII","Dentro","Urbana","Señal Pare","S/D","Intersección","Bueno","Buena","Nocturna,Con luz artificial","S/D","S/D","S/D","Colisión","S/D","Horizontal,Vertical","Ninguna","Sin restricción"
2016,7731,10/15/2016,"Sabado",0,21:00:00,,"0.0",2,"Moto/Ciclomotor,Pickup/Utilitario","Roque Saenz Peña Y Coronel Dorrego",3,2,0,0,1,0,0,,"Calle",,"VENADO TUERTO","General López","Asfalto","No existe","VIII","Dentro","Urbana","Ninguna","No existe","Intersección","Bueno","Buena","Nocturna,Con luz artificial","S/D","S/D","S/D","Colisión","S/D","Horizontal","Ninguna","Sin restricción"
2016,7732,10/19/2016,"Miercoles",0,18:30:00,,"0.0",2,"Automóvil,Moto/Ciclomotor","Santa Fe Y Laprida",2,1,0,0,1,0,0,,"Calle",,"VENADO TUERTO","General López","Asfalto","No existe","VIII","Dentro","Urbana","Semáforo","Funciona","Intersección","Bueno","Buena","Diurna","Buen Tiempo","S/D","S/D","Colisión","S/D","Horizontal,Vertical","Cordón divisorio","Sin restricción"
2016,7733,9/30/2016,"Viernes",0,11:45:00,"Ruta Nacional 8","0.0",2,"Camión Chasis,Moto/Ciclomotor","Roque Saenz Peña ",2,1,0,0,1,0,0,,"Ruta",8,"VENADO TUERTO","General López","Asfalto","No existe","VIII","Dentro","Urbana","Semáforo","Funciona","Intersección","Bueno","Buena","Diurna","S/D","S/D","S/D","Colisión","S/D","Horizontal,Vertical","Cordón divisorio","Sin restricción"
2016,7734,10/4/2016,"Martes",0,7:45:00,,"0.0",2,"Automóvil,Bicicleta","Leandro N Alem Y Juan Carlos Alberdi",2,1,0,0,1,0,0,,"Calle",,"VENADO TUERTO","General López","Asfalto","No existe","VIII","Dentro","Urbana","S/D","No existe","Intersección","Bueno","Buena","Diurna","S/D","S/D","Ciclista","Atropello","S/D","Vertical","Vegetación","Sin restricción"
2016,7735,10/24/2016,"Lunes",0,4:50:00,"Ruta Provincial 90","0.0",1,"Automóvil"," ",3,0,2,0,1,0,0,,"Ruta",90,"CHAPUY","General López","Asfalto","Natural","VIII","Dentro","Urbana","S/D","No existe","Curva","Bueno","Buena","Nocturna","Buen Tiempo","S/D","S/D","Vuelco","Agua","Horizontal","S/D","S/D"
2016,7736,10/27/2016,"Jueves",0,21:00:00,,"0.0",2,"Moto/Ciclomotor,Automóvil","Av Blas Parera Y Pedro Espinosa",2,0,1,0,1,0,0,,"Calle",,"SANTA FE","La Capital","Asfalto","S/D","I","Dentro","Urbana","Ninguna","No existe","Intersección","Bueno","S/D","Nocturna,Con luz artificial","Buen Tiempo","Lateral","S/D","Colisión","S/D","Faltante","Ninguna","Sin restricción"
2016,7737,12/1/2016,"Jueves",1,,,"0.0",2,"Otros,Moto/Ciclomotor"," ",2,1,0,0,1,0,0,,"Calle",,"SANTA FE","La Capital","S/D","S/D","I","Dentro","Urbana","S/D","S/D","S/D","S/D","S/D","S/D","S/D","S/D","S/D","Colisión","S/D","S/D","S/D","S/D"
2016,7738,12/1/2016,"Jueves",1,,,"0.0",2,"Automóvil,Automóvil"," ",4,0,0,2,2,0,0,,"Calle",,"SANTA FE","La Capital","S/D","S/D","I","Dentro","Urbana","S/D","S/D","S/D","S/D","S/D","S/D","S/D","S/D","S/D","Colisión","S/D","S/D","S/D","S/D"
2016,7739,10/15/2016,"Sabado",0,13:00:00,,"0.0",2,"Automóvil,Moto/Ciclomotor","Urquiza Y Tte.Agneta",2,0,1,0,1,0,0,,"Calle",,"ROSARIO","Rosario","Asfalto","S/D","II","Dentro","Urbana","S/D","S/D","Intersección","Bueno","S/D","Diurna","S/D","Lateral","S/D","Colisión","S/D","S/D","Línea divisoria pintada","S/D"
2016,7740,10/13/2016,"Jueves",0,13:40:00,,"0.0",2,"Transporte de Pasajeros Urbano (> 8 asientos),Transporte de Pasajeros Urbano (> 8 asientos)","Santa Fe Y Gutenberg",3,1,0,0,2,0,0,,"Calle",,"ROSARIO","Rosario","Asfalto","Pavimento","II","Dentro","Urbana","Ninguna","S/D","Intersección","Bueno","Reducida","Diurna","Lluvia","Lateral","S/D","Colisión","Agua","S/D","Cordón divisorio","Sin restricción"
2016,7741,10/18/2016,"Martes",0,8:00:00,,"0.0",2,"Automóvil,Moto/Ciclomotor","Junin Y Liniers",2,1,0,0,1,0,0,,"Calle",,"ROSARIO","Rosario","Asfalto","S/D","II","Dentro","Urbana","S/D","S/D","Intersección","Deteriorada","S/D","Diurna","Lluvia","Lateral","S/D","Colisión","S/D","S/D","S/D","S/D"
2016,7742,10/8/2016,"Sabado",0,4:00:00,,"0.0",2,"Moto/Ciclomotor,Automóvil","Urquiza Y Gutenberg",2,1,0,0,1,0,0,,"Calle",,"ROSARIO","Rosario","Asfalto","S/D","II","Dentro","Urbana","S/D","S/D","Intersección","Bueno","Buena","Diurna","S/D","S/D","S/D","Colisión","S/D","S/D","S/D","S/D"
2016,7743,10/4/2016,"Martes",0,12:15:00,,"0.0",2,"Automóvil,Moto/Ciclomotor","Manuel Dorrego Y Lisandro de la Torre",2,1,0,0,1,0,0,,"Calle",,"VILLA CONSTITUCIÓN","Constitución","Asfalto","No existe","VI","Dentro","Urbana","Ninguna","No existe","Intersección","Bueno","Buena","Diurna","Buen Tiempo","Lateral","S/D","Colisión","Ninguna","Faltante","Ninguna","Sin restricción"
2016,7744,10/9/2016,"Domingo",0,23:15:00,,"0.0",2,"Automóvil,Moto/Ciclomotor","Corrientes Y Entre Rios",3,0,1,0,2,0,0,,"Calle",,"PEYRANO","Constitución","Ripio","No existe","VI","Dentro","Urbana","Ninguna","No existe","Intersección","Bueno","Buena","Nocturna,Con luz artificial","Buen Tiempo","Lateral","S/D","Colisión","S/D","Faltante","Ninguna","Sin restricción"
2016,7745,10/20/2016,"Jueves",0,16:30:00,"Ruta Provincial 18","61.0",2,"Camión c / Acoplado,Automóvil"," ",3,1,0,0,2,0,0,,"Ruta",18,"PEYRANO","Constitución","Asfalto","Natural","VI","Dentro","Urbana","Ninguna","No existe","Recta","Bueno","Buena","Atardecer","Buen Tiempo","Frontal","S/D","Colisión","S/D","Faltante","Línea divisoria pintada","Sin restricción"
2016,7746,10/1/2016,"Sabado",0,,,"0.0",2,"Automóvil,Peatón","14 de Febrero Y Simon Bolivar",2,1,0,0,1,0,0,,"Avenida",,"VILLA CONSTITUCIÓN","Constitución","Asfalto","No existe","VI","S/D","Urbana","Ninguna","No existe","Otro","Bueno","Buena","Diurna","Buen Tiempo","S/D","Ciclista","Atropello","Ninguna","Faltante","Ninguna","Sin restricción"
2016,7747,10/15/2016,"Sabado",0,19:45:00,"Ruta Provincial 21","0.0",2,"Automóvil,Pickup/Utilitario","Moreno ",4,1,0,0,3,0,0,,"Ruta",21,"EMPALME VILLA CONSTITUCIÓN","Constitución","Asfalto","Natural","VI","Dentro","Urbana","Ninguna","S/D","Intersección","Bueno","Buena","Atardecer","Buen Tiempo","Lateral","S/D","Colisión","S/D","Faltante","Ninguna","Sin restricción"
2016,7748,10/1/2016,"Sabado",0,2:00:00,,"0.0",2,"Automóvil,Moto/Ciclomotor","Saavedra Y Presidente Peron",4,2,0,0,2,0,0,,"Calle",,"VILLA CONSTITUCIÓN","Constitución","Asfalto","No existe","VI","S/D","Urbana","Ninguna","No existe","Intersección","Bueno","Reducida","Nocturna","Buen Tiempo","Lateral","S/D","Colisión","Ninguna","Faltante","Ninguna","Sin restricción"
2016,7749,10/19/2016,"Miercoles",0,13:10:00,"Ruta Nacional 177","7.0",1,"Automóvil"," ",2,2,0,0,0,0,0,,"Ruta",177,"EMPALME VILLA CONSTITUCIÓN","Constitución","Asfalto","Natural","VI","Dentro","Urbana","Marca Vial","No existe","Recta","Bueno","Buena","Diurna","Lluvia","S/D","S/D","Vuelco","Agua","Faltante","Línea divisoria pintada","Sin restricción"
2016,7750,10/29/2016,"Sabado",0,10:00:00,,"0.0",2,"Moto/Ciclomotor,Moto/Ciclomotor","San Martin Y Tierra del Fuego",3,0,0,1,2,0,0,,"Calle",,"VILLA CONSTITUCIÓN","Constitución","Asfalto","No existe","VI","Dentro","Urbana","Ninguna","No existe","Intersección","Bueno","Buena","Diurna","Buen Tiempo","De alcance","S/D","Colisión","Ninguna","Faltante","Cordón divisorio","Sin restricción"
2016,7751,10/13/2016,"Jueves",0,9:00:00,,"0.0",2,"Automóvil,Moto/Ciclomotor","San Martin Y Amenabar",2,1,0,0,1,0,0,,"Calle",,"SANTA TERESA","Constitución","Asfalto","No existe","VI","Dentro","Urbana","Ninguna","No existe","Intersección","Bueno","Buena","Diurna","Buen Tiempo","Lateral","S/D","Colisión","Ninguna","Faltante","Ninguna","Sin restricción"
2016,7752,10/30/2016,"Domingo",0,,,"0.0",2,"Automóvil,Automóvil","Valles Y Simon Bolivar",4,2,0,0,2,0,0,,"Calle",,"VILLA CONSTITUCIÓN","Constitución","Asfalto","No existe","VI","Dentro","Urbana","Ninguna","No existe","Intersección","Bueno","Buena","Diurna","Buen Tiempo","Lateral","S/D","Colisión","S/D","Faltante","Ninguna","Sin restricción"
2016,7753,10/8/2016,"Sabado",0,11:00:00,,"0.0",2,"Automóvil,Automóvil","Gorriti 3500",2,1,0,0,1,0,0,,"Avenida",,"SANTA FE","La Capital","Asfalto","Pavimento","I","Dentro","Urbana","S/D","No existe","Recta","Bueno","Buena","Diurna","Buen Tiempo","Lateral","S/D","Colisión","S/D","Faltante","S/D","S/D"
2016,7754,10/27/2016,"Jueves",0,16:00:00,"Ruta Provincial 21","0.0",2,"Moto/Ciclomotor,Automóvil","Ruta Prov 21 Y Estanislao Zeballos",2,1,0,0,1,0,0,,"Ruta",21,"VILLA CONSTITUCIÓN","Constitución","Asfalto","Natural","VI","Dentro","Urbana","Ninguna","No existe","Recta","Bueno","Buena","Diurna","Buen Tiempo","Frontal","S/D","Colisión","Ninguna","Faltante","Ninguna","Sin restricción"
2016,7755,10/3/2016,"Lunes",0,18:40:00,,"0.0",2,"Moto/Ciclomotor,Automóvil","Echague 7675",3,2,0,0,1,0,0,,"Calle",,"SANTA FE","La Capital","Asfalto","Pavimento","I","Dentro","Urbana","Ninguna","No existe","Recta","Bueno","Buena","Diurna","Buen Tiempo","S/D","S/D","Colisión","S/D","S/D","Cordón divisorio","Sin restricción"
2016,7757,10/12/2016,"Miercoles",0,9:00:00,,"0.0",1,"Moto/Ciclomotor","Gorriti Y San Lorenzo",1,1,0,0,0,0,0,,"Calle",,"SANTA FE","La Capital","Asfalto","Natural","I","Dentro","Urbana","S/D","No existe","Intersección","Bueno","Buena","Diurna","Buen Tiempo","Atropello animal","S/D","Atropello","S/D","Faltante","S/D","S/D"
2016,7758,10/14/2016,"Viernes",0,12:15:00,"Ruta Provincial 21","0.0",2,"Moto/Ciclomotor,Camión c / Semirremolque"," ",2,1,0,0,1,0,0,,"Ruta",21,"VILLA CONSTITUCIÓN","Constitución","Asfalto","Natural","VI","Dentro","Urbana","Ninguna","No existe","Recta","Bueno","Buena","Diurna","Buen Tiempo","Otro","S/D","S/D","Ninguna","S/D","Vegetación","Sin restricción"
2016,7759,10/31/2016,"Lunes",0,14:10:00,,"0.0",2,"Automóvil,Moto/Ciclomotor","Pacheco Y J.C.Casas",2,1,0,0,1,0,0,,"Calle",,"ROSARIO","Rosario","Asfalto","No existe","II","Dentro","Urbana","Ninguna","No existe","Intersección","Bueno","Buena","Diurna","Buen Tiempo","Lateral","S/D","Colisión","S/D","Faltante","Ninguna","S/D"
2016,7760,10/18/2016,"Martes",0,17:45:00,,"0.0",2,"Moto/Ciclomotor,Peatón","Bv. Avellaneda Y Gorriti",2,0,0,0,1,1,0,"-32.923345, -60.675222","Calle",,"ROSARIO","Rosario","Asfalto","S/D","II","Dentro","Urbana","S/D","S/D","Intersección","Bueno","S/D","Diurna","S/D","S/D","Peatón","Atropello","S/D","S/D","S/D","S/D"
2016,7761,10/17/2016,"Lunes",0,15:00:00,,"0.0",2,"Automóvil,Moto/Ciclomotor"," ",2,1,0,0,1,0,0,,"Calle",,"SANTA FE","La Capital","Asfalto","Pavimento","I","Dentro","Urbana","S/D","No existe","Intersección","Bueno","Buena","Diurna","Buen Tiempo","Lateral","S/D","Colisión","Material Suelto","Faltante","S/D","S/D"
2016,7762,10/20/2016,"Jueves",0,5:45:00,,"0.0",2,"Automóvil,Pickup/Utilitario","Alberdi ",3,2,0,0,1,0,0,,"Calle",,"ROSARIO","Rosario","S/D","Pavimento","II","Dentro","Urbana","S/D","Funciona","Intersección","S/D","S/D","S/D","S/D","S/D","S/D","Colisión","S/D","S/D","S/D","S/D"
2016,7763,10/9/2016,"Domingo",0,22:00:00,,"0.0",2,"Moto/Ciclomotor,Moto/Ciclomotor","Oroño Y D Izarra",2,0,2,0,0,0,0,,"Calle",,"VILLA CONSTITUCIÓN","Constitución","Asfalto","Natural","VI","Dentro","Urbana","Ninguna","No existe","Intersección","Bueno","Buena","Nocturna","Buen Tiempo","Frontal","S/D","Colisión","Ninguna","S/D","Cordón divisorio","Sin restricción"
2016,7764,10/21/2016,"Viernes",0,9:30:00,,"0.0",2,"Automóvil,Automóvil","Echeverria Bis Y Av. Luis Carballo",2,1,0,0,1,0,0,,"Calle",,"ROSARIO","Rosario","S/D","S/D","II","Dentro","Urbana","S/D","S/D","Intersección","S/D","S/D","Diurna","S/D","S/D","S/D","Colisión","S/D","S/D","S/D","S/D"
2016,7765,10/13/2016,"Jueves",0,14:00:00,"Autopista Provincial Brigadier E.López","0.0",2,"Automóvil,Moto/Ciclomotor","Acc Aut a Santa Fe Rosario ",2,1,0,0,1,0,0,,"Autopista","Brigadier E.López","SANTA FE","La Capital","Asfalto","Pavimento","I","Dentro","Rural","Ninguna","No existe","Recta","Deteriorada","Buena","Diurna","Buen Tiempo","S/D","S/D","Atropello","Ninguna","Faltante","Ninguna","Sin restricción"
2016,7766,10/7/2016,"Viernes",0,18:00:00,,"0.0",2,"Moto/Ciclomotor,Automóvil","Juan Jose de Urquiza Y Chubut",3,2,0,0,1,0,0,,"Calle",,"VILLA CONSTITUCIÓN","Constitución","Asfalto","Natural","VI","Dentro","Urbana","Ninguna","No existe","Intersección","Bueno","Buena","Diurna","Buen Tiempo","Frontal","S/D","Colisión","Ninguna","Faltante","Ninguna","Sin restricción"
2016,7767,10/23/2016,"Domingo",0,18:30:00,,"0.0",2,"Moto/Ciclomotor,Automóvil","Velez Sarsfield Y Av. Luis Carballo",2,1,0,0,1,0,0,,"Calle",,"ROSARIO","Rosario","Asfalto","S/D","II","Dentro","Urbana","S/D","S/D","Intersección","S/D","S/D","Diurna","S/D","S/D","S/D","Colisión","S/D","S/D","S/D","S/D"
2016,7768,10/8/2016,"Sabado",0,13:00:00,,"0.0",2,"Bicicleta,Automóvil","Av. Jorge Newbery Y Bv. Wilde",3,0,0,0,1,0,2,,"S/D",,"ROSARIO","Rosario","Asfalto","S/D","II","S/D","Urbana","S/D","S/D","Intersección","Bueno","S/D","Diurna","S/D","S/D","S/D","Atropello","S/D","S/D","S/D","S/D"
2016,7769,10/8/2016,"Sabado",0,9:50:00,,"0.0",2,"Automóvil,Transporte de Pasajeros Larga Distancia (Piso  y  1/2)"," ",2,1,0,0,1,0,0,,"Avenida",,"SANTA FE","La Capital","Asfalto","Pavimento","I","Dentro","Urbana","Semáforo","Funciona","Intersección","Bueno","Buena","Diurna","Buen Tiempo","S/D","S/D","Atropello","Ninguna","Horizontal","Cordón divisorio","Sin restricción"
2016,7770,10/29/2016,"Sabado",0,3:30:00,,"0.0",2,"Moto/Ciclomotor,Moto/Ciclomotor","Suiza Y Pje. Alemania",2,2,0,0,0,0,0,,"Calle",,"ROSARIO","Rosario","Asfalto","S/D","II","Dentro","Urbana","S/D","No existe","Intersección","Bueno","S/D","Nocturna","S/D","S/D","S/D","Colisión","S/D","S/D","S/D","S/D"
2016,7771,10/14/2016,"Viernes",0,17:00:00,"Ruta Nacional 33","847.0",2,"Automóvil,Automóvil"," ",2,1,0,0,1,0,0,,"Ruta",33,"PEREZ","Rosario","S/D","Ripio","II","Dentro","Urbana","Ninguna","No existe","Recta","S/D","Buena","Atardecer","S/D","De alcance","S/D","Colisión","S/D","Faltante","Línea divisoria pintada","Sin restricción"
2016,7772,10/20/2016,"Jueves",0,13:30:00,,"0.0",2,"Transporte de Pasajeros Urbano (> 8 asientos),Automóvil","Bv. Wilde Y J.B.Justo",3,1,0,0,1,0,1,,"S/D",,"ROSARIO","Rosario","S/D","S/D","II","S/D","Urbana","S/D","S/D","Intersección","S/D","S/D","Diurna","S/D","S/D","S/D","S/D","S/D","S/D","S/D","S/D"
2016,7773,10/6/2016,"Jueves",0,10:30:00,,"0.0",2,"Moto/Ciclomotor,Automóvil","Av Pte Peron Y Junin",2,1,0,0,1,0,0,,"Calle",,"SANTA FE","La Capital","Asfalto","No existe","I","Dentro","Urbana","Paso Peatonal","No existe","Intersección","Bueno","Buena","Diurna","S/D","Lateral","S/D","Colisión","Ninguna","Horizontal","Cordón divisorio","Sin restricción"
2016,7774,10/8/2016,"Sabado",0,21:45:00,,"0.0",2,"Peatón,Moto/Ciclomotor"," ",2,2,0,0,0,0,0,,"Calle",,"PEREZ","Rosario","Ripio","No existe","II","Dentro","Urbana","Ninguna","No existe","Recta","Deteriorada","Reducida","Nocturna","Buen Tiempo","S/D","Peatón","Atropello","Ninguna","Faltante","Ninguna","Sin restricción"
2016,7775,10/8/2016,"Sabado",0,22:10:00,"Ruta Nacional 33","0.0",2,"Moto/Ciclomotor,Automóvil","Sarmiento ",4,1,0,0,3,0,0,,"Ruta",33,"ROSARIO","Rosario","Asfalto","Ripio","II","Dentro","Urbana","Ninguna","No existe","Curva","S/D","Buena","Nocturna,Con luz artificial","Buen Tiempo","Lateral","S/D","Colisión","S/D","Faltante","Línea divisoria pintada","Sin restricción"
2016,7776,10/3/2016,"Lunes",0,22:20:00,,"0.0",2,"Taxi/Remis,Transporte de Pasajeros Urbano (> 8 asientos)","Av Gral Paz Y Alberti",2,1,0,0,1,0,0,,"Avenida",,"SANTA FE","La Capital","Asfalto","Pavimento","I","S/D","Urbana","Ninguna","S/D","Intersección","Bueno","Buena","Con luz artificial","Buen Tiempo","Otro","S/D","Colisión","S/D","S/D","Cordón divisorio","Sin restricción"
2016,7777,10/11/2016,"Martes",0,9:00:00,,"0.0",2,"Moto/Ciclomotor,Pickup/Utilitario","Av Pte Peron Y Junin",2,1,0,0,1,0,0,,"Avenida",,"SANTA FE","La Capital","Asfalto","No existe","I","Dentro","Urbana","Paso Peatonal","No existe","Intersección","Bueno","Buena","Diurna","Buen Tiempo","Lateral","S/D","Colisión","Ninguna","Horizontal","Cordón divisorio","Sin restricción"
2016,7778,10/3/2016,"Lunes",0,16:55:00,,"0.0",2,"Moto/Ciclomotor,Taxi/Remis","Av. Genova Y Pje. Asturias Bis",2,1,0,0,1,0,0,,"Calle",,"ROSARIO","Rosario","Asfalto","No existe","II","Dentro","Urbana","S/D","No existe","Intersección","Bueno","Buena","Diurna","Buen Tiempo","Lateral","S/D","Colisión","S/D","Faltante","Cordón divisorio","Sin restricción"
2016,7779,10/5/2016,"Miercoles",0,17:20:00,,"0.0",1,"Automóvil","Boneo Y Talcahuano",2,1,0,0,1,0,0,,"Calle",,"SANTA FE","La Capital","Asfalto","Pavimento","I","S/D","Urbana","Ninguna","No existe","Intersección","Bueno","Buena","Diurna","Buen Tiempo","Lateral","S/D","Colisión","S/D","S/D","Cordón divisorio","Sin restricción"
2016,7780,10/1/2016,"Sabado",0,20:40:00,,"0.0",2,"Moto/Ciclomotor,Automóvil","French Y Liniers",2,0,1,0,1,0,0,,"Calle",,"ROSARIO","Rosario","Asfalto","No existe","II","Dentro","Urbana","Ninguna","No existe","Recta","Bueno","Buena","Nocturna","Buen Tiempo","S/D","S/D","Colisión","S/D","Faltante","Ninguna","Sin restricción"
2016,7781,10/30/2016,"Domingo",0,22:30:00,,"0.0",2,"Moto/Ciclomotor,Moto/Ciclomotor","Hipolito Yrigoyen Y Lamadrid",2,1,0,0,1,0,0,,"Calle",,"SANTA FE","La Capital","Asfalto","No existe","I","Dentro","Urbana","Ninguna","No existe","Intersección","Bueno","Buena","Nocturna,Con luz artificial","Buen Tiempo","Lateral","S/D","Colisión","Ninguna","Faltante","Cordón divisorio","Sin restricción"