"anio_acci","nro_acci","fecha","desc_dia","fecha_aprox","hora_aprox","desc_ruta","km","cant_participantes","desc_participante","calle_avenida_km","total","heridos_leves","heridos_graves","heridos_gravisimos","ilesos","fallecidos","sin_datos","posicion_XY","desc_tipo_via","desc_ruta_ori","desc_loc","desc_dpto","desc_tipo_calzada","desc_tipo_banquina","desc_unidad_regional","desc_lugar_calzada","desc_zona","desc_prioridad","desc_estado_semaforo","desc_lugar_via","desc_estado_via","desc_estado_visibilidad","desc_luminosidad","desc_estado_clima","desc_tipo_colision","desc_tipo_atropello","desc_tipo_hecho","desc_pres_calzada","desc_senializacion","desc_separacion_via","desc_restriccion"
2016,7782,10/13/2016,"Jueves",0,14:00:00,,"0.0",2,"Automóvil,Automóvil","Av A del Valle Y Lamothe",3,3,0,0,0,0,0,,"Avenida",,"SANTA FE","La Capital","Asfalto","No existe","I","Dentro","Urbana","Ninguna","No existe","Intersección","Con baches","Reducida p/ objetos","Diurna","Buen Tiempo","Lateral","S/D","Colisión","Agua","Faltante","Ninguna","Sin restricción"
2016,7783,10/11/2016,"Martes",0,17:30:00,,"0.0",3,"Automóvil,Automóvil,Automóvil","J.J.Paso Y Av. Provincias Unidas",3,1,0,0,2,0,0,,"Calle",,"ROSARIO","Rosario","Asfalto","No existe","II","Dentro","Urbana","Ninguna","No existe","Intersección","Bueno","Buena","Diurna","Buen Tiempo","Múltiple","S/D","Colisión","S/D","Horizontal","Ninguna","Sin restricción"
2016,7784,10/1/2016,"Sabado",0,15:00:00,,"0.0",2,"Moto/Ciclomotor,Transporte de Pasajeros Urbano (> 8 asientos)","Av A del Valle Y Av Galicia",2,1,0,0,1,0,0,,"Avenida",,"SANTA FE","La Capital","Asfalto","No existe","I","Dentro","Urbana","Semáforo","Funciona","Intersección","Bueno","Buena","Diurna","Buen Tiempo","Lateral","S/D","Colisión","Otro","Horizontal,Vertical","Cordón divisorio","Sin restricción"
2016,7785,10/14/2016,"Viernes",0,10:15:00,,"0.0",1,"Moto/Ciclomotor","French 2030",2,1,0,0,1,0,0,,"Calle",,"SANTA FE","La Capital","Asfalto","No existe","I","Dentro","Urbana","Ninguna","No existe","Recta","Bueno","Buena","Diurna","Otro","S/D","S/D","Caída ocupante","Ninguna","Faltante","Ninguna","Sin restricción"
2016,7786,10/7/2016,"Viernes",0,22:40:00,,"0.0",1,"Moto/Ciclomotor"," ",1,1,0,0,0,0,0,,"Camino Rural",,"BERABEVÚ","Caseros","Tierra","No existe","IV","Dentro","Urbana","Ninguna","No existe","Recta","Ahuellamiento","Reducida","Nocturna","Buen Tiempo","S/D","S/D","Caída ocupante","Agua","Faltante","Ninguna","Sin restricción"
2016,7787,10/1/2016,"Sabado",0,13:35:00,,"0.0",2,"Automóvil,Camión Chasis","3 de Febrero Y San Jose",3,2,0,0,1,0,0,,"Calle",,"SANTA FE","La Capital","Asfalto","Pavimento","I","S/D","Urbana","Ninguna","No existe","Recta","Bueno","Buena","Diurna","Buen Tiempo","S/D","S/D","Colisión","Ninguna","S/D","Ninguna","S/D"
2016,7788,10/15/2016,"Sabado",0,1:30:00,,"0.0",1,"Moto/Ciclomotor","Av A del Valle Y Gorriti",2,1,0,0,1,0,0,,"Avenida",,"SANTA FE","La Capital","Asfalto","No existe","I","Dentro","Urbana","Semáforo","Funciona","Intersección","Con baches","Buena","Nocturna","Otro","S/D","S/D","Caída ocupante","Ninguna","Horizontal,Vertical","Ninguna","Sin restricción"
2016,7789,10/8/2016,"Sabado",0,7:30:00,,"0.0",2,"Automóvil,Automóvil","Santa Fe Y Rivadavia",2,2,0,0,0,0,0,,"Calle",,"CHABAS","Caseros","Asfalto","No existe","IV","Dentro","Urbana","Ninguna","No existe","Intersección","Bueno","Buena","Diurna","Buen Tiempo","Lateral","S/D","Colisión","Ninguna","Faltante","Ninguna","Sin restricción"
2016,7790,10/18/2016,"Martes",0,11:30:00,,"0.0",2,"Automóvil,Bicicleta","Los Nogales Y Los Alelíes",2,1,0,0,1,0,0,,"Calle",,"SANTA FE","La Capital","Asfalto,Tierra","No existe","I","Dentro","Urbana","Ninguna","No existe","Intersección","Deteriorada","Buena","Diurna","Otro","S/D","Ciclista","Atropello","Ninguna","Vertical","Ninguna","Sin restricción"
2016,7791,10/29/2016,"Sabado",0,6:30:00,,"0.0",1,"Automóvil","Italia 200",3,3,0,0,0,0,0,,"Calle",,"SANFORD","Caseros","Ripio","S/D","IV","Dentro","Urbana","Ninguna","No existe","Recta","Bueno","Buena","Diurna","Buen Tiempo","Contra objeto fijo","S/D","Colisión","S/D","Faltante","Ninguna","Sin restricción"
2016,7792,10/13/2016,"Jueves",0,11:40:00,,"0.0",1,"Moto/Ciclomotor","Juan Diaz de Solis Y Entre Rios",1,1,0,0,0,0,0,,"Calle",,"SANTA FE","La Capital","Asfalto","S/D","I","S/D","Urbana","Ninguna","S/D","Intersección","Bueno","S/D","Diurna","Buen Tiempo","S/D","S/D","Vuelco","Fluidos","Faltante","Ninguna","Sin restricción"
2016,7793,10/4/2016,"Martes",0,8:00:00,,"0.0",1,"Automóvil","Av Circunvalación ",1,0,1,0,0,0,0,,"Calle",,"SANTA FE","La Capital","Asfalto","Natural","I","S/D","Urbana","Ninguna","No existe","Recta","Bueno","Buena","Diurna","Buen Tiempo","Múltiple","S/D","Vuelco","Ninguna","Vertical","Guardarrail","Sin restricción"
2016,7794,10/8/2016,"Sabado",0,22:00:00,,"0.0",2,"Automóvil,Automóvil","Santa Clara ",2,1,0,0,1,0,0,,"Calle",,"SAN JOSÉ DE LA ESQUINA","Caseros","Tierra","Natural","IV","Dentro","Urbana","Ninguna","No existe","Recta","Con baches","Buena","Nocturna,Con luz artificial","Buen Tiempo","S/D","S/D","Colisión","Material Suelto","Faltante","Ninguna","Sin restricción"
2016,7795,10/19/2016,"Miercoles",0,13:20:00,,"0.0",2,"Automóvil,Bicicleta","Av Gral Lopez Y Av Urquiza",2,1,0,0,1,0,0,,"Avenida",,"SANTA FE","La Capital","Asfalto","No existe","I","S/D","Urbana","Ninguna","Funciona","Intersección","Con baches","Buena","Diurna","Buen Tiempo","S/D","Ciclista","Atropello","Ninguna","Faltante","Ninguna","Sin restricción"
2016,7796,10/31/2016,"Lunes",0,11:00:00,,"0.0",2,"Automóvil,Automóvil"," General Juan Las Heras Y Casado",3,0,1,0,2,0,0,,"Calle",,"CASILDA","Caseros","Asfalto","No existe","IV","Dentro","Urbana","Ninguna","No existe","Intersección","Bueno","Buena","Diurna,Con luz artificial","Buen Tiempo","Lateral","S/D","Colisión","S/D","Faltante","Ninguna","Sin restricción"
2016,7797,10/7/2016,"Viernes",0,12:00:00,,"0.0",2,"Moto/Ciclomotor,Automóvil","Vera Mujica Y Pietranera",2,1,0,0,1,0,0,,"Calle",,"SANTA FE","La Capital","Asfalto","Pavimento","I","Dentro","Urbana","Ninguna","No existe","Intersección","Bueno","Buena","Diurna","Buen Tiempo","Lateral","S/D","Colisión","Ninguna","Faltante","Ninguna","Sin restricción"
2016,7798,10/19/2016,"Miercoles",0,19:10:00,,"0.0",2,"Moto/Ciclomotor,Moto/Ciclomotor","Saavedra Y Monseñor Zaspe",2,2,0,0,0,0,0,,"S/D",,"SANTA FE","La Capital","Asfalto","No existe","I","S/D","S/D","Ninguna","No existe","Intersección","Con baches","Buena","Diurna","Buen Tiempo","Lateral","S/D","Colisión,Vuelco","Ninguna","Faltante","Ninguna","Sin restricción"
2016,7799,10/11/2016,"Martes",0,16:30:00,,"0.0",2,"Moto/Ciclomotor,Automóvil","Irigoyen Freyre ",2,1,0,0,1,0,0,,"Avenida",,"SANTA FE","La Capital","Asfalto","Pavimento","I","Dentro","Urbana","Ninguna","No existe","Curva","Bueno","Buena","Diurna","Buen Tiempo","Lateral","S/D","Colisión","Ninguna","Horizontal","Guardarrail","Sin restricción"
2016,7800,10/28/2016,"Viernes",0,9:00:00,,"0.0",2,"Moto/Ciclomotor,Pickup/Utilitario","Doctor Estanislao Zeballos Sev Y General Jose de San Martin",2,1,0,0,1,0,0,,"Calle",,"CASILDA","Caseros","Asfalto","No existe","IV","Dentro","Urbana","Ninguna","No existe","Intersección","Bueno","Buena","Diurna","Buen Tiempo","Lateral","S/D","Colisión","S/D","Faltante","Ninguna","Sin restricción"
2016,7801,10/20/2016,"Jueves",0,19:40:00,,"0.0",2,"Moto/Ciclomotor,Automóvil","Corrientes Y San Jose",2,1,0,0,1,0,0,,"Avenida",,"SANTA FE","La Capital","Asfalto","No existe","I","S/D","Urbana","Ninguna","No existe","Intersección","Con baches","Buena","Diurna","Buen Tiempo","Lateral","S/D","Colisión","Ninguna","Faltante","Ninguna","Sin restricción"
2016,7802,10/24/2016,"Lunes",0,21:35:00,,"0.0",2,"Moto/Ciclomotor,Automóvil","Esteban Echeverria Y España",3,2,0,0,1,0,0,,"Calle",,"CASILDA","Caseros","Asfalto","No existe","IV","Dentro","Urbana","Ninguna","No existe","Intersección","Bueno","Buena","Nocturna,Con luz artificial","Buen Tiempo","Lateral","S/D","Colisión","Ninguna","Faltante","Ninguna","Sin restricción"
2016,7803,10/15/2016,"Sabado",0,10:50:00,,"0.0",2,"Automóvil,Automóvil","Patricias Argentinas ",4,2,0,0,2,0,0,,"S/D",,"SANTA FE","La Capital","Asfalto","Natural","I","S/D","Urbana","Ninguna","No existe","Rotonda","Bueno","Buena","Diurna","Buen Tiempo","S/D","S/D","Colisión","Ninguna","S/D","Guardarrail","Sin restricción"
2016,7804,10/24/2016,"Lunes",0,10:30:00,,"0.0",2,"Moto/Ciclomotor,Automóvil","Entre Rios Y San Jose",2,1,0,0,0,0,1,,"Avenida",,"SANTA FE","La Capital","S/D","S/D","I","S/D","Urbana","S/D","S/D","S/D","S/D","S/D","S/D","S/D","S/D","S/D","S/D","S/D","S/D","S/D","S/D"
2016,7805,10/24/2016,"Lunes",0,18:30:00,,"0.0",2,"Bicicleta,Automóvil","Mariano Moreno Y Fray Luis Beltran",2,0,1,0,1,0,0,,"Calle",,"CASILDA","Caseros","Asfalto","No existe","IV","Dentro","Urbana","Ninguna","No existe","Recta","Bueno","Buena","Nocturna,Con luz artificial","Buen Tiempo","Lateral","Ciclista","Atropello","S/D","Vertical","Ninguna","Sin restricción"
2016,7806,10/23/2016,"Domingo",0,14:30:00,,"0.0",2,"Moto/Ciclomotor,Automóvil","General Justo Jose De Urquiza Y Mendoza",3,0,2,0,1,0,0,,"Calle",,"CASILDA","Caseros","Asfalto","No existe","IV","Dentro","Urbana","Ninguna","No existe","Intersección","Bueno","Buena","Diurna","Buen Tiempo","Lateral","S/D","Colisión","S/D","Vertical","Ninguna","Sin restricción"
2016,7807,10/20/2016,"Jueves",0,13:25:00,,"0.0",2,"Moto/Ciclomotor,Automóvil","Av J J Paso 3200",2,1,0,0,1,0,0,,"S/D",,"SANTA FE","La Capital","Asfalto","Pavimento","I","S/D","Urbana","Ninguna","No existe","Intersección","Bueno","Buena","Diurna","Buen Tiempo","Lateral","S/D","Colisión","Ninguna","Vertical","Cordón divisorio","Sin restricción"
2016,7808,10/14/2016,"Viernes",0,23:45:00,,"0.0",2,"Moto/Ciclomotor,Moto/Ciclomotor","España Y Boulevard Cristobal Colon",2,1,0,0,1,0,0,,"Calle",,"CASILDA","Caseros","Asfalto","No existe","IV","Dentro","Urbana","Ninguna","No existe","Recta","Bueno","Buena","Nocturna,Con luz artificial","Buen Tiempo","Lateral","S/D","Colisión","S/D","Faltante","Ninguna","Sin restricción"
2016,7809,10/19/2016,"Miercoles",0,10:40:00,"Ruta Secundaria 26-s","92.0",2,"Automóvil,Otros"," ",3,0,1,0,2,0,0,,"Ruta","26-s","CASILDA","Caseros","Asfalto","Natural","IV","Dentro","Urbana","Ninguna","No existe","Recta","Bueno","Buena","Diurna","Buen Tiempo","S/D","S/D","Colisión","S/D","Faltante","Ninguna","Sin restricción"
2016,7810,10/9/2016,"Domingo",0,8:15:00,,"0.0",2,"Taxi/Remis,Automóvil","Av Gral Lopez Y Saavedra",2,1,0,0,1,0,0,,"Avenida",,"SANTA FE","La Capital","Asfalto","No existe","I","S/D","Urbana","Ninguna","No existe","Intersección","Bueno","Buena","Diurna","Buen Tiempo","Lateral","S/D","Colisión","Ninguna","S/D","Ninguna","Sin restricción"
2016,7811,10/25/2016,"Martes",0,22:15:00,,"0.0",2,"Moto/Ciclomotor,Automóvil","Av Gral Lopez Y San Lorenzo",3,1,0,0,2,0,0,,"Avenida",,"SANTA FE","La Capital","Asfalto","No existe","I","Dentro","Urbana","Ninguna","No existe","Intersección","Con baches","Buena","Nocturna","Buen Tiempo","Lateral","S/D","Colisión","Ninguna","Faltante","Ninguna","Sin restricción"
2016,7812,10/14/2016,"Viernes",0,12:50:00,,"0.0",2,"Moto/Ciclomotor,Pickup/Utilitario"," Remedios de Escalada de San M Y  General Juan Las Heras",2,1,0,0,1,0,0,,"Calle",,"CASILDA","Caseros","Asfalto","No existe","IV","Dentro","Urbana","Ninguna","No existe","Intersección","Bueno","Buena","Diurna","Buen Tiempo","Lateral","S/D","Colisión","Ninguna","Vertical","Ninguna","Sin restricción"
2016,7813,10/3/2016,"Lunes",0,19:45:00,,"0.0",2,"Moto/Ciclomotor,Automóvil","Boulevard Ovidio Lagos Y Mendoza",2,1,0,0,1,0,0,,"Calle",,"CASILDA","Caseros","Asfalto","No existe","IV","Dentro","Urbana","Ninguna","No existe","Intersección","Bueno","Buena","Nocturna,Con luz artificial","Buen Tiempo","Lateral","S/D","Colisión","Ninguna","Vertical","Ninguna","Sin restricción"
2016,7814,10/9/2016,"Domingo",0,17:45:00,,"0.0",2,"Automóvil,Automóvil","Francia Y Amenabar",3,1,0,0,2,0,0,,"Calle",,"SANTA FE","La Capital","Asfalto","No existe","I","Dentro","Urbana","Ninguna","No existe","Intersección","Con baches","Buena","Diurna","Buen Tiempo","Lateral","S/D","Colisión","Ninguna","Faltante","Ninguna","Sin restricción"
2016,7815,10/26/2016,"Miercoles",0,13:30:00,,"0.0",2,"Moto/Ciclomotor,Otros","Corrientes Y Dr Zavalla",2,1,0,0,1,0,0,,"Calle",,"SANTA FE","La Capital","Asfalto","No existe","I","Dentro","Urbana","Ninguna","No existe","Intersección","Con baches,Deteriorada","Buena","Diurna","Buen Tiempo","De alcance","S/D","Colisión","Ninguna","Faltante","Ninguna","Sin restricción"
2016,7816,10/11/2016,"Martes",0,21:00:00,,"0.0",2,"Pickup/Utilitario,Moto/Ciclomotor","J J Paso Y San Lorenzo",2,1,0,0,1,0,0,,"Calle",,"SANTA FE","La Capital","Asfalto","No existe","I","Dentro","Urbana","Ninguna","No existe","Intersección","Con baches","Buena","Diurna","Buen Tiempo","Lateral","S/D","Colisión","Ninguna","Faltante","Ninguna","Sin restricción"
2016,7817,10/13/2016,"Jueves",0,17:30:00,,"0.0",3,"Automóvil,Moto/Ciclomotor,Automóvil"," ",3,2,0,0,1,0,0,,"S/D",,"SANTA FE","La Capital","Asfalto","No existe","I","S/D","Urbana","S/D","No existe","Puente","Bueno","Buena","Diurna","S/D","S/D","S/D","Colisión","Ninguna","Faltante","Ninguna","S/D"
2016,7818,10/14/2016,"Viernes",0,22:00:00,,"0.0",1,"Moto/Ciclomotor","Av Urquiza Y Uruguay",1,1,0,0,0,0,0,,"Avenida",,"SANTA FE","La Capital","Asfalto","No existe","I","S/D","Urbana","S/D","No existe","Intersección","Con baches","Buena","Diurna","S/D","S/D","S/D","Vuelco","Ninguna","Faltante","S/D","S/D"
2016,7819,10/16/2016,"Domingo",0,23:10:00,,"0.0",1,"Moto/Ciclomotor","San Juan Y Moreno",1,1,0,0,0,0,0,,"S/D",,"SANTA FE","La Capital","Asfalto","No existe","I","S/D","Urbana","Ninguna","S/D","Intersección","Con baches","Buena","Nocturna","Buen Tiempo","S/D","S/D","Vuelco","Ninguna","Faltante","Ninguna","Sin restricción"
2016,7820,10/19/2016,"Miercoles",0,1:35:00,,"0.0",2,"Automóvil,Moto/Ciclomotor"," ",3,2,0,0,1,0,0,,"Calle",,"SANTA FE","La Capital","Asfalto","No existe","I","S/D","Urbana","Ninguna","No existe","Intersección","Deteriorada","Reducida","Nocturna","Lluvia","Lateral","S/D","Colisión","Agua","Faltante","Ninguna","Sin restricción"
2016,7821,10/31/2016,"Lunes",0,9:00:00,,"0.0",2,"Peatón,Moto/Ciclomotor","Av Blas Parera Y Lavaisse",2,1,1,0,0,0,0,,"Avenida",,"SANTA FE","La Capital","Asfalto","No existe","I","Dentro","Urbana","Ninguna","No existe","Intersección","Ahuellamiento","Buena","Diurna","Buen Tiempo","S/D","Peatón","Atropello","S/D","Faltante","Cordón divisorio","Sin restricción"
2016,7822,10/14/2016,"Viernes",0,18:40:00,,"0.0",2,"Pickup/Utilitario,Moto/Ciclomotor","Iturraspe Y Francia",2,0,0,0,0,0,2,,"Calle",,"SANTA FE","La Capital","Asfalto","No existe","I","Dentro","Urbana","Otra Señal","No existe","Intersección","Bueno","Reducida","Atardecer","Buen Tiempo","Lateral","S/D","Colisión","S/D","Faltante","Cordón divisorio","Sin restricción"
2016,7823,10/15/2016,"Sabado",0,6:35:00,,"0.0",2,"Automóvil,Moto/Ciclomotor","Av Lopez y Planes Y Iturraspe",2,1,0,0,1,0,0,,"Avenida",,"SANTA FE","La Capital","Hormigón","No existe","I","Dentro","Urbana","Semáforo","Funciona","Intersección","Bueno","Reducida","Amanecer","Buen Tiempo","Lateral","S/D","Colisión","S/D","Horizontal,Vertical","Cordón divisorio,Vegetación","Sin restricción"
2016,7824,10/16/2016,"Domingo",0,10:00:00,,"0.0",2,"Pickup/Utilitario,Bicicleta","Av Lopez y Planes Y Juan Del Campillo",2,1,0,0,1,0,0,,"Calle",,"SANTA FE","La Capital","Asfalto","No existe","I","Dentro","Urbana","Otra Señal","No existe","Intersección","Bueno","Buena","Diurna","Buen Tiempo","S/D","Ciclista","Atropello","S/D","Faltante","Cordón divisorio","Sin restricción"
2016,7825,10/16/2016,"Domingo",0,20:00:00,,"0.0",2,"Automóvil,Moto/Ciclomotor","Av Blas Parera Y Llerena",3,2,0,0,1,0,0,,"Avenida",,"SANTA FE","La Capital","Asfalto,Hormigón","No existe","I","Dentro","Urbana","Otra Señal","No existe","Intersección","Bueno","Reducida","Nocturna","Buen Tiempo","Lateral","S/D","Colisión","S/D","Faltante","Cordón divisorio","Sin restricción"
2016,7826,10/17/2016,"Lunes",0,17:40:00,,"0.0",2,"Automóvil,Moto/Ciclomotor","Av Blas Parera 5300",3,1,0,0,2,0,0,,"Avenida",,"SANTA FE","La Capital","Asfalto","No existe","I","Dentro","Urbana","Otra Señal","No existe","Recta","Bueno","Buena","Diurna","Buen Tiempo","Lateral","S/D","Colisión","S/D","Faltante","Cordón divisorio,Vegetación","Sin restricción"
2016,7827,10/19/2016,"Miercoles",0,19:30:00,,"0.0",2,"Automóvil,Moto/Ciclomotor","Av Blas Parera 5800",2,2,0,0,0,0,0,,"Avenida",,"SANTA FE","La Capital","Asfalto","No existe","I","Dentro","Urbana","Otra Señal","No existe","Recta","Bueno","Reducida","Atardecer","Buen Tiempo","Lateral","S/D","Colisión","S/D","Faltante","Cordón divisorio,Vegetación","Sin restricción"
2016,7828,10/20/2016,"Jueves",0,10:20:00,,"0.0",2,"Automóvil,Moto/Ciclomotor","Av Lopez y Planes Y Martin Zapata",2,1,0,0,1,0,0,,"Avenida",,"SANTA FE","La Capital","Asfalto","No existe","I","Dentro","S/D","Semáforo","Funciona","Intersección","Bueno","Buena","Diurna","Buen Tiempo","Lateral","S/D","Colisión","S/D","Horizontal,Vertical","Barrera de hormigón","Sin restricción"
2016,7829,10/5/2016,"Miercoles",0,6:00:00,,"0.0",2,"Moto/Ciclomotor,Automóvil","Av A del Valle Y Llerena",2,1,0,0,1,0,0,,"Avenida",,"SANTA FE","La Capital","Asfalto","No existe","I","Dentro","Urbana","Semáforo","Funciona","Intersección","Bueno","Buena","Diurna","Buen Tiempo","Lateral","S/D","Colisión","Otro","Vertical","Cordón divisorio","Sin restricción"
2016,7830,10/6/2016,"Jueves",0,4:45:00,,"0.0",2,"Moto/Ciclomotor,Pickup/Utilitario","Av A del Valle Y Espora",3,2,0,0,1,0,0,,"Avenida",,"SANTA FE","La Capital","Asfalto","No existe","I","Dentro","Urbana","Semáforo","Funciona","Intersección","Bueno","Buena","Nocturna","Buen Tiempo","Lateral","S/D","Colisión","Otro","Vertical","Cordón divisorio","Sin restricción"
2016,7831,10/7/2016,"Viernes",0,17:15:00,,"0.0",2,"Moto/Ciclomotor,Automóvil","Av A del Valle Y Regis Martinez",2,1,0,0,1,0,0,,"Avenida",,"SANTA FE","La Capital","Asfalto","No existe","I","Dentro","Urbana","Ninguna","No existe","Intersección","Bueno","Buena","Diurna","Buen Tiempo","Lateral","S/D","Colisión","Otro","Faltante","Cordón divisorio","Sin restricción"
2016,7832,10/3/2016,"Lunes",0,18:15:00,,"0.0",2,"Taxi/Remis,Moto/Ciclomotor","Av Lopez y Planes Y Pedro Centeno",2,0,0,0,0,0,2,,"Calle",,"SANTA FE","La Capital","Hormigón","No existe","I","Dentro","Urbana","Semáforo","Funciona","Intersección","Bueno","Buena","Atardecer","Buen Tiempo","Lateral","S/D","Colisión","S/D","Vertical","Cordón divisorio","Sin restricción"
2016,7833,10/5/2016,"Miercoles",0,20:00:00,,"0.0",2,"Automóvil,Moto/Ciclomotor","Av Pte Peron 4500",2,1,0,0,0,0,1,,"Calle",,"SANTA FE","La Capital","Asfalto","No existe","I","Dentro","Urbana","Otra Señal","No existe","Recta","Con baches","Reducida","Nocturna","Buen Tiempo","Lateral","S/D","Colisión","S/D","Faltante","Cordón divisorio","S/D"
2016,7834,10/8/2016,"Sabado",0,8:45:00,,"0.0",2,"Moto/Ciclomotor,Automóvil","Iturraspe Y Saavedra",2,1,0,0,1,0,0,,"Calle",,"SANTA FE","La Capital","Asfalto","No existe","I","Dentro","Urbana","Otra Señal","No existe","Intersección","Deteriorada","Buena","Diurna","Buen Tiempo","Lateral","S/D","Colisión","S/D","Faltante","Cordón divisorio","Sin restricción"
2016,7835,10/8/2016,"Sabado",0,21:30:00,,"0.0",2,"Moto/Ciclomotor,Bicicleta","Av Blas Parera Y M De Polonia",3,0,0,0,0,0,3,,"Calle",,"SANTA FE","La Capital","Asfalto","No existe","I","Dentro","Urbana","Otra Señal","No existe","Intersección","Bueno","Reducida","Nocturna","Buen Tiempo","S/D","Ciclista","Atropello","S/D","Faltante","Cordón divisorio","Sin restricción"
2016,7836,10/11/2016,"Martes",0,20:00:00,,"0.0",2,"Automóvil,Moto/Ciclomotor","La Paz Y Artigas",3,0,0,0,0,0,3,,"Calle",,"SANTA FE","La Capital","Asfalto","No existe","I","Dentro","Urbana","Ninguna","No existe","Intersección","Bueno","Reducida","Nocturna","Buen Tiempo","Lateral","S/D","Colisión","S/D","Faltante","Cordón divisorio","Sin restricción"
2016,7837,10/12/2016,"Miercoles",0,11:40:00,,"0.0",1,"Transporte de Pasajeros Urbano (> 8 asientos)","Av Blas Parera Y R Godoy",2,1,0,0,0,0,1,,"Calle",,"SANTA FE","La Capital","Asfalto","No existe","I","Dentro","Urbana","Otra Señal","No existe","Intersección","Bueno","Buena","Diurna","Buen Tiempo","S/D","S/D","Caída ocupante","S/D","Faltante","Cordón divisorio","Sin restricción"
2016,7838,10/13/2016,"Jueves",0,15:20:00,,"0.0",2,"Automóvil,Moto/Ciclomotor","Iturraspe Y Av Urquiza",3,0,0,0,0,0,3,,"Calle",,"SANTA FE","La Capital","Asfalto","No existe","I","Dentro","Urbana","Otra Señal","No existe","Intersección","Ahuellamiento","Buena","Diurna","Buen Tiempo","Lateral","S/D","Colisión","S/D","Faltante","Vegetación","Sin restricción"
2016,7839,10/1/2016,"Sabado",0,,,"0.0",2,"Automóvil,Peatón"," ",2,1,0,0,1,0,0,,"S/D",,"SANTA FE","La Capital","S/D","S/D","I","S/D","S/D","S/D","S/D","S/D","S/D","S/D","S/D","S/D","S/D","Peatón","Atropello","S/D","S/D","S/D","S/D"
2016,7841,10/14/2016,"Viernes",0,15:00:00,,"0.0",2,"Camión,Moto/Ciclomotor","Av Lopez y Planes Y Iturraspe",3,0,0,0,1,0,2,,"Calle",,"SANTA FE","La Capital","Asfalto","No existe","I","Dentro","Urbana","Semáforo","Funciona","Intersección","Ahuellamiento","Buena","Diurna","Buen Tiempo","Lateral","S/D","Colisión","S/D","Horizontal,Vertical","Vegetación","Sin restricción"
2016,7842,10/14/2016,"Viernes",0,16:05:00,,"0.0",2,"Automóvil,Moto/Ciclomotor","Juan Diaz de Solis Y Gorostiaga",2,1,0,0,1,0,0,,"Calle",,"SANTA FE","La Capital","Asfalto","No existe","I","Dentro","Urbana","Ninguna","No existe","Intersección","Con baches","Buena","Diurna","Buen Tiempo","Lateral","S/D","Colisión","S/D","Faltante","Cordón divisorio","Sin restricción"
2016,7843,10/1/2016,"Sabado",1,,,"0.0",2,"Automóvil,Moto/Ciclomotor"," ",2,1,0,0,1,0,0,,"S/D",,"SANTA FE","La Capital","S/D","S/D","I","S/D","S/D","S/D","S/D","S/D","S/D","S/D","S/D","S/D","S/D","S/D","Colisión","S/D","S/D","S/D","S/D"
2016,7844,10/21/2016,"Viernes",0,16:30:00,,"0.0",2,"Automóvil,Moto/Ciclomotor","Av Blas Parera 5800",2,0,0,0,0,0,2,,"Calle",,"SANTA FE","La Capital","Asfalto","No existe","I","Dentro","Urbana","Semáforo","Funciona","Recta","Bueno","Buena","Diurna","Buen Tiempo","Lateral","S/D","Colisión","S/D","Horizontal,Vertical","Cordón divisorio","Sin restricción"
2016,7845,10/21/2016,"Viernes",0,17:30:00,,"0.0",2,"Automóvil,Bicicleta","Av Blas Parera Y Colombia",2,0,0,0,1,0,1,,"Calle",,"SANTA FE","La Capital","Asfalto","No existe","I","Dentro","Urbana","Semáforo","Funciona","Intersección","Bueno","Buena","Diurna","Buen Tiempo","Lateral","Ciclista","Atropello","S/D","Vertical","Cordón divisorio","Sin restricción"
2016,7846,10/9/2016,"Domingo",0,15:00:00,,"0.0",2,"Moto/Ciclomotor,Automóvil","Av A del Valle Y A Godoy",2,1,0,0,1,0,0,,"Avenida",,"SANTA FE","La Capital","Asfalto","No existe","I","Dentro","Urbana","Semáforo","Funciona","Intersección","Bueno","Buena","Diurna","Buen Tiempo","Lateral","S/D","Colisión","Otro","Horizontal,Vertical","Cordón divisorio","Sin restricción"
2016,7847,10/23/2016,"Domingo",0,18:35:00,,"0.0",2,"Taxi/Remis,Moto/Ciclomotor","Pedro Ferre 3300",2,0,0,0,0,0,2,,"Calle",,"SANTA FE","La Capital","Asfalto","No existe","I","Dentro","Urbana","Otra Señal","No existe","Recta","Bueno","Reducida","Atardecer","Buen Tiempo","Lateral","S/D","Colisión","S/D","Faltante","Cordón divisorio","Sin restricción"