"anio_acci","nro_acci","fecha","desc_dia","fecha_aprox","hora_aprox","desc_ruta","km","cant_participantes","desc_participante","calle_avenida_km","total","heridos_leves","heridos_graves","heridos_gravisimos","ilesos","fallecidos","sin_datos","posicion_XY","desc_tipo_via","desc_ruta_ori","desc_loc","desc_dpto","desc_tipo_calzada","desc_tipo_banquina","desc_unidad_regional","desc_lugar_calzada","desc_zona","desc_prioridad","desc_estado_semaforo","desc_lugar_via","desc_estado_via","desc_estado_visibilidad","desc_luminosidad","desc_estado_clima","desc_tipo_colision","desc_tipo_atropello","desc_tipo_hecho","desc_pres_calzada","desc_senializacion","desc_separacion_via","desc_restriccion"
2016,7848,10/24/2016,"Lunes",0,12:00:00,,"0.0",2,"Automóvil,Moto/Ciclomotor","Av Peñaloza Y Las Heras",3,0,0,0,0,0,3,,"Calle",,"SANTA FE","La Capital","Asfalto,Hormigón","No existe","I","Dentro","Urbana","Ninguna","No existe","Intersección","Bueno","Buena","Diurna","Buen Tiempo","Lateral","S/D","Colisión","S/D","Faltante","Cordón divisorio","Sin restricción"
2016,7849,10/31/2016,"Lunes",0,12:15:00,,"0.0",2,"Automóvil,Pickup/Utilitario","Av Freyre 3400",2,1,0,0,1,0,0,,"Calle",,"SANTA FE","La Capital","Asfalto","No existe","I","Dentro","Urbana","Ninguna","No existe","Recta","Bueno","Buena","Diurna","Buen Tiempo","Lateral","S/D","Colisión","S/D","Vertical","Ninguna","Sin restricción"
2016,7850,10/29/2016,"Sabado",0,17:35:00,,"0.0",2,"Moto/Ciclomotor,Automóvil","Junin Y Saavedra",3,2,0,0,1,0,0,,"Calle",,"SANTA FE","La Capital","Asfalto","No existe","I","Dentro","Urbana","Ninguna","No existe","Intersección","Bueno","Buena","Atardecer","Buen Tiempo","Lateral","S/D","Colisión","S/D","Vertical","Ninguna","Sin restricción"
2016,7851,10/26/2016,"Miercoles",0,13:00:00,,"0.0",2,"Moto/Ciclomotor,Automóvil","Av Urquiza Y Salta",2,1,0,0,1,0,0,,"Calle",,"SANTA FE","La Capital","Asfalto","No existe","I","Dentro","Urbana","Ninguna","No existe","Recta","Bueno","Buena","Diurna","Buen Tiempo","S/D","S/D","Colisión","S/D","Vertical","Ninguna","Sin restricción"
2016,7852,10/26/2016,"Miercoles",0,13:30:00,,"0.0",2,"Moto/Ciclomotor,Automóvil","Av Freyre Y Hipolito Yrigoyen",2,1,0,0,1,0,0,,"Calle",,"SANTA FE","La Capital","Asfalto","No existe","I","Dentro","Urbana","Ninguna","No existe","Intersección","Bueno","Buena","Diurna","Buen Tiempo","Lateral","S/D","Colisión","S/D","Vertical","Ninguna","Sin restricción"
2016,7853,10/21/2016,"Viernes",0,7:40:00,,"0.0",2,"Automóvil,Automóvil","Saavedra Y Junin",2,1,0,0,1,0,0,,"Calle",,"SANTA FE","La Capital","Asfalto","No existe","I","S/D","Urbana","Ninguna","No existe","Intersección","Bueno","Buena","Diurna","Buen Tiempo","Lateral","S/D","Colisión","Ninguna","Vertical","Ninguna","Sin restricción"
2016,7854,10/25/2016,"Martes",0,15:40:00,,"0.0",2,"Moto/Ciclomotor,Automóvil","Lamadrid Y Tucuman",2,1,0,0,1,0,0,,"Calle",,"SANTA FE","La Capital","Asfalto","No existe","I","Dentro","Urbana","Ninguna","No existe","Intersección","Bueno","Buena","Diurna","Buen Tiempo","Lateral","S/D","Colisión","S/D","Vertical","Ninguna","Sin restricción"
2016,7855,10/19/2016,"Miercoles",0,20:40:00,,"0.0",2,"Moto/Ciclomotor,Transporte de Pasajeros (H/ 8 asientos)","Salta Y Saavedra",2,1,0,0,1,0,0,,"Calle",,"SANTA FE","La Capital","Asfalto","S/D","I","S/D","Urbana","S/D","S/D","Intersección","Bueno","S/D","Nocturna","Buen Tiempo","Lateral","S/D","Colisión","Ninguna","Vertical","S/D","Sin restricción"
2016,7856,10/18/2016,"Martes",0,14:50:00,,"0.0",2,"Moto/Ciclomotor,Automóvil","Av Freyre 3400",2,1,0,0,1,0,0,,"Avenida",,"SANTA FE","La Capital","Asfalto","No existe","I","S/D","Urbana","Ninguna","No existe","Recta","Bueno","Buena","Diurna","Buen Tiempo","Lateral","S/D","Colisión","Ninguna","Vertical","Ninguna","Sin restricción"
2016,7857,10/21/2016,"Viernes",0,21:15:00,,"0.0",2,"Moto/Ciclomotor,Automóvil","Mendoza Y Lamadrid",2,1,0,0,1,0,0,,"Calle",,"SANTA FE","La Capital","Asfalto","No existe","I","Dentro","Urbana","Ninguna","No existe","Intersección","Bueno","Buena","Nocturna","S/D","Lateral","S/D","Colisión","S/D","Vertical","Ninguna","Sin restricción"
2016,7858,10/21/2016,"Viernes",0,13:10:00,,"0.0",2,"Moto/Ciclomotor,Automóvil","Francia Y Catamarca",2,1,0,0,1,0,0,,"Calle",,"SANTA FE","La Capital","Asfalto","No existe","I","Dentro","Urbana","Ninguna","No existe","Intersección","Bueno","Buena","Diurna","Buen Tiempo","Lateral","S/D","Colisión","S/D","Vertical","Ninguna","Sin restricción"
2016,7859,10/21/2016,"Viernes",0,9:00:00,,"0.0",2,"Moto/Ciclomotor,Pickup/Utilitario","Av Lopez y Planes 3600",2,1,0,0,1,0,0,,"Calle",,"SANTA FE","La Capital","Asfalto","No existe","I","Dentro","Urbana","Ninguna","Funciona","Recta","Bueno","Buena","Diurna","Buen Tiempo","S/D","S/D","Colisión","S/D","Vertical","Ninguna","Sin restricción"
2016,7860,10/21/2016,"Viernes",0,7:50:00,,"0.0",2,"Automóvil,Moto/Ciclomotor","Saavedra Y Junin",2,1,0,0,1,0,0,,"Calle",,"SANTA FE","La Capital","Asfalto","No existe","I","Dentro","Urbana","Ninguna","No existe","Intersección","Bueno","Buena","Diurna","Buen Tiempo","Lateral","S/D","Colisión","S/D","Faltante","Ninguna","Sin restricción"
2016,7861,10/18/2016,"Martes",0,11:30:00,,"0.0",2,"Pickup/Utilitario,Moto/Ciclomotor","Primera Junta Y Av Freyre",2,1,0,0,1,0,0,,"Avenida",,"SANTA FE","La Capital","Asfalto","No existe","I","Dentro","Urbana","Ninguna","No existe","Intersección","S/D","Buena","Diurna","Buen Tiempo","Lateral","S/D","Colisión","S/D","S/D","S/D","Sin restricción"
2016,7862,10/15/2016,"Sabado",0,23:15:00,,"0.0",2,"Moto/Ciclomotor,Automóvil","NN ",2,1,0,0,1,0,0,,"Calle",,"SANTA FE","La Capital","Asfalto","No existe","I","S/D","Urbana","Ninguna","No existe","Recta","Bueno","Buena","Nocturna","Buen Tiempo","S/D","S/D","Colisión","Ninguna","Horizontal","Ninguna","Sin restricción"
2016,7863,10/14/2016,"Viernes",0,18:00:00,,"0.0",2,"Automóvil,Bicicleta","Gdor Freyre Y Dr Zavalla",2,1,0,0,1,0,0,,"Calle",,"SANTA FE","La Capital","Asfalto","No existe","I","S/D","Urbana","Ninguna","No existe","Intersección","Bueno","Buena","Atardecer","Buen Tiempo","S/D","S/D","Atropello","Ninguna","Vertical","Ninguna","Sin restricción"
2016,7864,11/4/2016,"Viernes",0,11:25:00,"Ruta Nacional 11","611.5",2,"Peatón,Camión c / Acoplado"," ",2,0,0,0,1,1,0,"-30.375136, -60.408366","Ruta",11,"GOBERNADOR CRESPO","San Justo","Asfalto","Pavimento","XVI","Dentro","Urbana","Otra Señal","No existe","Recta","Bueno","Buena","Diurna","Buen Tiempo","S/D","Peatón","Atropello","Ninguna","Horizontal","Línea divisoria pintada","Sin restricción"
2016,7865,11/5/2016,"Sabado",0,7:30:00,,"0.0",2,"Moto/Ciclomotor,Moto/Ciclomotor","Almirante Brown Y Santa Fe",3,2,0,0,0,1,0,"-29.882865, -61.943536","Calle",,"CERES","San Cristóbal","Hormigón","No existe","XIII","Dentro","Urbana","Ninguna","No existe","Intersección","Bueno","Buena","Diurna","Buen Tiempo","Lateral","S/D","Colisión","Ninguna","Faltante","Ninguna","Sin restricción"
2016,7866,11/5/2016,"Sabado",0,0:00:00,"Ruta Nacional 33","0.0",3,"Moto/Ciclomotor,Moto/Ciclomotor,Moto/Ciclomotor","RN 33 Y A012 ",5,0,4,0,0,1,0,"-33.018434, -60.905293","Ruta",33,"ZAVALLA","Rosario","Asfalto","Natural","II","Dentro","Rural","Ninguna","No existe","Recta","Bueno","Buena","Nocturna","Buen Tiempo","Múltiple","S/D","Colisión","Ninguna","Vertical","Línea divisoria pintada","Sin restricción"
2016,7867,11/5/2016,"Sabado",0,12:30:00,,"0.0",2,"Camión c / Acoplado,Moto/Ciclomotor","R de Escalada Y Gral Lopez",3,0,0,0,1,2,0,"-34.257445, -62.713837","Calle",,"RUFINO","General López","Asfalto","S/D","VIII","Dentro","Urbana","S/D","S/D","Intersección","Bueno","S/D","Diurna","Buen Tiempo","Lateral","S/D","Colisión","Ninguna","S/D","S/D","S/D"
2016,7868,11/6/2016,"Domingo",0,23:45:00,"Ruta Provincial 4","0.5",2,"Bicicleta,Automóvil","RP N° 4 200 MTS AL OESTE DE RP N° 2 ",4,0,0,0,3,1,0,"-31.297936, -60.680273","Ruta",4,"LAGUNA PAIVA","La Capital","Asfalto","Natural","I","Dentro","Rural","Ninguna","No existe","Recta","Bueno","Reducida","Nocturna","Buen Tiempo","S/D","Ciclista","Atropello","Ninguna","Horizontal","Línea divisoria pintada","Sin restricción"
2016,7869,11/7/2016,"Lunes",0,14:00:00,"Ruta Nacional 34","239.0",5,"Camión c / Acoplado,Camión c / Acoplado,Pickup/Utilitario,Pickup/Utilitario,Camión"," ",5,4,0,0,0,1,0,"-31.094035, -61.466021","Ruta",34,"LEHMANN","Castellanos","Asfalto","Natural","V","Dentro","Rural","Ninguna","No existe","Recta","Resbaladiza","Reducida","Diurna","Otro","Frontal,Múltiple","S/D","Colisión","Agua","Faltante","Línea divisoria pintada","Sin restricción"
2016,7870,11/9/2016,"Miercoles",0,14:05:00,,"0.0",2,"Moto/Ciclomotor,Pickup/Utilitario","Calle 10 Y Calle 13",4,0,0,0,3,1,0,"-29.118408, -59.660021","Calle",,"AVELLANEDA","General Obligado","Asfalto","S/D","IX","Dentro","Urbana","S/D","Funciona","Intersección","S/D","Buena","Diurna","S/D","S/D","S/D","Colisión","S/D","S/D","Ninguna","S/D"
2016,7871,10/14/2016,"Viernes",0,16:00:00,,"0.0",2,"Automóvil,Bicicleta","Tucuman Y Gdor Freyre",2,1,0,0,1,0,0,,"Avenida",,"SANTA FE","La Capital","Asfalto","S/D","I","S/D","Urbana","Ninguna","S/D","Intersección","Bueno","S/D","Diurna","Buen Tiempo","S/D","Ciclista","Atropello","Ninguna","Vertical","Ninguna","Sin restricción"
2016,7872,10/12/2016,"Miercoles",0,19:00:00,,"0.0",2,"Automóvil,Automóvil","Vera Y Santiago de Chile",3,1,0,0,2,0,0,,"S/D",,"SANTA FE","La Capital","Asfalto","No existe","I","S/D","S/D","Ninguna","No existe","Intersección","Bueno","Buena","Atardecer","Buen Tiempo","Otro","S/D","Colisión","Ninguna","Vertical","Ninguna","Sin restricción"
2016,7873,10/11/2016,"Martes",0,11:40:00,,"0.0",2,"Moto/Ciclomotor,Automóvil","Gdor Freyre Y La Rioja",4,3,0,0,1,0,0,,"Avenida",,"SANTA FE","La Capital","S/D","S/D","I","S/D","Urbana","Ninguna","S/D","Intersección","Bueno","S/D","Diurna","Buen Tiempo","Lateral","S/D","Colisión","Ninguna","Vertical","Ninguna","Sin restricción"
2016,7874,10/10/2016,"Lunes",0,13:00:00,,"0.0",2,"Moto/Ciclomotor,Pickup/Utilitario","Av Freyre Y Junin",3,2,0,0,1,0,0,,"Avenida",,"SANTA FE","La Capital","Asfalto","No existe","I","S/D","Urbana","Ninguna","No existe","Intersección","Bueno","Buena","Diurna","Buen Tiempo","Otro","S/D","Colisión","Ninguna","Vertical","Ninguna","Sin restricción"
2016,7875,10/10/2016,"Lunes",0,8:40:00,,"0.0",2,"Moto/Ciclomotor,Pickup/Utilitario","Av Freyre Y Obispo Gelabert",2,1,0,0,1,0,0,,"Calle",,"SANTA FE","La Capital","S/D","No existe","I","S/D","Urbana","Ninguna","No existe","Intersección","Bueno","Buena","Diurna","Buen Tiempo","Lateral","S/D","Colisión","Ninguna","Vertical","Ninguna","Sin restricción"
2016,7876,10/8/2016,"Sabado",0,10:05:00,,"0.0",2,"Moto/Ciclomotor,Automóvil","Francia Y Suipacha",2,1,0,0,1,0,0,,"Calle",,"SANTA FE","La Capital","Asfalto","No existe","I","S/D","Urbana","Ninguna","No existe","Intersección","Bueno","Buena","Diurna","Buen Tiempo","Lateral","S/D","Colisión","Ninguna","Vertical","Ninguna","Sin restricción"
2016,7877,11/13/2016,"Domingo",0,3:45:00,"Ruta Nacional A012","22.5",1,"Automóvil"," ",1,0,0,0,0,1,0,"-33.056708, -60.858801","Ruta","A012","SOLDINI","Rosario","Asfalto","Ripio","II","Fuera","Rural","Ninguna","No existe","Recta","S/D","Reducida","Nocturna","Buen Tiempo","S/D","S/D","Despiste","Ninguna","Faltante","Línea divisoria pintada","Sin restricción"
2016,7878,11/15/2016,"Martes",0,7:20:00,"Ruta Nacional 11","539.3",2,"Camión Chasis,Camión c / Acoplado"," ",4,1,0,0,2,1,0,"-31.014048, -60.695691","Ruta",11,"VIDELA","San Justo","Hormigón","Natural","XVI","Dentro","Rural","Ninguna","No existe","Recta","Bueno","Buena","Diurna","Buen Tiempo","Lateral","S/D","Colisión","Ninguna","Horizontal","Ninguna","Sin restricción"
2016,7879,10/11/2016,"Martes",0,10:46:00,,"0.0",2,"Automóvil,Moto/Ciclomotor","Simon De Iriondo Y Domingo Silva",3,2,0,0,1,0,0,,"Calle",,"SANTA FE","La Capital","Asfalto","No existe","I","Dentro","Urbana","Semáforo","Funciona","Intersección","Bueno","Buena","Diurna","Buen Tiempo","S/D","S/D","Colisión","S/D","Vertical","Cordón divisorio","Sin restricción"
2016,7880,10/13/2016,"Jueves",0,10:30:00,,"0.0",2,"Moto/Ciclomotor,Taxi/Remis","J Castelli Y Av Urquiza",3,2,0,0,1,0,0,,"Calle",,"SANTA FE","La Capital","Asfalto","No existe","I","Dentro","Urbana","Ninguna","No existe","Intersección","Bueno","Buena","Diurna","Buen Tiempo","Lateral","S/D","Colisión","S/D","Faltante","Cordón divisorio","Sin restricción"
2016,7881,10/15/2016,"Sabado",0,16:20:00,,"0.0",2,"Moto/Ciclomotor,Automóvil","Av A del Valle Y Fray Mamerto Esquiu",2,1,0,0,1,0,0,,"Calle",,"SANTA FE","La Capital","Asfalto","No existe","I","Dentro","Urbana","Ninguna","No existe","Intersección","Bueno","Buena","Diurna","Buen Tiempo","Lateral","S/D","Colisión","S/D","Faltante","Cordón divisorio","Sin restricción"
2016,7882,10/19/2016,"Miercoles",0,8:00:00,,"0.0",2,"Moto/Ciclomotor,Automóvil","Martin Zapata Y San Jeronimo",3,2,0,0,1,0,0,,"Calle",,"SANTA FE","La Capital","Asfalto","No existe","I","Dentro","Urbana","Ninguna","No existe","Intersección","Bueno","Buena","Diurna","Buen Tiempo","Lateral","S/D","Colisión","S/D","Faltante","Cordón divisorio","Sin restricción"
2016,7883,10/21/2016,"Viernes",0,16:10:00,,"0.0",2,"Moto/Ciclomotor,Automóvil","Av A del Valle Y Quintana",4,1,0,0,3,0,0,,"Calle",,"SANTA FE","La Capital","Asfalto","No existe","I","Dentro","Urbana","Ninguna","No existe","Intersección","Bueno","Buena","Diurna","Buen Tiempo","Lateral","S/D","Colisión","S/D","Faltante","Cordón divisorio","Sin restricción"
2016,7884,10/26/2016,"Miercoles",0,14:00:00,,"0.0",2,"Moto/Ciclomotor,Pickup/Utilitario","San Jeronimo Y Domingo Silva",2,1,0,0,1,0,0,,"Calle",,"SANTA FE","La Capital","Asfalto","No existe","I","Dentro","Urbana","Ninguna","No existe","Intersección","Bueno","Buena","Diurna","Buen Tiempo","Lateral","S/D","Colisión","S/D","Faltante","Cordón divisorio","Sin restricción"
2016,7885,10/29/2016,"Sabado",0,23:00:00,,"0.0",2,"Moto/Ciclomotor,Automóvil","Av A del Valle Y Iturraspe",4,1,0,0,3,0,0,,"Calle",,"SANTA FE","La Capital","Asfalto","No existe","I","Dentro","Urbana","Semáforo","Funciona","Intersección","Bueno","Reducida","Nocturna","Buen Tiempo","Lateral","S/D","Colisión","S/D","Vertical","Cordón divisorio","Sin restricción"
2016,7886,10/31/2016,"Lunes",0,,,"0.0",2,"Automóvil,Automóvil","Calle 7-Sarmiento Y Calle 12 San Martin",2,1,0,0,1,0,0,,"Calle",,"RECONQUISTA","General Obligado","S/D","No existe","IX","S/D","Urbana","Ninguna","No existe","S/D","Bueno","Buena","Amanecer","Buen Tiempo","Frontal","S/D","Colisión","Ninguna","Horizontal","Ninguna","Sin restricción"
2016,7887,10/26/2016,"Miercoles",0,21:40:00,,"0.0",2,"Bicicleta,Automóvil","Santiago de Chile Y Lisandro de la Torre",2,1,0,0,1,0,0,,"Calle",,"SANTA FE","La Capital","Asfalto","Ripio","I","Dentro","Urbana","Ninguna","No existe","Intersección","Con baches","Buena","Nocturna","Buen Tiempo","Lateral","Ciclista","Atropello","S/D","Faltante","Ninguna","Sin restricción"
2016,7888,10/3/2016,"Lunes",0,9:00:00,,"0.0",2,"Bicicleta,Automóvil","Calle 6-Ituzaingo Y Calle 33-Pueyrredon",2,1,0,0,1,0,0,,"Calle",,"RECONQUISTA","General Obligado","Asfalto","No existe","IX","Dentro","Urbana","Ninguna","No existe","Intersección","Bueno","Buena","Amanecer","Buen Tiempo","S/D","S/D","Atropello","Ninguna","Faltante","Ninguna","Sin restricción"
2016,7889,10/1/2016,"Sabado",0,18:45:00,,"0.0",2,"Moto/Ciclomotor,Automóvil","Av Gral Lopez Y Av Urquiza",2,1,0,0,1,0,0,,"Calle",,"SANTA FE","La Capital","Asfalto","No existe","I","Dentro","Urbana","Ninguna","Funciona","Recta","Con baches","Buena","Diurna","Buen Tiempo","Contra objeto fijo","S/D","Colisión","Ninguna","Faltante","Ninguna","Sin restricción"
2016,7890,10/21/2016,"Viernes",0,20:30:00,,"0.0",2,"Moto/Ciclomotor,Automóvil","Calle 18 - Gral Belgrano Y Calle 15-Patricio Diez",2,1,0,0,1,0,0,,"Calle",,"RECONQUISTA","General Obligado","Asfalto","No existe","IX","Dentro","Urbana","Ninguna","No existe","Recta","Bueno","Buena","Nocturna","Buen Tiempo","Lateral","S/D","Colisión","Ninguna","Horizontal","Ninguna","Sin restricción"
2016,7891,10/5/2016,"Miercoles",0,18:10:00,,"0.0",2,"Moto/Ciclomotor,Automóvil","Av Gral Lopez Y Av Freyre",2,1,0,0,1,0,0,,"Calle",,"SANTA FE","La Capital","Asfalto","No existe","I","Dentro","Urbana","Ninguna","Funciona","Intersección","Con baches","Buena","Atardecer","Buen Tiempo","Lateral","S/D","Colisión","S/D","S/D","Ninguna","Sin restricción"
2016,7892,10/26/2016,"Miercoles",0,,,"0.0",2,"Moto/Ciclomotor,Automóvil","Calle 21-Gdor. iriondo Y Calle 26 - Bolivar",2,1,0,0,1,0,0,,"Calle",,"RECONQUISTA","General Obligado","Asfalto","No existe","IX","S/D","Urbana","Ninguna","No existe","Otro","Bueno","Buena","Amanecer","Buen Tiempo","Lateral","S/D","Colisión","Ninguna","Horizontal","Ninguna","Sin restricción"
2016,7893,10/26/2016,"Miercoles",0,,,"0.0",1,"Automóvil","Calle 18 - Gral Belgrano Y Calle 25-Rivadavia",2,1,0,0,1,0,0,,"S/D",,"RECONQUISTA","General Obligado","Asfalto","No existe","IX","S/D","S/D","Ninguna","No existe","Recta","Bueno","Buena","Atardecer","Buen Tiempo","Frontal","S/D","Colisión","Ninguna","Horizontal","Ninguna","Sin restricción"
2016,7894,10/29/2016,"Sabado",0,12:50:00,"Ruta Nacional 98","35.0",2,"Automóvil,Moto/Ciclomotor"," ",2,1,0,0,1,0,0,,"Ruta",98,"VERA","Vera","Asfalto","Natural","XIX","Dentro","Rural","Ninguna","No existe","Recta","Bueno","Buena","Diurna","Buen Tiempo","Frontal","S/D","Colisión","Ninguna","Faltante","Ninguna","Sin restricción"
2016,7895,10/20/2016,"Jueves",0,12:50:00,,"0.0",1,"Moto/Ciclomotor","Colon Y San Martin",2,2,0,0,0,0,0,,"Calle",,"VERA","Vera","S/D","No existe","XIX","Dentro","Urbana","Ninguna","No existe","Intersección","Bueno","Buena","Diurna","Buen Tiempo","S/D","S/D","Caída ocupante","Ninguna","Faltante","Ninguna","Sin restricción"
2016,7896,10/11/2016,"Martes",0,12:20:00,,"0.0",2,"Automóvil,Moto/Ciclomotor","Mitre B Y Espa±a",2,1,0,0,1,0,0,,"Calle",,"VERA","Vera","Asfalto","No existe","XIX","Dentro","Urbana","Ninguna","No existe","Intersección","Bueno","Buena","Diurna","Buen Tiempo","Frontal","S/D","Colisión","Ninguna","Faltante","Ninguna","Sin restricción"
2016,7897,10/28/2016,"Viernes",0,14:30:00,,"0.0",1,"Automóvil"," ",1,0,1,0,0,0,0,,"S/D",,"SAN JERÓNIMO SUR","San Lorenzo","Asfalto","Natural","XVII","Fuera","Rural","Ninguna","No existe","Recta","Bueno","Buena","Diurna","Buen Tiempo","S/D","S/D","Vuelco","Ninguna","Faltante","Vegetación","Sin restricción"
2016,7898,10/7/2016,"Viernes",0,6:10:00,,"0.0",2,"Moto/Ciclomotor,Automóvil","Corrientes Y San Jose",2,1,0,0,1,0,0,,"Calle",,"SANTA FE","La Capital","Asfalto","No existe","I","Dentro","Urbana","Ninguna","No existe","Intersección","Bueno","Buena","Diurna","Buen Tiempo","Lateral","S/D","Colisión","S/D","Faltante","Ninguna","Sin restricción"
2016,7899,10/12/2016,"Miercoles",0,23:00:00,,"0.0",2,"Moto/Ciclomotor,Automóvil","Calle 32 - Amenabar Y Calle 9-Mariano Moreno",2,1,0,0,1,0,0,,"Calle",,"RECONQUISTA","General Obligado","Asfalto","No existe","IX","Dentro","Urbana","Ninguna","No existe","Intersección","Bueno","Buena","Nocturna,Con luz artificial","Buen Tiempo","Frontal","S/D","Colisión","Ninguna","Vertical","Ninguna","Sin restricción"
2016,7900,10/29/2016,"Sabado",0,11:15:00,"Ruta Provincial 1","122.0",2,"Pickup/Utilitario,Camión c / Acoplado"," ",3,1,0,0,2,0,0,,"Ruta",1,"COLONIA MASCIAS","Garay","Asfalto","Natural","VII","Dentro","Rural","Ninguna","No existe","Recta","Bueno","Buena","Diurna","Buen Tiempo","S/D","S/D","Otro","Ninguna","Faltante","Línea divisoria pintada","Sin restricción"
2016,7901,10/18/2016,"Martes",0,15:30:00,,"0.0",2,"Moto/Ciclomotor,Camión Chasis"," ",3,2,0,0,1,0,0,,"Calle",,"SANTA FE","La Capital","Asfalto","No existe","I","Dentro","Urbana","Ninguna","No existe","Puente","Con baches","Buena","Diurna","Buen Tiempo","De alcance","S/D","Colisión","Ninguna","Faltante","Ninguna","Sin restricción"
2016,7902,10/8/2016,"Sabado",0,17:45:00,,"0.0",2,"Moto/Ciclomotor,Peatón","Av Gral Lopez Y Av Urquiza",2,1,0,0,1,0,0,,"Calle",,"SANTA FE","La Capital","Asfalto","No existe","I","Dentro","Urbana","Ninguna","Funciona","Intersección","Bueno","Buena","Diurna","Buen Tiempo","Lateral","Peatón","Atropello","Ninguna","Faltante","Ninguna","Sin restricción"
2016,7903,10/12/2016,"Miercoles",0,17:15:00,"Ruta Provincial 1","118.0",1,"Automóvil"," ",2,1,0,0,1,0,0,,"Ruta",1,"COLONIA MASCIAS","Garay","Asfalto","Natural","VII","Dentro","Rural","Ninguna","No existe","Recta","Resbaladiza","Buena","Diurna","Viento Fuerte","S/D","S/D","Vuelco","Agua","Vertical","Línea divisoria pintada","Sin restricción"
2016,7904,10/2/2016,"Domingo",0,6:40:00,"Ruta Provincial 1","76.5",1,"Pickup/Utilitario"," ",1,1,0,0,0,0,0,,"Ruta",1,"CAMPO DEL MEDIO","Garay","Asfalto","Natural","VII","S/D","Rural","Ninguna","No existe","Recta","Bueno","Buena","Diurna","Buen Tiempo","Contra objeto fijo","S/D","Colisión","Ninguna","Faltante","Ninguna","Sin restricción"
2016,7905,10/16/2016,"Domingo",0,21:05:00,,"0.0",2,"Automóvil,Moto/Ciclomotor","Boulevard General B Mitre Y P P Sellares",3,1,1,0,1,0,0,,"S/D",,"HELVECIA","Garay","Asfalto","Natural","VII","Dentro","Urbana","Ninguna","No existe","Intersección","Bueno","Buena","Nocturna","Buen Tiempo","Lateral","S/D","Colisión","Ninguna","Faltante","Ninguna","Sin restricción"
2016,7906,10/24/2016,"Lunes",0,20:40:00,,"0.0",2,"Moto/Ciclomotor,Moto/Ciclomotor","Lamadrid Y Gdor Crespo",3,1,0,0,2,0,0,,"Calle",,"SANTA FE","La Capital","Asfalto","No existe","I","Dentro","Urbana","Ninguna","No existe","Intersección","Bueno","Buena","Nocturna","Buen Tiempo","Lateral","S/D","Colisión","S/D","Faltante","Cordón divisorio","Sin restricción"
2016,7907,10/9/2016,"Domingo",0,5:15:00,,"0.0",2,"Moto/Ciclomotor,Vehículo Oficial","Salvador Caputo Y Juan Diaz de Solis",4,2,0,0,2,0,0,,"Calle",,"SANTA FE","La Capital","Asfalto","No existe","I","Dentro","Urbana","Ninguna","No existe","Intersección","Bueno","Buena","Nocturna","Buen Tiempo","Lateral","S/D","Colisión","S/D","Faltante","Cordón divisorio","Sin restricción"
2016,7908,10/8/2016,"Sabado",0,11:45:00,,"0.0",2,"Moto/Ciclomotor,Pickup/Utilitario","URQUIZA Y PELLEGRINI",3,2,0,0,1,0,0,,"Calle",,"SAN JUSTO","San Justo","Hormigón","No existe","XVI","Dentro","Urbana","Ninguna","No existe","Intersección","Bueno","Buena","Diurna","Buen Tiempo","Frontal","S/D","Colisión","Ninguna","Vertical","Vegetación","Sin restricción"
2016,7909,10/6/2016,"Jueves",0,13:00:00,,"0.0",1,"Bicicleta","Bv C Pellegrini ",1,1,0,0,0,0,0,,"Calle",,"SAN JUSTO","San Justo","Hormigón","S/D","XVI","Fuera","Urbana","Semáforo","Funciona","S/D","S/D","Buena","Diurna","Buen Tiempo","Contra objeto fijo","S/D","Colisión","Ninguna","Faltante","S/D","Sin restricción"
2016,7910,10/20/2016,"Jueves",0,17:00:00,,"0.0",2,"Bicicleta,Automóvil","9 de Julio Y Av Iriondo",2,0,1,0,1,0,0,,"Calle",,"SAN JUSTO","San Justo","Asfalto","No existe","XVI","Dentro","Urbana","Semáforo","Funciona","Intersección","Bueno","Buena","Diurna","Buen Tiempo","S/D","S/D","Atropello","Ninguna","Vertical","Ninguna","Sin restricción"
2016,7911,10/7/2016,"Viernes",0,15:30:00,,"0.0",2,"Peatón,Automóvil","Av Urquiza Y Gdor Crespo",3,2,0,0,1,0,0,,"Calle",,"SANTA FE","La Capital","Asfalto","S/D","I","Dentro","Urbana","Ninguna","S/D","Intersección","Bueno","Buena","Diurna","Buen Tiempo","S/D","Peatón","Atropello","S/D","S/D","Ninguna","Sin restricción"
2016,7912,10/21/2016,"Viernes",0,22:20:00,"Ruta Nacional 11","562.0",2,"Automóvil,Camión"," ",2,1,0,0,1,0,0,,"Ruta",11,"SAN JUSTO","San Justo","Asfalto","Natural","XVI","Dentro","Rural","Ninguna","No existe","Curva","Bueno","Reducida","Nocturna","Buen Tiempo","Frontal","S/D","Colisión","S/D","Horizontal","Línea divisoria pintada","Sin restricción"