"anio_acci","nro_acci","fecha","desc_dia","fecha_aprox","hora_aprox","desc_ruta","km","cant_participantes","desc_participante","calle_avenida_km","total","heridos_leves","heridos_graves","heridos_gravisimos","ilesos","fallecidos","sin_datos","posicion_XY","desc_tipo_via","desc_ruta_ori","desc_loc","desc_dpto","desc_tipo_calzada","desc_tipo_banquina","desc_unidad_regional","desc_lugar_calzada","desc_zona","desc_prioridad","desc_estado_semaforo","desc_lugar_via","desc_estado_via","desc_estado_visibilidad","desc_luminosidad","desc_estado_clima","desc_tipo_colision","desc_tipo_atropello","desc_tipo_hecho","desc_pres_calzada","desc_senializacion","desc_separacion_via","desc_restriccion"
2016,7913,10/6/2016,"Jueves",0,11:15:00,,"0.0",2,"Automóvil,Moto/Ciclomotor","Junin Y Av Pte Peron",2,1,0,0,1,0,0,,"Calle",,"SANTA FE","La Capital","Asfalto","No existe","I","Dentro","Urbana","Ninguna","No existe","Intersección","Bueno","Buena","Diurna","Buen Tiempo","Lateral","S/D","Colisión","S/D","Vertical","Ninguna","Sin restricción"
2016,7914,10/4/2016,"Martes",0,19:00:00,,"0.0",2,"Automóvil,Moto/Ciclomotor","Av Freyre Y Junin",2,1,0,0,1,0,0,,"Calle",,"SANTA FE","La Capital","Asfalto","No existe","I","Dentro","Urbana","Ninguna","No existe","Intersección","Bueno","Buena","Atardecer","Buen Tiempo","Lateral","S/D","Colisión","S/D","Vertical","Ninguna","Sin restricción"
2016,7915,10/2/2016,"Domingo",0,,,"0.0",2,"Automóvil,Moto/Ciclomotor","Salta Y Juan Diaz de Solis",3,2,0,0,1,0,0,,"Calle",,"SANTA FE","La Capital","Asfalto","No existe","I","Dentro","Urbana","Ninguna","No existe","Intersección","Bueno","Buena","S/D","Buen Tiempo","Lateral","S/D","Colisión","S/D","Vertical","Ninguna","Sin restricción"
2016,7916,10/1/2016,"Sabado",0,14:45:00,,"0.0",2,"Moto/Ciclomotor,Automóvil","Av Lopez y Planes Y Mariano Comas",2,1,0,0,1,0,0,,"Calle",,"SANTA FE","La Capital","Asfalto","No existe","I","Dentro","Urbana","Ninguna","Funciona","Recta","Bueno","Buena","Diurna","Buen Tiempo","Lateral","S/D","Colisión","S/D","Vertical","Ninguna","Sin restricción"
2016,7917,11/26/2016,"Sabado",0,10:20:00,,"0.0",2,"Automóvil,Moto/Ciclomotor","Islas Malvinas Y Av Argentina",2,1,0,0,1,0,0,,"Calle",,"ESPERANZA","Las Colonias","Asfalto","Pavimento","XI","Dentro","Urbana","Ninguna","Funciona","Intersección","Bueno","Buena","Diurna","Buen Tiempo","Lateral","S/D","Colisión","S/D","Vertical","Línea divisoria pintada","Sin restricción"
2016,7918,11/21/2016,"Lunes",0,6:50:00,"Ruta Provincial 4","89.0",2,"Camión c / Acoplado,Camión c / Acoplado"," ",2,1,0,0,1,0,0,,"Ruta",4,"ELISA","Las Colonias","Asfalto","Natural","XI","Dentro","Urbana","Ninguna","No existe","Recta","Ahuellamiento","Buena","Amanecer","Buen Tiempo","De alcance","S/D","Colisión","Ninguna","Horizontal,Vertical","Línea divisoria pintada","Sin restricción"
2016,7919,11/6/2016,"Domingo",0,20:30:00,,"0.0",2,"Moto/Ciclomotor,Pickup/Utilitario","San Martin Y 1 de Mayo",2,1,0,0,1,0,0,,"Calle",,"SAN CARLOS SUR","Las Colonias","Asfalto","No existe","XI","Dentro","Urbana","Ninguna","No existe","Intersección","Bueno","Buena","Nocturna","Buen Tiempo","Lateral","S/D","Colisión","S/D","Vertical","Cordón divisorio","Sin restricción"
2016,7920,11/25/2016,"Viernes",0,18:10:00,,"0.0",2,"Automóvil,Moto/Ciclomotor","Salta Y Moreno",2,0,1,0,1,0,0,,"Calle",,"LAS ROSAS","Belgrano","Ripio","Pavimento","III","Dentro","Urbana","S/D","No existe","Intersección","Bueno","Buena","Diurna","Buen Tiempo","Lateral","S/D","Colisión","Ninguna","Horizontal","Ninguna","Sin restricción"
2016,7921,11/17/2016,"Jueves",0,13:15:00,,"0.0",2,"Moto/Ciclomotor,Automóvil","Entre Rios Y Gral Roca",2,1,0,0,1,0,0,,"Calle",,"LAS ROSAS","Belgrano","Asfalto","Pavimento","III","Dentro","Urbana","Ninguna","No existe","Intersección","Bueno","Buena","Diurna","Buen Tiempo","Lateral","S/D","Colisión","S/D","Vertical","S/D","Sin restricción"
2016,7922,11/30/2016,"Miercoles",0,12:30:00,,"0.0",2,"Automóvil,Moto/Ciclomotor","Belgrano Y Cerrito",2,0,1,0,1,0,0,,"Calle",,"LAS ROSAS","Belgrano","Asfalto","Pavimento","III","Dentro","Urbana","Ninguna","No existe","Intersección","Bueno","Buena","Diurna","Buen Tiempo","Lateral","S/D","Colisión","Ninguna","Vertical","Ninguna","Sin restricción"
2016,7923,11/5/2016,"Sabado",0,20:30:00,,"0.0",2,"Peatón,Moto/Ciclomotor","Avenida 21 Y Calle 22",3,2,1,0,0,0,0,,"Avenida",,"LAS PAREJAS","Belgrano","Asfalto","No existe","III","Dentro","Urbana","Policía de tránsito","No existe","Intersección","Bueno","Buena","Nocturna,Con luz artificial","Buen Tiempo","S/D","Peatón","Atropello","Ninguna","Faltante","Ninguna","Sin restricción"
2016,7924,11/11/2016,"Viernes",0,10:00:00,,"0.0",2,"Automóvil,Moto/Ciclomotor","Avenida 18 Y Calle 19",2,1,0,0,1,0,0,,"Avenida",,"LAS PAREJAS","Belgrano","Asfalto","S/D","II","Dentro","Urbana","Ninguna","No existe","Intersección","Bueno","Buena","Diurna","Buen Tiempo","Lateral","S/D","Colisión","Ninguna","Vertical","Cordón divisorio","Sin restricción"
2016,7925,10/27/2016,"Jueves",0,10:00:00,,"0.0",2,"Bicicleta,Otros","9 de Julio Y Gral Urquiza",2,1,0,0,1,0,0,,"Calle",,"SAN JUSTO","San Justo","Asfalto","No existe","XVI","Dentro","Urbana","Ninguna","No existe","Intersección","Bueno","Buena","Diurna","Buen Tiempo","S/D","Ciclista","Atropello","S/D","Horizontal","Ninguna","Sin restricción"
2016,7926,10/29/2016,"Sabado",0,11:30:00,,"0.0",2,"Pickup/Utilitario,Moto/Ciclomotor","Bv Justo Jose de Urquiza Y San Juan",2,0,1,0,1,0,0,,"Calle",,"HUMBERTO 1°","Castellanos","Hormigón","No existe","V","Dentro","Urbana","Ninguna","No existe","Recta","Bueno","Buena","Diurna","Buen Tiempo","Lateral","S/D","Colisión","S/D","S/D","Cordón divisorio","Sin restricción"
2016,7927,10/27/2016,"Jueves",0,16:15:00,"Ruta Nacional 34","0.0",2,"Automóvil,Moto/Ciclomotor","San Juan ",3,0,2,0,1,0,0,,"Ruta",34,"SUNCHALES","Castellanos","Asfalto","Ripio","V","Dentro","Urbana","Otra Señal","No existe","Intersección","Bueno","Buena","Diurna","Buen Tiempo","Frontal","S/D","Colisión","Material Suelto","Horizontal,Vertical","Línea divisoria pintada","Obra en Construcción"
2016,7928,11/12/2016,"Sabado",0,1:45:00,,"0.0",2,"Automóvil,Moto/Ciclomotor","Avenida 18 Y Calle 9",2,1,0,0,1,0,0,,"Avenida",,"LAS PAREJAS","Belgrano","Asfalto","No existe","III","Dentro","Urbana","Señal Pare","No existe","Intersección","Bueno","Buena","Nocturna","Buen Tiempo","Lateral","S/D","Colisión","Ninguna","Vertical","Ninguna","Sin restricción"
2016,7929,11/28/2016,"Lunes",0,17:20:00,,"0.0",2,"Moto/Ciclomotor,Automóvil","Calle 20 Y Avenida 21",2,1,0,0,1,0,0,,"Avenida",,"LAS PAREJAS","Belgrano","Asfalto","No existe","III","Dentro","Urbana","Ninguna","No existe","Intersección","Deteriorada","Buena","Diurna","Buen Tiempo","Lateral","S/D","Colisión","Ninguna","Faltante","Cordón divisorio","Sin restricción"
2016,7930,11/23/2016,"Miercoles",0,21:30:00,,"0.0",2,"Moto/Ciclomotor,Automóvil","Calle 23 Y Calle 16",2,0,1,0,1,0,0,,"Calle",,"LAS PAREJAS","Belgrano","Asfalto","No existe","III","Dentro","Urbana","S/D","No existe","Intersección","Bueno","Reducida","Nocturna","Buen Tiempo","Lateral","S/D","Colisión","Ninguna","S/D","S/D","Sin restricción"
2016,7931,11/19/2016,"Sabado",0,16:50:00,,"0.0",2,"Moto/Ciclomotor,Moto/Ciclomotor","Calle 6 Y Calle 27",2,1,0,0,1,0,0,,"Calle",,"LAS PAREJAS","Belgrano","Ripio","No existe","III","Dentro","Urbana","S/D","No existe","Intersección","Bueno","Buena","Diurna","Buen Tiempo","Lateral","S/D","Colisión","Ninguna","Faltante","Ninguna","S/D"
2016,7932,10/20/2016,"Jueves",0,14:00:00,,"0.0",2,"Automóvil,Moto/Ciclomotor","Dean Funes Y Aconcagua",2,1,0,0,1,0,0,,"Calle",,"RAFAELA","Castellanos","Asfalto","No existe","V","Dentro","Urbana","Ninguna","No existe","Intersección","Bueno","Buena","Diurna","Buen Tiempo","Frontal","S/D","Colisión","Material Suelto","Faltante","Ninguna","Sin restricción"
2016,7933,10/12/2016,"Miercoles",0,22:46:00,"Ruta Nacional 34","0.0",2,"Automóvil,Moto/Ciclomotor","Gabriel Maggi ",2,1,0,0,1,0,0,,"Ruta",34,"RAFAELA","Castellanos","Asfalto","Pavimento","V","Dentro","Urbana","Semáforo","Funciona","Intersección","Bueno","Buena","Nocturna,Con luz artificial","Buen Tiempo","Lateral","Peatón","Atropello","S/D","S/D","Línea divisoria pintada","Sin restricción"
2016,7934,10/30/2016,"Domingo",0,16:50:00,,"0.0",2,"Moto/Ciclomotor,Moto/Ciclomotor","Av Italia Y I Arias",2,0,1,0,1,0,0,,"Calle",,"RAFAELA","Castellanos","Ripio","Ripio","V","Dentro","Urbana","Ninguna","No existe","Intersección","Bueno","Buena","Diurna","Buen Tiempo","Lateral","S/D","Colisión","S/D","Faltante","Cordón divisorio","Sin restricción"
2016,7935,10/18/2016,"Martes",0,22:30:00,,"0.0",2,"Automóvil,Moto/Ciclomotor","Lehmann 100",3,0,1,0,2,0,0,,"Calle",,"HUMBERTO 1°","Castellanos","Asfalto","Pavimento","V","Dentro","Urbana","Ninguna","No existe","Recta","Bueno","Buena","Nocturna","Buen Tiempo","Lateral","S/D","Colisión","Ninguna","Faltante","S/D","Sin restricción"
2016,7936,10/12/2016,"Miercoles",0,15:30:00,,"0.0",2,"Pickup/Utilitario,Moto/Ciclomotor","J Galvez Y C Mognaschi",2,1,0,0,1,0,0,,"Calle",,"RAFAELA","Castellanos","Asfalto","No existe","V","Dentro","Urbana","Ninguna","No existe","Intersección","Bueno","Buena","Diurna","Buen Tiempo","Lateral","S/D","Colisión","S/D","Faltante","Ninguna","Sin restricción"
2016,7937,10/29/2016,"Sabado",0,19:20:00,,"0.0",2,"Automóvil,Moto/Ciclomotor","Av Italia Y Bv Jaime Ferre",2,1,0,0,1,0,0,,"Calle",,"RAFAELA","Castellanos","Asfalto","No existe","V","Dentro","Urbana","Ninguna","No existe","Intersección","Bueno","Buena","Atardecer","Buen Tiempo","Lateral","S/D","Colisión","S/D","Faltante","Ninguna","Sin restricción"
2016,7938,11/19/2016,"Sabado",0,15:40:00,"Ruta Provincial 70","33.0",2,"Automóvil,Transporte de Pasajeros Urbano (> 8 asientos)"," ",5,4,0,0,1,0,0,,"Ruta",70,"HUMBOLDT","Las Colonias","Asfalto","Natural","XI","Dentro","Urbana","Ninguna","No existe","Recta","Bueno","Buena","Diurna","Buen Tiempo","Lateral","S/D","Colisión","Ninguna","Horizontal,Vertical","Línea divisoria pintada","Sin restricción"
2016,7939,11/27/2016,"Domingo",0,12:15:00,"Ruta Provincial 68","0.0",2,"Moto/Ciclomotor,Pickup/Utilitario"," ",3,1,0,0,2,0,0,,"Ruta",68,"RIVADAVIA","Las Colonias","Asfalto","Natural","XI","Dentro","Rural","Ninguna","No existe","Recta","Bueno","Buena","Diurna","Buen Tiempo","Lateral","S/D","Colisión","Ninguna","Faltante","Ninguna","Sin restricción"
2016,7940,11/20/2016,"Domingo",0,23:00:00,,"0.0",2,"Moto/Ciclomotor,Automóvil","Av Brasil Y Lavalle",2,1,0,0,1,0,0,,"Avenida",,"RAFAELA","Castellanos","Asfalto","No existe","V","S/D","Urbana","Ninguna","No existe","Intersección","Bueno","Buena","Nocturna","Buen Tiempo","Lateral","S/D","Colisión","Ninguna","Faltante","Ninguna","Sin restricción"
2016,7941,11/12/2016,"Sabado",0,1:00:00,,"0.0",2,"Moto/Ciclomotor,Moto/Ciclomotor","San Martin Y Saavedra",3,3,0,0,0,0,0,,"Calle",,"FRANCK","Las Colonias","Asfalto","Pavimento","XI","Dentro","Urbana","Ninguna","No existe","Intersección","Bueno","Buena","Nocturna,Con luz artificial","Buen Tiempo","Frontal","S/D","Colisión","S/D","Horizontal","Cordón divisorio","Sin restricción"
2016,7942,11/12/2016,"Sabado",0,11:36:00,,"0.0",2,"Moto/Ciclomotor,Moto/Ciclomotor","Los Andes Y San Martin",2,1,1,0,0,0,0,,"Calle",,"FRANCK","Las Colonias","Ripio","Ripio","XI","Dentro","Rural","Ninguna","No existe","Intersección","S/D","Buena","Diurna","Buen Tiempo","De alcance","S/D","Colisión","Ninguna","Faltante","Ninguna","Sin restricción"
2016,7943,11/27/2016,"Domingo",0,4:55:00,"Ruta Provincial 6","0.0",1,"Pickup/Utilitario"," ",2,2,0,0,0,0,0,,"Ruta",6,"FRANCK","Las Colonias","Asfalto","No existe","XI","Dentro","Urbana","Ninguna","No existe","Recta","Bueno","Buena","Diurna","Buen Tiempo","Contra objeto fijo","S/D","Colisión","S/D","Horizontal","Ninguna","Sin restricción"
2016,7944,11/2/2016,"Miercoles",0,14:50:00,,"0.0",2,"Moto/Ciclomotor,Automóvil","Sarmiento Y 1ro de Mayo",3,1,1,0,1,0,0,,"Calle",,"SAN CARLOS CENTRO","Las Colonias","Asfalto","No existe","XI","Dentro","Urbana","Ninguna","No existe","Intersección","Bueno","Buena","Diurna","Buen Tiempo","S/D","S/D","Colisión","Ninguna","Faltante","Ninguna","Sin restricción"
2016,7945,11/21/2016,"Lunes",0,13:00:00,,"0.0",2,"Moto/Ciclomotor,Automóvil","M Ghandi Y Alfonsina Storni",3,2,0,0,1,0,0,,"Calle",,"RAFAELA","Castellanos","Asfalto","No existe","V","Dentro","Urbana","Ninguna","No existe","Intersección","Bueno","Buena","Diurna","Buen Tiempo","Lateral","S/D","Colisión","Ninguna","Faltante","Ninguna","Sin restricción"
2016,7946,11/14/2016,"Lunes",0,23:00:00,,"0.0",2,"Bicicleta,Moto/Ciclomotor","Mitre Y San Lorenzo",2,1,0,0,1,0,0,,"Calle",,"SAN CARLOS CENTRO","Las Colonias","Asfalto","S/D","XI","Dentro","Urbana","Ninguna","No existe","Intersección","Bueno","Reducida","Nocturna","Buen Tiempo","Lateral","Ciclista","Atropello","Ninguna","Vertical","Ninguna","Sin restricción"
2016,7947,11/17/2016,"Jueves",0,11:00:00,,"0.0",2,"Bicicleta,Camión Chasis","Sarmiento Y E Wuthrich",2,1,0,0,1,0,0,,"Calle",,"SAN CARLOS CENTRO","Las Colonias","Asfalto","No existe","XI","Dentro","Urbana","Ninguna","No existe","Intersección","Bueno","Buena","Diurna","Buen Tiempo","Lateral","Ciclista","Atropello","S/D","Horizontal,Vertical","Línea divisoria pintada","Sin restricción"
2016,7948,11/21/2016,"Lunes",0,20:30:00,,"0.0",2,"Moto/Ciclomotor,Bicicleta","Av Aristobulo del Valle 2040",2,2,0,0,0,0,0,,"Avenida",,"RAFAELA","Castellanos","Asfalto","No existe","V","Dentro","Urbana","Ninguna","No existe","Recta","Bueno","Buena","Atardecer","Buen Tiempo","S/D","Ciclista","Atropello","Ninguna","Faltante","Cordón divisorio","Sin restricción"
2016,7949,11/25/2016,"Viernes",0,15:00:00,,"0.0",2,"Moto/Ciclomotor,Automóvil","25 de Mayo Y Saavedra",2,0,1,0,1,0,0,,"Calle",,"SAN CARLOS CENTRO","Las Colonias","Asfalto","No existe","XI","Dentro","Urbana","Ninguna","No existe","Intersección","Bueno","Buena","Nocturna","Buen Tiempo","Lateral","S/D","Colisión","S/D","Vertical","Ninguna","Sin restricción"
2016,7950,11/16/2016,"Miercoles",0,12:00:00,"Autopista Nacional Rosario -Cordoba","326.0",1,"Automóvil"," ",1,0,1,0,0,0,0,,"Autopista","Rosario -Cordoba","SAN JERÓNIMO SUR","San Lorenzo","Asfalto","Natural","XVII","Fuera","Rural","Ninguna","No existe","Recta","Bueno","Reducida","Diurna","Lluvia","S/D","S/D","Vuelco","Ninguna","Horizontal,Vertical","Vegetación","Sin restricción"
2016,7951,11/24/2016,"Jueves",0,5:00:00,,"0.0",2,"Camión Chasis,Moto/Ciclomotor","Almafuerte Y San Martin",2,1,0,0,1,0,0,,"Calle",,"SAN CARLOS CENTRO","Las Colonias","Asfalto","S/D","XI","Dentro","Urbana","Semáforo","Intermitente","Intersección","Bueno","Buena","Diurna","Buen Tiempo","Frontal","S/D","Colisión","Ninguna","Horizontal,Vertical","Ninguna","Sin restricción"
2016,7952,11/18/2016,"Viernes",0,6:40:00,,"0.0",1,"Moto/Ciclomotor","Calle 25 Y Avenida 21",1,1,0,0,0,0,0,,"Avenida",,"LAS PAREJAS","Belgrano","Asfalto","No existe","III","Dentro","Urbana","Ninguna","No existe","Intersección","Bueno","Buena","Diurna","Buen Tiempo","S/D","S/D","Caída ocupante","Ninguna","Faltante","Ninguna","Sin restricción"
2016,7953,11/11/2016,"Viernes",0,5:40:00,"Ruta Nacional 9","337.0",2,"Camión c / Acoplado,Camión c / Acoplado"," ",2,1,0,0,1,0,0,,"Ruta",9,"SAN JERÓNIMO SUR","San Lorenzo","Asfalto","Natural","XVI","S/D","Rural","Ninguna","No existe","Recta","Bueno","Buena","Amanecer","Buen Tiempo","Lateral","S/D","Colisión","Ninguna","Faltante","Línea divisoria pintada","Sin restricción"
2016,7954,11/10/2016,"Jueves",0,21:00:00,,"0.0",2,"Tren,Automóvil","Paraguay 100",2,1,0,0,1,0,0,,"Calle",,"ARMSTRONG","Belgrano","Ripio","No existe","III","Dentro","Urbana","Ninguna","No existe","Paso a Nivel FFCC","Bueno","Buena","Nocturna","Buen Tiempo","Lateral","S/D","Colisión","Ninguna","Horizontal,Vertical","Guardarrail","Sin restricción"
2016,7955,11/3/2016,"Jueves",0,12:50:00,"Ruta Nacional 11","0.0",2,"Automóvil,Pickup/Utilitario","Franciscanos ",2,1,0,0,1,0,0,,"Ruta",11,"SAN LORENZO","San Lorenzo","Asfalto","Natural","XVI","S/D","Urbana","S/D","No existe","Recta","Bueno","Buena","Diurna","S/D","Lateral","S/D","Colisión","Ninguna","S/D","S/D","S/D"
2016,7956,11/16/2016,"Miercoles",0,16:35:00,,"0.0",2,"Automóvil,Automóvil","Simon de Iriondo Y Colon",3,0,1,0,2,0,0,,"Calle",,"ESPERANZA","Las Colonias","Asfalto","S/D","XI","Dentro","Urbana","Ninguna","No existe","Intersección","Bueno","Buena","Diurna","Lluvia","S/D","S/D","Colisión","S/D","S/D","S/D","Sin restricción"
2016,7957,11/27/2016,"Domingo",0,4:15:00,"Autopista Nacional Rosario -Cordoba","387.0",2,"Pickup/Utilitario,Transporte de Pasajeros Larga Distancia (Doble Piso)"," ",3,1,1,0,1,0,0,,"Autopista","Rosario -Cordoba","TORTUGAS","Belgrano","Hormigón","Pavimento","III","Dentro","Rural","Marca Vial","No existe","Intersección","Bueno","Buena","Nocturna","Buen Tiempo","De alcance","S/D","Colisión","Ninguna","S/D","Vegetación","Sin restricción"
2016,7958,11/19/2016,"Sabado",0,15:30:00,,"0.0",2,"Moto/Ciclomotor,Automóvil","Bv Santa Fe 540",2,1,0,0,1,0,0,,"Calle",,"RAFAELA","Castellanos","Hormigón","No existe","V","Dentro","Urbana","Ninguna","Funciona","Intersección","Bueno","Buena","Diurna","Buen Tiempo","S/D","S/D","Colisión","S/D","Vertical","S/D","Sin restricción"
2016,7959,11/15/2016,"Martes",0,20:20:00,"Ruta Provincial 2","352.5",2,"Camión c / Acoplado,Moto/Ciclomotor"," ",3,1,0,0,1,1,0,"-29.234097310096,-61.782713546483","Ruta",2,"TOSTADO","9 de Julio","Hormigón","Natural","XII","S/D","Urbana","Ninguna","No existe","Recta","Bueno","Reducida","Nocturna","Buen Tiempo","Lateral","S/D","Colisión","Ninguna","Faltante","Ninguna","Sin restricción"
2016,7960,11/16/2016,"Miercoles",0,3:20:00,"Autopista Nacional Gral. Juan Jose Valle","239.0",2,"Pickup/Utilitario,Camión Chasis"," ",2,0,0,0,1,1,0,"-33.322137323231,-60.315665419646","Autopista","Gral. Juan Jose Valle","THEOBALD","Constitución","Asfalto","Natural","VI","Dentro","Urbana","Ninguna","No existe","Recta","Bueno","Reducida polvo","Nocturna","Lluvia","Frontal","S/D","Colisión","Agua","S/D","Ninguna","Sin restricción"
2016,7961,11/18/2016,"Viernes",0,15:15:00,"Ruta Nacional 9","350.0",1,"Pickup/Utilitario","RN9 Y ANTARTIDA ARGENTINA ",2,1,0,0,0,1,0,"-32.865350, -61.134278","Ruta",9,"CARCARAÑÁ","San Lorenzo","Asfalto","Natural","XVII","Fuera","Urbana","Marca Vial","No existe","Recta","Bueno","Buena","Diurna","Buen Tiempo","S/D","S/D","Vuelco","Ninguna","Horizontal,Vertical","Línea divisoria pintada","Sin restricción"
2016,7962,11/9/2016,"Miercoles",0,20:00:00,,"0.0",2,"Automóvil,Moto/Ciclomotor","Silverio Cordoba Y General Lopez",2,1,0,0,1,0,0,,"Calle",,"SAN LORENZO","San Lorenzo","Asfalto","No existe","XVII","S/D","Urbana","S/D","No existe","Intersección","Bueno","Buena","Nocturna","Buen Tiempo","Lateral","S/D","Colisión","Ninguna","S/D","S/D","Sin restricción"
2016,7963,11/5/2016,"Sabado",0,7:05:00,,"0.0",2,"Moto/Ciclomotor,Automóvil","Irigoyen Y Luna",2,1,0,0,1,0,0,,"Calle",,"SAN LORENZO","San Lorenzo","Asfalto","S/D","XVII","S/D","Urbana","S/D","No existe","Intersección","Bueno","Buena","Diurna","Buen Tiempo","Lateral","S/D","Colisión","Ninguna","S/D","S/D","S/D"
2016,7964,11/1/2016,"Martes",0,17:50:00,,"0.0",2,"Moto/Ciclomotor,Peatón","Av. Wheelwright Y Mariano Moreno",2,1,0,0,1,0,0,,"Calle",,"ROSARIO","Rosario","Asfalto","Pavimento","II","Dentro","Urbana","Semáforo","Funciona","Intersección","Bueno","Buena","Diurna","Buen Tiempo","S/D","Peatón","Atropello","Ninguna","Vertical","Ninguna","Sin restricción"
2016,7965,11/12/2016,"Sabado",0,2:30:00,,"0.0",2,"Moto/Ciclomotor,Pickup/Utilitario","Av San Martin Y Cayetano Silva",3,2,0,0,1,0,0,,"Avenida",,"SAN LORENZO","San Lorenzo","Asfalto","No existe","XVII","S/D","Urbana","S/D","S/D","Recta","Bueno","S/D","Nocturna","Buen Tiempo","Lateral","S/D","Colisión","Ninguna","S/D","S/D","S/D"
2016,7966,11/1/2016,"Martes",0,4:40:00,"Autopista Nacional Rosario -Cordoba","330.0",2,"Camión c / Semirremolque,Camión Chasis"," ",4,0,0,0,1,0,3,,"Autopista","Rosario -Cordoba","SAN JERÓNIMO SUR","San Lorenzo","Asfalto","Natural","XVII","S/D","Rural","Ninguna","No existe","Recta","Bueno","S/D","Nocturna","Lluvia","De alcance","S/D","Colisión","Ninguna","S/D","S/D","Sin restricción"
2016,7967,11/2/2016,"Miercoles",0,12:50:00,,"0.0",2,"Automóvil,Peatón","Santa Fe Y Av. Corrientes",2,1,0,0,1,0,0,,"Calle",,"ROSARIO","Rosario","Asfalto","Pavimento","II","Dentro","Urbana","Semáforo","Funciona","Intersección","Bueno","Buena","Diurna","Buen Tiempo","S/D","Peatón","Atropello","Ninguna","Vertical","Ninguna","Sin restricción"
2016,7968,11/8/2016,"Martes",0,20:30:00,,"0.0",2,"Automóvil,Automóvil","Bv. Oroño Y Catamarca",3,2,0,0,1,0,0,,"Avenida",,"ROSARIO","Rosario","Asfalto","Pavimento","II","Dentro","Urbana","Semáforo","Funciona","Intersección","Bueno","Buena","Nocturna","Buen Tiempo","Lateral","S/D","Colisión","Ninguna","Vertical","Ninguna","Sin restricción"
2016,7969,11/30/2016,"Miercoles",0,13:34:00,,"0.0",2,"Peatón,Automóvil","Bv. Oroño 1200",2,1,0,0,1,0,0,,"Calle",,"ROSARIO","Rosario","Asfalto","Pavimento","II","Dentro","Urbana","Semáforo","Funciona","Cruce","Bueno","Buena","Diurna","Buen Tiempo","S/D","Peatón","Atropello","S/D","Vertical","Cordón divisorio","Sin restricción"
2016,7970,11/4/2016,"Viernes",0,10:40:00,,"0.0",2,"Automóvil,Bicicleta","Av. Corrientes Y Catamarca",2,1,0,0,1,0,0,,"Calle",,"ROSARIO","Rosario","Asfalto","No existe","II","Dentro","Urbana","Ninguna","Funciona","Recta","Bueno","Buena","Diurna","Buen Tiempo","S/D","Ciclista","Atropello","Ninguna","S/D","Ninguna","Sin restricción"
2016,7971,11/5/2016,"Sabado",0,16:50:00,,"0.0",2,"Automóvil,Automóvil","Salta Y Balcarce",2,1,0,0,1,0,0,,"Calle",,"ROSARIO","Rosario","Asfalto","Pavimento","II","Dentro","Urbana","Ninguna","No existe","Intersección","Bueno","Buena","Diurna","Buen Tiempo","Lateral","S/D","Colisión","Ninguna","Faltante","Ninguna","Sin restricción"
2016,7972,11/16/2016,"Miercoles",0,9:30:00,,"0.0",1,"Moto/Ciclomotor","Iriondo Y Mendoza",1,1,0,0,0,0,0,,"Calle",,"ROSARIO","Rosario","Asfalto","S/D","II","Dentro","Urbana","S/D","S/D","S/D","S/D","S/D","Diurna","S/D","S/D","S/D","Caída ocupante","S/D","S/D","S/D","S/D"
2016,7973,11/25/2016,"Viernes",0,10:00:00,,"0.0",3,"Peatón,Peatón,Automóvil","Paraguay Y Mendoza",3,1,0,0,2,0,0,,"Calle",,"ROSARIO","Rosario","Hormigón","Pavimento","II","Dentro","Urbana","Semáforo","Funciona","Intersección","Bueno","Buena","Diurna","Buen Tiempo","S/D","Peatón","Atropello","Ninguna","Vertical","Cordón divisorio","Sin restricción"
2016,7974,11/5/2016,"Sabado",0,9:00:00,,"0.0",2,"Automóvil,Peatón","Av. Belgrano Y Urquiza",2,1,0,0,1,0,0,,"Avenida",,"ROSARIO","Rosario","Asfalto","Pavimento","II","Dentro","Urbana","Ninguna","No funciona","Intersección","Bueno","Buena","Diurna","Buen Tiempo","S/D","Peatón","Atropello","Ninguna","Faltante","Ninguna","Sin restricción"
2016,7975,11/13/2016,"Domingo",0,11:30:00,,"0.0",2,"Automóvil,Bicicleta","Balcarce Y Jujuy",2,1,0,0,1,0,0,,"Calle",,"ROSARIO","Rosario","Asfalto","Pavimento","II","Dentro","Urbana","Ninguna","No existe","Intersección","Bueno","Buena","Diurna","Buen Tiempo","S/D","Ciclista","Atropello","Ninguna","S/D","S/D","S/D"
2016,7976,11/11/2016,"Viernes",0,1:00:00,,"0.0",2,"Taxi/Remis,Automóvil","Av. Ovidio Lagos Y Montevideo",6,3,0,0,3,0,0,,"Calle",,"ROSARIO","Rosario","Asfalto","S/D","II","Dentro","Urbana","S/D","S/D","S/D","S/D","S/D","Diurna","S/D","S/D","S/D","Colisión","S/D","S/D","S/D","S/D"