"anio_acci","nro_acci","fecha","desc_dia","fecha_aprox","hora_aprox","desc_ruta","km","cant_participantes","desc_participante","calle_avenida_km","total","heridos_leves","heridos_graves","heridos_gravisimos","ilesos","fallecidos","sin_datos","posicion_XY","desc_tipo_via","desc_ruta_ori","desc_loc","desc_dpto","desc_tipo_calzada","desc_tipo_banquina","desc_unidad_regional","desc_lugar_calzada","desc_zona","desc_prioridad","desc_estado_semaforo","desc_lugar_via","desc_estado_via","desc_estado_visibilidad","desc_luminosidad","desc_estado_clima","desc_tipo_colision","desc_tipo_atropello","desc_tipo_hecho","desc_pres_calzada","desc_senializacion","desc_separacion_via","desc_restriccion"
2016,7977,11/14/2016,"Lunes",0,13:00:00,,"0.0",2,"Automóvil,Moto/Ciclomotor","Bv. Oroño Y Jujuy",2,1,0,0,1,0,0,,"Avenida",,"ROSARIO","Rosario","Asfalto","Pavimento","II","Dentro","Urbana","Semáforo","Funciona","Intersección","Bueno","Buena","Diurna","Buen Tiempo","Lateral","S/D","Colisión","Ninguna","S/D","Ninguna","Sin restricción"
2016,7978,11/22/2016,"Martes",0,10:00:00,,"0.0",2,"Bicicleta,Moto/Ciclomotor","Catamarca Y Pje. Saguier",2,1,0,0,1,0,0,,"Calle",,"ROSARIO","Rosario","Asfalto","Pavimento","II","Dentro","Urbana","Ninguna","No existe","Intersección","Bueno","Buena","Diurna","Buen Tiempo","S/D","Ciclista","Atropello","Ninguna","Faltante","S/D","Sin restricción"
2016,7979,11/22/2016,"Martes",0,14:40:00,,"0.0",2,"Automóvil,Peatón","Sarmiento Y San Lorenzo",2,1,0,0,1,0,0,,"Calle",,"ROSARIO","Rosario","Asfalto","Pavimento","II","Dentro","Urbana","Ninguna","Funciona","Intersección","Bueno","Buena","Diurna","Buen Tiempo","S/D","Peatón","Atropello","Ninguna","Vertical","S/D","Sin restricción"
2016,7980,11/15/2016,"Martes",0,2:50:00,,"0.0",2,"Automóvil,Automóvil","Av. Francia Y San Juan",2,1,0,0,1,0,0,,"Calle",,"ROSARIO","Rosario","S/D","S/D","II","Dentro","Urbana","S/D","S/D","S/D","S/D","S/D","Nocturna","S/D","S/D","S/D","Colisión","S/D","S/D","S/D","S/D"
2016,7981,11/18/2016,"Viernes",0,13:55:00,,"0.0",2,"Moto/Ciclomotor,Automóvil","Colon Y E.Zeballos",2,1,0,0,1,0,0,,"Calle",,"ROSARIO","Rosario","Asfalto","S/D","II","Dentro","Urbana","S/D","S/D","Intersección","Bueno","Buena","Diurna","Buen Tiempo","Lateral","S/D","Colisión","S/D","S/D","S/D","S/D"
2016,7982,11/21/2016,"Lunes",0,9:40:00,,"0.0",2,"Peatón,Automóvil","Maipu Y 9 De Julio",2,1,0,0,1,0,0,,"Calle",,"ROSARIO","Rosario","Asfalto","S/D","II","Dentro","Urbana","S/D","S/D","Intersección","Bueno","Buena","Diurna","Buen Tiempo","S/D","Peatón","Atropello","S/D","S/D","S/D","S/D"
2016,7983,11/29/2016,"Martes",0,2:30:00,,"0.0",2,"Automóvil,Moto/Ciclomotor","Bv. Avellaneda Y E.Zeballos",4,2,1,0,1,0,0,,"Avenida",,"ROSARIO","Rosario","Asfalto","S/D","II","Dentro","Urbana","Semáforo","Funciona","Intersección","S/D","Buena","Nocturna","Buen Tiempo","Lateral","S/D","Colisión","S/D","S/D","S/D","S/D"
2016,7984,11/23/2016,"Miercoles",0,17:00:00,,"0.0",2,"Bicicleta,Automóvil","Av. Pellegrini Y Rio De Janeiro",2,1,0,0,1,0,0,,"Avenida",,"ROSARIO","Rosario","Asfalto","S/D","II","Dentro","Urbana","S/D","S/D","Intersección","Bueno","S/D","Diurna","S/D","S/D","Ciclista","Atropello","S/D","S/D","S/D","S/D"
2016,7985,11/11/2016,"Viernes",0,21:30:00,,"0.0",2,"Moto/Ciclomotor,Automóvil","Rodriguez Y Cordoba",2,1,0,0,1,0,0,,"Calle",,"ROSARIO","Rosario","Asfalto","S/D","II","Dentro","Urbana","S/D","S/D","S/D","S/D","S/D","Nocturna","S/D","S/D","S/D","Colisión","S/D","S/D","S/D","Sin restricción"
2016,7986,11/28/2016,"Lunes",0,11:00:00,,"0.0",2,"Moto/Ciclomotor,Peatón","Montevideo Y Alsina",3,2,0,0,1,0,0,,"Calle",,"ROSARIO","Rosario","Asfalto","S/D","II","Dentro","Urbana","S/D","S/D","S/D","S/D","S/D","Diurna","S/D","S/D","Peatón","Atropello","S/D","S/D","S/D","S/D"
2016,7987,11/23/2016,"Miercoles",0,,,"0.0",2,"Automóvil,Moto/Ciclomotor","Pje. Cardarelli Y Av. Pellegrini",2,1,0,0,1,0,0,,"Calle",,"ROSARIO","Rosario","Asfalto","S/D","II","Dentro","Urbana","S/D","S/D","S/D","S/D","S/D","S/D","S/D","S/D","S/D","Colisión","S/D","S/D","S/D","S/D"
2016,7988,11/4/2016,"Viernes",0,16:30:00,,"0.0",1,"Transporte de Pasajeros Urbano (> 8 asientos)","Rodriguez Y Cordoba",2,1,0,0,1,0,0,,"Calle",,"ROSARIO","Rosario","Asfalto","S/D","II","Dentro","Urbana","S/D","S/D","S/D","S/D","S/D","Diurna","S/D","S/D","S/D","Caída ocupante","S/D","S/D","S/D","S/D"
2016,7989,11/24/2016,"Jueves",0,12:30:00,,"0.0",2,"Automóvil,Automóvil","Mendoza Y Av. Avellaneda B",2,1,0,0,1,0,0,,"Calle",,"ROSARIO","Rosario","Asfalto","S/D","II","Dentro","Urbana","S/D","S/D","S/D","S/D","S/D","Diurna","S/D","S/D","S/D","Colisión","S/D","S/D","S/D","S/D"
2016,7990,11/17/2016,"Jueves",0,11:00:00,,"0.0",1,"Moto/Ciclomotor","Lima Y E.Zeballos",2,2,0,0,0,0,0,,"Calle",,"ROSARIO","Rosario","Asfalto","S/D","II","Dentro","Urbana","S/D","S/D","Intersección","S/D","Buena","Diurna","Buen Tiempo","S/D","S/D","Caída ocupante","S/D","S/D","S/D","S/D"
2016,7991,11/26/2016,"Sabado",0,21:00:00,,"0.0",2,"Automóvil,Moto/Ciclomotor","3 De Febrero Y Vera Mujica",2,1,0,0,1,0,0,,"Calle",,"ROSARIO","Rosario","S/D","S/D","II","Dentro","Urbana","S/D","S/D","S/D","S/D","S/D","Nocturna","S/D","S/D","S/D","Colisión","S/D","S/D","S/D","S/D"
2016,7992,11/12/2016,"Sabado",0,13:00:00,,"0.0",3,"Automóvil,Automóvil,Taxi/Remis","Montevideo Y Pueyrredon",3,1,0,0,2,0,0,,"Calle",,"ROSARIO","Rosario","S/D","S/D","II","Dentro","Urbana","S/D","S/D","Intersección","S/D","S/D","Diurna","Buen Tiempo","Lateral,Múltiple","S/D","Colisión","S/D","S/D","S/D","S/D"
2016,7993,11/17/2016,"Jueves",0,17:30:00,,"0.0",2,"Automóvil,Automóvil","Santiago Y 9 De Julio",4,3,0,0,1,0,0,,"Calle",,"ROSARIO","Rosario","Asfalto","S/D","II","Dentro","Urbana","Ninguna","No existe","Intersección","Bueno","Buena","Diurna","Buen Tiempo","Lateral","S/D","Colisión","S/D","S/D","S/D","S/D"
2016,7994,11/22/2016,"Martes",0,15:40:00,,"0.0",2,"Moto/Ciclomotor,Pickup/Utilitario","Italia Y Av. Belgrano",3,2,0,0,1,0,0,,"Calle",,"ROSARIO","Rosario","Asfalto","No existe","II","Dentro","Urbana","Ninguna","No existe","Recta","Bueno","Buena","Diurna","Buen Tiempo","Lateral","S/D","Colisión","Ninguna","S/D","Ninguna","S/D"
2016,7995,11/6/2016,"Domingo",0,9:30:00,,"0.0",2,"Automóvil,Moto/Ciclomotor","Callao Y Av. Del Valle",2,1,0,0,1,0,0,,"Calle",,"ROSARIO","Rosario","Asfalto","No existe","II","Dentro","Urbana","Ninguna","S/D","Intersección","Bueno","Buena","Diurna","Buen Tiempo","Otro","S/D","Colisión","Ninguna","S/D","Ninguna","Sin restricción"
2016,7996,11/7/2016,"Lunes",0,3:50:00,,"0.0",3,"Moto/Ciclomotor,Taxi/Remis,Automóvil","Cafferata Y Santa Fe",5,3,0,0,2,0,0,,"Calle",,"ROSARIO","Rosario","Asfalto","No existe","II","S/D","Urbana","Ninguna","Funciona","Recta","Bueno","Buena","Nocturna","Buen Tiempo","Otro","S/D","Colisión","Ninguna","S/D","Ninguna","Sin restricción"
2016,7997,11/18/2016,"Viernes",0,,,"0.0",2,"Moto/Ciclomotor,Moto/Ciclomotor","Santa Fe Y Italia",3,1,0,0,1,0,1,,"Calle",,"ROSARIO","Rosario","Asfalto","Pavimento","II","Dentro","Urbana","Semáforo","Funciona","Intersección","Bueno","Buena","Nocturna","Buen Tiempo","Lateral","S/D","Colisión","Ninguna","Vertical","Cordón divisorio","Sin restricción"
2016,7998,11/3/2016,"Jueves",0,19:00:00,"Ruta Nacional 33","0.0",2,"Pickup/Utilitario,Automóvil","PTE LA VIRGINIA ",3,1,0,0,2,0,0,,"Ruta",33,"PEREZ","Rosario","Asfalto","No existe","II","Dentro","Urbana","Ninguna","No existe","Recta","S/D","Buena","Atardecer","S/D","De alcance","S/D","Colisión","S/D","Faltante","Línea divisoria pintada","Sin restricción"
2016,7999,11/11/2016,"Viernes",0,18:30:00,,"0.0",2,"Automóvil,Automóvil","Catamarca Y Suipacha",2,1,0,0,1,0,0,,"Calle",,"ROSARIO","Rosario","Asfalto","No existe","II","S/D","Urbana","Semáforo","Funciona","Recta","Bueno","Buena","Diurna","Buen Tiempo","Otro","S/D","Colisión","Ninguna","Vertical","Ninguna","Sin restricción"
2016,8000,11/28/2016,"Lunes",0,4:20:00,,"0.0",2,"Taxi/Remis,Moto/Ciclomotor","Cafferata Y San Juan",2,1,0,0,1,0,0,,"S/D",,"ROSARIO","Rosario","Asfalto","S/D","II","Dentro","Urbana","S/D","S/D","S/D","S/D","S/D","Nocturna","S/D","S/D","S/D","S/D","S/D","S/D","S/D","S/D"
2016,8001,11/2/2016,"Miercoles",0,10:20:00,,"0.0",2,"Moto/Ciclomotor,Automóvil","Callao Y Salta",2,1,0,0,1,0,0,,"Calle",,"ROSARIO","Rosario","Asfalto","No existe","II","Dentro","Urbana","Semáforo","Funciona","Recta","Bueno","Buena","Diurna","Buen Tiempo","Otro","S/D","Colisión","S/D","Vertical","Ninguna","Sin restricción"
2016,8002,11/18/2016,"Viernes",0,16:50:00,,"0.0",2,"Moto/Ciclomotor,Taxi/Remis","Lavalle Y Estanislao Lopez",3,1,0,0,2,0,0,,"Calle",,"PEREZ","Rosario","S/D","No existe","II","Dentro","Urbana","Ninguna","No existe","Intersección","S/D","Buena","Diurna","S/D","Lateral","S/D","Colisión","S/D","Faltante","Ninguna","Sin restricción"
2016,8003,11/17/2016,"Jueves",0,22:00:00,,"0.0",1,"Moto/Ciclomotor","Bv. Avellaneda Y Tucuman",3,1,1,0,0,0,1,,"Calle",,"ROSARIO","Rosario","S/D","S/D","II","S/D","Urbana","S/D","S/D","S/D","S/D","S/D","Nocturna","S/D","S/D","S/D","S/D","S/D","S/D","S/D","S/D"
2016,8004,11/4/2016,"Viernes",0,5:20:00,,"0.0",2,"Automóvil,Taxi/Remis","Mitre Y Montevideo",5,4,0,0,1,0,0,,"Calle",,"ROSARIO","Rosario","Asfalto","Pavimento","II","Dentro","Urbana","Ninguna","No existe","Intersección","Bueno","Buena","Nocturna","Buen Tiempo","Lateral","S/D","Colisión","S/D","S/D","S/D","Sin restricción"
2016,8005,11/16/2016,"Miercoles",0,10:45:00,"Ruta Nacional 33","848.0",3,"Automóvil,Automóvil,Automóvil"," ",4,2,0,0,2,0,0,,"Ruta",33,"ROSARIO","Rosario","Asfalto","No existe","II","Dentro","Urbana","Ninguna","No existe","Recta","S/D","Buena","Diurna","Buen Tiempo","De alcance,Múltiple","S/D","Colisión","Ninguna","Faltante","Línea divisoria pintada","Sin restricción"
2016,8006,11/26/2016,"Sabado",0,15:10:00,,"0.0",2,"Automóvil,Automóvil","Lisandro de la Torre Y Galvez",2,2,0,0,0,0,0,,"Calle",,"ARROYO SECO","Rosario","Hormigón","S/D","II","Dentro","Urbana","Ninguna","S/D","Intersección","Ahuellamiento","S/D","Diurna","Buen Tiempo","Lateral","S/D","Colisión","S/D","Faltante","Ninguna","Sin restricción"
2016,8007,11/1/2016,"Martes",0,,,"0.0",2,"Peatón,Automóvil","3 De Febrero Y San Martin",2,1,0,0,1,0,0,,"Calle",,"ROSARIO","Rosario","Hormigón","Pavimento","II","Dentro","Urbana","S/D","S/D","Intersección","Bueno","Buena","Diurna","Buen Tiempo","S/D","Peatón","Atropello","Ninguna","Horizontal","Cordón divisorio","Sin restricción"
2016,8008,11/2/2016,"Miercoles",0,17:00:00,,"0.0",2,"Peatón,Automóvil","Balcarce Y San Luis",2,1,0,0,1,0,0,,"Calle",,"ROSARIO","Rosario","Asfalto","Pavimento","II","Dentro","Urbana","Marca Vial","No existe","Intersección","Bueno","Buena","Diurna","Buen Tiempo","S/D","Peatón","Atropello","Ninguna","Horizontal","Cordón divisorio","Sin restricción"
2016,8009,11/21/2016,"Lunes",0,18:00:00,,"0.0",2,"Automóvil,Moto/Ciclomotor","Gral Jose de San Martin Y Sabatino Gaboto",2,1,0,0,1,0,0,,"Calle",,"ARROYO SECO","Rosario","Asfalto","Pavimento","II","Dentro","Urbana","Ninguna","No existe","Intersección","Bueno","Buena","Diurna","Buen Tiempo","Lateral","S/D","Colisión","S/D","Faltante","Línea divisoria pintada","Sin restricción"
2016,8010,11/9/2016,"Miercoles",0,17:00:00,,"0.0",2,"Bicicleta,Moto/Ciclomotor","Av de las Americas Y Juan XXIII",3,3,0,0,0,0,0,,"Calle",,"PEREZ","Rosario","Asfalto","No existe","II","Dentro","Urbana","Ninguna","No existe","Intersección","S/D","Buena","Atardecer","Otro","Lateral","Ciclista","Atropello","Ninguna","Faltante","Ninguna","Sin restricción"
2016,8011,11/22/2016,"Martes",0,15:30:00,,"0.0",2,"Automóvil,Automóvil","Santa Fe 1000",3,2,0,0,1,0,0,,"Calle",,"ROSARIO","Rosario","Asfalto","Pavimento","II","Dentro","Urbana","Ninguna","No existe","Recta","Bueno","Buena","Diurna","Buen Tiempo","Lateral","S/D","Colisión","Ninguna","Horizontal","Cordón divisorio","Sin restricción"
2016,8012,11/3/2016,"Jueves",0,17:00:00,,"0.0",2,"Bicicleta,Automóvil","Entre Rios Y Montevideo",2,1,0,0,0,0,1,,"Calle",,"ROSARIO","Rosario","Asfalto","Pavimento","II","Dentro","Urbana","Marca Vial","No existe","Intersección","Bueno","Buena","Diurna","Buen Tiempo","S/D","Ciclista","Atropello","Ninguna","Horizontal","Cordón divisorio","Sin restricción"
2016,8013,11/26/2016,"Sabado",0,14:10:00,,"0.0",2,"Automóvil,Moto/Ciclomotor","Pres Domingo F Sarmiento Y Gral Jose de San Martin",2,1,0,0,1,0,0,,"Calle",,"ARROYO SECO","Rosario","Asfalto","S/D","II","Dentro","Urbana","Ninguna","S/D","Intersección","Bueno","S/D","Diurna","Buen Tiempo","Lateral","S/D","Colisión","S/D","Faltante","S/D","Sin restricción"
2016,8014,11/6/2016,"Domingo",0,5:40:00,,"0.0",2,"Automóvil,Automóvil","España Y 3 De Febrero",4,3,0,0,1,0,0,,"Calle",,"ROSARIO","Rosario","Asfalto","Pavimento","II","Dentro","Urbana","S/D","S/D","Intersección","Bueno","Buena","Nocturna","Buen Tiempo","Lateral","S/D","Colisión","S/D","S/D","Cordón divisorio","Sin restricción"
2016,8015,11/21/2016,"Lunes",0,20:50:00,,"0.0",2,"Moto/Ciclomotor,Automóvil","Bv San diego ",2,1,0,0,1,0,0,,"Calle",,"VILLA GOBERNADOR GÁLVEZ","Rosario","Asfalto","No existe","II","Dentro","Urbana","Ninguna","No existe","Intersección","Bueno","Buena","Nocturna,Con luz artificial","Buen Tiempo","Lateral","S/D","Colisión","Ninguna","Faltante","Ninguna","Sin restricción"
2016,8016,11/4/2016,"Viernes",0,15:37:00,,"0.0",2,"Peatón,Automóvil","San Luis Y Sarmiento",2,1,0,0,0,0,1,,"Calle",,"ROSARIO","Rosario","Asfalto","Pavimento","II","Dentro","Urbana","Ninguna","No existe","Intersección","Bueno","Buena","Diurna","Buen Tiempo","S/D","Peatón","Atropello","Ninguna","Horizontal","Cordón divisorio","Sin restricción"
2016,8017,11/10/2016,"Jueves",0,17:30:00,,"0.0",2,"Automóvil,Automóvil","Colon Y Pueyrredon",2,1,0,0,1,0,0,,"Calle",,"FIGHIERA","Rosario","Asfalto","No existe","II","S/D","Urbana","S/D","No existe","Cruce","Bueno","Buena","Diurna","Buen Tiempo","Frontal","S/D","Colisión","Ninguna","Faltante","S/D","S/D"
2016,8018,11/5/2016,"Sabado",0,10:20:00,,"0.0",2,"Peatón,Automóvil","Pte.Roca Y Mendoza",2,1,0,0,1,0,0,,"Calle",,"ROSARIO","Rosario","Asfalto","Pavimento","II","Dentro","Urbana","Semáforo","Funciona","Intersección","Bueno","Buena","Diurna","Buen Tiempo","S/D","Peatón","Atropello","S/D","Horizontal","Cordón divisorio","Sin restricción"
2016,8019,11/3/2016,"Jueves",0,15:00:00,"Ruta Nacional 33","849.0",2,"Automóvil,Moto/Ciclomotor"," ",2,1,0,0,1,0,0,,"Ruta",33,"PEREZ","Rosario","Asfalto","S/D","II","S/D","S/D","S/D","S/D","S/D","Deteriorada","Buena","Diurna","Buen Tiempo","S/D","S/D","Colisión","Ninguna","S/D","S/D","S/D"
2016,8020,11/14/2016,"Lunes",0,14:30:00,,"0.0",2,"Moto/Ciclomotor,Automóvil","Jujuy Y 20 de Junio",3,2,0,0,1,0,0,,"Calle",,"VILLA GOBERNADOR GÁLVEZ","Rosario","Asfalto","No existe","II","Dentro","Urbana","Ninguna","No existe","Intersección","Bueno","Buena","Diurna","Buen Tiempo","Lateral","S/D","Colisión","S/D","Faltante","Ninguna","Sin restricción"
2016,8021,11/10/2016,"Jueves",0,12:00:00,,"0.0",2,"Bicicleta,Automóvil","Bv. Oroño 700",2,1,0,0,1,0,0,,"Calle",,"ROSARIO","Rosario","Asfalto","Pavimento","II","Dentro","Urbana","Semáforo","Funciona","S/D","Bueno","Buena","Diurna","Buen Tiempo","Lateral","S/D","Colisión","Ninguna","Vertical","Cordón divisorio","Sin restricción"
2016,8022,11/8/2016,"Martes",0,17:45:00,,"20.0",2,"Automóvil,Camión c / Acoplado"," ",3,1,0,0,2,0,0,,"Calle",,"CORONEL DOMINGUEZ","Rosario","Tierra","No existe","II","Dentro","Rural","Ninguna","No existe","Cruce","Bueno","Buena","Atardecer","Buen Tiempo","Lateral","S/D","Colisión","Ninguna","Faltante","Ninguna","Sin restricción"
2016,8023,11/4/2016,"Viernes",0,12:15:00,,"0.0",2,"Peatón,Otros","San Martin 1200",2,1,0,0,0,0,1,,"Calle",,"ROSARIO","Rosario","Asfalto","Pavimento","II","Dentro","Urbana","Ninguna","S/D","Recta","Bueno","Buena","Diurna","S/D","S/D","Peatón","Atropello","Ninguna","Horizontal","Cordón divisorio","Sin restricción"
2016,8024,11/14/2016,"Lunes",0,20:20:00,,"0.0",1,"Automóvil","Gaboto Bis ",1,1,0,0,0,0,0,,"Calle",,"VILLA GOBERNADOR GÁLVEZ","Rosario","Asfalto","No existe","II","Dentro","Urbana","Ninguna","No existe","Intersección","Bueno","Reducida","Nocturna,Con luz artificial","Buen Tiempo","Atropello animal","S/D","Colisión","S/D","Faltante","Ninguna","Sin restricción"
2016,8025,11/1/2016,"Martes",0,18:45:00,,"0.0",2,"Moto/Ciclomotor,Automóvil","Benito Juarez Y Pje. Spezia",2,1,0,0,1,0,0,,"Calle",,"ROSARIO","Rosario","S/D","No existe","II","Dentro","Urbana","S/D","S/D","Intersección","S/D","S/D","Nocturna","S/D","Lateral","S/D","Colisión","S/D","S/D","S/D","S/D"
2016,8026,11/4/2016,"Viernes",0,8:00:00,,"0.0",2,"Moto/Ciclomotor,Camión","San Martin Y Av. Battle y Ordoñez",2,1,0,0,1,0,0,,"Calle",,"ROSARIO","Rosario","Asfalto","No existe","II","Dentro","Urbana","Semáforo","Funciona","Rotonda","Bueno","Buena","Diurna","Buen Tiempo","S/D","S/D","Colisión","S/D","Faltante","Línea divisoria pintada","Sin restricción"
2016,8028,11/15/2016,"Martes",0,12:00:00,,"0.0",2,"Peatón,Automóvil","3 De Febrero Y Italia",2,1,0,0,1,0,0,,"Calle",,"ROSARIO","Rosario","Asfalto","Pavimento","II","Dentro","Urbana","Ninguna","No existe","Intersección","Bueno","Buena","Diurna","Buen Tiempo","S/D","Peatón","Atropello","Ninguna","Horizontal","Cordón divisorio","Sin restricción"
2016,8029,11/2/2016,"Miercoles",0,20:30:00,,"0.0",2,"Peatón,Automóvil","Bv. Oroño Y Av. Battle y Ordoñez",2,1,0,0,1,0,0,,"S/D",,"ROSARIO","Rosario","S/D","No existe","II","S/D","S/D","S/D","S/D","Recta","Bueno","S/D","Nocturna","S/D","S/D","Peatón","Atropello","S/D","S/D","S/D","S/D"
2016,8030,11/22/2016,"Martes",0,19:30:00,,"0.0",2,"Moto/Ciclomotor,Automóvil","Av. Arijon Y San Martin",3,2,0,0,1,0,0,,"Calle",,"ROSARIO","Rosario","Asfalto","No existe","II","Dentro","Urbana","Semáforo","Funciona","Intersección","Bueno","Buena","Diurna","S/D","S/D","S/D","Colisión","S/D","Vertical","Línea divisoria pintada","Sin restricción"
2016,8031,11/11/2016,"Viernes",0,11:30:00,,"0.0",2,"Automóvil,Moto/Ciclomotor","Montevideo Y Paraguay",2,1,0,0,1,0,0,,"Calle",,"ROSARIO","Rosario","Asfalto","Pavimento","II","Dentro","Urbana","S/D","S/D","Intersección","Bueno","Buena","Diurna","Buen Tiempo","Lateral","S/D","Colisión","Ninguna","Horizontal","Cordón divisorio","Sin restricción"
2016,8032,11/12/2016,"Sabado",0,5:00:00,"Ruta Provincial 18","8.0",2,"Automóvil,Camión c / Acoplado"," ",2,1,0,0,1,0,0,,"Ruta",18,"PIÑERO","Rosario","Asfalto","S/D","II","Dentro","Rural","Otra Señal","No existe","Recta","Bueno","Buena","Amanecer","S/D","Frontal","S/D","Colisión","S/D","Horizontal","Línea divisoria pintada","S/D"
2016,8033,11/4/2016,"Viernes",0,14:40:00,,"0.0",1,"Moto/Ciclomotor","Av. Ntra.Sra.del Rosario Y Italia",5,1,0,0,4,0,0,,"Calle",,"ROSARIO","Rosario","Asfalto","S/D","II","Dentro","Urbana","S/D","S/D","Intersección","S/D","S/D","Diurna","S/D","De alcance","S/D","Colisión","S/D","S/D","S/D","S/D"
2016,8034,11/14/2016,"Lunes",0,1:20:00,,"0.0",2,"Automóvil,Peatón","Av. Pellegrini Y Entre Rios",2,1,0,0,1,0,0,,"Avenida",,"ROSARIO","Rosario","Asfalto","Pavimento","II","Dentro","Urbana","Semáforo","Funciona","Intersección","Bueno","Buena","Diurna","Buen Tiempo","S/D","Peatón","Atropello","S/D","Vertical","Cordón divisorio","Sin restricción"
2016,8035,11/25/2016,"Viernes",0,7:30:00,"Ruta Nacional A012","0.0",2,"Pickup/Utilitario,Camión Chasis"," ",6,6,0,0,0,0,0,,"Ruta","A012","PIÑERO","Rosario","Asfalto","Natural","II","Dentro","Rural","Ninguna","No existe","Intersección","Con baches","Buena","Amanecer","S/D","S/D","S/D","Colisión","S/D","S/D","Línea divisoria pintada","Sin restricción"
2016,8036,11/24/2016,"Jueves",0,11:30:00,,"0.0",2,"Moto/Ciclomotor,Automóvil","San Martin Y Khantuta",2,1,0,0,1,0,0,,"Calle",,"ROSARIO","Rosario","Asfalto","No existe","II","Dentro","Urbana","Semáforo","Funciona","Recta","Bueno","Buena","Diurna","Buen Tiempo","Lateral","S/D","Colisión","S/D","Vertical","Línea divisoria pintada","Sin restricción"
2016,8037,11/30/2016,"Miercoles",0,13:20:00,"Ruta Nacional A012","41.0",2,"Automóvil,Automóvil","Ruta Nacional 9 ",3,1,0,0,2,0,0,,"Ruta","A012","ROLDÁN","San Lorenzo","Asfalto","Natural","XVII","Dentro","Rural","Semáforo","Intermitente","Intersección","Bueno","Buena","Diurna","Buen Tiempo","Lateral","S/D","Colisión","S/D","Vertical","Ninguna","Sin restricción"
2016,8038,11/22/2016,"Martes",0,15:15:00,,"0.0",2,"Bicicleta,Automóvil","Mendoza Y Pte.Roca",2,1,0,0,1,0,0,,"Calle",,"ROSARIO","Rosario","Asfalto","Pavimento","II","Dentro","Urbana","Semáforo","Funciona","Intersección","Bueno","Buena","Diurna","Buen Tiempo","S/D","Ciclista","Atropello","Ninguna","Vertical","Cordón divisorio","Sin restricción"
2016,8039,11/26/2016,"Sabado",0,3:15:00,,"0.0",2,"Bicicleta,Automóvil","Av. Arijon Y Pte.Roca",3,1,0,0,2,0,0,,"Calle",,"ROSARIO","Rosario","Asfalto","No existe","II","Dentro","Urbana","Semáforo","S/D","Recta","Bueno","Buena","Nocturna","S/D","S/D","Ciclista","Atropello","S/D","Faltante","Línea divisoria pintada","Sin restricción"
2016,8040,11/5/2016,"Sabado",0,10:30:00,,"0.0",2,"Moto/Ciclomotor,Automóvil","Rep.del Salvador Y Dean Funes",3,2,0,0,1,0,0,,"Calle",,"ROSARIO","Rosario","Asfalto","Pavimento","II","Dentro","Urbana","S/D","No existe","Recta","Bueno","Buena","Diurna","Buen Tiempo","S/D","S/D","Colisión","S/D","Faltante","Barrera de hormigón","S/D"
2016,8041,11/20/2016,"Domingo",0,15:00:00,,"0.0",2,"Pickup/Utilitario,Automóvil","Cereseto Y Av. Ntra.Sra.del Rosario",4,3,0,0,1,0,0,,"Calle",,"ROSARIO","Rosario","S/D","S/D","II","Dentro","Urbana","S/D","S/D","Intersección","S/D","S/D","Diurna","S/D","Lateral","S/D","Colisión","S/D","S/D","S/D","Sin restricción"
2016,8042,11/25/2016,"Viernes",0,19:30:00,"Ruta Nacional 11","0.0",1,"Automóvil","Ruta Nac 11 Y Cordoba",1,1,0,0,0,0,0,,"Ruta",11,"PUERTO SAN MARTÍN","San Lorenzo","Asfalto","Natural","XVII","Dentro","Urbana","Ninguna","No existe","Intersección","Ahuellamiento","Buena","Atardecer","Buen Tiempo","Contra objeto fijo","S/D","Colisión","Ninguna","Horizontal","Ninguna","Sin restricción"
2016,8043,11/10/2016,"Jueves",0,11:00:00,,"0.0",2,"Moto/Ciclomotor,Automóvil","E.Zeballos Y Pte.Roca",2,2,0,0,0,0,0,,"Calle",,"ROSARIO","Rosario","Hormigón","Pavimento","II","Dentro","Urbana","S/D","S/D","Intersección","Bueno","Buena","Diurna","Buen Tiempo","Lateral","S/D","Colisión","Ninguna","S/D","Cordón divisorio","Sin restricción"
2016,8044,11/27/2016,"Domingo",0,6:30:00,,"0.0",2,"Moto/Ciclomotor,Automóvil","Rioja Y Sarmiento",2,0,1,0,1,0,0,,"Calle",,"PUERTO SAN MARTÍN","San Lorenzo","Asfalto","No existe","XVII","Dentro","Urbana","Ninguna","No existe","Intersección","Bueno","Buena","Diurna","Buen Tiempo","Lateral","S/D","Colisión","Ninguna","Horizontal","S/D","Sin restricción"
2016,8045,11/6/2016,"Domingo",0,1:00:00,,"0.0",2,"Moto/Ciclomotor,Taxi/Remis","Av Gral San Martin Y Libertad",3,2,0,0,1,0,0,,"Calle",,"VILLA GOBERNADOR GÁLVEZ","Rosario","Asfalto","No existe","II","Dentro","Urbana","Ninguna","No existe","Intersección","Bueno","Buena","Nocturna,Con luz artificial","Buen Tiempo","Lateral","S/D","Colisión","S/D","Faltante","Ninguna","Sin restricción"
2016,8046,11/20/2016,"Domingo",0,2:00:00,,"0.0",2,"Moto/Ciclomotor,Taxi/Remis","Bv. Oroño Y Av. Arijon",2,1,0,0,1,0,0,,"Calle",,"ROSARIO","Rosario","S/D","S/D","II","Dentro","Urbana","S/D","Funciona","Intersección","S/D","S/D","S/D","S/D","De alcance","S/D","Colisión","S/D","S/D","S/D","S/D"