"anio_acci","nro_acci","fecha","desc_dia","fecha_aprox","hora_aprox","desc_ruta","km","cant_participantes","desc_participante","calle_avenida_km","total","heridos_leves","heridos_graves","heridos_gravisimos","ilesos","fallecidos","sin_datos","posicion_XY","desc_tipo_via","desc_ruta_ori","desc_loc","desc_dpto","desc_tipo_calzada","desc_tipo_banquina","desc_unidad_regional","desc_lugar_calzada","desc_zona","desc_prioridad","desc_estado_semaforo","desc_lugar_via","desc_estado_via","desc_estado_visibilidad","desc_luminosidad","desc_estado_clima","desc_tipo_colision","desc_tipo_atropello","desc_tipo_hecho","desc_pres_calzada","desc_senializacion","desc_separacion_via","desc_restriccion"
2016,8047,11/24/2016,"Jueves",0,17:45:00,,"0.0",1,"Moto/Ciclomotor","Independencia Y Roca",1,1,0,0,0,0,0,,"Calle",,"PUERTO SAN MARTÍN","San Lorenzo","Asfalto","S/D","XVII","Dentro","Urbana","S/D","S/D","Recta","Bueno","Buena","Diurna","S/D","Contra objeto fijo","S/D","Colisión","S/D","S/D","S/D","S/D"
2016,8048,11/22/2016,"Martes",0,10:00:00,,"0.0",2,"Bicicleta,Otros","Italia Y Av. Pellegrini",2,1,0,0,0,0,1,,"Calle",,"ROSARIO","Rosario","Asfalto","Pavimento","II","Dentro","Urbana","Semáforo","Funciona","Intersección","Bueno","Buena","Diurna","Buen Tiempo","S/D","Ciclista","Atropello","Ninguna","Vertical","Cordón divisorio","Sin restricción"
2016,8049,11/24/2016,"Jueves",0,5:45:00,,"0.0",2,"Automóvil,Automóvil","Belgrano Y Pte Juan D Peron",2,2,0,0,0,0,0,,"Calle",,"PUERTO SAN MARTÍN","San Lorenzo","Asfalto","Pavimento","XVII","Dentro","Urbana","S/D","No existe","Recta","Bueno","Buena","Diurna","Buen Tiempo","Lateral","S/D","Colisión","Ninguna","Faltante","Ninguna","Sin restricción"
2016,8050,11/14/2016,"Lunes",0,16:00:00,"Ruta Provincial 26","63.0",2,"Pickup/Utilitario,Camión c / Acoplado"," ",4,1,0,0,3,0,0,,"Ruta",26,"FUENTES","San Lorenzo","Asfalto","Ripio","XVII","Dentro","Rural","Marca Vial","No existe","Curva","Bueno","Buena","Atardecer","Buen Tiempo","De alcance","S/D","Colisión","Ninguna","Horizontal","Línea divisoria pintada","Sin restricción"
2016,8051,11/9/2016,"Miercoles",0,10:30:00,,"0.0",2,"Automóvil,Moto/Ciclomotor","Av Juan Domingo Peron Y Pasteur",2,1,0,0,1,0,0,,"Calle",,"VILLA GOBERNADOR GÁLVEZ","Rosario","Asfalto","No existe","II","Dentro","Urbana","Ninguna","No existe","Intersección","Bueno","Buena","Diurna","Buen Tiempo","S/D","S/D","Colisión","Ninguna","Faltante","Barrera de hormigón","Sin restricción"
2016,8052,11/19/2016,"Sabado",0,12:40:00,,"0.0",2,"Moto/Ciclomotor,Automóvil","Cordoba 1600",3,3,0,0,0,0,0,,"Calle",,"PUERTO SAN MARTÍN","San Lorenzo","Asfalto","Pavimento","XVII","Dentro","Urbana","Policía de tránsito","No existe","Recta","Bueno","Buena","Diurna","Buen Tiempo","De alcance","S/D","Colisión","Ninguna","S/D","S/D","Sin restricción"
2016,8053,11/4/2016,"Viernes",0,20:45:00,,"0.0",2,"Moto/Ciclomotor,Peatón","LAS TACURITAS Y LAS PALMERAS",4,2,0,0,2,0,0,,"S/D",,"ROSARIO","Rosario","Asfalto","Pavimento","II","S/D","Rural","S/D","No existe","Intersección","Bueno","Buena","Nocturna","Buen Tiempo","S/D","Peatón","Atropello","S/D","S/D","Ninguna","S/D"
2016,8054,11/15/2016,"Martes",0,16:30:00,"Ruta Nacional 11","0.0",2,"Automóvil,Moto/Ciclomotor","Cordoba ",2,1,0,0,1,0,0,,"Ruta",11,"PUERTO SAN MARTÍN","San Lorenzo","Asfalto","Natural","XVII","Dentro","Urbana","Ninguna","No existe","Intersección","Bueno","Buena","Diurna","Buen Tiempo","Lateral","S/D","Colisión","Ninguna","Faltante","Ninguna","Sin restricción"
2016,8055,11/28/2016,"Lunes",0,1:35:00,,"0.0",2,"Peatón,Automóvil","Juan B Justo Y Laprida",2,1,0,0,1,0,0,,"Calle",,"VILLA GOBERNADOR GÁLVEZ","Rosario","Asfalto","No existe","II","Dentro","Urbana","Ninguna","No existe","Intersección","Bueno","Buena","Nocturna,Con luz artificial","Buen Tiempo","S/D","Peatón","Atropello","Ninguna","Faltante","Ninguna","Sin restricción"
2016,8056,11/10/2016,"Jueves",0,22:10:00,,"0.0",2,"Moto/Ciclomotor,Automóvil","San Nicolas Y Bordabhere",2,1,0,0,1,0,0,,"Calle",,"VILLA GOBERNADOR GÁLVEZ","Rosario","Asfalto","No existe","II","Dentro","Urbana","Ninguna","No existe","Intersección","Deteriorada","Buena","Nocturna","Buen Tiempo","Lateral","S/D","Colisión","S/D","Faltante","Ninguna","Sin restricción"
2016,8057,11/20/2016,"Domingo",0,18:40:00,,"0.0",1,"Automóvil"," ",4,1,0,0,3,0,0,,"Calle",,"FUENTES","San Lorenzo","Ripio","No existe","XVII","Fuera","Urbana","Ninguna","No existe","Intersección","Resbaladiza","Buena","Atardecer","Buen Tiempo","S/D","S/D","Despiste","Ninguna","Faltante","Ninguna","Sin restricción"
2016,8058,11/15/2016,"Martes",0,20:00:00,,"0.0",2,"Bicicleta,Automóvil","Av Gral San Martin ",2,1,0,0,1,0,0,,"Calle",,"VILLA GOBERNADOR GÁLVEZ","Rosario","Asfalto","No existe","II","Dentro","Urbana","Semáforo","Funciona","Intersección","Bueno","Buena","Nocturna","S/D","S/D","Ciclista","Atropello","S/D","Faltante","Cordón divisorio","Sin restricción"
2016,8059,11/11/2016,"Viernes",0,14:30:00,,"0.0",2,"Moto/Ciclomotor,Pickup/Utilitario","Bv San diego Y Andreu",2,1,0,0,1,0,0,,"Calle",,"VILLA GOBERNADOR GÁLVEZ","Rosario","Asfalto","No existe","II","Dentro","Urbana","Ninguna","No existe","Intersección","Bueno","S/D","Diurna","Buen Tiempo","Lateral","S/D","Colisión","S/D","Faltante","Ninguna","Sin restricción"
2016,8060,11/2/2016,"Miercoles",0,17:50:00,,"0.0",2,"Moto/Ciclomotor,Pickup/Utilitario","Av Juan Domingo Peron Y Pasteur",2,1,0,0,1,0,0,,"Avenida",,"VILLA GOBERNADOR GÁLVEZ","Rosario","Asfalto","No existe","II","Dentro","Urbana","Ninguna","No existe","Intersección","Bueno","Buena","Diurna","Buen Tiempo","Lateral","S/D","Colisión","Ninguna","Faltante","Vegetación","Sin restricción"
2016,8061,11/28/2016,"Lunes",0,16:40:00,,"0.0",2,"Otros,Bicicleta","GODOY Y CAMPBELL",2,1,0,0,0,0,1,,"Calle",,"ROSARIO","Rosario","Asfalto","No existe","II","Dentro","Urbana","Semáforo","No funciona","Intersección","Bueno","Buena","Atardecer","Otro","S/D","Ciclista","Atropello","Ninguna","Vertical","Ninguna","Sin restricción"
2016,8062,11/11/2016,"Viernes",0,16:30:00,,"0.0",2,"Moto/Ciclomotor,Pickup/Utilitario","Avenida de Mayo Y Delfor del Valle",2,1,0,0,1,0,0,,"S/D",,"CERES","San Cristóbal","Asfalto","No existe","XIII","S/D","Urbana","Ninguna","No existe","Intersección","Bueno","Buena","Diurna","Buen Tiempo","Lateral","S/D","Colisión","Ninguna","Faltante","Ninguna","Sin restricción"
2016,8063,11/22/2016,"Martes",0,21:20:00,,"0.0",2,"Moto/Ciclomotor,Peatón","J.Colombres 2800",2,1,0,0,1,0,0,,"Calle",,"ROSARIO","Rosario","Asfalto","Pavimento","II","Dentro","Urbana","Ninguna","No existe","Recta","Bueno","Reducida","Nocturna","Buen Tiempo","S/D","Peatón","Atropello","S/D","S/D","Ninguna","Sin restricción"
2016,8064,11/14/2016,"Lunes",0,23:00:00,,"0.0",2,"Moto/Ciclomotor,Automóvil","Bv. 27 De Febrero Y Cullen",2,1,0,0,1,0,0,,"Calle",,"ROSARIO","Rosario","Asfalto","No existe","II","Dentro","Urbana","Ninguna","No existe","Intersección","Bueno","Buena","Diurna","Buen Tiempo","Lateral","S/D","Colisión","Ninguna","Faltante","Ninguna","Sin restricción"
2016,8065,11/13/2016,"Domingo",0,23:30:00,,"0.0",2,"Automóvil,Moto/Ciclomotor","J J Paso Y Dorrego",4,1,1,0,2,0,0,,"S/D",,"CERES","San Cristóbal","Asfalto","No existe","XII","S/D","Urbana","Ninguna","No existe","Intersección","Bueno","Buena","Nocturna","Buen Tiempo","Lateral","S/D","Colisión","Ninguna","Faltante","Ninguna","Sin restricción"
2016,8066,11/11/2016,"Viernes",0,11:30:00,,"0.0",2,"Automóvil,Automóvil","Morelli Y Av Belgrano",2,1,0,0,0,0,1,,"Calle",,"PEREZ","Rosario","Asfalto","S/D","II","Dentro","Urbana","Ninguna","S/D","Intersección","Otro","S/D","S/D","Otro","De alcance","S/D","Colisión","Ninguna","Vertical","Ninguna","Sin restricción"
2016,8067,11/26/2016,"Sabado",0,11:50:00,,"0.0",2,"Moto/Ciclomotor,Automóvil","Belgrano Y Pasteur",2,1,0,0,1,0,0,,"Calle",,"VILLA GOBERNADOR GÁLVEZ","Rosario","Asfalto","No existe","II","S/D","Urbana","Ninguna","No existe","Intersección","Bueno","Buena","Diurna","Buen Tiempo","S/D","S/D","Colisión","Ninguna","Faltante","S/D","Sin restricción"
2016,8068,11/12/2016,"Sabado",0,20:00:00,,"0.0",1,"Moto/Ciclomotor","C Silva Y Bolivia",1,1,0,0,0,0,0,,"Calle",,"PUERTO SAN MARTÍN","San Lorenzo","Asfalto","No existe","XVII","Dentro","Urbana","S/D","No existe","Intersección","Bueno","Buena","Atardecer","Buen Tiempo","Atropello animal","S/D","Colisión","Ninguna","Faltante","S/D","S/D"
2016,8069,11/11/2016,"Viernes",0,19:00:00,,"0.0",2,"Peatón,Moto/Ciclomotor","Amenabar 3900",2,1,0,0,1,0,0,,"Calle",,"ROSARIO","Rosario","Asfalto","Natural","II","Fuera","Urbana","Ninguna","No existe","Recta","Bueno","Buena","Atardecer","Buen Tiempo","S/D","Peatón","Atropello","Ninguna","Faltante","Ninguna","Sin restricción"
2016,8070,11/17/2016,"Jueves",0,21:30:00,,"0.0",2,"Automóvil,Moto/Ciclomotor","Rivarola Y Anderson",4,2,0,0,2,0,0,,"Calle",,"ROSARIO","Rosario","Asfalto","Pavimento","II","Dentro","Urbana","Ninguna","No existe","Recta","Bueno","Reducida","Nocturna","Buen Tiempo","S/D","S/D","Colisión","S/D","S/D","Ninguna","Sin restricción"
2016,8071,11/5/2016,"Sabado",0,9:40:00,,"0.0",2,"Automóvil,Moto/Ciclomotor","9 de Julio Y Cordoba",2,1,0,0,1,0,0,,"Calle",,"PUERTO SAN MARTÍN","San Lorenzo","Asfalto","Pavimento","XVII","Dentro","Urbana","Ninguna","No existe","Intersección","Bueno","Buena","Diurna","Buen Tiempo","Lateral","S/D","Colisión","Ninguna","Faltante","Ninguna","Sin restricción"
2016,8072,11/20/2016,"Domingo",0,20:00:00,"Autopista Nacional Gral. Juan Jose Valle","271.0",4,"Automóvil,Automóvil,Automóvil,Automóvil"," ",10,1,0,0,9,0,0,,"Autopista","Gral. Juan Jose Valle","GENERAL LAGOS","Rosario","Asfalto","Natural","II","Dentro","Rural","Marca Vial","Funciona","Recta","Bueno","Buena","Nocturna,Con luz artificial","Buen Tiempo","Múltiple","S/D","Colisión","Ninguna","Horizontal,Vertical","Vegetación","Sin restricción"
2016,8073,11/8/2016,"Martes",0,18:30:00,,"0.0",2,"Moto/Ciclomotor,Otros","Roullon Y Pje. Curupayti",2,1,0,0,0,0,1,,"Calle",,"ROSARIO","Rosario","Asfalto","No existe","II","Dentro","Urbana","Ninguna","No existe","Intersección","Bueno","Buena","Atardecer","Buen Tiempo","Lateral","S/D","Colisión","Ninguna","Faltante","Ninguna","Sin restricción"
2016,8074,11/11/2016,"Viernes",0,23:45:00,"Ruta Nacional 11","336.0",1,"Moto/Ciclomotor"," ",1,1,0,0,0,0,0,,"Ruta",11,"PUERTO SAN MARTÍN","San Lorenzo","Asfalto","Pavimento","XVII","Dentro","Urbana","S/D","No existe","Recta","Bueno","Buena","Nocturna","Buen Tiempo","S/D","S/D","Caída ocupante","Ninguna","Faltante","Ninguna","S/D"
2016,8075,11/5/2016,"Sabado",0,10:00:00,,"0.0",2,"Moto/Ciclomotor,Automóvil","AV GODOY Y FUNES",2,1,0,0,1,0,0,,"Calle",,"ROSARIO","Rosario","Asfalto","No existe","II","Dentro","Urbana","Ninguna","No existe","Intersección","Bueno","Buena","Amanecer","Otro","Lateral","S/D","Colisión","Ninguna","Faltante","Ninguna","Sin restricción"
2016,8076,11/14/2016,"Lunes",0,12:05:00,,"0.0",2,"Automóvil,Moto/Ciclomotor","Av. Provincias Unidas Y Ocampo",2,1,0,0,1,0,0,,"Calle",,"ROSARIO","Rosario","Asfalto","Pavimento","II","Dentro","Urbana","Ninguna","No existe","Intersección","Bueno","Buena","Diurna","Buen Tiempo","S/D","S/D","Colisión","S/D","S/D","Cordón divisorio","Sin restricción"
2016,8077,11/21/2016,"Lunes",0,21:15:00,,"0.0",2,"Moto/Ciclomotor,Pickup/Utilitario","Soldado Aguirre Y Marcos Paz",3,1,0,0,2,0,0,,"Avenida",,"VILLA GOBERNADOR GÁLVEZ","Rosario","Asfalto","No existe","II","S/D","Urbana","Ninguna","No existe","Intersección","Deteriorada","Buena","Nocturna,Con luz artificial","Buen Tiempo","Lateral","S/D","Colisión","Material Suelto","Faltante","Cordón divisorio","Sin restricción"
2016,8078,11/8/2016,"Martes",0,19:00:00,,"0.0",2,"Moto/Ciclomotor,Automóvil","Av. Circunvalacion Y Av. Pte.Peron",2,1,0,0,1,0,0,,"Calle",,"ROSARIO","Rosario","Asfalto","Pavimento","II","Dentro","Urbana","S/D","No existe","Recta","Bueno","Buena","Diurna","Buen Tiempo","S/D","S/D","Colisión","S/D","S/D","Guardarrail","Obra en Construcción"
2016,8079,11/4/2016,"Viernes",0,21:00:00,,"0.0",1,"Moto/Ciclomotor","Iguazu ",2,2,0,0,0,0,0,,"Calle",,"PUERTO SAN MARTÍN","San Lorenzo","Asfalto","S/D","XVII","Dentro","Urbana","S/D","S/D","Recta","Bueno","Buena","Nocturna","Buen Tiempo","S/D","S/D","Caída ocupante","S/D","S/D","S/D","S/D"
2016,8080,11/2/2016,"Miercoles",0,14:30:00,,"0.0",2,"Moto/Ciclomotor,Moto/Ciclomotor","Cordoba 2100",2,1,0,0,1,0,0,,"Calle",,"PUERTO SAN MARTÍN","San Lorenzo","Asfalto","No existe","XVII","Dentro","Urbana","S/D","No existe","Intersección","Bueno","Buena","Diurna","Buen Tiempo","Lateral","S/D","Colisión","Ninguna","S/D","Ninguna","S/D"
2016,8081,11/3/2016,"Jueves",0,12:00:00,,"0.0",2,"Pickup/Utilitario,Peatón","Av Filipini Y Jaures",2,1,0,0,1,0,0,,"Calle",,"VILLA GOBERNADOR GÁLVEZ","Rosario","Asfalto","No existe","II","Dentro","Urbana","Ninguna","No existe","Intersección","Con baches","Buena","Diurna","Buen Tiempo","S/D","Peatón","Atropello","S/D","Faltante","Ninguna","Sin restricción"
2016,8082,11/3/2016,"Jueves",0,20:00:00,,"0.0",2,"Moto/Ciclomotor,Automóvil","Roullon Y Dr.Maradona",2,1,0,0,1,0,0,,"Calle",,"ROSARIO","Rosario","Asfalto","No existe","II","Dentro","Urbana","Ninguna","No existe","Intersección","Bueno","Buena","Nocturna","Buen Tiempo","Lateral","S/D","Colisión","Ninguna","Faltante","Ninguna","Sin restricción"
2016,8083,11/3/2016,"Jueves",0,16:00:00,"Ruta Secundaria 22-s","0.0",2,"Bicicleta,Automóvil"," ",2,1,0,0,1,0,0,,"Ruta","22-s","VILLA GOBERNADOR GÁLVEZ","Rosario","Asfalto","No existe","II","Dentro","Urbana","Ninguna","No existe","Intersección","Bueno","Buena","Diurna","Buen Tiempo","S/D","Ciclista","Colisión,Atropello","Material Suelto","Faltante","Cordón divisorio","Sin restricción"
2016,8084,11/4/2016,"Viernes",0,21:00:00,,"0.0",2,"Moto/Ciclomotor,Automóvil","Av. Ovidio Lagos 7400",3,1,0,0,2,0,0,,"Calle",,"ROSARIO","Rosario","Asfalto","Pavimento","II","Dentro","Urbana","Ninguna","No existe","Recta","Bueno","Buena","Nocturna","Buen Tiempo","Lateral","S/D","Colisión","S/D","Faltante","Cordón divisorio","Sin restricción"
2016,8085,11/8/2016,"Martes",0,8:00:00,,"0.0",2,"Moto/Ciclomotor,Automóvil","Bahia Blanca Bis Y Pje. A.Nervo",2,1,0,0,1,0,0,,"Calle",,"ROSARIO","Rosario","Asfalto","No existe","II","Dentro","Urbana","S/D","No existe","Intersección","Bueno","Buena","Diurna","Buen Tiempo","Lateral","S/D","Colisión","S/D","S/D","S/D","S/D"
2016,8086,11/1/2016,"Martes",0,17:00:00,,"0.0",2,"Bicicleta,Moto/Ciclomotor","Barra Y Godoy Cruz",2,2,0,0,0,0,0,,"Calle",,"ROSARIO","Rosario","Asfalto","No existe","II","Dentro","Urbana","Ninguna","No existe","Intersección","Bueno","Buena","Atardecer","Buen Tiempo","S/D","Ciclista","Atropello","Ninguna","Faltante","Ninguna","Sin restricción"
2016,8087,11/5/2016,"Sabado",0,23:10:00,,"0.0",2,"Automóvil,Moto/Ciclomotor","Av. Ovidio Lagos Y Av. Battle y Ordoñez",2,1,0,0,1,0,0,,"Calle",,"ROSARIO","Rosario","Asfalto","Pavimento","II","Dentro","Urbana","Semáforo","Funciona","Intersección","Bueno","Buena","Nocturna","Buen Tiempo","Lateral","S/D","Colisión","S/D","Vertical","Cordón divisorio","Sin restricción"
2016,8088,11/8/2016,"Martes",0,,,"0.0",2,"Automóvil,Automóvil","Saenz Peña Y Chacabuco",2,1,0,0,1,0,0,,"Calle",,"VILLA GOBERNADOR GÁLVEZ","Rosario","Asfalto","No existe","II","S/D","Urbana","Ninguna","No existe","Recta","Bueno","Buena","Diurna","Buen Tiempo","De alcance","S/D","Colisión","S/D","Faltante","Ninguna","Sin restricción"
2016,8089,11/8/2016,"Martes",0,11:00:00,,"0.0",2,"Moto/Ciclomotor,Automóvil","Av. Ntra.Sra.del Rosario Y Av. Ovidio Lagos",3,2,0,0,1,0,0,,"Calle",,"ROSARIO","Rosario","Asfalto","S/D","II","Dentro","Urbana","Semáforo","Funciona","Intersección","Bueno","S/D","Diurna","Buen Tiempo","De alcance","S/D","Colisión","S/D","Vertical","Cordón divisorio","Sin restricción"
2016,8090,11/9/2016,"Miercoles",0,8:45:00,,"0.0",2,"Automóvil,Automóvil","Bv. Avellaneda Y G.Carrasco",2,1,0,0,1,0,0,,"Avenida",,"ROSARIO","Rosario","Asfalto","S/D","II","Dentro","Urbana","S/D","S/D","Intersección","Bueno","Buena","Diurna","Buen Tiempo","Lateral","S/D","Colisión","S/D","S/D","Cordón divisorio","S/D"
2016,8091,11/2/2016,"Miercoles",0,,,"0.0",2,"Moto/Ciclomotor,Automóvil","Av Juan Domingo Peron Y G Lopez",2,1,0,0,1,0,0,,"Calle",,"VILLA GOBERNADOR GÁLVEZ","Rosario","Asfalto","No existe","II","S/D","Urbana","Ninguna","No existe","Recta","Bueno","Buena","Diurna","Buen Tiempo","Lateral","S/D","Colisión","Ninguna","Faltante","Ninguna","Sin restricción"
2016,8092,11/23/2016,"Miercoles",0,19:15:00,,"0.0",2,"Moto/Ciclomotor,Automóvil","Av. Provincias Unidas Y Pje. Bianchi",2,1,0,0,1,0,0,,"Calle",,"ROSARIO","Rosario","Asfalto","S/D","II","Dentro","Urbana","S/D","S/D","Intersección","Bueno","S/D","Atardecer","S/D","Lateral","S/D","Colisión","S/D","S/D","S/D","S/D"
2016,8093,11/13/2016,"Domingo",0,2:00:00,,"0.0",2,"Automóvil,Moto/Ciclomotor","Junin Y Echeverria Bis",2,1,0,0,1,0,0,,"Calle",,"ROSARIO","Rosario","Asfalto","S/D","II","Dentro","Urbana","S/D","S/D","Intersección","Bueno","Buena","Nocturna","Buen Tiempo","Lateral","S/D","Colisión","Ninguna","Faltante","S/D","S/D"
2016,8094,11/18/2016,"Viernes",0,20:50:00,,"0.0",2,"Moto/Ciclomotor,Moto/Ciclomotor","AV ARIJON Y COLECTORA ",3,2,0,0,1,0,0,,"Calle",,"ROSARIO","Rosario","Asfalto","Pavimento","II","Dentro","Urbana","Ninguna","No existe","Intersección","Bueno","Buena","Nocturna","Buen Tiempo","Frontal","S/D","Colisión","S/D","Horizontal","Ninguna","Sin restricción"
2016,8095,11/11/2016,"Viernes",0,19:25:00,,"0.0",2,"Pickup/Utilitario,Moto/Ciclomotor","Darragueira Y Av. Irigoyen",2,1,0,0,1,0,0,,"Calle",,"ROSARIO","Rosario","Hormigón","No existe","II","Dentro","Urbana","S/D","No existe","Intersección","Bueno","S/D","Diurna","Buen Tiempo","Lateral","S/D","Colisión","S/D","Faltante","Ninguna","S/D"
2016,8096,11/13/2016,"Domingo",0,2:00:00,,"0.0",2,"Automóvil,Moto/Ciclomotor","Albert Sabin Y Bv. Avellaneda",3,2,0,0,1,0,0,,"Avenida",,"ROSARIO","Rosario","Asfalto","S/D","II","Dentro","Urbana","Ninguna","S/D","Intersección","Bueno","Buena","Nocturna","Buen Tiempo","Lateral","S/D","Colisión","Ninguna","S/D","Cordón divisorio","S/D"
2016,8097,11/17/2016,"Jueves",0,12:30:00,,"0.0",2,"Moto/Ciclomotor,Automóvil","Guatemala Y Perez Bulnes",2,1,0,0,1,0,0,,"Calle",,"ROSARIO","Rosario","Asfalto","S/D","II","Dentro","Urbana","S/D","S/D","Intersección","Bueno","S/D","Diurna","S/D","Lateral","S/D","Colisión","S/D","S/D","S/D","S/D"
2016,8098,11/18/2016,"Viernes",0,18:15:00,,"0.0",2,"Automóvil,Bicicleta","Pje. Polonia Y Bahia Blanca Bis",2,1,0,0,1,0,0,,"Calle",,"ROSARIO","Rosario","Asfalto","S/D","II","Dentro","Urbana","S/D","S/D","Intersección","Bueno","Buena","Diurna","Buen Tiempo","S/D","Ciclista","Atropello","Ninguna","Faltante","S/D","S/D"
2016,8099,11/18/2016,"Viernes",0,23:00:00,,"0.0",2,"Automóvil,Moto/Ciclomotor","G.Carrasco 2700",3,2,0,0,1,0,0,,"Avenida",,"ROSARIO","Rosario","Asfalto","Pavimento","II","S/D","Urbana","S/D","S/D","Recta","Bueno","Buena","Nocturna","Buen Tiempo","S/D","S/D","Colisión","Ninguna","S/D","Ninguna","Sin restricción"
2016,8100,11/21/2016,"Lunes",0,23:10:00,,"0.0",2,"Bicicleta,Automóvil","Av. Pellegrini Y Cullen",2,1,0,0,1,0,0,,"Calle",,"ROSARIO","Rosario","Asfalto","S/D","II","Dentro","Urbana","S/D","S/D","Intersección","Bueno","S/D","Nocturna","S/D","S/D","Ciclista","Atropello","S/D","S/D","S/D","S/D"
2016,8101,11/23/2016,"Miercoles",0,9:15:00,,"0.0",2,"Automóvil,Bicicleta","Albert Sabin Y Av. Luis Carballo",2,1,0,0,1,0,0,,"Avenida",,"ROSARIO","Rosario","Asfalto","S/D","II","Dentro","Urbana","S/D","S/D","Intersección","Bueno","Buena","Diurna","Buen Tiempo","S/D","Ciclista","Atropello","Ninguna","S/D","S/D","S/D"
2016,8102,11/17/2016,"Jueves",0,8:50:00,,"0.0",2,"Pickup/Utilitario,Pickup/Utilitario","P.Araoz Y Warnes",3,3,0,0,0,0,0,,"Calle",,"ROSARIO","Rosario","Asfalto","No existe","II","Dentro","Urbana","S/D","No existe","Intersección","Bueno","S/D","Diurna","Buen Tiempo","S/D","S/D","Colisión","S/D","S/D","Ninguna","S/D"
2016,8103,11/20/2016,"Domingo",0,19:45:00,,"0.0",2,"Pickup/Utilitario,Moto/Ciclomotor","Casilda Y ",2,0,1,0,1,0,0,,"Calle",,"ROSARIO","Rosario","Asfalto","Pavimento","II","Dentro","Urbana","S/D","No existe","Recta","Bueno","Buena","Atardecer","Buen Tiempo","De alcance","S/D","Colisión","S/D","S/D","S/D","S/D"
2016,8104,11/21/2016,"Lunes",0,10:35:00,,"0.0",2,"Moto/Ciclomotor,Taxi/Remis","Av. Pellegrini ",3,2,0,0,1,0,0,,"Calle",,"ROSARIO","Rosario","Asfalto","S/D","II","Dentro","Urbana","S/D","S/D","Intersección","Bueno","S/D","Diurna","S/D","Lateral","S/D","Colisión","S/D","S/D","S/D","S/D"
2016,8105,11/15/2016,"Martes",0,17:15:00,,"0.0",2,"Moto/Ciclomotor,Automóvil","Av. Ovidio Lagos 5200",2,1,0,0,1,0,0,,"Avenida",,"ROSARIO","Rosario","Asfalto","No existe","II","Dentro","Urbana","Ninguna","S/D","Recta","Bueno","Buena","Atardecer","Buen Tiempo","S/D","S/D","Colisión","Ninguna","S/D","Cordón divisorio","Sin restricción"
2016,8106,11/6/2016,"Domingo",0,15:10:00,,"0.0",1,"Moto/Ciclomotor","Bv. Avellaneda Y Velez Sarsfield",2,2,0,0,0,0,0,,"Avenida",,"ROSARIO","Rosario","Asfalto","S/D","II","Dentro","Urbana","S/D","No existe","Intersección","Bueno","Buena","Diurna","Buen Tiempo","S/D","S/D","Caída ocupante","S/D","Horizontal","S/D","S/D"
2016,8107,11/4/2016,"Viernes",0,10:50:00,,"0.0",2,"Moto/Ciclomotor,Automóvil","Av. Alberdi Bis Y ",3,2,0,0,1,0,0,,"Avenida",,"ROSARIO","Rosario","Asfalto","No existe","II","Dentro","Urbana","S/D","No existe","Intersección","Bueno","Buena","Diurna","Buen Tiempo","Lateral","S/D","Colisión","S/D","S/D","Barrera de hormigón","Sin restricción"
2016,8108,11/6/2016,"Domingo",0,13:35:00,,"0.0",2,"Moto/Ciclomotor,Automóvil","Av. Eva Peron Y F.More",2,1,0,0,1,0,0,,"Calle",,"ROSARIO","Rosario","Asfalto","S/D","II","Dentro","Urbana","S/D","S/D","Intersección","Bueno","S/D","Diurna","S/D","Lateral","S/D","Colisión","S/D","S/D","S/D","S/D"
2016,8109,11/4/2016,"Viernes",0,0:00:00,,"0.0",2,"Moto/Ciclomotor,Moto/Ciclomotor","Av. Provincias Unidas Y White",2,1,0,0,1,0,0,,"Calle",,"ROSARIO","Rosario","Asfalto","S/D","II","Dentro","Urbana","S/D","Funciona","Intersección","Bueno","S/D","Nocturna","S/D","Lateral","S/D","Colisión","S/D","S/D","S/D","S/D"
2016,8110,11/15/2016,"Martes",0,12:00:00,,"0.0",2,"Pickup/Utilitario,Bicicleta","Cervantes Y Castellanos",2,1,0,0,1,0,0,,"Calle",,"SAN JOSÉ DE LA ESQUINA","Caseros","Asfalto","No existe","IV","Dentro","Urbana","S/D","No existe","Intersección","Bueno","Buena","Diurna","Buen Tiempo","S/D","Ciclista","Atropello","Agua","Horizontal,Vertical","S/D","Sin restricción"
2016,8111,11/9/2016,"Miercoles",0,2:00:00,,"0.0",1,"Moto/Ciclomotor","Avenida Carlos Pellegrini Y Dante",2,1,0,0,1,0,0,,"Avenida",,"SAN JOSÉ DE LA ESQUINA","Caseros","Hormigón","S/D","IV","Dentro","Urbana","Señal Pare","No existe","Intersección","Bueno","Buena","Nocturna,Con luz artificial","Buen Tiempo","Lateral","S/D","Colisión","Ninguna","Vertical","S/D","S/D"
2016,8112,11/4/2016,"Viernes",0,17:30:00,,"0.0",2,"Automóvil,Automóvil","Mendoza Y Cullen",2,1,0,0,1,0,0,,"Calle",,"ROSARIO","Rosario","Asfalto","S/D","II","Dentro","Urbana","S/D","Funciona","Intersección","Bueno","Buena","Diurna","S/D","Lateral","S/D","Colisión","S/D","S/D","S/D","S/D"
2016,8113,11/6/2016,"Domingo",0,23:10:00,,"0.0",2,"Moto/Ciclomotor,Moto/Ciclomotor","Av. Pte.Peron Y Av. Provincias Unidas",3,2,0,0,1,0,0,,"Calle",,"ROSARIO","Rosario","Asfalto","Pavimento","II","Dentro","Urbana","S/D","Funciona","Recta","Bueno","Buena","Nocturna","Buen Tiempo","S/D","S/D","Colisión","S/D","S/D","Cordón divisorio","Sin restricción"