"anio_acci","nro_acci","fecha","desc_dia","fecha_aprox","hora_aprox","desc_ruta","km","cant_participantes","desc_participante","calle_avenida_km","total","heridos_leves","heridos_graves","heridos_gravisimos","ilesos","fallecidos","sin_datos","posicion_XY","desc_tipo_via","desc_ruta_ori","desc_loc","desc_dpto","desc_tipo_calzada","desc_tipo_banquina","desc_unidad_regional","desc_lugar_calzada","desc_zona","desc_prioridad","desc_estado_semaforo","desc_lugar_via","desc_estado_via","desc_estado_visibilidad","desc_luminosidad","desc_estado_clima","desc_tipo_colision","desc_tipo_atropello","desc_tipo_hecho","desc_pres_calzada","desc_senializacion","desc_separacion_via","desc_restriccion"
2016,8114,11/17/2016,"Jueves",0,18:00:00,,"0.0",2,"Bicicleta,Moto/Ciclomotor","Irurtia Y Benitez",2,1,0,0,1,0,0,,"Calle",,"ROSARIO","Rosario","Asfalto","Pavimento","II","Dentro","Urbana","Ninguna","No existe","Recta","Bueno","Buena","Diurna","Buen Tiempo","S/D","Ciclista","Atropello","S/D","S/D","Ninguna","Sin restricción"
2016,8115,11/14/2016,"Lunes",0,11:50:00,,"0.0",2,"Automóvil,Moto/Ciclomotor","Av. Circunvalacion Y Av. Uriburu",2,1,0,0,1,0,0,,"Calle",,"ROSARIO","Rosario","Asfalto","Pavimento","II","Dentro","Urbana","Policía de tránsito","No existe","Recta","Bueno","Buena","Diurna","Buen Tiempo","De alcance","S/D","Colisión","S/D","S/D","Guardarrail","Sin restricción"
2016,8116,11/8/2016,"Martes",0,16:50:00,,"0.0",2,"Automóvil,Moto/Ciclomotor","A Marini Y Ramon y Cajal",2,0,1,0,1,0,0,,"Calle",,"RAFAELA","Castellanos","Asfalto","No existe","V","Dentro","Urbana","Ninguna","No existe","Intersección","Bueno","Buena","Diurna","Buen Tiempo","Lateral","S/D","Colisión","Ninguna","Faltante","Ninguna","Sin restricción"
2016,8117,11/15/2016,"Martes",0,11:30:00,,"0.0",2,"Automóvil,Moto/Ciclomotor","Av. Provincias Unidas Y Av. Pte.Peron",4,3,0,0,1,0,0,,"Calle",,"ROSARIO","Rosario","Asfalto","Pavimento","II","Dentro","Urbana","Semáforo","Funciona","Recta","Bueno","Buena","Diurna","Buen Tiempo","S/D","S/D","Colisión","S/D","S/D","Barrera de hormigón","Sin restricción"
2016,8118,11/14/2016,"Lunes",0,17:20:00,,"0.0",2,"Moto/Ciclomotor,Automóvil","Av. Circunvalacion Y Bv. Segui",2,1,0,0,1,0,0,,"Calle",,"ROSARIO","Rosario","Asfalto","Pavimento","II","Dentro","Urbana","Ninguna","No existe","Recta","Bueno","Buena","Diurna","Buen Tiempo","De alcance","S/D","Colisión","S/D","S/D","Guardarrail","Sin restricción"
2016,8119,11/6/2016,"Domingo",0,20:46:00,,"0.0",2,"Moto/Ciclomotor,Automóvil","Simon de Iriondo 4733",2,0,1,0,1,0,0,,"Calle",,"ESPERANZA","Las Colonias","Asfalto","Pavimento","XI","S/D","Urbana","Ninguna","No existe","Recta","Bueno","Buena","Diurna","Buen Tiempo","Múltiple","S/D","Colisión","Ninguna","Horizontal","Línea divisoria pintada","Sin restricción"
2016,8120,11/22/2016,"Martes",0,11:45:00,,"0.0",2,"Moto/Ciclomotor,Automóvil","Rivarola ",2,1,0,0,1,0,0,,"Calle",,"ROSARIO","Rosario","Asfalto","Pavimento","II","Dentro","Urbana","Ninguna","No existe","Recta","Bueno","Buena","Diurna","Buen Tiempo","S/D","S/D","Colisión","S/D","S/D","Ninguna","S/D"
2016,8121,11/15/2016,"Martes",0,16:50:00,,"0.0",2,"Moto/Ciclomotor,Automóvil","Peru Y Islas Malvinas",2,1,0,0,1,0,0,,"Calle",,"ESPERANZA","Las Colonias","Asfalto","No existe","XI","S/D","Urbana","Ninguna","No existe","Intersección","Bueno","Buena","Diurna","Buen Tiempo","Lateral","S/D","Colisión","Ninguna","Faltante","Ninguna","Sin restricción"
2016,8122,11/12/2016,"Sabado",0,,"Ruta Nacional 34","216.0",1,"Camión"," ",1,1,0,0,0,0,0,,"Ruta",34,"RAFAELA","Castellanos","Tierra","No existe","V","S/D","Rural","S/D","No existe","Otro","Otro","Buena","S/D","Buen Tiempo","S/D","S/D","Vuelco","S/D","S/D","S/D","S/D"
2016,8123,11/20/2016,"Domingo",0,18:50:00,,"0.0",2,"Moto/Ciclomotor,Automóvil","Bv. 27 De Febrero ",2,1,0,0,1,0,0,,"Calle",,"ROSARIO","Rosario","Asfalto","No existe","II","Dentro","Urbana","Ninguna","Funciona","Recta","Bueno","Reducida","Atardecer","Buen Tiempo","S/D","S/D","Colisión","S/D","S/D","Ninguna","Sin restricción"
2016,8124,11/30/2016,"Miercoles",0,14:00:00,,"0.0",2,"Taxi/Remis,Moto/Ciclomotor","Av. Provincias Unidas Y Rueda",3,2,0,0,1,0,0,,"Calle",,"ROSARIO","Rosario","Asfalto","No existe","II","Dentro","Urbana","Ninguna","Funciona","Recta","Bueno","Buena","Diurna","Buen Tiempo","S/D","S/D","Colisión","S/D","S/D","Barrera de hormigón","Sin restricción"
2016,8125,11/1/2016,"Martes",0,5:20:00,"Ruta Nacional 19","73.7",1,"Transporte de Pasajeros Larga Distancia (Doble Piso)"," ",37,23,7,0,7,0,0,,"Ruta",19,"ANGÉLICA","Castellanos","Asfalto","Natural","V","Fuera","Rural","Ninguna","No existe","Recta","Bueno","Reducida","Nocturna","Viento Fuerte","S/D","S/D","Vuelco","Agua","Horizontal,Vertical","Vegetación","Sin restricción"
2016,8126,11/7/2016,"Lunes",0,9:00:00,,"0.0",2,"Automóvil,Moto/Ciclomotor","Av. Circunvalacion Y Bv. 27 De Febrero",2,1,0,0,1,0,0,,"Calle",,"ROSARIO","Rosario","Hormigón","Pavimento","II","Dentro","Urbana","Ninguna","S/D","Recta","Bueno","Buena","Diurna","Buen Tiempo","S/D","S/D","Colisión","S/D","S/D","Guardarrail","Sin restricción"
2016,8127,11/7/2016,"Lunes",0,20:20:00,,"0.0",2,"Bicicleta,Moto/Ciclomotor","Calle 1711 ",4,1,0,0,3,0,0,,"Calle",,"ROSARIO","Rosario","Asfalto","S/D","II","Dentro","Urbana","Ninguna","S/D","Intersección","Bueno","S/D","Nocturna","Buen Tiempo","S/D","Ciclista","Atropello","S/D","S/D","Ninguna","Sin restricción"
2016,8128,11/24/2016,"Jueves",0,14:00:00,,"0.0",2,"Moto/Ciclomotor,Automóvil","Dean Funes ",4,3,0,0,1,0,0,,"Calle",,"ROSARIO","Rosario","Asfalto","Pavimento","II","Dentro","Urbana","Ninguna","No existe","Recta","Bueno","Buena","Diurna","Buen Tiempo","S/D","S/D","Colisión","S/D","S/D","Ninguna","Sin restricción"
2016,8129,11/29/2016,"Martes",0,,,"0.0",2,"Moto/Ciclomotor,Automóvil","Rivarola 7000",4,2,0,0,2,0,0,,"Calle",,"ROSARIO","Rosario","Asfalto","Pavimento","II","Dentro","Urbana","Ninguna","No existe","Recta","Bueno","Buena","Diurna","Buen Tiempo","S/D","S/D","Colisión","S/D","S/D","Barrera de hormigón","Sin restricción"
2016,8130,11/30/2016,"Miercoles",0,14:00:00,,"0.0",3,"Automóvil,Automóvil,Camión Chasis","Av. Ovidio Lagos ",3,2,0,0,1,0,0,,"Calle",,"ROSARIO","Rosario","Asfalto","Pavimento","II","Dentro","Urbana","Ninguna","No existe","Intersección","Bueno","Buena","Diurna","Buen Tiempo","Múltiple","S/D","Colisión","S/D","Faltante","Ninguna","Sin restricción"
2016,8131,11/29/2016,"Martes",0,18:15:00,,"0.0",2,"Moto/Ciclomotor,Pickup/Utilitario","Bv Santa Fe Y Estanislao Zeballos",3,2,0,0,1,0,0,,"Calle",,"RAFAELA","Castellanos","Asfalto","S/D","V","Dentro","Urbana","Ninguna","S/D","Intersección","Bueno","S/D","Diurna","Buen Tiempo","Frontal","S/D","Colisión","S/D","S/D","Ninguna","Sin restricción"
2016,8132,11/12/2016,"Sabado",0,5:30:00,,"0.0",2,"Moto/Ciclomotor,Moto/Ciclomotor","Tucuman Y Edison",4,3,0,0,1,0,0,,"Calle",,"RAFAELA","Castellanos","Asfalto","No existe","V","Dentro","Urbana","Ninguna","No existe","Intersección","Bueno","Buena","Diurna","Buen Tiempo","Lateral","S/D","Colisión","S/D","Horizontal","Ninguna","Sin restricción"
2016,8133,11/16/2016,"Miercoles",0,21:15:00,,"0.0",2,"Moto/Ciclomotor,Automóvil","Bv Pte Roca 1400",2,1,0,0,1,0,0,,"Calle",,"RAFAELA","Castellanos","Hormigón","Pavimento","V","Dentro","Urbana","Ninguna","No existe","Recta","Bueno","Buena","Nocturna,Con luz artificial","Buen Tiempo","S/D","S/D","Colisión","S/D","Vertical","Cordón divisorio","Sin restricción"
2016,8134,11/13/2016,"Domingo",0,14:00:00,,"0.0",2,"Moto/Ciclomotor,Automóvil","Av Roque Saenz Pe±a Y 1ro de Mayo",2,0,1,0,1,0,0,,"Calle",,"RAFAELA","Castellanos","Hormigón","No existe","V","Dentro","Urbana","Otra Señal","No existe","Rotonda","Bueno","Buena","Diurna","Buen Tiempo","Lateral","S/D","Colisión","S/D","Faltante","Ninguna","Sin restricción"
2016,8135,11/6/2016,"Domingo",0,8:30:00,,"0.0",1,"Automóvil","Bv Raul Rodriguez 1200",2,2,0,0,0,0,0,,"Calle",,"PUJATO","San Lorenzo","Asfalto","Natural","XVII","Dentro","Urbana","Ninguna","No existe","Curva","Bueno","Buena","Diurna","Buen Tiempo","Contra objeto fijo","S/D","Colisión","S/D","Faltante","Guardarrail","Sin restricción"
2016,8136,11/6/2016,"Domingo",0,3:15:00,,"0.0",2,"Moto/Ciclomotor,Automóvil","Antonio Podio Y Juan B Justo",7,2,0,0,5,0,0,,"Calle",,"RAFAELA","Castellanos","Asfalto","Pavimento","V","Dentro","Urbana","Ninguna","No existe","Intersección","Bueno","Buena","Nocturna","Buen Tiempo","De alcance","S/D","Colisión","Ninguna","Horizontal","Cordón divisorio","Sin restricción"
2016,8137,11/30/2016,"Miercoles",0,11:30:00,"Ruta Provincial 17","0.0",1,"Moto/Ciclomotor"," ",1,0,1,0,0,0,0,,"Ruta",17,"TOSTADO","9 de Julio","Asfalto","Natural","XII","Dentro","Urbana","Ninguna","No existe","Recta","Con baches","Buena","Diurna","Buen Tiempo","S/D","S/D","Caída ocupante","S/D","S/D","Ninguna","Sin restricción"
2016,8138,11/1/2016,"Martes",0,,,"0.0",2,"Automóvil,Bicicleta","Av. Pte.Peron 4400",2,1,0,0,1,0,0,,"Avenida",,"ROSARIO","Rosario","Asfalto","S/D","II","Dentro","Urbana","S/D","S/D","Recta","Bueno","Buena","S/D","Buen Tiempo","S/D","Ciclista","Atropello","Ninguna","S/D","S/D","S/D"
2016,8139,11/7/2016,"Lunes",0,2:05:00,"Ruta Provincial 1","29.0",1,"Pickup/Utilitario"," ",2,2,0,0,0,0,0,,"Ruta",1,"LOS ZAPALLOS","Garay","Asfalto","S/D","VII","Dentro","Rural","S/D","S/D","Recta","Bueno","Buena","Nocturna,Con luz artificial","Buen Tiempo","S/D","S/D","Vuelco","S/D","S/D","S/D","S/D"
2016,8140,11/17/2016,"Jueves",0,21:50:00,,"0.0",2,"Moto/Ciclomotor,Peatón","Cordoba Y Corrientes",2,1,0,0,1,0,0,,"Calle",,"GREGORIA P. DE DENIS","9 de Julio","Ripio","No existe","XII","Dentro","Urbana","Ninguna","No existe","Recta","Bueno","Reducida","Nocturna","Buen Tiempo","S/D","Peatón","Atropello","Ninguna","Faltante","Vegetación","Sin restricción"
2016,8141,11/23/2016,"Miercoles",0,19:30:00,,"0.0",2,"Automóvil,Moto/Ciclomotor","Av Dr E Salva Y Nicanor Alvarez",2,0,1,0,1,0,0,,"Avenida",,"RAFAELA","Castellanos","Asfalto","Pavimento","V","S/D","Urbana","Ninguna","No existe","Intersección","Bueno","Buena","Atardecer","Buen Tiempo","Lateral","S/D","Colisión","Ninguna","Faltante","Ninguna","Sin restricción"
2016,8142,11/16/2016,"Miercoles",0,11:00:00,,"0.0",1,"Moto/Ciclomotor","Bartolome Mitre Y A Rossi",3,3,0,0,0,0,0,,"Calle",,"SANTA ROSA DE CALCHINES","Garay","Asfalto","Pavimento","VII","Dentro","Urbana","Ninguna","No existe","Intersección","Bueno","Buena","Diurna","Buen Tiempo","S/D","S/D","Despiste","Ninguna","Faltante","Ninguna","Sin restricción"
2016,8143,11/13/2016,"Domingo",0,21:40:00,"Ruta Provincial 37","37.0",2,"Camión,Moto/Ciclomotor"," ",2,1,0,0,1,0,0,,"Ruta",37,"SANTA ROSA DE CALCHINES","Garay","Asfalto","Pavimento","VII","Dentro","Urbana","Ninguna","No existe","Recta","Bueno","Buena","Nocturna","Buen Tiempo","De alcance","S/D","Colisión","Ninguna","Faltante","S/D","S/D"
2016,8144,11/4/2016,"Viernes",0,21:55:00,,"0.0",2,"Automóvil,Moto/Ciclomotor","Carlos Pellegrini Y Lamadrid",2,1,0,0,1,0,0,,"Calle",,"RAFAELA","Castellanos","Hormigón","No existe","V","Dentro","Urbana","S/D","No existe","Intersección","Bueno","Buena","Nocturna","Buen Tiempo","Lateral","S/D","Colisión","S/D","S/D","S/D","Sin restricción"
2016,8145,11/26/2016,"Sabado",0,14:45:00,"Ruta Provincial 1","60.0",1,"Automóvil"," ",5,1,3,0,0,1,0,"-31.248179, -60.247879","Ruta",1,"SANTA ROSA DE CALCHINES","Garay","Asfalto","S/D","VII","Dentro","Rural","Ninguna","S/D","Curva","Resbaladiza","S/D","Diurna","Lluvia","S/D","S/D","Vuelco","Agua","S/D","Vegetación","Sin restricción"
2016,8146,11/2/2016,"Miercoles",0,16:27:00,,"0.0",2,"Camión c / Acoplado,Moto/Ciclomotor"," ",2,1,0,0,1,0,0,,"Camino Rural",,"VILLA MINETTI","9 de Julio","Tierra","No existe","XII","Dentro","Rural","Ninguna","No existe","Recta","Bueno","Reducida polvo","Diurna","Buen Tiempo","De alcance","S/D","Colisión","Ninguna","Faltante","Ninguna","Sin restricción"
2016,8147,10/8/2016,"Sabado",0,0:20:00,,"0.0",2,"Automóvil,Moto/Ciclomotor","LISANDRO DE LA TORRE Y CATAMARCA",2,2,0,0,0,0,0,,"Calle",,"SAN VICENTE.","Castellanos","Asfalto","No existe","V","Dentro","Urbana","Ninguna","No existe","Intersección","Bueno","Buena","Nocturna,Con luz artificial","Buen Tiempo","Lateral","S/D","Colisión","Ninguna","Faltante","Ninguna","Sin restricción"
2016,8148,11/1/2016,"Martes",0,7:50:00,,"0.0",2,"Automóvil,Bicicleta","Av Luis Fanti Y R Casabella",2,1,0,0,1,0,0,,"Avenida",,"RAFAELA","Castellanos","Asfalto","Pavimento","V","Dentro","Urbana","Ninguna","No existe","Intersección","Bueno","Buena","Diurna","Lluvia","S/D","Ciclista","Atropello","Ninguna","Vertical","Cordón divisorio","Sin restricción"
2016,8149,11/9/2016,"Miercoles",0,16:00:00,"Ruta Nacional A012","0.0",2,"Moto/Ciclomotor,Automóvil"," ",2,1,0,0,1,0,0,,"Ruta","A012","ALVEAR","Rosario","Asfalto","Natural","II","Dentro","Rural","S/D","No existe","Recta","Con baches","Buena","Diurna","Buen Tiempo","Lateral","S/D","Colisión","Ninguna","S/D","Línea divisoria pintada","S/D"
2016,8150,11/19/2016,"Sabado",0,20:15:00,,"0.0",2,"Moto/Ciclomotor,Automóvil","Bv Jaime Ferre Y Progreso",2,1,0,0,1,0,0,,"Calle",,"RAFAELA","Castellanos","Asfalto","No existe","V","Dentro","Urbana","Ninguna","No existe","Intersección","Bueno","Reducida","Nocturna","Buen Tiempo","Lateral","S/D","Colisión","Ninguna","Faltante","Ninguna","Sin restricción"
2016,8151,11/19/2016,"Sabado",0,23:20:00,,"0.0",1,"Automóvil","Pbro Emiliano Cerdan 300",2,1,0,0,1,0,0,,"Calle",,"RAFAELA","Castellanos","Ripio","No existe","V","Dentro","Urbana","Ninguna","No existe","Recta","Bueno","Buena","Nocturna","Buen Tiempo","S/D","S/D","Vuelco","Ninguna","Faltante","Ninguna","Sin restricción"
2016,8152,11/18/2016,"Viernes",0,5:40:00,"Ruta Nacional A012","0.0",2,"Moto/Ciclomotor,Automóvil"," ",2,1,0,0,1,0,0,,"Ruta","A012","ROSARIO","Rosario","Asfalto","Natural","II","S/D","Rural","Ninguna","No existe","Recta","Con baches","Buena","Amanecer","Buen Tiempo","Lateral","S/D","Colisión","Ninguna","S/D","Línea divisoria pintada","S/D"
2016,8153,11/28/2016,"Lunes",0,22:15:00,,"280.0",1,"Moto/Ciclomotor"," ",2,2,0,0,0,0,0,,"S/D",,"ALVEAR","Rosario","Asfalto","Natural","II","Dentro","Rural","Ninguna","No existe","Recta","Bueno","Buena","Nocturna","Buen Tiempo","S/D","S/D","Caída ocupante","Ninguna","Faltante","Línea divisoria pintada","S/D"
2016,8154,11/21/2016,"Lunes",0,9:30:00,,"0.0",2,"Moto/Ciclomotor,Taxi/Remis","San Martin Y 9 De Julio",2,1,0,0,1,0,0,,"Calle",,"ROSARIO","Rosario","Asfalto","Pavimento","II","Dentro","Urbana","S/D","S/D","Intersección","Bueno","Buena","Diurna","Buen Tiempo","Lateral","S/D","Colisión","Ninguna","S/D","Cordón divisorio","Sin restricción"
2016,8155,11/17/2016,"Jueves",0,9:45:00,,"0.0",2,"Taxi/Remis,Peatón","Italia Y Rioja",2,1,0,0,1,0,0,,"Calle",,"ROSARIO","Rosario","Asfalto","Pavimento","II","Dentro","Urbana","Ninguna","No existe","Intersección","Bueno","Buena","Diurna","Buen Tiempo","S/D","Peatón","Atropello","Ninguna","S/D","Cordón divisorio","Sin restricción"
2016,8156,11/23/2016,"Miercoles",0,20:10:00,,"0.0",2,"Automóvil,Automóvil","Mariano Moreno Y 3 De Febrero",2,1,0,0,1,0,0,,"Calle",,"ROSARIO","Rosario","Asfalto","Pavimento","II","Dentro","Urbana","Ninguna","No existe","Intersección","Bueno","Buena","Nocturna","Buen Tiempo","Lateral","S/D","Colisión","Ninguna","S/D","Cordón divisorio","Sin restricción"
2016,8157,11/25/2016,"Viernes",0,20:50:00,,"0.0",1,"Moto/Ciclomotor","Fornieles Y Alvear",2,1,0,0,0,0,1,,"Calle",,"VILLA GOBERNADOR GÁLVEZ","Rosario","Asfalto","No existe","II","Dentro","Urbana","Ninguna","No existe","Intersección","Con baches","Reducida","Nocturna,Con luz artificial","Buen Tiempo","S/D","S/D","Despiste","Agua","Faltante","Ninguna","Sin restricción"
2016,8158,11/22/2016,"Martes",0,19:00:00,,"0.0",2,"Moto/Ciclomotor,Automóvil","Jujuy Y J M Estrada",3,1,0,0,1,0,1,,"Calle",,"VILLA GOBERNADOR GÁLVEZ","Rosario","Asfalto","No existe","II","Dentro","Urbana","Ninguna","No existe","Intersección","Con baches","Buena","Atardecer","Buen Tiempo","Lateral","S/D","Colisión","Ninguna","Faltante","Ninguna","Sin restricción"
2016,8159,11/26/2016,"Sabado",0,,"Ruta Provincial 18","6.0",2,"Automóvil,Pickup/Utilitario"," ",5,2,0,0,3,0,0,,"Ruta",18,"PIÑERO","Rosario","Asfalto","Natural","II","Dentro","Rural","Ninguna","No existe","Recta","Bueno","S/D","S/D","S/D","Lateral","S/D","Colisión","Ninguna","Faltante","Línea divisoria pintada","Sin restricción"
2016,8160,11/25/2016,"Viernes",0,19:30:00,,"0.0",2,"Moto/Ciclomotor,Automóvil"," ",3,2,0,0,1,0,0,,"Calle",,"PUEBLO ESTHER","Rosario","Ripio","Ripio","II","S/D","Urbana","Ninguna","No existe","S/D","Otro","Buena","Atardecer","Buen Tiempo","Otro","S/D","Colisión","Ninguna","Faltante","S/D","S/D"
2016,8161,11/20/2016,"Domingo",0,20:15:00,,"0.0",2,"Pickup/Utilitario,Moto/Ciclomotor","9 de Julio Y Sarmiento",2,0,1,0,1,0,0,,"S/D",,"CERES","San Cristóbal","Asfalto","No existe","XIII","S/D","Urbana","Ninguna","No existe","Intersección","Bueno","Reducida","Nocturna","Buen Tiempo","Lateral","S/D","Colisión","Ninguna","Faltante","Ninguna","Sin restricción"
2016,8162,11/6/2016,"Domingo",0,,,"0.0",2,"Automóvil,Moto/Ciclomotor","Soler Y Alberdi",2,1,0,0,0,0,1,,"Calle",,"ESPERANZA","Las Colonias","Asfalto","No existe","XI","Dentro","Urbana","Ninguna","S/D","Recta","Bueno","Buena","Diurna","Buen Tiempo","S/D","S/D","Colisión","Ninguna","S/D","Ninguna","Sin restricción"
2016,8163,11/6/2016,"Domingo",0,20:20:00,,"0.0",2,"Moto/Ciclomotor,Automóvil","Mariano Moreno Y A Gabarret",2,1,0,0,0,0,1,,"Calle",,"ESPERANZA","Las Colonias","Asfalto","S/D","XI","S/D","Urbana","S/D","No existe","Intersección","Bueno","Buena","Nocturna","Buen Tiempo","S/D","S/D","Colisión","S/D","S/D","S/D","S/D"
2016,8164,11/7/2016,"Lunes",0,16:00:00,"Ruta Nacional 19","39.0",2,"Pickup/Utilitario,Camión Chasis"," ",4,3,0,0,1,0,0,,"Ruta",19,"SAN JERÓNIMO DEL SAUCE","Las Colonias","Asfalto","Natural","XI","Dentro","Urbana","Marca Vial","No existe","Recta","Bueno","Buena","Diurna","Buen Tiempo","De alcance","S/D","Colisión","S/D","Horizontal,Vertical","Guardarrail","Sin restricción"
2016,8165,11/30/2016,"Miercoles",0,12:45:00,,"0.0",2,"Moto/Ciclomotor,Otros","Mariano Moreno Y J M Lheritier",3,2,0,0,1,0,0,,"Calle",,"SAN CARLOS CENTRO","Las Colonias","Asfalto","S/D","XI","Dentro","Urbana","Ninguna","S/D","Intersección","Bueno","Buena","Diurna","Buen Tiempo","Frontal","S/D","Colisión","S/D","Horizontal,Vertical","Ninguna","Sin restricción"
2016,8166,11/30/2016,"Miercoles",0,11:00:00,,"0.0",2,"Moto/Ciclomotor,Otros","Avenida San Martin ",2,1,0,0,0,0,1,,"Calle",,"TOSTADO","9 de Julio","Asfalto","No existe","XII","Dentro","Urbana","Ninguna","No existe","Recta","S/D","Buena","Diurna","Buen Tiempo","Frontal","S/D","Colisión","S/D","Faltante","Ninguna","Sin restricción"
2016,8167,11/1/2016,"Martes",0,8:00:00,,"0.0",2,"Moto/Ciclomotor,Automóvil","Ayacucho Y Viamonte",3,2,0,0,1,0,0,,"Calle",,"ROSARIO","Rosario","Asfalto","No existe","II","Dentro","Urbana","S/D","No existe","Intersección","Bueno","Buena","Diurna","Buen Tiempo","Lateral","S/D","Colisión","Ninguna","S/D","S/D","S/D"
2016,8168,11/30/2016,"Miercoles",0,22:00:00,,"0.0",2,"Bicicleta,Automóvil","Calle 16 Gral Obligado Y Calle 19-Habegger",3,2,0,0,1,0,0,,"Calle",,"RECONQUISTA","General Obligado","Asfalto","No existe","IX","Dentro","Urbana","S/D","No existe","Intersección","Bueno","Buena","Nocturna,Con luz artificial","Buen Tiempo","S/D","Ciclista","Atropello","S/D","S/D","S/D","Sin restricción"
2016,8169,11/2/2016,"Miercoles",0,8:55:00,,"0.0",2,"Automóvil,Moto/Ciclomotor","Ayacucho Y Bv. 27 De Febrero",3,2,0,0,1,0,0,,"Avenida",,"ROSARIO","Rosario","Asfalto","No existe","II","Dentro","S/D","S/D","S/D","Intersección","Bueno","Buena","Diurna","Buen Tiempo","Lateral","S/D","Colisión","Ninguna","S/D","S/D","S/D"
2016,8170,11/4/2016,"Viernes",0,23:00:00,,"0.0",2,"Moto/Ciclomotor,Automóvil","Ituzaingo Y Buenos Aires",2,1,0,0,1,0,0,,"Calle",,"ROSARIO","Rosario","Asfalto","No existe","II","Dentro","Urbana","S/D","No existe","Intersección","Bueno","Buena","Nocturna","Buen Tiempo","Lateral","S/D","Colisión","Ninguna","S/D","S/D","Sin restricción"
2016,8171,11/24/2016,"Jueves",0,10:20:00,,"0.0",2,"Bicicleta,Taxi/Remis","Calle 10-Ludue±a Y Calle 21-Gdor. iriondo",2,1,0,0,1,0,0,,"Calle",,"RECONQUISTA","General Obligado","Asfalto","No existe","IX","Dentro","Urbana","S/D","No existe","S/D","Bueno","Buena","Diurna","Buen Tiempo","S/D","Ciclista","Atropello","S/D","S/D","S/D","Sin restricción"
2016,8172,11/4/2016,"Viernes",0,19:45:00,,"0.0",2,"Automóvil,Bicicleta","Ocampo Y J.M.de Rosas",2,1,0,0,1,0,0,,"Calle",,"ROSARIO","Rosario","Asfalto","No existe","II","Dentro","Urbana","S/D","S/D","Intersección","Bueno","Buena","Atardecer","Buen Tiempo","S/D","Ciclista","Atropello","Ninguna","S/D","S/D","Sin restricción"
2016,8173,11/14/2016,"Lunes",0,15:00:00,,"0.0",2,"Pickup/Utilitario,Moto/Ciclomotor","Necochea 2100",2,1,0,0,1,0,0,,"Calle",,"ROSARIO","Rosario","Asfalto","No existe","II","Dentro","Urbana","S/D","No existe","Recta","Bueno","Buena","Diurna","Buen Tiempo","Lateral","S/D","Colisión","Ninguna","S/D","S/D","S/D"
2016,8174,11/18/2016,"Viernes",0,13:55:00,,"0.0",2,"Automóvil,Automóvil","L.N.Alem Y Ituzaingo",2,1,0,0,1,0,0,,"Calle",,"ROSARIO","Rosario","Asfalto","No existe","II","Dentro","Urbana","S/D","No existe","Intersección","Bueno","Buena","Diurna","Buen Tiempo","Lateral","S/D","Colisión","Ninguna","S/D","S/D","Sin restricción"
2016,8175,11/20/2016,"Domingo",0,6:15:00,,"0.0",2,"Taxi/Remis,Automóvil","Pasco Y Ayacucho",3,2,0,0,1,0,0,,"Calle",,"ROSARIO","Rosario","S/D","S/D","II","Dentro","Urbana","S/D","S/D","Intersección","S/D","Buena","Amanecer","Buen Tiempo","Lateral","S/D","Colisión","Ninguna","S/D","S/D","S/D"
2016,8176,11/22/2016,"Martes",0,11:10:00,,"0.0",2,"Pickup/Utilitario,Automóvil","Ituzaingo Y Laprida",4,3,0,0,1,0,0,,"Calle",,"ROSARIO","Rosario","Asfalto","No existe","II","Dentro","Urbana","S/D","No existe","Intersección","Bueno","Buena","Diurna","Buen Tiempo","Lateral","S/D","Colisión","S/D","S/D","S/D","S/D"
2016,8177,11/23/2016,"Miercoles",0,16:00:00,,"0.0",2,"Pickup/Utilitario,Bicicleta","Riobamba Y Ayacucho",2,1,0,0,1,0,0,,"Calle",,"ROSARIO","Rosario","Asfalto","No existe","II","Dentro","Urbana","S/D","No existe","Intersección","Bueno","Buena","Diurna","Buen Tiempo","S/D","Ciclista","Atropello","Ninguna","S/D","S/D","Sin restricción"
2016,8178,11/23/2016,"Miercoles",0,0:50:00,,"0.0",2,"Moto/Ciclomotor,Transporte de Pasajeros Larga Distancia (> 8 asientos)","Laprida Y Viamonte",2,1,0,0,1,0,0,,"Calle",,"ROSARIO","Rosario","Asfalto","S/D","II","Dentro","Urbana","S/D","No existe","Intersección","Bueno","Buena","Nocturna","Buen Tiempo","Lateral","S/D","Colisión","Ninguna","S/D","S/D","S/D"
2016,8179,11/21/2016,"Lunes",0,16:50:00,,"0.0",2,"Moto/Ciclomotor,Vehículo Oficial","Roca Pte Y Calle 35-Espa±a",3,1,0,0,2,0,0,,"Calle",,"RECONQUISTA","General Obligado","Asfalto","Pavimento","IX","Dentro","Urbana","Ninguna","No existe","Curva","Bueno","Buena","Diurna","Buen Tiempo","S/D","S/D","Colisión","S/D","S/D","S/D","Sin restricción"
2016,8180,11/4/2016,"Viernes",0,8:40:00,,"0.0",2,"Moto/Ciclomotor,Automóvil","Cerrito Y Pte.Roca",2,1,0,0,1,0,0,,"Calle",,"ROSARIO","Rosario","Asfalto","No existe","II","Dentro","Urbana","S/D","No existe","Intersección","Bueno","Buena","Diurna","Buen Tiempo","Lateral","S/D","Colisión","S/D","Faltante","S/D","S/D"