"anio_acci","nro_acci","fecha","desc_dia","fecha_aprox","hora_aprox","desc_ruta","km","cant_participantes","desc_participante","calle_avenida_km","total","heridos_leves","heridos_graves","heridos_gravisimos","ilesos","fallecidos","sin_datos","posicion_XY","desc_tipo_via","desc_ruta_ori","desc_loc","desc_dpto","desc_tipo_calzada","desc_tipo_banquina","desc_unidad_regional","desc_lugar_calzada","desc_zona","desc_prioridad","desc_estado_semaforo","desc_lugar_via","desc_estado_via","desc_estado_visibilidad","desc_luminosidad","desc_estado_clima","desc_tipo_colision","desc_tipo_atropello","desc_tipo_hecho","desc_pres_calzada","desc_senializacion","desc_separacion_via","desc_restriccion"
2016,8181,11/21/2016,"Lunes",0,9:50:00,,"0.0",2,"Moto/Ciclomotor,Automóvil","Calle 16 Gral Obligado Y Calle 13-Iturraspe",3,2,0,0,1,0,0,,"Calle",,"RECONQUISTA","General Obligado","Asfalto","No existe","IX","Dentro","Urbana","S/D","No existe","Intersección","Bueno","Buena","Diurna","Buen Tiempo","De alcance","S/D","Colisión","S/D","S/D","S/D","Sin restricción"
2016,8182,11/12/2016,"Sabado",0,12:20:00,,"0.0",2,"Automóvil,Automóvil","Calle 11-Alvear Y Calle 10-Ludue±a",2,2,0,0,0,0,0,,"Calle",,"RECONQUISTA","General Obligado","Asfalto","No existe","IX","Dentro","Urbana","Ninguna","No existe","Intersección","Bueno","Buena","Diurna","Buen Tiempo","De alcance","S/D","Colisión","S/D","Faltante","Ninguna","Sin restricción"
2016,8183,11/4/2016,"Viernes",0,8:15:00,,"0.0",2,"Automóvil,Automóvil","Cerrito Y Av. Corrientes",2,1,0,0,1,0,0,,"Calle",,"ROSARIO","Rosario","Asfalto","S/D","II","Dentro","Urbana","S/D","S/D","Intersección","Bueno","Buena","Diurna","Buen Tiempo","Lateral","S/D","Colisión","S/D","S/D","S/D","S/D"
2016,8184,11/7/2016,"Lunes",0,19:00:00,,"0.0",1,"Moto/Ciclomotor","Bv. Oroño Y Rueda",2,1,0,0,1,0,0,,"Avenida",,"ROSARIO","Rosario","Asfalto","No existe","II","Dentro","Urbana","Semáforo","Funciona","Recta","Bueno","Buena","Atardecer,Con luz artificial","Buen Tiempo","Contra objeto fijo","S/D","Colisión","Ninguna","Vertical","Cordón divisorio","Sin restricción"
2016,8185,11/9/2016,"Miercoles",0,,"Ruta Provincial 6","70.0",2,"Automóvil,Bicicleta"," ",2,1,0,0,0,0,1,,"Ruta",6,"ESPERANZA","Las Colonias","Asfalto","S/D","XI","S/D","S/D","Ninguna","No existe","Recta","Bueno","Buena","Nocturna","Buen Tiempo","S/D","Ciclista","Atropello","Ninguna","S/D","S/D","Sin restricción"
2016,8186,11/12/2016,"Sabado",0,11:00:00,,"0.0",2,"Moto/Ciclomotor,Automóvil","Calle 25-Rivadavia Y Roca Pte",2,1,0,0,1,0,0,,"Calle",,"RECONQUISTA","General Obligado","Asfalto","S/D","IX","Dentro","Urbana","Ninguna","No existe","Recta","Bueno","Buena","Diurna","Buen Tiempo","S/D","S/D","Colisión","Agua","S/D","Ninguna","Sin restricción"
2016,8187,11/24/2016,"Jueves",0,20:45:00,,"0.0",2,"Automóvil,Moto/Ciclomotor","Calle 18 - Gral Belgrano Y Calle 31-Newbery",2,1,0,0,1,0,0,,"Calle",,"RECONQUISTA","General Obligado","Asfalto","No existe","IX","Dentro","Urbana","S/D","No existe","Recta","Bueno","Buena","Nocturna","S/D","S/D","S/D","Colisión","S/D","S/D","S/D","S/D"
2016,8188,11/21/2016,"Lunes",0,,"Ruta Nacional 11","0.0",2,"Moto/Ciclomotor,Automóvil","Calle 15-Patricio Diez ",2,1,0,0,1,0,0,,"Ruta",11,"RECONQUISTA","General Obligado","Asfalto","No existe","IX","Dentro","Urbana","Ninguna","Funciona","Intersección","Bueno","Buena","Amanecer","Buen Tiempo","Lateral","S/D","Colisión","S/D","Horizontal","Ninguna","Sin restricción"
2016,8189,11/8/2016,"Martes",0,13:45:00,,"0.0",2,"Vehículo Oficial,Automóvil","Ituzaingo Y Pte.Roca",3,1,0,0,2,0,0,,"Calle",,"ROSARIO","Rosario","Asfalto","No existe","II","Dentro","Urbana","S/D","No existe","Intersección","Bueno","Buena","Diurna","Buen Tiempo","Lateral","S/D","Colisión","S/D","S/D","S/D","S/D"
2016,8190,11/8/2016,"Martes",0,21:00:00,,"0.0",3,"Moto/Ciclomotor,Automóvil,Automóvil","Av. Pellegrini Y Pte.Roca",3,1,0,0,2,0,0,,"Avenida",,"ROSARIO","Rosario","Asfalto","No existe","II","Dentro","Urbana","Semáforo","Funciona","Intersección","Bueno","Buena","Nocturna,Con luz artificial","Buen Tiempo","Lateral","S/D","Colisión","S/D","Vertical","S/D","Sin restricción"
2016,8191,11/8/2016,"Martes",0,21:40:00,,"0.0",2,"Moto/Ciclomotor,Automóvil","Av. Corrientes Y Galvez",2,1,0,0,1,0,0,,"Calle",,"ROSARIO","Rosario","Asfalto","No existe","II","Dentro","Urbana","Ninguna","No existe","Intersección","Bueno","Buena","Nocturna,Con luz artificial","Buen Tiempo","Lateral","S/D","Colisión","Ninguna","Faltante","Ninguna","Sin restricción"
2016,8192,11/9/2016,"Miercoles",0,17:55:00,,"0.0",2,"Moto/Ciclomotor,Automóvil","España Y La Paz",2,1,0,0,1,0,0,,"Calle",,"ROSARIO","Rosario","Asfalto","No existe","II","Dentro","Urbana","Señal Pare","No existe","Intersección","Bueno","Buena","Diurna","Buen Tiempo","Lateral","S/D","Colisión","S/D","Vertical","Ninguna","Sin restricción"
2016,8193,11/27/2016,"Domingo",0,,,"0.0",2,"Automóvil,Moto/Ciclomotor","Calle 29-Alte Brown Y Calle 24 - Olessio",2,1,0,0,1,0,0,,"Calle",,"RECONQUISTA","General Obligado","Asfalto","No existe","IX","Dentro","Urbana","Ninguna","No existe","Intersección","Bueno","Buena","Atardecer","Buen Tiempo","Frontal","S/D","Colisión","S/D","S/D","Ninguna","Sin restricción"
2016,8194,11/9/2016,"Miercoles",0,18:40:00,,"0.0",2,"Moto/Ciclomotor,Automóvil","Virasoro Y España",2,1,0,0,1,0,0,,"Calle",,"ROSARIO","Rosario","Asfalto","No existe","II","Dentro","Urbana","S/D","S/D","Intersección","Bueno","Buena","Atardecer,Con luz artificial","Buen Tiempo","Lateral","S/D","Colisión","S/D","S/D","S/D","Sin restricción"
2016,8195,9/12/2016,"Lunes",0,5:40:00,"Ruta Nacional 11","0.0",2,"Pickup/Utilitario,Peatón","Av Circunvalación Y Beruti",2,0,0,0,1,1,0,"-31.579857, -60.753274","Ruta",11,"SANTA FE","La Capital","S/D","S/D","I","Dentro","Rural","S/D","S/D","Recta","Bueno","S/D","Nocturna","S/D","S/D","Peatón","Atropello","S/D","Horizontal","S/D","S/D"
2016,8196,9/13/2016,"Martes",0,,"Ruta Nacional 11","0.0",2,"Moto/Ciclomotor,Pickup/Utilitario","Calle 5-Colon Y Ruta Nacional 11",2,0,0,0,1,1,0,"-29.137756067799,-59.655273111699","Ruta",11,"RECONQUISTA","General Obligado","S/D","S/D","IX","Dentro","Urbana","S/D","S/D","Intersección","S/D","S/D","S/D","S/D","Lateral","S/D","Colisión","S/D","S/D","S/D","S/D"
2016,8197,11/9/2016,"Miercoles",0,21:00:00,,"0.0",2,"Moto/Ciclomotor,Automóvil","Dorrego Y Amenabar",2,1,0,0,1,0,0,,"Calle",,"ROSARIO","Rosario","Asfalto","S/D","II","Dentro","Urbana","Ninguna","No existe","Intersección","Bueno","Buena","Nocturna,Con luz artificial","Buen Tiempo","Lateral","S/D","Colisión","S/D","Faltante","Ninguna","Sin restricción"
2016,8198,11/11/2016,"Viernes",0,19:30:00,,"0.0",2,"Moto/Ciclomotor,Automóvil","Galvez Y Ricchieri",2,1,0,0,1,0,0,,"Calle",,"ROSARIO","Rosario","Asfalto","No existe","II","Dentro","Urbana","Ninguna","No existe","Intersección","Bueno","S/D","Atardecer","Buen Tiempo","Lateral","S/D","Colisión","S/D","S/D","Ninguna","S/D"
2016,8199,11/11/2016,"Viernes",0,10:30:00,,"0.0",2,"Moto/Ciclomotor,Automóvil","Mariano Moreno Y Cerrito",2,1,0,0,1,0,0,,"Calle",,"ROSARIO","Rosario","Asfalto","No existe","II","Dentro","Urbana","Ninguna","No existe","Recta","Bueno","Buena","Diurna","Buen Tiempo","De alcance","S/D","Colisión","S/D","Faltante","Ninguna","Sin restricción"
2016,8200,11/16/2016,"Miercoles",0,11:30:00,,"0.0",2,"Automóvil,Automóvil","Bv. Oroño Y Rueda",4,2,0,0,2,0,0,,"Calle",,"ROSARIO","Rosario","Asfalto","S/D","II","Dentro","Urbana","Semáforo","Funciona","Recta","Bueno","Buena","Diurna","Buen Tiempo","De alcance","S/D","Colisión","S/D","Vertical","Cordón divisorio","Sin restricción"
2016,8201,11/18/2016,"Viernes",0,16:20:00,,"0.0",2,"Moto/Ciclomotor,Automóvil","Av. Corrientes Y Cerrito",3,2,0,0,1,0,0,,"Calle",,"ROSARIO","Rosario","Asfalto","No existe","II","Dentro","Urbana","Ninguna","S/D","Intersección","Bueno","Buena","Diurna","Buen Tiempo","Lateral","S/D","Colisión","Ninguna","S/D","Ninguna","Sin restricción"
2016,8202,11/19/2016,"Sabado",0,12:00:00,,"0.0",3,"Automóvil,Automóvil,Automóvil","Bv. 27 De Febrero Y Dorrego",7,2,0,0,5,0,0,,"Calle",,"ROSARIO","Rosario","Asfalto","No existe","II","Dentro","Urbana","Semáforo","Funciona","Recta","Bueno","Buena","Diurna","Buen Tiempo","De alcance,Múltiple","S/D","Colisión","Ninguna","Vertical","Cordón divisorio","Sin restricción"
2016,8203,11/18/2016,"Viernes",0,16:15:00,,"0.0",2,"Bicicleta,Automóvil","Ituzaingo Y Dorrego",2,1,0,0,1,0,0,,"Calle",,"ROSARIO","Rosario","Asfalto","No existe","II","Dentro","Urbana","Ninguna","S/D","Intersección","Bueno","Buena","Diurna","Buen Tiempo","Lateral","Ciclista","Atropello","S/D","S/D","Ninguna","S/D"
2016,8204,11/4/2016,"Viernes",0,,,"0.0",2,"Moto/Ciclomotor,Automóvil","Calle 11 Y Calle 4",2,1,0,0,1,0,0,,"S/D",,"AVELLANEDA","General Obligado","Asfalto","Pavimento","IX","Dentro","Urbana","Ninguna","No existe","Intersección","Bueno","S/D","Diurna","Otro","Lateral","S/D","Colisión","S/D","S/D","Ninguna","Sin restricción"
2016,8205,11/24/2016,"Jueves",0,5:45:00,,"0.0",1,,"San Martin Y Bv. 27 De Febrero",3,2,0,0,1,0,0,,"Calle",,"ROSARIO","Rosario","Asfalto","No existe","II","Dentro","Urbana","Semáforo","Intermitente","Intersección","Bueno","Buena","Con luz artificial","Buen Tiempo","Lateral","S/D","Colisión","S/D","Vertical","Cordón divisorio","Sin restricción"
2016,8206,11/24/2016,"Jueves",0,5:45:00,,"0.0",2,"Automóvil,Taxi/Remis","San Martin Y Bv. 27 De Febrero",3,2,0,0,1,0,0,,"Calle",,"ROSARIO","Rosario","Asfalto","No existe","II","Dentro","Urbana","Semáforo","Intermitente","Intersección","Bueno","Buena","Con luz artificial","Buen Tiempo","Lateral","S/D","Colisión","S/D","Vertical","Cordón divisorio","Sin restricción"
2016,8207,11/24/2016,"Jueves",0,20:50:00,,"0.0",2,"Automóvil,Automóvil","Mariano Moreno Y Amenabar",2,2,0,0,0,0,0,,"Calle",,"ROSARIO","Rosario","Asfalto","S/D","II","Dentro","Urbana","Ninguna","No existe","Intersección","Bueno","Buena","Nocturna,Con luz artificial","Buen Tiempo","Lateral","S/D","Colisión","S/D","Faltante","Ninguna","Sin restricción"
2016,8208,11/4/2016,"Viernes",0,17:05:00,,"0.0",2,"Moto/Ciclomotor,Pickup/Utilitario","Calle 301 Y Calle 326",2,1,0,0,1,0,0,,"Calle",,"AVELLANEDA","General Obligado","Asfalto","Pavimento","IX","Dentro","Urbana","S/D","No existe","Intersección","Bueno","S/D","Diurna","S/D","Lateral","S/D","Colisión","S/D","S/D","S/D","S/D"
2016,8209,11/18/2016,"Viernes",0,7:35:00,,"0.0",2,"Automóvil,Moto/Ciclomotor","Calle 21 Y Calle 4",2,1,0,0,1,0,0,,"Calle",,"AVELLANEDA","General Obligado","Asfalto","Natural","IX","Dentro","Urbana","Ninguna","No existe","Intersección","Bueno","Buena","Diurna","Buen Tiempo","Lateral","S/D","Colisión","Ninguna","S/D","Ninguna","S/D"
2016,8210,11/21/2016,"Lunes",0,11:08:00,,"0.0",2,"Automóvil,Automóvil","Calle 1 Y Calle 18",2,1,0,0,1,0,0,,"Calle",,"AVELLANEDA","General Obligado","Hormigón","Natural","IX","Dentro","Urbana","Ninguna","No existe","Intersección","Bueno","Buena","Diurna","S/D","Lateral","S/D","Colisión","Ninguna","Faltante","Ninguna","Sin restricción"
2016,8211,11/19/2016,"Sabado",0,7:15:00,"Ruta Provincial 70","0.0",2,"Moto/Ciclomotor,Automóvil","America ",2,1,0,0,1,0,0,,"Ruta",70,"ESPERANZA","Las Colonias","Asfalto","Ripio","XI","Dentro","Urbana","Semáforo","Funciona","Recta","Bueno","Buena","Diurna","Buen Tiempo","De alcance","S/D","Colisión","S/D","Vertical","Línea divisoria pintada","Sin restricción"
2016,8212,11/25/2016,"Viernes",0,0:34:00,"Ruta Nacional 11","0.0",2,"Automóvil,Moto/Ciclomotor","Ruta Nacional 11 Y Calle 21",2,1,0,0,1,0,0,,"Ruta",11,"AVELLANEDA","General Obligado","Asfalto","Natural","IX","Dentro","Urbana","Semáforo","Funciona","Intersección","Bueno","Buena","Nocturna","Buen Tiempo","Lateral","S/D","Colisión","Ninguna","Horizontal","Ninguna","Sin restricción"
2016,8213,11/3/2016,"Jueves",0,23:30:00,,"0.0",2,"Automóvil,Bicicleta","Guemes Y General Manuel Belgrano",2,1,0,0,1,0,0,,"Calle",,"ESPERANZA","Las Colonias","Asfalto","No existe","XI","Dentro","Urbana","Ninguna","No existe","Intersección","Bueno","Buena","Nocturna","Buen Tiempo","S/D","S/D","Atropello","Ninguna","S/D","Ninguna","Sin restricción"
2016,8214,11/28/2016,"Lunes",0,9:15:00,,"0.0",2,"Automóvil,Camión","Virasoro Y Laprida",2,1,0,0,1,0,0,,"Calle",,"ROSARIO","Rosario","Asfalto","No existe","II","Dentro","Urbana","S/D","No existe","Intersección","Bueno","Buena","Diurna","Buen Tiempo","Lateral","S/D","Colisión","Ninguna","Faltante","Ninguna","S/D"
2016,8215,11/25/2016,"Viernes",0,21:00:00,"Ruta Provincial 31","0.0",2,"Moto/Ciclomotor,Moto/Ciclomotor"," ",2,1,0,0,1,0,0,,"Ruta",31,"AVELLANEDA","General Obligado","Asfalto","Natural","IX","Dentro","Urbana","Ninguna","No existe","Recta","Bueno","Buena","Nocturna","Buen Tiempo","De alcance","S/D","Colisión","Ninguna","Faltante","Ninguna","Sin restricción"
2016,8216,11/27/2016,"Domingo",0,18:35:00,,"0.0",2,"Automóvil,Moto/Ciclomotor","Chacabuco Y 1 de Mayo",3,0,0,0,0,0,3,,"Calle",,"ESPERANZA","Las Colonias","Asfalto","No existe","XI","Dentro","Urbana","Ninguna","No existe","Intersección","Bueno","Buena","Diurna","Buen Tiempo","S/D","S/D","Colisión","Ninguna","S/D","Ninguna","Sin restricción"
2016,8217,11/25/2016,"Viernes",0,23:40:00,,"0.0",2,"Moto/Ciclomotor,Pickup/Utilitario","Biedma Y Grandoli",2,1,0,0,1,0,0,,"Calle",,"ROSARIO","Rosario","Asfalto","No existe","II","Dentro","Urbana","Ninguna","No existe","Intersección","Bueno","Buena","Nocturna","Buen Tiempo","Lateral","S/D","Colisión","Ninguna","Faltante","Cordón divisorio","Sin restricción"
2016,8218,11/25/2016,"Viernes",0,12:50:00,,"0.0",2,"Moto/Ciclomotor,Automóvil","Chacabuco Y Garay",2,1,0,0,1,0,0,,"Calle",,"ROSARIO","Rosario","Asfalto","No existe","II","Dentro","Urbana","Ninguna","No existe","Intersección","Bueno","Buena","Diurna","Buen Tiempo","Lateral","S/D","Colisión","Ninguna","Faltante","Ninguna","Sin restricción"
2016,8219,11/23/2016,"Miercoles",0,15:47:00,,"0.0",2,"Moto/Ciclomotor,Automóvil","L.N.Alem Y Rueda",2,1,0,0,1,0,0,,"Calle",,"ROSARIO","Rosario","Asfalto","No existe","II","Dentro","Urbana","S/D","No existe","Intersección","Bueno","Buena","Diurna","Buen Tiempo","Lateral","S/D","Colisión","S/D","S/D","Ninguna","Sin restricción"
2016,8220,11/11/2016,"Viernes",0,23:30:00,"Ruta Nacional 11","903.0",1,"Moto/Ciclomotor"," ",1,1,0,0,0,0,0,,"Ruta",11,"EL RABÓN","General Obligado","Asfalto","Natural","IX","S/D","Rural","Marca Vial","No existe","Puente","Con baches","S/D","Nocturna","Buen Tiempo","S/D","S/D","Caída ocupante","Material Suelto","Horizontal","Línea divisoria pintada","Sin restricción"
2016,8221,11/22/2016,"Martes",0,16:20:00,,"0.0",2,"Bicicleta,Automóvil","Ayolas Y Maipu",2,1,0,0,1,0,0,,"Calle",,"ROSARIO","Rosario","Asfalto","No existe","II","Dentro","Urbana","Ninguna","No existe","Intersección","Bueno","Buena","Diurna","Buen Tiempo","S/D","Ciclista","Atropello","S/D","Faltante","Ninguna","Sin restricción"
2016,8222,11/29/2016,"Martes",0,14:30:00,,"0.0",2,"Moto/Ciclomotor,Bicicleta","Mariano Moreno 2300",2,1,0,0,1,0,0,,"Calle",,"ESPERANZA","Las Colonias","Asfalto","No existe","XI","Dentro","Urbana","Ninguna","No existe","Recta","Bueno","Buena","Diurna","Buen Tiempo","De alcance","S/D","Colisión","Ninguna","Vertical","Ninguna","Sin restricción"
2016,8223,11/18/2016,"Viernes",0,20:30:00,,"0.0",2,"Moto/Ciclomotor,Automóvil","J.M.de Rosas Y Garibaldi",2,1,0,0,1,0,0,,"Calle",,"ROSARIO","Rosario","Asfalto","No existe","II","Dentro","Urbana","S/D","No existe","Recta","Bueno","Buena","Nocturna,Con luz artificial","Buen Tiempo","Lateral","S/D","Colisión","Ninguna","S/D","S/D","Sin restricción"
2016,8224,11/30/2016,"Miercoles",0,18:30:00,,"0.0",2,"Automóvil,Moto/Ciclomotor","General Manuel Belgrano Y Aristobulo del Valle",2,1,0,0,1,0,0,,"Calle",,"ESPERANZA","Las Colonias","Asfalto","No existe","XI","Dentro","Urbana","Ninguna","No existe","Intersección","Bueno","Buena","Diurna","Buen Tiempo","S/D","S/D","Colisión","Ninguna","S/D","Ninguna","Sin restricción"
2016,8225,11/15/2016,"Martes",0,17:00:00,,"0.0",2,"Moto/Ciclomotor,Automóvil","Pte.Quintana Y Pje. Tafi",2,1,0,0,1,0,0,,"Calle",,"ROSARIO","Rosario","Asfalto","No existe","II","Dentro","Urbana","Ninguna","No existe","Intersección","Bueno","Buena","Diurna","Buen Tiempo","Lateral","S/D","Colisión","Ninguna","Faltante","Ninguna","Sin restricción"
2016,8226,11/13/2016,"Domingo",0,10:00:00,,"0.0",2,"Moto/Ciclomotor,Automóvil","Lito Gonella Y Ecuador",2,1,0,0,1,0,0,,"Camino Rural",,"ESPERANZA","Las Colonias","Tierra","Natural","XI","Dentro","Rural","Ninguna","No existe","Intersección","Bueno","Buena","Diurna","Buen Tiempo","Lateral","S/D","Colisión","Ninguna","Faltante","Ninguna","Sin restricción"
2016,8227,11/3/2016,"Jueves",0,10:30:00,,"0.0",2,"Automóvil,Automóvil","Grandoli Y Bv. Segui",2,1,0,0,1,0,0,,"Avenida",,"ROSARIO","Rosario","Asfalto","No existe","II","Dentro","Urbana","Ninguna","No existe","Intersección","Bueno","Buena","Diurna","Buen Tiempo","Lateral","S/D","Colisión","Ninguna","S/D","Cordón divisorio","Sin restricción"
2016,8228,11/16/2016,"Miercoles",0,16:20:00,,"0.0",2,"Bicicleta,Automóvil","L.N.Alem Y 1 de Mayo",2,1,0,0,1,0,0,,"Calle",,"ROSARIO","Rosario","Asfalto","No existe","II","Dentro","Urbana","Ninguna","No existe","Intersección","Bueno","Buena","Diurna","Buen Tiempo","S/D","Ciclista","Atropello","Ninguna","Faltante","Ninguna","Sin restricción"
2016,8229,11/29/2016,"Martes",0,18:30:00,,"0.0",2,"Transporte de Pasajeros Urbano (> 8 asientos),Automóvil","Italia Y Saavedra",3,1,0,0,2,0,0,,"Calle",,"ROSARIO","Rosario","Asfalto","No existe","II","Dentro","Urbana","Señal Pare","No existe","Intersección","Bueno","Buena","Atardecer","Buen Tiempo","Lateral","S/D","Colisión","Ninguna","Faltante","Ninguna","Sin restricción"
2016,8230,11/12/2016,"Sabado",0,20:30:00,,"0.0",2,"Moto/Ciclomotor,Transporte de Pasajeros Urbano (> 8 asientos)","Bv. Segui Y Buenos Aires",2,1,0,0,1,0,0,,"Avenida",,"ROSARIO","Rosario","Asfalto","S/D","II","Dentro","Urbana","S/D","No existe","Intersección","Bueno","Buena","Nocturna,Con luz artificial","Buen Tiempo","Lateral","S/D","Colisión","Ninguna","Faltante","S/D","S/D"
2016,8231,11/28/2016,"Lunes",0,7:00:00,,"0.0",2,"Moto/Ciclomotor,Automóvil","Pte.Roca Y Biedma",3,2,0,0,1,0,0,,"Calle",,"ROSARIO","Rosario","Asfalto","No existe","II","Dentro","Urbana","Ninguna","No existe","Intersección","Con baches","Buena","Diurna","Buen Tiempo","De alcance","S/D","Colisión","Ninguna","Faltante","Ninguna","Sin restricción"
2016,8232,11/11/2016,"Viernes",0,20:30:00,"Ruta Nacional 11","887.0",2,"Moto/Ciclomotor,Moto/Ciclomotor"," ",2,1,1,0,0,0,0,,"Ruta",11,"SAN ANTONIO DE OBLIGADO","General Obligado","Asfalto","Pavimento","IX","S/D","S/D","Ninguna","No existe","Recta","Bueno","Reducida","Nocturna","Buen Tiempo","S/D","S/D","Colisión","S/D","S/D","Línea divisoria pintada","Sin restricción"
2016,8233,11/26/2016,"Sabado",0,20:40:00,,"0.0",2,"Moto/Ciclomotor,Automóvil","San Martin Y Reg.11 de Infanteria",3,2,0,0,1,0,0,,"Calle",,"ROSARIO","Rosario","Asfalto","S/D","II","Dentro","Urbana","Ninguna","S/D","Intersección","Bueno","S/D","Nocturna","Buen Tiempo","S/D","S/D","Colisión","Ninguna","S/D","Ninguna","Sin restricción"
2016,8234,11/11/2016,"Viernes",0,17:30:00,,"0.0",2,"Bicicleta,Automóvil","1 de Mayo Y Pje. De Amicis",2,1,0,0,1,0,0,,"Calle",,"ROSARIO","Rosario","Asfalto","No existe","II","Dentro","Urbana","Ninguna","No existe","Intersección","Bueno","Buena","Diurna","Buen Tiempo","S/D","Ciclista","Atropello","Ninguna","Faltante","Ninguna","S/D"
2016,8235,11/16/2016,"Miercoles",0,12:05:00,,"0.0",2,"Moto/Ciclomotor,Moto/Ciclomotor"," ",2,2,0,0,0,0,0,,"S/D",,"SAN ANTONIO DE OBLIGADO","General Obligado","Asfalto","Natural","IX","Dentro","Urbana","Ninguna","No existe","Recta","Bueno","Buena","Diurna","Buen Tiempo","S/D","S/D","Colisión","S/D","S/D","Ninguna","S/D"
2016,8236,11/2/2016,"Miercoles",0,21:40:00,,"0.0",2,"Moto/Ciclomotor,Pickup/Utilitario","Grandoli Y 24 De Setiembre",2,1,0,0,1,0,0,,"Calle",,"ROSARIO","Rosario","Asfalto","No existe","II","Dentro","Urbana","S/D","No existe","Intersección","Bueno","Buena","Nocturna,Con luz artificial","Buen Tiempo","Lateral","S/D","Colisión","Ninguna","Faltante","Cordón divisorio","Sin restricción"
2016,8237,11/26/2016,"Sabado",0,19:00:00,,"0.0",2,"Moto/Ciclomotor,Automóvil","Bv. Oroño Y 24 De Setiembre",2,1,0,0,1,0,0,,"Calle",,"ROSARIO","Rosario","Asfalto","No existe","II","Dentro","Urbana","Ninguna","No existe","Intersección","Bueno","Buena","Atardecer","Buen Tiempo","De alcance","S/D","Colisión","Ninguna","Faltante","Ninguna","Sin restricción"
2016,8238,11/18/2016,"Viernes",0,12:40:00,"Ruta Nacional 11","906.0",2,"Automóvil,Moto/Ciclomotor"," ",3,2,0,0,1,0,0,,"Ruta",11,"EL RABÓN","General Obligado","Asfalto","Ripio","IX","Dentro","Urbana","Ninguna","No existe","Recta","Bueno","Buena","Diurna","Buen Tiempo","S/D","S/D","Colisión","Ninguna","Horizontal","Línea divisoria pintada","Sin restricción"
2016,8239,11/25/2016,"Viernes",0,10:00:00,,"0.0",2,"Automóvil,Moto/Ciclomotor","Av. Uriburu Y Pje. Barcelona",2,1,0,0,1,0,0,,"Calle",,"ROSARIO","Rosario","Asfalto","No existe","II","Dentro","Urbana","Ninguna","No existe","Intersección","Bueno","Buena","Diurna","Buen Tiempo","Lateral","S/D","Colisión","Ninguna","Faltante","Ninguna","Sin restricción"
2016,8240,11/24/2016,"Jueves",0,18:10:00,,"0.0",2,"Automóvil,Moto/Ciclomotor","Gaboto Y Entre Rios",2,1,0,0,1,0,0,,"Calle",,"ROSARIO","Rosario","Asfalto","No existe","II","Dentro","Urbana","Ninguna","No existe","Intersección","S/D","Buena","Diurna","Buen Tiempo","Lateral","S/D","Colisión","Ninguna","Faltante","Ninguna","Sin restricción"
2016,8241,11/9/2016,"Miercoles",0,18:25:00,,"0.0",2,"Moto/Ciclomotor,Pickup/Utilitario","San martin Y Moreno",2,1,0,0,1,0,0,,"Calle",,"FLORENCIA","General Obligado","Hormigón","S/D","IX","Dentro","Urbana","Ninguna","No existe","Intersección","Bueno","Buena","Diurna","Buen Tiempo","Lateral","S/D","Colisión","Ninguna","Faltante","Ninguna","Sin restricción"
2016,8242,11/24/2016,"Jueves",0,0:45:00,,"0.0",2,"Moto/Ciclomotor,Pickup/Utilitario","Bv. Segui Y Pueyrredon",4,1,1,0,2,0,0,,"Calle",,"ROSARIO","Rosario","Asfalto","No existe","II","Dentro","Urbana","Ninguna","No existe","Intersección","Bueno","Buena","Nocturna","Buen Tiempo","Lateral","S/D","Colisión","Ninguna","Faltante","Ninguna","Sin restricción"
2016,8243,11/27/2016,"Domingo",0,5:40:00,"Ruta Nacional 11","838.0",1,"Automóvil"," ",3,3,0,0,0,0,0,,"Ruta",11,"ARROYO CEIBAL","General Obligado","Asfalto","Natural","IX","Fuera","Rural","Ninguna","No existe","Curva","Bueno","Reducida","Amanecer","Lluvia","S/D","S/D","Vuelco,Despiste","Agua","Vertical","Línea divisoria pintada","Sin restricción"
2016,8244,11/10/2016,"Jueves",0,17:30:00,,"0.0",2,"Pickup/Utilitario,Moto/Ciclomotor","Rivadavia Y Buenos Aires",4,2,1,0,1,0,0,,"Calle",,"MALABRIGO","General Obligado","Tierra","Natural","IX","Dentro","Urbana","Ninguna","No existe","Intersección","Bueno","Buena","Diurna","Buen Tiempo","S/D","S/D","Colisión","S/D","S/D","Ninguna","Sin restricción"
2016,8245,11/15/2016,"Martes",0,,,"0.0",2,"Moto/Ciclomotor,Automóvil","Calle 29-Alte Brown Y Calle 30-Lucas Funes",2,1,0,0,1,0,0,,"Calle",,"RECONQUISTA","General Obligado","Asfalto","No existe","IX","Dentro","Urbana","Ninguna","No existe","Intersección","Bueno","Buena","Diurna","Buen Tiempo","Frontal","S/D","Colisión","S/D","Horizontal","Ninguna","Sin restricción"