"anio_acci","nro_acci","fecha","desc_dia","fecha_aprox","hora_aprox","desc_ruta","km","cant_participantes","desc_participante","calle_avenida_km","total","heridos_leves","heridos_graves","heridos_gravisimos","ilesos","fallecidos","sin_datos","posicion_XY","desc_tipo_via","desc_ruta_ori","desc_loc","desc_dpto","desc_tipo_calzada","desc_tipo_banquina","desc_unidad_regional","desc_lugar_calzada","desc_zona","desc_prioridad","desc_estado_semaforo","desc_lugar_via","desc_estado_via","desc_estado_visibilidad","desc_luminosidad","desc_estado_clima","desc_tipo_colision","desc_tipo_atropello","desc_tipo_hecho","desc_pres_calzada","desc_senializacion","desc_separacion_via","desc_restriccion"
2016,8246,11/14/2016,"Lunes",0,18:40:00,,"0.0",2,"Moto/Ciclomotor,Automóvil","Calle 47-Islas Malvinas ",3,1,0,0,2,0,0,,"Calle",,"RECONQUISTA","General Obligado","Hormigón","Natural","IX","Dentro","Urbana","Ninguna","No existe","Recta","Bueno","Buena","Diurna","Buen Tiempo","Lateral","S/D","Colisión","S/D","Faltante","Ninguna","Sin restricción"
2016,8247,11/22/2016,"Martes",0,,,"0.0",2,"Automóvil,Moto/Ciclomotor","Calle 21-Gdor. iriondo 1000",2,1,0,0,1,0,0,,"Calle",,"RECONQUISTA","General Obligado","Asfalto","Pavimento","IX","Dentro","Urbana","Ninguna","S/D","Recta","Bueno","Buena","Diurna","Buen Tiempo","De alcance","S/D","Colisión","S/D","S/D","Ninguna","Sin restricción"
2016,8248,11/24/2016,"Jueves",0,2:00:00,"Ruta Nacional 11","0.0",1,"Moto/Ciclomotor"," ",2,0,2,0,0,0,0,,"Ruta",11,"MALABRIGO","General Obligado","S/D","Natural","IX","S/D","Rural","Ninguna","S/D","Recta","Bueno","Buena","Nocturna","Buen Tiempo","S/D","S/D","Caída ocupante","S/D","S/D","Ninguna","Sin restricción"
2016,8249,11/21/2016,"Lunes",0,13:10:00,,"0.0",2,"Automóvil,Moto/Ciclomotor","Pte.Quintana Y Mitre",2,1,0,0,1,0,0,,"Calle",,"ROSARIO","Rosario","Asfalto","No existe","II","Dentro","Urbana","S/D","No existe","Intersección","Bueno","Buena","Diurna","Buen Tiempo","Lateral","S/D","Colisión","Ninguna","Faltante","S/D","Sin restricción"
2016,8250,11/21/2016,"Lunes",0,10:00:00,,"0.0",2,"Moto/Ciclomotor,Peatón","San Martin Y Av. Ntra.Sra.del Rosario A",2,1,0,0,1,0,0,,"Calle",,"ROSARIO","Rosario","Asfalto","No existe","II","Dentro","Urbana","Ninguna","Funciona","Intersección","Bueno","Buena","Diurna","Buen Tiempo","S/D","Peatón","Atropello","Ninguna","Horizontal","Ninguna","S/D"
2016,8251,9/18/2016,"Domingo",0,20:00:00,"Ruta Nacional 11","889.5",2,"Moto/Ciclomotor,Automóvil"," ",3,0,1,0,1,1,0,"-28.381845, -59.268576","Ruta",11,"LAS TOSCAS","General Obligado","S/D","S/D","IX","Dentro","Rural","S/D","S/D","Recta","S/D","S/D","Atardecer","S/D","S/D","S/D","Colisión","S/D","S/D","S/D","S/D"
2016,8252,9/18/2016,"Domingo",0,8:25:00,"Autopista Provincial Brigadier E.López","63.2",1,"Automóvil"," ",5,1,1,0,0,1,2,"-32.374392, -60.948029","Autopista","Brigadier E.López","MONJE","San Jerónimo","S/D","S/D","XV","Fuera","Rural","S/D","S/D","Recta","S/D","S/D","Diurna","S/D","Contra objeto fijo","S/D","Colisión,Despiste","S/D","S/D","S/D","S/D"
2016,8253,11/22/2016,"Martes",0,20:00:00,,"0.0",2,"Pickup/Utilitario,Bicicleta"," ",2,1,0,0,0,0,1,,"S/D",,"RECONQUISTA","General Obligado","Asfalto","Pavimento","IX","S/D","Urbana","Ninguna","No existe","Intersección","Bueno","Buena","Con luz artificial","Buen Tiempo","S/D","Ciclista","Atropello","Ninguna","S/D","Ninguna","Sin restricción"
2016,8254,11/29/2016,"Martes",0,20:00:00,,"0.0",2,"Moto/Ciclomotor,Automóvil","Calle 19-Habegger Y Calle 30-Lucas Funes",3,1,0,0,2,0,0,,"Calle",,"RECONQUISTA","General Obligado","Asfalto","No existe","IX","Dentro","Urbana","Ninguna","No existe","Intersección","Bueno","Buena","Nocturna","Buen Tiempo","Lateral","S/D","Colisión","Ninguna","Faltante","Cordón divisorio","Sin restricción"
2016,8255,11/14/2016,"Lunes",0,1:00:00,,"0.0",2,"Moto/Ciclomotor,Automóvil","Calle 21-Gdor. iriondo Y Calle 31-Newbery",2,1,0,0,0,0,1,,"S/D",,"RECONQUISTA","General Obligado","Asfalto","No existe","IX","Dentro","Urbana","Ninguna","No existe","Recta","Bueno","Reducida","Nocturna","Otro","De alcance","S/D","Colisión","Ninguna","Faltante","Ninguna","Sin restricción"
2016,8256,11/19/2016,"Sabado",0,17:10:00,,"0.0",2,"Automóvil,Moto/Ciclomotor","Bv. Segui Y Mitre",2,1,0,0,1,0,0,,"Avenida",,"ROSARIO","Rosario","Asfalto","No existe","II","Dentro","Urbana","Ninguna","No existe","Intersección","Bueno","Buena","Diurna","Buen Tiempo","Lateral","S/D","Colisión","Ninguna","Faltante","Ninguna","Sin restricción"
2016,8257,11/18/2016,"Viernes",0,13:20:00,,"0.0",2,"Moto/Ciclomotor,Moto/Ciclomotor","Calle 35-Espa±a ",4,3,0,0,1,0,0,,"Calle",,"RECONQUISTA","General Obligado","S/D","Natural","IX","Dentro","Urbana","Ninguna","No existe","Recta","Bueno","Buena","Atardecer","Buen Tiempo","De alcance","S/D","Colisión","Ninguna","Faltante","Ninguna","Sin restricción"
2016,8258,11/18/2016,"Viernes",0,14:30:00,,"0.0",2,"Moto/Ciclomotor,Camión Chasis","Av. Uriburu Y España",2,1,0,0,1,0,0,,"Avenida",,"ROSARIO","Rosario","Asfalto","No existe","II","Dentro","Urbana","Semáforo","Funciona","Intersección","Bueno","Buena","Diurna","Buen Tiempo","Lateral","S/D","Colisión","Ninguna","Faltante","Ninguna","S/D"
2016,8259,11/18/2016,"Viernes",0,14:30:00,,"0.0",2,"Moto/Ciclomotor,Automóvil","Saavedra Y España",3,2,0,0,1,0,0,,"Calle",,"ROSARIO","Rosario","Asfalto","No existe","II","Dentro","Urbana","S/D","No existe","Intersección","Deteriorada","Buena","Diurna","Buen Tiempo","Lateral","S/D","Colisión","S/D","S/D","S/D","S/D"
2016,8260,11/18/2016,"Viernes",0,9:00:00,,"0.0",2,"Bicicleta,Automóvil","Calle 12 San Martin Y Calle 17-Bartolome Mitre",2,1,0,0,1,0,0,,"Calle",,"RECONQUISTA","General Obligado","Asfalto","Pavimento","IX","Dentro","Urbana","Ninguna","No existe","Recta","Bueno","Buena","Amanecer","Buen Tiempo","S/D","S/D","Atropello","Ninguna","Faltante","Ninguna","Sin restricción"
2016,8261,11/18/2016,"Viernes",0,9:00:00,,"0.0",2,"Moto/Ciclomotor,Automóvil","Av. Jorge Cura Y Pueyrredon",2,1,0,0,1,0,0,,"Avenida",,"ROSARIO","Rosario","Asfalto","No existe","II","Dentro","Urbana","S/D","No existe","Intersección","Bueno","Buena","Diurna","Buen Tiempo","Lateral","S/D","Colisión","S/D","Faltante","S/D","S/D"
2016,8262,11/26/2016,"Sabado",0,10:40:00,,"0.0",2,"Moto/Ciclomotor,Automóvil","Calle 15-Patricio Diez Y Calle 32 - Amenabar",2,1,0,0,1,0,0,,"Calle",,"RECONQUISTA","General Obligado","Asfalto","No existe","IX","Dentro","Urbana","Ninguna","No existe","Intersección","Bueno","Buena","Diurna","Buen Tiempo","De alcance","S/D","Colisión","Ninguna","Faltante","Ninguna","Sin restricción"
2016,8263,11/17/2016,"Jueves",0,11:00:00,,"0.0",2,"Automóvil,Automóvil","Pueyrredon Y Dr.Rivas",2,1,0,0,1,0,0,,"Calle",,"ROSARIO","Rosario","Asfalto","No existe","II","Dentro","Urbana","S/D","No existe","Intersección","Bueno","Buena","Diurna","Buen Tiempo","Lateral","S/D","Colisión","Ninguna","Faltante","S/D","S/D"
2016,8264,11/3/2016,"Jueves",0,10:40:00,"Ruta Secundaria 32-s","0.0",2,"Moto/Ciclomotor,Pickup/Utilitario"," ",2,1,0,0,1,0,0,,"Ruta","32-s","VILLA OCAMPO","General Obligado","Hormigón","Natural","IX","Dentro","Rural","Ninguna","No existe","Recta","Con baches","Buena","Diurna","Buen Tiempo","Lateral","S/D","Colisión","Otro","Vertical","Línea divisoria pintada","Sin restricción"
2016,8265,11/16/2016,"Miercoles",0,7:00:00,,"0.0",2,"Moto/Ciclomotor,Automóvil","Italia Y Biedma",3,2,0,0,1,0,0,,"Calle",,"ROSARIO","Rosario","Asfalto","No existe","II","Dentro","Urbana","S/D","No existe","Intersección","Bueno","Buena","Diurna","Buen Tiempo","Lateral","S/D","Colisión","Ninguna","Faltante","S/D","S/D"
2016,8266,11/4/2016,"Viernes",0,16:30:00,,"0.0",2,"Pickup/Utilitario,Moto/Ciclomotor","Juan de Garay Y San Jorge",2,1,0,0,1,0,0,,"Calle",,"VILLA OCAMPO","General Obligado","Tierra","Natural","IX","S/D","Urbana","Ninguna","No existe","Intersección","Otro","Buena","Diurna","Buen Tiempo","Otro","S/D","Colisión","Otro","Faltante","Ninguna","Sin restricción"
2016,8267,11/14/2016,"Lunes",0,20:00:00,,"0.0",2,"Moto/Ciclomotor,Automóvil","Mendoza Y Furlong",2,1,0,0,1,0,0,,"Calle",,"ROSARIO","Rosario","Asfalto","Pavimento","II","Dentro","Urbana","Ninguna","No existe","S/D","Bueno","Buena","Nocturna","Buen Tiempo","Lateral","S/D","Colisión","S/D","S/D","S/D","Sin restricción"
2016,8268,11/15/2016,"Martes",0,20:30:00,,"0.0",2,"Moto/Ciclomotor,Automóvil","Av. Circunvalacion Y Av. Pellegrini",3,2,0,0,1,0,0,,"Calle",,"ROSARIO","Rosario","Asfalto","Pavimento","II","Dentro","Urbana","S/D","S/D","S/D","Bueno","Buena","Diurna","Buen Tiempo","Lateral","S/D","Colisión","S/D","S/D","S/D","Sin restricción"
2016,8269,11/13/2016,"Domingo",0,0:35:00,,"0.0",2,"Moto/Ciclomotor,Automóvil","Estado de Israel Y España",2,1,0,0,1,0,0,,"Calle",,"ROSARIO","Rosario","Asfalto","No existe","II","Dentro","Urbana","Ninguna","No existe","Intersección","Bueno","Buena","Nocturna","Buen Tiempo","Lateral","S/D","Colisión","Ninguna","Faltante","Ninguna","Sin restricción"
2016,8270,11/5/2016,"Sabado",0,20:00:00,,"0.0",2,"Bicicleta,Moto/Ciclomotor","Santa Fe Y Avenida San Martin",2,2,0,0,0,0,0,,"Avenida",,"VILLA OCAMPO","General Obligado","Tierra","Natural","IX","Dentro","Urbana","Ninguna","No existe","Intersección","Con baches","Reducida","Nocturna","Buen Tiempo","S/D","S/D","Atropello","Otro","Faltante","Ninguna","Sin restricción"
2016,8271,11/16/2016,"Miercoles",0,20:30:00,,"0.0",2,"Moto/Ciclomotor,Automóvil","Mendoza Y Av. Circunvalacion",2,1,0,0,1,0,0,,"Calle",,"ROSARIO","Rosario","Asfalto","Pavimento","II","Dentro","Urbana","S/D","Funciona","Recta","Bueno","Buena","Nocturna","S/D","S/D","S/D","Colisión","S/D","S/D","S/D","Sin restricción"
2016,8272,11/10/2016,"Jueves",0,13:00:00,,"0.0",2,"Moto/Ciclomotor,Automóvil","Pte.Roca Y Biedma",3,2,0,0,1,0,0,,"Calle",,"ROSARIO","Rosario","Asfalto","S/D","II","Dentro","Urbana","S/D","No existe","Intersección","Bueno","Buena","Diurna","Buen Tiempo","Lateral","S/D","Colisión","Ninguna","S/D","S/D","S/D"
2016,8273,11/4/2016,"Viernes",0,21:30:00,,"0.0",2,"Moto/Ciclomotor,Automóvil","Av. Alberdi Bis Y J.M.de Rosas",2,1,0,0,1,0,0,,"Calle",,"ROSARIO","Rosario","S/D","S/D","II","Dentro","Urbana","S/D","S/D","Intersección","S/D","S/D","S/D","S/D","S/D","S/D","Colisión","S/D","S/D","S/D","S/D"
2016,8274,11/9/2016,"Miercoles",0,19:50:00,,"0.0",2,"Automóvil,Automóvil","Bv. Segui Y Paraguay",2,1,0,0,1,0,0,,"Avenida",,"ROSARIO","Rosario","Asfalto","No existe","II","Dentro","Urbana","S/D","No existe","Intersección","Bueno","Buena","Atardecer","Buen Tiempo","Lateral","S/D","Colisión","Ninguna","Faltante","S/D","S/D"
2016,8275,11/7/2016,"Lunes",0,7:55:00,,"0.0",2,"Moto/Ciclomotor,Automóvil","J.B.Justo Y Donado Bis",3,2,0,0,1,0,0,,"Calle",,"ROSARIO","Rosario","Asfalto","S/D","II","Dentro","Urbana","S/D","S/D","Intersección","S/D","S/D","Diurna","S/D","S/D","S/D","Colisión","S/D","S/D","S/D","S/D"
2016,8276,11/22/2016,"Martes",0,21:05:00,,"0.0",2,"Moto/Ciclomotor,Automóvil","Bv Sarmiento Y Bartolome Mitre",2,1,0,0,1,0,0,,"Calle",,"VILLA OCAMPO","General Obligado","Asfalto","Natural","IX","Dentro","Urbana","Ninguna","Funciona","Intersección","Bueno","Buena","Nocturna","Buen Tiempo","Lateral","S/D","Colisión","Ninguna","Faltante","Vegetación","Sin restricción"
2016,8277,11/23/2016,"Miercoles",0,12:25:00,,"0.0",2,"Moto/Ciclomotor,Automóvil","J.B.Justo Y Sarratea Bis",2,1,0,0,1,0,0,,"Calle",,"ROSARIO","Rosario","Asfalto","S/D","II","Dentro","Urbana","S/D","S/D","Intersección","S/D","Buena","Diurna","S/D","S/D","S/D","Colisión","S/D","S/D","S/D","S/D"
2016,8278,11/25/2016,"Viernes",0,10:30:00,,"0.0",2,"Moto/Ciclomotor,Automóvil","Av. Jorge Newbery Y Donado",3,1,0,0,2,0,0,,"Calle",,"ROSARIO","Rosario","S/D","S/D","II","Dentro","Urbana","S/D","S/D","Intersección","S/D","S/D","Diurna","S/D","S/D","S/D","Colisión","S/D","S/D","S/D","S/D"
2016,8279,11/7/2016,"Lunes",0,20:20:00,,"0.0",2,"Automóvil,Bicicleta","San Martin Y 24 De Setiembre",2,1,0,0,1,0,0,,"Avenida",,"ROSARIO","Rosario","Asfalto","No existe","II","Dentro","Urbana","Ninguna","No existe","Intersección","Bueno","Buena","Atardecer","Buen Tiempo","S/D","Ciclista","Atropello","Ninguna","Faltante","Ninguna","Sin restricción"
2016,8280,11/25/2016,"Viernes",0,9:30:00,,"0.0",2,"Moto/Ciclomotor,Automóvil","Av. Circunvalacion 977",2,2,0,0,0,0,0,,"Calle",,"ROSARIO","Rosario","S/D","S/D","II","Dentro","Urbana","S/D","S/D","Recta","S/D","S/D","Diurna","S/D","S/D","S/D","Colisión","S/D","S/D","S/D","S/D"
2016,8281,11/13/2016,"Domingo",0,14:45:00,,"0.0",2,"Moto/Ciclomotor,Automóvil","Buenos Aires 4400",2,1,0,0,1,0,0,,"Calle",,"ROSARIO","Rosario","Asfalto","No existe","II","Dentro","Urbana","Ninguna","No existe","Recta","Bueno","Buena","Diurna","S/D","De alcance","S/D","Colisión","S/D","S/D","Ninguna","Sin restricción"
2016,8282,11/6/2016,"Domingo",0,11:50:00,,"0.0",2,"Moto/Ciclomotor,Automóvil","Bv. Oroño Y Garibaldi",2,1,0,0,1,0,0,,"Calle",,"ROSARIO","Rosario","Asfalto","No existe","II","Dentro","Urbana","Semáforo","Funciona","Intersección","Bueno","Buena","Diurna","Buen Tiempo","Lateral","S/D","Colisión","Ninguna","Horizontal","Ninguna","Sin restricción"
2016,8283,11/22/2016,"Martes",0,8:20:00,,"0.0",2,"Bicicleta,Automóvil","Laprida Y Hilarion de la Quintana",2,1,0,0,1,0,0,,"Calle",,"ROSARIO","Rosario","Asfalto","No existe","II","Dentro","Urbana","Ninguna","S/D","Intersección","Bueno","S/D","Diurna","S/D","S/D","S/D","Atropello","S/D","S/D","Ninguna","Sin restricción"
2016,8284,11/25/2016,"Viernes",0,9:35:00,,"0.0",2,"Taxi/Remis,Moto/Ciclomotor","Av. Eva Peron Y Alvarez Condarco",3,2,0,0,1,0,0,,"Calle",,"ROSARIO","Rosario","Asfalto","Pavimento","II","Dentro","Urbana","Semáforo","Funciona","Recta","Bueno","Buena","Diurna","Buen Tiempo","De alcance","S/D","Colisión","S/D","Faltante","Ninguna","Sin restricción"
2016,8285,11/30/2016,"Miercoles",0,15:00:00,,"0.0",2,"Moto/Ciclomotor,Automóvil","Donado Y J.B.Justo",2,1,0,0,1,0,0,,"Calle",,"ROSARIO","Rosario","Asfalto","Pavimento","II","Dentro","Urbana","Ninguna","No existe","Recta","Bueno","Buena","Diurna","Buen Tiempo","De alcance","S/D","Colisión","S/D","Horizontal","Ninguna","Sin restricción"
2016,8286,11/21/2016,"Lunes",0,17:45:00,,"0.0",2,"Bicicleta,Automóvil","Ayacucho Y Ricardo Gutierrez",2,1,0,0,1,0,0,,"Calle",,"ROSARIO","Rosario","Asfalto","No existe","II","Dentro","Urbana","Ninguna","No existe","Intersección","Bueno","Buena","Diurna","Otro","S/D","S/D","Atropello","S/D","S/D","Línea divisoria pintada","Sin restricción"
2016,8287,11/30/2016,"Miercoles",0,19:00:00,,"0.0",2,"Automóvil,Moto/Ciclomotor","Bv. Argentino Y Tarragona",2,1,0,0,1,0,0,,"Calle",,"ROSARIO","Rosario","Asfalto","Pavimento","II","Dentro","Urbana","S/D","No existe","Recta","Bueno","Buena","Diurna","S/D","Lateral","S/D","Colisión","S/D","Horizontal","Ninguna","Sin restricción"
2016,8288,11/24/2016,"Jueves",0,18:30:00,,"0.0",2,"Moto/Ciclomotor,Automóvil","Av. Arijon Y Levi",2,1,0,0,1,0,0,,"Calle",,"ROSARIO","Rosario","Asfalto","No existe","II","S/D","Rural","Semáforo","Funciona","Recta","Bueno","Buena","Diurna","Buen Tiempo","De alcance","S/D","Colisión","S/D","S/D","Ninguna","Sin restricción"
2016,8289,11/5/2016,"Sabado",0,13:55:00,,"0.0",2,"Taxi/Remis,Moto/Ciclomotor","Bv. Oroño Y Uruguay",2,1,0,0,1,0,0,,"Avenida",,"ROSARIO","Rosario","Asfalto","No existe","II","Dentro","Urbana","Semáforo","Funciona","Intersección","Bueno","Buena","Diurna","Buen Tiempo","Lateral","S/D","Colisión","Ninguna","Horizontal,Vertical","S/D","S/D"
2016,8290,11/27/2016,"Domingo",0,15:00:00,,"0.0",2,"Moto/Ciclomotor,Automóvil"," ",4,2,1,0,1,0,0,,"Calle",,"ROSARIO","Rosario","Asfalto","No existe","II","Dentro","Urbana","Ninguna","No existe","Intersección","Bueno","Buena","Diurna","Buen Tiempo","Lateral","S/D","Colisión","S/D","Faltante","Línea divisoria pintada","Sin restricción"
2016,8291,11/25/2016,"Viernes",0,17:00:00,,"0.0",2,"Moto/Ciclomotor,Automóvil","Av. Pte.Peron ",3,3,0,0,0,0,0,,"Calle",,"ROSARIO","Rosario","Asfalto","Pavimento","II","Dentro","Urbana","Semáforo","Funciona","Recta","Bueno","Buena","Atardecer","Buen Tiempo","Lateral","S/D","Colisión","S/D","S/D","Ninguna","Sin restricción"
2016,8292,11/25/2016,"Viernes",0,11:00:00,,"0.0",2,"Pickup/Utilitario,Moto/Ciclomotor","Bv. Argentino Y Donado",2,1,0,0,1,0,0,,"Calle",,"ROSARIO","Rosario","Asfalto","Pavimento","II","Dentro","Urbana","Ninguna","Funciona","Recta","Bueno","Buena","Diurna","Buen Tiempo","Lateral","S/D","Colisión","S/D","Horizontal","Ninguna","Sin restricción"
2016,8293,11/28/2016,"Lunes",0,21:00:00,,"0.0",2,"Moto/Ciclomotor,Moto/Ciclomotor","Junin Y Pje. San Geronimo",3,2,1,0,0,0,0,,"Calle",,"ROSARIO","Rosario","Asfalto","Pavimento","II","Dentro","Urbana","Ninguna","No existe","Intersección","Deteriorada","Buena","Nocturna","Buen Tiempo","Lateral","S/D","Colisión","S/D","S/D","Ninguna","Sin restricción"
2016,8294,11/18/2016,"Viernes",0,23:15:00,,"0.0",2,"Moto/Ciclomotor,Automóvil","Velez Sarsfield Y Pje. San Geronimo",2,0,1,0,1,0,0,,"Calle",,"ROSARIO","Rosario","Asfalto","Pavimento","II","Dentro","Urbana","S/D","S/D","Intersección","Bueno","Reducida","Nocturna","S/D","Lateral","S/D","Colisión","S/D","S/D","Línea divisoria pintada","S/D"
2016,8295,11/29/2016,"Martes",0,8:15:00,,"0.0",2,"Automóvil,Moto/Ciclomotor","Baigorria Y Rivadavia",3,1,0,0,2,0,0,,"Calle",,"ROSARIO","Rosario","Asfalto","S/D","II","Dentro","Urbana","Ninguna","S/D","Recta","Bueno","S/D","S/D","Buen Tiempo","De alcance","S/D","Colisión","S/D","Faltante","Barrera de hormigón","S/D"
2016,8296,11/4/2016,"Viernes",0,16:30:00,,"0.0",2,"Automóvil,Moto/Ciclomotor","Sarmiento Y Garibaldi",2,1,0,0,1,0,0,,"Calle",,"ROSARIO","Rosario","Asfalto","No existe","II","Dentro","Urbana","Ninguna","No existe","Intersección","Bueno","Buena","Diurna","Buen Tiempo","Lateral","S/D","Colisión","Ninguna","Faltante","Ninguna","Sin restricción"
2016,8297,11/4/2016,"Viernes",0,16:25:00,,"0.0",2,"Moto/Ciclomotor,Automóvil","Bv. Oroño Y Saavedra",2,1,0,0,1,0,0,,"Avenida",,"ROSARIO","Rosario","Asfalto","S/D","II","Dentro","Urbana","S/D","Funciona","Intersección","S/D","Buena","Diurna","Buen Tiempo","Lateral","S/D","Colisión","S/D","Vertical","S/D","S/D"
2016,8298,11/3/2016,"Jueves",0,17:20:00,,"0.0",2,"Taxi/Remis,Moto/Ciclomotor","Av. Ovidio Lagos Y Pte.Quintana",2,1,0,0,1,0,0,,"Calle",,"ROSARIO","Rosario","Asfalto","No existe","II","Dentro","Urbana","Ninguna","No existe","Intersección","Bueno","Buena","Diurna","Buen Tiempo","Lateral","S/D","Colisión","Ninguna","Faltante","Ninguna","Sin restricción"
2016,8299,11/3/2016,"Jueves",0,14:15:00,,"0.0",3,"Automóvil,Moto/Ciclomotor,Moto/Ciclomotor","Bv. Segui Y Mariano Moreno",3,2,0,0,1,0,0,,"Calle",,"ROSARIO","Rosario","Asfalto","No existe","II","Dentro","Urbana","Ninguna","No existe","Intersección","Bueno","Buena","Diurna","Buen Tiempo","Lateral","S/D","Colisión","Ninguna","Faltante","Ninguna","Sin restricción"
2016,8300,11/3/2016,"Jueves",0,10:15:00,,"0.0",2,"Automóvil,Moto/Ciclomotor","Mitre Y Bv. Segui",2,1,0,0,1,0,0,,"Calle",,"ROSARIO","Rosario","Asfalto","No existe","II","Dentro","Urbana","Ninguna","No existe","Intersección","Bueno","Buena","Diurna","Buen Tiempo","Lateral","S/D","Colisión","Ninguna","Faltante","Ninguna","Sin restricción"
2016,8301,11/3/2016,"Jueves",0,10:10:00,,"0.0",2,"Automóvil,Moto/Ciclomotor","San Martin Y Benito Juarez",2,1,0,0,1,0,0,,"Calle",,"ROSARIO","Rosario","Asfalto","No existe","II","Dentro","Urbana","Ninguna","No existe","Intersección","Bueno","Buena","Diurna","Buen Tiempo","Lateral","S/D","Colisión","Ninguna","Faltante","Ninguna","Sin restricción"
2016,8302,11/2/2016,"Miercoles",0,7:45:00,,"0.0",2,"Moto/Ciclomotor,Automóvil","Bv. Oroño Y Juan Canals",2,1,0,0,1,0,0,,"Avenida",,"ROSARIO","Rosario","Asfalto","No existe","II","Dentro","Urbana","Ninguna","No existe","Intersección","Bueno","Buena","Diurna","Buen Tiempo","Lateral","S/D","Colisión","Ninguna","Faltante","Ninguna","Sin restricción"
2016,8303,11/2/2016,"Miercoles",0,6:45:00,,"0.0",2,"Bicicleta,Taxi/Remis","Av. Uriburu Y Sarmiento",2,1,0,0,1,0,0,,"Avenida",,"ROSARIO","Rosario","Asfalto","No existe","II","Dentro","Urbana","Ninguna","No existe","Intersección","Bueno","Buena","Diurna","Buen Tiempo","S/D","Ciclista","Atropello","Ninguna","Faltante","Ninguna","Sin restricción"
2016,8304,11/24/2016,"Jueves",0,20:20:00,,"0.0",2,"Moto/Ciclomotor,Peatón","Gral San Martin 524",2,2,0,0,0,0,0,,"Avenida",,"SAN GUILLERMO","San Cristóbal","Asfalto","S/D","XIII","Dentro","Urbana","Semáforo","Funciona","Recta","Bueno","S/D","S/D","Buen Tiempo","S/D","Peatón","Atropello","Ninguna","Vertical","S/D","Sin restricción"
2016,8305,11/13/2016,"Domingo",0,9:25:00,,"0.0",2,"Automóvil,Moto/Ciclomotor","Independencia ",2,1,0,0,0,0,1,,"Calle",,"SAN GUILLERMO","San Cristóbal","Hormigón","No existe","XIII","Dentro","Urbana","Ninguna","No existe","Recta","Bueno","Buena","Diurna","Buen Tiempo","Lateral","S/D","Colisión","Ninguna","Vertical","Ninguna","Sin restricción"
2016,8306,11/15/2016,"Martes",0,15:15:00,,"0.0",2,"Automóvil,Moto/Ciclomotor","Ortiz Y Av Gral Belgrano",2,0,1,0,1,0,0,,"Calle",,"SASTRE","San Martín","Hormigón","No existe","XVIII","Dentro","Urbana","Ninguna","No existe","Intersección","Bueno","Buena","Diurna","Buen Tiempo","Lateral","S/D","Colisión","Ninguna","Horizontal","Ninguna","Sin restricción"
2016,8307,11/28/2016,"Lunes",0,1:40:00,,"0.0",2,"Peatón,Moto/Ciclomotor","Juan de Garay ",2,2,0,0,0,0,0,,"Calle",,"CAYASTA","Garay","Arena","No existe","VII","Dentro","Urbana","Ninguna","No existe","S/D","Bueno","Buena","Nocturna,Con luz artificial","Buen Tiempo","S/D","Peatón","Atropello","Ninguna","Faltante","Ninguna","Sin restricción"
2016,8308,11/18/2016,"Viernes",0,21:30:00,"Ruta Provincial 13","83.0",2,"Pickup/Utilitario,Camión c / Acoplado"," ",2,1,0,0,1,0,0,,"Ruta",13,"SASTRE","San Martín","Asfalto","Natural","XVIII","Dentro","S/D","Ninguna","No existe","Recta","Bueno","Buena","Nocturna","Buen Tiempo","De alcance","S/D","Colisión","Ninguna","Faltante","Línea divisoria pintada","Sin restricción"
2016,8309,11/19/2016,"Sabado",0,21:45:00,,"0.0",2,"Cuatriciclo,Pickup/Utilitario"," ",3,0,2,0,1,0,0,,"Camino Rural",,"CRISPI","San Martín","Tierra","Natural","XVIII","Dentro","Rural","Ninguna","No existe","Recta","Otro","Reducida polvo","Nocturna","Buen Tiempo","Lateral","S/D","Colisión","Ninguna","Faltante","Ninguna","Sin restricción"
2016,8310,11/9/2016,"Miercoles",0,19:40:00,,"0.0",2,"Camión Chasis,Bicicleta","25 de Mayo Y Domingo F Sarmiento",2,1,0,0,1,0,0,,"S/D",,"VILA","Castellanos","Asfalto","S/D","V","S/D","Urbana","S/D","S/D","Intersección","Bueno","S/D","S/D","Buen Tiempo","S/D","Ciclista","Atropello","Ninguna","Vertical","Ninguna","Sin restricción"
2016,8311,11/15/2016,"Martes",0,12:30:00,"Ruta Provincial 1","25.0",2,"Automóvil,Pickup/Utilitario"," ",5,1,0,0,4,0,0,,"Ruta",1,"LOS ZAPALLOS","Garay","Asfalto","Pavimento","VII","Dentro","Urbana","Otra Señal","No existe","Recta","Bueno","Buena","Diurna","Buen Tiempo","S/D","S/D","Colisión","S/D","Vertical","Guardarrail","Sin restricción"
2016,8312,11/11/2016,"Viernes",0,13:15:00,,"0.0",2,"Moto/Ciclomotor,Moto/Ciclomotor","Sarmiento Y Mitre",3,3,0,0,0,0,0,,"Calle",,"CALCHAQUÍ","Vera","Asfalto","Pavimento","XIX","Dentro","Urbana","S/D","No existe","Recta","Bueno","Buena","Diurna","Buen Tiempo","S/D","S/D","Colisión","Ninguna","S/D","Cordón divisorio","S/D"
2016,8313,11/19/2016,"Sabado",0,13:50:00,,"0.0",2,"Automóvil,Automóvil","Av. Circunvalacion Y Centeno",2,1,0,0,0,0,1,,"Avenida",,"ROSARIO","Rosario","S/D","S/D","II","S/D","Urbana","S/D","S/D","S/D","S/D","S/D","S/D","S/D","Lateral","S/D","Colisión","S/D","S/D","S/D","S/D"