"anio_acci","nro_acci","fecha","desc_dia","fecha_aprox","hora_aprox","desc_ruta","km","cant_participantes","desc_participante","calle_avenida_km","total","heridos_leves","heridos_graves","heridos_gravisimos","ilesos","fallecidos","sin_datos","posicion_XY","desc_tipo_via","desc_ruta_ori","desc_loc","desc_dpto","desc_tipo_calzada","desc_tipo_banquina","desc_unidad_regional","desc_lugar_calzada","desc_zona","desc_prioridad","desc_estado_semaforo","desc_lugar_via","desc_estado_via","desc_estado_visibilidad","desc_luminosidad","desc_estado_clima","desc_tipo_colision","desc_tipo_atropello","desc_tipo_hecho","desc_pres_calzada","desc_senializacion","desc_separacion_via","desc_restriccion"
2016,8314,11/23/2016,"Miercoles",0,10:30:00,,"0.0",2,"Pickup/Utilitario,Moto/Ciclomotor","MORENO  Y ITURRASPE",3,2,0,0,1,0,0,,"Calle",,"SAN VICENTE.","Castellanos","Asfalto","No existe","V","Dentro","Urbana","Ninguna","No existe","Intersección","Bueno","Buena","Diurna","Buen Tiempo","Lateral","S/D","Colisión","S/D","Faltante","Ninguna","Sin restricción"
2016,8315,11/28/2016,"Lunes",0,13:30:00,"Ruta Nacional 11","0.0",3,"Automóvil,Automóvil,Automóvil"," ",7,2,0,0,5,0,0,,"Ruta",11,"PUERTO SAN MARTÍN","San Lorenzo","Asfalto","Natural","XVII","Dentro","Urbana","Ninguna","No existe","Recta","Ahuellamiento","Buena","Diurna","Buen Tiempo","Múltiple","S/D","Colisión","S/D","Horizontal","Ninguna","Sin restricción"
2016,8316,11/12/2016,"Sabado",0,,,"0.0",2,"Automóvil,Moto/Ciclomotor","Mitre Y Pueyrredon",3,1,0,0,2,0,0,,"Calle",,"CALCHAQUÍ","Vera","Asfalto","Pavimento","XIX","S/D","Urbana","S/D","No existe","Recta","Bueno","Buena","S/D","Buen Tiempo","S/D","S/D","Colisión","S/D","S/D","S/D","S/D"
2016,8317,11/27/2016,"Domingo",0,22:05:00,,"0.0",2,"Moto/Ciclomotor,Automóvil","Rio Parana Y Panama",3,2,0,0,1,0,0,,"Calle",,"ROLDÁN","San Lorenzo","Tierra","No existe","XVII","Dentro","Urbana","Ninguna","No existe","Intersección","Deteriorada","Reducida","Nocturna,Con luz artificial","Buen Tiempo","Lateral","S/D","Colisión","S/D","Faltante","Ninguna","Sin restricción"
2016,8318,11/13/2016,"Domingo",0,11:30:00,"Ruta Provincial 93","10.0",1,"Automóvil","Ruta Prov 93 ",1,1,0,0,0,0,0,,"Ruta",93,"BERABEVÚ","Caseros","Asfalto","Natural","VI","Fuera","Rural","Ninguna","No existe","Recta","Bueno","Buena","Diurna","Lluvia","S/D","S/D","Vuelco,Despiste","Agua","S/D","Línea divisoria pintada","Sin restricción"
2016,8319,11/12/2016,"Sabado",0,13:50:00,,"0.0",2,"Automóvil,Moto/Ciclomotor","Corrientes Y Francia",2,0,1,0,1,0,0,,"Calle",,"SANTA FE","La Capital","Asfalto","No existe","I","Dentro","Urbana","Ninguna","S/D","Intersección","Con baches,Deteriorada","Buena","Diurna","Buen Tiempo","Lateral","S/D","Colisión","Ninguna","Faltante","Ninguna","Sin restricción"
2016,8320,11/15/2016,"Martes",0,18:30:00,,"0.0",2,"Automóvil,Moto/Ciclomotor","Catamarca Y Rivadavia",2,1,0,0,1,0,0,,"Calle",,"ROLDÁN","San Lorenzo","Asfalto","Natural","XVII","Dentro","Urbana","Ninguna","No existe","Intersección","Bueno","Buena","Diurna","Buen Tiempo","Lateral","S/D","Colisión","S/D","Vertical","Ninguna","Sin restricción"
2016,8321,11/22/2016,"Martes",0,18:55:00,,"0.0",2,"Moto/Ciclomotor,Moto/Ciclomotor","San Lorenzo Y Moreno",2,1,1,0,0,0,0,,"Calle",,"CALCHAQUÍ","Vera","Tierra","Natural","XIX","Dentro","Urbana","S/D","No existe","Intersección","Bueno","Buena","Diurna","Buen Tiempo","Frontal","S/D","Colisión","Ninguna","S/D","S/D","S/D"
2016,8322,11/28/2016,"Lunes",0,12:00:00,,"0.0",2,"Pickup/Utilitario,Moto/Ciclomotor","Bv Pellegrini Y Avellaneda",2,1,0,0,1,0,0,,"Calle",,"ROLDÁN","San Lorenzo","Hormigón","No existe","XVII","Dentro","Urbana","Ninguna","No existe","Intersección","Bueno","Buena","Diurna","Buen Tiempo","Lateral","S/D","Colisión","S/D","Vertical","Ninguna","Sin restricción"
2016,8323,11/6/2016,"Domingo",0,21:00:00,"Ruta Nacional Rosario -Cordoba","313.0",2,"Automóvil,Automóvil"," ",5,3,0,0,2,0,0,,"Ruta","Rosario -Cordoba","ROLDÁN","San Lorenzo","Asfalto","Natural","XVII","Dentro","Urbana","Ninguna","No existe","Recta","Bueno","Reducida","Nocturna","Buen Tiempo","S/D","S/D","Colisión","S/D","Vertical","Ninguna","Sin restricción"
2016,8324,11/10/2016,"Jueves",0,11:00:00,,"0.0",2,"Moto/Ciclomotor,Automóvil","J.J.Paso Y Roullon",3,2,0,0,1,0,0,,"Calle",,"ROSARIO","Rosario","Asfalto","No existe","II","Dentro","Urbana","Semáforo","Funciona","Intersección","Bueno","Buena","Diurna","Buen Tiempo","Frontal","S/D","Colisión","S/D","Vertical","Línea divisoria pintada","Sin restricción"
2016,8325,11/11/2016,"Viernes",0,14:20:00,,"0.0",2,"Automóvil,Peatón","Av Freyre 1700",2,1,0,0,1,0,0,,"Calle",,"SANTA FE","La Capital","Asfalto","No existe","I","Dentro","Urbana","Ninguna","No existe","Recta","Con baches","Buena","Diurna","Buen Tiempo","S/D","Peatón","Atropello","Ninguna","Faltante","Ninguna","Sin restricción"
2016,8326,11/19/2016,"Sabado",0,22:00:00,,"0.0",2,"Bicicleta,Moto/Ciclomotor","Avenida Alberdi Y Calle VI",2,2,0,0,0,0,0,,"Calle",,"ROLDÁN","San Lorenzo","Asfalto","No existe","XVII","Dentro","Urbana","Ninguna","No existe","Recta","Bueno","Reducida","Nocturna","Buen Tiempo","S/D","Ciclista","Atropello","S/D","Faltante","Ninguna","Sin restricción"
2016,8327,11/3/2016,"Jueves",0,14:00:00,,"0.0",2,"Pickup/Utilitario,Moto/Ciclomotor","J.J.Paso Y Ecuador",3,2,0,0,1,0,0,,"Calle",,"ROSARIO","Rosario","Asfalto","No existe","II","Dentro","Urbana","Ninguna","No existe","Recta","Bueno","Buena","Diurna","Buen Tiempo","Frontal","S/D","Colisión","S/D","Faltante","Cordón divisorio","Sin restricción"
2016,8328,11/29/2016,"Martes",0,,,"0.0",2,"Bicicleta,Moto/Ciclomotor"," ",2,0,0,0,0,0,2,,"S/D",,"CORONDA","San Jerónimo","Asfalto","Ripio","XV","Dentro","Urbana","Ninguna","No existe","Recta","Bueno","Buena","Nocturna","Buen Tiempo","S/D","Ciclista","Atropello","Ninguna","S/D","Ninguna","Sin restricción"
2016,8329,11/24/2016,"Jueves",0,14:35:00,"Ruta Nacional A012","47.0",2,"Camión Chasis,Camión c / Acoplado"," ",2,1,0,0,1,0,0,,"Ruta","A012","ROLDÁN","San Lorenzo","Asfalto","Natural","XVII","Dentro","Rural","Ninguna","No existe","Recta","Bueno","Buena","Diurna","Buen Tiempo","Lateral","S/D","Colisión","S/D","Vertical","Ninguna","Sin restricción"
2016,8330,11/22/2016,"Martes",0,9:30:00,,"0.0",2,"Automóvil,Moto/Ciclomotor","Cnel Rodriguez Y Guemes",3,2,0,0,1,0,0,,"Calle",,"CORONDA","San Jerónimo","Asfalto","No existe","XV","Dentro","Urbana","Ninguna","No existe","Intersección","Bueno","Buena","Diurna","Buen Tiempo","Lateral","S/D","Colisión","Ninguna","S/D","Ninguna","Sin restricción"
2016,8331,11/16/2016,"Miercoles",0,11:50:00,,"0.0",2,"Automóvil,Moto/Ciclomotor","Av Mosconi Y Juan de Garay",2,1,0,0,1,0,0,,"Calle",,"SANTA FE","La Capital","Asfalto","No existe","I","Dentro","Urbana","Ninguna","No existe","Intersección","Con baches,Deteriorada","Buena","Diurna","Buen Tiempo","Lateral","S/D","Colisión","Ninguna","Faltante","Ninguna","Sin restricción"
2016,8332,11/25/2016,"Viernes",0,15:30:00,"Ruta Nacional 34","125.0",1,"Automóvil"," ",3,3,0,0,0,0,0,,"Ruta",34,"CAÑADA ROSQUÍN","San Martín","Asfalto","Natural","XVIII","Dentro","Urbana","Ninguna","No existe","Recta","Bueno","Buena","Diurna","Buen Tiempo","S/D","S/D","Vuelco","S/D","Vertical","Ninguna","Sin restricción"
2016,8333,11/26/2016,"Sabado",0,20:00:00,"Ruta Nacional A012","40.5",2,"Moto/Ciclomotor,Automóvil"," ",2,1,0,0,0,0,1,,"Ruta","A012","ROLDÁN","San Lorenzo","Asfalto","Natural","XVII","S/D","S/D","Ninguna","No existe","Recta","Bueno","Reducida","Nocturna","Buen Tiempo","Lateral","S/D","Colisión","S/D","Faltante","Ninguna","Sin restricción"
2016,8334,11/13/2016,"Domingo",0,22:40:00,,"0.0",2,"Moto/Ciclomotor,Moto/Ciclomotor","Juan B Justo Y San Juan",2,2,0,0,0,0,0,,"Calle",,"SAN GENARO","San Jerónimo","Hormigón","No existe","XV","Dentro","Urbana","Ninguna","No existe","Intersección","Resbaladiza","Buena","Nocturna,Con luz artificial","Buen Tiempo","Frontal","S/D","Colisión","Agua,Material Suelto","Faltante","Ninguna","Sin restricción"
2016,8335,11/16/2016,"Miercoles",0,16:25:00,,"0.0",2,"Moto/Ciclomotor,Automóvil","Entre Rios Y San Juan",2,1,0,0,1,0,0,,"Calle",,"SANTA FE","La Capital","Asfalto","No existe","I","Dentro","Urbana","Ninguna","No existe","Intersección","Con baches,Deteriorada","Buena","Diurna","Buen Tiempo","De alcance","S/D","Colisión","Ninguna","Faltante","Ninguna","Sin restricción"
2016,8336,11/13/2016,"Domingo",0,17:00:00,"Ruta Provincial 66","58.0",1,"Automóvil"," ",4,1,0,0,3,0,0,,"Ruta",66,"CAÑADA ROSQUÍN","San Martín","Asfalto","Natural","XVIII","Dentro","Urbana","Ninguna","No existe","Curva","Resbaladiza","Reducida","Diurna","Lluvia","S/D","S/D","Despiste","Agua","Horizontal","Ninguna","Sin restricción"
2016,8337,11/2/2016,"Miercoles",0,0:10:00,"Autopista Nacional A012","38.5",1,"Automóvil"," ",1,1,0,0,0,0,0,,"Autopista","A012","ROLDÁN","San Lorenzo","Asfalto","Natural","XVII","Dentro","Rural","Ninguna","No existe","Recta","Bueno","Reducida","Nocturna,Con luz artificial","Buen Tiempo","S/D","S/D","Vuelco","S/D","Vertical","Ninguna","Sin restricción"
2016,8338,11/3/2016,"Jueves",0,12:20:00,,"0.0",2,"Bicicleta,Moto/Ciclomotor","Av Iriondo 2992",2,1,1,0,0,0,0,,"Calle",,"SAN JUSTO","San Justo","Hormigón","No existe","XVI","Dentro","Urbana","Ninguna","No existe","Recta","Bueno","Buena","Diurna","Buen Tiempo","Frontal","Ciclista","Atropello","S/D","Faltante","Ninguna","Sin restricción"
2016,8339,11/17/2016,"Jueves",0,20:10:00,,"0.0",2,"Moto/Ciclomotor,Automóvil","Av Gral Lopez Y Saavedra",2,0,1,0,1,0,0,,"Avenida",,"SANTA FE","La Capital","Asfalto","No existe","I","Dentro","Urbana","Ninguna","No existe","Intersección","Con baches,Deteriorada","Buena","Nocturna","Buen Tiempo","Lateral","S/D","Colisión","Ninguna","Faltante","Ninguna","Sin restricción"
2016,8340,11/12/2016,"Sabado",0,17:40:00,,"0.0",2,"Moto/Ciclomotor,Pickup/Utilitario"," ",2,1,0,0,1,0,0,,"S/D",,"SAN GENARO","San Jerónimo","Asfalto","No existe","XV","S/D","Urbana","Ninguna","No existe","Intersección","Resbaladiza","Buena","Diurna","Buen Tiempo","Lateral","S/D","Colisión","Ninguna","S/D","Ninguna","Sin restricción"
2016,8341,11/11/2016,"Viernes",0,15:20:00,"Ruta Nacional 11","0.0",2,"Automóvil,Moto/Ciclomotor","Franciscanos ",2,1,0,0,1,0,0,,"Ruta",11,"SAN LORENZO","San Lorenzo","Asfalto","Natural","XVII","S/D","Urbana","S/D","No existe","Intersección","Bueno","Buena","Diurna","Buen Tiempo","S/D","S/D","Colisión","Ninguna","S/D","Ninguna","S/D"
2016,8342,11/4/2016,"Viernes",0,9:30:00,,"0.0",2,"Bicicleta,Automóvil","B de Tucuman Y Gral Urquiza",2,1,0,0,1,0,0,,"Calle",,"SAN JUSTO","San Justo","Hormigón","No existe","XVI","Dentro","Urbana","Ninguna","No existe","Recta","Bueno","Buena","Diurna","Buen Tiempo","Frontal","Ciclista","Atropello","S/D","S/D","Ninguna","Sin restricción"
2016,8343,11/11/2016,"Viernes",0,12:10:00,,"0.0",2,"Automóvil,Moto/Ciclomotor","Av Roque Saenz Peña Y Mitre",2,1,0,0,1,0,0,,"Calle",,"SAN GENARO","San Jerónimo","Asfalto","No existe","XV","Dentro","Urbana","Ninguna","No existe","Intersección","Bueno","Buena","Diurna","Buen Tiempo","Lateral","S/D","Colisión","Ninguna","Faltante","Ninguna","Desvío Provisorio"
2016,8344,11/23/2016,"Miercoles",0,20:30:00,,"0.0",2,"Pickup/Utilitario,Moto/Ciclomotor","Uruguay Y San Lorenzo",3,2,0,0,1,0,0,,"S/D",,"SANTA FE","La Capital","Asfalto","No existe","I","S/D","S/D","Ninguna","No existe","Intersección","Con baches,Deteriorada","Reducida","Nocturna","Buen Tiempo","Lateral","S/D","Colisión","Ninguna","Faltante","Ninguna","Sin restricción"
2016,8345,11/26/2016,"Sabado",0,15:15:00,,"0.0",2,"Moto/Ciclomotor,Transporte de Pasajeros Urbano (> 8 asientos)","N Figueredo Y Belgrano",3,2,0,0,1,0,0,,"Calle",,"SAN JUSTO","San Justo","Hormigón","No existe","XVI","Dentro","Urbana","Ninguna","No existe","Intersección","Bueno","Buena","Diurna","Buen Tiempo","Frontal","S/D","Colisión","Ninguna","Vertical","Ninguna","Sin restricción"
2016,8346,11/27/2016,"Domingo",0,1:25:00,,"0.0",1,"Moto/Ciclomotor","Islas Malvinas 3100",2,2,0,0,0,0,0,,"Calle",,"SAN LORENZO","San Lorenzo","Asfalto","No existe","XVII","Dentro","Urbana","Otra Señal","No existe","Recta","Bueno","S/D","Nocturna","Buen Tiempo","S/D","S/D","Caída ocupante","Ninguna","Vertical","S/D","S/D"
2016,8347,11/3/2016,"Jueves",0,21:20:00,,"0.0",2,"Moto/Ciclomotor,Automóvil","Juan B Justo ",3,2,0,0,1,0,0,,"Calle",,"SAN GENARO","San Jerónimo","Asfalto","No existe","XV","Dentro","Urbana","Ninguna","No existe","Intersección","Bueno","Buena","Nocturna,Con luz artificial","Buen Tiempo","Lateral","S/D","Colisión","Ninguna","Faltante","Ninguna","Sin restricción"
2016,8348,11/20/2016,"Domingo",0,17:00:00,"Ruta Provincial 2","149.0",2,"Pickup/Utilitario,Camión c / Acoplado"," ",3,2,0,0,1,0,0,,"Ruta",2,"TOSTADO","9 de Julio","Hormigón","Natural","XII","Dentro","Urbana","Ninguna","No existe","Recta","Bueno","Buena","Diurna","Buen Tiempo","S/D","S/D","Colisión","S/D","Faltante","Ninguna","Sin restricción"
2016,8349,11/4/2016,"Viernes",0,,,"0.0",2,"Automóvil,Bicicleta","Av. Pte.Peron Y Vera Mujica",2,1,0,0,1,0,0,,"Calle",,"ROSARIO","Rosario","Asfalto","No existe","II","S/D","Urbana","Semáforo","Funciona","Intersección","Bueno","Buena","Diurna","Buen Tiempo","S/D","Ciclista","Atropello","Ninguna","Vertical","S/D","Sin restricción"
2016,8350,11/15/2016,"Martes",0,6:30:00,,"0.0",2,"Automóvil,Bicicleta","Av. Uriburu Y Av. Ovidio Lagos",2,1,0,0,1,0,0,,"Avenida",,"ROSARIO","Rosario","Asfalto","No existe","II","Dentro","Urbana","Semáforo","Funciona","Intersección","Bueno","Buena","Diurna","Buen Tiempo","S/D","Ciclista","Atropello","Ninguna","S/D","S/D","S/D"
2016,8351,11/25/2016,"Viernes",0,13:50:00,,"0.0",2,"Moto/Ciclomotor,Automóvil","Francia Y J J Paso",2,1,0,0,1,0,0,,"S/D",,"SANTA FE","La Capital","Asfalto","No existe","I","S/D","S/D","Ninguna","No existe","Intersección","Con baches,Deteriorada","Buena","Diurna","Buen Tiempo","De alcance","S/D","Colisión","Ninguna","Faltante","Ninguna","Sin restricción"
2016,8352,11/11/2016,"Viernes",0,13:30:00,,"0.0",2,"Bicicleta,Otros","CALLE 1 ",2,1,0,0,1,0,0,,"Calle",,"FRONTERA","Castellanos","Asfalto","S/D","V","Dentro","Urbana","S/D","S/D","Recta","Con baches","Buena","Diurna","S/D","S/D","Ciclista","Atropello","S/D","S/D","S/D","S/D"
2016,8353,11/10/2016,"Jueves",0,10:50:00,"Ruta Provincial 10","0.0",2,"Automóvil,Pickup/Utilitario","EN RP 64 Y RP 10 ",4,4,0,0,0,0,0,,"Ruta",10,"LÓPEZ","San Jerónimo","Asfalto","Natural","XV","Dentro","Rural","Ninguna","No existe","Cruce","Bueno","Buena","Diurna","Buen Tiempo","Otro","S/D","Colisión","S/D","S/D","Cordón divisorio","Sin restricción"
2016,8354,11/10/2016,"Jueves",0,,,"0.0",2,"Automóvil,Tren","Bv. Avellaneda Y Cochabamba",2,1,0,0,1,0,0,,"Avenida",,"ROSARIO","Rosario","Asfalto","Pavimento","II","S/D","Urbana","Ninguna","No existe","Intersección","Bueno","Buena","Diurna","Buen Tiempo","S/D","S/D","Colisión","Ninguna","S/D","S/D","Sin restricción"
2016,8355,11/1/2016,"Martes",0,15:45:00,,"0.0",2,"Automóvil,Camión c / Acoplado","Av. Uriburu Y Mitre",2,1,0,0,1,0,0,,"Avenida",,"ROSARIO","Rosario","Asfalto","No existe","II","Dentro","Urbana","Ninguna","No existe","Intersección","Bueno","Buena","Diurna","Buen Tiempo","Lateral","S/D","Colisión","Ninguna","Faltante","Ninguna","Sin restricción"
2016,8356,11/21/2016,"Lunes",0,19:30:00,,"0.0",2,"Moto/Ciclomotor,Automóvil","Calle 5 Y Calle 60",2,1,0,0,1,0,0,,"Calle",,"FRONTERA","Castellanos","Asfalto","S/D","V","Dentro","Urbana","S/D","S/D","Intersección","S/D","Buena","Diurna","S/D","S/D","S/D","Colisión","S/D","S/D","S/D","S/D"
2016,8357,11/25/2016,"Viernes",0,17:00:00,,"0.0",2,"Moto/Ciclomotor,Bicicleta"," ",3,2,0,0,1,0,0,,"S/D",,"SANTA FE","La Capital","Asfalto","No existe","I","S/D","S/D","Ninguna","No existe","Recta","Con baches","Buena","Diurna","Buen Tiempo","De alcance","S/D","Colisión","Ninguna","Faltante","Ninguna","Sin restricción"
2016,8358,11/11/2016,"Viernes",0,7:40:00,,"0.0",2,"Pickup/Utilitario,Bicicleta","Av. Francia Y Viamonte",2,1,0,0,1,0,0,,"Calle",,"ROSARIO","Rosario","Asfalto","S/D","II","S/D","Urbana","S/D","S/D","Intersección","Bueno","Buena","Diurna","Buen Tiempo","S/D","Ciclista","Atropello","Ninguna","S/D","Ninguna","Sin restricción"
2016,8359,11/18/2016,"Viernes",0,14:30:00,"Ruta Nacional 11","401.0",1,"Automóvil"," ",2,1,0,0,1,0,0,,"Ruta",11,"SAN FABIÁN","San Jerónimo","Asfalto","Natural","XV","Fuera","Rural","Ninguna","No existe","Recta","Bueno","Buena","Diurna","Buen Tiempo","S/D","S/D","Despiste","Ninguna","Horizontal","Línea divisoria pintada","Sin restricción"
2016,8360,11/19/2016,"Sabado",0,20:10:00,,"0.0",2,"Automóvil,Automóvil","San Martin Y Av. Uriburu",2,1,0,0,1,0,0,,"Avenida",,"ROSARIO","Rosario","Asfalto","S/D","II","Dentro","Urbana","Semáforo","Funciona","Intersección","Bueno","Buena","Nocturna","Buen Tiempo","Lateral","S/D","Colisión","S/D","Vertical","Cordón divisorio","S/D"
2016,8361,11/30/2016,"Miercoles",0,11:15:00,,"0.0",2,"Pickup/Utilitario,Moto/Ciclomotor","Av Maipu ",3,2,0,0,1,0,0,,"Calle",,"CERES","San Cristóbal","Asfalto","No existe","XIII","Dentro","Urbana","Ninguna","No existe","Intersección","Bueno","Buena","Diurna","Buen Tiempo","Lateral","S/D","Colisión","Ninguna","Faltante","Cordón divisorio","Sin restricción"
2016,8362,11/14/2016,"Lunes",0,7:50:00,,"0.0",2,"Moto/Ciclomotor,Otros","Bv. 27 De Febrero Y Valparaiso",2,2,0,0,0,0,0,,"Calle",,"ROSARIO","Rosario","Asfalto","S/D","II","S/D","Urbana","S/D","S/D","Intersección","Bueno","Buena","Diurna","S/D","S/D","S/D","Colisión","Ninguna","S/D","S/D","S/D"
2016,8363,11/27/2016,"Domingo",0,19:30:00,"Ruta Nacional 11","403.4",1,"Automóvil"," ",2,1,0,0,1,0,0,,"Ruta",11,"SAN FABIÁN","San Jerónimo","Asfalto","Natural","XV","S/D","Rural","Ninguna","No existe","Recta","Bueno","Buena","Diurna","Buen Tiempo","S/D","S/D","Vuelco","Ninguna","Horizontal","Línea divisoria pintada","Sin restricción"
2016,8364,11/26/2016,"Sabado",0,2:30:00,,"0.0",2,"Moto/Ciclomotor,Automóvil","Amenabar Y Av Urquiza",2,1,0,0,1,0,0,,"Calle",,"SANTA FE","La Capital","Asfalto","No existe","I","Dentro","Urbana","Ninguna","No existe","Intersección","Con baches,Deteriorada","Buena","Nocturna","Buen Tiempo","Lateral","S/D","Colisión","Ninguna","Faltante","Ninguna","Sin restricción"
2016,8365,11/28/2016,"Lunes",0,22:15:00,,"0.0",2,"Automóvil,Automóvil","Av San Martin Y Eva Peron",4,4,0,0,0,0,0,,"Avenida",,"SAN LORENZO","San Lorenzo","Asfalto","S/D","XVII","Dentro","Urbana","Ninguna","No existe","Intersección","Bueno","Buena","Nocturna","Buen Tiempo","Lateral","S/D","Colisión","S/D","S/D","S/D","S/D"
2016,8366,11/17/2016,"Jueves",0,,,"0.0",2,"Automóvil,Otros","Riobamba Y San Nicolas",2,1,0,0,1,0,0,,"Calle",,"ROSARIO","Rosario","Asfalto","S/D","II","S/D","Urbana","S/D","No existe","Intersección","Bueno","Buena","Diurna","Buen Tiempo","S/D","S/D","Colisión","Ninguna","S/D","S/D","Sin restricción"
2016,8367,11/21/2016,"Lunes",0,11:40:00,,"0.0",2,"Moto/Ciclomotor,Moto/Ciclomotor","Pringles Y Laprida",5,5,0,0,0,0,0,,"Calle",,"SAN CRISTÓBAL","San Cristóbal","Ripio","No existe","XIII","Dentro","Urbana","Ninguna","No existe","Intersección","Bueno","Buena","Diurna","Buen Tiempo","Lateral","S/D","Colisión","Ninguna","Faltante","Ninguna","Sin restricción"
2016,8368,11/26/2016,"Sabado",0,3:00:00,,"0.0",1,"Moto/Ciclomotor","J J Paso Y Roque Saenz Peña",1,1,0,0,0,0,0,,"Avenida",,"SANTA FE","La Capital","Asfalto","No existe","I","Dentro","Urbana","Ninguna","No existe","Intersección","Con baches,Deteriorada","Buena","Nocturna","Buen Tiempo","S/D","S/D","Caída ocupante","Ninguna","Faltante","Ninguna","Sin restricción"
2016,8369,11/20/2016,"Domingo",0,,,"0.0",2,"Automóvil,Otros","Castellanos Y Pasco",2,2,0,0,0,0,0,,"Calle",,"ROSARIO","Rosario","Asfalto","S/D","II","S/D","Urbana","Ninguna","No existe","Intersección","Bueno","Buena","Diurna","Buen Tiempo","S/D","S/D","Colisión","Ninguna","S/D","S/D","Sin restricción"
2016,8370,11/6/2016,"Domingo",0,22:45:00,,"0.0",2,"Moto/Ciclomotor,Automóvil","Estrada Y Av San Martin",2,1,0,0,1,0,0,,"Avenida",,"FRAY LUIS BELTRÁN","San Lorenzo","Asfalto","Ripio","XVII","Dentro","Urbana","Ninguna","No existe","Intersección","Bueno","Buena","Nocturna","Buen Tiempo","Lateral","S/D","Colisión","Ninguna","Faltante","Ninguna","Sin restricción"
2016,8371,11/27/2016,"Domingo",0,21:45:00,,"0.0",2,"Pickup/Utilitario,Moto/Ciclomotor","Belgrano Y 25 de mayo",3,2,0,0,1,0,0,,"Calle",,"MALABRIGO","General Obligado","Asfalto","Pavimento","IX","Dentro","Urbana","Ninguna","No existe","Intersección","Bueno","Buena","Nocturna","Buen Tiempo","S/D","S/D","Colisión","Ninguna","S/D","Ninguna","Sin restricción"
2016,8372,11/1/2016,"Martes",0,12:45:00,,"0.0",2,"Moto/Ciclomotor,Moto/Ciclomotor","Gral Belgrano Y Alberdi",4,3,1,0,0,0,0,,"Calle",,"SAN CRISTÓBAL","San Cristóbal","Asfalto","No existe","XIII","Dentro","Urbana","Ninguna","No existe","Intersección","Bueno","Buena","Diurna","Buen Tiempo","Lateral","S/D","Colisión","S/D","Faltante","Ninguna","Sin restricción"
2016,8373,11/21/2016,"Lunes",0,10:10:00,,"0.0",2,"Automóvil,Otros","Lima Y La Paz",2,1,0,0,1,0,0,,"Calle",,"ROSARIO","Rosario","Asfalto","S/D","II","S/D","Rural","S/D","No existe","Intersección","Bueno","Buena","Diurna","Buen Tiempo","S/D","S/D","Colisión","Ninguna","S/D","Ninguna","S/D"
2016,8374,11/23/2016,"Miercoles",0,8:05:00,"Autopista Provincial Brigadier E.López","11.0",1,"Moto/Ciclomotor"," ",2,2,0,0,0,0,0,,"Autopista","Brigadier E.López","FRAY LUIS BELTRÁN","San Lorenzo","Asfalto","Pavimento","XVII","Dentro","Rural","Ninguna","No existe","Recta","Bueno","Buena","Diurna","Buen Tiempo","S/D","S/D","Despiste","S/D","S/D","Vegetación","Sin restricción"
2016,8375,11/16/2016,"Miercoles",0,0:30:00,,"0.0",2,"Automóvil,Automóvil","Av San Martin Y Pte Peron",3,2,0,0,1,0,0,,"Avenida",,"FRAY LUIS BELTRÁN","San Lorenzo","Asfalto","Pavimento","XVII","Dentro","Urbana","Ninguna","No existe","Intersección","Bueno","Buena","Nocturna","Buen Tiempo","Lateral","S/D","Colisión","Ninguna","Faltante","Ninguna","Sin restricción"
2016,8376,11/26/2016,"Sabado",0,12:40:00,"Ruta Nacional 11","434.7",2,"Bicicleta,Transporte Escolar"," ",2,1,0,0,1,0,0,,"Ruta",11,"DESVÍO ARIJÓN","San Jerónimo","Asfalto","Natural","XV","Dentro","Urbana","Ninguna","No existe","Recta","Bueno","Buena","Diurna","Buen Tiempo","S/D","Ciclista","Atropello","Ninguna","Vertical","Línea divisoria pintada","Sin restricción"
2016,8377,11/26/2016,"Sabado",0,21:45:00,,"0.0",2,"Automóvil,Automóvil","San Lorenzo Y Moreno",2,1,0,0,1,0,0,,"Calle",,"SANTA FE","La Capital","Asfalto","No existe","I","Dentro","Urbana","Ninguna","No existe","Intersección","Con baches,Deteriorada","Buena","Nocturna","Buen Tiempo","De alcance","S/D","Colisión","Ninguna","Faltante","Ninguna","Sin restricción"
2016,8378,11/28/2016,"Lunes",0,,,"0.0",2,"Automóvil,Otros","Bv. 27 De Febrero Y Valparaiso",2,1,0,0,1,0,0,,"Avenida",,"ROSARIO","Rosario","Asfalto","S/D","II","S/D","Urbana","S/D","No existe","Intersección","Bueno","Buena","Diurna","Buen Tiempo","S/D","S/D","Colisión","Ninguna","S/D","S/D","Sin restricción"
2016,8379,11/5/2016,"Sabado",0,21:35:00,,"0.0",2,"Moto/Ciclomotor,Peatón","Av. de los Trabaj. Ferroviario Y Bv 25 de Mayo",2,0,2,0,0,0,0,,"Calle",,"SAN CRISTÓBAL","San Cristóbal","Asfalto","S/D","XIII","Dentro","Urbana","Ninguna","No existe","Recta","Bueno","Buena","Nocturna","Buen Tiempo","S/D","Peatón","Atropello","S/D","S/D","Cordón divisorio","Sin restricción"