"anio_acci","nro_acci","fecha","desc_dia","fecha_aprox","hora_aprox","desc_ruta","km","cant_participantes","desc_participante","calle_avenida_km","total","heridos_leves","heridos_graves","heridos_gravisimos","ilesos","fallecidos","sin_datos","posicion_XY","desc_tipo_via","desc_ruta_ori","desc_loc","desc_dpto","desc_tipo_calzada","desc_tipo_banquina","desc_unidad_regional","desc_lugar_calzada","desc_zona","desc_prioridad","desc_estado_semaforo","desc_lugar_via","desc_estado_via","desc_estado_visibilidad","desc_luminosidad","desc_estado_clima","desc_tipo_colision","desc_tipo_atropello","desc_tipo_hecho","desc_pres_calzada","desc_senializacion","desc_separacion_via","desc_restriccion"
2016,8380,11/1/2016,"Martes",0,13:15:00,,"0.0",1,"Bicicleta","Tucuman Y Santiago",2,2,0,0,0,0,0,,"Calle",,"CAPITÁN BERMÚDEZ","San Lorenzo","Asfalto","No existe","XVII","Dentro","Urbana","Ninguna","No existe","Intersección","Bueno","Buena","Diurna","Buen Tiempo","S/D","S/D","Caída ocupante","Ninguna","Faltante","Ninguna","S/D"
2016,8381,11/30/2016,"Miercoles",0,,,"0.0",2,"Automóvil,Otros","Crespo Y Av. Pte.Peron",2,1,0,0,1,0,0,,"Avenida",,"ROSARIO","Rosario","Asfalto","S/D","II","S/D","Urbana","Semáforo","Funciona","Intersección","Bueno","Buena","Diurna","Buen Tiempo","S/D","S/D","Colisión","Ninguna","Vertical","S/D","Sin restricción"
2016,8382,11/11/2016,"Viernes",0,23:40:00,"Ruta Provincial 39","0.0",1,"Automóvil"," ",2,1,0,0,1,0,0,,"Ruta",39,"SAN CRISTÓBAL","San Cristóbal","Asfalto","Natural","XIII","Dentro","Urbana","Ninguna","No existe","Recta","Bueno","Reducida","Nocturna","Buen Tiempo","Atropello animal","S/D","Colisión","S/D","Faltante","Ninguna","Sin restricción"
2016,8383,11/2/2016,"Miercoles",0,18:30:00,,"0.0",2,"Moto/Ciclomotor,Automóvil"," ",2,1,0,0,1,0,0,,"S/D",,"VIDELA","San Justo","Ripio","Ripio","XVI","Dentro","Rural","Ninguna","No existe","Intersección","Con baches","Reducida p/ objetos","Diurna","Buen Tiempo","Frontal","S/D","Colisión","Ninguna","Faltante","Ninguna","Sin restricción"
2016,8384,11/15/2016,"Martes",0,20:25:00,,"0.0",2,"Moto/Ciclomotor,Moto/Ciclomotor","Salta Y Junin",3,3,0,0,0,0,0,,"Calle",,"SAN CRISTÓBAL","San Cristóbal","Ripio","No existe","XIII","Dentro","Urbana","Ninguna","No existe","Intersección","Bueno","Reducida","Nocturna","Buen Tiempo","Lateral","S/D","Colisión","S/D","Faltante","Ninguna","Sin restricción"
2016,8385,11/18/2016,"Viernes",0,6:30:00,,"0.0",2,"Moto/Ciclomotor,Moto/Ciclomotor","Pje. Franklin Y Mariano Cabal Bis",2,1,0,0,1,0,0,,"Calle",,"ROSARIO","Rosario","Asfalto","No existe","II","Dentro","Urbana","Ninguna","No existe","Recta","Bueno","Buena","Diurna","Buen Tiempo","S/D","S/D","Colisión","S/D","Faltante","Cordón divisorio","Sin restricción"
2016,8386,11/19/2016,"Sabado",0,18:00:00,,"0.0",2,"Automóvil,Moto/Ciclomotor","Gral Belgrano Y Azcuenaga",2,0,1,0,1,0,0,,"Calle",,"SAN CRISTÓBAL","San Cristóbal","Asfalto","No existe","XIII","Dentro","Urbana","Ninguna","No existe","Intersección","Bueno","Buena","Diurna","Buen Tiempo","Lateral","S/D","Colisión","S/D","Faltante","Ninguna","Sin restricción"
2016,8387,11/28/2016,"Lunes",0,23:00:00,,"0.0",2,"Moto/Ciclomotor,Moto/Ciclomotor","Av Mosconi Y Corrientes",2,1,0,0,1,0,0,,"S/D",,"SANTA FE","La Capital","Asfalto","No existe","I","S/D","S/D","Ninguna","No existe","Intersección","Con baches,Deteriorada","Buena","Nocturna","Buen Tiempo","De alcance","S/D","Colisión","Ninguna","Faltante","Ninguna","Sin restricción"
2016,8388,11/2/2016,"Miercoles",0,10:40:00,,"0.0",2,"Moto/Ciclomotor,Automóvil","Av San Lorenzo ",2,1,0,0,1,0,0,,"Avenida",,"CAPITÁN BERMÚDEZ","San Lorenzo","Asfalto","No existe","XVII","Dentro","Urbana","Ninguna","No existe","Intersección","Bueno","Buena","Diurna","Buen Tiempo","Lateral","S/D","Colisión","Ninguna","S/D","Ninguna","Sin restricción"
2016,8389,11/21/2016,"Lunes",0,10:35:00,,"0.0",2,"Peatón,Moto/Ciclomotor","Av. Genova 2400",2,0,0,0,1,1,0,"-32.915622, -60.699067","Calle",,"ROSARIO","Rosario","Asfalto","No existe","II","S/D","Urbana","Semáforo","Funciona","Recta","Con baches","Buena","Diurna","Buen Tiempo","S/D","Peatón","Atropello","Ninguna","Vertical","Ninguna","Sin restricción"
2016,8390,11/1/2016,"Martes",0,5:00:00,"Ruta Secundaria 65-s","0.0",1,"Camión Chasis"," ",2,1,0,0,1,0,0,,"Ruta","65-s","LAS ROSAS","Belgrano","Asfalto","S/D","III","Dentro","Urbana","Ninguna","S/D","Recta","Deteriorada","Reducida","Nocturna","Lluvia","S/D","S/D","Vuelco","Agua","Faltante","Ninguna","Sin restricción"
2016,8391,11/25/2016,"Viernes",0,15:35:00,,"0.0",2,"Automóvil,Moto/Ciclomotor","Silvestre Begnis Y Sarmiento",3,2,0,0,1,0,0,,"Calle",,"SAN JUSTO","San Justo","Ripio","No existe","XVI","Dentro","Urbana","Ninguna","No existe","Intersección","Bueno","Buena","Diurna","Buen Tiempo","Lateral","S/D","Colisión","Ninguna","Faltante","Ninguna","Sin restricción"
2016,8392,11/9/2016,"Miercoles",0,16:05:00,,"0.0",2,"Moto/Ciclomotor,Moto/Ciclomotor","Belgrano Y Guillermo Benitez",3,2,0,0,1,0,0,,"Calle",,"LAS ROSAS","Belgrano","Asfalto","Pavimento","III","Dentro","Urbana","Ninguna","No existe","Intersección","Bueno","Buena","Diurna","Buen Tiempo","Lateral","S/D","Colisión","S/D","S/D","Ninguna","Sin restricción"
2016,8393,11/29/2016,"Martes",0,15:10:00,,"0.0",2,"Automóvil,Automóvil","Av Freyre Y Juan de Garay",2,1,0,0,1,0,0,,"Avenida",,"SANTA FE","La Capital","Asfalto","No existe","II","Dentro","Urbana","Ninguna","No existe","Intersección","Con baches","Buena","Diurna","Buen Tiempo","Contra objeto fijo","S/D","Colisión","Ninguna","Faltante","Ninguna","Sin restricción"
2016,8394,11/4/2016,"Viernes",0,16:05:00,,"0.0",2,"Peatón,Automóvil","J V Gonzalez 346",1,1,0,0,0,0,0,,"Calle",,"CAPITÁN BERMÚDEZ","San Lorenzo","Tierra","No existe","XVII","Dentro","Urbana","Ninguna","No existe","Intersección","Con baches","Buena","Diurna","Buen Tiempo","S/D","S/D","Atropello","Ninguna","Faltante","Ninguna","Sin restricción"
2016,8395,11/9/2016,"Miercoles",0,17:35:00,,"0.0",2,"Moto/Ciclomotor,Automóvil","Belgrano Y Cerrito",2,1,0,0,1,0,0,,"Calle",,"LAS ROSAS","Belgrano","Asfalto","Pavimento","III","Dentro","Urbana","Ninguna","No existe","Intersección","Bueno","Buena","Diurna","Buen Tiempo","Lateral","S/D","Colisión","S/D","Vertical","Ninguna","Sin restricción"
2016,8396,11/29/2016,"Martes",0,14:50:00,,"0.0",1,"Automóvil","Sargento Cabral Y San Luis",2,1,0,0,0,0,1,,"Calle",,"SAN LORENZO","San Lorenzo","S/D","S/D","XVII","Dentro","Urbana","S/D","S/D","S/D","S/D","S/D","Diurna","S/D","Contra objeto fijo","S/D","Colisión","S/D","S/D","S/D","S/D"
2016,8397,11/1/2016,"Martes",1,,,"0.0",2,"Moto/Ciclomotor,Automóvil"," ",2,1,0,0,1,0,0,,"S/D",,"FUNES","Rosario","S/D","S/D","II","S/D","S/D","S/D","S/D","S/D","S/D","S/D","S/D","S/D","S/D","S/D","S/D","S/D","S/D","S/D","S/D"
2016,8398,11/21/2016,"Lunes",0,,,"0.0",2,"Automóvil,Moto/Ciclomotor","Rivadavia Y Dorrego",2,1,0,0,1,0,0,,"Calle",,"SAN LORENZO","San Lorenzo","S/D","S/D","XVII","Dentro","Urbana","S/D","S/D","S/D","S/D","S/D","Diurna","S/D","S/D","S/D","Colisión","S/D","S/D","S/D","S/D"
2016,8399,11/16/2016,"Miercoles",0,17:55:00,,"0.0",2,"Peatón,Automóvil","Candioti ",3,2,0,0,1,0,0,,"Avenida",,"SANTA FE","La Capital","Asfalto","S/D","I","Dentro","Urbana","S/D","S/D","Intersección","Bueno","S/D","S/D","S/D","S/D","Peatón","Atropello","S/D","S/D","S/D","S/D"
2016,8400,11/9/2016,"Miercoles",0,17:30:00,,"0.0",2,"Automóvil,Automóvil","Florida ",3,2,0,0,1,0,0,,"Calle",,"CAPITÁN BERMÚDEZ","San Lorenzo","Asfalto","Pavimento","XVII","Dentro","Urbana","Ninguna","No existe","Recta","Bueno","Buena","Diurna","Buen Tiempo","Lateral","S/D","Colisión","Ninguna","Faltante","Ninguna","Sin restricción"
2016,8401,11/3/2016,"Jueves",0,21:40:00,,"0.0",2,"Moto/Ciclomotor,Moto/Ciclomotor","Elorza Y San Jose",4,3,1,0,0,0,0,,"Calle",,"FUNES","Rosario","Hormigón","No existe","II","Dentro","Urbana","Ninguna","No existe","Intersección","Bueno","Reducida","Nocturna","Buen Tiempo","Lateral","S/D","Colisión","Ninguna","S/D","Ninguna","Sin restricción"
2016,8402,11/16/2016,"Miercoles",0,8:00:00,,"0.0",2,"Automóvil,Moto/Ciclomotor","Iturraspe Y Candioti",2,1,0,0,1,0,0,,"Calle",,"SANTA FE","La Capital","Asfalto","No existe","I","Dentro","Urbana","S/D","No existe","Intersección","Bueno","S/D","S/D","S/D","Lateral","S/D","Colisión","S/D","S/D","S/D","S/D"
2016,8403,11/15/2016,"Martes",0,13:20:00,,"0.0",2,"Moto/Ciclomotor,Automóvil","9 de Julio Y Santiago",2,1,0,0,1,0,0,,"Calle",,"CAPITÁN BERMÚDEZ","San Lorenzo","Asfalto","No existe","XVII","Dentro","Urbana","Ninguna","No existe","Recta","Bueno","Buena","Diurna","Buen Tiempo","Lateral","S/D","Colisión","S/D","S/D","Ninguna","Sin restricción"
2016,8404,11/6/2016,"Domingo",0,16:20:00,,"0.0",2,"Moto/Ciclomotor,Automóvil","Las Heras Y Suipacha",2,1,0,0,1,0,0,,"Calle",,"SANTA FE","La Capital","Asfalto","No existe","I","Dentro","Urbana","S/D","S/D","Intersección","Bueno","Buena","Diurna","Buen Tiempo","Lateral","S/D","Colisión","Ninguna","S/D","Ninguna","Sin restricción"
2016,8405,11/22/2016,"Martes",0,22:30:00,,"0.0",2,"Automóvil,Automóvil","Maipu Y M Guemes",2,1,0,0,1,0,0,,"Calle",,"CAPITÁN BERMÚDEZ","San Lorenzo","Asfalto","No existe","XVII","Dentro","Urbana","S/D","No existe","Intersección","Bueno","Buena","Nocturna","Buen Tiempo","Lateral","S/D","Colisión","Ninguna","Faltante","S/D","Sin restricción"
2016,8406,11/8/2016,"Martes",0,7:30:00,,"0.0",2,"Taxi/Remis,Pickup/Utilitario","Necochea Y Luciano Molinas",2,1,0,0,1,0,0,,"Calle",,"SANTA FE","La Capital","Asfalto","No existe","I","Dentro","Urbana","Ninguna","S/D","Intersección","Bueno","Buena","Diurna","Buen Tiempo","Lateral","S/D","Colisión","Ninguna","S/D","Ninguna","Sin restricción"
2016,8407,11/2/2016,"Miercoles",0,8:35:00,,"0.0",2,"Automóvil,Moto/Ciclomotor","Castellanos Y Mitre",2,1,0,0,1,0,0,,"Calle",,"SANTA FE","La Capital","Asfalto","No existe","I","S/D","Urbana","S/D","S/D","Intersección","Bueno","Buena","Diurna","Buen Tiempo","Lateral","S/D","Colisión","Ninguna","S/D","Ninguna","Sin restricción"
2016,8408,8/25/2016,"Jueves",0,17:00:00,,"0.0",2,"Moto/Ciclomotor,Automóvil","Maipu Y Colon",2,1,0,0,1,0,0,,"Calle",,"CAPITÁN BERMÚDEZ","San Lorenzo","Asfalto","No existe","XVII","Dentro","Urbana","S/D","No existe","Intersección","Bueno","Buena","Diurna","Buen Tiempo","Lateral","S/D","Colisión","Ninguna","Vertical","Ninguna","S/D"
2016,8409,11/16/2016,"Miercoles",0,12:20:00,,"0.0",2,"Moto/Ciclomotor,Bicicleta","Av San Martin Y Rivadavia",2,1,0,0,1,0,0,,"Avenida",,"SAN LORENZO","San Lorenzo","S/D","S/D","XVII","Dentro","Urbana","S/D","S/D","Intersección","S/D","Buena","Diurna","S/D","S/D","Ciclista","Atropello","S/D","S/D","S/D","S/D"
2016,8410,11/1/2016,"Martes",0,,,"0.0",2,"Bicicleta,Moto/Ciclomotor"," ",2,1,0,0,1,0,0,,"S/D",,"SANTA FE","La Capital","S/D","S/D","I","S/D","S/D","S/D","S/D","S/D","S/D","S/D","S/D","S/D","S/D","Ciclista","Atropello","S/D","S/D","S/D","S/D"
2016,8411,11/25/2016,"Viernes",0,19:20:00,,"0.0",2,"Peatón,Automóvil","Laurencio Maradona ",2,1,0,0,1,0,0,,"Calle",,"SANTA FE","La Capital","Asfalto","S/D","I","Dentro","Urbana","S/D","S/D","S/D","S/D","S/D","S/D","Buen Tiempo","S/D","Peatón","Atropello","S/D","S/D","S/D","Sin restricción"
2016,8412,11/14/2016,"Lunes",0,,,"0.0",2,"Moto/Ciclomotor,Bicicleta","Av San Martin Y San Juan",3,3,0,0,0,0,0,,"Avenida",,"SAN LORENZO","San Lorenzo","S/D","S/D","XVII","Dentro","Urbana","S/D","S/D","Intersección","S/D","S/D","S/D","S/D","S/D","Ciclista","Atropello","S/D","S/D","S/D","S/D"
2016,8413,11/13/2016,"Domingo",0,23:30:00,,"0.0",2,"Automóvil,Moto/Ciclomotor","Bv Oroño 1900",2,1,0,0,1,0,0,,"Avenida",,"SAN LORENZO","San Lorenzo","S/D","S/D","XVII","Dentro","Urbana","S/D","S/D","Recta","S/D","Buena","Nocturna","Buen Tiempo","De alcance","S/D","Colisión","S/D","S/D","S/D","S/D"
2016,8414,11/22/2016,"Martes",0,7:35:00,,"0.0",2,"Automóvil,Taxi/Remis","Dr Ghio Y Av Carlos A Poucel",4,3,0,0,1,0,0,,"Avenida",,"SAN LORENZO","San Lorenzo","S/D","S/D","XVII","Dentro","Urbana","S/D","S/D","Intersección","S/D","Buena","Diurna","Buen Tiempo","Lateral","S/D","Colisión","S/D","S/D","S/D","S/D"
2016,8415,11/5/2016,"Sabado",0,3:30:00,,"0.0",2,"Automóvil,Automóvil","Av Almte Brown 4600",3,2,0,0,1,0,0,,"Avenida",,"SANTA FE","La Capital","Asfalto","No existe","I","Dentro","Rural","Ninguna","S/D","Recta","Bueno","Buena","Nocturna","Buen Tiempo","Lateral","S/D","Colisión","Ninguna","S/D","Vegetación","Sin restricción"
2016,8416,11/21/2016,"Lunes",0,11:45:00,,"0.0",2,"Automóvil,Moto/Ciclomotor","Juan Del Campillo Y Alvear",2,1,0,0,1,0,0,,"Calle",,"SANTA FE","La Capital","Asfalto","No existe","I","Dentro","Urbana","S/D","No existe","Intersección","Bueno","S/D","Diurna","S/D","Lateral","S/D","Colisión","S/D","S/D","S/D","S/D"
2016,8417,11/24/2016,"Jueves",0,13:40:00,,"0.0",2,"Automóvil,Bicicleta","Av 7 Jefes Y Av Almte Brown",2,1,0,0,1,0,0,,"Avenida",,"SANTA FE","La Capital","Asfalto","S/D","I","Dentro","Urbana","S/D","S/D","Intersección","Bueno","Buena","Diurna","Buen Tiempo","S/D","Ciclista","Atropello","Ninguna","S/D","S/D","Sin restricción"
2016,8418,11/25/2016,"Viernes",0,13:15:00,,"0.0",2,"Automóvil,Bicicleta","Necochea Y Juan Del Campillo",2,1,0,0,1,0,0,,"Calle",,"SANTA FE","La Capital","Asfalto","No existe","I","Dentro","Urbana","S/D","S/D","Intersección","Bueno","Buena","Diurna","Buen Tiempo","S/D","S/D","Atropello","Ninguna","S/D","Ninguna","Sin restricción"
2016,8419,11/28/2016,"Lunes",0,0:30:00,,"0.0",2,"Moto/Ciclomotor,Automóvil","Bv Galvez Y Belgrano",3,2,0,0,1,0,0,,"Avenida",,"SANTA FE","La Capital","Asfalto","No existe","I","Dentro","Urbana","S/D","Funciona","Intersección","Bueno","Buena","Nocturna,Con luz artificial","Buen Tiempo","Lateral","S/D","Colisión","Ninguna","S/D","Ninguna","Sin restricción"
2016,8420,11/28/2016,"Lunes",0,3:00:00,,"0.0",2,"Automóvil,Moto/Ciclomotor","Av Almte Brown Y Maipu",2,1,0,0,1,0,0,,"Avenida",,"SANTA FE","La Capital","Asfalto","No existe","I","Dentro","Urbana","S/D","S/D","Intersección","Bueno","Buena","Nocturna,Con luz artificial","Buen Tiempo","Lateral","S/D","Colisión","Ninguna","S/D","Ninguna","Sin restricción"
2016,8421,11/29/2016,"Martes",0,8:00:00,,"0.0",2,"Automóvil,Moto/Ciclomotor","Dorrego Y Av Leandro Alem",2,1,0,0,1,0,0,,"Avenida",,"SANTA FE","La Capital","Asfalto","No existe","I","Dentro","Urbana","S/D","S/D","Intersección","Bueno","Buena","Diurna","Buen Tiempo","Lateral","S/D","Colisión","Ninguna","S/D","S/D","Sin restricción"
2016,8422,11/3/2016,"Jueves",0,16:30:00,,"0.0",2,"Moto/Ciclomotor,Automóvil","Buenos Aires Y Baldaccini",2,1,0,0,1,0,0,,"Calle",,"MONTE VERA","La Capital","Asfalto","No existe","I","Dentro","Urbana","Ninguna","No existe","Intersección","Bueno","Buena","Diurna","Buen Tiempo","Lateral","S/D","Colisión","Ninguna","S/D","Ninguna","Sin restricción"
2016,8423,11/12/2016,"Sabado",0,3:30:00,"Ruta Provincial 2","0.0",2,"Automóvil,Pickup/Utilitario"," ",2,1,0,0,1,0,0,,"Ruta",2,"MONTE VERA","La Capital","Hormigón","Pavimento","I","Dentro","Urbana","Ninguna","No existe","Intersección","Bueno","Buena","Nocturna,Con luz artificial","Buen Tiempo","Frontal","S/D","Colisión","Ninguna","Horizontal,Vertical","Línea divisoria pintada","Sin restricción"
2016,8424,11/12/2016,"Sabado",0,10:30:00,"Ruta Provincial 2","0.0",2,"Moto/Ciclomotor,Automóvil"," ",4,3,0,0,1,0,0,,"Ruta",2,"MONTE VERA","La Capital","Hormigón","Natural","I","Fuera","Urbana","Ninguna","No existe","Intersección","Bueno","Buena","Diurna","Buen Tiempo","Lateral","S/D","Colisión","Ninguna","Horizontal","Línea divisoria pintada","Sin restricción"
2016,8425,11/7/2016,"Lunes",0,21:00:00,,"0.0",1,"Moto/Ciclomotor","9 de Julio Y Obrero",1,1,0,0,0,0,0,,"Calle",,"LAGUNA PAIVA","La Capital","Asfalto","No existe","I","Dentro","Urbana","Semáforo","Funciona","Intersección","Bueno","Buena","Nocturna","Buen Tiempo","Atropello animal","S/D","Colisión","Ninguna","Vertical","Ninguna","Sin restricción"
2016,8426,12/12/2016,"Lunes",0,21:20:00,"Ruta Provincial 2","13.0",2,"Moto/Ciclomotor,Automóvil"," ",3,2,0,0,1,0,0,,"Ruta",2,"ANGEL GALLARDO","La Capital","Hormigón","Natural","I","Fuera","Urbana","Ninguna","No existe","Recta","Bueno","Buena","Nocturna","Buen Tiempo","De alcance","S/D","Colisión","Ninguna","Horizontal","Línea divisoria pintada","Sin restricción"
2016,8427,11/8/2016,"Martes",0,19:30:00,,"0.0",2,"Moto/Ciclomotor,Pickup/Utilitario","Colono Y Rivadavia",2,1,0,0,1,0,0,,"Calle",,"LAGUNA PAIVA","La Capital","Ripio","No existe","I","Dentro","Urbana","Ninguna","S/D","Intersección","S/D","Buena","Atardecer","Buen Tiempo","Lateral","S/D","Colisión","S/D","S/D","S/D","Sin restricción"
2016,8428,11/21/2016,"Lunes",0,21:40:00,,"0.0",2,"Automóvil,Moto/Ciclomotor","Rivadavia Y Obrero",2,1,0,0,1,0,0,,"Calle",,"LAGUNA PAIVA","La Capital","Hormigón","No existe","I","Dentro","Urbana","Ninguna","No existe","Intersección","Bueno","Buena","Nocturna,Con luz artificial","Buen Tiempo","Lateral","S/D","Colisión","Ninguna","Vertical","Ninguna","Sin restricción"
2016,8429,11/22/2016,"Martes",0,14:00:00,,"0.0",2,"Pickup/Utilitario,Moto/Ciclomotor"," ",2,0,1,0,1,0,0,,"Calle",,"MONTE VERA","La Capital","Ripio","No existe","I","S/D","Rural","Ninguna","No existe","Intersección","Bueno","Buena","Diurna","Buen Tiempo","De alcance","S/D","Colisión","Ninguna","Faltante","Ninguna","Sin restricción"
2016,8430,11/21/2016,"Lunes",0,23:50:00,,"0.0",2,"Automóvil,Moto/Ciclomotor","Moreno Y Republica de Italia",2,1,0,0,1,0,0,,"Calle",,"LAGUNA PAIVA","La Capital","Hormigón","No existe","I","Dentro","Urbana","Ninguna","No existe","Intersección","Bueno","Buena","Nocturna","Buen Tiempo","Lateral","S/D","Colisión","Ninguna","Vertical","S/D","Sin restricción"
2016,8431,11/6/2016,"Domingo",0,6:20:00,,"0.0",2,"Moto/Ciclomotor,Moto/Ciclomotor","Maipu Y Juan B Alberdi",2,1,0,0,1,0,0,,"Calle",,"LAGUNA PAIVA","La Capital","Hormigón","No existe","I","Dentro","Urbana","Ninguna","No existe","Intersección","Bueno","Buena","Amanecer","Buen Tiempo","De alcance","S/D","Colisión","Ninguna","Horizontal,Vertical","Ninguna","Sin restricción"
2016,8432,11/25/2016,"Viernes",0,18:15:00,,"0.0",2,"Automóvil,Moto/Ciclomotor","Av Cordoba Y Pellegrini",2,1,0,0,1,0,0,,"Avenida",,"LAGUNA PAIVA","La Capital","Asfalto","No existe","I","Dentro","Urbana","Ninguna","No existe","Intersección","Bueno","Buena","Diurna","Buen Tiempo","Lateral","S/D","Colisión","Ninguna","Vertical","Ninguna","Sin restricción"
2016,8433,11/25/2016,"Viernes",0,19:00:00,,"0.0",2,"Moto/Ciclomotor,Moto/Ciclomotor","Av L de la Torre Y Tucuman",2,1,0,0,1,0,0,,"Calle",,"LAGUNA PAIVA","La Capital","Asfalto","No existe","I","Dentro","Urbana","Ninguna","No existe","Intersección","Bueno","Buena","Atardecer","Buen Tiempo","Lateral","S/D","Colisión","Ninguna","S/D","Ninguna","Sin restricción"
2016,8434,11/13/2016,"Domingo",0,6:30:00,,"0.0",2,"Automóvil,Automóvil","Av 7 Jefes Y Castellanos",5,3,0,0,2,0,0,,"Avenida",,"SANTA FE","La Capital","Asfalto","No existe","I","Dentro","Urbana","S/D","S/D","Intersección","Bueno","Buena","Diurna","Buen Tiempo","Lateral","S/D","Colisión","Ninguna","S/D","Ninguna","Sin restricción"
2016,8435,11/27/2016,"Domingo",0,11:35:00,,"0.0",2,"Automóvil,Moto/Ciclomotor","Moreno Y Rivadavia",2,1,0,0,1,0,0,,"Calle",,"LAGUNA PAIVA","La Capital","Hormigón","No existe","I","Dentro","Urbana","Ninguna","No existe","Intersección","Bueno","Buena","Diurna","Buen Tiempo","Lateral","S/D","Colisión","Ninguna","Vertical","Ninguna","S/D"
2016,8436,11/27/2016,"Domingo",0,20:45:00,,"0.0",1,"Moto/Ciclomotor","Lambert ",2,0,1,0,1,0,0,,"Calle",,"LAGUNA PAIVA","La Capital","Tierra","Natural","I","Dentro","Urbana","Ninguna","No existe","Recta","Deteriorada","Buena","Nocturna","Buen Tiempo","S/D","S/D","Caída ocupante","Material Suelto","Faltante","Ninguna","Sin restricción"
2016,8437,11/1/2016,"Martes",0,19:00:00,,"0.0",2,"Moto/Ciclomotor,Automóvil"," ",2,1,0,0,1,0,0,,"Camino Rural",,"SANTO TOMÉ","La Capital","Asfalto","No existe","I","Dentro","Rural","S/D","No existe","Rotonda","Bueno","Buena","Atardecer","Buen Tiempo","Lateral","S/D","Colisión","Ninguna","S/D","Ninguna","S/D"
2016,8438,11/7/2016,"Lunes",0,15:45:00,,"0.0",1,"Automóvil"," ",1,1,0,0,0,0,0,,"Camino Rural",,"SANTO TOMÉ","La Capital","Asfalto","Natural","I","Dentro","Rural","S/D","No existe","Recta","Bueno","Buena","Diurna","Buen Tiempo","S/D","S/D","Vuelco","Ninguna","S/D","S/D","Sin restricción"
2016,8439,11/18/2016,"Viernes",0,17:00:00,,"0.0",1,"Moto/Ciclomotor","Azcuenaga Y Pres Domingo Faustino Sarmient",1,1,0,0,0,0,0,,"Calle",,"SANTO TOMÉ","La Capital","Asfalto","No existe","I","Dentro","Urbana","Ninguna","No existe","Intersección","Bueno","Buena","Diurna","Buen Tiempo","S/D","S/D","Caída ocupante","Ninguna","Faltante","Ninguna","Sin restricción"
2016,8440,11/18/2016,"Viernes",0,0:30:00,,"0.0",1,"Moto/Ciclomotor","Necochea ",1,1,0,0,0,0,0,,"Calle",,"SANTO TOMÉ","La Capital","Ripio","No existe","I","Dentro","Urbana","S/D","No existe","Recta","Bueno","Buena","Nocturna","Buen Tiempo","Atropello animal","S/D","Colisión","Ninguna","Faltante","S/D","Sin restricción"
2016,8441,11/30/2016,"Miercoles",0,13:00:00,,"0.0",2,"Moto/Ciclomotor,Automóvil","Pres Domingo Faustino Sarmient Y Corrientes",2,1,0,0,1,0,0,,"Calle",,"SANTO TOMÉ","La Capital","Asfalto","No existe","I","Dentro","Urbana","Ninguna","Funciona","Intersección","Con baches","Buena","Diurna","Buen Tiempo","Lateral","S/D","Colisión","Ninguna","S/D","Ninguna","Sin restricción"
2016,8442,11/4/2016,"Viernes",0,20:40:00,,"0.0",2,"Automóvil,Moto/Ciclomotor","J Macia Y Santiago Del Estero",3,2,0,0,1,0,0,,"Calle",,"SANTO TOMÉ","La Capital","Asfalto","Pavimento","I","Dentro","Urbana","S/D","No existe","Intersección","Bueno","Buena","Nocturna","Buen Tiempo","Lateral","S/D","Colisión","S/D","S/D","S/D","S/D"
2016,8443,11/30/2016,"Miercoles",0,9:20:00,,"0.0",1,"Moto/Ciclomotor","Hernandarias Y Hipolito Irigoyen",1,1,0,0,0,0,0,,"Calle",,"SANTO TOMÉ","La Capital","Asfalto","No existe","I","Dentro","Urbana","Ninguna","Funciona","Recta","Bueno","Buena","Diurna","Buen Tiempo","S/D","S/D","Caída ocupante","S/D","Horizontal","Ninguna","Sin restricción"
2016,8444,11/30/2016,"Miercoles",0,17:30:00,,"0.0",2,"Moto/Ciclomotor,Automóvil","Libertad Y Santiago Del Estero",2,1,0,0,1,0,0,,"Calle",,"SANTO TOMÉ","La Capital","Ripio","No existe","I","Dentro","Urbana","Ninguna","No existe","Intersección","S/D","Buena","Diurna","Buen Tiempo","S/D","S/D","Colisión","S/D","Faltante","Ninguna","Sin restricción"
2016,8445,11/16/2016,"Miercoles",0,10:15:00,"Ruta Nacional 11","0.0",2,"Automóvil,Moto/Ciclomotor","Juan de Garay ",2,1,0,0,1,0,0,,"Ruta",11,"RECREO","La Capital","Asfalto","Natural","I","Dentro","Urbana","Ninguna","Intermitente","Intersección","Bueno","Buena","Diurna","Buen Tiempo","Lateral","S/D","Colisión","S/D","Horizontal,Vertical","Línea divisoria pintada","Sin restricción"
2016,8446,11/22/2016,"Martes",0,17:30:00,"Ruta Nacional 11","0.0",3,"Automóvil,Moto/Ciclomotor,Pickup/Utilitario","Juan de Garay Y Ruta Provincial 5",3,1,0,0,2,0,0,,"Ruta",11,"RECREO","La Capital","Asfalto","Natural","I","Dentro","Urbana","Ninguna","No existe","Intersección","Bueno","Buena","Diurna","Buen Tiempo","Múltiple","S/D","Colisión","S/D","Horizontal,Vertical","Cordón divisorio","Sin restricción"
2016,8447,11/18/2016,"Viernes",0,11:25:00,,"0.0",2,"Pickup/Utilitario,Bicicleta","Juan Jose Castelli 2800",2,1,0,0,1,0,0,,"Calle",,"SANTO TOMÉ","La Capital","Asfalto","S/D","I","Dentro","Urbana","S/D","No existe","Recta","Bueno","Buena","Diurna","Buen Tiempo","S/D","Ciclista","Atropello","S/D","S/D","Ninguna","S/D"