"anio_acci","nro_acci","fecha","desc_dia","fecha_aprox","hora_aprox","desc_ruta","km","cant_participantes","desc_participante","calle_avenida_km","total","heridos_leves","heridos_graves","heridos_gravisimos","ilesos","fallecidos","sin_datos","posicion_XY","desc_tipo_via","desc_ruta_ori","desc_loc","desc_dpto","desc_tipo_calzada","desc_tipo_banquina","desc_unidad_regional","desc_lugar_calzada","desc_zona","desc_prioridad","desc_estado_semaforo","desc_lugar_via","desc_estado_via","desc_estado_visibilidad","desc_luminosidad","desc_estado_clima","desc_tipo_colision","desc_tipo_atropello","desc_tipo_hecho","desc_pres_calzada","desc_senializacion","desc_separacion_via","desc_restriccion"
2016,8448,11/30/2016,"Miercoles",0,20:30:00,"Ruta Nacional 11","0.0",2,"Automóvil,Automóvil","Juan de Garay 5100",4,4,0,0,0,0,0,,"Ruta",11,"RECREO","La Capital","Asfalto","Natural","I","Dentro","Urbana","Ninguna","No existe","Recta","Bueno","Buena","Nocturna,Con luz artificial","Buen Tiempo","Lateral","S/D","Colisión","S/D","Horizontal","Línea divisoria pintada","Sin restricción"
2016,8449,11/18/2016,"Viernes",0,7:45:00,"Ruta Nacional 11","0.0",2,"Moto/Ciclomotor,Moto/Ciclomotor","Storni A ",2,1,0,0,0,0,1,,"Ruta",11,"RECREO","La Capital","Asfalto","Natural","I","Dentro","Urbana","Ninguna","No existe","Recta","Bueno","S/D","Diurna","Buen Tiempo","S/D","S/D","Colisión","Ninguna","Vertical","Línea divisoria pintada","Sin restricción"
2016,8450,11/18/2016,"Viernes",0,8:30:00,"Ruta Nacional 11","0.0",2,"Automóvil,Automóvil","Santa Cruz ",4,2,0,0,2,0,0,,"Ruta",11,"NELSON","La Capital","Asfalto","Natural","I","Dentro","Urbana","Ninguna","No existe","Intersección","Bueno","Buena","Diurna","Buen Tiempo","S/D","S/D","Colisión","S/D","S/D","Ninguna","Sin restricción"
2016,8451,11/12/2016,"Sabado",0,18:30:00,,"0.0",2,"Moto/Ciclomotor,Automóvil","Santiago de Chile Y R de Castro",4,3,0,0,1,0,0,,"Calle",,"SANTA FE","La Capital","Tierra","Natural","I","Dentro","Urbana","Ninguna","No existe","Intersección","Deteriorada","Buena","Atardecer","Buen Tiempo","S/D","S/D","Colisión","Ninguna","Faltante","Vegetación","Sin restricción"
2016,8452,11/10/2016,"Jueves",0,23:30:00,,"0.0",2,"Moto/Ciclomotor,Automóvil"," ",2,1,0,0,0,0,1,,"Calle",,"RECREO","La Capital","Hormigón","Natural","I","S/D","Urbana","Ninguna","No existe","Intersección","Bueno","Reducida","Nocturna","Buen Tiempo","Lateral","S/D","Colisión","Ninguna","Faltante","Línea divisoria pintada","Sin restricción"
2016,8453,11/1/2016,"Martes",0,10:00:00,"Ruta Nacional 11","0.0",2,"Moto/Ciclomotor,Transporte de Pasajeros Urbano (> 8 asientos)","Ruta Prov 70 Y Ruta Nacional 11",2,1,0,0,1,0,0,,"Ruta",11,"RECREO","La Capital","Hormigón","Natural","I","S/D","Urbana","Señal Pare","No existe","Curva","Bueno","Reducida","Diurna","Lluvia","Lateral","S/D","Colisión","Ninguna","S/D","Línea divisoria pintada","Sin restricción"
2016,8454,11/19/2016,"Sabado",0,13:50:00,,"0.0",2,"Automóvil,Moto/Ciclomotor","Av Blas Parera Y Reg 12 de Infanteria",3,2,0,0,1,0,0,,"Calle",,"SANTA FE","La Capital","Hormigón","Pavimento","I","Dentro","Urbana","Otra Señal","No funciona","Intersección","Bueno","Buena","Diurna","Buen Tiempo","Lateral","S/D","Colisión","S/D","Faltante","Guardarrail","Obra en Construcción"
2016,8455,11/16/2016,"Miercoles",0,16:00:00,"Ruta Nacional 11","508.0",1,"Moto/Ciclomotor"," ",2,1,0,0,0,0,1,,"Ruta",11,"NELSON","La Capital","Asfalto","Natural","I","S/D","Urbana","Ninguna","No existe","Recta","Bueno","Buena","Diurna","S/D","De alcance","S/D","Colisión","Ninguna","Horizontal","S/D","S/D"
2016,8456,11/18/2016,"Viernes",0,5:10:00,,"0.0",1,"Moto/Ciclomotor","Reg 12 de Infanteria Y Europa",1,1,0,0,0,0,0,,"Calle",,"SANTA FE","La Capital","Asfalto","No existe","I","Dentro","Urbana","Semáforo","Funciona","Intersección","Bueno","Buena","Amanecer","Buen Tiempo","S/D","S/D","Caída ocupante","S/D","Vertical","Cordón divisorio","Accidente Previo"
2016,8457,11/12/2016,"Sabado",0,22:10:00,,"0.0",2,"Automóvil,Moto/Ciclomotor","Av Peñaloza Y Risso",2,1,0,0,1,0,0,,"Calle",,"SANTA FE","La Capital","Asfalto","Pavimento","I","Dentro","Urbana","Ninguna","No existe","Intersección","Bueno","Buena","Nocturna","Buen Tiempo","Lateral","S/D","Colisión","Ninguna","Faltante","Cordón divisorio","Sin restricción"
2016,8458,11/12/2016,"Sabado",0,19:00:00,,"0.0",2,"Automóvil,Moto/Ciclomotor","Av Blas Parera Y Don Guanella",3,2,0,0,1,0,0,,"Calle",,"SANTA FE","La Capital","Hormigón","Pavimento","I","Dentro","Urbana","Ninguna","No existe","Intersección","Bueno","Buena","Atardecer","Buen Tiempo","Lateral","S/D","Colisión","S/D","Faltante","Barrera de alto impacto","Sin restricción"
2016,8459,11/11/2016,"Viernes",0,11:00:00,,"0.0",2,"Camión,Bicicleta","Av Blas Parera Y Ayacucho",2,1,0,0,1,0,0,,"Calle",,"SANTA FE","La Capital","Hormigón","Pavimento","I","Dentro","Urbana","Ninguna","No existe","Intersección","Bueno","Buena","Diurna","Buen Tiempo","S/D","Ciclista","Atropello","Ninguna","Faltante","Guardarrail","Obra en Construcción"
2016,8460,11/10/2016,"Jueves",0,10:00:00,,"0.0",2,"Moto/Ciclomotor,Automóvil","Av Blas Parera 7400",2,1,0,0,1,0,0,,"Calle",,"SANTA FE","La Capital","Hormigón","Pavimento","I","Dentro","Urbana","Semáforo","No funciona","Recta","Bueno","Buena","Diurna","Buen Tiempo","Lateral","S/D","Colisión","Material Suelto","Vertical","Guardarrail","Sin restricción"
2016,8461,11/3/2016,"Jueves",0,20:30:00,,"0.0",2,"Moto/Ciclomotor,Automóvil","Ntra Sra del Transito Y Reg 12 de Infanteria",2,1,0,0,1,0,0,,"Calle",,"SANTA FE","La Capital","Asfalto","Pavimento","I","Dentro","Urbana","Ninguna","No existe","Intersección","Bueno","Buena","Nocturna,Con luz artificial","Buen Tiempo","Lateral","S/D","Colisión","Ninguna","Faltante","Cordón divisorio","Sin restricción"
2016,8462,11/14/2016,"Lunes",0,21:00:00,"Ruta Nacional 9","418.0",1,"Moto/Ciclomotor"," ",1,0,1,0,0,0,0,,"Ruta",9,"TORTUGAS","Belgrano","Asfalto","Pavimento","III","Dentro","Rural","S/D","No existe","Curva","Bueno","Buena","Nocturna","Buen Tiempo","S/D","S/D","Caída ocupante","Ninguna","Vertical","S/D","Sin restricción"
2016,8463,11/3/2016,"Jueves",0,12:30:00,,"0.0",2,"Automóvil,Moto/Ciclomotor","Pje Chubut 5700",2,1,0,0,1,0,0,,"Calle",,"SANTA FE","La Capital","Ripio","No existe","I","Dentro","Urbana","Ninguna","No existe","Recta","Con baches","Buena","Diurna","Buen Tiempo","S/D","S/D","Colisión","S/D","Faltante","Ninguna","Sin restricción"
2016,8464,11/25/2016,"Viernes",0,0:35:00,,"0.0",1,"Automóvil","Republica de Chile Y Jujuy",1,1,0,0,0,0,0,,"Calle",,"SAN LORENZO","San Lorenzo","S/D","S/D","XVII","S/D","Urbana","S/D","S/D","Intersección","S/D","S/D","S/D","S/D","S/D","S/D","Colisión","S/D","S/D","S/D","S/D"
2016,8465,11/4/2016,"Viernes",0,,,"0.0",2,"Automóvil,Automóvil","San Juan Y Irigoyen",4,1,0,0,3,0,0,,"Calle",,"SAN LORENZO","San Lorenzo","S/D","No existe","XVII","S/D","Urbana","S/D","S/D","Intersección","S/D","S/D","S/D","S/D","S/D","S/D","Colisión","S/D","S/D","S/D","S/D"
2016,8466,11/4/2016,"Viernes",0,18:00:00,,"0.0",2,"Automóvil,Moto/Ciclomotor","Aguado 9600",2,0,0,0,0,0,2,,"Calle",,"SANTA FE","La Capital","S/D","S/D","I","Dentro","Urbana","S/D","S/D","Recta","S/D","S/D","Diurna","S/D","S/D","S/D","Colisión","S/D","S/D","S/D","S/D"
2016,8467,11/9/2016,"Miercoles",0,22:00:00,,"0.0",2,"Automóvil,Moto/Ciclomotor","Gorriti Y Bernardo de Irigoyen",3,2,0,0,1,0,0,,"Calle",,"SANTA FE","La Capital","Asfalto","S/D","I","Dentro","Urbana","S/D","S/D","Intersección","S/D","S/D","Nocturna","S/D","S/D","S/D","S/D","S/D","S/D","S/D","Accidente Previo"
2016,8468,11/24/2016,"Jueves",0,7:20:00,,"0.0",2,"Moto/Ciclomotor,Automóvil","Aritobulo del Valle Y Mariano Moreno",2,1,0,0,1,0,0,,"Calle",,"SANTO TOMÉ","La Capital","Asfalto","No existe","I","Dentro","Urbana","Ninguna","S/D","Intersección","Bueno","Buena","Diurna","Buen Tiempo","Lateral","S/D","Colisión","Ninguna","Faltante","Ninguna","Sin restricción"
2016,8469,11/2/2016,"Miercoles",0,18:20:00,,"0.0",2,"Moto/Ciclomotor,Automóvil","General Manuel Belgrano Y Juan Bautista Alberdi",2,1,0,0,1,0,0,,"Calle",,"SANTO TOMÉ","La Capital","Asfalto","No existe","I","Dentro","Urbana","Ninguna","Funciona","Intersección","Bueno","Buena","Atardecer","Buen Tiempo","Lateral","S/D","Colisión","Ninguna","Faltante","Ninguna","Sin restricción"
2016,8470,11/20/2016,"Domingo",0,18:00:00,,"0.0",2,"Moto/Ciclomotor,Automóvil","Lamadrid Y Tucuman",2,1,0,0,1,0,0,,"Calle",,"SANTA FE","La Capital","Asfalto","No existe","I","S/D","Urbana","Ninguna","No existe","Recta","Bueno","Buena","Atardecer","Buen Tiempo","Lateral","S/D","Colisión","Ninguna","Vertical","Ninguna","Sin restricción"
2016,8471,11/17/2016,"Jueves",0,19:30:00,,"0.0",2,"Moto/Ciclomotor,Automóvil","Frutos 2482",2,1,0,0,1,0,0,,"Calle",,"SANTO TOMÉ","La Capital","Ripio","Ripio","I","Dentro","Urbana","Ninguna","No existe","Recta","Bueno","Buena","Diurna","Buen Tiempo","Lateral","S/D","Colisión","Ninguna","Faltante","S/D","Sin restricción"
2016,8472,11/19/2016,"Sabado",0,8:00:00,,"0.0",2,"Moto/Ciclomotor,Automóvil","Gdor Freyre 3000",2,1,0,0,1,0,0,,"Avenida",,"SANTA FE","La Capital","Asfalto","No existe","I","S/D","Urbana","Ninguna","No existe","Recta","Bueno","Buena","Diurna","Buen Tiempo","Lateral","S/D","Colisión","Ninguna","Horizontal,Vertical","Ninguna","Sin restricción"
2016,8473,11/11/2016,"Viernes",0,8:00:00,,"0.0",2,"Bicicleta,Automóvil","Mariano Moreno Y La Rioja",2,0,1,0,1,0,0,,"Calle",,"SANTO TOMÉ","La Capital","Asfalto","S/D","I","Dentro","Urbana","Ninguna","S/D","Intersección","Bueno","Buena","Diurna","Buen Tiempo","S/D","Ciclista","Atropello","Ninguna","Faltante","Ninguna","Sin restricción"
2016,8474,11/14/2016,"Lunes",0,9:45:00,,"0.0",2,"Moto/Ciclomotor,Automóvil","La Rioja Y Santiago de Chile",2,1,0,0,1,0,0,,"Calle",,"SANTA FE","La Capital","Asfalto","No existe","I","S/D","Urbana","Ninguna","No existe","Recta","Bueno","Buena","Diurna","Buen Tiempo","Lateral","S/D","Colisión","Agua","Vertical","Ninguna","Sin restricción"
2016,8475,11/23/2016,"Miercoles",0,17:20:00,"Ruta Nacional 19","8.0",2,"Moto/Ciclomotor,Pickup/Utilitario"," ",2,0,1,0,1,0,0,,"Ruta",19,"SANTO TOMÉ","La Capital","Asfalto","Natural","I","Dentro","Rural","Ninguna","No existe","Recta","S/D","Buena","Atardecer","Buen Tiempo","S/D","S/D","Vuelco","S/D","Faltante","Ninguna","Sin restricción"
2016,8476,11/11/2016,"Viernes",0,21:55:00,,"0.0",2,"Moto/Ciclomotor,Moto/Ciclomotor","Gdor Freyre Y Tucuman",2,1,0,0,1,0,0,,"Avenida",,"SANTA FE","La Capital","Asfalto","No existe","I","S/D","Urbana","Ninguna","No existe","Intersección","Bueno","Buena","Nocturna","Buen Tiempo","Lateral","S/D","Colisión","Ninguna","Vertical","Ninguna","Sin restricción"
2016,8477,11/11/2016,"Viernes",0,21:30:00,,"0.0",2,"Moto/Ciclomotor,Automóvil","Av Pte Peron Y Gdor Crespo",2,1,0,0,1,0,0,,"Calle",,"SANTA FE","La Capital","Asfalto","No existe","I","S/D","Urbana","Ninguna","No existe","Intersección","Bueno","Buena","Nocturna","Buen Tiempo","Lateral","S/D","Colisión","Ninguna","Vertical","Ninguna","Sin restricción"
2016,8478,11/27/2016,"Domingo",0,19:20:00,"Ruta Nacional 11","0.0",1,"Pickup/Utilitario"," ",2,2,0,0,0,0,0,,"Ruta",11,"SAUCE VIEJO","La Capital","Asfalto","Natural","I","Dentro","Urbana","Ninguna","No existe","Intersección","Bueno","Buena","Atardecer","Buen Tiempo","S/D","S/D","Vuelco","Ninguna","S/D","Ninguna","Sin restricción"
2016,8479,11/11/2016,"Viernes",0,12:30:00,,"0.0",2,"Peatón,Automóvil","Roque Saenz Peña Y Hipolito Yrigoyen",2,1,0,0,1,0,0,,"S/D",,"SANTA FE","La Capital","Asfalto","No existe","I","S/D","Urbana","Ninguna","No existe","Recta","Bueno","Buena","Diurna","Buen Tiempo","S/D","Peatón","Atropello","Ninguna","Vertical","Ninguna","Sin restricción"
2016,8480,11/13/2016,"Domingo",0,10:30:00,,"0.0",2,"Moto/Ciclomotor,Pickup/Utilitario","Libertad Y Roverano",3,2,0,0,1,0,0,,"Calle",,"SANTO TOMÉ","La Capital","Asfalto","Ripio","I","Dentro","Urbana","Ninguna","No existe","Intersección","Bueno","Buena","Diurna","Buen Tiempo","Lateral","S/D","Colisión","S/D","Faltante","Ninguna","Sin restricción"
2016,8481,1/9/2016,"Sabado",0,15:20:00,,"0.0",2,"Automóvil,Bicicleta","Vera Y Zavalia",2,1,0,0,1,0,0,,"Calle",,"SANTA FE","La Capital","Asfalto","No existe","I","S/D","Urbana","Ninguna","No existe","Intersección","Bueno","Buena","Diurna","Buen Tiempo","S/D","Ciclista","Atropello","Ninguna","Vertical","Ninguna","Sin restricción"
2016,8482,11/9/2016,"Miercoles",0,14:00:00,,"0.0",2,"Moto/Ciclomotor,Automóvil","Vera Y Dr Zavalla",2,1,0,0,1,0,0,,"Calle",,"SANTA FE","La Capital","Asfalto","No existe","I","S/D","Urbana","Ninguna","No existe","Intersección","Bueno","Buena","Diurna","Buen Tiempo","Lateral","S/D","Colisión","Ninguna","Vertical","Ninguna","Sin restricción"
2016,8483,11/9/2016,"Miercoles",0,7:45:00,,"0.0",2,"Moto/Ciclomotor,Automóvil","Av Freyre Y Primera Junta",2,1,0,0,1,0,0,,"Avenida",,"SANTA FE","La Capital","Asfalto","No existe","I","S/D","Urbana","Ninguna","No existe","Intersección","Bueno","Buena","Diurna","Buen Tiempo","S/D","S/D","Colisión","Ninguna","Vertical","Ninguna","Sin restricción"
2016,8484,11/8/2016,"Martes",0,14:17:00,,"0.0",2,"Automóvil,Moto/Ciclomotor","Av San Martin Y L N Alem",2,1,0,0,1,0,0,,"Calle",,"SAN LORENZO","San Lorenzo","Asfalto","S/D","XVII","Dentro","Urbana","S/D","S/D","Intersección","Bueno","Buena","Diurna","Buen Tiempo","Lateral","S/D","Colisión","S/D","S/D","S/D","S/D"
2016,8485,11/11/2016,"Viernes",0,16:30:00,,"0.0",2,"Moto/Ciclomotor,Automóvil","Gorriti Y Estrada",2,1,0,0,1,0,0,,"Calle",,"SANTA FE","La Capital","Asfalto","S/D","I","Dentro","Urbana","S/D","S/D","Intersección","Bueno","Buena","Diurna","Buen Tiempo","Lateral","S/D","Colisión","S/D","S/D","S/D","S/D"
2016,8486,11/14/2016,"Lunes",0,11:20:00,,"0.0",2,"Moto/Ciclomotor,Automóvil","Aguado Y Callejon Aguirre",3,2,0,0,1,0,0,,"Calle",,"SANTA FE","La Capital","Asfalto","S/D","I","Dentro","Urbana","S/D","S/D","Intersección","Bueno","Buena","Diurna","Buen Tiempo","Lateral","S/D","Colisión","S/D","S/D","S/D","S/D"
2016,8487,11/28/2016,"Lunes",0,16:10:00,,"0.0",2,"Automóvil,Peatón","Azopardo 9360",2,1,0,0,1,0,0,,"Calle",,"SANTA FE","La Capital","Asfalto","S/D","I","Dentro","Urbana","S/D","S/D","Intersección","Bueno","Buena","Diurna","Buen Tiempo","S/D","Peatón","Atropello","S/D","S/D","S/D","S/D"
2016,8488,12/1/2016,"Jueves",0,9:00:00,,"0.0",2,"Automóvil,Moto/Ciclomotor","J Macia Y Juan Bautista Alberdi",2,1,0,0,1,0,0,,"Calle",,"SANTO TOMÉ","La Capital","Asfalto","Pavimento","I","Dentro","Urbana","S/D","No existe","Recta","Bueno","Buena","Diurna","Buen Tiempo","Lateral","S/D","Colisión","S/D","S/D","S/D","S/D"
2016,8489,11/11/2016,"Viernes",0,8:30:00,,"0.0",2,"Moto/Ciclomotor,Camión Chasis","Av Blas Parera Y Beruti",2,1,0,0,1,0,0,,"Avenida",,"SANTA FE","La Capital","Asfalto","No existe","I","Dentro","Urbana","S/D","No existe","Intersección","Bueno","Buena","Diurna","Buen Tiempo","Lateral","S/D","Colisión","Ninguna","Faltante","S/D","Sin restricción"
2016,8490,11/18/2016,"Viernes",0,9:00:00,,"0.0",2,"Moto/Ciclomotor,Automóvil","Gorriti Y Cafferata",2,1,0,0,1,0,0,,"Calle",,"SANTA FE","La Capital","Asfalto","No existe","I","Dentro","Urbana","S/D","No existe","Intersección","Bueno","Buena","Diurna","Buen Tiempo","Lateral","S/D","Colisión","Ninguna","Faltante","Ninguna","S/D"
2016,8491,11/23/2016,"Miercoles",0,19:40:00,,"0.0",2,"Moto/Ciclomotor,Peatón","Av Blas Parera Y Misiones",2,0,0,1,1,0,0,,"Avenida",,"SANTA FE","La Capital","Asfalto","No existe","I","Dentro","Urbana","S/D","No existe","Recta","Bueno","Buena","Atardecer","Buen Tiempo","S/D","Peatón","Atropello","Ninguna","Faltante","S/D","Obra en Construcción"
2016,8492,9/10/2016,"Sabado",0,,"Ruta Nacional 34","227.6",2,"Moto/Ciclomotor,Tren","CRUCE DEL INTA ",2,0,0,0,1,1,0,"-31.194217, -61.492923","Ruta",34,"RAFAELA","Castellanos","S/D","S/D","V","Dentro","Rural","S/D","S/D","Paso a Nivel FFCC","S/D","S/D","Nocturna","S/D","Lateral","S/D","Colisión","S/D","S/D","S/D","S/D"
2016,8493,9/26/2016,"Lunes",0,20:00:00,,"0.0",2,"Automóvil,Bicicleta","Santa Fe Y Leandro N Alem",2,0,0,0,1,1,0,"-30.948431, -61.563101","Calle",,"SUNCHALES","Castellanos","S/D","S/D","V","Dentro","Urbana","S/D","S/D","Intersección","Bueno","S/D","Atardecer","S/D","S/D","Ciclista","Atropello","S/D","S/D","S/D","S/D"
2016,8494,9/23/2016,"Viernes",0,15:00:00,,"0.0",2,"Automóvil,Automóvil","Av. Belgrano 1900",2,0,0,0,1,1,0,"-32.963277777778,-60.621861111111","Calle",,"ROSARIO","Rosario","S/D","S/D","II","Dentro","Urbana","S/D","S/D","Recta","S/D","S/D","S/D","S/D","S/D","S/D","Colisión","S/D","S/D","S/D","S/D"
2016,8495,11/8/2016,"Martes",0,20:30:00,,"0.0",2,"Moto/Ciclomotor,Automóvil","Av Urquiza Y Obispo Gelabert",2,1,0,0,1,0,0,,"Avenida",,"SANTA FE","La Capital","Asfalto","S/D","I","Dentro","Urbana","S/D","S/D","Intersección","Bueno","Buena","Nocturna","Buen Tiempo","Lateral","S/D","Colisión","Ninguna","Vertical","S/D","S/D"
2016,8496,11/8/2016,"Martes",0,20:40:00,,"0.0",2,"Moto/Ciclomotor,Automóvil","Vera 4146",3,1,0,0,2,0,0,,"Calle",,"SANTA FE","La Capital","Asfalto","No existe","I","Dentro","Urbana","Ninguna","No existe","Recta","Bueno","Buena","Nocturna","Buen Tiempo","Lateral","S/D","Colisión","Ninguna","Horizontal","Ninguna","Sin restricción"
2016,8497,11/22/2016,"Martes",0,21:40:00,,"0.0",2,"Automóvil,Pickup/Utilitario","Bv Pellegrini Y Av Lopez y Planes",4,3,0,0,1,0,0,,"Avenida",,"SANTA FE","La Capital","Asfalto","No existe","I","Dentro","Urbana","Ninguna","No existe","Intersección","Bueno","Buena","Nocturna","Buen Tiempo","Lateral","S/D","Colisión","Ninguna","Vertical","Ninguna","Sin restricción"
2016,8498,11/23/2016,"Miercoles",0,18:10:00,,"0.0",2,"Moto/Ciclomotor,Automóvil","Av Freyre 2100",2,1,0,0,1,0,0,,"Avenida",,"SANTA FE","La Capital","Asfalto","No existe","I","Dentro","Urbana","Ninguna","No existe","Recta","Bueno","Buena","Atardecer","Buen Tiempo","Lateral","S/D","Colisión","Ninguna","Horizontal","Ninguna","Sin restricción"
2016,8499,11/23/2016,"Miercoles",0,20:20:00,,"0.0",2,"Moto/Ciclomotor,Automóvil","Av Lopez y Planes 3700",2,1,0,0,1,0,0,,"Avenida",,"SANTA FE","La Capital","Asfalto","No existe","I","Dentro","Urbana","Ninguna","No existe","Recta","Bueno","Buena","Nocturna","Buen Tiempo","Lateral","S/D","Colisión","Ninguna","Vertical","Ninguna","Sin restricción"
2016,8500,11/24/2016,"Jueves",0,14:30:00,,"0.0",2,"Moto/Ciclomotor,Pickup/Utilitario","Av Freyre Y Vera",2,1,0,0,1,0,0,,"Avenida",,"SANTA FE","La Capital","Asfalto","No existe","I","Dentro","Urbana","Ninguna","No existe","Intersección","Bueno","Buena","Diurna","Buen Tiempo","Lateral","S/D","Colisión","Ninguna","Vertical","Ninguna","S/D"
2016,8501,11/25/2016,"Viernes",0,19:50:00,,"0.0",2,"Automóvil,Automóvil","Av Urquiza Y Pujato Crespo",2,1,0,0,1,0,0,,"Calle",,"SANTA FE","La Capital","Asfalto","No existe","I","Dentro","Urbana","Ninguna","No existe","Intersección","Bueno","Buena","Atardecer","Buen Tiempo","Lateral","S/D","Colisión","Ninguna","Vertical","Ninguna","Sin restricción"
2016,8502,11/3/2016,"Jueves",0,16:15:00,,"0.0",2,"Pickup/Utilitario,Bicicleta","San Martin Y Cordoba",2,1,0,0,1,0,0,,"Calle",,"VILLA CONSTITUCIÓN","Constitución","Asfalto","No existe","VI","Dentro","Urbana","Ninguna","Funciona","Intersección","Bueno","Buena","Diurna","Buen Tiempo","S/D","Ciclista","Atropello","S/D","Faltante","Ninguna","Sin restricción"
2016,8503,11/4/2016,"Viernes",0,,,"0.0",2,"Automóvil,Automóvil","Sarmiento Y Salta",3,1,0,0,2,0,0,,"Calle",,"VILLA CONSTITUCIÓN","Constitución","Asfalto","No existe","VI","Dentro","Urbana","Ninguna","No existe","Intersección","Bueno","Buena","Diurna","Buen Tiempo","S/D","S/D","Colisión","S/D","Vertical","Ninguna","Sin restricción"
2016,8504,11/5/2016,"Sabado",0,13:00:00,,"0.0",2,"Automóvil,Moto/Ciclomotor","Simon Bolivar Y Santiago del Estero",2,1,0,0,1,0,0,,"Calle",,"VILLA CONSTITUCIÓN","Constitución","S/D","S/D","VI","Dentro","Urbana","S/D","S/D","S/D","S/D","S/D","Diurna","S/D","S/D","S/D","Colisión","S/D","S/D","S/D","S/D"
2016,8505,11/26/2016,"Sabado",0,,"Ruta Provincial 18","6.0",2,"Automóvil,Automóvil"," ",2,2,0,0,0,0,0,,"Ruta",18,"PIÑERO","Rosario","Asfalto","S/D","II","Dentro","Rural","S/D","S/D","Recta","Bueno","Buena","S/D","Lluvia","De alcance","S/D","Colisión","Ninguna","S/D","Cordón divisorio","Sin restricción"
2016,8506,11/12/2016,"Sabado",0,19:20:00,"Ruta Nacional A012","0.0",2,"Automóvil,Automóvil"," ",2,1,0,0,1,0,0,,"Ruta","A012","SAN LORENZO","San Lorenzo","S/D","S/D","XVII","Dentro","Urbana","S/D","S/D","Intersección","S/D","S/D","Atardecer","Buen Tiempo","Lateral","S/D","Colisión","S/D","S/D","S/D","S/D"
2016,8507,11/7/2016,"Lunes",0,8:40:00,,"0.0",2,"Automóvil,Moto/Ciclomotor","Av Blas Parera Y Almonacid",2,1,0,0,1,0,0,,"Avenida",,"SANTA FE","La Capital","Asfalto","No existe","I","Dentro","Urbana","S/D","No existe","Intersección","Bueno","Buena","Diurna","Buen Tiempo","Lateral","S/D","Colisión","Ninguna","Faltante","Ninguna","Sin restricción"
2016,8508,11/8/2016,"Martes",0,14:15:00,,"0.0",2,"Automóvil,Moto/Ciclomotor","San Martin Y Entre Rios",3,2,0,0,1,0,0,,"Calle",,"VILLA CONSTITUCIÓN","Constitución","Asfalto","No existe","VI","Dentro","Urbana","Ninguna","No existe","Intersección","Bueno","Buena","Diurna","Buen Tiempo","Lateral","S/D","Colisión","S/D","Faltante","Ninguna","Sin restricción"
2016,8509,11/12/2016,"Sabado",0,,,"0.0",2,"Automóvil,Automóvil","Saavedra Y Libertad",2,1,0,0,1,0,0,,"Calle",,"VILLA CONSTITUCIÓN","Constitución","Asfalto","No existe","VI","Dentro","Urbana","Ninguna","No existe","Intersección","Bueno","Buena","Diurna","Buen Tiempo","S/D","S/D","Colisión","S/D","Faltante","Ninguna","Sin restricción"
2016,8510,11/15/2016,"Martes",0,9:30:00,,"0.0",2,"Moto/Ciclomotor,Camión Chasis","Pbro D Segundo Y 14 de Febrero",2,1,0,0,1,0,0,,"Calle",,"VILLA CONSTITUCIÓN","Constitución","Asfalto","Natural","VI","Dentro","Urbana","S/D","S/D","Distribuidor","S/D","Buena","Diurna","Buen Tiempo","S/D","S/D","Colisión","S/D","S/D","S/D","Sin restricción"
2016,8511,11/18/2016,"Viernes",0,9:15:00,,"0.0",2,"Moto/Ciclomotor,Automóvil","Acevedo Y Simon Bolivar",3,2,0,0,1,0,0,,"Calle",,"VILLA CONSTITUCIÓN","Constitución","Asfalto","No existe","VI","Dentro","Urbana","Ninguna","No existe","Recta","Bueno","Buena","Diurna","Buen Tiempo","S/D","S/D","Colisión","S/D","Faltante","Ninguna","Sin restricción"
2016,8512,11/18/2016,"Viernes",0,10:40:00,,"0.0",2,"Moto/Ciclomotor,Automóvil","Pbro D Segundo Y 25 de Mayo",2,1,0,0,1,0,0,,"Calle",,"VILLA CONSTITUCIÓN","Constitución","Asfalto","No existe","VI","Dentro","Urbana","Ninguna","No existe","Recta","Bueno","Buena","Diurna","Buen Tiempo","S/D","S/D","Colisión","S/D","Faltante","Cordón divisorio","Sin restricción"
2016,8513,11/20/2016,"Domingo",0,,,"0.0",2,"Automóvil,Bicicleta","Pbro D Segundo Y Lisandro de la Torre",2,1,0,0,1,0,0,,"Calle",,"VILLA CONSTITUCIÓN","Constitución","Asfalto","No existe","VI","Dentro","Urbana","Ninguna","No existe","Intersección","Bueno","Buena","Diurna","Buen Tiempo","Lateral","Ciclista","Atropello","S/D","Faltante","Ninguna","Sin restricción"
2016,8514,11/22/2016,"Martes",0,,,"0.0",2,"Automóvil,Moto/Ciclomotor","San Martin Y Jujuy",2,2,0,0,0,0,0,,"Calle",,"VILLA CONSTITUCIÓN","Constitución","Asfalto","No existe","VI","Dentro","Urbana","S/D","No existe","Intersección","Bueno","Buena","Diurna","Buen Tiempo","Lateral","S/D","Colisión","S/D","Faltante","Ninguna","Sin restricción"