"anio_acci","nro_acci","fecha","desc_dia","fecha_aprox","hora_aprox","desc_ruta","km","cant_participantes","desc_participante","calle_avenida_km","total","heridos_leves","heridos_graves","heridos_gravisimos","ilesos","fallecidos","sin_datos","posicion_XY","desc_tipo_via","desc_ruta_ori","desc_loc","desc_dpto","desc_tipo_calzada","desc_tipo_banquina","desc_unidad_regional","desc_lugar_calzada","desc_zona","desc_prioridad","desc_estado_semaforo","desc_lugar_via","desc_estado_via","desc_estado_visibilidad","desc_luminosidad","desc_estado_clima","desc_tipo_colision","desc_tipo_atropello","desc_tipo_hecho","desc_pres_calzada","desc_senializacion","desc_separacion_via","desc_restriccion"
2016,8515,11/22/2016,"Martes",0,16:30:00,,"0.0",2,"Moto/Ciclomotor,Automóvil","Cordoba Y J J de Urquiza bis",3,2,0,0,1,0,0,,"Calle",,"VILLA CONSTITUCIÓN","Constitución","Asfalto","No existe","VI","Dentro","Urbana","Ninguna","S/D","Intersección","Bueno","Buena","Diurna","Buen Tiempo","S/D","S/D","Colisión","S/D","Faltante","Ninguna","Sin restricción"
2016,8516,11/25/2016,"Viernes",0,,,"0.0",2,"Automóvil,Moto/Ciclomotor","Pbro D Segundo Y Lisandro de la Torre",2,1,0,0,1,0,0,,"Calle",,"VILLA CONSTITUCIÓN","Constitución","Asfalto","No existe","VI","Dentro","Urbana","Ninguna","No existe","Recta","Bueno","Buena","Diurna","Buen Tiempo","S/D","S/D","Colisión","Agua","Faltante","Ninguna","Sin restricción"
2016,8517,11/27/2016,"Domingo",0,23:40:00,,"0.0",2,"Pickup/Utilitario,Moto/Ciclomotor","Cafferata Y Gorriti",4,3,0,0,1,0,0,,"Calle",,"SANTA FE","La Capital","Asfalto","No existe","I","Dentro","Urbana","Ninguna","No existe","Intersección","Bueno","Buena","Nocturna","Buen Tiempo","Lateral","S/D","Colisión","Ninguna","Faltante","Ninguna","Sin restricción"
2016,8518,11/19/2016,"Sabado",0,3:20:00,,"0.0",2,"Automóvil,Moto/Ciclomotor","Gdor Servando Bayo 9600",2,1,0,0,1,0,0,,"Calle",,"SANTA FE","La Capital","Ripio","No existe","I","Dentro","Urbana","Ninguna","No existe","Recta","Con baches","Reducida","Nocturna,Con luz artificial","Buen Tiempo","Lateral","S/D","Colisión","Ninguna","Faltante","Ninguna","Sin restricción"
2016,8519,11/1/2016,"Martes",0,,,"0.0",1,"Moto/Ciclomotor"," ",1,1,0,0,0,0,0,,"Calle",,"SANTA FE","La Capital","Asfalto","Natural","I","Dentro","Urbana","S/D","No existe","Recta","Bueno","Buena","Diurna","Buen Tiempo","Contra objeto fijo","S/D","Colisión","Ninguna","Faltante","S/D","S/D"
2016,8520,11/12/2016,"Sabado",0,20:00:00,,"0.0",2,"Pickup/Utilitario,Moto/Ciclomotor","Av Blas Parera Y Beruti",3,1,0,0,2,0,0,,"Avenida",,"SANTA FE","La Capital","Asfalto","No existe","I","Dentro","Urbana","Ninguna","No existe","Intersección","Bueno","Buena","Nocturna","Buen Tiempo","Lateral","S/D","Colisión","Ninguna","Faltante","S/D","Sin restricción"
2016,8521,11/7/2016,"Lunes",0,13:25:00,,"0.0",2,"Moto/Ciclomotor,Moto/Ciclomotor","Avellaneda Y J M Zuviria",2,1,0,0,1,0,0,,"Calle",,"SANTA FE","La Capital","Asfalto","No existe","I","S/D","Urbana","Ninguna","No existe","Intersección","Bueno","Buena","Diurna","Buen Tiempo","Lateral","S/D","Colisión","Ninguna","S/D","Ninguna","Sin restricción"
2016,8522,11/7/2016,"Lunes",0,,,"0.0",2,"Moto/Ciclomotor,Pickup/Utilitario","J M Zuviria Y Republica de Siria",3,0,1,0,2,0,0,,"Calle",,"SANTA FE","La Capital","Asfalto","No existe","I","S/D","Urbana","Ninguna","No existe","Intersección","Bueno","Buena","Diurna","Buen Tiempo","Lateral","S/D","Colisión","Ninguna","S/D","Ninguna","Sin restricción"
2016,8523,11/8/2016,"Martes",0,18:15:00,,"0.0",2,"Pickup/Utilitario,Moto/Ciclomotor","Av Gral Paz Y Pedro Ferre",2,1,0,0,1,0,0,,"Calle",,"SANTA FE","La Capital","Asfalto","No existe","I","S/D","Urbana","Ninguna","No existe","Intersección","Bueno","Buena","Amanecer","Buen Tiempo","Lateral","S/D","Colisión","Ninguna","S/D","Ninguna","Sin restricción"
2016,8524,11/9/2016,"Miercoles",0,19:05:00,,"0.0",1,"Moto/Ciclomotor","Regis Martinez Y Necochea",2,2,0,0,0,0,0,,"Calle",,"SANTA FE","La Capital","Asfalto","No existe","I","S/D","Urbana","Ninguna","No existe","Intersección","Bueno","Buena","Diurna","Buen Tiempo","S/D","S/D","Caída ocupante","Ninguna","S/D","S/D","Sin restricción"
2016,8525,11/3/2016,"Jueves",0,13:00:00,,"0.0",2,"Automóvil,Moto/Ciclomotor","Av Gral Paz Y J M Zuviria",2,1,0,0,1,0,0,,"Avenida",,"SANTA FE","La Capital","Asfalto","No existe","I","S/D","Urbana","Ninguna","No existe","Intersección","Bueno","Buena","Diurna","Buen Tiempo","Lateral","S/D","Colisión","S/D","S/D","Ninguna","Sin restricción"
2016,8526,11/3/2016,"Jueves",0,13:00:00,,"0.0",2,"Automóvil,Moto/Ciclomotor","Quintana Y Guemes",2,1,0,0,1,0,0,,"Calle",,"SANTA FE","La Capital","Asfalto","No existe","I","Dentro","Urbana","Ninguna","No existe","Intersección","Bueno","Buena","Diurna","Buen Tiempo","Lateral","S/D","Colisión","Ninguna","S/D","Ninguna","Sin restricción"
2016,8527,11/6/2016,"Domingo",0,22:20:00,,"0.0",2,"Moto/Ciclomotor,Automóvil","Av Gral Paz Y J M Zuviria",4,2,0,0,2,0,0,,"Calle",,"SANTA FE","La Capital","Asfalto","No existe","I","Dentro","Urbana","Ninguna","No existe","Intersección","Bueno","Reducida","Nocturna","Buen Tiempo","Lateral","S/D","Colisión","S/D","S/D","Ninguna","Sin restricción"
2016,8528,11/17/2016,"Jueves",0,15:45:00,,"0.0",2,"Moto/Ciclomotor,Pickup/Utilitario","Quintana Y Pje Ingenieros",2,1,0,0,1,0,0,,"Calle",,"SANTA FE","La Capital","Asfalto","No existe","I","Dentro","Urbana","Ninguna","No existe","Intersección","Bueno","Buena","Diurna","Buen Tiempo","Lateral","S/D","Colisión","Otro","Faltante","Cordón divisorio","Sin restricción"
2016,8529,11/3/2016,"Jueves",0,15:45:00,,"0.0",2,"Moto/Ciclomotor,Automóvil","Velez Sarsfield Y Pje Marcos Sastre",2,1,0,0,1,0,0,,"Calle",,"SANTA FE","La Capital","Asfalto","No existe","I","S/D","Urbana","Ninguna","No existe","Intersección","Bueno","Buena","Diurna","Buen Tiempo","Lateral","S/D","Colisión","Ninguna","S/D","Ninguna","Sin restricción"
2016,8530,11/10/2016,"Jueves",0,23:55:00,,"0.0",2,"Automóvil,Moto/Ciclomotor","Av Galicia Y Belgrano",2,1,0,0,1,0,0,,"Calle",,"SANTA FE","La Capital","Asfalto","No existe","I","Dentro","Urbana","Ninguna","No existe","Intersección","Bueno","Reducida","Nocturna","Buen Tiempo","Lateral","S/D","Colisión","S/D","S/D","Ninguna","Sin restricción"
2016,8531,11/17/2016,"Jueves",0,19:00:00,,"0.0",2,"Bicicleta,Pickup/Utilitario","Av A del Valle Y Diagonal Abipones",2,1,0,0,1,0,0,,"Avenida",,"SANTA FE","La Capital","Asfalto","No existe","I","Dentro","Urbana","Semáforo","Funciona","Recta","Bueno","Buena","Atardecer,Con luz artificial","Buen Tiempo","De alcance,Lateral","S/D","Colisión","Otro","Vertical","Cordón divisorio","Sin restricción"
2016,8532,11/9/2016,"Miercoles",0,3:30:00,,"0.0",2,"Automóvil,Automóvil","Alberdi 6200",2,1,0,0,1,0,0,,"Calle",,"SANTA FE","La Capital","Asfalto","No existe","I","Dentro","Urbana","Ninguna","No existe","Recta","Bueno","Reducida","Nocturna","Buen Tiempo","De alcance","S/D","Colisión","S/D","S/D","Ninguna","Sin restricción"
2016,8533,12/4/2016,"Domingo",0,18:00:00,,"0.0",2,"Automóvil,Moto/Ciclomotor","Av Galicia 1400",2,1,0,0,1,0,0,,"Avenida",,"SANTA FE","La Capital","Asfalto","No existe","I","S/D","Urbana","Ninguna","No existe","Recta","Bueno","Buena","Diurna","Buen Tiempo","Lateral","S/D","Colisión","Ninguna","S/D","Ninguna","Sin restricción"
2016,8534,11/11/2016,"Viernes",0,14:30:00,,"0.0",1,"Transporte de Pasajeros Urbano (> 8 asientos)","Av Gral Paz Y Regis Martinez",3,1,0,0,2,0,0,,"Calle",,"SANTA FE","La Capital","Asfalto","No existe","I","Dentro","Urbana","Ninguna","No existe","Intersección","Bueno","Buena","Diurna","Buen Tiempo","S/D","S/D","Caída ocupante","S/D","S/D","Ninguna","Sin restricción"
2016,8535,11/18/2016,"Viernes",0,15:00:00,,"0.0",2,"Automóvil,Moto/Ciclomotor","Juan Del Campillo Y San Jeronimo",2,1,0,0,1,0,0,,"Calle",,"SANTA FE","La Capital","Asfalto","No existe","I","Dentro","Urbana","Ninguna","No existe","Intersección","Bueno","Buena","Diurna","Buen Tiempo","Lateral","S/D","Colisión","Otro","Faltante","Cordón divisorio","Sin restricción"
2016,8536,11/5/2016,"Sabado",0,2:30:00,,"0.0",2,"Moto/Ciclomotor,Automóvil","Pedro de Vega Y Las Heras",3,2,0,0,0,0,1,,"Calle",,"SANTA FE","La Capital","Asfalto","No existe","I","S/D","Urbana","Ninguna","No existe","Intersección","Bueno","Reducida","Nocturna","Buen Tiempo","Lateral","S/D","Colisión","Ninguna","S/D","Ninguna","Sin restricción"
2016,8537,11/11/2016,"Viernes",0,18:40:00,,"0.0",2,"Moto/Ciclomotor,Pickup/Utilitario","Av A del Valle Y R Godoy",2,1,0,0,1,0,0,,"Calle",,"SANTA FE","La Capital","Asfalto","No existe","I","Dentro","Urbana","Ninguna","No existe","Intersección","Bueno","Buena","Atardecer","Buen Tiempo","Lateral","S/D","Colisión","Ninguna","S/D","Ninguna","Sin restricción"
2016,8538,11/18/2016,"Viernes",0,15:30:00,,"0.0",2,"Taxi/Remis,Moto/Ciclomotor","Hernandarias 2800",2,1,0,0,1,0,0,,"Calle",,"SANTA FE","La Capital","Asfalto","No existe","I","Dentro","Urbana","Ninguna","No existe","Recta","Bueno","Buena","Diurna","Buen Tiempo","De alcance","S/D","Colisión","S/D","Faltante","Cordón divisorio","Sin restricción"
2016,8539,11/30/2016,"Miercoles",0,23:40:00,,"0.0",2,"Automóvil,Moto/Ciclomotor","Reg 12 de Infanteria Y Las Heras",2,1,0,0,1,0,0,,"Calle",,"SANTA FE","La Capital","Asfalto","No existe","I","S/D","Urbana","Ninguna","No existe","Intersección","Bueno","Buena","Nocturna","Buen Tiempo","Lateral","S/D","Colisión","Ninguna","Faltante","Ninguna","Sin restricción"
2016,8540,11/14/2016,"Lunes",0,17:00:00,,"0.0",2,"Automóvil,Moto/Ciclomotor","J Castelli Y Republica de Siria",2,1,0,0,1,0,0,,"Calle",,"SANTA FE","La Capital","Asfalto","No existe","I","Dentro","Urbana","Ninguna","No existe","Intersección","Bueno","Buena","Diurna","Buen Tiempo","Lateral","S/D","Colisión","S/D","S/D","Ninguna","Sin restricción"
2016,8541,11/15/2016,"Martes",0,10:15:00,,"0.0",2,"Automóvil,Moto/Ciclomotor","Ricardo Aldao 1200",2,1,0,0,1,0,0,,"Calle",,"SANTA FE","La Capital","Asfalto","No existe","I","Dentro","Urbana","Ninguna","No existe","Recta","Bueno","Buena","Diurna","Buen Tiempo","De alcance","S/D","Colisión","S/D","S/D","Ninguna","Sin restricción"
2016,8542,11/29/2016,"Martes",0,22:00:00,,"0.0",2,"Automóvil,Moto/Ciclomotor","Ayacucho Y Las Heras",2,1,0,0,1,0,0,,"Calle",,"SANTA FE","La Capital","Asfalto","No existe","I","Dentro","Urbana","Ninguna","No existe","Intersección","Bueno","Buena","Diurna","Buen Tiempo","S/D","S/D","Colisión","Ninguna","Faltante","Ninguna","Sin restricción"
2016,8543,11/18/2016,"Viernes",0,20:20:00,,"0.0",2,"Pickup/Utilitario,Moto/Ciclomotor","J M Zuviria Y Pedro Diaz Colodrero",2,1,0,0,1,0,0,,"Avenida",,"SANTA FE","La Capital","Asfalto","No existe","I","S/D","S/D","Semáforo","Funciona","Intersección","Bueno","Buena","Nocturna,Con luz artificial","Buen Tiempo","Lateral","S/D","Colisión","Otro","Vertical","Cordón divisorio","Sin restricción"
2016,8544,11/27/2016,"Domingo",0,11:50:00,,"0.0",2,"Taxi/Remis,Moto/Ciclomotor","Tacuari Y Boneo",2,1,0,0,1,0,0,,"Calle",,"SANTA FE","La Capital","Asfalto","No existe","I","S/D","Urbana","Ninguna","No existe","Intersección","Bueno","Buena","Diurna","Buen Tiempo","Lateral","S/D","Colisión","Ninguna","Faltante","Ninguna","Sin restricción"
2016,8545,11/19/2016,"Sabado",0,19:30:00,,"0.0",2,"Pickup/Utilitario,Bicicleta","Velez Sarsfield Y Salvador del Carril",2,1,0,0,1,0,0,,"Calle",,"SANTA FE","La Capital","Asfalto","No existe","I","Dentro","Urbana","Ninguna","No existe","Recta","Bueno","Reducida","Atardecer","Buen Tiempo","De alcance","Ciclista","Atropello","Ninguna","S/D","Ninguna","Sin restricción"
2016,8546,11/17/2016,"Jueves",0,21:00:00,,"0.0",2,"Moto/Ciclomotor,Bicicleta","Av Gral Paz Y Pedro de Vega",2,2,0,0,0,0,0,,"Calle",,"SANTA FE","La Capital","Asfalto","No existe","I","Dentro","Urbana","Ninguna","No existe","Intersección","Bueno","Reducida","Nocturna","Buen Tiempo","Lateral","Ciclista","Atropello","S/D","S/D","Ninguna","Sin restricción"
2016,8547,11/18/2016,"Viernes",0,23:30:00,,"0.0",2,"Automóvil,Moto/Ciclomotor","J M Zuviria Y Padilla",3,2,0,0,1,0,0,,"Avenida",,"SANTA FE","La Capital","Asfalto","No existe","I","Dentro","Urbana","Semáforo","Funciona","Intersección","Bueno","Buena","Nocturna,Con luz artificial","Buen Tiempo","Lateral","S/D","Colisión","Otro","Vertical","Cordón divisorio","Sin restricción"
2016,8548,11/25/2016,"Viernes",0,21:15:00,,"0.0",2,"Automóvil,Moto/Ciclomotor","Javier de la Rosa Y Guemes",2,1,0,0,1,0,0,,"Calle",,"SANTA FE","La Capital","Asfalto","No existe","I","S/D","Urbana","Ninguna","No existe","Intersección","Bueno","Buena","Nocturna","Buen Tiempo","Lateral","S/D","Colisión","Ninguna","Faltante","Ninguna","Sin restricción"
2016,8549,11/18/2016,"Viernes",0,10:30:00,,"0.0",2,"Automóvil,Bicicleta","Av Gral Paz Y Pedro Ferre",2,1,0,0,1,0,0,,"Calle",,"SANTA FE","La Capital","Asfalto","No existe","I","Dentro","Urbana","Ninguna","No existe","Intersección","Bueno","Buena","Diurna","Buen Tiempo","Lateral","Ciclista","Atropello","S/D","Faltante","Ninguna","Sin restricción"
2016,8550,11/19/2016,"Sabado",0,15:00:00,,"0.0",2,"Automóvil,Moto/Ciclomotor","San Jeronimo Y Pje Larramendi",2,1,0,0,1,0,0,,"Calle",,"SANTA FE","La Capital","Asfalto","No existe","I","Dentro","Urbana","Ninguna","No existe","Intersección","Bueno","Buena","Diurna","Buen Tiempo","Lateral","S/D","Colisión","Otro","Faltante","Cordón divisorio","Sin restricción"
2016,8551,11/23/2016,"Miercoles",0,13:30:00,,"0.0",2,"Pickup/Utilitario,Moto/Ciclomotor","Av A del Valle Y Av Galicia",2,1,0,0,1,0,0,,"Avenida",,"SANTA FE","La Capital","Asfalto","No existe","I","S/D","Urbana","Semáforo","Funciona","Intersección","Bueno","Buena","Diurna","Buen Tiempo","Lateral","S/D","Colisión","Ninguna","Vertical","Ninguna","Sin restricción"
2016,8552,11/18/2016,"Viernes",0,18:45:00,,"0.0",2,"Moto/Ciclomotor,Automóvil","Belgrano Y Angel Cassanello",2,1,0,0,1,0,0,,"Calle",,"SANTA FE","La Capital","Asfalto","No existe","I","Dentro","Urbana","Ninguna","No existe","Intersección","Bueno","Buena","Atardecer","Buen Tiempo","Lateral","S/D","Colisión","S/D","S/D","Ninguna","Sin restricción"
2016,8553,11/20/2016,"Domingo",0,6:35:00,,"0.0",2,"Taxi/Remis,Moto/Ciclomotor","Av Facundo Zuviria Y Av Facundo Zuviria",4,1,0,0,3,0,0,,"Avenida",,"SANTA FE","La Capital","Asfalto","No existe","I","Dentro","Urbana","Ninguna","S/D","Intersección","Bueno","Buena","Diurna","Buen Tiempo","Lateral","S/D","Colisión","Otro","S/D","Cordón divisorio","Sin restricción"
2016,8554,11/19/2016,"Sabado",0,20:30:00,,"0.0",2,"Moto/Ciclomotor,Automóvil","Salvador del Carril Y Rivadavia",2,1,0,0,1,0,0,,"Calle",,"SANTA FE","La Capital","Asfalto","No existe","I","Dentro","Urbana","Ninguna","No existe","Intersección","Bueno","Reducida","Nocturna","Buen Tiempo","Lateral","S/D","Colisión","S/D","S/D","Ninguna","Sin restricción"
2016,8555,11/21/2016,"Lunes",0,18:30:00,,"0.0",2,"Moto/Ciclomotor,Peatón","Av Almte Brown Y Boneo",2,0,1,0,1,0,0,,"Avenida",,"SANTA FE","La Capital","Hormigón","No existe","I","Dentro","Urbana","Paso Peatonal","No existe","Otro","Bueno","Buena","Diurna","Buen Tiempo","S/D","Peatón","Atropello","Ninguna","Faltante","Barrera de hormigón","Sin restricción"
2016,8556,11/21/2016,"Lunes",0,6:10:00,,"0.0",2,"Automóvil,Moto/Ciclomotor","Av Facundo Zuviria Y Gutierrez",2,1,0,0,1,0,0,,"Avenida",,"SANTA FE","La Capital","Asfalto","No existe","I","Dentro","Urbana","Ninguna","S/D","Intersección","Otro","Buena","Diurna","Buen Tiempo","Lateral","S/D","Colisión","Otro","S/D","Cordón divisorio","Sin restricción"
2016,8557,11/19/2016,"Sabado",0,0:20:00,,"0.0",2,"Moto/Ciclomotor,Automóvil","Alvear Y Llerena",2,1,0,0,1,0,0,,"Calle",,"SANTA FE","La Capital","Asfalto","No existe","I","Dentro","Urbana","Ninguna","No existe","Intersección","Bueno","Reducida","Nocturna","Buen Tiempo","Lateral","S/D","Colisión","S/D","S/D","Ninguna","Sin restricción"
2016,8558,11/21/2016,"Lunes",0,11:45:00,,"0.0",2,"Bicicleta,Automóvil","Pedro Alejandro Vittori Y Pedro Ferre",2,1,0,0,1,0,0,,"Calle",,"SANTA FE","La Capital","Asfalto","No existe","I","Dentro","Urbana","S/D","S/D","Intersección","Bueno","Buena","Diurna","Buen Tiempo","S/D","Ciclista","Atropello","Otro","S/D","Cordón divisorio","Sin restricción"
2016,8559,11/18/2016,"Viernes",0,15:05:00,,"0.0",2,"Automóvil,Moto/Ciclomotor","Espora Y Belgrano",2,1,0,0,1,0,0,,"Calle",,"SANTA FE","La Capital","Asfalto","No existe","I","S/D","Urbana","Ninguna","No existe","Intersección","Bueno","Buena","Diurna","Buen Tiempo","Lateral","S/D","Colisión","Ninguna","Faltante","Ninguna","Sin restricción"
2016,8560,11/23/2016,"Miercoles",0,17:30:00,,"0.0",2,"Moto/Ciclomotor,Automóvil","Derqui Y Guemes",2,1,0,0,1,0,0,,"Calle",,"SANTA FE","La Capital","Asfalto","No existe","I","Dentro","Urbana","Ninguna","No existe","Intersección","Bueno","Buena","Diurna","Buen Tiempo","Lateral","S/D","Colisión","Ninguna","S/D","Ninguna","Sin restricción"
2016,8561,11/22/2016,"Martes",0,10:45:00,,"0.0",1,"Moto/Ciclomotor","Av A del Valle Y J P Lopez",2,2,0,0,0,0,0,,"Avenida",,"SANTA FE","La Capital","Asfalto","No existe","I","Dentro","Urbana","Otra Señal","S/D","Intersección","Bueno","Buena","Diurna","Buen Tiempo","S/D","S/D","Despiste","Otro","S/D","Cordón divisorio","Sin restricción"
2016,8562,6/15/2016,"Miercoles",0,22:00:00,,"0.0",2,"Automóvil,Bicicleta","Av Galicia Y Las Heras",2,1,0,0,1,0,0,,"Avenida",,"SANTA FE","La Capital","Asfalto","No existe","I","S/D","Urbana","Ninguna","No existe","Intersección","Bueno","Buena","Diurna","Buen Tiempo","S/D","Ciclista","Atropello","Ninguna","Faltante","S/D","Sin restricción"
2016,8563,11/22/2016,"Martes",0,,,"0.0",2,"Moto/Ciclomotor,Camión","San Martin Y Estanislao Zeballos",2,1,0,0,1,0,0,,"Calle",,"SANTA FE","La Capital","Asfalto","No existe","I","Dentro","Urbana","Ninguna","No existe","Intersección","Bueno","S/D","S/D","Buen Tiempo","Lateral","S/D","Colisión","S/D","Faltante","Cordón divisorio","Sin restricción"
2016,8564,11/1/2016,"Martes",0,8:00:00,,"0.0",2,"Pickup/Utilitario,Moto/Ciclomotor","Av Pte Peron Y Artigas",2,1,0,0,1,0,0,,"Avenida",,"SANTA FE","La Capital","S/D","Pavimento","I","Dentro","Urbana","Semáforo","Funciona","Recta","Bueno","Buena","Diurna","Buen Tiempo","De alcance","S/D","Colisión","Ninguna","Horizontal,Vertical","Cordón divisorio","Sin restricción"
2016,8565,11/23/2016,"Miercoles",0,19:45:00,,"0.0",2,"Bicicleta,Automóvil","Pedro Centeno Y Las Heras",2,1,0,0,1,0,0,,"Calle",,"SANTA FE","La Capital","Asfalto","No existe","I","Dentro","Urbana","Ninguna","No existe","Intersección","Bueno","Reducida","Atardecer","Buen Tiempo","Lateral","Ciclista","Atropello","Ninguna","S/D","Ninguna","Sin restricción"
2016,8566,11/17/2016,"Jueves",0,13:30:00,,"0.0",2,"Automóvil,Bicicleta","Av Gral Paz Y Risso",2,1,0,0,1,0,0,,"Avenida",,"SANTA FE","La Capital","Asfalto","No existe","I","Dentro","Urbana","Ninguna","No existe","Intersección","Bueno","Buena","Diurna","Buen Tiempo","S/D","Ciclista","Atropello","Ninguna","Faltante","Ninguna","Sin restricción"
2016,8567,11/24/2016,"Jueves",0,18:20:00,,"0.0",2,"Camión Chasis,Automóvil","Av Gral Paz Y Hernandarias",7,5,0,0,2,0,0,,"Calle",,"SANTA FE","La Capital","Asfalto","No existe","I","Dentro","Urbana","Ninguna","No existe","Intersección","Bueno","Buena","Diurna","Buen Tiempo","Lateral","S/D","Colisión","Ninguna","S/D","Ninguna","Sin restricción"
2016,8568,11/16/2016,"Miercoles",0,16:15:00,,"0.0",2,"Peatón,Automóvil","Sebastian Gaboto 4327",2,1,0,0,1,0,0,,"Calle",,"SANTA FE","La Capital","Tierra","No existe","I","Dentro","Urbana","Ninguna","No existe","Recta","Con baches","Buena","Diurna","Buen Tiempo","De alcance","S/D","Colisión","S/D","Faltante","S/D","Sin restricción"
2016,8569,11/17/2016,"Jueves",0,11:55:00,,"0.0",2,"Moto/Ciclomotor,Bicicleta","Alberdi Y Ayacucho",2,2,0,0,0,0,0,,"Calle",,"SANTA FE","La Capital","Asfalto","No existe","I","S/D","Urbana","Ninguna","No existe","Intersección","Bueno","Buena","Diurna","Buen Tiempo","S/D","Ciclista","Atropello","Ninguna","Faltante","Ninguna","Sin restricción"
2016,8570,11/22/2016,"Martes",0,22:00:00,,"0.0",2,"Otros,Otros","San Jeronimo Y Lavaisse",2,1,0,0,1,0,0,,"Calle",,"SANTA FE","La Capital","Asfalto","No existe","I","Dentro","Urbana","Ninguna","No existe","Intersección","Bueno","Buena","Nocturna","Buen Tiempo","Lateral","S/D","Colisión","Otro","Faltante","Cordón divisorio","Sin restricción"
2016,8571,11/22/2016,"Martes",0,22:00:00,,"0.0",2,"Moto/Ciclomotor,Automóvil","San Jeronimo Y Lavaisse",2,1,0,0,1,0,0,,"Calle",,"SANTA FE","La Capital","Asfalto","No existe","I","Dentro","Urbana","Ninguna","No existe","Intersección","Bueno","Buena","Nocturna","Buen Tiempo","Lateral","S/D","Colisión","Otro","Faltante","Cordón divisorio","Sin restricción"
2016,8572,11/2/2016,"Miercoles",0,19:40:00,,"0.0",2,"Automóvil,Pickup/Utilitario","Gdor Candioti Y Hernandarias",2,1,0,0,1,0,0,,"Calle",,"SANTA FE","La Capital","Asfalto","No existe","I","S/D","Urbana","Ninguna","No existe","Intersección","Bueno","Buena","Diurna","Buen Tiempo","Lateral","S/D","Colisión","Ninguna","S/D","Ninguna","Sin restricción"
2016,8573,11/24/2016,"Jueves",0,16:50:00,,"0.0",2,"Automóvil,Moto/Ciclomotor","Juan Del Campillo Y San Jeronimo",2,1,0,0,1,0,0,,"Calle",,"SANTA FE","La Capital","Asfalto","No existe","I","Dentro","Urbana","Ninguna","No existe","Intersección","Bueno","Buena","Diurna","Buen Tiempo","Lateral","S/D","Colisión","Otro","Faltante","Cordón divisorio","Sin restricción"
2016,8574,11/25/2016,"Viernes",0,7:25:00,,"0.0",2,"Moto/Ciclomotor,Automóvil","Rivadavia Y J M Zuviria",3,2,0,0,1,0,0,,"Calle",,"SANTA FE","La Capital","Asfalto","No existe","I","Dentro","Urbana","Ninguna","No existe","Intersección","Bueno","Buena","Amanecer","Buen Tiempo","Lateral","S/D","Colisión","Ninguna","Faltante","Ninguna","Sin restricción"
2016,8575,11/22/2016,"Martes",0,0:50:00,,"0.0",2,"Automóvil,Moto/Ciclomotor","Gdor Freyre Y Luciano Torrent",2,1,0,0,1,0,0,,"Calle",,"SANTA FE","La Capital","Asfalto,Hormigón","No existe","I","Dentro","Urbana","Semáforo","Funciona","Intersección","Bueno","Buena","Nocturna","Buen Tiempo","Lateral","S/D","Colisión","S/D","Horizontal,Vertical","Cordón divisorio","Sin restricción"
2016,8576,11/26/2016,"Sabado",0,1:00:00,,"0.0",2,"Moto/Ciclomotor,Automóvil","Av Gral Paz Y Lavaisse",2,1,0,0,1,0,0,,"Calle",,"SANTA FE","La Capital","Asfalto","No existe","I","Dentro","Urbana","Ninguna","No existe","Recta","Bueno","Reducida","Nocturna","Buen Tiempo","Frontal","S/D","Colisión","S/D","S/D","Línea divisoria pintada","Sin restricción"
2016,8577,11/24/2016,"Jueves",0,22:30:00,,"0.0",2,"Automóvil,Moto/Ciclomotor","Av Facundo Zuviria Y Vieytes",2,1,0,0,1,0,0,,"Avenida",,"SANTA FE","La Capital","Asfalto","No existe","I","Dentro","Urbana","S/D","S/D","Intersección","Bueno","Buena","Nocturna","Buen Tiempo","Lateral","S/D","Colisión","Otro","S/D","Cordón divisorio","Sin restricción"
2016,8578,11/3/2016,"Jueves",0,10:00:00,,"0.0",2,"Pickup/Utilitario,Bicicleta","Av Facundo Zuviria ",2,1,0,0,1,0,0,,"Calle",,"SANTA FE","La Capital","Asfalto","No existe","I","Dentro","Urbana","Semáforo","Funciona","Intersección","Bueno","Buena","Diurna","Buen Tiempo","S/D","S/D","Colisión","S/D","Vertical","Cordón divisorio","Sin restricción"
2016,8579,11/22/2016,"Martes",0,17:00:00,,"0.0",2,"Automóvil,Moto/Ciclomotor","Av Blas Parera 5300",2,1,0,0,1,0,0,,"Avenida",,"SANTA FE","La Capital","Asfalto","No existe","I","Dentro","Urbana","S/D","No existe","Recta","Bueno","Buena","Diurna","Buen Tiempo","De alcance","S/D","Colisión","S/D","Faltante","Cordón divisorio","Sin restricción"