"anio_acci","nro_acci","fecha","desc_dia","fecha_aprox","hora_aprox","desc_ruta","km","cant_participantes","desc_participante","calle_avenida_km","total","heridos_leves","heridos_graves","heridos_gravisimos","ilesos","fallecidos","sin_datos","posicion_XY","desc_tipo_via","desc_ruta_ori","desc_loc","desc_dpto","desc_tipo_calzada","desc_tipo_banquina","desc_unidad_regional","desc_lugar_calzada","desc_zona","desc_prioridad","desc_estado_semaforo","desc_lugar_via","desc_estado_via","desc_estado_visibilidad","desc_luminosidad","desc_estado_clima","desc_tipo_colision","desc_tipo_atropello","desc_tipo_hecho","desc_pres_calzada","desc_senializacion","desc_separacion_via","desc_restriccion"
2016,8580,11/25/2016,"Viernes",0,8:00:00,,"0.0",2,"Automóvil,Moto/Ciclomotor","San Jeronimo Y Lavaisse",2,1,0,0,1,0,0,,"Calle",,"SANTA FE","La Capital","Asfalto","No existe","I","Dentro","Urbana","Ninguna","No existe","Intersección","Bueno","Buena","Diurna","Buen Tiempo","Lateral","S/D","Colisión","Otro","Faltante","Cordón divisorio","Sin restricción"
2016,8581,11/5/2016,"Sabado",0,7:15:00,,"0.0",2,"Pickup/Utilitario,Moto/Ciclomotor","9 de Julio Y Quintana",2,1,0,0,1,0,0,,"Calle",,"SANTA FE","La Capital","Asfalto","No existe","I","Dentro","Urbana","Ninguna","No existe","Intersección","Deteriorada","Buena","Diurna","Buen Tiempo","Lateral","S/D","Colisión","Ninguna","Faltante","Cordón divisorio","Sin restricción"
2016,8582,11/24/2016,"Jueves",0,16:35:00,,"0.0",2,"Automóvil,Moto/Ciclomotor","Francia Y Domingo Silva",2,1,0,0,1,0,0,,"Calle",,"SANTA FE","La Capital","Asfalto,Hormigón","S/D","I","Dentro","Urbana","S/D","S/D","Intersección","Bueno","Buena","Diurna","Buen Tiempo","Lateral","S/D","Colisión","S/D","Faltante","Cordón divisorio","Sin restricción"
2016,8583,11/25/2016,"Viernes",0,21:25:00,,"0.0",2,"Automóvil,Moto/Ciclomotor","Av A del Valle Y Alberti",2,1,0,0,1,0,0,,"Avenida",,"SANTA FE","La Capital","Asfalto","No existe","I","S/D","Urbana","S/D","S/D","Intersección","Bueno","Buena","Nocturna","Buen Tiempo","Lateral","S/D","Colisión","Otro","S/D","Cordón divisorio","Sin restricción"
2016,8584,11/25/2016,"Viernes",0,14:00:00,,"0.0",2,"Pickup/Utilitario,Moto/Ciclomotor","Av Lopez y Planes 3900",2,1,0,0,1,0,0,,"Avenida",,"SANTA FE","La Capital","Asfalto","No existe","I","Dentro","Urbana","S/D","No existe","Recta","Con baches","Buena","Diurna","Buen Tiempo","Lateral","S/D","Colisión","S/D","Faltante","Cordón divisorio","Sin restricción"
2016,8585,11/6/2016,"Domingo",0,13:00:00,,"0.0",2,"Automóvil,Automóvil","Estanislao Zeballos Y San Jeronimo",3,1,0,0,2,0,0,,"Calle",,"SANTA FE","La Capital","Asfalto","No existe","I","Dentro","Urbana","Ninguna","No existe","Intersección","Bueno","Buena","Diurna","Buen Tiempo","Lateral","S/D","Colisión","S/D","Faltante","Cordón divisorio","Sin restricción"
2016,8586,11/10/2016,"Jueves",0,18:00:00,,"0.0",2,"Bicicleta,Pickup/Utilitario","JUAN SENOR Y BV. 25 DE MAYO",2,1,0,0,1,0,0,,"Avenida",,"SAN VICENTE.","Castellanos","Asfalto","Pavimento","V","Dentro","Urbana","Ninguna","No existe","Intersección","Resbaladiza","Reducida","Atardecer","Lluvia","S/D","Ciclista","Atropello","Agua","Faltante","Cordón divisorio","Sin restricción"
2016,8587,11/5/2016,"Sabado",0,20:30:00,,"0.0",1,"Moto/Ciclomotor","Av Pte Peron 3800",4,4,0,0,0,0,0,,"Avenida",,"SANTA FE","La Capital","Asfalto","No existe","I","Dentro","Urbana","Semáforo","Funciona","Recta","Deteriorada","Buena","Nocturna,Con luz artificial","Buen Tiempo","S/D","S/D","Despiste","Ninguna","Vertical","Cordón divisorio","Sin restricción"
2016,8588,11/26/2016,"Sabado",0,17:30:00,,"0.0",2,"Automóvil,Moto/Ciclomotor","Av Blas Parera Y Fray C Rodriguez",2,1,0,0,1,0,0,,"Avenida",,"SANTA FE","La Capital","Asfalto,Hormigón","No existe","I","Dentro","Urbana","Ninguna","No existe","Intersección","Bueno","Buena","Diurna","Buen Tiempo","Lateral","S/D","Colisión","S/D","Faltante","Cordón divisorio","Sin restricción"
2016,8589,11/7/2016,"Lunes",0,21:50:00,,"0.0",2,"Automóvil,Moto/Ciclomotor","Av A del Valle Y Domingo Silva",3,2,0,0,1,0,0,,"Calle",,"SANTA FE","La Capital","Asfalto","No existe","I","Dentro","Urbana","Semáforo","Funciona","Intersección","Bueno","Buena","Nocturna,Con luz artificial","Buen Tiempo","Lateral","S/D","Colisión","Ninguna","Horizontal,Vertical","Cordón divisorio","Sin restricción"
2016,8590,11/14/2016,"Lunes",0,1:00:00,,"0.0",2,"Automóvil,Moto/Ciclomotor","Edison Y A Marini",2,1,0,0,1,0,0,,"Calle",,"RAFAELA","Castellanos","Hormigón","No existe","V","S/D","Urbana","Ninguna","No existe","Intersección","Bueno","Buena","Nocturna","Buen Tiempo","Lateral","S/D","Colisión","Ninguna","Faltante","Ninguna","Sin restricción"
2016,8591,11/5/2016,"Sabado",0,13:10:00,,"0.0",2,"Moto/Ciclomotor,Pickup/Utilitario","Artigas Y Pje Republica",2,1,0,0,1,0,0,,"Calle",,"SANTA FE","La Capital","Asfalto,Tierra","No existe","I","Dentro","Urbana","Ninguna","No existe","Intersección","Con baches","Buena","Diurna","Buen Tiempo","De alcance","S/D","Colisión","Material Suelto,Otro","Faltante","Ninguna","Sin restricción"
2016,8592,11/9/2016,"Miercoles",0,19:20:00,,"0.0",2,"Moto/Ciclomotor,Pickup/Utilitario","Estanislao Zeballos Y San Jeronimo",4,1,0,0,3,0,0,,"Calle",,"SANTA FE","La Capital","Asfalto","No existe","I","Dentro","Urbana","Ninguna","No existe","Intersección","Bueno","Buena","Atardecer","Buen Tiempo","Lateral","S/D","Colisión","S/D","Faltante","Cordón divisorio","Sin restricción"
2016,8593,11/29/2016,"Martes",0,21:45:00,,"0.0",2,"Moto/Ciclomotor,Moto/Ciclomotor","Brasil Y Luciano Molinas",2,1,0,0,1,0,0,,"Calle",,"SANTA FE","La Capital","Asfalto,Hormigón","No existe","I","Dentro","Urbana","S/D","No existe","Intersección","Bueno","Reducida","Nocturna","Buen Tiempo","Lateral","S/D","Colisión","S/D","Faltante","Cordón divisorio","Sin restricción"
2016,8594,11/14/2016,"Lunes",0,14:00:00,,"0.0",2,"Peatón,Camión","Estanislao Zeballos 2900",2,1,0,0,1,0,0,,"Calle",,"SANTA FE","La Capital","Asfalto","No existe","I","Dentro","Urbana","Ninguna","No existe","Recta","Bueno","Buena","Diurna","Buen Tiempo","S/D","Peatón","Atropello","S/D","Faltante","Cordón divisorio","Sin restricción"
2016,8595,11/19/2016,"Sabado",0,14:15:00,,"0.0",2,"Automóvil,Bicicleta","Brasil Y Bolivia",2,0,0,0,0,0,2,,"Calle",,"SANTA FE","La Capital","Asfalto","No existe","I","Dentro","Urbana","Ninguna","No existe","Intersección","Bueno","Buena","Diurna","Buen Tiempo","S/D","Ciclista","Atropello","S/D","Faltante","Cordón divisorio","Sin restricción"
2016,8596,11/9/2016,"Miercoles",0,12:30:00,,"0.0",2,"Moto/Ciclomotor,Automóvil","Domingo Silva Y J Buffa",2,1,0,0,1,0,0,,"Calle",,"RAFAELA","Castellanos","Hormigón","No existe","V","Dentro","Urbana","Ninguna","No existe","Intersección","Bueno","Buena","Diurna","Buen Tiempo","Lateral","S/D","Colisión","Ninguna","Faltante","Ninguna","Sin restricción"
2016,8597,11/14/2016,"Lunes",0,23:25:00,,"0.0",2,"Moto/Ciclomotor,Automóvil","Av Facundo Zuviria Y Cordoba",3,1,0,0,2,0,0,,"Calle",,"SANTA FE","La Capital","Asfalto","No existe","I","Dentro","Urbana","Semáforo","Funciona","Intersección","Bueno","Buena","Nocturna,Con luz artificial","Buen Tiempo","Lateral","S/D","Colisión","S/D","Vertical","Cordón divisorio","Sin restricción"
2016,8598,11/30/2016,"Miercoles",0,10:00:00,,"0.0",2,"Automóvil,Moto/Ciclomotor","Gdor Freyre Y Cristo Obrero",2,1,0,0,1,0,0,,"Calle",,"SANTA FE","La Capital","Asfalto","No existe","I","Dentro","Urbana","Semáforo","No existe","Intersección","Bueno","Buena","Diurna","Buen Tiempo","Lateral","S/D","Colisión","S/D","Horizontal,Vertical","S/D","Sin restricción"
2016,8599,11/19/2016,"Sabado",0,15:30:00,,"0.0",2,"Automóvil,Moto/Ciclomotor","Av Pte Peron Y Domingo Silva",2,0,0,0,0,0,2,,"Calle",,"SANTA FE","La Capital","Asfalto","No existe","I","Dentro","Urbana","Otra Señal","No existe","Intersección","Bueno","Buena","Diurna","Buen Tiempo","Lateral","S/D","Colisión","S/D","Faltante","Cordón divisorio,Vegetación","Sin restricción"
2016,8600,11/7/2016,"Lunes",0,9:30:00,,"0.0",2,"Moto/Ciclomotor,Automóvil","Simon Bolivar Y P Avanthay",3,2,0,0,1,0,0,,"Calle",,"RAFAELA","Castellanos","Asfalto","Pavimento","V","Dentro","Urbana","Ninguna","No existe","Intersección","Bueno","Buena","Diurna","Buen Tiempo","Lateral","S/D","Colisión","S/D","Faltante","Cordón divisorio","Sin restricción"
2016,8601,11/5/2016,"Sabado",0,,,"0.0",2,"Automóvil,Moto/Ciclomotor","Gdor Freyre Y Quintana",2,1,0,0,1,0,0,,"Calle",,"SANTA FE","La Capital","Asfalto,Hormigón","No existe","I","Dentro","Urbana","Ninguna","No existe","Intersección","Bueno","S/D","S/D","Buen Tiempo","Lateral","S/D","Colisión","S/D","Faltante","Cordón divisorio","Sin restricción"
2016,8602,11/2/2016,"Miercoles",0,13:30:00,,"0.0",2,"Moto/Ciclomotor,Otros","San Lorenzo 4100",2,0,0,0,0,0,2,,"Calle",,"SANTA FE","La Capital","Asfalto","No existe","I","Dentro","Urbana","Ninguna","No existe","Recta","Bueno","Buena","Diurna","Buen Tiempo","Lateral","S/D","Colisión","S/D","Faltante","Cordón divisorio","Sin restricción"
2016,8603,11/15/2016,"Martes",0,6:30:00,,"0.0",2,"Moto/Ciclomotor,Transporte de Pasajeros Urbano (> 8 asientos)","Av A del Valle Y Estanislao Zeballos",2,1,0,0,1,0,0,,"Calle",,"SANTA FE","La Capital","Asfalto","No existe","I","Dentro","Urbana","Ninguna","Funciona","Intersección","Bueno","Buena","Diurna","Buen Tiempo","Lateral","S/D","Colisión","S/D","Vertical","Cordón divisorio","Sin restricción"
2016,8604,11/15/2016,"Martes",0,7:05:00,,"0.0",2,"Automóvil,Moto/Ciclomotor","Av Facundo Zuviria Y Pedro Centeno",2,1,0,0,1,0,0,,"Calle",,"SANTA FE","La Capital","Asfalto","No existe","I","Dentro","Urbana","Ninguna","Funciona","Intersección","Bueno","Buena","Diurna","Buen Tiempo","De alcance","S/D","Colisión","S/D","Vertical","Cordón divisorio","Sin restricción"
2016,8605,11/8/2016,"Martes",0,13:00:00,,"0.0",2,"Automóvil,Bicicleta","Av Pte Peron Y Padre Catena",2,0,1,0,1,0,0,,"Avenida",,"SANTA FE","La Capital","Asfalto","No existe","I","Dentro","Urbana","S/D","No existe","Intersección","Con baches","Buena","Diurna","Buen Tiempo","S/D","Ciclista","Atropello","S/D","Faltante","Cordón divisorio","Sin restricción"
2016,8606,11/11/2016,"Viernes",0,18:30:00,,"0.0",2,"Peatón,Moto/Ciclomotor","Av Dr E Salva Y 3 de Febrero",2,2,0,0,0,0,0,,"Avenida",,"RAFAELA","Castellanos","Hormigón","No existe","V","S/D","S/D","Ninguna","No existe","Intersección","Bueno","Buena","Diurna","Buen Tiempo","Lateral","S/D","Colisión","Otro","S/D","Cordón divisorio","Sin restricción"
2016,8607,11/2/2016,"Miercoles",0,15:45:00,,"0.0",1,"Otros","Av Lopez y Planes Y Colombia",1,0,0,0,0,0,1,,"Calle",,"SANTA FE","La Capital","Asfalto","No existe","I","Dentro","Urbana","Semáforo","Funciona","Intersección","Bueno","Buena","Diurna","Buen Tiempo","S/D","S/D","Caída ocupante","S/D","Horizontal,Vertical","Cordón divisorio","Sin restricción"
2016,8608,11/15/2016,"Martes",0,,,"0.0",2,"Automóvil,Automóvil","Av Urquiza 4400",4,1,0,0,3,0,0,,"Calle",,"SANTA FE","La Capital","Asfalto","No existe","I","Dentro","Urbana","Ninguna","No existe","Recta","Bueno","Buena","Diurna","Buen Tiempo","De alcance","S/D","Colisión","S/D","Faltante","Cordón divisorio","Sin restricción"
2016,8609,11/1/2016,"Martes",0,15:20:00,,"0.0",2,"Pickup/Utilitario,Moto/Ciclomotor","Av Lopez y Planes Y Peru",3,0,0,0,1,0,2,,"Avenida",,"SANTA FE","La Capital","Asfalto","No existe","I","Dentro","Urbana","Semáforo","Funciona","Intersección","Bueno","Buena","Diurna","Buen Tiempo","Lateral","S/D","Colisión","S/D","Horizontal,Vertical","Cordón divisorio","Sin restricción"
2016,8610,11/14/2016,"Lunes",0,16:00:00,,"0.0",2,"Moto/Ciclomotor,Moto/Ciclomotor","Sarmiento Y Leandro N Alem",2,1,0,0,1,0,0,,"Calle",,"SUNCHALES","Castellanos","Asfalto","No existe","V","Dentro","Urbana","Ninguna","No existe","Intersección","Bueno","Buena","Atardecer","Buen Tiempo","De alcance","S/D","Colisión","S/D","Faltante","Ninguna","Sin restricción"
2016,8611,11/8/2016,"Martes",0,18:30:00,,"0.0",2,"Pickup/Utilitario,Moto/Ciclomotor","Iturraspe Y Av Urquiza",2,1,0,0,1,0,0,,"Avenida",,"SANTA FE","La Capital","Asfalto","No existe","I","Dentro","Urbana","S/D","No existe","Intersección","Con baches","Reducida","Atardecer","Buen Tiempo","Lateral","S/D","Colisión","S/D","Faltante","Cordón divisorio","Sin restricción"
2016,8612,11/3/2016,"Jueves",0,13:30:00,,"0.0",2,"Automóvil,Moto/Ciclomotor","Gdor Freyre ",3,0,0,0,0,0,3,,"Calle",,"SANTA FE","La Capital","Asfalto","No existe","I","Dentro","Urbana","Otra Señal","No existe","Intersección","Bueno","Buena","Diurna","Buen Tiempo","Lateral","S/D","Colisión","S/D","Faltante","Cordón divisorio","Sin restricción"
2016,8613,11/14/2016,"Lunes",0,19:30:00,,"0.0",2,"Moto/Ciclomotor,Automóvil","Av Rivadavia ",2,0,1,0,1,0,0,,"Calle",,"SUNCHALES","Castellanos","Asfalto","No existe","V","Dentro","Urbana","Ninguna","No existe","Recta","Bueno","Buena","Diurna","Buen Tiempo","Lateral","S/D","Colisión","S/D","Faltante","Ninguna","Sin restricción"
2016,8614,11/10/2016,"Jueves",0,8:00:00,,"0.0",2,"Automóvil,Moto/Ciclomotor","Av Blas Parera 5800",2,1,0,0,1,0,0,,"Avenida",,"SANTA FE","La Capital","Asfalto","No existe","I","Dentro","Urbana","Semáforo","Funciona","Recta","Bueno","Buena","Diurna","Buen Tiempo","Lateral","S/D","Colisión","S/D","Horizontal,Vertical","S/D","Sin restricción"
2016,8615,11/21/2016,"Lunes",0,17:40:00,,"0.0",2,"Moto/Ciclomotor,Automóvil","F Ameghino Y Dentesano",2,1,0,0,1,0,0,,"Calle",,"SUNCHALES","Castellanos","Asfalto","No existe","V","Dentro","Urbana","Ninguna","No existe","Intersección","Bueno","Buena","Diurna","Buen Tiempo","Lateral","S/D","Colisión","S/D","S/D","Cordón divisorio","Sin restricción"
2016,8616,11/3/2016,"Jueves",0,16:15:00,,"0.0",2,"Automóvil,Peatón","Pje Esteban Echeverria 4700",2,0,0,0,0,0,2,,"Calle",,"SANTA FE","La Capital","Asfalto","No existe","I","Dentro","Urbana","Ninguna","No existe","Recta","Bueno","Buena","Diurna","Buen Tiempo","S/D","Peatón","Atropello","S/D","Faltante","Cordón divisorio","Sin restricción"
2016,8617,11/11/2016,"Viernes",0,21:50:00,,"0.0",1,"Moto/Ciclomotor","Juan Del Campillo 3000",1,1,0,0,0,0,0,,"Calle",,"SANTA FE","La Capital","Asfalto","No existe","I","Dentro","Urbana","Ninguna","No existe","Recta","Bueno","Reducida","Nocturna","Buen Tiempo","Contra objeto fijo","S/D","Colisión","S/D","Faltante","Cordón divisorio","Sin restricción"
2016,8618,11/16/2016,"Miercoles",0,14:00:00,,"0.0",2,"Automóvil,Bicicleta","Iturraspe Y Av Urquiza",2,1,0,0,1,0,0,,"Avenida",,"SANTA FE","La Capital","Asfalto","No existe","I","Dentro","Urbana","Ninguna","No existe","Intersección","Bueno","Buena","Diurna","Buen Tiempo","S/D","Ciclista","Atropello","S/D","S/D","Cordón divisorio","Sin restricción"
2016,8619,11/6/2016,"Domingo",0,13:30:00,,"0.0",2,"Pickup/Utilitario,Moto/Ciclomotor","Av Blas Parera Y J M Zuviria",3,0,0,0,0,0,3,,"Calle",,"SANTA FE","La Capital","Asfalto,Hormigón","No existe","I","Dentro","Urbana","Semáforo","Funciona","Intersección","Bueno","Buena","Diurna","Buen Tiempo","Lateral","S/D","Colisión","S/D","Horizontal","Cordón divisorio","Sin restricción"
2016,8620,11/23/2016,"Miercoles",0,22:00:00,,"0.0",2,"Automóvil,Moto/Ciclomotor","Bv San Martin 1000",2,1,0,0,1,0,0,,"Calle",,"HUMBERTO 1°","Castellanos","Asfalto","S/D","V","Dentro","Urbana","Ninguna","No existe","Recta","Bueno","Buena","Nocturna","Buen Tiempo","S/D","S/D","Colisión","S/D","S/D","Ninguna","Sin restricción"
2016,8621,11/17/2016,"Jueves",0,18:30:00,,"0.0",2,"Automóvil,Moto/Ciclomotor","Av Lopez y Planes Y Pedro Diaz Colodrero",2,1,0,0,1,0,0,,"Avenida",,"SANTA FE","La Capital","Asfalto","No existe","I","Dentro","Urbana","Semáforo","Funciona","Intersección","Bueno","Buena","Atardecer","Buen Tiempo","Lateral","S/D","Colisión","S/D","Horizontal,Vertical","Cordón divisorio","S/D"
2016,8622,11/6/2016,"Domingo",0,19:30:00,,"0.0",2,"Automóvil,Moto/Ciclomotor","Peru Y Colombia",3,0,0,0,0,0,3,,"Calle",,"SANTA FE","La Capital","Asfalto,Hormigón","No existe","I","Dentro","Urbana","Ninguna","No existe","Intersección","Bueno","Reducida","Atardecer","Buen Tiempo","Lateral","S/D","Colisión","S/D","Faltante","Cordón divisorio","Sin restricción"
2016,8623,11/17/2016,"Jueves",0,18:30:00,,"0.0",2,"Automóvil,Moto/Ciclomotor","Av Pte Peron Y Luciano Molinas",2,1,0,0,1,0,0,,"Avenida",,"SANTA FE","La Capital","Asfalto","No existe","I","Dentro","Urbana","S/D","No existe","Intersección","Bueno","Buena","Atardecer","Buen Tiempo","Lateral","S/D","Colisión","S/D","S/D","Cordón divisorio","Sin restricción"
2016,8624,11/27/2016,"Domingo",0,17:30:00,,"0.0",2,"Automóvil,Bicicleta","Av. Circunvalacion Y Camino de los Granaderos",2,1,0,0,1,0,0,,"Avenida",,"ROSARIO","Rosario","Asfalto","Natural","II","Dentro","Urbana","Semáforo","Funciona","Intersección","Bueno","Buena","Diurna","Buen Tiempo","S/D","Ciclista","Atropello","S/D","Vertical","Cordón divisorio","Sin restricción"
2016,8625,11/26/2016,"Sabado",0,8:00:00,,"0.0",2,"Automóvil,Automóvil","J.M.de Rosas 2700",5,4,0,0,1,0,0,,"Calle",,"ROSARIO","Rosario","Asfalto","No existe","II","Dentro","Urbana","S/D","No existe","Recta","S/D","Buena","Diurna","Buen Tiempo","Lateral","S/D","Colisión","S/D","S/D","Ninguna","Sin restricción"
2016,8626,11/16/2016,"Miercoles",0,14:00:00,,"0.0",2,"Automóvil,Moto/Ciclomotor","Av. Circunvalacion ",3,2,0,0,1,0,0,,"Avenida",,"ROSARIO","Rosario","Asfalto","No existe","II","Dentro","Urbana","Ninguna","No existe","Curva","Bueno","Buena","Diurna","Buen Tiempo","Lateral","S/D","Colisión","Ninguna","Faltante","Ninguna","Sin restricción"
2016,8627,12/12/2016,"Lunes",0,21:45:00,,"0.0",2,"Moto/Ciclomotor,Automóvil","Bv Santa Fe Y Salta",3,2,0,0,1,0,0,,"Avenida",,"RAFAELA","Castellanos","Asfalto","S/D","V","Dentro","Urbana","Ninguna","No existe","Intersección","Bueno","Buena","Nocturna","Buen Tiempo","Lateral","S/D","Colisión","Ninguna","Faltante","Cordón divisorio","Sin restricción"
2016,8628,12/15/2016,"Jueves",0,19:00:00,,"0.0",2,"Moto/Ciclomotor,Automóvil","Bv H Irigoyen Y Belgrano",2,1,0,0,1,0,0,,"Avenida",,"RAFAELA","Castellanos","S/D","No existe","V","Dentro","Urbana","S/D","No existe","Recta","Bueno","Buena","Atardecer","Buen Tiempo","De alcance","S/D","Colisión","Ninguna","S/D","S/D","Sin restricción"
2016,8629,12/3/2016,"Sabado",0,15:45:00,,"0.0",2,"Automóvil,Moto/Ciclomotor","Av Brasil Y Lavalle",2,1,0,0,1,0,0,,"Avenida",,"RAFAELA","Castellanos","Asfalto","No existe","V","Dentro","Urbana","Ninguna","No existe","Recta","Bueno","Buena","Diurna","Buen Tiempo","Lateral","S/D","Colisión","S/D","S/D","Línea divisoria pintada","Sin restricción"
2016,8630,12/11/2016,"Domingo",0,12:00:00,"Ruta Nacional 34","0.0",2,"Automóvil,Moto/Ciclomotor","Gabriel Maggi ",5,2,2,0,1,0,0,,"Ruta",34,"RAFAELA","Castellanos","Asfalto","No existe","V","Dentro","Urbana","Semáforo","Funciona","Intersección","Bueno","Buena","Diurna","Buen Tiempo","Lateral","S/D","Colisión","Ninguna","Horizontal,Vertical","Cordón divisorio","Sin restricción"
2016,8631,12/12/2016,"Lunes",0,9:35:00,,"0.0",2,"Moto/Ciclomotor,Automóvil","Formosa Y Primera Junta",3,1,1,0,1,0,0,,"Calle",,"ATALIVA","Castellanos","Tierra","No existe","V","Dentro","Urbana","Ninguna","No existe","Intersección","Bueno","Reducida p/ objetos","Diurna","Buen Tiempo","Lateral","S/D","Colisión","S/D","Faltante","Ninguna","Sin restricción"
2016,8632,12/19/2016,"Lunes",0,9:35:00,,"0.0",2,"Moto/Ciclomotor,Bicicleta","Bv San Martin Y Santiago del Estero",2,0,1,0,1,0,0,,"Avenida",,"HUMBERTO 1°","Castellanos","S/D","No existe","V","Dentro","Urbana","Ninguna","No existe","Intersección","S/D","Buena","Diurna","Buen Tiempo","S/D","Ciclista","Atropello","S/D","S/D","Cordón divisorio","Sin restricción"
2016,8633,12/23/2016,"Viernes",0,18:14:00,"Autovía Nacional 19","0.0",1,"Automóvil"," ",1,1,0,0,0,0,0,,"Autovía",19,"ESTACIÓN CLUCELLAS","Castellanos","Hormigón","Pavimento","V","Dentro","Urbana","Ninguna","No existe","Curva","Bueno","Buena","Diurna","Buen Tiempo","S/D","S/D","Despiste","Ninguna","Horizontal,Vertical","Guardarrail","Sin restricción"
2016,8634,12/30/2016,"Viernes",0,,"Ruta Nacional 9","343.0",2,"Camión c / Acoplado,Camión c / Acoplado"," ",2,1,0,0,1,0,0,,"Ruta",9,"SAN JERÓNIMO SUR","San Lorenzo","Asfalto","Ripio","XVII","S/D","Rural","Ninguna","No existe","Recta","Bueno","Buena","Nocturna","Buen Tiempo","Frontal","S/D","Colisión","Ninguna","Faltante","Ninguna","Sin restricción"
2016,8635,12/14/2016,"Miercoles",0,14:00:00,,"0.0",2,"Pickup/Utilitario,Moto/Ciclomotor","Lucia Miranda Y Italia",2,0,1,0,1,0,0,,"Calle",,"TIMBÚES","San Lorenzo","Asfalto","S/D","XVII","Dentro","Urbana","Ninguna","No existe","Intersección","Bueno","Buena","Diurna","Buen Tiempo","Lateral","S/D","Colisión","Ninguna","Horizontal","Ninguna","Sin restricción"
2016,8636,12/18/2016,"Domingo",0,21:35:00,"Ruta Nacional 11","0.0",2,"Camión c / Acoplado,Automóvil","C V Andrade ",2,1,0,0,1,0,0,,"Ruta",11,"TIMBÚES","San Lorenzo","Asfalto","Natural","XVII","S/D","Rural","Policía de tránsito","No existe","Recta","Otro","Reducida","Nocturna","Buen Tiempo","De alcance","S/D","Colisión","Ninguna","Vertical","Línea divisoria pintada","Obra en Construcción"
2016,8637,12/22/2016,"Jueves",0,17:25:00,,"0.0",1,"Moto/Ciclomotor","9 de Julio Y Juan B Justo",1,1,0,0,0,0,0,,"Calle",,"PUJATO","San Lorenzo","Hormigón","S/D","XVII","Dentro","Urbana","Ninguna","No existe","Recta","Bueno","Buena","Diurna","Buen Tiempo","Contra objeto fijo","S/D","Colisión","Ninguna","Faltante","Ninguna","Sin restricción"
2016,8638,12/17/2016,"Sabado",0,20:45:00,"Ruta Nacional 11","576.0",1,"Moto/Ciclomotor"," ",1,1,0,0,0,0,0,,"Ruta",11,"RAMAYÓN","San Justo","Asfalto","Natural","XVI","Dentro","Urbana","Ninguna","No existe","Recta","Bueno","Buena","Nocturna","Buen Tiempo","S/D","S/D","Caída ocupante","Ninguna","Horizontal","Ninguna","Sin restricción"
2016,8639,12/11/2016,"Domingo",0,8:40:00,"Ruta Nacional 11","418.0",2,"Automóvil,Moto/Ciclomotor"," ",3,0,1,0,2,0,0,,"Ruta",11,"CORONDA","San Jerónimo","Asfalto","Ripio","XV","Dentro","Urbana","Ninguna","No existe","Recta","Bueno","Buena","Diurna","Buen Tiempo","S/D","S/D","Colisión","S/D","S/D","Ninguna","Sin restricción"
2016,8640,12/13/2016,"Martes",0,3:00:00,"Ruta Provincial 6","0.0",1,"Automóvil"," ",1,0,1,0,0,0,0,,"Ruta",6,"GESSLER","San Jerónimo","Asfalto","Natural","XV","Fuera","Urbana","Ninguna","No existe","Curva","Resbaladiza","Reducida","Nocturna","Lluvia","Contra objeto fijo","S/D","Colisión,Despiste","Agua","Vertical","Línea divisoria pintada","Sin restricción"
2016,8641,12/24/2016,"Sabado",0,9:25:00,"Autopista Provincial Brigadier E.López","86.0",2,"Pickup/Utilitario,Automóvil"," ",3,2,0,0,1,0,0,,"Autopista","Brigadier E.López","SAN FABIÁN","San Jerónimo","Asfalto","Natural","XV","Dentro","Rural","Ninguna","No existe","Recta","Bueno","Buena","Diurna","Buen Tiempo","De alcance","S/D","Colisión","S/D","Horizontal","Vegetación","Sin restricción"
2016,8642,12/18/2016,"Domingo",0,5:55:00,"Ruta Nacional 11","409.0",1,"Automóvil"," ",2,2,0,0,0,0,0,,"Ruta",11,"AROCENA","San Jerónimo","Asfalto","Natural","XV","Dentro","Urbana","Ninguna","No existe","Intersección","Bueno","Buena","Diurna","Buen Tiempo","S/D","S/D","Incendio,Vuelco","Ninguna","Faltante","Línea divisoria pintada","Sin restricción"