"anio_acci","nro_acci","fecha","desc_dia","fecha_aprox","hora_aprox","desc_ruta","km","cant_participantes","desc_participante","calle_avenida_km","total","heridos_leves","heridos_graves","heridos_gravisimos","ilesos","fallecidos","sin_datos","posicion_XY","desc_tipo_via","desc_ruta_ori","desc_loc","desc_dpto","desc_tipo_calzada","desc_tipo_banquina","desc_unidad_regional","desc_lugar_calzada","desc_zona","desc_prioridad","desc_estado_semaforo","desc_lugar_via","desc_estado_via","desc_estado_visibilidad","desc_luminosidad","desc_estado_clima","desc_tipo_colision","desc_tipo_atropello","desc_tipo_hecho","desc_pres_calzada","desc_senializacion","desc_separacion_via","desc_restriccion"
2016,8643,12/9/2016,"Viernes",0,23:30:00,"Ruta Provincial 65","0.0",2,"Automóvil,Moto/Ciclomotor"," ",2,1,0,0,1,0,0,,"Ruta",65,"SAN GENARO","San Jerónimo","Asfalto","Natural","XV","Dentro","Urbana","Ninguna","No existe","Recta","Bueno","Reducida","Nocturna","Buen Tiempo","Lateral","S/D","Colisión","Ninguna","S/D","Ninguna","Sin restricción"
2016,8644,12/29/2016,"Jueves",0,13:15:00,,"0.0",2,"Automóvil,Moto/Ciclomotor","25 de Mayo Y Guemes",2,1,0,0,1,0,0,,"Calle",,"CORONDA","San Jerónimo","Asfalto","No existe","XV","Dentro","Urbana","Ninguna","No existe","Intersección","Bueno","Buena","Diurna","Buen Tiempo","Lateral","S/D","Colisión","Ninguna","Vertical","Ninguna","Sin restricción"
2016,8645,12/22/2016,"Jueves",0,9:40:00,,"0.0",2,"Automóvil,Moto/Ciclomotor","Primera Junta Y Suipacha",2,1,0,0,1,0,0,,"Calle",,"GÁLVEZ","San Jerónimo","Asfalto","No existe","XV","Dentro","Urbana","Ninguna","No existe","Intersección","Bueno","Buena","Diurna","Buen Tiempo","Lateral","S/D","Colisión","Ninguna","Faltante","Ninguna","Sin restricción"
2016,8646,11/15/2016,"Martes",0,11:30:00,"Ruta Provincial 1","12.0",2,"Moto/Ciclomotor,Moto/Ciclomotor","Calle 140 - V Schmild ",3,0,1,0,2,0,0,,"Ruta",1,"SANTA FE","La Capital","S/D","No existe","I","Dentro","Urbana","Ninguna","No existe","Recta","Bueno","Buena","Diurna","Buen Tiempo","De alcance","S/D","Colisión","S/D","Faltante","Ninguna","Sin restricción"
2016,8647,12/7/2016,"Miercoles",0,18:05:00,,"0.0",2,"Bicicleta,Automóvil","San Martin Y C de Carcaraña",2,1,0,0,1,0,0,,"Calle",,"GÁLVEZ","San Jerónimo","Asfalto","No existe","XV","Dentro","Urbana","Ninguna","No existe","Intersección","Bueno","Buena","Atardecer","Buen Tiempo","S/D","Ciclista","Atropello","Ninguna","S/D","Barrera de hormigón","Sin restricción"
2016,8648,12/17/2016,"Sabado",0,15:00:00,,"0.0",1,"Automóvil"," ",4,4,0,0,0,0,0,,"S/D",,"AROCENA","San Jerónimo","Asfalto","Natural","XV","S/D","S/D","Marca Vial","No existe","Recta","Bueno","Buena","Diurna","Buen Tiempo","S/D","S/D","Vuelco","Ninguna","Horizontal","Vegetación","Sin restricción"
2016,8649,11/1/2016,"Martes",1,,,"0.0",2,"Automóvil,Moto/Ciclomotor"," ",2,0,1,0,1,0,0,,"Calle",,"SANTA FE","La Capital","S/D","S/D","I","S/D","Urbana","S/D","S/D","S/D","S/D","S/D","S/D","S/D","S/D","S/D","Colisión","S/D","S/D","S/D","S/D"
2016,8650,12/25/2016,"Domingo",0,22:15:00,"Ruta Secundaria 50-s","0.0",1,"Automóvil"," ",1,1,0,0,0,0,0,,"Ruta","50-s","SAN EUGENIO","San Jerónimo","Tierra","Natural","XV","S/D","Rural","Ninguna","No existe","Recta","Con baches","Reducida","Nocturna","Buen Tiempo","S/D","S/D","Vuelco","Agua","Faltante","Ninguna","Sin restricción"
2016,8651,11/1/2016,"Martes",1,,,"0.0",2,"Pickup/Utilitario,Moto/Ciclomotor"," ",2,1,0,0,1,0,0,,"S/D",,"SANTA FE","La Capital","S/D","S/D","I","S/D","Urbana","S/D","S/D","S/D","S/D","S/D","S/D","S/D","S/D","S/D","Colisión","S/D","S/D","S/D","S/D"
2016,8652,12/25/2016,"Domingo",0,21:05:00,"Ruta Nacional 11","0.0",2,"Moto/Ciclomotor,Automóvil"," ",2,1,0,0,1,0,0,,"Ruta",11,"PUERTO SAN MARTÍN","San Lorenzo","Asfalto","Natural","XVII","S/D","Rural","Ninguna","S/D","Intersección","Bueno","Buena","Nocturna","Otro","Lateral","S/D","Colisión","Ninguna","Horizontal","Ninguna","Sin restricción"
2016,8653,12/8/2016,"Jueves",0,9:15:00,,"0.0",2,"Moto/Ciclomotor,Automóvil","Capitan Bermudez Y Bme Mitre",2,1,0,0,1,0,0,,"Avenida",,"GÁLVEZ","San Jerónimo","Asfalto","No existe","XV","Dentro","Urbana","Ninguna","No existe","Intersección","Bueno","Buena","Diurna","Buen Tiempo","S/D","S/D","Colisión","Ninguna","S/D","Barrera de hormigón","Sin restricción"
2016,8654,11/5/2016,"Sabado",0,23:30:00,,"0.0",2,"Automóvil,Moto/Ciclomotor","Mendoza Y Guemes",4,0,2,0,2,0,0,,"Calle",,"HUMBERTO 1°","Castellanos","Asfalto","Pavimento","V","Dentro","Urbana","Ninguna","No existe","Intersección","Bueno","Buena","Nocturna","Buen Tiempo","Lateral","S/D","Colisión","S/D","S/D","Cordón divisorio","Sin restricción"
2016,8655,12/20/2016,"Martes",0,13:05:00,,"0.0",2,"Moto/Ciclomotor,Pickup/Utilitario","Belgrano Y Jujuy",3,2,0,0,1,0,0,,"Calle",,"PUERTO SAN MARTÍN","San Lorenzo","Asfalto","No existe","XVII","Dentro","Urbana","Ninguna","No existe","Intersección","Bueno","Buena","Diurna","Buen Tiempo","Lateral","S/D","Colisión","Ninguna","Horizontal","Ninguna","Sin restricción"
2016,8656,12/7/2016,"Miercoles",0,14:05:00,"Ruta Nacional 11","366.0",2,"Automóvil,Automóvil"," ",3,1,0,0,2,0,0,,"Ruta",11,"MACIEL","San Jerónimo","Asfalto","Ripio","XV","Dentro","Urbana","Ninguna","No existe","Recta","Bueno","Buena","Diurna","Buen Tiempo","De alcance","S/D","Colisión","Ninguna","Vertical","Ninguna","Sin restricción"
2016,8657,11/30/2016,"Miercoles",0,16:05:00,,"0.0",2,"Moto/Ciclomotor,Automóvil","Saavedra ",3,1,0,0,2,0,0,,"Calle",,"VILLA CONSTITUCIÓN","Constitución","Asfalto","Pavimento","VI","Dentro","Urbana","Ninguna","No existe","Intersección","Bueno","Buena","Diurna","Buen Tiempo","De alcance","S/D","Colisión","S/D","Vertical","Ninguna","Sin restricción"
2016,8658,12/16/2016,"Viernes",0,22:00:00,"Ruta Nacional 11","0.0",2,"Bicicleta,Automóvil","Ruta Nac 11 Y Cordoba",2,1,0,0,1,0,0,,"Ruta",11,"PUERTO SAN MARTÍN","San Lorenzo","Asfalto","Natural","XVII","S/D","Rural","Ninguna","No existe","Intersección","Deteriorada","Buena","Nocturna","Buen Tiempo","S/D","S/D","Atropello","Ninguna","Horizontal","Ninguna","Sin restricción"
2016,8659,12/27/2016,"Martes",0,22:00:00,,"0.0",2,"Automóvil,Moto/Ciclomotor","La Rioja 780",2,0,1,0,1,0,0,,"Calle",,"MACIEL","San Jerónimo","Hormigón","No existe","XV","Dentro","Urbana","Ninguna","No existe","Recta","Bueno","Buena","Nocturna,Con luz artificial","Buen Tiempo","Lateral","S/D","Colisión","Ninguna","Faltante","Ninguna","Sin restricción"
2016,8660,12/14/2016,"Miercoles",0,4:50:00,"Ruta Nacional 11","0.0",2,"Moto/Ciclomotor,Automóvil","Ruta Nac 11 Y America",2,0,1,0,1,0,0,,"Ruta",11,"PUERTO SAN MARTÍN","San Lorenzo","Asfalto","Natural","XVII","Dentro","Rural","Ninguna","No existe","Intersección","Ahuellamiento","Reducida","Amanecer","S/D","Lateral","S/D","Colisión","Ninguna","Horizontal","Ninguna","Sin restricción"
2016,8661,11/15/2016,"Martes",0,12:35:00,,"0.0",2,"Automóvil,Moto/Ciclomotor","Padre Genesio Y Alberdi",3,1,0,0,2,0,0,,"Calle",,"SANTA FE","La Capital","Asfalto","No existe","I","Dentro","Urbana","Ninguna","No existe","Intersección","Bueno","Buena","Diurna","Buen Tiempo","S/D","S/D","Colisión","Ninguna","Faltante","Ninguna","Sin restricción"
2016,8662,12/12/2016,"Lunes",0,17:30:00,,"0.0",2,"Moto/Ciclomotor,Camión c / Acoplado","Heroes de Malvinas Y Antartida Argentina",3,2,0,0,1,0,0,,"Calle",,"PUERTO SAN MARTÍN","San Lorenzo","Asfalto","Natural","XVII","Dentro","Rural","Ninguna","No existe","Intersección","Deteriorada","Buena","Diurna","Buen Tiempo","S/D","S/D","Colisión","Ninguna","Horizontal","Ninguna","Sin restricción"
2016,8663,12/20/2016,"Martes",0,9:40:00,,"0.0",2,"Automóvil,Peatón","Av Paganini 773",2,1,0,0,1,0,0,,"Calle",,"BARRANCAS","San Jerónimo","Asfalto","Pavimento","XIV","Dentro","Urbana","Ninguna","No existe","Recta","Bueno","Buena","Diurna","Buen Tiempo","S/D","Peatón","Atropello","Ninguna","S/D","Ninguna","Sin restricción"
2016,8664,11/11/2016,"Viernes",0,22:00:00,,"0.0",2,"Pickup/Utilitario,Moto/Ciclomotor","Bv San Martin 500",2,1,0,0,1,0,0,,"Calle",,"HUMBERTO 1°","Castellanos","Asfalto","Pavimento","V","Dentro","Urbana","Ninguna","No existe","Recta","Bueno","Buena","Nocturna","Buen Tiempo","Lateral","S/D","Colisión","S/D","Faltante","Cordón divisorio","Sin restricción"
2016,8665,12/3/2016,"Sabado",0,5:15:00,,"0.0",2,"Moto/Ciclomotor,Automóvil","Av Paganini Y Las Heras",3,2,0,0,1,0,0,,"Calle",,"BARRANCAS","San Jerónimo","Asfalto","Pavimento","XV","Dentro","Urbana","Ninguna","No existe","Recta","Bueno","Buena","Nocturna","Buen Tiempo","De alcance","S/D","Colisión","Ninguna","S/D","Ninguna","Sin restricción"
2016,8666,11/11/2016,"Viernes",0,19:00:00,,"0.0",2,"Pickup/Utilitario,Moto/Ciclomotor","Aristobulo del Valle Y Las Heras",2,1,0,0,1,0,0,,"Calle",,"BARRANCAS","San Jerónimo","Asfalto","S/D","XV","Dentro","Urbana","Ninguna","No existe","Intersección","Bueno","Buena","Atardecer","Buen Tiempo","Lateral","S/D","Colisión","S/D","Faltante","S/D","Sin restricción"
2016,8667,12/8/2016,"Jueves",0,11:30:00,,"0.0",2,"Moto/Ciclomotor,Camión Chasis","Santiago del Estero Y Neuquen",2,1,0,0,1,0,0,,"Calle",,"PUERTO SAN MARTÍN","San Lorenzo","Asfalto","No existe","XVII","Dentro","Urbana","Ninguna","No existe","Intersección","Bueno","Buena","Diurna","Buen Tiempo","Lateral","S/D","Colisión","Ninguna","Horizontal","Ninguna","Sin restricción"
2016,8668,11/30/2016,"Miercoles",0,12:30:00,"Ruta Nacional 11","552.0",2,"Camión Chasis,Camión c / Acoplado"," ",2,1,0,0,1,0,0,,"Ruta",11,"ANGELONI","San Justo","Asfalto","Natural","XVI","Dentro","Rural","Ninguna","No existe","Recta","Bueno","Buena","Diurna","Buen Tiempo","Lateral","S/D","Colisión","S/D","S/D","Ninguna","Sin restricción"
2016,8669,12/4/2016,"Domingo",0,5:50:00,"Ruta Nacional 11","0.0",1,"Pickup/Utilitario"," ",1,1,0,0,0,0,0,,"Ruta",11,"PUERTO SAN MARTÍN","San Lorenzo","Asfalto","Natural","XVII","S/D","Urbana","Ninguna","No existe","Recta","Deteriorada","Buena","Amanecer","S/D","Contra objeto fijo","S/D","Colisión","Ninguna","Horizontal","Ninguna","S/D"
2016,8670,12/17/2016,"Sabado",0,21:35:00,,"0.0",2,"Automóvil,Moto/Ciclomotor","Aconcagua 1051",2,1,0,0,1,0,0,,"Calle",,"RAFAELA","Castellanos","Ripio","No existe","V","S/D","Urbana","Ninguna","Funciona","Recta","Bueno","Buena","Nocturna","Buen Tiempo","Frontal","S/D","Colisión","Ninguna","Faltante","Ninguna","Sin restricción"
2016,8671,11/12/2016,"Sabado",0,19:35:00,"Ruta Nacional 34","0.0",2,"Automóvil,Pickup/Utilitario","Cno Limite de Municipio ",2,2,0,0,0,0,0,,"Ruta",34,"ROSARIO","Rosario","Asfalto","Natural","II","Dentro","Urbana","Ninguna","No existe","Recta","Bueno","Buena","Atardecer","Buen Tiempo","De alcance","S/D","Colisión","S/D","Horizontal","Ninguna","Sin restricción"
2016,8673,12/5/2016,"Lunes",0,2:30:00,,"0.0",2,"Automóvil,Moto/Ciclomotor","Av San Martin Y Gral Paz",2,1,0,0,1,0,0,,"S/D",,"FRAY LUIS BELTRÁN","San Lorenzo","Asfalto","Ripio","XVII","Dentro","Urbana","Ninguna","No existe","Intersección","Bueno","Buena","Nocturna","Buen Tiempo","Lateral","S/D","Colisión","Ninguna","Faltante","Ninguna","Sin restricción"
2016,8674,11/2/2016,"Miercoles",0,13:10:00,,"0.0",2,"Automóvil,Otros","Juan Diaz de Solis Y Uruguay",2,1,0,0,1,0,0,,"Calle",,"SANTA FE","La Capital","Asfalto","No existe","I","Dentro","Urbana","Ninguna","No existe","Intersección","Bueno","Buena","Diurna","Buen Tiempo","Lateral","S/D","Colisión","S/D","Faltante","Ninguna","Sin restricción"
2016,8675,11/20/2016,"Domingo",0,18:00:00,,"0.0",2,"Automóvil,Moto/Ciclomotor","Entre Rios 3800",3,1,0,0,2,0,0,,"Calle",,"SANTA FE","La Capital","Asfalto","No existe","I","Dentro","Urbana","Ninguna","No existe","Intersección","Bueno","Buena","Atardecer","Buen Tiempo","Lateral","S/D","Colisión","S/D","Faltante","Ninguna","Sin restricción"
2016,8676,12/24/2016,"Sabado",0,,,"0.0",2,"Automóvil,Automóvil","Laprida Y Falucho",4,0,0,0,0,0,4,,"Calle",,"CAPITÁN BERMÚDEZ","San Lorenzo","Asfalto","S/D","XVII","S/D","Urbana","S/D","S/D","Intersección","Bueno","S/D","S/D","S/D","S/D","S/D","S/D","S/D","S/D","S/D","S/D"
2016,8677,11/24/2016,"Jueves",0,12:10:00,,"0.0",2,"Automóvil,Taxi/Remis","AV CIRCUNVALACION ALTURA AUTOMOVIL CLUB ",3,2,0,0,1,0,0,,"Calle",,"SANTA FE","La Capital","Asfalto","Natural","I","Dentro","Urbana","Ninguna","No existe","S/D","Bueno","Buena","Diurna","Buen Tiempo","Lateral","S/D","Colisión","S/D","Faltante","Guardarrail","Sin restricción"
2016,8678,12/14/2016,"Miercoles",0,,,"0.0",2,"Automóvil,Moto/Ciclomotor","Av San Lorenzo Y L Lugones",2,0,0,0,0,0,2,,"Avenida",,"CAPITÁN BERMÚDEZ","San Lorenzo","Asfalto","S/D","XVII","S/D","Urbana","S/D","S/D","Intersección","Bueno","S/D","S/D","S/D","S/D","S/D","S/D","S/D","S/D","S/D","S/D"
2016,8679,11/14/2016,"Lunes",0,20:00:00,,"0.0",2,"Automóvil,Peatón","Nicolas Rodriguez Peña 500",2,1,0,0,1,0,0,,"Calle",,"SANTA FE","La Capital","Asfalto","Pavimento","I","Dentro","Urbana","S/D","No existe","Recta","Bueno","Buena","Atardecer","S/D","S/D","Peatón","Atropello","S/D","Faltante","Ninguna","S/D"
2016,8680,11/19/2016,"Sabado",0,,,"0.0",2,"Automóvil,Moto/Ciclomotor","J M Zuviria Y Bolivar",2,1,0,0,1,0,0,,"Calle",,"SANTA FE","La Capital","Asfalto","Pavimento","I","Dentro","Urbana","S/D","No existe","Intersección","Bueno","S/D","S/D","S/D","Frontal","S/D","Colisión","S/D","Faltante","S/D","S/D"
2016,8681,12/13/2016,"Martes",0,,,"0.0",2,"Taxi/Remis,Automóvil","Colon ",3,0,0,0,0,0,3,,"Calle",,"CAPITÁN BERMÚDEZ","San Lorenzo","Asfalto","S/D","XVII","Dentro","Urbana","S/D","S/D","Intersección","Bueno","S/D","S/D","S/D","S/D","S/D","S/D","S/D","S/D","S/D","S/D"
2016,8682,11/3/2016,"Jueves",0,11:00:00,,"0.0",2,"Automóvil,Bicicleta","3 de Febrero Y San Lorenzo",2,1,0,0,1,0,0,,"Calle",,"SANTA FE","La Capital","Asfalto","No existe","I","Dentro","Urbana","Ninguna","No existe","Intersección","Con baches","Buena","Diurna","Buen Tiempo","S/D","Ciclista","Atropello","S/D","Faltante","Ninguna","Sin restricción"
2016,8683,12/21/2016,"Miercoles",0,,,"0.0",2,"Automóvil,Automóvil","Porvenir Y Falucho",2,0,0,0,0,0,2,,"S/D",,"CAPITÁN BERMÚDEZ","San Lorenzo","Asfalto","S/D","XVII","S/D","S/D","S/D","S/D","Intersección","Bueno","S/D","S/D","S/D","S/D","S/D","S/D","S/D","S/D","S/D","S/D"
2016,8684,11/4/2016,"Viernes",0,13:00:00,,"0.0",2,"Automóvil,Automóvil","J J Paso Y Francia",2,0,1,0,1,0,0,,"Calle",,"SANTA FE","La Capital","Asfalto","No existe","I","Dentro","Urbana","Ninguna","No existe","Intersección","S/D","Buena","Diurna","Buen Tiempo","Lateral","S/D","Colisión","S/D","Faltante","Ninguna","S/D"
2016,8685,12/22/2016,"Jueves",0,17:05:00,,"0.0",2,"Automóvil,Moto/Ciclomotor","Ayacucho Y F Lorenzatti",2,1,0,0,1,0,0,,"Calle",,"RAFAELA","Castellanos","Asfalto","No existe","V","S/D","Urbana","Ninguna","No existe","Intersección","Bueno","S/D","Diurna","S/D","Frontal","S/D","Colisión","Ninguna","Faltante","S/D","Sin restricción"
2016,8686,12/12/2016,"Lunes",0,,,"0.0",2,"Automóvil,Bicicleta","Colon 100",2,0,0,0,1,0,1,,"Calle",,"CAPITÁN BERMÚDEZ","San Lorenzo","Asfalto","S/D","XVII","Dentro","Urbana","S/D","S/D","Recta","Bueno","S/D","S/D","S/D","S/D","Ciclista","Atropello","S/D","S/D","S/D","S/D"
2016,8687,11/5/2016,"Sabado",0,,,"0.0",2,"Automóvil,Moto/Ciclomotor","Francia Y Av Gral Lopez",2,1,0,0,1,0,0,,"Calle",,"SANTA FE","La Capital","Asfalto","No existe","I","Dentro","Urbana","Ninguna","No existe","Intersección","Con baches","Buena","Diurna","Buen Tiempo","De alcance","S/D","Colisión","Ninguna","Faltante","Ninguna","Sin restricción"
2016,8688,12/31/2016,"Sabado",0,,,"0.0",2,"Automóvil,Otros","Falucho Y Porvenir",2,0,0,0,0,0,2,,"S/D",,"CAPITÁN BERMÚDEZ","San Lorenzo","Asfalto","S/D","XVII","S/D","S/D","S/D","S/D","Intersección","Bueno","S/D","S/D","S/D","S/D","S/D","S/D","S/D","S/D","S/D","S/D"
2016,8689,12/5/2016,"Lunes",0,22:00:00,"Ruta Nacional 19","0.0",2,"Moto/Ciclomotor,Automóvil","C Bolliger ",3,1,0,0,2,0,0,,"Ruta",19,"RAFAELA","Castellanos","Asfalto","S/D","V","S/D","Urbana","Semáforo","No existe","Intersección","Bueno","Buena","Nocturna,Con luz artificial","S/D","Lateral","S/D","Colisión","S/D","Horizontal","S/D","Sin restricción"
2016,8690,11/6/2016,"Domingo",0,1:15:00,,"0.0",2,"Moto/Ciclomotor,Pickup/Utilitario","Av Freyre Y Corrientes",2,1,0,0,1,0,0,,"Calle",,"SANTA FE","La Capital","Asfalto","No existe","I","Dentro","Urbana","Ninguna","No existe","Intersección","Con baches","Buena","Diurna","Buen Tiempo","De alcance","S/D","Colisión","S/D","Faltante","Ninguna","Sin restricción"
2016,8691,11/6/2016,"Domingo",0,4:00:00,,"0.0",2,"Automóvil,Automóvil","J J Paso Y Dr Zavalla",3,2,0,0,1,0,0,,"Calle",,"SANTA FE","La Capital","Asfalto","No existe","I","Dentro","Urbana","Ninguna","No existe","Intersección","Con baches","Buena","Amanecer","Buen Tiempo","De alcance","S/D","Colisión","S/D","Faltante","Ninguna","Sin restricción"
2016,8692,12/31/2016,"Sabado",0,10:20:00,,"0.0",2,"Automóvil,Moto/Ciclomotor","Rivadavia Y Tte. roca",2,0,0,0,1,0,1,,"Calle",,"SAN LORENZO","San Lorenzo","S/D","S/D","XVII","S/D","Urbana","S/D","S/D","S/D","S/D","S/D","Diurna","S/D","S/D","S/D","S/D","S/D","S/D","S/D","S/D"
2016,8693,12/14/2016,"Miercoles",0,11:00:00,,"0.0",2,"Moto/Ciclomotor,Bicicleta","CALLE 1 Y CALLE 84",2,1,0,0,1,0,0,,"Calle",,"FRONTERA","Castellanos","Asfalto","S/D","V","S/D","Urbana","S/D","S/D","Intersección","Bueno","Buena","Diurna","Buen Tiempo","S/D","Ciclista","Atropello","S/D","S/D","S/D","S/D"
2016,8694,11/7/2016,"Lunes",0,13:00:00,,"0.0",2,"Automóvil,Moto/Ciclomotor","Francia Y J J Paso",2,1,0,0,1,0,0,,"Calle",,"SANTA FE","La Capital","Asfalto","No existe","I","Dentro","Urbana","Ninguna","No existe","Intersección","Con baches","Buena","Diurna","Buen Tiempo","Lateral","S/D","Colisión","S/D","Faltante","Ninguna","Sin restricción"
2016,8695,12/30/2016,"Viernes",0,14:55:00,,"0.0",2,"Moto/Ciclomotor,Automóvil","Alvarez Thomas Y Ruta Nac 11",2,0,0,0,1,0,1,,"Calle",,"SAN LORENZO","San Lorenzo","S/D","S/D","XVII","S/D","Urbana","S/D","S/D","S/D","S/D","S/D","Diurna","S/D","S/D","S/D","S/D","S/D","S/D","S/D","S/D"
2016,8696,11/8/2016,"Martes",0,17:30:00,,"0.0",2,"Automóvil,Moto/Ciclomotor","Av Freyre Y Moreno",2,1,0,0,1,0,0,,"Calle",,"SANTA FE","La Capital","Asfalto","No existe","I","Dentro","Urbana","Ninguna","No existe","Intersección","Con baches","Buena","Diurna","Buen Tiempo","Lateral","S/D","Colisión","S/D","Faltante","Ninguna","Sin restricción"
2016,8697,12/15/2016,"Jueves",0,,,"0.0",2,"Pickup/Utilitario,Bicicleta","Calle 94 Y Calle 11",2,1,0,0,1,0,0,,"Calle",,"FRONTERA","Castellanos","Asfalto","S/D","V","S/D","Urbana","S/D","S/D","Intersección","Bueno","S/D","S/D","S/D","S/D","Ciclista","Atropello","S/D","S/D","S/D","S/D"
2016,8698,12/23/2016,"Viernes",0,,,"0.0",2,"Moto/Ciclomotor,Automóvil","Congreso Y Av San Martin",4,0,0,0,0,0,4,,"S/D",,"SAN LORENZO","San Lorenzo","S/D","S/D","XVII","S/D","S/D","S/D","S/D","S/D","S/D","S/D","S/D","S/D","S/D","S/D","S/D","S/D","S/D","S/D","S/D"
2016,8699,11/8/2016,"Martes",0,19:10:00,,"0.0",2,"Otros,Otros","Av Gral Lopez Y Saavedra",2,1,0,0,1,0,0,,"Calle",,"SANTA FE","La Capital","Asfalto","No existe","I","Dentro","Urbana","Ninguna","No existe","Intersección","Bueno","Buena","Atardecer","Buen Tiempo","Lateral","S/D","Colisión","S/D","Faltante","Ninguna","Sin restricción"
2016,8700,11/9/2016,"Miercoles",0,10:00:00,,"0.0",2,"Automóvil,Pickup/Utilitario","Av Gral Lopez Y Dr Zavalla",3,2,0,0,1,0,0,,"Calle",,"SANTA FE","La Capital","Asfalto","No existe","I","Dentro","Urbana","Ninguna","No existe","Intersección","Deteriorada","Buena","Diurna","Buen Tiempo","Lateral","S/D","Colisión","Ninguna","Faltante","Ninguna","Sin restricción"
2016,8701,12/23/2016,"Viernes",0,18:50:00,,"0.0",2,"Automóvil,Otros","CALLE 1 Y CALLE 74",3,1,0,0,2,0,0,,"Calle",,"FRONTERA","Castellanos","Asfalto","S/D","V","S/D","Urbana","S/D","S/D","Intersección","Bueno","Buena","Diurna","S/D","Lateral","S/D","Colisión","S/D","S/D","S/D","S/D"
2016,8702,12/20/2016,"Martes",0,16:10:00,,"0.0",2,"Moto/Ciclomotor,Automóvil","Dorrego Y 9 de Julio",3,0,0,0,0,0,3,,"Calle",,"SAN LORENZO","San Lorenzo","S/D","S/D","XVII","S/D","Urbana","S/D","S/D","Otro","S/D","S/D","Diurna","S/D","S/D","S/D","S/D","S/D","S/D","S/D","S/D"
2016,8703,10/11/2016,"Martes",0,9:20:00,"Ruta Nacional 11","0.0",2,"Automóvil,Pickup/Utilitario"," ",3,2,0,0,1,0,0,,"Ruta",11,"SANTA FE","La Capital","Asfalto","Pavimento","I","Dentro","Urbana","Ninguna","No existe","Recta","Con baches","Buena","Diurna","Buen Tiempo","De alcance","S/D","Colisión","S/D","Faltante","Ninguna","Sin restricción"
2016,8704,12/3/2016,"Sabado",0,0:30:00,"Ruta Provincial 64","0.0",2,"Automóvil,Moto/Ciclomotor","Av Juan Domingo Peron 2400",2,1,0,0,1,0,0,,"Ruta",64,"CORONDA","San Jerónimo","Asfalto","Natural","XV","S/D","Urbana","Ninguna","No existe","Recta","Bueno","Reducida","Nocturna","Buen Tiempo","De alcance","S/D","Colisión","Ninguna","Faltante","Ninguna","Sin restricción"
2016,8705,12/17/2016,"Sabado",0,2:25:00,,"0.0",1,"Automóvil","Rivadavia Y Av San Martin",2,0,0,0,0,0,2,,"Calle",,"SAN LORENZO","San Lorenzo","S/D","S/D","XVII","S/D","Urbana","S/D","S/D","S/D","S/D","S/D","S/D","S/D","S/D","S/D","S/D","S/D","S/D","S/D","S/D"
2016,8706,12/1/2016,"Jueves",0,7:10:00,,"0.0",2,"Moto/Ciclomotor,Automóvil","Alberdi Y Italia",2,1,0,0,1,0,0,,"Calle",,"CORONDA","San Jerónimo","Asfalto","No existe","XV","S/D","Urbana","Ninguna","No existe","Intersección","Bueno","Buena","Diurna","Buen Tiempo","De alcance","S/D","Colisión","Ninguna","Faltante","Ninguna","Sin restricción"
2016,8707,12/11/2016,"Domingo",0,21:30:00,,"0.0",2,"Moto/Ciclomotor,Automóvil","Av San Martin Y Granadero Baigorria",3,1,0,0,2,0,0,,"Calle",,"SAN LORENZO","San Lorenzo","Asfalto","No existe","XVII","Dentro","Urbana","S/D","No existe","Intersección","Bueno","Buena","Nocturna","S/D","Lateral","S/D","Colisión","Ninguna","Faltante","Ninguna","S/D"
2016,8708,12/18/2016,"Domingo",0,16:30:00,,"0.0",2,"Automóvil,Moto/Ciclomotor","San Juan Y Luis Braille",3,0,0,0,0,0,3,,"Calle",,"SAN LORENZO","San Lorenzo","S/D","S/D","XVII","S/D","Urbana","S/D","S/D","S/D","S/D","S/D","Diurna","S/D","S/D","S/D","S/D","S/D","S/D","S/D","S/D"
2016,8709,12/14/2016,"Miercoles",0,10:00:00,,"0.0",2,"Moto/Ciclomotor,Automóvil","Urquiza Y San Luis",4,3,0,0,1,0,0,,"Calle",,"ROLDÁN","San Lorenzo","Asfalto","No existe","XVII","Dentro","Urbana","Ninguna","No existe","Intersección","Bueno","Buena","Diurna","Buen Tiempo","Lateral","S/D","Colisión","S/D","Faltante","Ninguna","Sin restricción"
2016,8710,11/4/2016,"Viernes",0,7:20:00,"Autopista Nacional Gral. Juan Jose Valle","249.0",2,"Camión Chasis,Camión c / Semirremolque"," ",3,1,0,0,2,0,0,,"Autopista","Gral. Juan Jose Valle","EMPALME VILLA CONSTITUCIÓN","Constitución","Asfalto","Natural","VI","Dentro","Rural","S/D","No existe","Recta","Ahuellamiento","Buena","Amanecer","Buen Tiempo","De alcance","S/D","Colisión","Ninguna","Horizontal,Vertical","Vegetación","Reparación de Vía"
2016,8711,11/28/2016,"Lunes",0,12:20:00,"Ruta Provincial 18","54.0",2,"Automóvil,Automóvil"," ",3,1,0,0,2,0,0,,"Ruta",18,"SANTA TERESA","Constitución","Asfalto","Pavimento","VI","Dentro","Urbana","Ninguna","No existe","Cruce","Bueno","Buena","Diurna","Buen Tiempo","Lateral","S/D","Colisión","Ninguna","S/D","Línea divisoria pintada","Sin restricción"
2016,8712,11/8/2016,"Martes",0,11:00:00,,"0.0",1,"Transporte de Pasajeros Urbano (> 8 asientos)","Av Blas Parera Y Ayacucho",2,1,0,0,1,0,0,,"Calle",,"SANTA FE","La Capital","Hormigón","Natural","I","Dentro","Urbana","Semáforo","Funciona","Intersección","Con baches","Buena","Diurna","Buen Tiempo","S/D","S/D","Caída ocupante","S/D","Vertical","Cordón divisorio","Sin restricción"