"anio_acci","nro_acci","fecha","desc_dia","fecha_aprox","hora_aprox","desc_ruta","km","cant_participantes","desc_participante","calle_avenida_km","total","heridos_leves","heridos_graves","heridos_gravisimos","ilesos","fallecidos","sin_datos","posicion_XY","desc_tipo_via","desc_ruta_ori","desc_loc","desc_dpto","desc_tipo_calzada","desc_tipo_banquina","desc_unidad_regional","desc_lugar_calzada","desc_zona","desc_prioridad","desc_estado_semaforo","desc_lugar_via","desc_estado_via","desc_estado_visibilidad","desc_luminosidad","desc_estado_clima","desc_tipo_colision","desc_tipo_atropello","desc_tipo_hecho","desc_pres_calzada","desc_senializacion","desc_separacion_via","desc_restriccion"
2016,8713,11/6/2016,"Domingo",0,21:15:00,,"0.0",1,"Moto/Ciclomotor"," ",1,1,0,0,0,0,0,,"Camino Rural",,"PAVÓN ARRIBA","Constitución","Tierra","No existe","VI","Dentro","Urbana","Ninguna","No existe","Recta","Bueno","Reducida polvo","Nocturna","Buen Tiempo","S/D","S/D","Caída ocupante","Ninguna","Faltante","Ninguna","Sin restricción"
2016,8714,11/9/2016,"Miercoles",0,18:30:00,,"0.0",2,"Moto/Ciclomotor,Automóvil","Av Blas Parera Y Alberti",3,2,0,0,1,0,0,,"Calle",,"SANTA FE","La Capital","Hormigón","Pavimento","I","Dentro","Urbana","Ninguna","No existe","Intersección","Bueno","Buena","Atardecer","Buen Tiempo","Lateral","S/D","Colisión","Material Suelto","Vertical","Cordón divisorio","Sin restricción"
2016,8715,11/10/2016,"Jueves",0,18:20:00,,"0.0",2,"Peatón,Automóvil","San Martin Y Mosconi",2,1,0,0,1,0,0,,"Calle",,"VILLA CONSTITUCIÓN","Constitución","Asfalto","S/D","VI","Dentro","Urbana","S/D","S/D","Intersección","S/D","Buena","Diurna","Buen Tiempo","S/D","Peatón","Atropello","S/D","S/D","S/D","S/D"
2016,8716,11/10/2016,"Jueves",0,12:40:00,,"0.0",2,"Bicicleta,Automóvil","S Rubios Y Patricias Argentinas",2,1,0,0,1,0,0,,"Calle",,"VILLA CONSTITUCIÓN","Constitución","Asfalto","No existe","VI","Dentro","Urbana","Ninguna","No existe","Intersección","Bueno","Buena","Diurna","Buen Tiempo","S/D","Ciclista","Atropello","Ninguna","Faltante","Ninguna","Sin restricción"
2016,8717,11/10/2016,"Jueves",0,17:00:00,,"0.0",2,"Moto/Ciclomotor,Automóvil","Av Blas Parera Y J Castelli",2,1,0,0,1,0,0,,"Calle",,"SANTA FE","La Capital","Hormigón","Pavimento","I","Dentro","Urbana","Semáforo","Funciona","Intersección","Bueno","Buena","Diurna","Buen Tiempo","Lateral","S/D","Colisión","S/D","Horizontal,Vertical","Cordón divisorio","Sin restricción"
2016,8718,11/2/2016,"Miercoles",0,12:20:00,,"0.0",2,"Automóvil,Automóvil","S Rubios Y Brasil",2,1,0,0,1,0,0,,"Calle",,"VILLA CONSTITUCIÓN","Constitución","Asfalto","No existe","VI","Dentro","Urbana","Ninguna","No existe","Intersección","Bueno","Buena","Diurna","Buen Tiempo","Lateral","S/D","Colisión","Ninguna","Faltante","Ninguna","Sin restricción"
2016,8719,11/10/2016,"Jueves",0,19:00:00,,"0.0",2,"Moto/Ciclomotor,Pickup/Utilitario","Europa Y Estanislao Zeballos",2,1,0,0,1,0,0,,"Calle",,"SANTA FE","La Capital","Hormigón","S/D","I","Dentro","Urbana","Ninguna","S/D","Intersección","Bueno","Buena","Atardecer,Con luz artificial","Buen Tiempo","Lateral","S/D","Colisión","Agua","Vertical","Ninguna","Sin restricción"
2016,8720,11/5/2016,"Sabado",0,4:55:00,"Ruta Provincial 70","74.0",2,"Automóvil,Automóvil"," ",5,5,0,0,0,0,0,,"Ruta",70,"BELLA ITALIA","Castellanos","Asfalto","Natural","V","Dentro","Urbana","Marca Vial","No existe","Recta","Bueno","Buena","Nocturna","Buen Tiempo","Frontal","S/D","Colisión","Ninguna","Horizontal","Línea divisoria pintada","Sin restricción"
2016,8721,11/11/2016,"Viernes",0,15:20:00,,"0.0",2,"Moto/Ciclomotor,Automóvil","Vieytes Y Alsina",2,1,0,0,1,0,0,,"Calle",,"SANTA FE","La Capital","Hormigón","Natural","I","Dentro","Urbana","Ninguna","No existe","Intersección","Bueno","Buena","Diurna","Buen Tiempo","Lateral","S/D","Colisión","Ninguna","Vertical","Ninguna","Sin restricción"
2016,8722,11/10/2016,"Jueves",0,11:30:00,,"0.0",2,"Automóvil,Bicicleta","R Balbin Y J J Paso",2,0,1,0,1,0,0,,"Calle",,"SUNCHALES","Castellanos","Asfalto","S/D","V","Dentro","Urbana","Ninguna","No existe","Intersección","Bueno","Buena","Diurna","Buen Tiempo","S/D","Ciclista","Atropello","Ninguna","S/D","Ninguna","Sin restricción"
2016,8723,11/22/2016,"Martes",0,16:30:00,,"0.0",2,"Camión c / Acoplado,Pickup/Utilitario"," ",6,4,1,0,1,0,0,,"Camino Rural",,"SUNCHALES","Castellanos","Tierra","Natural","V","Dentro","Rural","Ninguna","No existe","Intersección","Bueno","Reducida polvo","Diurna","Buen Tiempo","Lateral","S/D","Colisión","Ninguna","S/D","S/D","Sin restricción"
2016,8724,10/25/2016,"Martes",0,14:00:00,,"0.0",2,"Automóvil,Automóvil","1ro de Mayo Y Corrientes",3,1,0,0,2,0,0,,"Calle",,"SANTA FE","La Capital","Hormigón","Pavimento","I","Dentro","Urbana","Ninguna","No existe","Intersección","Con baches","Buena","Diurna","Buen Tiempo","Lateral","S/D","Colisión","Ninguna","Vertical","Ninguna","Sin restricción"
2016,8725,11/18/2016,"Viernes",0,7:10:00,,"0.0",2,"Moto/Ciclomotor,Automóvil","Av Blas Parera Y Azcuenaga",2,1,0,0,1,0,0,,"Calle",,"SANTA FE","La Capital","Hormigón","Pavimento","I","Dentro","Urbana","Ninguna","No existe","Intersección","Bueno","Buena","Diurna","Buen Tiempo","Lateral","S/D","Colisión","Ninguna","Horizontal,Vertical","Cordón divisorio","Sin restricción"
2016,8726,11/5/2016,"Sabado",0,,,"0.0",1,"Automóvil","Av Santa Fe Y Av Blas Parera",1,1,0,0,0,0,0,,"Avenida",,"SANTA FE","La Capital","Asfalto","S/D","I","Dentro","Urbana","Ninguna","Intermitente","Intersección","Bueno","Buena","Diurna","Buen Tiempo","Contra objeto fijo","S/D","Colisión","S/D","Horizontal,Vertical","Cordón divisorio","Sin restricción"
2016,8727,11/1/2016,"Martes",0,14:30:00,,"0.0",2,"Moto/Ciclomotor,Peatón","Juan Diaz de Solis Y J P Lopez",2,2,0,0,0,0,0,,"Calle",,"SANTA FE","La Capital","Asfalto","Natural","I","Dentro","Urbana","Ninguna","No existe","Intersección","Con baches","Buena","Diurna","Buen Tiempo","S/D","Peatón","Atropello","Material Suelto","Faltante","Ninguna","Sin restricción"
2016,8728,11/2/2016,"Miercoles",0,8:00:00,,"0.0",2,"Peatón,Automóvil","Espora Y Lamadrid",2,1,0,0,1,0,0,,"Calle",,"SANTA FE","La Capital","Asfalto","Natural","I","Dentro","Urbana","Ninguna","No existe","Intersección","Con baches","Buena","Diurna","Buen Tiempo","S/D","Peatón","Atropello","Material Suelto","Faltante","Ninguna","Sin restricción"
2016,8729,11/4/2016,"Viernes",0,9:20:00,,"0.0",2,"Moto/Ciclomotor,Automóvil","Av Blas Parera 6400",2,1,0,0,1,0,0,,"Avenida",,"SANTA FE","La Capital","Asfalto","Pavimento","I","Dentro","Urbana","Ninguna","No existe","Recta","Bueno","Buena","Diurna","Buen Tiempo","Lateral","S/D","Colisión","S/D","Horizontal,Vertical","Cordón divisorio","Sin restricción"
2016,8730,11/19/2016,"Sabado",0,,,"0.0",2,"Moto/Ciclomotor,Automóvil","Hernandarias Y Castañaduy",2,1,0,0,1,0,0,,"Calle",,"SANTA FE","La Capital","Hormigón","Natural","I","Dentro","Urbana","Ninguna","No existe","Intersección","Con baches","Buena","S/D","Buen Tiempo","Lateral","S/D","Colisión","Agua","Horizontal,Vertical","Ninguna","Sin restricción"
2016,8731,11/23/2016,"Miercoles",0,12:45:00,,"0.0",2,"Automóvil,Camión Chasis","Av Blas Parera Y Gorostiaga",2,1,0,0,1,0,0,,"Calle",,"SANTA FE","La Capital","Hormigón","Pavimento","I","Dentro","Urbana","Señal Ceda el Paso","No existe","Rotonda","Bueno","Buena","Diurna","Buen Tiempo","Lateral","S/D","Colisión","Material Suelto","Horizontal,Vertical","Cordón divisorio","Sin restricción"
2016,8732,11/23/2016,"Miercoles",0,18:30:00,,"0.0",2,"Moto/Ciclomotor,Automóvil","Av Peñaloza Y Pedro de Vega",2,1,0,0,1,0,0,,"Calle",,"SANTA FE","La Capital","Hormigón","S/D","I","Dentro","Urbana","Ninguna","S/D","Intersección","Bueno","Buena","Diurna","Buen Tiempo","Lateral","S/D","Colisión","S/D","Vertical","Cordón divisorio","Sin restricción"
2016,8733,11/25/2016,"Viernes",0,7:00:00,,"0.0",2,"Moto/Ciclomotor,Automóvil","Av Blas Parera Y Pavon",2,1,0,0,1,0,0,,"Calle",,"SANTA FE","La Capital","Hormigón","Pavimento","I","Dentro","Urbana","Ninguna","No existe","Intersección","Bueno","Buena","Diurna","Buen Tiempo","Lateral","S/D","Colisión","Ninguna","Vertical","Cordón divisorio","Sin restricción"
2016,8734,11/25/2016,"Viernes",0,11:00:00,,"0.0",2,"Moto/Ciclomotor,Moto/Ciclomotor","J Castelli Y Castañaduy",2,2,0,0,0,0,0,,"Calle",,"SANTA FE","La Capital","Asfalto","Natural","I","Dentro","Urbana","Ninguna","S/D","Intersección","Con baches","Buena","Diurna","Buen Tiempo","Lateral","S/D","Colisión","Material Suelto","Faltante","Ninguna","Sin restricción"
2016,8735,11/27/2016,"Domingo",0,19:00:00,,"0.0",2,"Moto/Ciclomotor,Automóvil","Boneo Y Sebastian Gaboto",2,1,0,0,1,0,0,,"Calle",,"SANTA FE","La Capital","Asfalto","Natural","I","Dentro","Urbana","Ninguna","No existe","Intersección","Con baches","Buena","Atardecer","Buen Tiempo","Lateral","S/D","Colisión","Material Suelto","Faltante","Ninguna","Sin restricción"
2016,8736,11/27/2016,"Domingo",0,23:00:00,,"0.0",2,"Moto/Ciclomotor,Moto/Ciclomotor","Av Blas Parera Y Estanislao Zeballos",4,4,0,0,0,0,0,,"Calle",,"SANTA FE","La Capital","Hormigón","Pavimento","I","Dentro","Urbana","Ninguna","Intermitente","Intersección","Bueno","Buena","Nocturna,Con luz artificial","Buen Tiempo","Lateral","S/D","Colisión","Ninguna","Horizontal,Vertical","Cordón divisorio","Sin restricción"
2016,8737,11/28/2016,"Lunes",0,10:00:00,,"0.0",2,"Moto/Ciclomotor,Automóvil","Arzeno Y French",3,2,0,0,1,0,0,,"Calle",,"SANTA FE","La Capital","Hormigón","Pavimento","I","Dentro","Urbana","Ninguna","No existe","Intersección","Bueno","Buena","Diurna","Buen Tiempo","Lateral","S/D","Colisión","Agua","Vertical","Ninguna","Sin restricción"
2016,8738,11/29/2016,"Martes",0,9:30:00,,"0.0",2,"Moto/Ciclomotor,Automóvil","French Y Arenales",2,1,0,0,1,0,0,,"Calle",,"SANTA FE","La Capital","Asfalto","Natural","I","Dentro","Urbana","Ninguna","No existe","Intersección","Con baches","Buena","Diurna","Buen Tiempo","Lateral","S/D","Colisión","Material Suelto","Faltante","Ninguna","Sin restricción"
2016,8739,11/3/2016,"Jueves",0,8:45:00,,"0.0",2,"Moto/Ciclomotor,Automóvil","Av A del Valle Y Pavon",2,1,0,0,1,0,0,,"Avenida",,"SANTA FE","La Capital","Asfalto","Pavimento","I","Dentro","Urbana","S/D","No existe","Intersección","Bueno","Buena","Diurna","Buen Tiempo","Lateral","S/D","Colisión","S/D","Faltante","S/D","S/D"
2016,8740,11/5/2016,"Sabado",0,0:55:00,,"0.0",2,"Bicicleta,Pickup/Utilitario","Av Facundo Zuviria Y Azcuenaga",2,1,0,0,1,0,0,,"Avenida",,"SANTA FE","La Capital","Asfalto,Ripio","Natural","I","Dentro","Urbana","S/D","No existe","Intersección","Bueno","Reducida","Nocturna,Con luz artificial","Buen Tiempo","Lateral","S/D","Colisión","S/D","Faltante","Ninguna","S/D"
2016,8741,11/8/2016,"Martes",0,12:50:00,,"0.0",2,"Automóvil,Moto/Ciclomotor","4 de Enero Y Alfonsina Storni",2,1,0,0,1,0,0,,"Calle",,"SANTA FE","La Capital","Asfalto,Tierra","Natural","I","Dentro","Urbana","S/D","No existe","Intersección","Resbaladiza","Buena","Diurna","Buen Tiempo","Lateral","S/D","Colisión","S/D","Faltante","S/D","S/D"
2016,8742,11/10/2016,"Jueves",0,8:20:00,,"0.0",2,"Moto/Ciclomotor,Bicicleta","Av Facundo Zuviria Y Larrea",2,1,0,0,1,0,0,,"Avenida",,"SANTA FE","La Capital","Asfalto,Tierra","Pavimento","I","Dentro","Urbana","Ninguna","No existe","Intersección","Bueno","Buena","Diurna","Buen Tiempo","S/D","Ciclista","Atropello","S/D","Faltante","S/D","S/D"
2016,8743,11/12/2016,"Sabado",0,17:00:00,,"0.0",1,"Moto/Ciclomotor","1ro de Mayo Y Gorriti",2,1,0,0,1,0,0,,"Avenida",,"SANTA FE","La Capital","Asfalto","Pavimento","I","Dentro","Urbana","S/D","No existe","Intersección","Bueno","Buena","Diurna","Buen Tiempo","S/D","S/D","Caída ocupante","S/D","Faltante","S/D","S/D"
2016,8744,11/19/2016,"Sabado",0,3:00:00,,"0.0",2,"Automóvil,Moto/Ciclomotor","Av A del Valle Y Risso",2,1,0,0,1,0,0,,"Avenida",,"SANTA FE","La Capital","Asfalto","Pavimento","I","Dentro","Urbana","S/D","No existe","Intersección","Bueno","Buena","Nocturna,Con luz artificial","Buen Tiempo","Lateral","S/D","Colisión","S/D","Faltante","S/D","S/D"
2016,8745,11/19/2016,"Sabado",0,14:15:00,,"0.0",2,"Automóvil,Bicicleta","Gorriti Y Av Peñaloza",2,1,0,0,1,0,0,,"Avenida",,"SANTA FE","La Capital","Asfalto","Pavimento","I","Dentro","Urbana","Ninguna","Funciona","Intersección","Bueno","Buena","Diurna","Buen Tiempo","S/D","Ciclista","Atropello","S/D","Vertical","S/D","Sin restricción"
2016,8746,7/28/2016,"Jueves",0,1:00:00,,"0.0",1,"Moto/Ciclomotor","San Lorenzo Y San Martin",1,0,0,0,0,1,0,"-32.475444444444,-61.577388888889","Calle",,"LAS ROSAS","Belgrano","S/D","S/D","III","Dentro","Urbana","S/D","S/D","Intersección","S/D","S/D","Nocturna","S/D","S/D","S/D","S/D","S/D","S/D","S/D","S/D"
2016,8747,9/8/2016,"Jueves",0,10:00:00,"Ruta Nacional A008","0.0",1,"Pickup/Utilitario","Av. Circunvalacion Y Bv. Avellaneda",1,0,0,0,0,1,0,"-33.000055555556,-60.689388888889","Ruta","A008","ROSARIO","Rosario","S/D","S/D","II","Dentro","Urbana","S/D","S/D","Intersección","S/D","S/D","Diurna","S/D","S/D","S/D","S/D","S/D","S/D","S/D","S/D"
2016,8748,9/3/2016,"Sabado",0,21:15:00,"Ruta Nacional A008","0.0",1,"Automóvil","Av. Circunvalacion Y Bv. Oroño",1,0,0,0,0,1,0,"-33.009331287766,-60.664527575309","Ruta","A008","ROSARIO","Rosario","S/D","S/D","II","Dentro","S/D","S/D","S/D","Intersección","S/D","S/D","Nocturna","S/D","S/D","S/D","S/D","S/D","S/D","S/D","S/D"
2016,8749,9/3/2016,"Sabado",0,7:00:00,"Ruta Nacional 11","888.5",1,"Otros"," ",2,0,0,0,1,1,0,"-28.384748, -59.268525","Ruta",11,"SAN ANTONIO DE OBLIGADO","General Obligado","S/D","S/D","IX","Dentro","Urbana","S/D","S/D","Recta","S/D","S/D","S/D","S/D","S/D","S/D","S/D","S/D","S/D","S/D","S/D"
2016,8751,11/4/2016,"Viernes",0,21:30:00,,"0.0",2,"Automóvil,Pickup/Utilitario","Av Blas Parera Y Azcuenaga",4,2,0,0,2,0,0,,"Avenida",,"SANTA FE","La Capital","Asfalto","Pavimento","I","Dentro","Urbana","Ninguna","No existe","Intersección","Bueno","Buena","Nocturna,Con luz artificial","Buen Tiempo","Lateral","S/D","Colisión","Ninguna","Horizontal,Vertical","Cordón divisorio","Sin restricción"
2016,8752,11/5/2016,"Sabado",0,11:40:00,,"0.0",2,"Moto/Ciclomotor,Automóvil","Risso Y Sebastian Gaboto",2,1,0,0,1,0,0,,"Calle",,"SANTA FE","La Capital","Asfalto","Natural","I","Dentro","Urbana","Ninguna","No existe","Intersección","Con baches","Buena","Diurna","Buen Tiempo","Lateral","S/D","Colisión","Ninguna","Faltante","Ninguna","Sin restricción"
2016,8753,11/28/2016,"Lunes",0,17:00:00,,"0.0",2,"Automóvil,Moto/Ciclomotor","Av Facundo Zuviria Y Matheu",2,1,0,0,1,0,0,,"Avenida",,"SANTA FE","La Capital","Asfalto,Tierra","Pavimento","I","Dentro","Urbana","S/D","No existe","Intersección","Bueno","Buena","Diurna","Buen Tiempo","Lateral","S/D","Colisión","S/D","Faltante","S/D","S/D"
2016,8754,11/6/2016,"Domingo",0,0:20:00,,"0.0",3,"Pickup/Utilitario,Pickup/Utilitario,Automóvil","Estanislao Zeballos Y Estrada",5,0,3,0,2,0,0,,"Calle",,"SANTA FE","La Capital","Hormigón","Pavimento","I","Dentro","Urbana","Ninguna","No existe","Intersección","Bueno","Buena","Nocturna,Con luz artificial","Buen Tiempo","Lateral","S/D","Colisión","Agua","Horizontal,Vertical","Ninguna","Sin restricción"
2016,8755,11/7/2016,"Lunes",0,10:00:00,,"0.0",2,"Automóvil,Moto/Ciclomotor","Av Blas Parera Y Millan Medina",2,1,0,0,1,0,0,,"Avenida",,"SANTA FE","La Capital","Hormigón","Pavimento","I","Dentro","Urbana","Semáforo","Funciona","Intersección","Bueno","Buena","Diurna","Buen Tiempo","Lateral","S/D","Colisión","Material Suelto","Horizontal","Cordón divisorio","Sin restricción"
2016,8756,11/14/2016,"Lunes",0,17:50:00,,"0.0",2,"Pickup/Utilitario,Moto/Ciclomotor","Av A del Valle Y Pavon",2,1,0,0,1,0,0,,"Avenida",,"SANTA FE","La Capital","Asfalto","No existe","I","Dentro","Urbana","Ninguna","No existe","Intersección","Bueno","Buena","Diurna","Buen Tiempo","Lateral","S/D","Colisión","Ninguna","Faltante","Ninguna","Sin restricción"
2016,8757,11/14/2016,"Lunes",0,13:45:00,,"0.0",2,"Moto/Ciclomotor,Automóvil","Belgrano Y Larrea",2,1,0,0,1,0,0,,"Calle",,"SANTA FE","La Capital","Asfalto","No existe","I","Dentro","Urbana","Ninguna","No existe","Intersección","S/D","Buena","Diurna","Buen Tiempo","Lateral","S/D","Colisión","Ninguna","Faltante","Ninguna","Sin restricción"
2016,8758,11/12/2016,"Sabado",0,10:55:00,,"0.0",2,"Automóvil,Moto/Ciclomotor","Av Galicia Y Rivadavia",2,1,0,0,1,0,0,,"Avenida",,"SANTA FE","La Capital","Asfalto","No existe","I","Dentro","Urbana","Ninguna","No existe","Intersección","Bueno","Buena","Diurna","Buen Tiempo","Lateral","S/D","Colisión","Ninguna","Faltante","Ninguna","Sin restricción"
2016,8759,11/11/2016,"Viernes",0,10:20:00,,"0.0",2,"Automóvil,Moto/Ciclomotor","Av A del Valle Y Espora",2,1,0,0,1,0,0,,"Avenida",,"SANTA FE","La Capital","Asfalto","No existe","I","Dentro","Urbana","Ninguna","No existe","Intersección","Bueno","Buena","Diurna","Buen Tiempo","Lateral","S/D","Colisión","Ninguna","Faltante","Ninguna","Sin restricción"
2016,8760,11/9/2016,"Miercoles",0,19:35:00,,"0.0",2,"Pickup/Utilitario,Moto/Ciclomotor","Alberdi Y Alberti",2,1,0,0,1,0,0,,"Calle",,"SANTA FE","La Capital","Asfalto","No existe","I","Dentro","Urbana","Ninguna","No existe","Intersección","Bueno","Buena","Atardecer","Buen Tiempo","Lateral","S/D","Colisión","Ninguna","Faltante","Ninguna","Sin restricción"
2016,8761,11/8/2016,"Martes",0,18:25:00,,"0.0",2,"Bicicleta,Automóvil","Risso Y Belgrano",2,1,0,0,1,0,0,,"Calle",,"SANTA FE","La Capital","Asfalto","No existe","I","Dentro","Urbana","Ninguna","No existe","Intersección","Bueno","Buena","Atardecer","Buen Tiempo","S/D","Ciclista","Atropello","Ninguna","Faltante","Ninguna","Sin restricción"
2016,8762,11/6/2016,"Domingo",0,23:50:00,,"0.0",2,"Automóvil,Moto/Ciclomotor","Av A del Valle Y Alberti",3,2,0,0,1,0,0,,"Avenida",,"SANTA FE","La Capital","Asfalto","No existe","I","Dentro","Urbana","Ninguna","No existe","Recta","Bueno","Buena","Nocturna","Buen Tiempo","Lateral","S/D","Colisión","Ninguna","Faltante","Ninguna","Sin restricción"
2016,8763,11/6/2016,"Domingo",0,22:10:00,,"0.0",2,"Automóvil,Moto/Ciclomotor","Risso Y Mitre",3,2,0,0,1,0,0,,"Calle",,"SANTA FE","La Capital","Asfalto","No existe","I","Dentro","Urbana","Ninguna","No existe","Intersección","Bueno","Buena","Nocturna","Buen Tiempo","Lateral","S/D","Colisión","Ninguna","Faltante","Ninguna","Sin restricción"
2016,8764,11/5/2016,"Sabado",0,1:10:00,,"0.0",2,"Moto/Ciclomotor,Automóvil","Av Gral Paz Y Estanislao Zeballos",2,1,0,0,1,0,0,,"Avenida",,"SANTA FE","La Capital","Asfalto","No existe","I","Dentro","Urbana","Ninguna","Funciona","Intersección","Bueno","Buena","Nocturna","Buen Tiempo","Lateral","S/D","Colisión","Ninguna","Vertical","Ninguna","S/D"
2016,8765,11/4/2016,"Viernes",0,21:30:00,,"0.0",2,"Automóvil,Moto/Ciclomotor","Av Galicia Y Alberdi",2,1,0,0,1,0,0,,"Avenida",,"SANTA FE","La Capital","Asfalto","No existe","I","Dentro","Urbana","Ninguna","No existe","Intersección","Bueno","Buena","Nocturna","Buen Tiempo","Lateral","S/D","Colisión","Ninguna","Faltante","Ninguna","Sin restricción"
2016,8766,11/11/2016,"Viernes",0,6:40:00,,"0.0",2,"Moto/Ciclomotor,Camión","Rivadavia Y French",2,1,0,0,1,0,0,,"Calle",,"SANTA FE","La Capital","Asfalto","No existe","I","Dentro","Urbana","Ninguna","No existe","Intersección","Bueno","Buena","Amanecer","S/D","Lateral","S/D","Colisión","Ninguna","Vertical","Ninguna","Sin restricción"
2016,8768,11/25/2016,"Viernes",0,6:10:00,,"0.0",2,"Moto/Ciclomotor,Pickup/Utilitario","Av A del Valle Y Los Nogales",2,1,0,0,1,0,0,,"Calle",,"SANTA FE","La Capital","Asfalto","No existe","I","Dentro","Urbana","Ninguna","No existe","Intersección","Con baches","Buena","Amanecer","Buen Tiempo","Lateral","S/D","Colisión","Ninguna","Vertical","Ninguna","Sin restricción"
2016,8769,11/26/2016,"Sabado",0,17:10:00,,"0.0",2,"Moto/Ciclomotor,Automóvil","Los Nogales 2500",2,1,0,0,1,0,0,,"Calle",,"SANTA FE","La Capital","Asfalto","No existe","I","Dentro","Urbana","Ninguna","No existe","Recta","Con baches","Buena","Diurna","S/D","De alcance","S/D","Colisión","S/D","Faltante","Ninguna","Sin restricción"
2016,8770,11/1/2016,"Martes",0,20:15:00,"Ruta Nacional 9","317.0",1,"Moto/Ciclomotor"," ",1,1,0,0,0,0,0,,"Ruta",9,"FUNES","Rosario","Asfalto","Ripio","II","Dentro","Urbana","Ninguna","No existe","Recta","Bueno","Buena","Nocturna","Buen Tiempo","S/D","S/D","Caída ocupante","S/D","Horizontal","Ninguna","Sin restricción"
2016,8771,11/5/2016,"Sabado",0,16:00:00,,"0.0",1,"Otros","Av Fuerza Aerea 3500",3,2,0,0,1,0,0,,"Calle",,"FUNES","Rosario","Asfalto","Natural","II","Dentro","Urbana","Ninguna","No existe","Recta","Con baches","Buena","Diurna","Buen Tiempo","S/D","S/D","Vuelco","S/D","Faltante","Cordón divisorio","Sin restricción"
2016,8772,11/5/2016,"Sabado",0,14:30:00,,"0.0",2,"Otros,Otros","Av Fuerza Aerea Y Galindo",2,1,0,0,1,0,0,,"Calle",,"FUNES","Rosario","Hormigón","No existe","II","Dentro","Urbana","Señal Pare","No existe","Intersección","Bueno","Buena","Diurna","Buen Tiempo","S/D","Ciclista","Atropello","S/D","Vertical","Cordón divisorio","Sin restricción"
2016,8773,11/8/2016,"Martes",0,21:20:00,,"0.0",2,"Automóvil,Automóvil","Elorza Y Tomas de la Torre",2,1,0,0,1,0,0,,"Calle",,"FUNES","Rosario","Hormigón","No existe","II","Dentro","Urbana","S/D","No existe","Intersección","Bueno","Buena","Nocturna,Con luz artificial","S/D","S/D","S/D","Colisión","S/D","Vertical","Ninguna","Sin restricción"
2016,8774,11/6/2016,"Domingo",0,19:00:00,"Ruta Nacional 9","0.0",2,"Automóvil,Moto/Ciclomotor","Cochet ",2,1,0,0,1,0,0,,"Ruta",9,"FUNES","Rosario","Asfalto","Pavimento","II","Dentro","Urbana","Ninguna","No existe","Intersección","Bueno","Buena","Atardecer","Buen Tiempo","Lateral","S/D","Colisión","S/D","Vertical","Línea divisoria pintada","Sin restricción"
2016,8775,11/1/2016,"Martes",1,,,"0.0",2,"Automóvil,Camión c / Acoplado"," ",2,1,0,0,1,0,0,,"S/D",,"FUNES","Rosario","S/D","S/D","II","S/D","S/D","S/D","S/D","S/D","S/D","S/D","S/D","S/D","S/D","S/D","Colisión","S/D","S/D","S/D","S/D"
2016,8776,11/14/2016,"Lunes",0,17:30:00,,"0.0",2,"Automóvil,Moto/Ciclomotor","Av. Uriburu Y Sarmiento",2,1,0,0,1,0,0,,"Calle",,"ROSARIO","Rosario","Asfalto","No existe","II","Dentro","Urbana","Ninguna","No existe","Intersección","Bueno","Buena","Diurna","Buen Tiempo","Lateral","S/D","Colisión","S/D","Faltante","Ninguna","Sin restricción"
2016,8777,11/5/2016,"Sabado",0,22:10:00,,"0.0",2,"Automóvil,Moto/Ciclomotor","J.J.Paso Y Magallanes",2,1,1,0,0,0,0,,"Calle",,"ROSARIO","Rosario","Asfalto","No existe","II","Dentro","Urbana","Ninguna","No existe","Recta","Bueno","Buena","Nocturna","Buen Tiempo","S/D","S/D","Colisión","S/D","Faltante","Cordón divisorio","Sin restricción"
2016,8778,11/7/2016,"Lunes",0,14:45:00,,"0.0",2,"Automóvil,Automóvil","Av. Provincias Unidas 900",3,1,0,0,2,0,0,,"Calle",,"ROSARIO","Rosario","Asfalto","No existe","II","Dentro","Urbana","Ninguna","No existe","Intersección","Bueno","Buena","Diurna","Buen Tiempo","S/D","S/D","Colisión","S/D","Faltante","Cordón divisorio","Sin restricción"
2016,8779,11/4/2016,"Viernes",0,16:25:00,,"0.0",2,"Automóvil,Moto/Ciclomotor","Mitre Y Ayacucho",2,1,0,0,1,0,0,,"Calle",,"SANTA FE","La Capital","Asfalto","No existe","I","Dentro","Urbana","S/D","No existe","Intersección","Bueno","Buena","Diurna","Buen Tiempo","Lateral","S/D","Colisión","Ninguna","Faltante","Ninguna","S/D"