"anio_acci","nro_acci","fecha","desc_dia","fecha_aprox","hora_aprox","desc_ruta","km","cant_participantes","desc_participante","calle_avenida_km","total","heridos_leves","heridos_graves","heridos_gravisimos","ilesos","fallecidos","sin_datos","posicion_XY","desc_tipo_via","desc_ruta_ori","desc_loc","desc_dpto","desc_tipo_calzada","desc_tipo_banquina","desc_unidad_regional","desc_lugar_calzada","desc_zona","desc_prioridad","desc_estado_semaforo","desc_lugar_via","desc_estado_via","desc_estado_visibilidad","desc_luminosidad","desc_estado_clima","desc_tipo_colision","desc_tipo_atropello","desc_tipo_hecho","desc_pres_calzada","desc_senializacion","desc_separacion_via","desc_restriccion"
2016,8780,11/3/2016,"Jueves",0,23:30:00,,"0.0",2,"Automóvil,Moto/Ciclomotor","Risso Y Avellaneda",2,1,0,0,1,0,0,,"Calle",,"SANTA FE","La Capital","Asfalto","S/D","I","Dentro","Urbana","S/D","S/D","Intersección","Bueno","Buena","Nocturna","Buen Tiempo","Lateral","S/D","Colisión","S/D","S/D","S/D","S/D"
2016,8781,11/2/2016,"Miercoles",0,17:00:00,,"0.0",2,"Moto/Ciclomotor,Transporte de Pasajeros Urbano (> 8 asientos)","Azcuenaga Y Piedras",3,2,0,0,1,0,0,,"Calle",,"SANTA FE","La Capital","Asfalto","No existe","I","Dentro","Urbana","Ninguna","No existe","Intersección","Bueno","Buena","Diurna","Buen Tiempo","Lateral","S/D","Colisión","Ninguna","S/D","Ninguna","Sin restricción"
2016,8782,11/2/2016,"Miercoles",0,16:30:00,,"0.0",2,"Automóvil,Pickup/Utilitario","French 1920",2,1,0,0,1,0,0,,"Calle",,"SANTA FE","La Capital","Asfalto","No existe","I","Dentro","Urbana","Ninguna","No existe","Recta","Bueno","Buena","Diurna","Buen Tiempo","De alcance","S/D","Colisión","Ninguna","Faltante","Ninguna","Sin restricción"
2016,8783,11/2/2016,"Miercoles",0,12:25:00,,"0.0",2,"Moto/Ciclomotor,Taxi/Remis","Sarmiento Y Gorriti",2,1,0,0,1,0,0,,"Calle",,"SANTA FE","La Capital","Asfalto","No existe","I","Dentro","Urbana","Ninguna","No existe","Intersección","Bueno","Buena","Diurna","Buen Tiempo","Lateral","S/D","Colisión","Ninguna","Faltante","Ninguna","Sin restricción"
2016,8784,11/3/2016,"Jueves",0,13:20:00,,"0.0",1,"Moto/Ciclomotor","Av A del Valle 9600",2,2,0,0,0,0,0,,"Avenida",,"SANTA FE","La Capital","Asfalto","No existe","I","Dentro","Urbana","Ninguna","No existe","Recta","Deteriorada","Buena","Diurna","Buen Tiempo","Contra objeto fijo","S/D","Colisión","Ninguna","Vertical","Ninguna","Sin restricción"
2016,8785,11/9/2016,"Miercoles",0,18:15:00,,"0.0",1,"Moto/Ciclomotor","Av. Provincias Unidas Y Schweitzer",1,1,0,0,0,0,0,,"Avenida",,"ROSARIO","Rosario","Asfalto","No existe","II","Dentro","Urbana","Ninguna","No existe","Recta","Bueno","Buena","Atardecer","Buen Tiempo","Atropello animal","S/D","Colisión","S/D","S/D","Cordón divisorio","S/D"
2016,8786,11/14/2016,"Lunes",0,20:15:00,"Ruta Provincial 66","0.0",2,"Pickup/Utilitario,Moto/Ciclomotor"," ",2,1,0,0,1,0,0,,"Ruta",66,"LANDETA","San Martín","Asfalto","Natural","XVIII","Dentro","Urbana","Ninguna","No existe","Recta","Bueno","Buena","Nocturna,Con luz artificial","Buen Tiempo","De alcance","S/D","Colisión","Ninguna","S/D","Ninguna","Sin restricción"
2016,8787,11/23/2016,"Miercoles",0,13:10:00,,"0.0",2,"Pickup/Utilitario,Moto/Ciclomotor","Buenos Aires Y Juan Breuning",2,1,0,0,1,0,0,,"Calle",,"EL TRÉBOL","San Martín","Asfalto","No existe","XVIII","Dentro","Urbana","Ninguna","No existe","Intersección","Bueno","Buena","Diurna","Buen Tiempo","Lateral","S/D","Colisión","Ninguna","Horizontal","Ninguna","Sin restricción"
2016,8788,11/15/2016,"Martes",0,18:00:00,,"0.0",2,"Moto/Ciclomotor,Automóvil","San Geronimo Y Formosa",2,0,1,0,1,0,0,,"Calle",,"RUFINO","General López","Ripio","S/D","VIII","Dentro","Urbana","Ninguna","No existe","Intersección","Bueno","Buena","Atardecer","Buen Tiempo","Lateral","S/D","Colisión","Ninguna","Faltante","S/D","Sin restricción"
2016,8789,11/8/2016,"Martes",0,17:30:00,,"0.0",2,"Pickup/Utilitario,Moto/Ciclomotor","Gral Lopez Y B Bianco",2,1,0,0,1,0,0,,"Calle",,"RUFINO","General López","Asfalto,Ripio","No existe","VIII","Dentro","Urbana","Ninguna","No existe","Intersección","Bueno","Buena","Diurna","Buen Tiempo","Lateral","S/D","Colisión","S/D","Faltante","Ninguna","Sin restricción"
2016,8790,11/28/2016,"Lunes",0,21:40:00,,"0.0",2,"Automóvil,Bicicleta","H Irigoyen Y San Juan",2,1,0,0,1,0,0,,"Calle",,"RUFINO","General López","Asfalto","No existe","VIII","Dentro","Urbana","Ninguna","No existe","Intersección","Bueno","Buena","Nocturna,Con luz artificial","Buen Tiempo","S/D","Ciclista","Atropello","Ninguna","Vertical","Ninguna","Sin restricción"
2016,8791,11/12/2016,"Sabado",0,21:35:00,,"0.0",2,"Automóvil,Moto/Ciclomotor","Quintana ",3,2,0,0,1,0,0,,"Calle",,"AMENABAR","General López","Asfalto","No existe","VIII","Dentro","Urbana","Ninguna","No existe","Recta","Bueno","Buena","Nocturna,Con luz artificial","Buen Tiempo","Lateral","S/D","Colisión","Ninguna","Faltante","Ninguna","Sin restricción"
2016,8792,11/23/2016,"Miercoles",0,10:00:00,,"0.0",2,"Automóvil,Bicicleta","Av 50 Y Calle 57",2,1,0,0,1,0,0,,"Avenida",,"VILLA CAÑAS","General López","Asfalto","Pavimento","VIII","Dentro","Urbana","Ninguna","No existe","Intersección","Bueno","Buena","Diurna","Buen Tiempo","S/D","Ciclista","Atropello","Ninguna","S/D","Cordón divisorio","S/D"
2016,8793,11/2/2016,"Miercoles",0,18:00:00,,"0.0",2,"Moto/Ciclomotor,Camión Chasis","Francia Y Manuel Belgrano",2,0,1,0,1,0,0,,"Calle",,"SANTA ISABEL","General López","Ripio","No existe","VIII","Dentro","Urbana","Ninguna","No existe","Intersección","Bueno","Buena","Atardecer","Buen Tiempo","Lateral","S/D","Colisión","S/D","Vertical","Ninguna","Sin restricción"
2016,8794,11/10/2016,"Jueves",0,17:50:00,,"0.0",2,"Moto/Ciclomotor,Peatón","Juan B Justo Y 1ro de Agosto",2,1,0,0,1,0,0,,"Calle",,"RAFAELA","Castellanos","Asfalto","S/D","V","Dentro","Urbana","S/D","No existe","Intersección","Bueno","Reducida","Diurna","Lluvia","S/D","Peatón","Atropello","Agua","S/D","S/D","S/D"
2016,8795,11/26/2016,"Sabado",0,10:50:00,,"0.0",2,"Pickup/Utilitario,Moto/Ciclomotor","Mons A Brasca Y Gral Juan Pablo Lopez",3,1,0,0,2,0,0,,"Calle",,"RAFAELA","Castellanos","Ripio","S/D","V","Dentro","Urbana","Ninguna","No existe","Intersección","Bueno","Buena","Diurna","Buen Tiempo","Lateral","S/D","Colisión","S/D","S/D","Ninguna","Sin restricción"
2016,8796,11/21/2016,"Lunes",0,,"Ruta Nacional 11","619.0",2,"Pickup/Utilitario,Pickup/Utilitario"," ",3,1,0,0,2,0,0,,"Ruta",11,"GOBERNADOR CRESPO","San Justo","Asfalto","Pavimento","XVI","Dentro","Urbana","Ninguna","No existe","Recta","Bueno","Buena","Diurna","Buen Tiempo","De alcance","S/D","Colisión","Ninguna","Horizontal","Ninguna","Sin restricción"
2016,8797,12/19/2016,"Lunes",0,20:02:00,,"0.0",2,"Moto/Ciclomotor,Moto/Ciclomotor","Demetrio Isola Y Simon de Iriondo",3,2,0,0,1,0,0,,"Calle",,"ESPERANZA","Las Colonias","Asfalto","No existe","XI","Dentro","Urbana","Ninguna","No existe","Recta","Bueno","Buena","Nocturna","Buen Tiempo","Lateral","S/D","Colisión","S/D","Faltante","Cordón divisorio","Sin restricción"
2016,8798,11/28/2016,"Lunes",0,15:30:00,,"0.0",2,"Automóvil,Moto/Ciclomotor","9 de julio Y General Julio A Roca",3,2,0,0,1,0,0,,"Calle",,"LEHMANN","Castellanos","Ripio","No existe","V","Dentro","Urbana","Ninguna","No existe","Intersección","Bueno","Buena","Diurna","Buen Tiempo","Lateral","S/D","Colisión","Ninguna","Faltante","Ninguna","Sin restricción"
2016,8799,12/1/2016,"Jueves",0,12:45:00,,"0.0",2,"Bicicleta,Automóvil","Peru Y Libertad",2,1,0,0,1,0,0,,"Calle",,"ESPERANZA","Las Colonias","Asfalto","No existe","XI","Dentro","Urbana","Ninguna","S/D","Intersección","Bueno","Buena","Diurna","Buen Tiempo","S/D","Ciclista","Atropello","S/D","S/D","Ninguna","Sin restricción"
2016,8800,12/31/2016,"Sabado",0,4:20:00,"Ruta Nacional 19","0.0",1,"Moto/Ciclomotor","Del Rosario ",2,1,1,0,0,0,0,,"Ruta",19,"SAN JERÓNIMO DEL SAUCE","Las Colonias","Asfalto","S/D","XI","Dentro","Urbana","Marca Vial","S/D","Intersección","Bueno","S/D","Nocturna","Buen Tiempo","S/D","S/D","Caída ocupante","S/D","Horizontal","Cordón divisorio","Sin restricción"
2016,8801,12/26/2016,"Lunes",0,16:30:00,"Ruta Provincial 4","45.0",2,"Automóvil,Automóvil"," ",8,0,2,0,6,0,0,,"Ruta",4,"SANTO DOMINGO","Las Colonias","Asfalto","Natural","XI","Dentro","Rural","Ninguna","No existe","Curva","Bueno","Buena","Diurna","Buen Tiempo","Lateral","S/D","Colisión","S/D","Faltante","Ninguna","Sin restricción"
2016,8802,12/7/2016,"Miercoles",0,16:40:00,,"0.0",1,"Moto/Ciclomotor","Crespo ",1,1,0,0,0,0,0,,"Calle",,"PROGRESO","Las Colonias","Asfalto","Natural","XI","Dentro","Urbana","Ninguna","No existe","Recta","Bueno","Buena","Diurna","Buen Tiempo","Atropello animal","S/D","Colisión","S/D","Faltante","Ninguna","Sin restricción"
2016,8803,12/7/2016,"Miercoles",0,,"Ruta Secundaria 80-s","0.0",1,"Moto/Ciclomotor","25 de Mayo ",2,2,0,0,0,0,0,,"Ruta","80-s","PROGRESO","Las Colonias","Asfalto","Natural","XI","Dentro","Urbana","Semáforo","Intermitente","Recta","Bueno","Buena","Nocturna,Con luz artificial","Lluvia","S/D","S/D","Caída ocupante","S/D","S/D","Ninguna","Sin restricción"
2016,8804,12/9/2016,"Viernes",0,23:00:00,,"0.0",2,"Moto/Ciclomotor,Moto/Ciclomotor","San Carlos Y San Luis",2,0,1,0,1,0,0,,"Calle",,"SANTA CLARA DE BUENA VISTA","Las Colonias","Asfalto","No existe","XI","Dentro","Urbana","Ninguna","No existe","Intersección","Bueno","Buena","Nocturna","Buen Tiempo","Frontal","S/D","Colisión","S/D","Faltante","Ninguna","Sin restricción"
2016,8805,12/10/2016,"Sabado",0,20:55:00,"Ruta Provincial 10","0.0",2,"Automóvil,Automóvil"," ",11,3,0,0,8,0,0,,"Ruta",10,"FELICIA","Las Colonias","Asfalto","Natural","XI","Dentro","Urbana","Ninguna","No existe","Recta","Bueno","Buena","Nocturna","Buen Tiempo","S/D","S/D","Colisión","Ninguna","Faltante","Ninguna","Sin restricción"
2016,8806,12/7/2016,"Miercoles",0,21:15:00,,"0.0",2,"Bicicleta,Moto/Ciclomotor","Santa Fe Y Rivadavia",2,2,0,0,0,0,0,,"Calle",,"FELICIA","Las Colonias","Ripio","No existe","XI","Dentro","Urbana","Ninguna","No existe","Intersección","Bueno","Reducida","Nocturna","Lluvia","S/D","Ciclista","Atropello","Agua","Faltante","S/D","Sin restricción"
2016,8807,12/9/2016,"Viernes",0,20:45:00,,"0.0",2,"Moto/Ciclomotor,Pickup/Utilitario","Almafuerte Y San Jose",2,1,0,0,1,0,0,,"Calle",,"FUNES","Rosario","Tierra","No existe","II","Dentro","Urbana","Ninguna","No existe","Intersección","S/D","Reducida","Nocturna,Con luz artificial","Buen Tiempo","S/D","S/D","Colisión","S/D","S/D","Ninguna","Sin restricción"
2016,8808,12/5/2016,"Lunes",0,18:40:00,,"0.0",2,"Automóvil,Moto/Ciclomotor","L N Alem Y Bv 25 de Mayo",2,1,0,0,1,0,0,,"Calle",,"ARTEAGA","Caseros","Asfalto","Pavimento","IV","Dentro","Urbana","Ninguna","No existe","Intersección","Bueno","Buena","Atardecer","Buen Tiempo","Frontal","S/D","Colisión","S/D","Faltante","Ninguna","Sin restricción"
2016,8809,12/30/2016,"Viernes",0,20:30:00,"Ruta Secundaria 50-s","0.0",1,"Pickup/Utilitario"," ",2,2,0,0,0,0,0,,"Ruta","50-s","LAS TUNAS","Las Colonias","Asfalto","Natural","XI","Dentro","Urbana","Ninguna","No existe","Recta","Bueno","Buena","Nocturna","Buen Tiempo","S/D","S/D","Despiste","S/D","Faltante","Línea divisoria pintada","Sin restricción"
2016,8810,12/31/2016,"Sabado",0,20:30:00,"Ruta Secundaria 50-s","0.0",2,"Moto/Ciclomotor,Automóvil"," ",4,2,0,0,2,0,0,,"Ruta","50-s","LAS TUNAS","Las Colonias","Asfalto","Natural","XI","Dentro","Urbana","Ninguna","No existe","Recta","Bueno","Buena","Nocturna","Buen Tiempo","Frontal","S/D","Colisión","S/D","S/D","Línea divisoria pintada","Sin restricción"
2016,8811,12/6/2016,"Martes",0,18:30:00,,"0.0",2,"Automóvil,Moto/Ciclomotor","Av A del Valle Y Pedro Ferre",2,1,0,0,1,0,0,,"Avenida",,"SANTA FE","La Capital","Asfalto","No existe","I","Dentro","Urbana","Semáforo","Funciona","Intersección","Bueno","Buena","Diurna","Buen Tiempo","Lateral","S/D","Colisión","Ninguna","Vertical","Cordón divisorio","S/D"
2016,8812,12/7/2016,"Miercoles",0,16:30:00,,"0.0",2,"Pickup/Utilitario,Automóvil","Av A del Valle Y J M Zuviria",4,2,0,0,2,0,0,,"Avenida",,"SANTA FE","La Capital","Asfalto","No existe","I","Dentro","Urbana","Semáforo","Funciona","Intersección","Bueno","Buena","Diurna","Buen Tiempo","Lateral","S/D","Colisión","Ninguna","Vertical","Cordón divisorio","Sin restricción"
2016,8813,12/8/2016,"Jueves",0,,,"0.0",2,"Automóvil,Automóvil","Av A del Valle Y Padilla",2,1,0,0,1,0,0,,"Avenida",,"SANTA FE","La Capital","Asfalto","No existe","I","Dentro","Urbana","Ninguna","No existe","Recta","Bueno","Buena","Diurna","Buen Tiempo","De alcance","S/D","Colisión","Ninguna","Faltante","Cordón divisorio","Sin restricción"
2016,8814,12/8/2016,"Jueves",0,18:20:00,,"0.0",2,"Moto/Ciclomotor,Automóvil","Av A del Valle Y Lavaisse",2,1,0,0,1,0,0,,"Avenida",,"SANTA FE","La Capital","Asfalto","No existe","I","Dentro","Urbana","S/D","S/D","Intersección","Bueno","Buena","Diurna","Buen Tiempo","Lateral","S/D","Colisión","S/D","S/D","S/D","Sin restricción"
2016,8815,12/10/2016,"Sabado",0,13:00:00,,"0.0",2,"Moto/Ciclomotor,Automóvil","Pedro Alejandro Vittori Y Domingo Silva",2,1,0,0,1,0,0,,"Calle",,"SANTA FE","La Capital","Asfalto","No existe","I","Dentro","Urbana","Semáforo","Funciona","Intersección","Bueno","Buena","Diurna","Buen Tiempo","Lateral","S/D","Colisión","Ninguna","Vertical","Cordón divisorio","S/D"
2016,8816,12/2/2016,"Viernes",0,11:30:00,,"0.0",2,"Automóvil,Moto/Ciclomotor","4 de Enero Y Alberti",2,1,0,0,1,0,0,,"Calle",,"SANTA FE","La Capital","Asfalto","No existe","I","Dentro","Urbana","Ninguna","No existe","Intersección","Bueno","Buena","Diurna","Buen Tiempo","Lateral","S/D","Colisión","Ninguna","Faltante","Cordón divisorio","Sin restricción"
2016,8817,12/3/2016,"Sabado",0,11:30:00,,"0.0",2,"Automóvil,Moto/Ciclomotor","Av A del Valle Y Boneo",3,1,0,0,2,0,0,,"Avenida",,"SANTA FE","La Capital","Asfalto","No existe","I","Dentro","Urbana","Semáforo","Funciona","Intersección","Bueno","Buena","Diurna","Buen Tiempo","Lateral","S/D","Colisión","Ninguna","Vertical","Cordón divisorio","Sin restricción"
2016,8818,12/15/2016,"Jueves",0,10:10:00,,"0.0",2,"Bicicleta,Pickup/Utilitario","Av A del Valle Y Quintana",2,1,0,0,1,0,0,,"Calle",,"SANTA FE","La Capital","Asfalto","No existe","I","Dentro","Urbana","Ninguna","No existe","Intersección","Bueno","Buena","Diurna","Buen Tiempo","Lateral","Ciclista","Atropello","S/D","Faltante","Cordón divisorio","Sin restricción"
2016,8819,12/3/2016,"Sabado",0,13:00:00,,"0.0",2,"Automóvil,Moto/Ciclomotor","Av A del Valle Y M De Polonia",2,1,0,0,1,0,0,,"Avenida",,"SANTA FE","La Capital","Asfalto","No existe","I","Dentro","Urbana","Semáforo","Funciona","Intersección","Bueno","Buena","Diurna","Buen Tiempo","Lateral","S/D","Colisión","S/D","Vertical","Cordón divisorio","Sin restricción"
2016,8820,12/15/2016,"Jueves",0,22:10:00,,"0.0",2,"Automóvil,Moto/Ciclomotor","Av Facundo Zuviria Y Estanislao Zeballos",2,1,0,0,1,0,0,,"Calle",,"SANTA FE","La Capital","Asfalto","No existe","I","Dentro","Urbana","Ninguna","No existe","Intersección","Bueno","Reducida","Nocturna,Con luz artificial","Buen Tiempo","Lateral","S/D","Colisión","S/D","S/D","Cordón divisorio","Sin restricción"
2016,8821,12/3/2016,"Sabado",0,23:50:00,,"0.0",2,"Automóvil,Moto/Ciclomotor","Hernandarias Y San Martin",2,2,0,0,0,0,0,,"Calle",,"SANTA FE","La Capital","Asfalto","No existe","I","Dentro","Urbana","S/D","No existe","Intersección","Bueno","Buena","Nocturna","Buen Tiempo","Lateral","S/D","Colisión","S/D","S/D","S/D","Sin restricción"
2016,8822,12/17/2016,"Sabado",0,5:25:00,,"0.0",2,"Automóvil,Moto/Ciclomotor","Av A del Valle Y Boneo",3,2,0,0,1,0,0,,"Calle",,"SANTA FE","La Capital","Asfalto","No existe","I","Dentro","Urbana","Semáforo","Funciona","Intersección","Bueno","Reducida","Amanecer","Buen Tiempo","Lateral","S/D","Colisión","S/D","Vertical","Cordón divisorio","Sin restricción"
2016,8823,12/18/2016,"Domingo",0,20:00:00,,"0.0",2,"Automóvil,Moto/Ciclomotor","Pedro Alejandro Vittori Y Iturraspe",3,2,0,0,1,0,0,,"Calle",,"SANTA FE","La Capital","Asfalto","No existe","I","Dentro","Urbana","Ninguna","No existe","Intersección","Bueno","Buena","Nocturna,Con luz artificial","Buen Tiempo","Lateral","S/D","Colisión","S/D","Faltante","Cordón divisorio","Sin restricción"
2016,8824,12/19/2016,"Lunes",0,8:15:00,,"0.0",2,"Automóvil,Moto/Ciclomotor","Agustin Delgado Y San Jeronimo",2,1,0,0,1,0,0,,"Calle",,"SANTA FE","La Capital","Asfalto","No existe","I","Dentro","Urbana","Ninguna","No existe","Intersección","Bueno","Buena","Diurna","Buen Tiempo","Lateral","S/D","Colisión","S/D","Faltante","Cordón divisorio","Sin restricción"
2016,8825,12/4/2016,"Domingo",0,10:45:00,,"0.0",2,"Moto/Ciclomotor,Moto/Ciclomotor","Av A del Valle Y Iturraspe",2,1,0,0,1,0,0,,"Avenida",,"SANTA FE","La Capital","Asfalto","No existe","I","Dentro","Urbana","Semáforo","Funciona","Intersección","Bueno","Buena","Diurna","Buen Tiempo","Lateral","S/D","Colisión","Ninguna","Vertical","S/D","Sin restricción"
2016,8826,12/21/2016,"Miercoles",0,14:00:00,,"0.0",2,"Pickup/Utilitario,Bicicleta","Av A del Valle Y Av Facundo Zuviria",2,1,0,0,1,0,0,,"Calle",,"SANTA FE","La Capital","Asfalto","No existe","I","Dentro","Urbana","Semáforo","Funciona","Intersección","Bueno","Buena","Diurna","Buen Tiempo","Lateral","Ciclista","Atropello","S/D","Vertical","Cordón divisorio","Sin restricción"
2016,8827,12/4/2016,"Domingo",0,18:00:00,,"0.0",2,"Automóvil,Moto/Ciclomotor","Juan Diaz de Solis Y Salvador Caputo",2,1,0,0,1,0,0,,"Calle",,"SANTA FE","La Capital","Asfalto","No existe","I","Dentro","Urbana","Ninguna","No existe","Intersección","Bueno","Buena","Atardecer","Buen Tiempo","Lateral","S/D","Colisión","Ninguna","Faltante","Cordón divisorio","Sin restricción"
2016,8828,12/22/2016,"Jueves",0,,,"0.0",2,"Moto/Ciclomotor,Automóvil","Estanislao Zeballos Y San Martin",2,1,0,0,1,0,0,,"Calle",,"SANTA FE","La Capital","Asfalto","No existe","I","Dentro","Urbana","Ninguna","No existe","Intersección","Bueno","Buena","Diurna","Buen Tiempo","Lateral","S/D","Colisión","Ninguna","Faltante","Cordón divisorio","Sin restricción"
2016,8829,12/22/2016,"Jueves",0,22:30:00,,"0.0",2,"Automóvil,Moto/Ciclomotor","Av Facundo Zuviria Y Pedro Centeno",2,1,0,0,1,0,0,,"Calle",,"SANTA FE","La Capital","Asfalto","No existe","I","Dentro","Urbana","Semáforo","Funciona","Intersección","Bueno","Buena","Nocturna,Con luz artificial","Buen Tiempo","Lateral","S/D","Colisión","S/D","Vertical","Cordón divisorio","Sin restricción"
2016,8830,12/23/2016,"Viernes",0,7:25:00,,"0.0",2,"Automóvil,Taxi/Remis","Pedro Diaz Colodrero Y San Jeronimo",4,2,0,0,2,0,0,,"Calle",,"SANTA FE","La Capital","Asfalto","No existe","I","Dentro","Urbana","Ninguna","No existe","Intersección","Bueno","Buena","Diurna","Buen Tiempo","Lateral","S/D","Colisión","S/D","Faltante","Cordón divisorio","Sin restricción"
2016,8831,12/24/2016,"Sabado",0,9:10:00,,"0.0",2,"Automóvil,Moto/Ciclomotor","Alberti Y 1ro de Mayo",2,1,0,0,1,0,0,,"Calle",,"SANTA FE","La Capital","Asfalto","No existe","I","Dentro","Urbana","Ninguna","No existe","Intersección","Otro","Buena","Diurna","Buen Tiempo","Lateral","S/D","Colisión","Ninguna","Faltante","Cordón divisorio","Sin restricción"
2016,8832,12/30/2016,"Viernes",0,21:30:00,,"0.0",1,"Moto/Ciclomotor","Buenos Aires Y Rioja",1,1,0,0,0,0,0,,"Calle",,"GREGORIA P. DE DENIS","9 de Julio","Tierra","No existe","XII","Dentro","Urbana","Ninguna","No existe","Recta","Bueno","Reducida","Nocturna,Con luz artificial","Buen Tiempo","S/D","S/D","Caída ocupante","Ninguna","Faltante","Vegetación","Sin restricción"
2016,8833,12/24/2016,"Sabado",0,17:30:00,,"0.0",2,"Moto/Ciclomotor,Moto/Ciclomotor","6 de Caballeria Y Tito Piedra",2,1,1,0,0,0,0,,"Calle",,"TOSTADO","9 de Julio","Ripio","No existe","XII","Dentro","Urbana","Ninguna","No existe","Intersección","Bueno","Buena","Diurna","Buen Tiempo","Lateral","S/D","Colisión","Ninguna","Faltante","S/D","Sin restricción"
2016,8834,12/12/2016,"Lunes",0,23:30:00,,"0.0",1,"Moto/Ciclomotor","Neuquen ",1,1,0,0,0,0,0,,"Calle",,"TOSTADO","9 de Julio","Ripio","Ripio","XII","Dentro","Urbana","Ninguna","No existe","Recta","S/D","Buena","Diurna","Buen Tiempo","Contra objeto fijo","S/D","Colisión","Ninguna","Faltante","Ninguna","Sin restricción"
2016,8835,12/26/2016,"Lunes",0,9:35:00,"Ruta Secundaria 290-s","0.0",1,"Automóvil"," ",1,0,1,0,0,0,0,,"Ruta","290-s","POZO BORRADO","9 de Julio","Tierra","No existe","XII","S/D","Rural","Ninguna","No existe","Recta","Deteriorada","Reducida polvo","Diurna","Buen Tiempo","S/D","S/D","Vuelco","S/D","Faltante","Ninguna","Sin restricción"
2016,8836,12/7/2016,"Miercoles",0,21:15:00,"Ruta Secundaria 292-s","0.0",1,"Moto/Ciclomotor"," ",1,1,0,0,0,0,0,,"Ruta","292-s","VILLA MINETTI","9 de Julio","Asfalto","S/D","XII","Dentro","S/D","Ninguna","S/D","Recta","Bueno","Buena","Nocturna","Buen Tiempo","S/D","S/D","Caída ocupante","Ninguna","S/D","Ninguna","Sin restricción"
2016,8837,12/11/2016,"Domingo",0,18:25:00,,"0.0",2,"Peatón,Moto/Ciclomotor","BV. HIPOLITO IRIGOYEN Y COLON",2,2,0,0,0,0,0,,"Avenida",,"RECONQUISTA","General Obligado","Asfalto","No existe","IX","Dentro","Urbana","Ninguna","No existe","Intersección","Bueno","Buena","Atardecer","Buen Tiempo","S/D","Peatón","Atropello","Ninguna","Faltante","Cordón divisorio","Sin restricción"
2016,8838,12/21/2016,"Miercoles",0,18:40:00,,"0.0",2,"Automóvil,Automóvil","Av. Circunvalacion Y Av. Sorrento",4,2,0,0,2,0,0,,"Avenida",,"ROSARIO","Rosario","Asfalto","No existe","II","Dentro","Urbana","Semáforo","Funciona","Intersección","Bueno","Buena","Diurna","Buen Tiempo","Lateral","S/D","Colisión","S/D","Vertical","S/D","Sin restricción"
2016,8839,12/23/2016,"Viernes",0,19:30:00,,"0.0",2,"Automóvil,Moto/Ciclomotor","Mariano Moreno 1300",2,1,0,0,1,0,0,,"Calle",,"FRANCK","Las Colonias","Asfalto","Pavimento","XI","Dentro","Urbana","Ninguna","No existe","Recta","Bueno","Buena","Diurna","Buen Tiempo","Lateral","S/D","Colisión","Ninguna","Horizontal","Ninguna","Sin restricción"
2016,8840,12/6/2016,"Martes",0,19:25:00,,"0.0",2,"Moto/Ciclomotor,Automóvil","Adolfo Albrech Y Los Andes",2,1,0,0,1,0,0,,"Calle",,"FRANCK","Las Colonias","Ripio","Ripio","XI","Dentro","Urbana","Ninguna","No existe","Intersección","Resbaladiza","Buena","Diurna","Buen Tiempo","Lateral","S/D","Colisión","Ninguna","Faltante","Ninguna","Sin restricción"
2016,8841,12/24/2016,"Sabado",0,20:00:00,,"0.0",2,"Pickup/Utilitario,Moto/Ciclomotor","Vieytes Y San Jeronimo",2,1,0,0,1,0,0,,"Calle",,"SANTA FE","La Capital","Asfalto","No existe","I","Dentro","Urbana","Ninguna","No existe","Intersección","Bueno","Buena","Atardecer,Con luz artificial","Buen Tiempo","Lateral","S/D","Colisión","Ninguna","Faltante","Cordón divisorio","Sin restricción"
2016,8842,12/19/2016,"Lunes",0,13:20:00,,"0.0",1,"Moto/Ciclomotor","Mariano Moreno Y 9 de Julio",1,1,0,0,0,0,0,,"Calle",,"FRANCK","Las Colonias","S/D","Pavimento","XI","Dentro","Urbana","S/D","No existe","Intersección","S/D","Buena","Diurna","Buen Tiempo","S/D","S/D","Caída ocupante","S/D","S/D","S/D","S/D"
2016,8843,12/26/2016,"Lunes",0,17:33:00,,"0.0",2,"Automóvil,Automóvil","Quintana Y 9 de Julio",3,2,0,0,1,0,0,,"Calle",,"SANTA FE","La Capital","Asfalto","No existe","I","Dentro","Urbana","Ninguna","No existe","Intersección","Bueno","Buena","Diurna","Buen Tiempo","Lateral","S/D","Colisión","S/D","Faltante","Ninguna","Sin restricción"
2016,8844,11/29/2016,"Martes",0,10:20:00,"Ruta Secundaria 250-s","0.0",2,"Pickup/Utilitario,Automóvil"," ",2,1,0,0,1,0,0,,"Ruta","250-s","FRANCK","Las Colonias","Asfalto","Natural","XI","Dentro","Rural","Ninguna","No existe","Recta","Bueno","Buena","Diurna","Buen Tiempo","De alcance","S/D","Colisión","S/D","S/D","Ninguna","Sin restricción"