"anio_acci","nro_acci","fecha","desc_dia","fecha_aprox","hora_aprox","desc_ruta","km","cant_participantes","desc_participante","calle_avenida_km","total","heridos_leves","heridos_graves","heridos_gravisimos","ilesos","fallecidos","sin_datos","posicion_XY","desc_tipo_via","desc_ruta_ori","desc_loc","desc_dpto","desc_tipo_calzada","desc_tipo_banquina","desc_unidad_regional","desc_lugar_calzada","desc_zona","desc_prioridad","desc_estado_semaforo","desc_lugar_via","desc_estado_via","desc_estado_visibilidad","desc_luminosidad","desc_estado_clima","desc_tipo_colision","desc_tipo_atropello","desc_tipo_hecho","desc_pres_calzada","desc_senializacion","desc_separacion_via","desc_restriccion"
2016,8845,12/27/2016,"Martes",0,1:15:00,,"0.0",2,"Taxi/Remis,Automóvil"," ",5,4,0,0,1,0,0,,"Calle",,"SANTA FE","La Capital","Asfalto","No existe","I","Dentro","Urbana","Ninguna","No existe","Intersección","Bueno","Buena","Nocturna,Con luz artificial","Buen Tiempo","Lateral","S/D","Colisión","S/D","Faltante","Cordón divisorio","Sin restricción"
2016,8846,12/10/2016,"Sabado",0,9:30:00,,"0.0",2,"Bicicleta,Automóvil","1 de Mayo ",2,1,0,0,1,0,0,,"Calle",,"SAN JERÓNIMO NORTE","Las Colonias","Asfalto","S/D","XI","Dentro","Urbana","Ninguna","S/D","Recta","Bueno","Buena","Diurna","Buen Tiempo","S/D","Ciclista","Atropello","S/D","S/D","Ninguna","Sin restricción"
2016,8847,12/13/2016,"Martes",0,20:20:00,,"0.0",2,"Camión Chasis,Pickup/Utilitario","San Martin Y San Lorenzo",3,1,0,0,2,0,0,,"Calle",,"SAN CARLOS CENTRO","Las Colonias","Asfalto","No existe","XI","Dentro","Urbana","Semáforo","Funciona","Intersección","Bueno","Buena","Atardecer","Buen Tiempo","Lateral","S/D","Colisión","Ninguna","Horizontal,Vertical","Ninguna","Sin restricción"
2016,8848,12/29/2016,"Jueves",0,18:15:00,,"0.0",2,"Moto/Ciclomotor,Automóvil","Av A del Valle Y Juan Del Campillo",2,1,0,0,1,0,0,,"Avenida",,"SANTA FE","La Capital","Asfalto","No existe","I","Dentro","Urbana","Semáforo","Funciona","Intersección","Bueno","Buena","Diurna","Buen Tiempo","Lateral","S/D","Colisión","S/D","Vertical","Cordón divisorio","Sin restricción"
2016,8849,12/2/2016,"Viernes",0,13:55:00,,"0.0",2,"Automóvil,Moto/Ciclomotor","Av Blas Parera Y Derqui",2,1,0,0,1,0,0,,"Avenida",,"SANTA FE","La Capital","Asfalto","No existe","I","Dentro","Urbana","Ninguna","Funciona","Intersección","Bueno","Buena","Diurna","Buen Tiempo","Lateral","S/D","Colisión","S/D","Horizontal,Vertical","Cordón divisorio","Sin restricción"
2016,8850,12/18/2016,"Domingo",0,13:10:00,,"0.0",2,"Automóvil,Moto/Ciclomotor","Mitre Y L Novoro",2,1,0,0,1,0,0,,"Calle",,"SAN CARLOS CENTRO","Las Colonias","Asfalto","Pavimento","XI","Dentro","Urbana","S/D","No existe","Intersección","Resbaladiza","Buena","Diurna","Buen Tiempo","Lateral","S/D","Colisión","Agua","Horizontal","S/D","S/D"
2016,8851,12/2/2016,"Viernes",0,17:50:00,,"0.0",2,"Camión Chasis,Moto/Ciclomotor","Av Blas Parera 5800",2,1,0,0,1,0,0,,"Avenida",,"SANTA FE","La Capital","Asfalto","No existe","I","Dentro","Urbana","Semáforo","Funciona","Recta","Bueno","Buena","Diurna","Buen Tiempo","Lateral","S/D","Colisión","S/D","Horizontal,Vertical","Cordón divisorio","Sin restricción"
2016,8852,12/19/2016,"Lunes",0,12:15:00,,"0.0",2,"Automóvil,Moto/Ciclomotor","Suchon Y Colon",2,1,0,0,1,0,0,,"Calle",,"SAN CARLOS CENTRO","Las Colonias","Ripio","No existe","XI","Dentro","Urbana","Ninguna","No existe","Intersección","Bueno","Buena","Diurna","Buen Tiempo","Lateral","S/D","Colisión","Ninguna","Vertical","Ninguna","Sin restricción"
2016,8853,12/1/2016,"Jueves",0,18:30:00,,"0.0",2,"Moto/Ciclomotor,Automóvil","Azcuenaga Y 7 de marzo",3,1,0,0,2,0,0,,"Calle",,"SANTO TOMÉ","La Capital","Ripio","Ripio","I","Dentro","Urbana","Ninguna","No existe","Recta","Con baches","Buena","Atardecer","Buen Tiempo","Lateral","S/D","Colisión","Ninguna","Faltante","Ninguna","Sin restricción"
2016,8854,12/2/2016,"Viernes",0,17:30:00,,"0.0",2,"Moto/Ciclomotor,Automóvil","Av Blas Parera 5600",3,1,0,0,2,0,0,,"Avenida",,"SANTA FE","La Capital","Asfalto","No existe","I","Dentro","Urbana","Otra Señal","No existe","Recta","Bueno","Buena","Diurna","Buen Tiempo","S/D","S/D","Caída ocupante","S/D","Faltante","Cordón divisorio","Sin restricción"
2016,8855,12/3/2016,"Sabado",0,11:20:00,,"0.0",2,"Moto/Ciclomotor,Moto/Ciclomotor","Obispo Gelabert Y Juan Jose Castelli",2,1,0,0,1,0,0,,"Calle",,"SANTO TOMÉ","La Capital","Asfalto","No existe","I","Dentro","Urbana","Ninguna","No existe","Intersección","Bueno","Buena","Diurna","Buen Tiempo","Lateral","S/D","Colisión","S/D","S/D","Ninguna","Sin restricción"
2016,8856,12/4/2016,"Domingo",0,9:15:00,,"0.0",2,"Automóvil,Moto/Ciclomotor","Av Pte Peron Y Padre Catena",3,2,0,0,1,0,0,,"Avenida",,"SANTA FE","La Capital","Asfalto","No existe","I","Dentro","Urbana","Ninguna","No existe","Intersección","Con baches","Buena","Diurna","Buen Tiempo","Lateral","S/D","Colisión","Ninguna","Faltante","Ninguna","Sin restricción"
2016,8857,12/3/2016,"Sabado",0,22:40:00,,"0.0",1,"Moto/Ciclomotor","Jose De San Martin Y Gobernador Crespo",2,1,0,0,1,0,0,,"Calle",,"SANTO TOMÉ","La Capital","Asfalto","No existe","I","Dentro","Urbana","S/D","No existe","Intersección","Con baches","Buena","Nocturna,Con luz artificial","Buen Tiempo","Contra objeto fijo","S/D","Colisión","S/D","S/D","S/D","Sin restricción"
2016,8858,12/5/2016,"Lunes",0,18:55:00,,"0.0",2,"Automóvil,Moto/Ciclomotor","Av Facundo Zuviria Y Pje Irala",2,1,0,0,1,0,0,,"Avenida",,"SANTA FE","La Capital","Asfalto","No existe","I","Dentro","Urbana","Ninguna","No existe","Intersección","Bueno","Reducida","Atardecer","Buen Tiempo","Lateral","S/D","Colisión","S/D","Faltante","Cordón divisorio","Sin restricción"
2016,8859,12/5/2016,"Lunes",0,18:20:00,,"0.0",2,"Automóvil,Moto/Ciclomotor"," Saavedra Miguel de Cervantes Y Juan Diaz De Solis",3,1,0,0,2,0,0,,"Calle",,"SANTO TOMÉ","La Capital","Asfalto","Ripio","I","Dentro","Urbana","S/D","No existe","Intersección","Bueno","Buena","Nocturna,Con luz artificial","Buen Tiempo","Lateral","S/D","Colisión","S/D","S/D","S/D","Sin restricción"
2016,8860,12/6/2016,"Martes",0,9:00:00,,"0.0",2,"Camión Chasis,Bicicleta","Av Lopez y Planes Y Cafferata",2,1,0,0,1,0,0,,"Avenida",,"SANTA FE","La Capital","Asfalto","No existe","I","Dentro","Urbana","Semáforo","Funciona","Intersección","Con baches","Buena","Diurna","Buen Tiempo","S/D","Ciclista","Atropello","S/D","Horizontal,Vertical","Cordón divisorio","Sin restricción"
2016,8861,12/8/2016,"Jueves",0,13:40:00,,"0.0",2,"Automóvil,Moto/Ciclomotor","Avenida Nuestra Señora del Luj Y Santiago Derqui",2,1,0,0,1,0,0,,"Avenida",,"SANTO TOMÉ","La Capital","Asfalto","Ripio","I","Dentro","Urbana","Ninguna","Funciona","Intersección","Bueno","Buena","Diurna","Buen Tiempo","Lateral","S/D","Colisión","Ninguna","Faltante","S/D","S/D"
2016,8862,12/6/2016,"Martes",0,17:45:00,,"0.0",2,"Moto/Ciclomotor,Automóvil","Av Pte Peron Y Pedro Centeno",2,1,0,0,1,0,0,,"Avenida",,"SANTA FE","La Capital","Asfalto","No existe","I","S/D","Urbana","S/D","No existe","Intersección","Bueno","Buena","Diurna","Buen Tiempo","S/D","S/D","Colisión","S/D","Faltante","Cordón divisorio","Sin restricción"
2016,8863,12/9/2016,"Viernes",0,17:00:00,,"0.0",1,"Moto/Ciclomotor","Avenida Nuestra Señora del Luj Y Grl Brig Estanislao Lopez",1,1,0,0,0,0,0,,"Avenida",,"SANTO TOMÉ","La Capital","Asfalto","S/D","I","Dentro","Urbana","S/D","S/D","Intersección","Bueno","Buena","Diurna","Buen Tiempo","S/D","S/D","Colisión","S/D","S/D","S/D","S/D"
2016,8864,12/8/2016,"Jueves",0,13:50:00,,"0.0",2,"Moto/Ciclomotor,Moto/Ciclomotor","Av Blas Parera Y Garmendia",3,2,0,0,0,0,1,,"Avenida",,"SANTA FE","La Capital","Asfalto","No existe","I","Dentro","Urbana","Otra Señal","No existe","Intersección","Bueno","Buena","Diurna","Buen Tiempo","Lateral","S/D","Colisión","S/D","Faltante","Cordón divisorio","Sin restricción"
2016,8865,12/5/2016,"Lunes",0,10:00:00,,"0.0",1,"Taxi/Remis","Obispo Gelabert Y Sabroso Hilario",2,1,0,0,1,0,0,,"Calle",,"SANTO TOMÉ","La Capital","Asfalto","No existe","I","Dentro","Urbana","S/D","No existe","Intersección","Bueno","Buena","Diurna","Buen Tiempo","Contra objeto fijo","S/D","Colisión","S/D","S/D","S/D","S/D"
2016,8866,12/20/2016,"Martes",0,,,"0.0",2,"Automóvil,Moto/Ciclomotor","Rivadavia Y Mendoza",3,0,1,0,2,0,0,,"Calle",,"SAN CARLOS CENTRO","Las Colonias","Ripio","Natural","XI","Dentro","Urbana","Ninguna","No existe","Intersección","Bueno","Buena","Diurna","Buen Tiempo","De alcance","S/D","Colisión","Ninguna","Faltante","Vegetación","Sin restricción"
2016,8867,12/10/2016,"Sabado",0,17:10:00,,"0.0",2,"Automóvil,Moto/Ciclomotor"," ",2,1,0,0,1,0,0,,"Camino Rural",,"SANTO TOMÉ","La Capital","Asfalto","No existe","I","Dentro","Urbana","S/D","No existe","Puente","Bueno","Buena","Diurna","Buen Tiempo","Frontal","S/D","Colisión","Ninguna","S/D","S/D","Sin restricción"
2016,8868,12/22/2016,"Jueves",0,8:00:00,,"0.0",2,"Pickup/Utilitario,Moto/Ciclomotor","Hernandarias Y Salta",2,1,0,0,1,0,0,,"Calle",,"SANTO TOMÉ","La Capital","Asfalto","No existe","I","Dentro","Urbana","S/D","No existe","Intersección","Bueno","Buena","Diurna","Buen Tiempo","Lateral","S/D","Colisión","Ninguna","Faltante","S/D","S/D"
2016,8869,12/29/2016,"Jueves",0,19:05:00,,"0.0",2,"Moto/Ciclomotor,Pickup/Utilitario","13 de Mayo Y Almafuerte",2,1,0,0,1,0,0,,"Calle",,"SAN CARLOS CENTRO","Las Colonias","Asfalto","Pavimento","XI","Dentro","Urbana","Ninguna","No existe","Intersección","Bueno","Buena","Diurna","Buen Tiempo","Lateral","S/D","Colisión","Ninguna","Faltante","Cordón divisorio","Sin restricción"
2016,8870,12/22/2016,"Jueves",0,22:30:00,,"0.0",2,"Moto/Ciclomotor,Taxi/Remis","Libertad Y Av 7 de marzo",2,1,0,0,1,0,0,,"Avenida",,"SANTO TOMÉ","La Capital","Asfalto","No existe","I","Dentro","Urbana","S/D","Funciona","Intersección","Bueno","Buena","Nocturna","Buen Tiempo","Lateral","S/D","Colisión","S/D","S/D","S/D","S/D"
2016,8871,12/23/2016,"Viernes",0,12:45:00,,"0.0",2,"Automóvil,Moto/Ciclomotor","25 de mayo Y Jose De San Martin",3,2,0,0,1,0,0,,"Calle",,"SANTO TOMÉ","La Capital","Asfalto","No existe","I","Dentro","Urbana","S/D","Funciona","Intersección","Bueno","Buena","Diurna","Buen Tiempo","Lateral","S/D","Colisión","Ninguna","S/D","S/D","S/D"
2016,8872,12/2/2016,"Viernes",0,16:25:00,"Ruta Provincial 70","0.0",2,"Automóvil,Moto/Ciclomotor","Nicolas Schneider ",2,1,0,0,1,0,0,,"Ruta",70,"ESPERANZA","Las Colonias","Asfalto","Pavimento","XI","Dentro","Urbana","Ninguna","Funciona","Intersección","Bueno","Buena","Diurna","Lluvia","Frontal","S/D","Colisión","Agua","Vertical","Línea divisoria pintada","Sin restricción"
2016,8873,12/22/2016,"Jueves",0,18:00:00,,"0.0",2,"Moto/Ciclomotor,Automóvil","Av 7 de marzo Y Libertad",2,1,0,0,1,0,0,,"Avenida",,"SANTO TOMÉ","La Capital","Asfalto","No existe","I","Dentro","Urbana","Semáforo","Funciona","Intersección","Bueno","Buena","Atardecer","Buen Tiempo","Lateral","S/D","Colisión","Ninguna","Vertical","S/D","S/D"
2016,8874,12/5/2016,"Lunes",0,11:55:00,,"0.0",2,"Moto/Ciclomotor,Bicicleta","Gregorio Donnet Y Lavalle",2,0,1,0,1,0,0,,"Calle",,"ESPERANZA","Las Colonias","Asfalto","No existe","XI","Dentro","Urbana","Ninguna","No existe","Intersección","Bueno","Buena","Diurna","Buen Tiempo","S/D","Ciclista","Atropello","Ninguna","Vertical","Ninguna","Sin restricción"
2016,8875,12/27/2016,"Martes",0,11:00:00,,"0.0",2,"Moto/Ciclomotor,Automóvil","Av 7 de marzo Y Centenario",3,1,0,0,2,0,0,,"Avenida",,"SANTO TOMÉ","La Capital","Asfalto","Pavimento","I","Dentro","Urbana","Semáforo","Funciona","Intersección","Bueno","Buena","Diurna","Buen Tiempo","Lateral","S/D","Colisión","Ninguna","Vertical","Ninguna","S/D"
2016,8876,12/15/2016,"Jueves",0,18:05:00,,"0.0",2,"Moto/Ciclomotor,Automóvil","Bartolome Mitre Y Aaron Castellanos",2,1,0,0,1,0,0,,"Avenida",,"ESPERANZA","Las Colonias","Asfalto","Pavimento","XI","Dentro","Urbana","Ninguna","No existe","Intersección","Bueno","Buena","Diurna","Buen Tiempo","Frontal","S/D","Colisión","Ninguna","S/D","S/D","Sin restricción"
2016,8877,12/11/2016,"Domingo",0,13:00:00,,"0.0",2,"Automóvil,Moto/Ciclomotor","Av Lopez y Planes Y Iturraspe",2,1,0,0,1,0,0,,"Avenida",,"SANTA FE","La Capital","Asfalto,Hormigón","No existe","I","Dentro","Urbana","Semáforo","Funciona","Intersección","Deteriorada","Buena","Diurna","Buen Tiempo","Lateral","S/D","Colisión","S/D","Horizontal,Vertical","Cordón divisorio","Sin restricción"
2016,8878,12/14/2016,"Miercoles",0,23:50:00,,"0.0",2,"Automóvil,Moto/Ciclomotor","Av Peñaloza Y R Godoy",2,1,0,0,1,0,0,,"Avenida",,"SANTA FE","La Capital","Asfalto","No existe","I","Dentro","Urbana","Ninguna","No existe","Intersección","Bueno","Reducida","Nocturna","Buen Tiempo","Lateral","S/D","Colisión","S/D","Faltante","Cordón divisorio","Sin restricción"
2016,8879,12/12/2016,"Lunes",0,18:30:00,,"0.0",2,"Moto/Ciclomotor,Moto/Ciclomotor","Saavedra Y Maipu",4,4,0,0,0,0,0,,"Calle",,"TOSTADO","9 de Julio","Asfalto","No existe","XII","S/D","Urbana","Ninguna","No existe","Intersección","Bueno","Buena","Diurna","Buen Tiempo","Lateral","S/D","Colisión","Ninguna","Faltante","Ninguna","Sin restricción"
2016,8880,12/30/2016,"Viernes",0,20:15:00,,"0.0",2,"Moto/Ciclomotor,Peatón","Simon de Iriondo Y Colon",3,3,0,0,0,0,0,,"Calle",,"ESPERANZA","Las Colonias","Asfalto","No existe","XI","Dentro","Urbana","Ninguna","No existe","Intersección","Bueno","Buena","Con luz artificial","Buen Tiempo","S/D","Peatón","Atropello","Ninguna","S/D","Ninguna","Sin restricción"
2016,8881,12/12/2016,"Lunes",0,9:50:00,,"0.0",2,"Automóvil,Pickup/Utilitario","Av Gral Lopez Y Artigas",2,0,0,0,0,0,2,,"Avenida",,"SANTA FE","La Capital","Asfalto","No existe","I","Dentro","Urbana","Otra Señal","No existe","Intersección","Bueno","Buena","Diurna","Buen Tiempo","Lateral","S/D","Colisión","S/D","Faltante","Cordón divisorio","Sin restricción"
2016,8882,12/16/2016,"Viernes",0,8:30:00,,"0.0",2,"Pickup/Utilitario,Moto/Ciclomotor","Quintana 3500",2,0,0,0,0,0,2,,"Calle",,"SANTA FE","La Capital","Asfalto","No existe","I","Dentro","Urbana","Otra Señal","No existe","Recta","Deteriorada","Buena","Diurna","Buen Tiempo","Lateral","S/D","Colisión","S/D","Faltante","Cordón divisorio","Sin restricción"
2016,8883,12/20/2016,"Martes",0,12:40:00,,"0.0",2,"Automóvil,Bicicleta","Iturraspe Y Cochabamba",2,0,0,0,0,0,2,,"Avenida",,"SANTA FE","La Capital","Asfalto","No existe","I","Dentro","Urbana","Otra Señal","No existe","Intersección","Deteriorada","Buena","Diurna","Buen Tiempo","S/D","Ciclista","Atropello","S/D","Faltante","Cordón divisorio","Sin restricción"
2016,8884,12/20/2016,"Martes",0,17:00:00,,"0.0",2,"Automóvil,Moto/Ciclomotor","Fray C Rodriguez Y Av Pte Peron",2,0,0,0,0,0,2,,"Calle",,"SANTA FE","La Capital","Tierra","No existe","I","S/D","Urbana","Otra Señal","No existe","Rotonda","Deteriorada","Buena","Diurna","Buen Tiempo","Lateral","S/D","Colisión","S/D","Faltante","Cordón divisorio","Sin restricción"
2016,8885,12/22/2016,"Jueves",0,3:00:00,,"0.0",2,"Pickup/Utilitario,Otros","J P Lopez Y Iturraspe",3,0,0,0,0,0,3,,"S/D",,"SANTA FE","La Capital","Hormigón","No existe","I","Dentro","Urbana","Semáforo","Funciona","Intersección","Bueno","Reducida","Nocturna","Buen Tiempo","Lateral","S/D","Colisión","S/D","Vertical","Cordón divisorio","Sin restricción"
2016,8886,12/5/2016,"Lunes",0,18:00:00,,"0.0",2,"Automóvil,Pickup/Utilitario","Av Blas Parera Y Ayacucho",3,2,0,0,1,0,0,,"Avenida",,"SANTA FE","La Capital","Hormigón","Pavimento","I","Dentro","Urbana","Semáforo","S/D","Intersección","Bueno","Buena","Diurna","Buen Tiempo","Lateral","S/D","Colisión","Material Suelto","Horizontal,Vertical","Cordón divisorio","Sin restricción"
2016,8887,12/1/2016,"Jueves",0,7:30:00,,"0.0",2,"Moto/Ciclomotor,Moto/Ciclomotor","French Y Ignacio Crespo",2,1,0,0,1,0,0,,"Calle",,"SANTA FE","La Capital","Asfalto","Natural","I","Fuera","Urbana","Ninguna","No existe","Intersección","Con baches","Buena","Diurna","Buen Tiempo","Lateral","S/D","Colisión","Material Suelto","Faltante","Ninguna","Sin restricción"
2016,8888,12/7/2016,"Miercoles",0,10:40:00,,"0.0",2,"Moto/Ciclomotor,Camión Chasis","Gorriti Y Bernardo de Irigoyen",3,2,0,0,1,0,0,,"Avenida",,"SANTA FE","La Capital","Hormigón","Pavimento","I","Dentro","Urbana","Ninguna","No existe","Intersección","Bueno","Buena","Diurna","Buen Tiempo","Lateral","S/D","Colisión","Ninguna","Vertical","Cordón divisorio","Sin restricción"
2016,8889,12/7/2016,"Miercoles",0,12:10:00,,"0.0",3,"Peatón,Peatón,Pickup/Utilitario","Av Peñaloza Y Gorriti",3,2,0,0,1,0,0,,"Avenida",,"SANTA FE","La Capital","Hormigón","Pavimento","I","S/D","Urbana","Semáforo","Funciona","Intersección","Bueno","Buena","Diurna","Buen Tiempo","S/D","Peatón","Atropello","Ninguna","Horizontal,Vertical","Cordón divisorio","Sin restricción"
2016,8890,12/7/2016,"Miercoles",0,18:30:00,,"0.0",2,"Moto/Ciclomotor,Automóvil","Av Blas Parera Y Espora",2,1,0,0,1,0,0,,"Avenida",,"SANTA FE","La Capital","Hormigón","Pavimento","I","Dentro","Urbana","Ninguna","No existe","Intersección","Bueno","Buena","Atardecer,Con luz artificial","Buen Tiempo","Lateral","S/D","Colisión","Ninguna","Vertical","Cordón divisorio","Sin restricción"
2016,8891,12/10/2016,"Sabado",0,10:30:00,,"0.0",2,"Moto/Ciclomotor,Automóvil","Av Blas Parera Y Reg 12 de Infanteria",3,2,0,0,1,0,0,,"Avenida",,"SANTA FE","La Capital","Hormigón","Pavimento","I","Dentro","Urbana","Ninguna","No existe","Intersección","S/D","Buena","Diurna","Buen Tiempo","Lateral","S/D","Colisión","Material Suelto","Horizontal,Vertical","Cordón divisorio","Obra en Construcción"
2016,8892,12/12/2016,"Lunes",0,8:00:00,,"0.0",2,"Moto/Ciclomotor,Moto/Ciclomotor","Av Blas Parera Y Vieytes",2,2,0,0,0,0,0,,"Avenida",,"SANTA FE","La Capital","Hormigón","Pavimento","I","Dentro","Urbana","Semáforo","Funciona","Intersección","Otro","Buena","Diurna","Buen Tiempo","Lateral","S/D","Colisión","Material Suelto","Horizontal,Vertical","Cordón divisorio","Obra en Construcción"
2016,8893,12/12/2016,"Lunes",0,10:00:00,,"0.0",2,"Moto/Ciclomotor,Automóvil","Azcuenaga 4700",2,1,0,0,1,0,0,,"Calle",,"SANTA FE","La Capital","Asfalto","Natural","I","Dentro","Urbana","Ninguna","No existe","Recta","Con baches","Buena","Diurna","Buen Tiempo","Lateral","S/D","Colisión","Agua","Faltante","Ninguna","Sin restricción"
2016,8894,12/12/2016,"Lunes",0,22:30:00,,"0.0",2,"Moto/Ciclomotor,Automóvil","Av Peñaloza 6400",2,1,0,0,1,0,0,,"Avenida",,"SANTA FE","La Capital","Hormigón","Pavimento","I","S/D","Urbana","Ninguna","No existe","Recta","Bueno","Buena","Nocturna,Con luz artificial","Buen Tiempo","Lateral","S/D","Colisión","Ninguna","Vertical","Cordón divisorio","Sin restricción"
2016,8895,12/13/2016,"Martes",0,9:00:00,,"0.0",2,"Moto/Ciclomotor,Pickup/Utilitario","Gorriti Y Estrada",3,2,0,0,1,0,0,,"S/D",,"SANTA FE","La Capital","Hormigón","Pavimento","I","S/D","S/D","Ninguna","No existe","Intersección","Bueno","Buena","Diurna","Buen Tiempo","Lateral","S/D","Colisión","Ninguna","Horizontal","Cordón divisorio","Sin restricción"
2016,8896,12/13/2016,"Martes",0,3:20:00,,"0.0",2,"Moto/Ciclomotor,Automóvil"," ",2,1,0,0,1,0,0,,"Avenida",,"SANTA FE","La Capital","Asfalto","Pavimento","I","Dentro","Urbana","Ninguna","No existe","Intersección","Bueno","S/D","Nocturna","Buen Tiempo","Lateral","S/D","Colisión","Agua","Vertical","Ninguna","Sin restricción"
2016,8897,12/16/2016,"Viernes",0,10:00:00,,"0.0",2,"Moto/Ciclomotor,Automóvil","Gorriti Y Azopardo",2,1,0,0,1,0,0,,"Avenida",,"SANTA FE","La Capital","Hormigón","S/D","I","Dentro","Urbana","Ninguna","S/D","Intersección","Con baches","S/D","Diurna","Buen Tiempo","Lateral","S/D","Colisión","Ninguna","Vertical","Cordón divisorio","Sin restricción"
2016,8898,12/16/2016,"Viernes",0,11:50:00,,"0.0",2,"Moto/Ciclomotor,Camión Chasis","La Esmeralda ",2,1,0,0,1,0,0,,"Calle",,"SANTA FE","La Capital","Hormigón","Pavimento","I","S/D","Urbana","Ninguna","No existe","Intersección","Con baches","Buena","Diurna","Buen Tiempo","Lateral","S/D","Colisión","Material Suelto","Faltante","Ninguna","Sin restricción"
2016,8899,12/21/2016,"Miercoles",0,14:00:00,,"0.0",2,"Tracción animal / Carro,Pickup/Utilitario","Av Blas Parera 7100",2,1,0,0,1,0,0,,"Avenida",,"SANTA FE","La Capital","Hormigón","Pavimento","I","Dentro","Urbana","Ninguna","No existe","Recta","Bueno","Buena","Diurna","Buen Tiempo","De alcance","S/D","Colisión","Material Suelto","Vertical","Cordón divisorio","Sin restricción"
2016,8900,12/20/2016,"Martes",0,16:00:00,,"0.0",2,"Bicicleta,Pickup/Utilitario","Av Blas Parera Y Azcuenaga",2,1,0,0,1,0,0,,"Avenida",,"SANTA FE","La Capital","Hormigón","Pavimento","I","Dentro","Urbana","Ninguna","No existe","Intersección","Bueno","Buena","Diurna","Buen Tiempo","S/D","Ciclista","Atropello","Material Suelto","Horizontal,Vertical","Cordón divisorio","Sin restricción"
2016,8901,12/19/2016,"Lunes",0,20:45:00,,"0.0",2,"Moto/Ciclomotor,Automóvil","Av Blas Parera 7200",2,1,0,0,1,0,0,,"Avenida",,"SANTA FE","La Capital","Hormigón","No existe","I","S/D","Urbana","Ninguna","No existe","Recta","Bueno","Reducida","Nocturna,Con luz artificial","Buen Tiempo","Lateral","S/D","Colisión","Material Suelto","Vertical","Cordón divisorio","Sin restricción"
2016,8902,12/18/2016,"Domingo",0,19:00:00,,"0.0",2,"Moto/Ciclomotor,Automóvil","Av Blas Parera Y Reg 12 de Infanteria",2,1,0,0,1,0,0,,"Avenida",,"SANTA FE","La Capital","Hormigón","Pavimento","I","Dentro","Urbana","Ninguna","No existe","Intersección","Bueno","Buena","Atardecer","Buen Tiempo","Lateral","S/D","Colisión","Material Suelto","Vertical","Cordón divisorio","Sin restricción"
2016,8903,12/17/2016,"Sabado",0,13:30:00,,"0.0",2,"Moto/Ciclomotor,Automóvil","Estrada Y Boneo",2,1,0,0,1,0,0,,"Calle",,"SANTA FE","La Capital","Hormigón","Pavimento","I","Dentro","Urbana","Ninguna","No existe","Intersección","S/D","Buena","Diurna","Buen Tiempo","Lateral","S/D","Colisión","Agua","Vertical","Ninguna","Sin restricción"
2016,8904,12/24/2016,"Sabado",0,18:00:00,,"0.0",2,"Moto/Ciclomotor,Automóvil","Av Peñaloza Y J Castelli",2,1,0,0,1,0,0,,"Avenida",,"SANTA FE","La Capital","Hormigón","Pavimento","I","Dentro","Urbana","Semáforo","Funciona","Intersección","Bueno","Buena","Diurna","Buen Tiempo","Lateral","S/D","Colisión","Ninguna","Vertical","Cordón divisorio","Sin restricción"
2016,8905,12/24/2016,"Sabado",0,19:50:00,,"0.0",2,"Bicicleta,Moto/Ciclomotor","Av Blas Parera Y Alberti",2,2,0,0,0,0,0,,"Avenida",,"SANTA FE","La Capital","Hormigón","Pavimento","I","Dentro","Urbana","Ninguna","No existe","Intersección","Resbaladiza","S/D","Atardecer","Buen Tiempo","S/D","Ciclista","Atropello","Material Suelto","Vertical","Cordón divisorio","Sin restricción"
2016,8906,12/22/2016,"Jueves",0,2:00:00,,"0.0",1,"Moto/Ciclomotor","Angel Cassanello 6300",1,1,0,0,0,0,0,,"Calle",,"SANTA FE","La Capital","Asfalto","Natural","I","Dentro","Urbana","Ninguna","No existe","Recta","Con baches","Reducida","Con luz artificial","Buen Tiempo","S/D","S/D","Despiste","Material Suelto","Faltante","Ninguna","Sin restricción"
2016,8907,12/29/2016,"Jueves",0,10:00:00,,"0.0",2,"Moto/Ciclomotor,Automóvil","Estanislao Zeballos Y Gdor Servando Bayo",2,1,0,0,1,0,0,,"Calle",,"SANTA FE","La Capital","Asfalto","Natural","I","Dentro","Urbana","Ninguna","No existe","Intersección","Con baches","Buena","Diurna","Buen Tiempo","Lateral","S/D","Colisión","Material Suelto","Faltante","Ninguna","Sin restricción"