"anio_acci","nro_acci","fecha","desc_dia","fecha_aprox","hora_aprox","desc_ruta","km","cant_participantes","desc_participante","calle_avenida_km","total","heridos_leves","heridos_graves","heridos_gravisimos","ilesos","fallecidos","sin_datos","posicion_XY","desc_tipo_via","desc_ruta_ori","desc_loc","desc_dpto","desc_tipo_calzada","desc_tipo_banquina","desc_unidad_regional","desc_lugar_calzada","desc_zona","desc_prioridad","desc_estado_semaforo","desc_lugar_via","desc_estado_via","desc_estado_visibilidad","desc_luminosidad","desc_estado_clima","desc_tipo_colision","desc_tipo_atropello","desc_tipo_hecho","desc_pres_calzada","desc_senializacion","desc_separacion_via","desc_restriccion"
2016,8908,12/2/2016,"Viernes",0,13:35:00,,"0.0",3,"Automóvil,Automóvil,Automóvil","Salvador del Carril Y Av Almte Brown",3,2,0,0,1,0,0,,"Avenida",,"SANTA FE","La Capital","Asfalto","No existe","I","S/D","Urbana","Semáforo","Funciona","Recta","Bueno","Buena","Diurna","Buen Tiempo","De alcance","S/D","Colisión","Ninguna","S/D","Ninguna","Sin restricción"
2016,8909,12/2/2016,"Viernes",0,23:40:00,,"0.0",2,"Moto/Ciclomotor,Taxi/Remis","Av Gral Paz Y Pedro Diaz Colodrero",2,1,0,0,1,0,0,,"Avenida",,"SANTA FE","La Capital","Asfalto","No existe","I","S/D","Urbana","Ninguna","No existe","Intersección","Bueno","Reducida","Nocturna","Buen Tiempo","Lateral","S/D","Colisión","Ninguna","S/D","Ninguna","Sin restricción"
2016,8910,12/17/2016,"Sabado",0,12:30:00,,"0.0",2,"Moto/Ciclomotor,Pickup/Utilitario","Av Blas Parera ",3,1,0,0,2,0,0,,"S/D",,"SANTA FE","La Capital","Hormigón","Pavimento","I","S/D","S/D","Ninguna","No existe","Intersección","Bueno","S/D","Diurna","Buen Tiempo","Lateral","S/D","Colisión","S/D","S/D","Cordón divisorio","Sin restricción"
2016,8911,12/3/2016,"Sabado",0,22:45:00,,"0.0",2,"Moto/Ciclomotor,Automóvil","Salvador del Carril Y Las Heras",2,1,0,0,1,0,0,,"Avenida",,"SANTA FE","La Capital","Asfalto","No existe","I","S/D","Urbana","Ninguna","No existe","Intersección","Bueno","Reducida","Nocturna","Buen Tiempo","Lateral","S/D","Colisión","Agua","S/D","Ninguna","Sin restricción"
2016,8912,12/5/2016,"Lunes",0,4:45:00,,"0.0",2,"Moto/Ciclomotor,Automóvil","R Godoy 1200",3,2,0,0,1,0,0,,"Calle",,"SANTA FE","La Capital","Asfalto","No existe","I","S/D","Urbana","Ninguna","No existe","Recta","Bueno","Reducida","Nocturna","Buen Tiempo","Lateral","S/D","Colisión","Ninguna","S/D","Ninguna","Sin restricción"
2016,8913,12/5/2016,"Lunes",0,19:45:00,,"0.0",2,"Automóvil,Moto/Ciclomotor","Salvador del Carril Y Las Heras",2,1,0,0,1,0,0,,"Avenida",,"SANTA FE","La Capital","Asfalto","No existe","I","S/D","Urbana","Ninguna","No existe","Intersección","Bueno","Reducida","Atardecer","Buen Tiempo","Lateral","S/D","Colisión","Ninguna","S/D","Ninguna","Sin restricción"
2016,8914,12/5/2016,"Lunes",0,,,"0.0",2,"Camión Chasis,Pickup/Utilitario","Belgrano Y J Castelli",2,2,0,0,0,0,0,,"Calle",,"SANTA FE","La Capital","Asfalto","No existe","I","S/D","Urbana","Ninguna","No existe","Intersección","Bueno","Buena","Diurna","Buen Tiempo","Lateral","S/D","Colisión","Ninguna","S/D","Ninguna","Sin restricción"
2016,8915,12/9/2016,"Viernes",0,13:00:00,,"0.0",2,"Moto/Ciclomotor,Automóvil","Angel Cassanello Y Necochea",2,1,0,0,1,0,0,,"Calle",,"SANTA FE","La Capital","Asfalto","No existe","I","S/D","Urbana","Ninguna","No existe","Intersección","Bueno","Buena","Diurna","Buen Tiempo","Lateral","S/D","Colisión","Ninguna","S/D","Ninguna","Sin restricción"
2016,8916,12/20/2016,"Martes",0,18:30:00,,"0.0",2,"Automóvil,Moto/Ciclomotor","Av Galicia Y Alberdi",2,1,0,0,1,0,0,,"Avenida",,"SANTA FE","La Capital","Asfalto","No existe","I","Dentro","Urbana","Ninguna","No existe","Intersección","Bueno","Buena","Atardecer","Buen Tiempo","Lateral","S/D","Colisión","Ninguna","Faltante","Ninguna","S/D"
2016,8917,12/11/2016,"Domingo",0,21:30:00,,"0.0",2,"Moto/Ciclomotor,Moto/Ciclomotor","Guemes Y Larrea",2,1,0,0,1,0,0,,"Calle",,"SANTA FE","La Capital","Asfalto","No existe","I","Dentro","Urbana","Ninguna","No existe","Intersección","Bueno","Buena","Nocturna","Buen Tiempo","Lateral","S/D","Colisión","Ninguna","Faltante","Ninguna","Sin restricción"
2016,8918,12/3/2016,"Sabado",0,19:45:00,,"0.0",2,"Automóvil,Moto/Ciclomotor","Talcahuano Y Javier de la Rosa",2,1,0,0,1,0,0,,"Calle",,"SANTA FE","La Capital","Asfalto","No existe","I","Dentro","Urbana","Ninguna","No existe","Intersección","Otro","Buena","Atardecer","Buen Tiempo","Lateral","S/D","Colisión","Ninguna","Faltante","Ninguna","Sin restricción"
2016,8919,12/2/2016,"Viernes",0,9:15:00,,"0.0",2,"Automóvil,Moto/Ciclomotor","Piedras Y Estanislao Zeballos",3,2,0,0,1,0,0,,"Calle",,"SANTA FE","La Capital","Asfalto","No existe","I","Dentro","Urbana","Ninguna","No existe","Intersección","Bueno","Buena","Diurna","Buen Tiempo","Lateral","S/D","Colisión","Ninguna","Faltante","Ninguna","S/D"
2016,8920,12/6/2016,"Martes",0,19:00:00,,"0.0",2,"Automóvil,Moto/Ciclomotor","Alberti Y Rivadavia",2,1,0,0,1,0,0,,"Calle",,"SANTA FE","La Capital","Asfalto","No existe","I","Dentro","Urbana","Ninguna","No existe","Intersección","Bueno","Buena","Atardecer","Buen Tiempo","Lateral","S/D","Colisión","Ninguna","Faltante","Ninguna","Sin restricción"
2016,8921,12/6/2016,"Martes",0,20:35:00,,"0.0",2,"Peatón,Moto/Ciclomotor","Gorriti Y San Juan",2,1,0,0,1,0,0,,"Calle",,"SANTA FE","La Capital","Asfalto","Pavimento","I","Dentro","Urbana","Ninguna","No existe","Intersección","Bueno","Buena","Nocturna,Con luz artificial","Buen Tiempo","S/D","Peatón","Atropello","S/D","Faltante","S/D","S/D"
2016,8922,12/12/2016,"Lunes",0,13:30:00,,"0.0",2,"Moto/Ciclomotor,Transporte de Pasajeros Urbano (> 8 asientos)","Gutierrez Y Agustin Delgado",2,1,0,0,1,0,0,,"Avenida",,"SANTA FE","La Capital","Asfalto","No existe","I","S/D","Urbana","Ninguna","No existe","Intersección","Bueno","Buena","Diurna","Buen Tiempo","Lateral","S/D","Colisión","Ninguna","S/D","Ninguna","Sin restricción"
2016,8923,12/12/2016,"Lunes",0,22:30:00,,"0.0",2,"Moto/Ciclomotor,Automóvil","Padilla Y Necochea",2,1,0,0,1,0,0,,"Calle",,"SANTA FE","La Capital","Asfalto","No existe","I","S/D","Urbana","Ninguna","No existe","Intersección","Bueno","Reducida","Nocturna","Buen Tiempo","Lateral","S/D","Colisión","Ninguna","S/D","Ninguna","Sin restricción"
2016,8924,12/17/2016,"Sabado",0,17:00:00,,"0.0",2,"Moto/Ciclomotor,Automóvil","Republica de Siria Y Llerena",2,1,0,0,1,0,0,,"Calle",,"SANTA FE","La Capital","Asfalto","No existe","I","Dentro","Urbana","S/D","No existe","Intersección","Bueno","Buena","Diurna","Buen Tiempo","Lateral","S/D","Colisión","Ninguna","S/D","Ninguna","Sin restricción"
2016,8925,12/13/2016,"Martes",0,17:30:00,,"0.0",2,"Moto/Ciclomotor,Automóvil","Belgrano Y J Castelli",2,1,0,0,1,0,0,,"Calle",,"SANTA FE","La Capital","Asfalto","No existe","I","S/D","Urbana","Ninguna","No existe","Intersección","Bueno","Buena","Diurna","Buen Tiempo","Lateral","S/D","Colisión","Ninguna","S/D","Ninguna","Sin restricción"
2016,8926,12/14/2016,"Miercoles",0,,,"0.0",2,"Moto/Ciclomotor,Otros","Regis Martinez Y Laprida",3,2,0,0,1,0,0,,"Calle",,"SANTA FE","La Capital","Asfalto","No existe","I","S/D","Urbana","Ninguna","No existe","Intersección","Bueno","Buena","Diurna","Buen Tiempo","Lateral","S/D","Colisión","Ninguna","S/D","Ninguna","Sin restricción"
2016,8927,12/14/2016,"Miercoles",0,22:30:00,,"0.0",2,"Automóvil,Moto/Ciclomotor","Republica de Siria Y J P Lopez",2,1,0,0,1,0,0,,"Calle",,"SANTA FE","La Capital","Asfalto","No existe","I","S/D","Urbana","Ninguna","No existe","Intersección","Bueno","Reducida","Nocturna","Buen Tiempo","Lateral","S/D","Colisión","Ninguna","S/D","Ninguna","Sin restricción"
2016,8928,12/15/2016,"Jueves",0,13:30:00,,"0.0",2,"Moto/Ciclomotor,Automóvil","Av Galicia Y Mitre",2,1,0,0,1,0,0,,"Avenida",,"SANTA FE","La Capital","Asfalto","No existe","I","S/D","Urbana","Ninguna","No existe","Intersección","Bueno","Buena","Diurna","Buen Tiempo","Lateral","S/D","Colisión","Ninguna","S/D","Ninguna","Sin restricción"
2016,8929,12/17/2016,"Sabado",0,22:00:00,,"0.0",2,"Moto/Ciclomotor,Pickup/Utilitario","Sarmiento Y Angel Cassanello",2,1,0,0,1,0,0,,"Calle",,"SANTA FE","La Capital","Asfalto","No existe","I","Dentro","Urbana","Ninguna","No existe","Intersección","Bueno","Reducida","Nocturna","Buen Tiempo","Lateral","S/D","Colisión","Ninguna","S/D","Ninguna","S/D"
2016,8930,12/16/2016,"Viernes",0,22:30:00,,"0.0",2,"Moto/Ciclomotor,Automóvil","Av Gral Paz Y Salvador del Carril",2,1,0,0,1,0,0,,"Avenida",,"SANTA FE","La Capital","Asfalto","No existe","I","S/D","Urbana","Semáforo","No existe","Intersección","Bueno","S/D","S/D","Buen Tiempo","Lateral","S/D","Colisión","Ninguna","S/D","Ninguna","Sin restricción"
2016,8931,12/19/2016,"Lunes",0,13:00:00,,"0.0",2,"Automóvil,Bicicleta","Necochea Y Av Galicia",2,1,0,0,1,0,0,,"Avenida",,"SANTA FE","La Capital","Asfalto","No existe","I","Dentro","Urbana","S/D","No existe","Intersección","Bueno","Buena","Diurna","Buen Tiempo","S/D","Ciclista","Atropello","Ninguna","S/D","Ninguna","Sin restricción"
2016,8932,12/16/2016,"Viernes",0,11:35:00,,"0.0",3,"Moto/Ciclomotor,Automóvil,Automóvil","Av A del Valle 6400",4,1,0,0,3,0,0,,"Avenida",,"SANTA FE","La Capital","Asfalto","No existe","I","S/D","Urbana","Ninguna","No existe","Intersección","Bueno","S/D","Diurna","Buen Tiempo","Lateral","S/D","Colisión","Ninguna","S/D","Ninguna","Sin restricción"
2016,8933,12/19/2016,"Lunes",0,20:50:00,,"0.0",2,"Moto/Ciclomotor,Automóvil","Salvador del Carril Y Sarmiento",3,2,0,0,1,0,0,,"Calle",,"SANTA FE","La Capital","Asfalto","No existe","I","Dentro","Urbana","Ninguna","No existe","Intersección","Bueno","Buena","Nocturna","Buen Tiempo","Lateral","S/D","Colisión","Ninguna","S/D","Ninguna","S/D"
2016,8934,12/23/2016,"Viernes",0,8:30:00,,"0.0",2,"Automóvil,Automóvil","Las Heras 4560",2,1,0,0,1,0,0,,"Calle",,"SANTA FE","La Capital","Asfalto","No existe","I","Dentro","Urbana","Ninguna","No existe","Recta","Bueno","Buena","Diurna","Buen Tiempo","Lateral","S/D","Colisión","Ninguna","S/D","Ninguna","Sin restricción"
2016,8935,12/17/2016,"Sabado",0,16:10:00,,"0.0",2,"Moto/Ciclomotor,Pickup/Utilitario","Av Gral Lopez Y Gutierrez",3,2,0,0,1,0,0,,"Avenida",,"SANTA FE","La Capital","Asfalto","No existe","I","S/D","Urbana","Ninguna","No existe","Recta","Bueno","Buena","Diurna","Buen Tiempo","De alcance","S/D","Colisión","Ninguna","S/D","Ninguna","Sin restricción"
2016,8936,12/25/2016,"Domingo",0,8:15:00,,"0.0",2,"Moto/Ciclomotor,Automóvil","Guemes Y Pje Calcena",3,1,0,1,1,0,0,,"Calle",,"SANTA FE","La Capital","Asfalto","No existe","I","Dentro","Urbana","S/D","No existe","Intersección","Bueno","Buena","Diurna","S/D","Lateral","S/D","Colisión","Ninguna","S/D","S/D","Sin restricción"
2016,8937,12/27/2016,"Martes",0,10:00:00,,"0.0",2,"Moto/Ciclomotor,Automóvil","J P Lopez Y Las Heras",2,1,0,0,1,0,0,,"Calle",,"SANTA FE","La Capital","Asfalto","No existe","I","Dentro","Urbana","Ninguna","No existe","Intersección","Bueno","Buena","Diurna","Buen Tiempo","Lateral","S/D","Colisión","Ninguna","S/D","Ninguna","Sin restricción"
2016,8938,12/10/2016,"Sabado",0,7:40:00,,"0.0",1,"Automóvil","Av A del Valle Y Ayacucho",2,1,0,0,1,0,0,,"Avenida",,"SANTA FE","La Capital","Hormigón","Pavimento","I","Dentro","Urbana","S/D","No existe","Intersección","Bueno","Buena","Atardecer,Con luz artificial","Buen Tiempo","Lateral","S/D","Colisión","S/D","Faltante","S/D","S/D"
2016,8940,12/27/2016,"Martes",0,17:00:00,,"0.0",2,"Automóvil,Automóvil","Salvador del Carril Y Laprida",4,2,0,0,2,0,0,,"Avenida",,"SANTA FE","La Capital","Asfalto","No existe","I","S/D","Urbana","Ninguna","No existe","Intersección","Bueno","Buena","Diurna","Buen Tiempo","Lateral","S/D","Colisión","Ninguna","S/D","Ninguna","Sin restricción"
2016,8941,12/27/2016,"Martes",0,20:30:00,,"0.0",1,"Moto/Ciclomotor","Av Galicia Y Av Gral Paz",3,2,0,0,1,0,0,,"Avenida",,"SANTA FE","La Capital","Asfalto","No existe","I","S/D","Urbana","Ninguna","No existe","Recta","Bueno","Reducida","Nocturna","Buen Tiempo","De alcance","S/D","Colisión","Ninguna","S/D","Ninguna","Sin restricción"
2016,8942,12/1/2016,"Jueves",0,13:00:00,,"0.0",2,"Otros,Moto/Ciclomotor","Av A del Valle Y Lamothe",3,2,0,0,1,0,0,,"Avenida",,"SANTA FE","La Capital","Asfalto","Natural","I","Dentro","Urbana","Ninguna","No existe","Intersección","Deteriorada","Reducida","Diurna","Otro","Lateral","S/D","Colisión","Ninguna","Faltante","Ninguna","Sin restricción"
2016,8943,12/7/2016,"Miercoles",0,22:30:00,,"0.0",2,"Moto/Ciclomotor,Automóvil","Leumann Y Pje Venialvo",2,1,0,0,1,0,0,,"Calle",,"SANTA FE","La Capital","Tierra","No existe","I","Dentro","Urbana","Ninguna","No existe","Intersección","Con baches","Reducida","Nocturna","Otro","Lateral","S/D","Colisión","Ninguna","Faltante","Ninguna","Sin restricción"
2016,8944,12/11/2016,"Domingo",0,10:30:00,,"0.0",2,"Bicicleta,Pickup/Utilitario","Necochea Y French",2,1,0,0,1,0,0,,"Calle",,"SANTA FE","La Capital","Asfalto","No existe","I","Dentro","Urbana","Ninguna","No existe","Intersección","Deteriorada","Buena","Diurna","Otro","S/D","Ciclista","Atropello","Ninguna","Faltante","Ninguna","Sin restricción"
2016,8945,12/11/2016,"Domingo",0,18:00:00,,"0.0",2,"Moto/Ciclomotor,Automóvil","Av A del Valle Y Gorriti",2,1,0,0,1,0,0,,"Avenida",,"SANTA FE","La Capital","Asfalto","No existe","I","Dentro","Urbana","Semáforo","Funciona","Intersección","Bueno","S/D","Diurna","Otro","Lateral","S/D","Colisión","Ninguna","Horizontal,Vertical","Ninguna","Sin restricción"
2016,8946,12/29/2016,"Jueves",0,18:10:00,,"0.0",2,"Automóvil,Pickup/Utilitario","Boulevard Ocampo Y Dalmacio Velez Sarsfield",2,1,0,0,1,0,0,,"Avenida",,"HELVECIA","Garay","Asfalto","No existe","VII","Dentro","Urbana","S/D","No existe","Intersección","Bueno","Buena","Diurna","Buen Tiempo","Lateral","S/D","Colisión","Ninguna","Faltante","S/D","Sin restricción"
2016,8947,12/23/2016,"Viernes",0,20:15:00,"Ruta Provincial 1","0.0",2,"Pickup/Utilitario,Moto/Ciclomotor","Florian Paucke Y Rio San Javier",3,2,0,0,1,0,0,,"Ruta",1,"HELVECIA","Garay","Asfalto","Natural","VII","Dentro","Urbana","Ninguna","No existe","Intersección","Bueno","Buena","Diurna","Buen Tiempo","Lateral","S/D","Colisión","Ninguna","Faltante","Ninguna","Sin restricción"
2016,8948,12/3/2016,"Sabado",0,13:00:00,,"0.0",2,"Pickup/Utilitario,Moto/Ciclomotor","La Plata Y Chile",3,1,1,0,1,0,0,,"Calle",,"ARMSTRONG","Belgrano","Ripio","No existe","III","Dentro","Urbana","Ninguna","No existe","Intersección","Bueno","Buena","Diurna","Buen Tiempo","Lateral","S/D","Colisión","Ninguna","Faltante","Ninguna","S/D"
2016,8949,12/14/2016,"Miercoles",0,16:00:00,"Ruta Nacional 178","0.0",2,"Automóvil,Moto/Ciclomotor","Avenida 21 ",2,1,0,0,1,0,0,,"Ruta",178,"LAS PAREJAS","Belgrano","Asfalto","Pavimento","III","Dentro","Urbana","Ninguna","Funciona","Curva","Bueno","Buena","Diurna","Buen Tiempo","Lateral","S/D","Colisión","Ninguna","Vertical","Barrera de hormigón","Sin restricción"
2016,8950,12/5/2016,"Lunes",0,20:55:00,,"0.0",1,"Automóvil","Diagonal 1 Y Avenida 17",1,1,0,0,0,0,0,,"Camino Rural",,"LAS PAREJAS","Belgrano","S/D","No existe","III","S/D","Urbana","Ninguna","No existe","Curva","Resbaladiza","Reducida","Nocturna","Otro","S/D","S/D","Vuelco","Otro","Faltante","Ninguna","Sin restricción"
2016,8951,12/17/2016,"Sabado",0,22:00:00,,"0.0",2,"Moto/Ciclomotor,Moto/Ciclomotor","Paso de los Andes Y Moreno",3,0,3,0,0,0,0,,"Calle",,"LAS ROSAS","Belgrano","Asfalto","No existe","III","Dentro","Urbana","Ninguna","No existe","Recta","Bueno","Buena","Nocturna","Buen Tiempo","Lateral","S/D","Colisión","Ninguna","Faltante","S/D","Sin restricción"
2016,8952,12/24/2016,"Sabado",0,9:30:00,,"0.0",2,"Automóvil,Moto/Ciclomotor","Av Lopez y Planes Y Fray C Rodriguez",2,1,0,0,1,0,0,,"Avenida",,"SANTA FE","La Capital","Asfalto","Pavimento","I","Dentro","Urbana","Semáforo","Funciona","Recta","Con baches","Buena","Diurna","Buen Tiempo","De alcance","S/D","Colisión","Ninguna","Horizontal,Vertical","Barrera de hormigón","Sin restricción"
2016,8953,12/22/2016,"Jueves",0,18:45:00,,"0.0",2,"Moto/Ciclomotor,Automóvil","Lisandro de la Torre Y Dr Jose Iraci",3,1,1,0,1,0,0,,"Calle",,"ARMSTRONG","Belgrano","Asfalto","No existe","III","Dentro","Urbana","S/D","No existe","Intersección","Bueno","Buena","Diurna","Buen Tiempo","Lateral","S/D","Colisión","Ninguna","Horizontal,Vertical","Ninguna","Sin restricción"
2016,8954,12/25/2016,"Domingo",0,4:00:00,,"0.0",2,"Automóvil,Moto/Ciclomotor","Av Lopez y Planes Y Juan Del Campillo",2,1,0,0,0,0,1,,"Calle",,"SANTA FE","La Capital","Asfalto","Natural","I","Dentro","Urbana","Ninguna","No existe","Recta","Con baches","Reducida","Nocturna","Otro","De alcance","S/D","Colisión","Ninguna","Faltante","Ninguna","Sin restricción"
2016,8955,12/27/2016,"Martes",0,15:45:00,,"0.0",2,"Automóvil,Moto/Ciclomotor","Cochabamba Y Pedro Centeno",2,1,0,0,1,0,0,,"Calle",,"SANTA FE","La Capital","Asfalto","Natural","I","Dentro","Urbana","Ninguna","No existe","Recta","Con baches","Buena","Diurna","Buen Tiempo","De alcance","S/D","Colisión","S/D","Faltante","Ninguna","Sin restricción"
2016,8956,12/28/2016,"Miercoles",0,8:30:00,,"0.0",2,"Automóvil,Moto/Ciclomotor","Av Blas Parera Y Derqui",2,1,0,0,1,0,0,,"Avenida",,"SANTA FE","La Capital","Asfalto","Pavimento","I","Dentro","Urbana","Ninguna","No existe","Recta","Con baches","Buena","Diurna","Buen Tiempo","De alcance","S/D","Colisión","Material Suelto,Fluidos","Faltante","Cordón divisorio","Sin restricción"
2016,8957,12/10/2016,"Sabado",0,10:15:00,,"0.0",2,"Bicicleta,Automóvil","Dr Ricardo Fischer 400",2,1,0,0,1,0,0,,"Calle",,"ARMSTRONG","Belgrano","Asfalto","No existe","III","Dentro","Urbana","Ninguna","No existe","Recta","Bueno","Buena","Diurna","Buen Tiempo","Lateral","S/D","Colisión","Ninguna","S/D","Ninguna","Sin restricción"
2016,8958,12/27/2016,"Martes",0,18:15:00,,"0.0",2,"Automóvil,Moto/Ciclomotor","Chile 1700",2,1,0,0,1,0,0,,"Calle",,"ARMSTRONG","Belgrano","Asfalto","No existe","III","Dentro","Urbana","Ninguna","No existe","Intersección","Bueno","Buena","Diurna","Buen Tiempo","Lateral","S/D","Colisión","Ninguna","Faltante","Ninguna","S/D"
2016,8959,12/28/2016,"Miercoles",0,22:30:00,,"0.0",2,"Automóvil,Automóvil","Iturraspe Y Av Pte Peron",2,1,0,0,1,0,0,,"Avenida",,"SANTA FE","La Capital","Asfalto","Pavimento","I","Dentro","Urbana","Semáforo","Funciona","Recta","Con baches","Reducida","Nocturna","Buen Tiempo","De alcance","S/D","Colisión","Agua,Fluidos","Horizontal,Vertical","Cordón divisorio","Sin restricción"
2016,8960,12/29/2016,"Jueves",0,18:20:00,,"0.0",2,"Automóvil,Moto/Ciclomotor","Av Blas Parera 5600",2,1,0,0,1,0,0,,"Avenida",,"SANTA FE","La Capital","Asfalto","Pavimento","I","Dentro","Urbana","Ninguna","S/D","Recta","Con baches","Buena","Diurna","Buen Tiempo","De alcance","S/D","Colisión","Material Suelto","Vertical","Cordón divisorio","Sin restricción"
2016,8961,12/15/2016,"Jueves",0,9:20:00,,"0.0",2,"Automóvil,Moto/Ciclomotor","Sebastian Gaboto Y Mendoza",2,1,0,0,1,0,0,,"Calle",,"SANTA FE","La Capital","Asfalto","No existe","I","S/D","Urbana","Ninguna","No existe","Intersección","Bueno","Buena","Diurna","Buen Tiempo","Lateral","S/D","Colisión","Ninguna","Vertical","Ninguna","Sin restricción"
2016,8962,12/15/2016,"Jueves",0,13:40:00,,"0.0",2,"Automóvil,Moto/Ciclomotor","Saavedra Y Mendoza",2,1,0,0,1,0,0,,"Calle",,"SANTA FE","La Capital","S/D","S/D","I","S/D","Urbana","Ninguna","S/D","Intersección","Bueno","S/D","Diurna","Buen Tiempo","Lateral","S/D","Colisión","Ninguna","Vertical","Ninguna","Sin restricción"
2016,8963,12/21/2016,"Miercoles",0,21:30:00,,"0.0",2,"Moto/Ciclomotor,Pickup/Utilitario","Callejon Funes Y 25 de Mayo",2,1,0,0,1,0,0,,"Calle",,"SANTA FE","La Capital","Tierra","No existe","I","S/D","Urbana","Ninguna","No existe","Intersección","Deteriorada","Reducida","Nocturna","Otro","Lateral","S/D","Colisión","Ninguna","Faltante","Ninguna","Sin restricción"
2016,8964,12/24/2016,"Sabado",0,12:30:00,,"0.0",2,"Moto/Ciclomotor,Pickup/Utilitario","Av A del Valle Y Gorriti",3,2,0,0,1,0,0,,"Avenida",,"SANTA FE","La Capital","Asfalto","No existe","I","Dentro","Urbana","Semáforo","Funciona","Intersección","Bueno","Buena","Diurna","Otro","Lateral","S/D","Colisión","Ninguna","Horizontal,Vertical","Ninguna","Sin restricción"
2016,8965,12/31/2016,"Sabado",0,19:30:00,,"0.0",2,"Pickup/Utilitario,Moto/Ciclomotor","Belgrano Y Reg 12 de Infanteria",3,2,0,0,1,0,0,,"Calle",,"SANTA FE","La Capital","Asfalto","No existe","I","S/D","Urbana","Ninguna","No existe","Recta","Bueno","Buena","Diurna","Buen Tiempo","Lateral","S/D","Colisión","Ninguna","Faltante","Ninguna","Sin restricción"
2016,8966,12/13/2016,"Martes",0,21:40:00,,"0.0",2,"Moto/Ciclomotor,Automóvil","Av Freyre Y Santiago del Estero",2,1,0,0,1,0,0,,"Avenida",,"SANTA FE","La Capital","Asfalto","S/D","I","Dentro","Urbana","Ninguna","S/D","Intersección","Bueno","S/D","Nocturna","Buen Tiempo","Lateral","S/D","Colisión","Ninguna","Vertical","Ninguna","Sin restricción"
2016,8967,12/9/2016,"Viernes",0,14:00:00,,"0.0",2,"Bicicleta,Automóvil","Saavedra Y Tucuman",2,1,0,0,1,0,0,,"Calle",,"SANTA FE","La Capital","Asfalto","No existe","I","S/D","Urbana","Ninguna","No existe","Intersección","Bueno","Buena","Diurna","Buen Tiempo","S/D","Ciclista","Atropello","Ninguna","Vertical","Ninguna","Sin restricción"
2016,8968,12/9/2016,"Viernes",0,12:35:00,,"0.0",2,"Moto/Ciclomotor,Moto/Ciclomotor","Francia Y Primera Junta",2,1,0,0,1,0,0,,"Calle",,"SANTA FE","La Capital","Asfalto","No existe","I","S/D","Urbana","Ninguna","No existe","Intersección","Bueno","Buena","Diurna","Buen Tiempo","Lateral","S/D","Colisión","Ninguna","Vertical","Ninguna","Sin restricción"
2016,8969,12/6/2016,"Martes",0,15:40:00,,"0.0",2,"Bicicleta,Automóvil","Francia Y Mendoza",2,1,0,0,1,0,0,,"Calle",,"SANTA FE","La Capital","Asfalto","No existe","I","Dentro","Urbana","Ninguna","No existe","Intersección","Bueno","Buena","Diurna","Buen Tiempo","S/D","Ciclista","Atropello","Ninguna","Vertical","Ninguna","Sin restricción"
2016,8970,12/6/2016,"Martes",0,15:15:00,,"0.0",2,"Moto/Ciclomotor,Automóvil","Av Freyre Y La Rioja",2,1,0,0,1,0,0,,"Avenida",,"SANTA FE","La Capital","Asfalto","No existe","I","Dentro","Urbana","Ninguna","No existe","Intersección","Bueno","Buena","Diurna","Buen Tiempo","Lateral","S/D","Colisión","Ninguna","Vertical","Ninguna","Sin restricción"
2016,8971,12/5/2016,"Lunes",0,17:30:00,,"0.0",2,"Moto/Ciclomotor,Automóvil","Tucuman Y Roque Saenz Peña",3,2,0,0,1,0,0,,"Calle",,"SANTA FE","La Capital","Asfalto","No existe","I","S/D","Urbana","Ninguna","No existe","Intersección","S/D","Buena","Diurna","Buen Tiempo","Lateral","S/D","Colisión","S/D","S/D","S/D","Sin restricción"
2016,8972,12/2/2016,"Viernes",0,23:40:00,,"0.0",2,"Moto/Ciclomotor,Pickup/Utilitario","Av Freyre Y Bv Pellegrini",3,1,0,0,2,0,0,,"Avenida",,"SANTA FE","La Capital","Asfalto","No existe","I","S/D","Urbana","Ninguna","No existe","Intersección","Bueno","Buena","Nocturna","Buen Tiempo","Lateral","S/D","Colisión","Ninguna","Vertical","Ninguna","Sin restricción"
2016,8973,12/2/2016,"Viernes",0,11:00:00,,"0.0",2,"Moto/Ciclomotor,Automóvil","Lamadrid Y Tucuman",2,1,0,0,1,0,0,,"Calle",,"SANTA FE","La Capital","Asfalto","No existe","I","S/D","Urbana","Ninguna","No existe","Intersección","Bueno","Buena","Diurna","Buen Tiempo","Lateral","S/D","Colisión","Ninguna","Vertical","Ninguna","Sin restricción"