"anio_acci","nro_acci","fecha","desc_dia","fecha_aprox","hora_aprox","desc_ruta","km","cant_participantes","desc_participante","calle_avenida_km","total","heridos_leves","heridos_graves","heridos_gravisimos","ilesos","fallecidos","sin_datos","posicion_XY","desc_tipo_via","desc_ruta_ori","desc_loc","desc_dpto","desc_tipo_calzada","desc_tipo_banquina","desc_unidad_regional","desc_lugar_calzada","desc_zona","desc_prioridad","desc_estado_semaforo","desc_lugar_via","desc_estado_via","desc_estado_visibilidad","desc_luminosidad","desc_estado_clima","desc_tipo_colision","desc_tipo_atropello","desc_tipo_hecho","desc_pres_calzada","desc_senializacion","desc_separacion_via","desc_restriccion"
2016,8974,12/10/2016,"Sabado",0,21:00:00,,"0.0",2,"Pickup/Utilitario,Moto/Ciclomotor","Gdor Crespo Y Dr Zavalla",4,2,0,0,2,0,0,,"Calle",,"SANTA FE","La Capital","Asfalto","No existe","I","Dentro","Urbana","Ninguna","No existe","Intersección","Bueno","Buena","Nocturna","Buen Tiempo","Lateral","S/D","Colisión","Ninguna","Vertical","Ninguna","Sin restricción"
2016,8975,12/29/2016,"Jueves",0,10:30:00,,"0.0",2,"Automóvil,Moto/Ciclomotor","Av Galicia Y Alvear",2,1,0,0,1,0,0,,"Avenida",,"SANTA FE","La Capital","Asfalto","No existe","I","Dentro","Urbana","Ninguna","No existe","Intersección","Bueno","Buena","Diurna","Buen Tiempo","Lateral","S/D","Colisión","Ninguna","Faltante","Ninguna","Sin restricción"
2016,8976,12/28/2016,"Miercoles",0,17:30:00,,"0.0",2,"Automóvil,Moto/Ciclomotor","Lavalle Y Larrea",2,1,0,0,1,0,0,,"Calle",,"SANTA FE","La Capital","Asfalto","No existe","I","Dentro","Urbana","S/D","No existe","Intersección","Bueno","Buena","Diurna","Buen Tiempo","Lateral","S/D","Colisión","Ninguna","S/D","S/D","Sin restricción"
2016,8977,12/24/2016,"Sabado",0,7:00:00,,"0.0",2,"Automóvil,Moto/Ciclomotor","Av A del Valle Y Reg 12 de Infanteria",2,1,0,0,1,0,0,,"Avenida",,"SANTA FE","La Capital","Asfalto","No existe","I","Dentro","Urbana","S/D","No existe","Intersección","Bueno","Buena","Diurna","Buen Tiempo","Lateral","S/D","Colisión","Ninguna","Faltante","Ninguna","Sin restricción"
2016,8978,12/23/2016,"Viernes",0,11:40:00,,"0.0",2,"Moto/Ciclomotor,Automóvil","Av Galicia Y Alberti",2,1,0,0,1,0,0,,"Avenida",,"SANTA FE","La Capital","Asfalto","No existe","I","Dentro","Urbana","Ninguna","No existe","Intersección","Bueno","Buena","Diurna","Buen Tiempo","Lateral","S/D","Colisión","Ninguna","Faltante","Ninguna","Sin restricción"
2016,8979,12/21/2016,"Miercoles",0,21:10:00,,"0.0",2,"Automóvil,Bicicleta","Espora Y Defensa",2,1,0,0,1,0,0,,"Calle",,"SANTA FE","La Capital","Asfalto","No existe","I","Dentro","Urbana","S/D","No existe","Intersección","Bueno","Buena","Nocturna","Buen Tiempo","S/D","Ciclista","Atropello","Ninguna","S/D","S/D","S/D"
2016,8980,12/17/2016,"Sabado",0,3:10:00,"Ruta Nacional 9","370.0",2,"Transporte de Pasajeros Larga Distancia (Piso  y  1/2),Camión c / Acoplado"," ",3,1,0,0,2,0,0,,"Ruta",9,"ARMSTRONG","Belgrano","Asfalto","Natural","III","Dentro","Rural","Ninguna","No existe","Recta","Bueno","Buena","Nocturna","Buen Tiempo","De alcance","S/D","Colisión","Ninguna","Horizontal,Vertical","Vegetación","Sin restricción"
2016,8981,12/27/2016,"Martes",0,1:50:00,,"0.0",1,,"Bv Luis Sanguinetti Y California",1,1,0,0,0,0,0,,"Calle",,"ARMSTRONG","Belgrano","Asfalto","No existe","III","Dentro","Urbana","Ninguna","No existe","Intersección","Bueno","Buena","Nocturna","Buen Tiempo","Otro","S/D","Despiste","Ninguna","Faltante","Ninguna","Sin restricción"
2016,8982,12/27/2016,"Martes",0,1:50:00,,"0.0",1,"Moto/Ciclomotor","Bv Luis Sanguinetti Y California",1,1,0,0,0,0,0,,"Calle",,"ARMSTRONG","Belgrano","Asfalto","No existe","III","Dentro","Urbana","Ninguna","No existe","Intersección","Bueno","Buena","Nocturna","Buen Tiempo","Otro","S/D","Despiste","Ninguna","Faltante","Ninguna","Sin restricción"
2016,8983,12/27/2016,"Martes",0,21:20:00,"Ruta Nacional 178","0.0",2,"Bicicleta,Transporte de Pasajeros Larga Distancia (> 8 asientos)"," ",20,1,0,0,19,0,0,,"Ruta",178,"LAS ROSAS","Belgrano","Asfalto","Ripio","III","Dentro","Urbana","Ninguna","No existe","Recta","Bueno","Buena","Nocturna","Buen Tiempo","S/D","Ciclista","Atropello","Ninguna","Faltante","Ninguna","Sin restricción"
2016,8984,12/11/2016,"Domingo",0,21:30:00,,"0.0",2,"Moto/Ciclomotor,Automóvil","San Martin Y Belgrano",3,2,0,0,1,0,0,,"Calle",,"LAS ROSAS","Belgrano","Asfalto","No existe","III","Dentro","Urbana","Semáforo","Funciona","Recta","Bueno","Buena","Nocturna","Buen Tiempo","De alcance","S/D","Colisión","Ninguna","Vertical","Ninguna","Sin restricción"
2016,8985,12/9/2016,"Viernes",0,8:35:00,,"0.0",2,"Pickup/Utilitario,Camión Chasis","Buenos Aires Y Cerrito",3,1,0,0,2,0,0,,"Calle",,"LAS ROSAS","Belgrano","Asfalto","Pavimento","III","Dentro","Urbana","Ninguna","No existe","Intersección","Bueno","Buena","Diurna","Buen Tiempo","Lateral","S/D","Colisión","Ninguna","Horizontal","Ninguna","Sin restricción"
2016,8986,12/14/2016,"Miercoles",0,1:40:00,,"0.0",2,"Transporte de Pasajeros Larga Distancia (> 8 asientos),Camión Chasis"," ",2,1,0,0,1,0,0,,"Calle",,"ROSARIO","Rosario","Asfalto","No existe","II","Dentro","Urbana","Ninguna","No existe","Intersección","Otro","Reducida","Nocturna","Buen Tiempo","Frontal","S/D","Colisión","Otro","Faltante","Ninguna","Sin restricción"
2016,8987,12/4/2016,"Domingo",0,13:00:00,,"0.0",2,"Moto/Ciclomotor,Pickup/Utilitario","Irurtia Y M.Gonzalez",2,1,0,0,1,0,0,,"S/D",,"ROSARIO","Rosario","Asfalto","No existe","II","Dentro","Urbana","Ninguna","No existe","Intersección","Otro","Buena","Diurna","Buen Tiempo","Lateral","S/D","Colisión","Otro","Faltante","Ninguna","Sin restricción"
2016,8988,12/1/2016,"Jueves",0,5:45:00,,"0.0",2,"Automóvil,Moto/Ciclomotor","Av. Uriburu Y Av. Circunvalacion",3,1,0,0,2,0,0,,"Avenida",,"ROSARIO","Rosario","Asfalto","No existe","II","S/D","Rural","S/D","No existe","Recta","Bueno","Buena","Nocturna","S/D","S/D","S/D","Colisión","S/D","S/D","S/D","S/D"
2016,8989,12/12/2016,"Lunes",0,11:30:00,,"0.0",2,"Automóvil,Transporte de Pasajeros Urbano (> 8 asientos)","Rivarola Y J.Colombres",2,1,0,0,0,0,1,,"Calle",,"ROSARIO","Rosario","S/D","S/D","II","S/D","S/D","Ninguna","S/D","Intersección","S/D","Buena","Diurna","Buen Tiempo","Lateral","S/D","Colisión","S/D","S/D","S/D","Sin restricción"
2016,8990,12/23/2016,"Viernes",0,18:00:00,,"0.0",2,"Automóvil,Automóvil","Rivarola Y Av. Circunvalacion",3,1,0,0,2,0,0,,"Avenida",,"ROSARIO","Rosario","Asfalto","No existe","II","Dentro","Urbana","Ninguna","No existe","Intersección","Bueno","Buena","Diurna","Buen Tiempo","Lateral","S/D","Colisión","Ninguna","S/D","Ninguna","Sin restricción"
2016,8991,12/10/2016,"Sabado",0,22:50:00,,"0.0",2,"Moto/Ciclomotor,Automóvil","Saavedra ",2,1,0,0,1,0,0,,"Calle",,"ROSARIO","Rosario","Asfalto","No existe","II","Dentro","Urbana","Ninguna","No existe","Intersección","Otro","Reducida","Nocturna","Buen Tiempo","Lateral","S/D","Colisión","Otro","Faltante","Ninguna","Sin restricción"
2016,8992,12/2/2016,"Viernes",0,10:10:00,,"0.0",2,"Moto/Ciclomotor,Camión Chasis","Av Freyre 3200",2,1,0,0,1,0,0,,"Avenida",,"SANTA FE","La Capital","Asfalto","No existe","I","S/D","Urbana","Ninguna","No existe","Recta","Bueno","Buena","Diurna","Buen Tiempo","Lateral","S/D","Colisión","Ninguna","Faltante","Ninguna","Sin restricción"
2016,8993,12/1/2016,"Jueves",0,14:00:00,,"0.0",2,"Moto/Ciclomotor,Automóvil","Mariano Comas Y San Lorenzo",2,1,0,0,1,0,0,,"Calle",,"SANTA FE","La Capital","Asfalto","S/D","I","S/D","Urbana","Ninguna","S/D","Intersección","Bueno","Buena","Diurna","Buen Tiempo","Lateral","S/D","Colisión","Ninguna","Vertical","Ninguna","Sin restricción"
2016,8994,12/28/2016,"Miercoles",0,14:40:00,,"0.0",2,"Moto/Ciclomotor,Automóvil","Av Freyre Y Suipacha",2,1,0,0,1,0,0,,"Avenida",,"SANTA FE","La Capital","Asfalto","No existe","I","S/D","Urbana","Ninguna","No existe","Intersección","Bueno","Buena","Diurna","Buen Tiempo","Lateral","S/D","Colisión","Ninguna","Vertical","Ninguna","Sin restricción"
2016,8995,12/23/2016,"Viernes",0,12:30:00,,"0.0",2,"Automóvil,Moto/Ciclomotor","Mariano Comas 3200",2,1,0,0,1,0,0,,"Avenida",,"SANTA FE","La Capital","Asfalto","No existe","I","S/D","Urbana","Ninguna","No existe","Intersección","Bueno","Buena","Atardecer","Buen Tiempo","Lateral","S/D","Colisión","Ninguna","Vertical","Ninguna","Sin restricción"
2016,8996,12/21/2016,"Miercoles",0,18:50:00,,"0.0",2,"Moto/Ciclomotor,Automóvil","Av Freyre Y Salta",2,1,0,0,1,0,0,,"Avenida",,"SANTA FE","La Capital","Asfalto","No existe","I","S/D","Urbana","Ninguna","No existe","Intersección","Bueno","Buena","Atardecer","Buen Tiempo","Lateral","S/D","Colisión","Ninguna","Vertical","Ninguna","Sin restricción"
2016,8997,12/20/2016,"Martes",0,16:00:00,,"0.0",2,"Bicicleta,Automóvil","Salta Y San Jose",2,1,0,0,1,0,0,,"Calle",,"SANTA FE","La Capital","Asfalto","No existe","I","S/D","Urbana","Ninguna","No existe","Intersección","Bueno","Buena","Atardecer","Buen Tiempo","S/D","Ciclista","Atropello","Ninguna","Vertical","Ninguna","Sin restricción"
2016,8998,12/20/2016,"Martes",0,18:50:00,,"0.0",3,"Peatón,Peatón,Taxi/Remis","Salta Y Francia",3,2,0,0,1,0,0,,"S/D",,"SANTA FE","La Capital","Asfalto","No existe","I","S/D","S/D","Ninguna","No existe","Intersección","Bueno","Buena","Atardecer","Buen Tiempo","Lateral","Peatón","Atropello","Ninguna","Vertical","Ninguna","Sin restricción"
2016,8999,12/19/2016,"Lunes",0,20:50:00,,"0.0",2,"Pickup/Utilitario,Bicicleta","Roque Saenz Peña Y La Rioja",2,1,0,0,1,0,0,,"Calle",,"SANTA FE","La Capital","Asfalto","No existe","I","S/D","Urbana","Ninguna","No existe","Intersección","Bueno","Buena","Nocturna","Buen Tiempo","S/D","Ciclista","Atropello","Ninguna","Vertical","Ninguna","Sin restricción"
2016,9000,12/14/2016,"Miercoles",0,17:15:00,,"0.0",1,"Moto/Ciclomotor","Rivarola Y Av. Carlos Colombres",1,1,0,0,0,0,0,,"Avenida",,"ROSARIO","Rosario","Asfalto","No existe","II","S/D","Urbana","S/D","No existe","Recta","Bueno","S/D","Diurna","S/D","S/D","S/D","Vuelco","S/D","S/D","S/D","Sin restricción"
2016,9001,12/6/2016,"Martes",0,18:04:00,,"0.0",2,"Peatón,Automóvil","Gaboto 6300",2,0,1,0,1,0,0,,"Calle",,"ROSARIO","Rosario","Asfalto","No existe","II","S/D","Urbana","Ninguna","No existe","Recta","Bueno","Buena","Diurna","S/D","S/D","Peatón","Atropello","S/D","S/D","S/D","Sin restricción"
2016,9002,12/7/2016,"Miercoles",0,14:50:00,,"0.0",2,"Automóvil,Automóvil","Av. Circunvalacion Y Av. Pte.Peron",2,1,0,0,1,0,0,,"Avenida",,"ROSARIO","Rosario","Asfalto","Pavimento","II","S/D","S/D","Ninguna","S/D","Intersección","Bueno","Reducida p/ objetos","Diurna","Buen Tiempo","S/D","S/D","Colisión","S/D","S/D","Guardarrail","Desvío Provisorio"
2016,9003,12/9/2016,"Viernes",0,17:20:00,,"0.0",2,"Automóvil,Automóvil","Av. Eva Peron Y Tte.Agneta",3,2,0,0,0,0,1,,"Calle",,"ROSARIO","Rosario","Asfalto","Pavimento","II","S/D","Urbana","S/D","S/D","Recta","Bueno","Buena","Diurna","S/D","S/D","S/D","Colisión","Agua","S/D","S/D","S/D"
2016,9004,12/9/2016,"Viernes",0,9:30:00,,"0.0",2,"Moto/Ciclomotor,Otros","Garibaldi 6100",2,1,0,0,0,0,1,,"Calle",,"ROSARIO","Rosario","Ripio","No existe","II","Fuera","Urbana","S/D","No existe","Recta","Deteriorada","Reducida polvo","Diurna","Lluvia","S/D","S/D","Colisión","S/D","Faltante","S/D","S/D"
2016,9005,12/10/2016,"Sabado",0,19:15:00,,"0.0",2,"Moto/Ciclomotor,Automóvil","Roullon 4000",2,1,0,0,1,0,0,,"S/D",,"ROSARIO","Rosario","Asfalto","No existe","II","S/D","Urbana","S/D","No existe","Recta","Con baches","Buena","Diurna","Buen Tiempo","Lateral","S/D","Colisión","S/D","S/D","S/D","Sin restricción"
2016,9006,12/20/2016,"Martes",0,6:10:00,,"0.0",2,"Bicicleta,Automóvil","Bv. Segui 5300",2,1,0,0,1,0,0,,"Calle",,"ROSARIO","Rosario","Asfalto","Pavimento","II","S/D","Urbana","S/D","No existe","Recta","Bueno","Buena","Diurna","Buen Tiempo","S/D","Ciclista","Atropello","Ninguna","Horizontal","S/D","S/D"
2016,9007,12/24/2016,"Sabado",0,18:00:00,,"0.0",2,"Moto/Ciclomotor,Automóvil","Bv. 27 De Febrero Y Larrea",2,1,0,0,1,0,0,,"Calle",,"ROSARIO","Rosario","Ripio","S/D","II","S/D","Urbana","S/D","S/D","Intersección","S/D","S/D","S/D","Lluvia","S/D","S/D","Colisión","S/D","S/D","S/D","S/D"
2016,9008,12/4/2016,"Domingo",0,15:00:00,,"0.0",2,"Moto/Ciclomotor,Automóvil","Roullon Y Montevideo",2,1,0,0,1,0,0,,"Calle",,"ROSARIO","Rosario","Asfalto","S/D","II","Dentro","Urbana","S/D","S/D","Intersección","Bueno","Buena","Diurna","S/D","Lateral","S/D","Colisión","S/D","S/D","S/D","S/D"
2016,9009,12/17/2016,"Sabado",0,11:40:00,,"0.0",2,"Moto/Ciclomotor,Automóvil","Hipolito Yrigoyen Y San Lorenzo",2,1,0,0,1,0,0,,"Calle",,"SANTA FE","La Capital","Asfalto","No existe","I","Dentro","Urbana","S/D","No existe","Intersección","Bueno","Buena","Diurna","Buen Tiempo","Lateral","S/D","Colisión","Ninguna","Vertical","S/D","Sin restricción"
2016,9010,12/16/2016,"Viernes",0,19:35:00,,"0.0",2,"Moto/Ciclomotor,Taxi/Remis","Tucuman Y Dr Zavalla",2,1,0,0,1,0,0,,"Calle",,"SANTA FE","La Capital","Asfalto","No existe","I","Dentro","Urbana","Ninguna","No existe","Intersección","Bueno","Buena","Atardecer","Buen Tiempo","Lateral","S/D","Colisión","Ninguna","Vertical","Ninguna","S/D"
2016,9011,12/9/2016,"Viernes",0,17:30:00,,"0.0",2,"Moto/Ciclomotor,Automóvil","Mendoza Y Guatemala",2,1,0,0,1,0,0,,"Calle",,"ROSARIO","Rosario","Asfalto","S/D","I","Dentro","Urbana","S/D","S/D","Intersección","Bueno","Buena","Diurna","S/D","Lateral","S/D","Colisión","S/D","S/D","S/D","S/D"
2016,9012,12/30/2016,"Viernes",0,22:40:00,,"0.0",2,"Automóvil,Transporte de Pasajeros Urbano (> 8 asientos)","San Lorenzo Y La Rioja",2,2,0,0,0,0,0,,"Calle",,"SANTA FE","La Capital","Asfalto","No existe","I","Dentro","Urbana","Ninguna","No existe","Intersección","Bueno","Buena","Nocturna","Buen Tiempo","Lateral","S/D","Colisión","Ninguna","S/D","Ninguna","Sin restricción"
2016,9013,12/10/2016,"Sabado",0,0:40:00,,"0.0",2,"Moto/Ciclomotor,Taxi/Remis","Garzon Y La Paz",2,1,0,0,1,0,0,,"Calle",,"ROSARIO","Rosario","Asfalto","S/D","II","Dentro","Urbana","S/D","S/D","Intersección","S/D","S/D","Nocturna","S/D","Lateral","S/D","Colisión","S/D","S/D","S/D","S/D"
2016,9014,12/19/2016,"Lunes",0,19:30:00,,"0.0",2,"Bicicleta,Automóvil","El Jacaranda Y Las Calandrias",2,1,0,0,1,0,0,,"Calle",,"PEREZ","Rosario","Asfalto","No existe","II","Dentro","Urbana","Ninguna","No existe","Intersección","Deteriorada","Buena","Atardecer","Buen Tiempo","S/D","Ciclista","Atropello","S/D","Faltante","Ninguna","S/D"
2016,9015,12/11/2016,"Domingo",0,1:05:00,,"0.0",2,"Bicicleta,Moto/Ciclomotor","Mendoza Y Av. Provincias Unidas",2,1,0,0,1,0,0,,"Calle",,"ROSARIO","Rosario","Asfalto","S/D","II","S/D","Urbana","S/D","S/D","Intersección","S/D","S/D","Nocturna","S/D","S/D","Ciclista","Atropello","S/D","S/D","S/D","S/D"
2016,9016,12/13/2016,"Martes",0,18:45:00,,"0.0",2,"Automóvil,Automóvil","Morelli Y Av San Martin",4,2,0,0,2,0,0,,"Avenida",,"PEREZ","Rosario","S/D","No existe","II","Dentro","Urbana","Ninguna","No existe","Recta","S/D","Buena","Atardecer","Buen Tiempo","Lateral","S/D","Colisión","S/D","S/D","Ninguna","Sin restricción"
2016,9017,12/23/2016,"Viernes",0,8:30:00,,"0.0",2,"Moto/Ciclomotor,Camión","Cullen Y San Lorenzo",2,1,0,0,1,0,0,,"Calle",,"ROSARIO","Rosario","Asfalto","S/D","II","Dentro","Urbana","S/D","S/D","Intersección","Bueno","Buena","Diurna","Buen Tiempo","S/D","S/D","Colisión","S/D","S/D","S/D","S/D"
2016,9018,12/10/2016,"Sabado",0,16:30:00,"Ruta Provincial 14","0.0",2,"Moto/Ciclomotor,Automóvil","Ruta Nac 33 ",3,1,0,0,2,0,0,,"Ruta",14,"PEREZ","Rosario","Asfalto","No existe","II","Dentro","Urbana","Ninguna","No existe","Curva","S/D","Buena","Atardecer","Buen Tiempo","Lateral","S/D","Colisión","S/D","Faltante","Ninguna","Sin restricción"
2016,9019,12/15/2016,"Jueves",0,,,"0.0",1,"Automóvil","Av. Francia Y Galvez",2,1,0,0,1,0,0,,"Calle",,"ROSARIO","Rosario","Asfalto","No existe","II","S/D","Urbana","Semáforo","Funciona","Recta","Bueno","Buena","Diurna","Buen Tiempo","S/D","S/D","Colisión","S/D","S/D","Línea divisoria pintada","Sin restricción"
2016,9020,12/9/2016,"Viernes",0,21:00:00,,"0.0",2,"Moto/Ciclomotor,Pickup/Utilitario","Av 9 de Julio Y Casazza",3,2,0,0,1,0,0,,"Avenida",,"PEREZ","Rosario","S/D","No existe","II","Dentro","Urbana","Ninguna","No existe","Intersección","S/D","Buena","Nocturna","Buen Tiempo","Lateral","S/D","Colisión","S/D","S/D","Ninguna","Sin restricción"
2016,9021,12/7/2016,"Miercoles",0,13:50:00,,"0.0",2,"Pickup/Utilitario,Taxi/Remis","25 de Mayo 1600",2,2,0,0,0,0,0,,"Calle",,"PEREZ","Rosario","S/D","No existe","II","Dentro","Urbana","S/D","No existe","Recta","S/D","Buena","Diurna","Buen Tiempo","Lateral","S/D","Colisión","S/D","Faltante","S/D","S/D"
2016,9022,12/19/2016,"Lunes",0,20:50:00,,"0.0",2,"Automóvil,Moto/Ciclomotor","Av Lopez y Planes Y Candido Pujato",2,1,0,0,1,0,0,,"Avenida",,"SANTA FE","La Capital","Asfalto","No existe","I","S/D","Urbana","Ninguna","No existe","Intersección","Bueno","Buena","Nocturna","Buen Tiempo","Lateral","S/D","Colisión","Ninguna","Vertical","Ninguna","Sin restricción"
2016,9023,12/2/2016,"Viernes",0,6:00:00,"Ruta Nacional A012","0.0",1,"Camión","Ruta Nac 33 ",1,1,0,0,0,0,0,,"Ruta","A012","ZAVALLA","Rosario","Asfalto","No existe","II","Dentro","Rural","S/D","No existe","Intersección","Bueno","Buena","Amanecer","Buen Tiempo","S/D","S/D","Despiste","Ninguna","S/D","Barrera de alto impacto,Línea divisoria pintada","Sin restricción"
2016,9024,12/19/2016,"Lunes",0,13:30:00,,"0.0",2,"Automóvil,Moto/Ciclomotor","Santiago de Chile Y Salta",2,1,0,0,1,0,0,,"Calle",,"SANTA FE","La Capital","Asfalto","No existe","I","S/D","Urbana","Ninguna","No existe","Intersección","Otro","Buena","Diurna","Buen Tiempo","Lateral","S/D","Colisión","Agua","Vertical","Ninguna","Sin restricción"
2016,9025,12/1/2016,"Jueves",0,14:05:00,,"0.0",2,"Moto/Ciclomotor,Automóvil","Av. Ovidio Lagos Y 26 de Agosto",2,1,0,0,1,0,0,,"Avenida",,"ROSARIO","Rosario","Asfalto","No existe","II","Dentro","Urbana","Ninguna","No existe","Intersección","Bueno","Buena","Diurna","Buen Tiempo","Lateral","S/D","Colisión","Ninguna","Horizontal","Ninguna","Sin restricción"
2016,9026,12/9/2016,"Viernes",0,12:00:00,,"0.0",2,"Moto/Ciclomotor,Pickup/Utilitario","Bv. Avellaneda Y Av. Circunvalacion",2,1,0,0,1,0,0,,"Avenida",,"ROSARIO","Rosario","Asfalto","No existe","II","Dentro","Urbana","Ninguna","No existe","Intersección","Bueno","Buena","Diurna","Buen Tiempo","Lateral","S/D","Colisión","Ninguna","Vertical","Línea divisoria pintada","Sin restricción"
2016,9027,12/18/2016,"Domingo",0,12:30:00,,"0.0",2,"Automóvil,Automóvil","Santiago de Chile Y San Lorenzo",3,1,0,0,2,0,0,,"Calle",,"SANTA FE","La Capital","Asfalto","No existe","I","S/D","Urbana","S/D","No existe","Intersección","Bueno","Buena","Diurna","Buen Tiempo","S/D","S/D","S/D","Ninguna","Vertical","Ninguna","S/D"
2016,9028,12/22/2016,"Jueves",0,14:25:00,,"0.0",2,"Moto/Ciclomotor,Automóvil","Av. Francia Y Av. Arijon",2,1,0,0,1,0,0,,"Avenida",,"ROSARIO","Rosario","Asfalto","No existe","II","Dentro","Urbana","Ninguna","Funciona","Intersección","Bueno","Buena","Diurna","Buen Tiempo","Lateral","S/D","Colisión","Ninguna","Horizontal","Línea divisoria pintada","Sin restricción"
2016,9029,12/26/2016,"Lunes",0,17:20:00,,"0.0",2,"Automóvil,Pickup/Utilitario","Av. Ovidio Lagos Y Av. Battle y Ordoñez",2,1,0,0,1,0,0,,"Avenida",,"ROSARIO","Rosario","Asfalto","Pavimento","II","Dentro","Urbana","Semáforo","Funciona","Intersección","Bueno","Buena","Diurna","Buen Tiempo","Lateral","S/D","Colisión","Ninguna","Horizontal","Cordón divisorio","Sin restricción"
2016,9030,12/28/2016,"Miercoles",0,7:25:00,,"0.0",1,"Automóvil","Av. Ovidio Lagos 7400",2,1,0,0,1,0,0,,"Avenida",,"ROSARIO","Rosario","Asfalto","No existe","II","Dentro","Urbana","Policía de tránsito","No existe","Recta","Bueno","Buena","Diurna","Buen Tiempo","Contra objeto fijo","S/D","Colisión","Ninguna","Vertical","Cordón divisorio","Sin restricción"
2016,9031,12/27/2016,"Martes",0,19:30:00,,"0.0",2,"Moto/Ciclomotor,Automóvil","Paraguay Y Madre Cabrini",2,1,0,0,1,0,0,,"Calle",,"ROSARIO","Rosario","Asfalto","No existe","II","Dentro","Urbana","S/D","No existe","Intersección","Bueno","Buena","Atardecer","Buen Tiempo","Lateral","S/D","Colisión","S/D","Horizontal","S/D","Sin restricción"
2016,9032,12/26/2016,"Lunes",0,23:20:00,,"0.0",2,"Moto/Ciclomotor,Automóvil","Av. Corrientes Y Madre Cabrini",3,1,0,0,2,0,0,,"Calle",,"ROSARIO","Rosario","Asfalto","No existe","II","Dentro","Urbana","Ninguna","No existe","Intersección","Bueno","Buena","Nocturna","Buen Tiempo","Lateral","S/D","Colisión","Ninguna","S/D","Ninguna","S/D"
2016,9033,12/24/2016,"Sabado",0,12:35:00,,"0.0",2,"Automóvil,Moto/Ciclomotor","Rui Barbosa Y Sadi Carnot",3,2,0,0,1,0,0,,"Calle",,"ROSARIO","Rosario","Asfalto","S/D","II","Dentro","Urbana","S/D","S/D","Intersección","Bueno","Buena","Diurna","Buen Tiempo","Lateral","S/D","Colisión","S/D","Horizontal","S/D","S/D"
2016,9034,12/24/2016,"Sabado",0,7:05:00,,"0.0",1,"Automóvil","Av. Circunvalacion Y R.de Pineda",2,2,0,0,0,0,0,,"Avenida",,"ROSARIO","Rosario","Asfalto","S/D","II","Dentro","Urbana","S/D","S/D","Recta","Bueno","Buena","Diurna","Buen Tiempo","Contra objeto fijo","S/D","Colisión","Ninguna","S/D","S/D","S/D"
2016,9035,12/1/2016,"Jueves",0,20:30:00,,"0.0",2,"Tracción animal / Carro,Automóvil","R.de Pineda ",3,2,0,0,1,0,0,,"Calle",,"ROSARIO","Rosario","Asfalto","No existe","II","Dentro","Urbana","S/D","No existe","Intersección","Bueno","Buena","Nocturna","Buen Tiempo","Lateral","S/D","Colisión","S/D","S/D","Ninguna","S/D"
2016,9036,12/22/2016,"Jueves",0,1:20:00,,"0.0",2,"Peatón,Automóvil","Av. Arijon Y Mariano Moreno",2,1,0,0,1,0,0,,"Avenida",,"ROSARIO","Rosario","Asfalto","No existe","II","Dentro","Urbana","Ninguna","No existe","Distribuidor","Bueno","Buena","Nocturna,Con luz artificial","Buen Tiempo","S/D","Peatón","Atropello","Ninguna","Faltante","S/D","S/D"
2016,9037,12/22/2016,"Jueves",0,19:00:00,,"0.0",2,"Moto/Ciclomotor,Automóvil","Av. Arijon Y Av. Ovidio Lagos",2,1,0,0,1,0,0,,"Avenida",,"ROSARIO","Rosario","Asfalto","S/D","II","Dentro","Urbana","Semáforo","Funciona","Intersección","Bueno","Buena","Diurna","Buen Tiempo","Lateral","S/D","Colisión","Ninguna","Vertical","Línea divisoria pintada","Sin restricción"
2016,9038,12/11/2016,"Domingo",0,8:35:00,,"0.0",2,"Moto/Ciclomotor,Transporte de Pasajeros Urbano (> 8 asientos)","Bv. Oroño Y Lamadrid",2,1,0,0,1,0,0,,"Avenida",,"ROSARIO","Rosario","Asfalto","No existe","II","Dentro","Urbana","Semáforo","Funciona","Intersección","Bueno","Buena","Diurna","Buen Tiempo","Lateral","S/D","Colisión","S/D","Vertical","Cordón divisorio","Sin restricción"
2016,9039,12/17/2016,"Sabado",0,7:15:00,,"0.0",2,"Automóvil,Pickup/Utilitario","Esteban de Luca Y Santiago",6,6,0,0,0,0,0,,"Calle",,"ROSARIO","Rosario","Asfalto","No existe","II","Dentro","Urbana","Ninguna","No existe","Intersección","Bueno","Buena","Diurna","Buen Tiempo","Lateral","S/D","Colisión","Ninguna","Faltante","Ninguna","Sin restricción"
2016,9040,12/29/2016,"Jueves",0,0:45:00,,"0.0",2,"Taxi/Remis,Moto/Ciclomotor","Bv. 27 De Febrero Y Maipu",2,1,0,0,1,0,0,,"Avenida",,"ROSARIO","Rosario","Asfalto","No existe","II","Dentro","Urbana","S/D","S/D","Intersección","Bueno","Buena","Nocturna","Buen Tiempo","S/D","S/D","Colisión","Ninguna","S/D","S/D","Sin restricción"