"anio_acci","nro_acci","fecha","desc_dia","fecha_aprox","hora_aprox","desc_ruta","km","cant_participantes","desc_participante","calle_avenida_km","total","heridos_leves","heridos_graves","heridos_gravisimos","ilesos","fallecidos","sin_datos","posicion_XY","desc_tipo_via","desc_ruta_ori","desc_loc","desc_dpto","desc_tipo_calzada","desc_tipo_banquina","desc_unidad_regional","desc_lugar_calzada","desc_zona","desc_prioridad","desc_estado_semaforo","desc_lugar_via","desc_estado_via","desc_estado_visibilidad","desc_luminosidad","desc_estado_clima","desc_tipo_colision","desc_tipo_atropello","desc_tipo_hecho","desc_pres_calzada","desc_senializacion","desc_separacion_via","desc_restriccion"
2016,9041,12/21/2016,"Miercoles",0,14:20:00,,"0.0",2,"Moto/Ciclomotor,Automóvil","Bv. Oroño Y Cochabamba",2,1,0,0,1,0,0,,"Avenida",,"ROSARIO","Rosario","Asfalto","No existe","II","Dentro","Urbana","S/D","No existe","Rotonda","Bueno","Buena","Diurna","Buen Tiempo","Lateral","S/D","Colisión","Ninguna","Horizontal,Vertical","Línea divisoria pintada","Sin restricción"
2016,9042,12/17/2016,"Sabado",0,4:50:00,,"0.0",2,"Peatón,Automóvil","Bv. Oroño Y Bv. 27 De Febrero",2,1,0,0,1,0,0,,"Avenida",,"ROSARIO","Rosario","Asfalto","No existe","II","Dentro","Urbana","Semáforo","Funciona","Recta","Bueno","Buena","Con luz artificial","Buen Tiempo","S/D","Peatón","Atropello","S/D","Vertical","Cordón divisorio","Sin restricción"
2016,9043,12/18/2016,"Domingo",0,6:50:00,,"0.0",1,"Automóvil","España Y Virasoro",2,2,0,0,0,0,0,,"Calle",,"ROSARIO","Rosario","Asfalto","S/D","II","Dentro","Urbana","Ninguna","S/D","Recta","Deteriorada","S/D","Diurna","Buen Tiempo","S/D","S/D","Vuelco","Ninguna","S/D","Ninguna","Sin restricción"
2016,9044,12/16/2016,"Viernes",0,19:45:00,,"0.0",2,"Automóvil,Automóvil","Galvez Y Santiago",7,5,0,0,2,0,0,,"Calle",,"ROSARIO","Rosario","Asfalto","No existe","II","Dentro","Urbana","Señal Ceda el Paso","No existe","Intersección","Bueno","Buena","Atardecer","Buen Tiempo","Lateral","S/D","Colisión","S/D","Vertical","Ninguna","Sin restricción"
2016,9045,12/15/2016,"Jueves",0,21:50:00,,"0.0",2,"Moto/Ciclomotor,Automóvil","Pte.Roca Y Pasco",3,2,0,0,1,0,0,,"Calle",,"ROSARIO","Rosario","Asfalto","No existe","II","Dentro","Urbana","Señal Pare","No existe","Intersección","Bueno","Buena","Nocturna","Buen Tiempo","Lateral","S/D","Colisión","Ninguna","S/D","Ninguna","Sin restricción"
2016,9046,12/14/2016,"Miercoles",0,9:55:00,,"0.0",2,"Peatón,Moto/Ciclomotor","Bv. Oroño Y Virasoro",2,1,0,0,1,0,0,,"S/D",,"ROSARIO","Rosario","Asfalto","No existe","II","S/D","S/D","Semáforo","Funciona","Intersección","Bueno","Buena","Diurna","Buen Tiempo","S/D","Peatón","Atropello","Ninguna","Vertical","Cordón divisorio","Sin restricción"
2016,9047,12/11/2016,"Domingo",0,13:25:00,,"0.0",2,"Moto/Ciclomotor,Automóvil","Paraguay Y Ituzaingo",2,1,0,0,1,0,0,,"S/D",,"ROSARIO","Rosario","Asfalto","S/D","II","S/D","S/D","S/D","S/D","Intersección","Bueno","Buena","Diurna","Buen Tiempo","Lateral","S/D","Colisión","S/D","S/D","S/D","S/D"
2016,9048,12/12/2016,"Lunes",0,6:30:00,,"0.0",2,"Moto/Ciclomotor,Taxi/Remis","Bv. Oroño Y Bv. 27 De Febrero",2,1,0,0,1,0,0,,"Avenida",,"ROSARIO","Rosario","Asfalto","No existe","II","Dentro","Urbana","Semáforo","Funciona","Recta","Bueno","Buena","Diurna","Buen Tiempo","Lateral","S/D","Colisión","Ninguna","Vertical","Cordón divisorio","Sin restricción"
2016,9049,12/12/2016,"Lunes",0,8:00:00,,"0.0",2,"Moto/Ciclomotor,Moto/Ciclomotor","Viamonte Y Mitre",4,1,0,0,3,0,0,,"Calle",,"ROSARIO","Rosario","Asfalto","S/D","II","Dentro","Urbana","S/D","S/D","Intersección","Bueno","Buena","Diurna","Buen Tiempo","Lateral","S/D","Colisión","S/D","S/D","Ninguna","S/D"
2016,9050,12/8/2016,"Jueves",0,21:40:00,,"0.0",2,"Otros,Automóvil","Av. Francia Y Av. Eva Peron",3,2,0,0,1,0,0,,"Avenida",,"ROSARIO","Rosario","Asfalto","No existe","II","Dentro","Urbana","Semáforo","Funciona","Recta","Bueno","Buena","Nocturna","Buen Tiempo","De alcance","S/D","Colisión","Ninguna","Vertical","Cordón divisorio","Sin restricción"
2016,9051,12/8/2016,"Jueves",0,21:30:00,,"0.0",2,"Taxi/Remis,Pickup/Utilitario","Galvez Y Mitre",2,1,0,0,1,0,0,,"Calle",,"ROSARIO","Rosario","Asfalto","No existe","II","Dentro","Urbana","S/D","S/D","Intersección","Bueno","Buena","Nocturna,Con luz artificial","Buen Tiempo","Lateral","S/D","Colisión","S/D","S/D","S/D","S/D"
2016,9052,12/20/2016,"Martes",0,23:35:00,,"0.0",2,"Automóvil,Automóvil","Cereseto Y Av. Ntra.Sra.del Rosario",2,2,0,0,0,0,0,,"Avenida",,"ROSARIO","Rosario","Asfalto","No existe","II","Dentro","Urbana","S/D","No existe","Intersección","Bueno","Buena","Nocturna,Con luz artificial","Buen Tiempo","Lateral","S/D","Colisión","Ninguna","Faltante","Ninguna","Sin restricción"
2016,9053,12/18/2016,"Domingo",0,1:10:00,,"0.0",2,"Automóvil,Automóvil","San Martin Y 24 De Setiembre",3,2,0,0,1,0,0,,"Avenida",,"ROSARIO","Rosario","Asfalto","No existe","II","Dentro","Urbana","Ninguna","No funciona","Intersección","Bueno","Buena","Nocturna","Buen Tiempo","Lateral","S/D","Colisión","Ninguna","Vertical","Ninguna","Sin restricción"
2016,9054,12/23/2016,"Viernes",0,18:00:00,,"0.0",2,"Moto/Ciclomotor,Moto/Ciclomotor","Bv. Segui Y Av. Francia",2,1,0,0,1,0,0,,"Avenida",,"ROSARIO","Rosario","Asfalto","No existe","II","Dentro","Urbana","Semáforo","Funciona","Intersección","Bueno","Buena","Atardecer","Buen Tiempo","Lateral","S/D","Colisión","Ninguna","S/D","S/D","S/D"
2016,9055,12/27/2016,"Martes",0,11:55:00,,"0.0",1,"Automóvil","Bv. Segui Y Sarmiento",3,2,0,0,1,0,0,,"Avenida",,"ROSARIO","Rosario","Asfalto","No existe","II","Dentro","Urbana","Ninguna","No existe","Intersección","Bueno","Buena","Diurna","Buen Tiempo","Lateral","S/D","Colisión","Ninguna","Faltante","Ninguna","Sin restricción"
2016,9056,12/24/2016,"Sabado",0,16:20:00,,"0.0",2,"Automóvil,Automóvil","Mitre Y Bv. Segui",4,2,0,0,1,0,1,,"Avenida",,"ROSARIO","Rosario","Asfalto","No existe","II","Dentro","Urbana","Ninguna","No existe","Intersección","Bueno","Buena","Diurna","Buen Tiempo","Lateral","S/D","Colisión","Ninguna","Faltante","Ninguna","Sin restricción"
2016,9057,12/13/2016,"Martes",0,21:20:00,,"0.0",2,"Moto/Ciclomotor,Automóvil","Ameghino Y San Martin",2,1,0,0,1,0,0,,"Calle",,"ROSARIO","Rosario","Asfalto","No existe","II","Dentro","Urbana","Semáforo","Funciona","Recta","Bueno","Buena","Nocturna","Buen Tiempo","De alcance","S/D","Colisión","Ninguna","Horizontal","Ninguna","Sin restricción"
2016,9058,12/24/2016,"Sabado",0,12:35:00,,"0.0",2,"Automóvil,Moto/Ciclomotor","Sarmiento Y Dean Funes",3,2,0,0,1,0,0,,"Calle",,"ROSARIO","Rosario","Asfalto","No existe","II","Dentro","Urbana","Ninguna","No existe","Intersección","Bueno","Buena","Diurna","Buen Tiempo","Lateral","S/D","Colisión","Ninguna","Faltante","Ninguna","Sin restricción"
2016,9059,12/13/2016,"Martes",0,11:45:00,,"0.0",2,"Automóvil,Moto/Ciclomotor","24 De Setiembre Y Mariano Moreno",3,2,0,0,1,0,0,,"Calle",,"ROSARIO","Rosario","Asfalto","No existe","II","Dentro","Urbana","Ninguna","No existe","Intersección","Bueno","Buena","Diurna","Buen Tiempo","Lateral","S/D","Colisión","Ninguna","Faltante","Ninguna","Sin restricción"
2016,9060,12/23/2016,"Viernes",0,21:10:00,,"0.0",2,"Automóvil,Moto/Ciclomotor","San Martin Y Ayolas",2,1,0,0,1,0,0,,"Avenida",,"ROSARIO","Rosario","Asfalto","No existe","II","Dentro","Urbana","Semáforo","Funciona","Intersección","Bueno","Buena","Nocturna","Buen Tiempo","Lateral","S/D","Colisión","Ninguna","Vertical","Ninguna","Sin restricción"
2016,9061,12/22/2016,"Jueves",0,14:00:00,,"0.0",2,"Automóvil,Moto/Ciclomotor","Sarmiento Y Gaboto",3,2,0,0,1,0,0,,"Calle",,"ROSARIO","Rosario","Asfalto","No existe","II","Dentro","Urbana","Ninguna","No existe","Intersección","Bueno","Buena","Diurna","Buen Tiempo","Lateral","S/D","Colisión","Ninguna","Faltante","Ninguna","Sin restricción"
2016,9062,12/12/2016,"Lunes",0,18:35:00,,"0.0",2,"Moto/Ciclomotor,Automóvil","24 De Setiembre 1400",2,1,0,0,1,0,0,,"Calle",,"ROSARIO","Rosario","Asfalto","No existe","II","Dentro","Urbana","Ninguna","No existe","Intersección","Bueno","Buena","Diurna","Buen Tiempo","Lateral","S/D","Colisión","Ninguna","Faltante","Ninguna","Sin restricción"
2016,9063,12/22/2016,"Jueves",0,12:30:00,,"0.0",2,"Moto/Ciclomotor,Automóvil","Paraguay Y Saavedra",2,1,0,0,1,0,0,,"Calle",,"ROSARIO","Rosario","Asfalto","No existe","II","Dentro","Urbana","Ninguna","No existe","Intersección","Bueno","Buena","Diurna","Buen Tiempo","Lateral","S/D","Colisión","Ninguna","Faltante","Ninguna","Sin restricción"
2016,9064,12/16/2016,"Viernes",0,13:40:00,,"0.0",2,"Automóvil,Bicicleta","Av. Uriburu Y España",2,1,0,0,1,0,0,,"Calle",,"ROSARIO","Rosario","Asfalto","No existe","II","Dentro","Urbana","Semáforo","Funciona","Intersección","Bueno","Buena","Diurna","Buen Tiempo","S/D","Ciclista","Atropello","Ninguna","Vertical","Ninguna","Sin restricción"
2016,9065,12/12/2016,"Lunes",0,16:40:00,,"0.0",2,"Transporte de Pasajeros Urbano (> 8 asientos),Moto/Ciclomotor","Rodriguez Y Av. Uriburu",2,1,0,0,1,0,0,,"Avenida",,"ROSARIO","Rosario","Asfalto","No existe","II","Dentro","Urbana","Ninguna","No existe","Intersección","Bueno","Buena","Diurna","Buen Tiempo","Lateral","S/D","Colisión","Ninguna","Faltante","Ninguna","Sin restricción"
2016,9066,12/12/2016,"Lunes",0,3:00:00,,"0.0",2,"Automóvil,Taxi/Remis","España Y Juan Canals",3,1,0,0,2,0,0,,"Calle",,"ROSARIO","Rosario","Asfalto","No existe","II","Dentro","Urbana","Ninguna","No existe","Intersección","Bueno","Buena","Nocturna","Buen Tiempo","Lateral","S/D","Colisión","Ninguna","Faltante","Ninguna","Sin restricción"
2016,9067,12/10/2016,"Sabado",0,14:20:00,,"0.0",2,"Taxi/Remis,Moto/Ciclomotor","Colon Y Riobamba",3,2,0,0,1,0,0,,"Calle",,"ROSARIO","Rosario","Asfalto","No existe","II","Dentro","Urbana","S/D","S/D","Intersección","Bueno","Buena","Diurna","Buen Tiempo","S/D","S/D","Colisión","Ninguna","S/D","S/D","Sin restricción"
2016,9068,12/11/2016,"Domingo",0,14:40:00,,"0.0",2,"Automóvil,Automóvil","San Martin Y Dr.Rivas",5,2,0,0,3,0,0,,"Calle",,"ROSARIO","Rosario","Asfalto","No existe","II","Dentro","Urbana","Ninguna","No existe","Intersección","Bueno","Buena","Diurna","Buen Tiempo","Lateral","S/D","Colisión","Ninguna","Faltante","Ninguna","Sin restricción"
2016,9069,12/21/2016,"Miercoles",0,12:05:00,,"0.0",2,"Bicicleta,Automóvil","Buenos Aires Y Viamonte",2,1,0,0,1,0,0,,"Calle",,"ROSARIO","Rosario","Asfalto","No existe","II","Dentro","Urbana","S/D","S/D","Intersección","Bueno","Buena","Diurna","Buen Tiempo","S/D","Ciclista","Atropello","Ninguna","S/D","S/D","Sin restricción"
2016,9070,12/9/2016,"Viernes",0,11:20:00,,"0.0",2,"Automóvil,Moto/Ciclomotor","Av. Ovidio Lagos Y Uruguay",2,0,1,0,1,0,0,,"Calle",,"ROSARIO","Rosario","Asfalto","No existe","II","Dentro","Urbana","Ninguna","No existe","Intersección","Bueno","Buena","Diurna","Buen Tiempo","Lateral","S/D","Colisión","Ninguna","Faltante","Ninguna","Sin restricción"
2016,9071,12/22/2016,"Jueves",0,10:10:00,,"0.0",2,"Moto/Ciclomotor,Automóvil","L.N.Alem Y Ituzaingo",3,0,1,0,2,0,0,,"Calle",,"ROSARIO","Rosario","Asfalto","No existe","II","Dentro","Urbana","Señal Pare","S/D","Intersección","Bueno","Buena","Diurna","Buen Tiempo","Lateral","S/D","Colisión","Ninguna","Horizontal","S/D","Sin restricción"
2016,9072,12/8/2016,"Jueves",0,15:15:00,,"0.0",2,"Automóvil,Moto/Ciclomotor","24 De Setiembre Y Callao",2,1,0,0,1,0,0,,"Calle",,"ROSARIO","Rosario","Asfalto","No existe","II","Dentro","Urbana","Ninguna","No existe","Intersección","Bueno","Buena","Diurna","Buen Tiempo","Lateral","S/D","Colisión","S/D","Faltante","Ninguna","Sin restricción"
2016,9073,12/7/2016,"Miercoles",0,9:00:00,,"0.0",2,"Moto/Ciclomotor,Automóvil","Av. Uriburu Y Mitre",2,1,0,0,1,0,0,,"Calle",,"ROSARIO","Rosario","Asfalto","No existe","II","Dentro","Urbana","Ninguna","No existe","Intersección","Bueno","Buena","Diurna","Buen Tiempo","Lateral","S/D","Colisión","S/D","Faltante","Ninguna","Sin restricción"
2016,9074,12/27/2016,"Martes",0,9:50:00,,"0.0",2,"Automóvil,Automóvil","L.N.Alem Y Bv. 27 De Febrero",2,1,0,0,1,0,0,,"Avenida",,"ROSARIO","Rosario","Asfalto","No existe","II","Dentro","Urbana","Semáforo","Intermitente","Intersección","Bueno","Buena","Diurna","Buen Tiempo","Lateral","S/D","Colisión","Ninguna","Vertical","S/D","Sin restricción"
2016,9075,12/6/2016,"Martes",0,17:00:00,,"0.0",2,"Moto/Ciclomotor,Automóvil","San Martin Y Biedma",2,1,0,0,1,0,0,,"Calle",,"ROSARIO","Rosario","Asfalto","No existe","II","Dentro","Urbana","Ninguna","No existe","Intersección","Bueno","Buena","Diurna","Buen Tiempo","Lateral","S/D","Colisión","Ninguna","Faltante","Ninguna","Sin restricción"
2016,9076,12/28/2016,"Miercoles",0,12:00:00,,"0.0",2,"Automóvil,Moto/Ciclomotor","Buenos Aires 1700",2,1,0,0,1,0,0,,"Calle",,"ROSARIO","Rosario","Asfalto","No existe","II","Dentro","Urbana","S/D","S/D","Recta","Bueno","Buena","Diurna","Buen Tiempo","S/D","S/D","Colisión","Ninguna","S/D","S/D","Sin restricción"
2016,9077,12/6/2016,"Martes",0,18:30:00,,"0.0",2,"Bicicleta,Pickup/Utilitario","Entre Rios Y Centeno",2,1,0,0,1,0,0,,"Calle",,"ROSARIO","Rosario","Asfalto","No existe","II","Dentro","Urbana","Ninguna","No existe","Intersección","Bueno","Buena","Diurna","Buen Tiempo","S/D","S/D","Colisión","Ninguna","Faltante","Ninguna","Sin restricción"
2016,9078,12/6/2016,"Martes",0,11:15:00,,"0.0",2,"Peatón,Automóvil","Cerrito Y Mariano Moreno",2,1,0,0,1,0,0,,"Calle",,"ROSARIO","Rosario","Asfalto","S/D","II","Dentro","Urbana","Ninguna","S/D","Intersección","Bueno","Buena","Diurna","Buen Tiempo","S/D","Peatón","Atropello","S/D","S/D","Barrera de hormigón","S/D"
2016,9079,12/4/2016,"Domingo",0,7:40:00,,"0.0",1,"Automóvil","Av. Pellegrini 2900",2,2,0,0,0,0,0,,"Avenida",,"ROSARIO","Rosario","Asfalto","S/D","II","Dentro","Urbana","S/D","S/D","Recta","Bueno","Buena","Diurna","Buen Tiempo","S/D","S/D","Vuelco","S/D","S/D","Cordón divisorio","Sin restricción"
2016,9080,12/5/2016,"Lunes",0,20:00:00,,"0.0",2,"Moto/Ciclomotor,Automóvil","San Martin Y J.M.Gutierrez",2,1,0,0,1,0,0,,"Calle",,"ROSARIO","Rosario","Asfalto","No existe","II","Dentro","Urbana","Ninguna","No existe","Intersección","Bueno","Buena","Atardecer","Buen Tiempo","Lateral","S/D","Colisión","Ninguna","Faltante","Ninguna","Sin restricción"
2016,9081,10/3/2016,"Lunes",0,22:00:00,,"0.0",2,"Bicicleta,Moto/Ciclomotor","Bv. 27 De Febrero Y Av. Ovidio Lagos",2,2,0,0,0,0,0,,"S/D",,"ROSARIO","Rosario","Asfalto","S/D","II","S/D","S/D","Semáforo","S/D","Intersección","Bueno","S/D","Nocturna","Buen Tiempo","S/D","Ciclista","Atropello","Ninguna","Horizontal","Cordón divisorio","Sin restricción"
2016,9082,12/2/2016,"Viernes",0,22:10:00,,"0.0",2,"Moto/Ciclomotor,Automóvil","Av. Uriburu Y Santiago",2,1,0,0,1,0,0,,"Avenida",,"ROSARIO","Rosario","Asfalto","No existe","II","Dentro","Urbana","Ninguna","No existe","Intersección","Bueno","Buena","Nocturna","Buen Tiempo","Lateral","S/D","Colisión","Ninguna","Faltante","Ninguna","Sin restricción"
2016,9083,12/3/2016,"Sabado",0,20:30:00,,"0.0",2,"Automóvil,Automóvil","Cerrito Y España",3,2,0,0,1,0,0,,"Calle",,"ROSARIO","Rosario","Asfalto","No existe","II","Dentro","Urbana","Ninguna","No existe","Intersección","Bueno","Buena","Nocturna,Con luz artificial","Buen Tiempo","S/D","S/D","Atropello","S/D","Faltante","Ninguna","Sin restricción"
2016,9084,12/1/2016,"Jueves",0,9:30:00,,"0.0",2,"Automóvil,Bicicleta","L.N.Alem Y La Paz",2,1,0,0,1,0,0,,"Calle",,"ROSARIO","Rosario","Asfalto","No existe","II","Dentro","Urbana","S/D","No existe","Intersección","Bueno","Buena","Diurna","Buen Tiempo","S/D","Ciclista","Atropello","Ninguna","S/D","Línea divisoria pintada","Sin restricción"
2016,9085,12/1/2016,"Jueves",0,12:00:00,,"0.0",2,"Automóvil,Bicicleta","Laprida Y Ocampo",2,1,0,0,1,0,0,,"Calle",,"ROSARIO","Rosario","Asfalto","No existe","II","Dentro","Urbana","S/D","S/D","Intersección","Bueno","Buena","Diurna","Buen Tiempo","S/D","Ciclista","Atropello","Ninguna","S/D","S/D","Sin restricción"
2016,9086,12/3/2016,"Sabado",0,14:20:00,,"0.0",2,"Automóvil,Automóvil","Italia Y Amenabar",4,1,0,0,3,0,0,,"Calle",,"ROSARIO","Rosario","Asfalto","No existe","II","Dentro","Urbana","Ninguna","No existe","Intersección","Bueno","Buena","Diurna","Buen Tiempo","Lateral","S/D","Colisión","Ninguna","Faltante","Ninguna","Sin restricción"
2016,9087,12/4/2016,"Domingo",0,20:20:00,,"0.0",2,"Moto/Ciclomotor,Automóvil","Buenos Aires Y Pasco",2,1,0,0,0,0,1,,"Calle",,"ROSARIO","Rosario","Asfalto","No existe","II","Dentro","Urbana","S/D","S/D","Intersección","Bueno","Buena","Nocturna","Buen Tiempo","Lateral","S/D","Colisión","Ninguna","S/D","S/D","Sin restricción"
2016,9088,12/6/2016,"Martes",0,11:30:00,,"0.0",2,"Pickup/Utilitario,Peatón","Cochabamba Y L.N.Alem",2,1,0,0,1,0,0,,"Calle",,"ROSARIO","Rosario","Asfalto","No existe","II","Dentro","Urbana","S/D","S/D","Intersección","S/D","Buena","Diurna","Buen Tiempo","S/D","S/D","Atropello","Ninguna","S/D","S/D","Sin restricción"
2016,9089,12/3/2016,"Sabado",0,,,"0.0",2,"Automóvil,Moto/Ciclomotor","Vera Mujica Y Gdor Mariano Cabal",2,1,0,0,1,0,0,,"Calle",,"SANTA FE","La Capital","Asfalto","Pavimento","I","Dentro","Urbana","S/D","No existe","Intersección","Bueno","Buena","Atardecer","Buen Tiempo","Frontal","S/D","Colisión","S/D","Faltante","S/D","Sin restricción"
2016,9090,12/11/2016,"Domingo",0,,,"0.0",2,"Moto/Ciclomotor,Moto/Ciclomotor","Vera Mujica Y Gdor Mariano Cabal",2,1,0,0,1,0,0,,"Calle",,"SANTA FE","La Capital","Asfalto","S/D","I","Dentro","Urbana","S/D","No existe","Intersección","Bueno","Buena","Diurna","S/D","S/D","S/D","Colisión","S/D","Faltante","S/D","S/D"
2016,9091,12/3/2016,"Sabado",0,17:00:00,,"0.0",2,"Automóvil,Moto/Ciclomotor","Av. Pellegrini Y Av. Ovidio Lagos",3,1,0,0,2,0,0,,"Avenida",,"ROSARIO","Rosario","Asfalto","No existe","II","Dentro","Urbana","Semáforo","Funciona","Intersección","Bueno","Buena","Diurna","Buen Tiempo","Lateral","S/D","Colisión","S/D","Vertical","Línea divisoria pintada","Sin restricción"
2016,9092,10/22/2016,"Sabado",0,7:00:00,"Ruta Nacional 8","347.0",3,"Automóvil,Camión c / Acoplado,Camión c / Semirremolque"," ",3,0,0,0,2,1,0,"-33.828438, -61.794744","Ruta",8,"CHAPUY","General López","Asfalto","Natural","VIII","S/D","S/D","Ninguna","No existe","Recta","Bueno","Buena","Amanecer","Buen Tiempo","Múltiple","S/D","Colisión","Ninguna","Horizontal","Línea divisoria pintada","Sin restricción"
2016,9093,12/28/2016,"Miercoles",0,15:00:00,,"0.0",2,"Bicicleta,Moto/Ciclomotor"," ",2,1,0,0,1,0,0,,"S/D",,"SANTA FE","La Capital","Asfalto","No existe","I","Dentro","Urbana","Ninguna","No existe","Puente","Con baches","Buena","Diurna","Buen Tiempo","Otro","Ciclista","Atropello","Ninguna","Faltante","Ninguna","Sin restricción"
2016,9094,12/27/2016,"Martes",0,6:20:00,,"0.0",2,"Automóvil,Bicicleta","Amenabar Y Av Urquiza",2,1,0,0,1,0,0,,"Avenida",,"SANTA FE","La Capital","Asfalto","No existe","I","Dentro","Urbana","Ninguna","No existe","Intersección","Con baches","Buena","Amanecer","Buen Tiempo","S/D","S/D","Atropello","Ninguna","Faltante","Ninguna","Sin restricción"
2016,9095,12/22/2016,"Jueves",0,22:40:00,,"0.0",2,"Pickup/Utilitario,Camión Chasis","San Lorenzo Y Moreno",3,2,0,0,1,0,0,,"Calle",,"SANTA FE","La Capital","Asfalto","No existe","I","Dentro","Urbana","Ninguna","No existe","Intersección","Con baches","S/D","Nocturna","Buen Tiempo","Lateral","S/D","Colisión","Ninguna","Faltante","Ninguna","Sin restricción"
2016,9096,12/22/2016,"Jueves",0,21:40:00,,"0.0",2,"Automóvil,Moto/Ciclomotor","San Lorenzo Y Corrientes",2,1,0,0,1,0,0,,"Avenida",,"SANTA FE","La Capital","Asfalto","S/D","I","S/D","Urbana","Ninguna","No existe","Intersección","Con baches","S/D","S/D","Buen Tiempo","De alcance","S/D","Colisión","S/D","S/D","Ninguna","Sin restricción"
2016,9097,12/20/2016,"Martes",0,16:00:00,,"0.0",2,"Moto/Ciclomotor,Automóvil","Intendente Manuel Irigoyen ",2,1,0,0,1,0,0,,"Avenida",,"SANTA FE","La Capital","Asfalto","Pavimento","I","S/D","Urbana","Ninguna","No existe","Recta","Con baches","Buena","Diurna","Buen Tiempo","Frontal","S/D","Colisión","Ninguna","S/D","Ninguna","Sin restricción"
2016,9098,12/16/2016,"Viernes",0,23:50:00,,"0.0",2,"Moto/Ciclomotor,Automóvil","Av Freyre Y 3 de Febrero",2,1,0,0,1,0,0,,"Avenida",,"SANTA FE","La Capital","Asfalto","No existe","I","Dentro","Urbana","Ninguna","No existe","Intersección","Con baches","Buena","Nocturna","Buen Tiempo","Lateral","S/D","Colisión","Ninguna","Faltante","Ninguna","S/D"
2016,9099,12/1/2016,"Jueves",0,8:30:00,,"0.0",2,"Moto/Ciclomotor,Automóvil","Mitre Y La Paz",2,1,0,0,1,0,0,,"Calle",,"ROSARIO","Rosario","Asfalto","No existe","II","Dentro","Urbana","S/D","S/D","Intersección","Bueno","Buena","Diurna","Buen Tiempo","Lateral","S/D","Colisión","S/D","S/D","Ninguna","S/D"
2016,9100,12/3/2016,"Sabado",0,13:10:00,,"0.0",2,"Automóvil,Automóvil","Bv Galvez Y Dorrego",2,1,0,0,1,0,0,,"Avenida",,"SANTA FE","La Capital","Asfalto","No existe","I","Dentro","Urbana","Semáforo","Funciona","Intersección","Bueno","Buena","Diurna","Buen Tiempo","Lateral","S/D","Colisión","Ninguna","S/D","Ninguna","Sin restricción"
2016,9101,12/1/2016,"Jueves",0,11:45:00,,"0.0",2,"Moto/Ciclomotor,Pickup/Utilitario","Virasoro Y Suipacha",3,1,0,0,2,0,0,,"Calle",,"ROSARIO","Rosario","Asfalto","No existe","II","Dentro","Urbana","S/D","S/D","Intersección","Bueno","Buena","Diurna","Buen Tiempo","Lateral","S/D","Colisión","S/D","S/D","Ninguna","S/D"
2016,9102,12/5/2016,"Lunes",0,11:00:00,,"0.0",2,"Automóvil,Moto/Ciclomotor","Bv Galvez Y Dorrego",2,1,0,0,1,0,0,,"Avenida",,"SANTA FE","La Capital","Asfalto","No existe","I","Dentro","Urbana","Ninguna","S/D","Intersección","Bueno","Buena","Diurna","Buen Tiempo","Lateral","S/D","Colisión","Ninguna","S/D","Ninguna","Sin restricción"
2016,9103,12/6/2016,"Martes",0,16:05:00,,"0.0",2,"Automóvil,Automóvil","Alvear Y Pje Grilli",2,1,0,0,1,0,0,,"Calle",,"SANTA FE","La Capital","Asfalto","No existe","I","S/D","Urbana","Ninguna","S/D","Intersección","Bueno","Buena","Diurna","Buen Tiempo","Lateral","S/D","Colisión","Ninguna","S/D","Ninguna","Sin restricción"
2016,9104,12/15/2016,"Jueves",0,7:50:00,,"0.0",2,"Moto/Ciclomotor,Automóvil","Entre Rios Y Bv. Segui",2,0,1,0,1,0,0,,"Calle",,"ROSARIO","Rosario","Asfalto","No existe","II","Dentro","Urbana","S/D","No existe","Intersección","Bueno","Buena","Diurna","Buen Tiempo","Lateral","S/D","Colisión","Ninguna","Faltante","Ninguna","Sin restricción"
2016,9105,12/11/2016,"Domingo",0,20:00:00,"Ruta Nacional 168","0.0",2,"Automóvil,Automóvil","PUENTE OROÑO ",4,2,0,0,2,0,0,,"Ruta",168,"SANTA FE","La Capital","Hormigón","No existe","I","Dentro","Urbana","Ninguna","No existe","Puente","Bueno","S/D","Nocturna,Con luz artificial","Buen Tiempo","S/D","S/D","Colisión","Ninguna","S/D","S/D","Sin restricción"
2016,9106,12/14/2016,"Miercoles",0,14:30:00,,"0.0",2,"Pickup/Utilitario,Moto/Ciclomotor","Balcarce Y Lamadrid",3,2,0,0,1,0,0,,"Calle",,"ROSARIO","Rosario","Asfalto","No existe","II","Dentro","Urbana","Ninguna","No existe","Intersección","Bueno","Buena","Diurna","Buen Tiempo","Lateral","S/D","Colisión","S/D","Faltante","Ninguna","Sin restricción"
2016,9107,12/11/2016,"Domingo",0,0:45:00,,"0.0",2,"Automóvil,Moto/Ciclomotor","Amenabar 3218",2,1,0,0,1,0,0,,"Calle",,"SANTA FE","La Capital","Asfalto","No existe","I","S/D","Urbana","Ninguna","No existe","Intersección","Bueno","Buena","Nocturna,Con luz artificial","Buen Tiempo","Lateral","S/D","Colisión","S/D","S/D","Ninguna","Sin restricción"
2016,9108,12/11/2016,"Domingo",0,18:50:00,,"0.0",2,"Automóvil,Automóvil","Las Heras Y Av Leandro Alem",2,1,0,0,1,0,0,,"Avenida",,"SANTA FE","La Capital","Asfalto","No existe","I","Dentro","Urbana","S/D","S/D","Intersección","Bueno","Buena","Diurna","Buen Tiempo","Lateral","S/D","Colisión","Ninguna","S/D","S/D","Sin restricción"