"anio_acci","nro_acci","fecha","desc_dia","fecha_aprox","hora_aprox","desc_ruta","km","cant_participantes","desc_participante","calle_avenida_km","total","heridos_leves","heridos_graves","heridos_gravisimos","ilesos","fallecidos","sin_datos","posicion_XY","desc_tipo_via","desc_ruta_ori","desc_loc","desc_dpto","desc_tipo_calzada","desc_tipo_banquina","desc_unidad_regional","desc_lugar_calzada","desc_zona","desc_prioridad","desc_estado_semaforo","desc_lugar_via","desc_estado_via","desc_estado_visibilidad","desc_luminosidad","desc_estado_clima","desc_tipo_colision","desc_tipo_atropello","desc_tipo_hecho","desc_pres_calzada","desc_senializacion","desc_separacion_via","desc_restriccion"
2016,9109,12/12/2016,"Lunes",0,21:30:00,,"0.0",1,"Bicicleta","PUENTE COLGANTE ",1,1,0,0,0,0,0,,"Calle",,"SANTA FE","La Capital","Asfalto","No existe","I","Dentro","Urbana","S/D","No existe","Puente","Bueno","Buena","Nocturna,Con luz artificial","Buen Tiempo","S/D","S/D","Caída ocupante","Ninguna","S/D","S/D","Sin restricción"
2016,9110,12/14/2016,"Miercoles",0,17:00:00,,"0.0",1,"Moto/Ciclomotor","Sargento Cabral Y Sarmiento",2,1,0,0,0,0,1,,"Calle",,"SANTA FE","La Capital","Asfalto","No existe","I","Dentro","Urbana","Ninguna","S/D","Intersección","Bueno","Buena","Diurna","Buen Tiempo","Lateral","S/D","Colisión","S/D","S/D","Ninguna","Sin restricción"
2016,9111,12/15/2016,"Jueves",0,,,"0.0",2,"Automóvil,Bicicleta","Don Guanella Y Las Heras",2,1,0,0,1,0,0,,"Calle",,"SANTA FE","La Capital","Asfalto","No existe","I","Dentro","Urbana","S/D","S/D","Intersección","Bueno","S/D","S/D","Buen Tiempo","Lateral","S/D","Colisión","Ninguna","S/D","S/D","Sin restricción"
2016,9112,12/16/2016,"Viernes",0,7:00:00,,"0.0",2,"Automóvil,Moto/Ciclomotor","Candioti Y Luciano Molinas",2,1,0,0,1,0,0,,"Calle",,"SANTA FE","La Capital","Asfalto","No existe","I","Dentro","Urbana","S/D","No existe","Intersección","Bueno","S/D","Diurna","Buen Tiempo","Lateral","S/D","Colisión","S/D","S/D","Ninguna","S/D"
2016,9113,12/16/2016,"Viernes",0,18:45:00,,"0.0",3,"Automóvil,Automóvil,Automóvil","Bv Galvez Y Dorrego",3,2,0,0,1,0,0,,"Avenida",,"SANTA FE","La Capital","Asfalto","No existe","I","Dentro","Urbana","S/D","Funciona","Intersección","Bueno","Buena","Atardecer","S/D","Múltiple","S/D","Colisión","S/D","S/D","Cordón divisorio","Sin restricción"
2016,9114,12/19/2016,"Lunes",0,8:45:00,,"0.0",2,"Automóvil,Moto/Ciclomotor","Sargento Cabral Y Candioti",2,1,0,0,1,0,0,,"Calle",,"SANTA FE","La Capital","Asfalto","No existe","I","Dentro","Urbana","Ninguna","No existe","Intersección","Bueno","S/D","Diurna","Buen Tiempo","Lateral","S/D","Colisión","S/D","S/D","Ninguna","Sin restricción"
2016,9115,12/19/2016,"Lunes",0,12:00:00,,"0.0",2,"Automóvil,Moto/Ciclomotor","Alvear Y Chacabuco",2,1,0,0,1,0,0,,"Calle",,"SANTA FE","La Capital","Asfalto","No existe","I","Dentro","Urbana","S/D","S/D","Intersección","Bueno","S/D","Diurna","Buen Tiempo","Lateral","S/D","Colisión","S/D","S/D","Ninguna","Sin restricción"
2016,9116,12/19/2016,"Lunes",0,13:30:00,,"0.0",2,"Automóvil,Automóvil","Laprida Y Bv Galvez",2,1,0,0,1,0,0,,"Avenida",,"SANTA FE","La Capital","Asfalto","No existe","I","Dentro","Urbana","S/D","No existe","Intersección","Bueno","S/D","Diurna","Buen Tiempo","Lateral","S/D","Colisión","S/D","S/D","Vegetación","Sin restricción"
2016,9117,12/20/2016,"Martes",0,6:20:00,,"0.0",2,"Moto/Ciclomotor,Automóvil","San Luis Y Bv Galvez",2,1,0,0,1,0,0,,"Calle",,"SANTA FE","La Capital","Asfalto","No existe","I","Dentro","Urbana","Semáforo","Funciona","Intersección","Bueno","Buena","Amanecer","S/D","Lateral","S/D","Colisión","S/D","S/D","Vegetación","Sin restricción"
2016,9118,12/20/2016,"Martes",0,20:35:00,,"0.0",2,"Taxi/Remis,Automóvil","Pedro Centeno 2861",2,1,0,0,1,0,0,,"Calle",,"SANTA FE","La Capital","Asfalto","No existe","I","Dentro","Urbana","Ninguna","S/D","Recta","Bueno","S/D","Amanecer","Buen Tiempo","Frontal","S/D","Colisión","S/D","S/D","Ninguna","Sin restricción"
2016,9119,12/20/2016,"Martes",0,18:10:00,"Ruta Nacional 168","0.0",2,"Moto/Ciclomotor,Moto/Ciclomotor"," ",2,1,0,0,0,0,1,,"Ruta",168,"SANTA FE","La Capital","Asfalto","Natural","I","Dentro","Urbana","S/D","No existe","Recta","Bueno","S/D","Atardecer","S/D","Lateral","S/D","Colisión","S/D","S/D","Línea divisoria pintada","Sin restricción"
2016,9120,12/21/2016,"Miercoles",0,16:50:00,"Ruta Nacional 168","3.0",2,"Automóvil,Moto/Ciclomotor"," ",2,1,0,0,1,0,0,,"Ruta",168,"SANTA FE","La Capital","Hormigón","Ripio","I","Dentro","Urbana","Ninguna","No existe","Recta","Bueno","Buena","Diurna","Buen Tiempo","Lateral","S/D","Colisión","Ninguna","S/D","Barrera de hormigón","Sin restricción"
2016,9121,12/20/2016,"Martes",0,19:45:00,"Ruta Nacional 168","2.0",2,"Moto/Ciclomotor,Automóvil"," ",3,1,0,0,2,0,0,,"Ruta",168,"SANTA FE","La Capital","Asfalto","Ripio","I","Dentro","S/D","Ninguna","No existe","Recta","Bueno","Buena","Diurna","Buen Tiempo","S/D","S/D","Colisión","Ninguna","S/D","Barrera de hormigón","Sin restricción"
2016,9122,12/7/2016,"Miercoles",0,19:20:00,,"0.0",2,"Moto/Ciclomotor,Pickup/Utilitario","H Irigoyen Y Uruguay",2,1,0,0,1,0,0,,"Calle",,"RUFINO","General López","Asfalto","No existe","XVIII","Dentro","Urbana","S/D","S/D","Recta","S/D","S/D","Atardecer","S/D","S/D","S/D","Colisión","S/D","S/D","S/D","S/D"
2016,9123,12/15/2016,"Jueves",0,15:10:00,,"0.0",2,"Moto/Ciclomotor,Pickup/Utilitario","Antonio Martin Y Asamblea",2,1,0,0,1,0,0,,"Calle",,"RUFINO","General López","S/D","S/D","XVIII","S/D","Urbana","S/D","S/D","Recta","S/D","S/D","Diurna","S/D","S/D","S/D","Colisión","S/D","S/D","S/D","S/D"
2016,9124,12/17/2016,"Sabado",0,7:30:00,,"0.0",1,"Moto/Ciclomotor","Domingo F. Sarmiento Y Mendoza",1,1,0,0,0,0,0,,"Calle",,"FIRMAT","General López","Asfalto","Pavimento","XVIII","Dentro","Urbana","Ninguna","No existe","Recta","Bueno","Buena","Diurna","Buen Tiempo","Contra objeto fijo","S/D","Colisión","Ninguna","Horizontal","Cordón divisorio","Sin restricción"
2016,9125,12/5/2016,"Lunes",0,7:30:00,,"0.0",2,"Pickup/Utilitario,Moto/Ciclomotor","Cordoba Y 9 de Julio",2,1,0,0,1,0,0,,"Calle",,"MURPHY","General López","Asfalto","No existe","VIII","S/D","Urbana","Ninguna","No existe","Intersección","Bueno","Buena","Diurna","Buen Tiempo","Lateral","S/D","Colisión","Ninguna","S/D","Ninguna","Sin restricción"
2016,9126,12/2/2016,"Viernes",0,13:30:00,"Ruta Nacional 168","0.0",2,"Camión c / Acoplado,Camión Chasis"," ",3,1,0,0,1,0,1,,"Ruta",168,"SANTA FE","La Capital","Asfalto","Pavimento","I","Dentro","Urbana","Ninguna","No existe","Recta","Bueno","S/D","Diurna","Lluvia","Otro","S/D","Colisión","Ninguna","Vertical","Barrera de hormigón","Sin restricción"
2016,9127,12/18/2016,"Domingo",0,21:25:00,,"0.0",2,"Camión c / Acoplado,Moto/Ciclomotor","Avda 9 de Julio Ruta Nac 33 1500",2,1,0,0,1,0,0,,"Avenida",,"FIRMAT","General López","Asfalto","Natural","VIII","S/D","Urbana","Ninguna","No existe","Recta","Bueno","Buena","Nocturna","Buen Tiempo","Frontal","S/D","Colisión","Ninguna","Faltante","Ninguna","Sin restricción"
2016,9128,12/28/2016,"Miercoles",0,21:20:00,,"0.0",2,"Moto/Ciclomotor,Automóvil","Boulevard Colon 1300",2,1,0,0,1,0,0,,"Avenida",,"FIRMAT","General López","Asfalto","No existe","VIII","S/D","Urbana","Ninguna","No existe","Recta","Bueno","Buena","Nocturna","Buen Tiempo","Frontal","S/D","Colisión","Ninguna","Faltante","Ninguna","Sin restricción"
2016,9129,12/27/2016,"Martes",0,12:35:00,,"0.0",2,"Moto/Ciclomotor,Automóvil","Buenos Aires Y Perito Moreno",2,0,0,0,1,0,1,,"S/D",,"FIRMAT","General López","Asfalto","S/D","VIII","S/D","Urbana","S/D","No existe","Intersección","Bueno","Buena","Diurna","Buen Tiempo","Frontal,Lateral","S/D","Colisión","Ninguna","S/D","Ninguna","Sin restricción"
2016,9130,12/26/2016,"Lunes",0,23:17:00,,"0.0",2,"Automóvil,Moto/Ciclomotor","Avda Santa Fe Y Carlos Casado",2,0,1,0,1,0,0,,"Calle",,"FIRMAT","General López","Asfalto","No existe","VIII","Dentro","Urbana","Semáforo","Intermitente","Intersección","Bueno","Buena","Nocturna","Buen Tiempo","Lateral","S/D","Colisión","Ninguna","Faltante","Ninguna","Sin restricción"
2016,9131,12/22/2016,"Jueves",0,3:15:00,,"0.0",1,"Automóvil","Cincuentenario Y 30 de Agosto",2,1,0,0,1,0,0,,"Avenida",,"FIRMAT","General López","Asfalto","No existe","VIII","Fuera","Urbana","Ninguna","No existe","Recta","Bueno","Buena","Nocturna","Buen Tiempo","Contra objeto fijo","S/D","Colisión","Ninguna","Faltante","Barrera de hormigón","Sin restricción"
2016,9132,12/11/2016,"Domingo",0,6:20:00,,"0.0",1,"Automóvil"," ",1,0,0,0,0,0,1,,"S/D",,"RUFINO","General López","Asfalto","S/D","VII","S/D","Urbana","S/D","S/D","Recta","Bueno","Buena","Diurna","S/D","S/D","S/D","Vuelco","S/D","S/D","S/D","S/D"
2016,9133,12/22/2016,"Jueves",0,8:40:00,,"0.0",2,"Pickup/Utilitario,Peatón","San Juan Y H Irigoyen",2,1,0,0,0,0,1,,"S/D",,"RUFINO","General López","S/D","S/D","VII","S/D","S/D","S/D","S/D","Intersección","S/D","S/D","Diurna","S/D","S/D","Peatón","Atropello","S/D","S/D","S/D","S/D"
2016,9134,12/30/2016,"Viernes",0,22:20:00,,"0.0",2,"Moto/Ciclomotor,Automóvil","San Martin Y Mitre",2,1,0,0,0,0,1,,"S/D",,"CARCARAÑÁ","San Lorenzo","Asfalto","No existe","XVII","S/D","Urbana","Marca Vial","No existe","Intersección","Bueno","Buena","Nocturna","Buen Tiempo","Lateral","S/D","Colisión","Ninguna","Vertical","Cordón divisorio","Sin restricción"
2016,9135,12/2/2016,"Viernes",0,17:00:00,"Ruta Provincial 13","98.0",2,"Automóvil,Automóvil"," ",5,1,0,0,4,0,0,,"Ruta",13,"MARIA JUANA","Castellanos","Asfalto","Ripio","V","Dentro","Urbana","Ninguna","No existe","Paso a Nivel FFCC","Con baches,Deteriorada","Buena","Diurna","Lluvia","De alcance","S/D","Colisión","Agua","Horizontal,Vertical","Línea divisoria pintada","Sin restricción"
2016,9136,12/2/2016,"Viernes",0,21:30:00,,"0.0",2,"Pickup/Utilitario,Bicicleta","M Moreno Y Italia",2,1,0,0,1,0,0,,"Calle",,"MARIA JUANA","Castellanos","Hormigón","No existe","V","Dentro","Urbana","Ninguna","No existe","Intersección","Resbaladiza","Buena","Nocturna","Lluvia","S/D","Ciclista","Atropello","Agua","Faltante","Ninguna","Sin restricción"
2016,9137,12/3/2016,"Sabado",0,23:10:00,"Ruta Provincial 66","0.0",1,"Automóvil"," ",3,2,0,0,1,0,0,,"Ruta",66,"MARIA JUANA","Castellanos","Ripio","Natural","V","Dentro","Rural","Ninguna","No existe","Recta","Ahuellamiento","Buena","Nocturna","Buen Tiempo","S/D","S/D","Vuelco","Ninguna","Faltante","Ninguna","Sin restricción"
2016,9138,12/21/2016,"Miercoles",0,21:45:00,,"0.0",2,"Bicicleta,Moto/Ciclomotor"," ",2,2,0,0,0,0,0,,"Calle",,"COLONIA ALDAO","Castellanos","Tierra","No existe","V","S/D","Urbana","Ninguna","No existe","Recta","Bueno","Reducida","Nocturna","Buen Tiempo","S/D","Ciclista","Atropello","Ninguna","Faltante","Ninguna","Sin restricción"
2016,9139,12/16/2016,"Viernes",0,9:00:00,"Ruta Nacional 34","240.0",3,"Camión c / Acoplado,Camión c / Semirremolque,Automóvil"," ",6,2,1,0,3,0,0,,"Ruta",34,"LEHMANN","Castellanos","Asfalto","Natural","V","Dentro","Rural","Marca Vial","No existe","Curva","Bueno","Buena","Diurna","Buen Tiempo","Frontal,Lateral","S/D","Colisión","Ninguna","Vertical","Línea divisoria pintada","Sin restricción"
2016,9140,12/12/2016,"Lunes",0,16:00:00,,"0.0",2,"Automóvil,Bicicleta","3 de Febrero Y Maipu",2,1,0,0,1,0,0,,"Calle",,"RAFAELA","Castellanos","Hormigón","S/D","V","S/D","Urbana","Ninguna","No existe","Intersección","Bueno","Buena","Diurna","Buen Tiempo","S/D","Ciclista","Atropello","S/D","S/D","Cordón divisorio","Sin restricción"
2016,9141,12/6/2016,"Martes",0,16:00:00,,"0.0",2,"Automóvil,Pickup/Utilitario","Colon Y Viamonte",4,1,0,0,3,0,0,,"Calle",,"ROSARIO","Rosario","Asfalto","No existe","II","Dentro","Urbana","S/D","S/D","Intersección","Bueno","Buena","Diurna","Buen Tiempo","S/D","S/D","Colisión","Ninguna","S/D","S/D","Sin restricción"
2016,9142,12/3/2016,"Sabado",0,18:00:00,,"0.0",2,"Automóvil,Taxi/Remis","Av. Uriburu ",3,1,0,0,2,0,0,,"Calle",,"ROSARIO","Rosario","Asfalto","No existe","II","Dentro","Urbana","Ninguna","No existe","Recta","Bueno","Buena","Diurna","Buen Tiempo","De alcance","S/D","Colisión","Ninguna","Faltante","Ninguna","Sin restricción"
2016,9143,12/4/2016,"Domingo",0,19:25:00,,"0.0",2,"Moto/Ciclomotor,Automóvil","Bv. Oroño Y Uruguay",3,2,0,0,1,0,0,,"Avenida",,"ROSARIO","Rosario","Asfalto","No existe","II","Dentro","Urbana","Semáforo","Funciona","Intersección","Bueno","Buena","Atardecer","Buen Tiempo","Lateral","S/D","Colisión","Ninguna","Horizontal","Ninguna","Sin restricción"
2016,9144,12/3/2016,"Sabado",0,20:10:00,,"0.0",2,"Automóvil,Moto/Ciclomotor","Cochabamba Y Colon",3,2,0,0,1,0,0,,"Calle",,"ROSARIO","Rosario","Asfalto","No existe","II","Dentro","Urbana","S/D","S/D","Intersección","S/D","Buena","Atardecer","Buen Tiempo","S/D","S/D","Colisión","Ninguna","S/D","S/D","Sin restricción"
2016,9145,12/9/2016,"Viernes",0,10:15:00,,"0.0",2,"Automóvil,Moto/Ciclomotor","Amenabar Y Lamadrid",3,2,0,0,1,0,0,,"Calle",,"SANTA FE","La Capital","Asfalto","No existe","I","Dentro","Urbana","Ninguna","No existe","Intersección","Bueno","Buena","Diurna","Buen Tiempo","Lateral","S/D","Colisión","S/D","Horizontal","Ninguna","Sin restricción"
2016,9146,12/22/2016,"Jueves",0,11:10:00,,"0.0",2,"Peatón,Automóvil","3 de Febrero Y Santiago de Chile",2,1,0,0,1,0,0,,"Calle",,"SANTA FE","La Capital","Hormigón","No existe","I","Dentro","Urbana","Ninguna","No existe","Intersección","Bueno","Buena","Diurna","Buen Tiempo","S/D","Peatón","Atropello","Ninguna","Horizontal","Ninguna","Sin restricción"
2016,9147,12/10/2016,"Sabado",0,10:00:00,,"0.0",2,"Automóvil,Automóvil","Av Gral Lopez Y Saavedra",2,1,0,0,0,0,1,,"Calle",,"SANTA FE","La Capital","Asfalto","No existe","I","Dentro","Urbana","Ninguna","No existe","Intersección","Con baches","Buena","Diurna","Buen Tiempo","Lateral","S/D","Colisión","Ninguna","Faltante","Ninguna","Sin restricción"
2016,9148,12/10/2016,"Sabado",0,17:00:00,,"0.0",2,"Bicicleta,Automóvil"," ",2,0,1,0,0,0,1,,"Calle",,"SANTA FE","La Capital","Asfalto","No existe","I","Dentro","Urbana","Ninguna","No existe","Recta","Con baches","Buena","Diurna","Buen Tiempo","S/D","Ciclista","Atropello","Ninguna","Faltante","Ninguna","Sin restricción"
2016,9149,12/11/2016,"Domingo",0,21:00:00,,"0.0",2,"Automóvil,Moto/Ciclomotor","Gdor Freyre Y Uruguay",2,2,0,0,0,0,0,,"Calle",,"SANTA FE","La Capital","Asfalto","No existe","I","Dentro","Urbana","Ninguna","No existe","Intersección","Con baches","Buena","Nocturna","Buen Tiempo","Lateral","S/D","Colisión","Ninguna","Faltante","Ninguna","Sin restricción"
2016,9150,12/14/2016,"Miercoles",0,10:50:00,,"0.0",2,"Moto/Ciclomotor,Moto/Ciclomotor","Juan de Garay Y Santiago de Chile",2,1,0,0,1,0,0,,"Calle",,"SANTA FE","La Capital","Asfalto","No existe","I","Dentro","Urbana","Ninguna","No existe","Intersección","Con baches","Buena","Diurna","Buen Tiempo","Lateral","S/D","Colisión","Ninguna","Faltante","Ninguna","Sin restricción"
2016,9151,12/29/2016,"Jueves",0,18:50:00,,"0.0",2,"Automóvil,Peatón","Av Gral Lopez Y Saavedra",2,1,0,0,1,0,0,,"Avenida",,"SANTA FE","La Capital","Asfalto","S/D","I","Dentro","Urbana","S/D","S/D","Intersección","S/D","S/D","Diurna","S/D","S/D","Peatón","Atropello","S/D","S/D","S/D","S/D"
2016,9152,12/4/2016,"Domingo",0,1:45:00,,"0.0",3,"Taxi/Remis,Automóvil,Moto/Ciclomotor"," ",5,4,0,0,1,0,0,,"S/D",,"SANTA FE","La Capital","Hormigón","No existe","I","Dentro","Urbana","Ninguna","No existe","Puente","Bueno","Buena","Con luz artificial","Buen Tiempo","Múltiple","S/D","Colisión","Ninguna","S/D","S/D","Sin restricción"
2016,9153,12/16/2016,"Viernes",0,11:20:00,,"0.0",2,"Automóvil,Moto/Ciclomotor","Av Gral Lopez Y Francia",3,1,0,0,1,0,1,,"Avenida",,"SANTA FE","La Capital","S/D","S/D","I","Dentro","Urbana","Ninguna","S/D","Intersección","S/D","S/D","Diurna","Buen Tiempo","Lateral","S/D","Colisión","S/D","S/D","Ninguna","Sin restricción"
2016,9154,12/22/2016,"Jueves",0,2:40:00,,"0.0",2,"Moto/Ciclomotor,Automóvil","Bernardo de Irigoyen Y Av Circunvalación",5,2,0,0,2,0,1,,"S/D",,"SANTA FE","La Capital","Asfalto","Pavimento","I","S/D","Urbana","Ninguna","No existe","Curva","Con baches","Buena","Nocturna","Buen Tiempo","Lateral","S/D","Colisión","Ninguna","Faltante","Ninguna","Sin restricción"
2016,9155,12/2/2016,"Viernes",0,8:20:00,,"0.0",2,"Automóvil,Moto/Ciclomotor"," ",2,1,0,0,1,0,0,,"S/D",,"SANTA FE","La Capital","Asfalto","No existe","I","Dentro","Urbana","Ninguna","No existe","Recta","Con baches","Buena","Diurna","Buen Tiempo","De alcance","S/D","Colisión","Ninguna","Faltante","Ninguna","Sin restricción"
2016,9156,12/2/2016,"Viernes",0,21:10:00,,"0.0",2,"Automóvil,Moto/Ciclomotor","Av J J Paso Y Dr Zavalla",2,1,0,0,1,0,0,,"Calle",,"SANTA FE","La Capital","Asfalto","No existe","I","Dentro","Urbana","Ninguna","No existe","Intersección","Con baches","Buena","Nocturna","Buen Tiempo","Lateral","S/D","Colisión","Ninguna","Faltante","Ninguna","Sin restricción"
2016,9157,12/6/2016,"Martes",0,15:35:00,,"0.0",2,"Moto/Ciclomotor,Transporte de Pasajeros Urbano (> 8 asientos)","Av Gral Lopez Y Saavedra",2,0,1,0,1,0,0,,"Avenida",,"SANTA FE","La Capital","Asfalto","No existe","I","Dentro","Urbana","Ninguna","No existe","Intersección","Con baches","Buena","Diurna","Buen Tiempo","Lateral","S/D","Colisión","Ninguna","Faltante","Ninguna","Sin restricción"
2016,9158,12/6/2016,"Martes",0,16:15:00,,"0.0",2,"Automóvil,Moto/Ciclomotor","Corrientes Y Santiago de Chile",3,2,0,0,1,0,0,,"Calle",,"SANTA FE","La Capital","Asfalto","No existe","I","Dentro","Urbana","Ninguna","No existe","Intersección","Con baches","Buena","Diurna","Buen Tiempo","Frontal","S/D","Colisión","Ninguna","Faltante","Ninguna","Sin restricción"
2016,9159,12/5/2016,"Lunes",0,0:47:00,,"0.0",1,"Moto/Ciclomotor","Av Almte Brown 4300",2,1,0,0,1,0,0,,"Avenida",,"SANTA FE","La Capital","Asfalto","No existe","I","Dentro","Urbana","Ninguna","No existe","Recta","Bueno","Buena","Nocturna,Con luz artificial","Buen Tiempo","S/D","S/D","Caída ocupante","Ninguna","S/D","Ninguna","Sin restricción"
2016,9160,12/3/2016,"Sabado",0,6:10:00,,"0.0",2,"Automóvil,Moto/Ciclomotor","Bv Galvez Y Las Heras",2,1,0,0,1,0,0,,"Avenida",,"SANTA FE","La Capital","Asfalto","No existe","I","Dentro","Urbana","Semáforo","Funciona","Intersección","Bueno","Buena","Diurna","Buen Tiempo","Lateral","S/D","Colisión","Ninguna","S/D","Ninguna","Sin restricción"
2016,9161,12/20/2016,"Martes",0,6:15:00,,"0.0",2,"Taxi/Remis,Moto/Ciclomotor"," ",2,0,0,0,0,0,2,,"S/D",,"SANTA FE","La Capital","Asfalto","No existe","I","S/D","S/D","S/D","S/D","Recta","Bueno","S/D","Amanecer","S/D","Lateral","S/D","Colisión","S/D","S/D","Cordón divisorio","S/D"
2016,9162,12/25/2016,"Domingo",0,18:00:00,,"0.0",1,"Moto/Ciclomotor","Grand Bourg 3500",1,0,0,0,0,0,1,,"S/D",,"SANTA FE","La Capital","Asfalto","S/D","I","S/D","S/D","S/D","S/D","Recta","S/D","S/D","Diurna","S/D","S/D","S/D","Despiste","S/D","S/D","S/D","S/D"
2016,9163,12/25/2016,"Domingo",0,20:40:00,,"0.0",2,"Automóvil,Moto/Ciclomotor"," ",2,1,0,0,1,0,0,,"S/D",,"SANTA FE","La Capital","Asfalto","Pavimento","I","S/D","Urbana","S/D","No existe","Recta","S/D","S/D","Nocturna","S/D","Lateral","S/D","Colisión","S/D","S/D","Cordón divisorio","S/D"
2016,9164,12/27/2016,"Martes",0,20:30:00,,"0.0",2,"Moto/Ciclomotor,Bicicleta"," ",2,0,0,0,0,0,2,,"S/D",,"SANTA FE","La Capital","Asfalto","S/D","I","S/D","Urbana","S/D","No existe","Intersección","Bueno","S/D","Nocturna","S/D","S/D","Ciclista","Atropello","S/D","S/D","Línea divisoria pintada","S/D"
2016,9165,12/28/2016,"Miercoles",0,13:00:00,,"0.0",2,"Automóvil,Automóvil","Bv Galvez Y Lavalle",2,1,0,0,1,0,0,,"S/D",,"SANTA FE","La Capital","Asfalto","No existe","I","S/D","Urbana","S/D","Funciona","Intersección","S/D","S/D","Diurna","S/D","Lateral","S/D","Colisión","S/D","S/D","Vegetación","S/D"
2016,9166,12/28/2016,"Miercoles",0,17:15:00,,"0.0",2,"Moto/Ciclomotor,Pickup/Utilitario","Bv Galvez Y San Luis",2,1,0,0,0,0,1,,"S/D",,"SANTA FE","La Capital","S/D","S/D","I","S/D","Urbana","S/D","S/D","S/D","S/D","S/D","Diurna","S/D","S/D","S/D","Colisión","S/D","S/D","S/D","S/D"
2016,9167,12/30/2016,"Viernes",0,0:50:00,,"0.0",2,"Moto/Ciclomotor,Automóvil","Bv Galvez Y Avellaneda",2,1,0,0,0,0,1,,"Avenida",,"SANTA FE","La Capital","Asfalto","S/D","I","S/D","Urbana","S/D","S/D","Intersección","S/D","S/D","Diurna","S/D","S/D","S/D","Colisión","S/D","S/D","S/D","S/D"
2016,9168,12/31/2016,"Sabado",0,10:30:00,,"0.0",2,"Bicicleta,Automóvil","25 de Mayo Y Italia",2,1,0,0,1,0,0,,"Calle",,"SUNCHALES","Castellanos","Asfalto","No existe","V","Dentro","Urbana","Ninguna","No existe","Intersección","Bueno","Buena","Diurna","Buen Tiempo","S/D","Ciclista","Atropello","Ninguna","Faltante","Ninguna","Sin restricción"
2016,9169,12/28/2016,"Miercoles",0,16:30:00,,"0.0",2,"Moto/Ciclomotor,Pickup/Utilitario","Av Iriondo Y Italia",2,1,0,0,1,0,0,,"Calle",,"SAN JUSTO","San Justo","Hormigón","No existe","XVI","Dentro","Urbana","Ninguna","No existe","Intersección","Bueno","Buena","Diurna","Buen Tiempo","Frontal","S/D","Colisión","Ninguna","Vertical","Ninguna","Sin restricción"
2016,9170,12/11/2016,"Domingo",0,17:30:00,,"0.0",2,"Moto/Ciclomotor,Pickup/Utilitario"," ",3,2,0,0,1,0,0,,"Calle",,"SANTA FE","La Capital","Asfalto","No existe","I","S/D","Urbana","Ninguna","No existe","Intersección","Bueno","Buena","Diurna","Buen Tiempo","Lateral","S/D","Colisión","Ninguna","S/D","Ninguna","Sin restricción"
2016,9171,12/19/2016,"Lunes",0,22:50:00,,"0.0",2,"Automóvil,Moto/Ciclomotor","Baldaccini 5560",3,2,0,0,1,0,0,,"Calle",,"MONTE VERA","La Capital","Ripio","No existe","I","Dentro","Urbana","Ninguna","No existe","Recta","Otro","Buena","Atardecer,Con luz artificial","Buen Tiempo","De alcance","S/D","Colisión","Ninguna","S/D","Ninguna","Sin restricción"
2016,9172,12/25/2016,"Domingo",0,21:00:00,"Ruta Provincial 2","11.0",1,"Moto/Ciclomotor"," ",2,0,1,0,1,0,0,,"Ruta",2,"ANGEL GALLARDO","La Capital","Hormigón","Natural","I","Dentro","Rural","Ninguna","No existe","Recta","Bueno","Buena","Nocturna,Con luz artificial","Buen Tiempo","S/D","S/D","Caída ocupante","Ninguna","S/D","Línea divisoria pintada","Sin restricción"
2016,9173,12/30/2016,"Viernes",0,0:50:00,,"0.0",2,"Moto/Ciclomotor,Moto/Ciclomotor","Dr E Puccio Y Chubut",2,1,0,0,1,0,0,,"Calle",,"MONTE VERA","La Capital","Ripio","No existe","I","Dentro","Urbana","Ninguna","No existe","Intersección","Bueno","Buena","Nocturna,Con luz artificial","Buen Tiempo","Lateral","S/D","Colisión","Ninguna","S/D","Ninguna","Sin restricción"
2016,9174,12/30/2016,"Viernes",0,9:10:00,"Ruta Provincial 2","0.0",2,"Camión c / Acoplado,Otros"," ",4,1,0,0,3,0,0,,"Ruta",2,"ANGEL GALLARDO","La Capital","Hormigón","No existe","I","Dentro","Rural","Ninguna","No existe","Recta","Bueno","Buena","Diurna","Buen Tiempo","De alcance","S/D","Colisión","Ninguna","S/D","Línea divisoria pintada","Sin restricción"
2016,9175,12/30/2016,"Viernes",0,19:00:00,"Ruta Provincial 2","10.5",3,"Automóvil,Automóvil,Pickup/Utilitario"," ",3,1,0,0,1,0,1,,"Ruta",2,"ANGEL GALLARDO","La Capital","Hormigón","Natural","I","Dentro","Rural","Ninguna","No existe","Recta","Bueno","Buena","Atardecer","Buen Tiempo","De alcance","S/D","Colisión","Ninguna","S/D","Ninguna","Accidente Previo"