"anio_acci","nro_acci","fecha","desc_dia","fecha_aprox","hora_aprox","desc_ruta","km","cant_participantes","desc_participante","calle_avenida_km","total","heridos_leves","heridos_graves","heridos_gravisimos","ilesos","fallecidos","sin_datos","posicion_XY","desc_tipo_via","desc_ruta_ori","desc_loc","desc_dpto","desc_tipo_calzada","desc_tipo_banquina","desc_unidad_regional","desc_lugar_calzada","desc_zona","desc_prioridad","desc_estado_semaforo","desc_lugar_via","desc_estado_via","desc_estado_visibilidad","desc_luminosidad","desc_estado_clima","desc_tipo_colision","desc_tipo_atropello","desc_tipo_hecho","desc_pres_calzada","desc_senializacion","desc_separacion_via","desc_restriccion"
2016,9176,12/3/2016,"Sabado",0,21:50:00,,"0.0",2,"Automóvil,Moto/Ciclomotor","Sarmiento Y Florencio Sanchez",3,1,0,0,2,0,0,,"Calle",,"LAGUNA PAIVA","La Capital","Ripio","No existe","I","Dentro","Urbana","Ninguna","No existe","Intersección","Bueno","Buena","Nocturna,Con luz artificial","Buen Tiempo","Lateral","S/D","Colisión","Ninguna","Faltante","Ninguna","Sin restricción"
2016,9177,12/4/2016,"Domingo",0,17:10:00,"Ruta Provincial 2","0.0",1,"Automóvil"," ",1,1,0,0,0,0,0,,"Ruta",2,"LAGUNA PAIVA","La Capital","Asfalto","Natural","I","Fuera","Urbana","Ninguna","No existe","Recta","Bueno","Buena","Diurna","Buen Tiempo","S/D","S/D","Despiste","Ninguna","Horizontal","Línea divisoria pintada","Sin restricción"
2016,9178,12/8/2016,"Jueves",0,19:30:00,,"0.0",2,"Pickup/Utilitario,Moto/Ciclomotor","Colono Y Rivadavia",2,1,0,0,1,0,0,,"Calle",,"LAGUNA PAIVA","La Capital","Hormigón","No existe","I","Dentro","Urbana","Ninguna","No existe","Intersección","Bueno","Buena","Atardecer","Buen Tiempo","Lateral","S/D","Colisión","Material Suelto","Vertical","Ninguna","Sin restricción"
2016,9179,12/10/2016,"Sabado",0,3:00:00,,"0.0",2,"Automóvil,Moto/Ciclomotor","Av Pte Peron Y Colono",3,2,0,0,1,0,0,,"Calle",,"LAGUNA PAIVA","La Capital","Asfalto","Natural","I","Dentro","Urbana","Ninguna","No existe","Intersección","Otro","Buena","Nocturna,Con luz artificial","Buen Tiempo","Lateral","S/D","Colisión","Ninguna","Horizontal,Vertical","Ninguna","Sin restricción"
2016,9180,12/10/2016,"Sabado",0,19:30:00,,"0.0",2,"Automóvil,Moto/Ciclomotor","Av San Martin Y Maipu",2,1,0,0,1,0,0,,"Avenida",,"LAGUNA PAIVA","La Capital","Asfalto","No existe","I","Dentro","Urbana","Ninguna","No existe","Recta","Bueno","Buena","Atardecer","Buen Tiempo","Otro","S/D","Colisión","Ninguna","Horizontal,Vertical","Vegetación","Sin restricción"
2016,9181,12/14/2016,"Miercoles",0,13:05:00,,"0.0",2,"Automóvil,Pickup/Utilitario","1º de Mayo Y Boassi",4,2,0,0,2,0,0,,"Calle",,"LAGUNA PAIVA","La Capital","Hormigón","No existe","I","Dentro","Urbana","Ninguna","No existe","Intersección","Bueno","Buena","Diurna","Buen Tiempo","Lateral","S/D","Colisión","Ninguna","Horizontal","Ninguna","Sin restricción"
2016,9182,12/20/2016,"Martes",0,21:50:00,,"0.0",2,"Automóvil,Moto/Ciclomotor","Independencia Y Sarmiento",3,2,0,0,1,0,0,,"Calle",,"LAGUNA PAIVA","La Capital","Ripio","No existe","I","Dentro","Urbana","Ninguna","No existe","Intersección","Bueno","Reducida","Nocturna,Con luz artificial","Buen Tiempo","Lateral","S/D","Colisión","Material Suelto","Faltante","Ninguna","Sin restricción"
2016,9183,12/22/2016,"Jueves",0,8:45:00,,"0.0",2,"Pickup/Utilitario,Moto/Ciclomotor","Av San Martin Y Av Pte Peron",2,1,0,0,1,0,0,,"Avenida",,"LAGUNA PAIVA","La Capital","Asfalto","No existe","I","Dentro","Urbana","Ninguna","No existe","Intersección","Bueno","Buena","Diurna","Buen Tiempo","Lateral","S/D","Colisión","Ninguna","Horizontal,Vertical","Ninguna","Sin restricción"
2016,9184,12/30/2016,"Viernes",0,19:10:00,,"0.0",2,"Moto/Ciclomotor,Automóvil","Entre Rios Y Pellegrini",2,1,0,0,1,0,0,,"Calle",,"LAGUNA PAIVA","La Capital","Hormigón","No existe","I","Dentro","Urbana","Ninguna","No existe","Intersección","Bueno","Buena","Atardecer,Con luz artificial","Buen Tiempo","Lateral","S/D","Colisión","Ninguna","Vertical","Ninguna","Sin restricción"
2016,9185,12/31/2016,"Sabado",0,11:50:00,,"0.0",2,"Pickup/Utilitario,Moto/Ciclomotor","Av Pte Peron Y Belgrano",2,1,0,0,1,0,0,,"Calle",,"LAGUNA PAIVA","La Capital","Asfalto","Natural","I","Dentro","Urbana","Ninguna","No existe","Intersección","Bueno","Buena","Diurna","Buen Tiempo","Lateral","S/D","Colisión","Ninguna","Horizontal,Vertical","Línea divisoria pintada","Sin restricción"
2016,9186,12/31/2016,"Sabado",0,17:50:00,,"0.0",2,"Automóvil,Moto/Ciclomotor","Rivadavia Y Moreno",2,1,0,0,1,0,0,,"Calle",,"LAGUNA PAIVA","La Capital","Hormigón","No existe","I","Dentro","Urbana","Ninguna","No existe","Intersección","Bueno","Buena","Diurna","Buen Tiempo","Lateral","S/D","Colisión","Ninguna","Horizontal,Vertical","Ninguna","Sin restricción"
2016,9187,12/3/2016,"Sabado",0,9:20:00,,"0.0",2,"Moto/Ciclomotor,Automóvil"," ",2,0,1,0,1,0,0,,"Calle",,"SAN JOSÉ DEL RINCÓN","La Capital","Arena","No existe","I","S/D","Urbana","Ninguna","No existe","Cruce","Bueno","Buena","Diurna","Buen Tiempo","Lateral","S/D","Colisión","Ninguna","Faltante","Ninguna","Sin restricción"
2016,9188,12/11/2016,"Domingo",0,16:00:00,"Ruta Provincial 1","5.0",2,"Automóvil,Automóvil"," ",3,1,0,0,2,0,0,,"Ruta",1,"RINCÓN POTRERO","La Capital","Asfalto","Natural","I","Dentro","Urbana","Semáforo","Funciona","Intersección","Bueno","Buena","Diurna","Buen Tiempo","Lateral","S/D","Colisión","Ninguna","Horizontal","Cordón divisorio","Sin restricción"
2016,9189,12/14/2016,"Miercoles",0,22:30:00,,"0.0",2,"Moto/Ciclomotor,Automóvil","Gregorio Gamboa Y Constituyentes",2,1,0,0,1,0,0,,"Calle",,"SAN JOSÉ DEL RINCÓN","La Capital","Tierra","No existe","I","Dentro","Urbana","Ninguna","No existe","Intersección","Ahuellamiento","Reducida","Nocturna","Buen Tiempo","Lateral","S/D","Colisión","Material Suelto","S/D","Ninguna","Sin restricción"
2016,9190,12/18/2016,"Domingo",0,19:20:00,,"0.0",2,"Moto/Ciclomotor,Automóvil","Gregorio Gamboa Y Ludovico Pagani",2,1,0,0,1,0,0,,"Calle",,"SAN JOSÉ DEL RINCÓN","La Capital","Tierra","No existe","I","Dentro","Urbana","Ninguna","No existe","Intersección","Bueno","Buena","Diurna","Buen Tiempo","Lateral","S/D","Colisión","Ninguna","Faltante","Ninguna","Sin restricción"
2016,9191,12/19/2016,"Lunes",0,15:40:00,,"0.0",2,"Moto/Ciclomotor,Pickup/Utilitario"," ",3,1,1,0,1,0,0,,"Calle",,"SAN JOSÉ DEL RINCÓN","La Capital","Arena","No existe","I","Dentro","Urbana","Ninguna","No existe","Intersección","Bueno","Buena","Diurna","Buen Tiempo","Lateral","S/D","Colisión","Ninguna","Faltante","Ninguna","Sin restricción"
2016,9192,12/24/2016,"Sabado",0,16:50:00,"Ruta Provincial 1","5.0",2,"Moto/Ciclomotor,Automóvil"," ",2,0,1,0,1,0,0,,"Ruta",1,"SAN JOSÉ DEL RINCÓN","La Capital","Asfalto","Natural","I","S/D","Urbana","Ninguna","Funciona","Recta","Bueno","Buena","Diurna","Buen Tiempo","De alcance","S/D","Colisión","Ninguna","Horizontal,Vertical","Cordón divisorio","Sin restricción"
2016,9193,12/27/2016,"Martes",0,19:30:00,"Ruta Provincial 1","8.5",2,"Moto/Ciclomotor,Moto/Ciclomotor"," ",2,2,0,0,0,0,0,,"Ruta",1,"SAN JOSÉ DEL RINCÓN","La Capital","Asfalto","Natural","I","S/D","Urbana","Ninguna","No existe","Recta","Bueno","Buena","Diurna","Buen Tiempo","Lateral","S/D","Colisión","Ninguna","Faltante","Ninguna","Sin restricción"
2016,9194,12/20/2016,"Martes",0,9:00:00,,"0.0",2,"Automóvil,Automóvil"," ",2,1,0,0,1,0,0,,"Calle",,"COLASTINE","La Capital","Tierra","Natural","I","Dentro","Urbana","Ninguna","No existe","Recta","Bueno","Buena","Diurna","Buen Tiempo","De alcance","S/D","Colisión","Ninguna","Horizontal","Ninguna","Sin restricción"
2016,9195,12/23/2016,"Viernes",0,2:30:00,"Ruta Nacional 168","470.0",2,"Automóvil,Moto/Ciclomotor"," ",3,2,0,0,1,0,0,,"Ruta",168,"COLASTINE","La Capital","Asfalto","Natural","I","Dentro","Urbana","S/D","No existe","Recta","Bueno","Buena","Nocturna","Buen Tiempo","De alcance","S/D","Colisión","Ninguna","Horizontal","S/D","Sin restricción"
2016,9196,12/23/2016,"Viernes",0,13:00:00,,"0.0",1,"Moto/Ciclomotor"," ",1,1,0,0,0,0,0,,"Calle",,"COLASTINE","La Capital","Tierra","S/D","I","Dentro","Urbana","Ninguna","S/D","Recta","Bueno","S/D","Diurna","Buen Tiempo","S/D","S/D","Caída ocupante","Ninguna","Horizontal","Ninguna","Sin restricción"
2016,9197,12/4/2016,"Domingo",0,17:00:00,"Ruta Provincial 1","19.9",2,"Automóvil,Camión c / Acoplado"," ",3,2,0,0,1,0,0,,"Ruta",1,"ARROYO LEYES","La Capital","Asfalto","Natural","I","S/D","Rural","Marca Vial","No existe","Recta","Con baches","Buena","Diurna","Buen Tiempo","Lateral","S/D","Colisión","Ninguna","Vertical","Línea divisoria pintada","Sin restricción"
2016,9198,12/27/2016,"Martes",0,8:45:00,"Ruta Provincial 1","15.0",1,"Moto/Ciclomotor"," ",1,0,0,0,0,1,0,"-31.549885, -60.511170","Ruta",1,"ARROYO LEYES","La Capital","Asfalto","Natural","I","Dentro","Urbana","Marca Vial","No existe","Recta","Bueno","Buena","Diurna","Buen Tiempo","S/D","S/D","Caída ocupante","Ninguna","Vertical","Línea divisoria pintada","Sin restricción"
2016,9199,12/17/2016,"Sabado",0,19:15:00,,"0.0",2,"Automóvil,Moto/Ciclomotor","Avenida de la Bandera ",2,1,0,0,1,0,0,,"Avenida",,"SAUCE VIEJO","La Capital","Asfalto","Ripio","I","S/D","S/D","S/D","No existe","Recta","Bueno","Buena","Diurna","Buen Tiempo","S/D","S/D","Colisión","S/D","S/D","Línea divisoria pintada","Sin restricción"
2016,9200,12/6/2016,"Martes",0,1:00:00,,"0.0",2,"Camión,Peatón"," ",2,0,1,0,1,0,0,,"S/D",,"SAUCE VIEJO","La Capital","Asfalto","S/D","I","S/D","S/D","Ninguna","S/D","Recta","Bueno","S/D","Nocturna","Buen Tiempo","S/D","Peatón","Atropello","S/D","S/D","Línea divisoria pintada","Sin restricción"
2016,9201,10/10/2016,"Lunes",0,11:15:00,"Ruta Nacional 8","351.0",2,"Automóvil,Camión c / Acoplado"," ",2,0,0,0,1,1,0,"-33.819678, -61.841930","Ruta",8,"CHAPUY","General López","Asfalto","Natural","VIII","Dentro","Rural","Ninguna","No existe","Recta","Bueno","Buena","Diurna","Buen Tiempo","Frontal","S/D","Colisión","Ninguna","Horizontal","Línea divisoria pintada","Sin restricción"
2016,9202,10/22/2016,"Sabado",0,3:00:00,,"0.0",2,"Moto/Ciclomotor,Moto/Ciclomotor","Av. Carlos Colombres Y Washington",3,0,2,0,0,1,0,"-32.899694444444,-60.683361111111","Avenida",,"ROSARIO","Rosario","Asfalto","No existe","II","S/D","Urbana","Ninguna","No existe","Recta","Bueno","Buena","Nocturna","Buen Tiempo","De alcance","S/D","Colisión","S/D","Faltante","Ninguna","Sin restricción"
2016,9203,10/30/2016,"Domingo",0,22:00:00,,"0.0",2,"Moto/Ciclomotor,Moto/Ciclomotor","A 100 MTS DELA RN 11 ",4,3,0,0,0,1,0,"-28.382461, -59.269603","Camino Rural",,"SAN ANTONIO DE OBLIGADO","General Obligado","Ripio","Ripio","IX","S/D","Rural","Ninguna","No funciona","Recta","Bueno","S/D","Nocturna","Buen Tiempo","Frontal","S/D","Colisión","S/D","S/D","Ninguna","Sin restricción"
2016,9204,12/27/2016,"Martes",0,21:10:00,"Ruta Nacional 11","0.0",2,"Bicicleta,Automóvil"," ",2,1,0,0,1,0,0,,"Ruta",11,"SAUCE VIEJO","La Capital","Asfalto","Natural","I","Fuera","Urbana","Ninguna","No existe","Recta","S/D","Reducida","Nocturna","Buen Tiempo","S/D","Ciclista","Atropello","Otro","Faltante","Línea divisoria pintada","Sin restricción"
2016,9205,12/17/2016,"Sabado",0,1:35:00,"Ruta Nacional 11","0.0",1,"Automóvil"," ",2,2,0,0,0,0,0,,"Ruta",11,"SANTA FE","La Capital","S/D","S/D","I","Fuera","Rural","S/D","No existe","Curva","S/D","Reducida","Nocturna","Buen Tiempo","S/D","S/D","Despiste","S/D","Faltante","S/D","S/D"
2016,9206,12/8/2016,"Jueves",0,5:40:00,"Ruta Nacional 11","534.0",3,"Automóvil,Transporte de Pasajeros Larga Distancia (Doble Piso),Camión c / Acoplado"," ",36,2,1,0,33,0,0,,"Ruta",11,"EMILIA","La Capital","Asfalto","Natural","I","Dentro","Rural","Marca Vial","No existe","Recta","Bueno","Buena","Amanecer","Buen Tiempo","Múltiple","S/D","Colisión","Ninguna","Horizontal","Línea divisoria pintada","Sin restricción"
2016,9207,12/11/2016,"Domingo",0,22:00:00,,"0.0",2,"Pickup/Utilitario,Moto/Ciclomotor","Corrientes Y F Aldao",2,1,0,0,1,0,0,,"S/D",,"SANTA FE","La Capital","Asfalto","No existe","I","Dentro","Urbana","Ninguna","No existe","Recta","Bueno","Buena","Nocturna","Buen Tiempo","Lateral","S/D","Colisión","Ninguna","Faltante","Ninguna","Sin restricción"
2016,9208,12/31/2016,"Sabado",0,16:10:00,,"0.0",2,"Moto/Ciclomotor,Peatón","ROUERANO Y ENTRE RIOS",2,1,0,0,1,0,0,,"Calle",,"SAUCE VIEJO","La Capital","Ripio","No existe","I","Dentro","Urbana","S/D","No existe","Intersección","Con baches","Buena","Diurna","S/D","S/D","S/D","Atropello","Material Suelto","Faltante","S/D","S/D"
2016,9209,12/1/2016,"Jueves",0,20:05:00,"Ruta Nacional 11","0.0",2,"Bicicleta,Automóvil"," ",2,1,0,0,1,0,0,,"Ruta",11,"SAUCE VIEJO","La Capital","Ripio","Ripio","I","S/D","Urbana","S/D","No existe","Intersección","Con baches","Buena","Diurna","S/D","S/D","Ciclista","Atropello","Material Suelto","Vertical","S/D","Sin restricción"
2016,9210,12/20/2016,"Martes",0,12:30:00,,"0.0",2,"Moto/Ciclomotor,Automóvil","4 DE ENERO Y ROVERANO",2,1,0,0,1,0,0,,"Calle",,"SAUCE VIEJO","La Capital","Ripio","No existe","I","Dentro","Urbana","S/D","No existe","Intersección","Con baches","Reducida polvo","Diurna","S/D","S/D","S/D","Colisión","Material Suelto","Faltante","S/D","S/D"
2016,9211,12/21/2016,"Miercoles",0,15:50:00,,"0.0",2,"Moto/Ciclomotor,Automóvil","Hipolito Irigoyen Y Juan Bautista Alberdi",2,1,0,0,1,0,0,,"Calle",,"SANTO TOMÉ","La Capital","Asfalto","No existe","I","Dentro","Urbana","Ninguna","No existe","Intersección","Bueno","Buena","Atardecer","Buen Tiempo","S/D","S/D","Colisión","S/D","Faltante","S/D","Sin restricción"
2016,9212,12/31/2016,"Sabado",0,19:15:00,,"0.0",2,"Moto/Ciclomotor,Automóvil","ARENALES Y IRIONDO",2,1,0,0,1,0,0,,"Calle",,"SANTO TOMÉ","La Capital","Ripio","No existe","I","Dentro","Urbana","Ninguna","No existe","Intersección","Bueno","Buena","Diurna","Buen Tiempo","Frontal","S/D","Colisión","Ninguna","S/D","Ninguna","Sin restricción"
2016,9213,12/31/2016,"Sabado",0,11:10:00,,"0.0",2,"Moto/Ciclomotor,Otros","Balcarce Y Simon De Iriondo",3,2,0,0,1,0,0,,"Calle",,"SANTA FE","La Capital","Ripio","Pavimento","I","S/D","Urbana","Ninguna","No existe","Intersección","Bueno","Buena","Diurna","Buen Tiempo","Lateral","S/D","Colisión","S/D","S/D","Ninguna","Sin restricción"
2016,9214,12/9/2016,"Viernes",0,23:40:00,,"0.0",2,"Moto/Ciclomotor,Automóvil","Mariano Candioti 3900",2,1,0,0,1,0,0,,"Avenida",,"SANTO TOMÉ","La Capital","Asfalto","No existe","I","Dentro","Urbana","Ninguna","No existe","Recta","Bueno","Buena","Nocturna","Buen Tiempo","S/D","S/D","Colisión","Ninguna","Faltante","Ninguna","Sin restricción"
2016,9216,12/26/2016,"Lunes",0,1:00:00,,"0.0",2,"Moto/Ciclomotor,Automóvil","Mariano Candioti Y Juan Bautista Alberdi",3,2,0,0,1,0,0,,"Calle",,"SANTO TOMÉ","La Capital","Asfalto","Pavimento","I","Dentro","Urbana","Ninguna","No funciona","Recta","Bueno","Reducida","Nocturna","Lluvia","Lateral","S/D","Colisión","Agua","Faltante","Ninguna","Sin restricción"
2016,9217,12/8/2016,"Jueves",0,18:45:00,,"0.0",2,"Moto/Ciclomotor,Automóvil","Juan Bautista Alberdi Y Cornelio de Saavedra",2,1,0,0,1,0,0,,"Calle",,"SANTO TOMÉ","La Capital","Asfalto","No existe","I","Dentro","Urbana","Ninguna","No existe","Intersección","Bueno","Buena","Atardecer","Buen Tiempo","De alcance","S/D","Colisión","Otro","Faltante","Ninguna","Sin restricción"
2016,9218,11/22/2016,"Martes",0,23:50:00,,"0.0",2,"Camión c / Acoplado,Bicicleta","Intendente Manuel Irigoyen Y Av Circunvalación",3,0,0,0,2,1,0,"-31.663944, -60.733652","Calle",,"SANTA FE","La Capital","Asfalto,Tierra","No existe","I","Dentro","Urbana","Ninguna","No existe","Intersección","Ahuellamiento","Buena","Diurna","Buen Tiempo","S/D","Ciclista","Atropello","S/D","Vertical","Ninguna","Sin restricción"
2016,9219,11/22/2016,"Martes",0,0:10:00,,"0.0",2,"Taxi/Remis,Moto/Ciclomotor","Bv. 27 De Febrero Y Buenos Aires",3,0,0,1,1,1,0,"-32.968722222222,-60.638027777778","Avenida",,"ROSARIO","Rosario","Asfalto","No existe","II","Dentro","Urbana","Semáforo","Intermitente","Intersección","Bueno","Buena","Nocturna","Buen Tiempo","S/D","S/D","Colisión","Ninguna","Vertical","Vegetación","Sin restricción"
2016,9220,12/28/2016,"Miercoles",0,17:00:00,,"0.0",2,"Bicicleta,Pickup/Utilitario","Independencia Y Belgrano",2,1,0,0,1,0,0,,"Calle",,"SAN JUSTO","San Justo","Asfalto","No existe","XVI","Dentro","Urbana","Ninguna","No existe","Intersección","Bueno","Buena","Diurna","Buen Tiempo","S/D","Ciclista","Atropello","Ninguna","Vertical","S/D","Sin restricción"
2016,9221,12/31/2016,"Sabado",0,12:30:00,,"0.0",2,"Moto/Ciclomotor,Automóvil","9 de Julio Y Av Iriondo",2,1,0,0,1,0,0,,"Avenida",,"SAN JUSTO","San Justo","Asfalto","No existe","XVI","Dentro","Urbana","Ninguna","No existe","Recta","Bueno","Buena","Diurna","Buen Tiempo","Lateral","S/D","Colisión","Ninguna","Horizontal,Vertical","Ninguna","Sin restricción"
2016,9222,12/30/2016,"Viernes",0,11:30:00,,"0.0",2,"Bicicleta,Moto/Ciclomotor","Av Iriondo 2520",2,1,0,0,1,0,0,,"Avenida",,"SAN JUSTO","San Justo","Hormigón","No existe","XVI","Dentro","Urbana","Ninguna","No existe","Recta","Bueno","Buena","Diurna","Buen Tiempo","S/D","Ciclista","Atropello","Ninguna","Vertical","Ninguna","S/D"
2016,9223,12/1/2016,"Jueves",0,8:05:00,,"17.0",2,"Moto/Ciclomotor,Automóvil"," ",2,1,0,0,1,0,0,,"Camino Rural",,"MONTE VERA","La Capital","Ripio","No existe","I","S/D","Rural","Ninguna","No existe","Recta","Bueno","Buena","Diurna","Buen Tiempo","De alcance","S/D","Colisión","Ninguna","S/D","Ninguna","Sin restricción"
2016,9224,12/3/2016,"Sabado",0,13:00:00,"Ruta Provincial 2","1.0",1,"Moto/Ciclomotor"," ",2,2,0,0,0,0,0,,"Ruta",2,"ANGEL GALLARDO","La Capital","Hormigón","Natural","I","S/D","Rural","Ninguna","No existe","Recta","Bueno","Buena","Diurna","Buen Tiempo","Atropello animal","S/D","Colisión","Ninguna","S/D","Ninguna","Sin restricción"
2016,9225,12/4/2016,"Domingo",0,17:10:00,,"0.0",2,"Peatón,Moto/Ciclomotor","GRAL. PAZ 11000",2,0,1,0,1,0,0,,"Calle",,"ANGEL GALLARDO","La Capital","Arena","No existe","I","Dentro","Rural","Ninguna","No existe","Recta","Bueno","Buena","Diurna","Buen Tiempo","S/D","Peatón","Atropello","Ninguna","S/D","Ninguna","Sin restricción"
2016,9226,12/16/2016,"Viernes",0,9:20:00,"Ruta Nacional 11","0.0",2,"Moto/Ciclomotor,Automóvil","Juan de Garay Y Gral Facundo Quiroga",2,1,0,0,1,0,0,,"Ruta",11,"RECREO","La Capital","Asfalto","Natural","I","Dentro","Urbana","Ninguna","No existe","Intersección","Con baches","Buena","Diurna","Buen Tiempo","De alcance","S/D","Colisión","Ninguna","Horizontal","Ninguna","Sin restricción"
2016,9227,11/24/2016,"Jueves",0,5:00:00,"Ruta Nacional 34","233.0",2,"Camión Chasis,Peatón"," ",4,0,0,0,3,1,0,"-31.148157, -61.479193","Ruta",34,"LEHMANN","Castellanos","Asfalto","Natural","V","Dentro","Rural","Ninguna","No existe","Recta","Bueno","Buena","Nocturna","Buen Tiempo","S/D","Peatón","Atropello","Ninguna","Faltante","Línea divisoria pintada","Sin restricción"
2016,9228,6/4/2016,"Sabado",0,,,"0.0",1,"Otros"," ",1,0,0,0,0,1,0,"-32.999361, -60.767340","S/D",,"PEREZ","Rosario","S/D","S/D","II","S/D","S/D","S/D","S/D","S/D","S/D","S/D","S/D","S/D","S/D","S/D","S/D","S/D","S/D","S/D","S/D"
2016,9229,11/25/2016,"Viernes",0,5:45:00,,"0.0",1,"Moto/Ciclomotor"," ",1,0,0,0,0,1,0,"-31.059989, -61.163697","Camino Rural",,"SARMIENTO","Las Colonias","Tierra","No existe","XI","Dentro","Rural","Ninguna","No existe","Recta","Otro","Buena","Amanecer","Buen Tiempo","Contra objeto fijo","S/D","Colisión","Otro","Faltante","Ninguna","Sin restricción"
2016,9230,11/26/2016,"Sabado",0,,"Ruta Nacional A012","64.0",2,"Automóvil,Automóvil"," ",3,2,0,0,0,1,0,"-32.764598056926,-60.754194291046","Ruta","A012","SAN LORENZO","San Lorenzo","S/D","S/D","XVII","S/D","S/D","S/D","S/D","S/D","S/D","S/D","Nocturna","S/D","S/D","S/D","Colisión","S/D","S/D","S/D","S/D"
2016,9231,11/28/2016,"Lunes",0,7:10:00,,"0.0",2,"Transporte de Pasajeros Urbano (> 8 asientos),Moto/Ciclomotor","Calle 10 Y Calle 11",10,0,1,0,8,1,0,"-29.117388888889,-59.659888888889","Calle",,"AVELLANEDA","General Obligado","Asfalto","S/D","IX","Dentro","Urbana","Semáforo","S/D","Intersección","S/D","Buena","Diurna","Buen Tiempo","Frontal","S/D","Colisión","S/D","Horizontal","S/D","S/D"
2016,9232,11/28/2016,"Lunes",0,0:15:00,,"0.0",2,"Moto/Ciclomotor,Pickup/Utilitario","AV RICHIERI Y CASTELLI ",3,1,0,0,1,1,0,"-31.688078, -60.769585","Avenida",,"SANTO TOMÉ","La Capital","Ripio","Natural","I","Dentro","Urbana","Ninguna","No existe","Recta","Con baches","Reducida","Con luz artificial","Buen Tiempo","Otro","S/D","Caída ocupante","Material Suelto","Faltante","Ninguna","Sin restricción"
2016,9233,6/10/2016,"Viernes",0,17:00:00,,"0.0",2,"Bicicleta,Automóvil","Almafuerte Y Mariano Moreno",2,0,0,0,0,1,1,"-31.733201, -61.090204","Calle",,"SAN CARLOS CENTRO","Las Colonias","S/D","S/D","XI","S/D","S/D","S/D","S/D","Intersección","S/D","S/D","Diurna","S/D","S/D","Ciclista","Atropello","S/D","S/D","S/D","S/D"
2016,9234,6/15/2016,"Miercoles",0,,,"0.0",1,"Moto/Ciclomotor"," ",1,0,0,0,0,1,0,"-31.641290, -60.710517","S/D",,"SANTA FE","La Capital","S/D","S/D","I","S/D","S/D","S/D","S/D","S/D","S/D","S/D","S/D","S/D","S/D","S/D","S/D","S/D","S/D","S/D","S/D"
2016,9235,11/30/2016,"Miercoles",0,20:45:00,"Autopista Nacional Rosario -Cordoba","0.0",1,"Moto/Ciclomotor","ACCESO A AUTOPISTA ",2,0,0,1,0,1,0,"-32.884734, -61.025078","Autopista","Rosario -Cordoba","SAN JERÓNIMO SUR","San Lorenzo","Asfalto","Natural","XVII","Fuera","Urbana","Ninguna","No existe","Recta","Bueno","Buena","Nocturna","Buen Tiempo","Otro","S/D","Despiste","Ninguna","Faltante","Línea divisoria pintada","Sin restricción"
2016,9236,12/7/2016,"Miercoles",0,10:20:00,,"0.0",2,"Pickup/Utilitario,Bicicleta","1º de Mayo Y Boassi",2,0,0,0,1,1,0,"-31.309095, -60.659469","Calle",,"LAGUNA PAIVA","La Capital","Hormigón","No existe","I","Dentro","Urbana","Ninguna","No existe","Intersección","Bueno","Buena","Diurna","Buen Tiempo","Lateral","S/D","Colisión","Ninguna","Horizontal","Ninguna","Sin restricción"
2016,9237,12/7/2016,"Miercoles",0,15:45:00,,"0.0",2,"Moto/Ciclomotor,Tractor","Pres Domingo Faustino Sarmient Y Grl Enrique Mosconi",2,0,0,0,1,1,0,"-31.658502, -60.781439","Calle",,"SANTO TOMÉ","La Capital","Asfalto","No existe","I","Dentro","Urbana","Ninguna","No existe","Intersección","Bueno","Buena","Diurna","Buen Tiempo","Lateral","S/D","Colisión","Ninguna","Faltante","Ninguna","Sin restricción"
2016,9238,12/31/2016,"Sabado",0,20:20:00,"Ruta Nacional 11","520.0",1,"Moto/Ciclomotor"," ",1,1,0,0,0,0,0,,"Ruta",11,"LLAMBI CAMPBELL","La Capital","S/D","S/D","I","S/D","Rural","Marca Vial","S/D","Recta","S/D","S/D","Nocturna","Buen Tiempo","S/D","S/D","Despiste","S/D","S/D","Línea divisoria pintada","Sin restricción"
2016,9239,12/15/2016,"Jueves",0,18:50:00,,"0.0",2,"Automóvil,Automóvil","La Rioja 1300",2,1,0,0,1,0,0,,"Calle",,"SANTO TOMÉ","La Capital","Asfalto","No existe","I","Dentro","Urbana","Ninguna","No existe","Intersección","Bueno","Buena","Atardecer","Otro","De alcance","S/D","Colisión","Otro","Faltante","Ninguna","Sin restricción"
2016,9240,12/5/2016,"Lunes",0,19:30:00,,"0.0",2,"Pickup/Utilitario,Automóvil","Balcarce Y  Saavedra Miguel de Cervantes",2,1,0,0,1,0,0,,"Calle",,"SANTO TOMÉ","La Capital","Asfalto","No existe","I","Dentro","Urbana","Ninguna","No existe","Intersección","Bueno","Buena","Diurna","Otro","S/D","S/D","Colisión","Ninguna","Faltante","Ninguna","Sin restricción"
2016,9241,12/30/2016,"Viernes",0,23:30:00,,"0.0",2,"Automóvil,Automóvil","Mariano Candioti Y Balcarce",2,1,0,0,1,0,0,,"Calle",,"SANTO TOMÉ","La Capital","Asfalto","S/D","I","S/D","Urbana","S/D","No existe","Intersección","Bueno","Buena","Diurna","Buen Tiempo","Lateral","S/D","Colisión","S/D","S/D","S/D","S/D"