"anio_acci","nro_acci","fecha","desc_dia","fecha_aprox","hora_aprox","desc_ruta","km","cant_participantes","desc_participante","calle_avenida_km","total","heridos_leves","heridos_graves","heridos_gravisimos","ilesos","fallecidos","sin_datos","posicion_XY","desc_tipo_via","desc_ruta_ori","desc_loc","desc_dpto","desc_tipo_calzada","desc_tipo_banquina","desc_unidad_regional","desc_lugar_calzada","desc_zona","desc_prioridad","desc_estado_semaforo","desc_lugar_via","desc_estado_via","desc_estado_visibilidad","desc_luminosidad","desc_estado_clima","desc_tipo_colision","desc_tipo_atropello","desc_tipo_hecho","desc_pres_calzada","desc_senializacion","desc_separacion_via","desc_restriccion"
2016,9242,12/30/2016,"Viernes",0,8:15:00,,"0.0",2,"Automóvil,Moto/Ciclomotor","Mauri Y Balcarce",2,1,0,0,1,0,0,,"Calle",,"SANTO TOMÉ","La Capital","Asfalto","S/D","I","S/D","Urbana","S/D","No existe","Intersección","Bueno","Buena","Diurna","Buen Tiempo","Lateral","S/D","Colisión","S/D","Faltante","S/D","S/D"
2016,9243,12/20/2016,"Martes",0,19:40:00,,"0.0",2,"Moto/Ciclomotor,Automóvil","Mariano Candioti Y Balcarce",3,2,0,0,1,0,0,,"Calle",,"SANTO TOMÉ","La Capital","Asfalto","No existe","I","Dentro","Urbana","Ninguna","No existe","Intersección","Bueno","Buena","Atardecer","Otro","De alcance","S/D","Colisión","Otro","Faltante","Ninguna","Sin restricción"
2016,9244,12/24/2016,"Sabado",0,2:15:00,"Ruta Nacional 11","0.0",2,"Moto/Ciclomotor,Automóvil","Juan de Garay Y Gral Facundo Quiroga",2,0,1,0,1,0,0,,"Ruta",11,"RECREO","La Capital","Asfalto","Natural","I","Dentro","Urbana","Ninguna","No existe","Curva","Con baches","Buena","Nocturna,Con luz artificial","Buen Tiempo","Lateral","S/D","Colisión","Ninguna","Faltante","Ninguna","Sin restricción"
2016,9245,12/23/2016,"Viernes",0,8:00:00,"Ruta Nacional 11","609.5",2,"Automóvil,Automóvil"," ",7,7,0,0,0,0,0,,"Ruta",11,"SILVA","San Justo","Asfalto","Pavimento","XVI","Dentro","Urbana","Ninguna","No existe","Curva","Bueno","Reducida","Diurna","Lluvia","Frontal","S/D","Colisión","Agua","S/D","Línea divisoria pintada","Sin restricción"
2016,9246,12/22/2016,"Jueves",0,15:10:00,,"0.0",2,"Automóvil,Moto/Ciclomotor","Gorriti 4650",2,1,0,0,1,0,0,,"Calle",,"SANTA FE","La Capital","Asfalto","S/D","I","Dentro","Urbana","S/D","S/D","Recta","S/D","S/D","Diurna","Buen Tiempo","S/D","S/D","Colisión","S/D","S/D","S/D","S/D"
2016,9247,12/18/2016,"Domingo",0,8:45:00,"Ruta Provincial 93","0.0",1,"Automóvil"," ",6,6,0,0,0,0,0,,"Ruta",93,"PUEBLO MIGUEL TORRES","General López","Asfalto","Natural","VIII","S/D","S/D","Ninguna","No existe","Recta","Otro","Buena","Diurna","Lluvia","S/D","S/D","Despiste","Ninguna","Faltante","Línea divisoria pintada","Sin restricción"
2016,9248,12/14/2016,"Miercoles",0,16:20:00,,"0.0",2,"Automóvil,Moto/Ciclomotor","Bernardo de Irigoyen Y Europa",2,1,0,0,1,0,0,,"Calle",,"SANTA FE","La Capital","S/D","S/D","I","Dentro","Urbana","S/D","S/D","Intersección","S/D","S/D","Diurna","Buen Tiempo","S/D","S/D","Colisión","S/D","S/D","S/D","Sin restricción"
2016,9249,12/11/2016,"Domingo",0,23:15:00,,"0.0",2,"Moto/Ciclomotor,Moto/Ciclomotor","Florencio Fernandez 4800",2,1,0,0,0,0,1,,"Calle",,"SANTA FE","La Capital","Asfalto","No existe","I","S/D","Urbana","S/D","S/D","Intersección","S/D","S/D","Nocturna","S/D","S/D","S/D","Colisión","S/D","S/D","S/D","S/D"
2016,9250,12/5/2016,"Lunes",0,20:20:00,,"0.0",2,"Moto/Ciclomotor,Moto/Ciclomotor","Bernardo de Irigoyen Y J Castelli",2,1,0,0,1,0,0,,"Calle",,"SANTA FE","La Capital","Asfalto","S/D","I","Dentro","Urbana","S/D","S/D","Intersección","S/D","S/D","Nocturna","S/D","S/D","S/D","Colisión","S/D","S/D","S/D","S/D"
2016,9252,12/1/2016,"Jueves",0,10:10:00,,"0.0",2,"Moto/Ciclomotor,Pickup/Utilitario","Gorriti Y Av Peñaloza",2,1,0,0,1,0,0,,"Avenida",,"SANTA FE","La Capital","Asfalto","No existe","I","S/D","Urbana","S/D","S/D","Intersección","S/D","S/D","Diurna","S/D","S/D","S/D","Colisión","S/D","S/D","S/D","S/D"
2016,9253,12/8/2016,"Jueves",0,19:00:00,"Autopista Nacional Rosario -Cordoba","0.0",1,"Automóvil"," ",3,1,0,0,1,1,0,"-32.948862962301,-60.723608855239","Autopista","Rosario -Cordoba","ROSARIO","Rosario","S/D","S/D","II","S/D","S/D","S/D","No existe","S/D","S/D","S/D","Atardecer","S/D","Contra objeto fijo","S/D","Colisión","S/D","S/D","S/D","S/D"
2016,9254,12/5/2016,"Lunes",0,7:25:00,"Ruta Provincial 70","5.5",2,"Automóvil,Pickup/Utilitario"," ",5,2,2,0,0,1,0,"-31.490033316754,-60.786372146356","Ruta",70,"COLONIA PUJOL","Las Colonias","Asfalto","Natural","XI","S/D","Rural","Ninguna","No existe","Puente","Bueno","Buena","Diurna","Buen Tiempo","Frontal","S/D","Colisión","Ninguna","Faltante","Línea divisoria pintada","Sin restricción"
2016,9255,12/30/2016,"Viernes",0,23:00:00,,"0.0",1,"Moto/Ciclomotor","Av Blas Parera Y Gorostiaga",2,1,0,0,0,1,0,"-31.606946, -60.719916","Avenida",,"SANTA FE","La Capital","Hormigón,Ripio","Pavimento","I","Dentro","Urbana","Ninguna","Funciona","Curva","Con baches,Resbaladiza","Reducida","Nocturna","Otro","S/D","S/D","Caída ocupante","Agua,Material Suelto","Faltante","Cordón divisorio","Obra en Construcción,Desvío Provisorio"
2016,9256,12/31/2016,"Sabado",0,21:00:00,"Ruta Secundaria 97-s","0.0",2,"Automóvil,Moto/Ciclomotor"," ",4,2,0,0,0,2,0,"-28.849992, -59.509063","Ruta","97-s","LAS GARZAS","General Obligado","Asfalto","Natural","IX","Dentro","Rural","Ninguna","No existe","Recta","S/D","Reducida","Nocturna","Buen Tiempo","Frontal","S/D","Colisión","Ninguna","Faltante","Ninguna","Sin restricción"
2016,9257,12/3/2016,"Sabado",0,5:00:00,,"0.0",1,"Moto/Ciclomotor","Fray Luis Beltran Y Bv Pellegrini",1,0,0,0,0,1,0,"-32.898262, -60.911166","Calle",,"ROLDÁN","San Lorenzo","Hormigón","No existe","XVII","Dentro","Urbana","Ninguna","No existe","Recta","Bueno","Reducida","Nocturna","Buen Tiempo","Contra objeto fijo","S/D","Colisión","S/D","Vertical","Ninguna","Sin restricción"
2016,9258,12/18/2016,"Domingo",0,6:00:00,"Ruta Nacional 9","318.0",1,"Automóvil","RN 9 Y CATAMARCA ",3,0,0,1,0,2,0,"-32.922625, -60.804835","Ruta",9,"FUNES","Rosario","Asfalto","Pavimento","II","Dentro","Urbana","Ninguna","Funciona","Recta","Bueno","Buena","Amanecer","Buen Tiempo","Contra objeto fijo","S/D","Colisión","Ninguna","Horizontal","Línea divisoria pintada","Sin restricción"
2016,9259,12/18/2016,"Domingo",0,8:30:00,"Ruta Nacional A008","0.0",1,"Automóvil","Av. Circunvalacion Y Av. Pte.Peron",1,0,0,0,0,1,0,"-32.931009, -60.723278","Ruta","A008","ROSARIO","Rosario","Asfalto","Pavimento","II","Dentro","Urbana","Ninguna","No existe","Puente","Bueno","Buena","Diurna","Buen Tiempo","S/D","S/D","Despiste","Otro","Faltante","Barrera de hormigón","Sin restricción"
2016,9260,12/18/2016,"Domingo",0,8:20:00,,"0.0",1,"Pickup/Utilitario","CAMINO RURAL ",1,0,0,0,0,1,0,"-31.696775, -61.580958","Camino Rural",,"SAN VICENTE.","Castellanos","Ripio","No existe","V","S/D","Rural","Ninguna","No existe","Recta","Resbaladiza","Buena","Diurna","Buen Tiempo","Contra objeto fijo","S/D","Colisión,Vuelco","Otro","S/D","Ninguna","Sin restricción"
2016,9261,12/19/2016,"Lunes",0,9:45:00,,"0.0",2,"Moto/Ciclomotor,Automóvil","V Lorenzetti Y Int. D S Ferrari",2,0,0,0,0,1,1,"-34.271790, -62.719343","Calle",,"RUFINO","General López","Asfalto","S/D","VIII","S/D","Urbana","S/D","S/D","Intersección","S/D","S/D","Diurna","S/D","S/D","S/D","S/D","S/D","S/D","S/D","S/D"
2016,9262,12/10/2016,"Sabado",0,18:15:00,"Ruta Nacional 11","0.0",2,"Pickup/Utilitario,Automóvil","Av L de la Torre-Ruta Nac 11 Y Lamberto La Fuente",3,1,0,0,1,1,0,"-31.992859, -60.930312","Ruta",11,"CORONDA","San Jerónimo","Asfalto","Ripio","XV","Dentro","Urbana","Ninguna","No existe","Recta","Bueno","Buena","Diurna","Buen Tiempo","Lateral","S/D","Colisión","Ninguna","Horizontal,Vertical","Línea divisoria pintada","Sin restricción"
2016,9263,12/13/2016,"Martes",0,11:35:00,,"0.0",2,"Pickup/Utilitario,Peatón","F.More Y San Lorenzo",2,0,0,0,1,1,0,"-32.933977, -60.693687","Calle",,"ROSARIO","Rosario","Asfalto","S/D","II","Dentro","Urbana","S/D","S/D","Intersección","Bueno","S/D","Diurna","S/D","S/D","Peatón","Atropello","S/D","S/D","Línea divisoria pintada","S/D"
2016,9264,12/11/2016,"Domingo",0,22:10:00,"Ruta Nacional 33","759.0",2,"Automóvil,Automóvil"," ",6,1,2,0,0,3,0,"-33.017223, -61.005427","Ruta",33,"PUJATO","San Lorenzo","Asfalto","S/D","XVII","Dentro","Rural","Ninguna","No existe","Recta","Bueno","Buena","Nocturna","Buen Tiempo","Frontal","S/D","Colisión","Ninguna","Faltante","Línea divisoria pintada","Sin restricción"
2016,9265,12/19/2016,"Lunes",0,12:00:00,,"0.0",1,"Moto/Ciclomotor","Avenida Vicente Casares ",1,1,0,0,0,0,0,,"S/D",,"CERES","San Cristóbal","Asfalto","Ripio","XIII","Dentro","Urbana","Ninguna","No existe","Recta","Bueno","Buena","Diurna","Buen Tiempo","Atropello animal","S/D","Colisión","Ninguna","Faltante","Vegetación","Sin restricción"
2016,9266,12/12/2016,"Lunes",0,6:30:00,"Ruta Nacional 34","261.0",1,"Pickup/Utilitario"," ",6,4,0,0,1,1,0,"-30.930002010448,-61.546808719135","Ruta",34,"SUNCHALES","Castellanos","Asfalto","Natural","V","Fuera","Rural","Ninguna","No existe","Recta","Bueno","Buena","Amanecer","Buen Tiempo","S/D","S/D","Vuelco,Despiste","Ninguna","Horizontal","Ninguna","Sin restricción"
2016,9267,12/17/2016,"Sabado",0,19:50:00,,"0.0",2,"Automóvil,Moto/Ciclomotor","Cafferata Y Diag Pedro de Mendoza",3,2,0,0,1,0,0,,"Avenida",,"SANTA FE","La Capital","Asfalto","No existe","I","S/D","Urbana","Ninguna","No existe","Intersección","Bueno","Buena","Atardecer","Buen Tiempo","De alcance","S/D","Colisión","Ninguna","Faltante","Ninguna","Sin restricción"
2016,9268,12/23/2016,"Viernes",0,13:10:00,,"0.0",2,"Moto/Ciclomotor,Pickup/Utilitario","Av Blas Parera Y Callejon Aguirre",2,1,0,0,1,0,0,,"Avenida",,"SANTA FE","La Capital","Asfalto","No existe","I","S/D","Urbana","Semáforo","Funciona","Intersección","Bueno","Buena","Diurna","Lluvia","De alcance","S/D","Colisión","Ninguna","Faltante","Ninguna","Sin restricción"
2016,9269,12/23/2016,"Viernes",0,12:30:00,,"0.0",2,"Automóvil,Moto/Ciclomotor","Av Blas Parera Y Cogorno",2,1,0,0,1,0,0,,"Calle",,"SANTA FE","La Capital","Asfalto","No existe","I","S/D","Urbana","Ninguna","No existe","Recta","Bueno","Buena","Diurna","Buen Tiempo","Otro","S/D","Colisión","Ninguna","Faltante","Ninguna","Obra en Construcción"
2016,9271,12/20/2016,"Martes",0,13:00:00,"Ruta Nacional 175","0.0",2,"Moto/Ciclomotor,Transporte de Pasajeros Larga Distancia (> 8 asientos)","9 de Julio Y Cordoba",3,0,1,0,1,1,0,"-32.717122, -60.733333","Ruta",175,"PUERTO SAN MARTÍN","San Lorenzo","Asfalto","No existe","XVII","Dentro","Urbana","Ninguna","No existe","Intersección","Bueno","Buena","Diurna","Buen Tiempo","Frontal","S/D","Colisión","Ninguna","Horizontal","Ninguna","Sin restricción"
2016,9272,12/25/2016,"Domingo",0,3:10:00,,"0.0",2,"Automóvil,Peatón","Cafferata 8600",2,1,0,0,1,0,0,,"Calle",,"SANTA FE","La Capital","Asfalto","No existe","I","S/D","Urbana","Ninguna","No existe","Recta","Bueno","Buena","Nocturna","Buen Tiempo","S/D","Peatón","Atropello","Ninguna","Faltante","Ninguna","Sin restricción"
2016,9273,12/25/2016,"Domingo",0,20:45:00,,"0.0",2,"Automóvil,Moto/Ciclomotor","Callejon Mendez 6354",2,1,0,0,1,0,0,,"Calle",,"SANTA FE","La Capital","Asfalto","No existe","I","S/D","Urbana","Ninguna","No existe","Recta","Con baches","Reducida","Nocturna","Buen Tiempo","De alcance","S/D","Colisión","Agua","Faltante","Ninguna","Sin restricción"
2016,9274,12/27/2016,"Martes",0,17:15:00,,"0.0",2,"Moto/Ciclomotor,Automóvil","Florencio Fernandez Y Chiclana",2,1,0,0,1,0,0,,"Calle",,"SANTA FE","La Capital","Asfalto","No existe","I","S/D","Urbana","Ninguna","No existe","Intersección","Con baches","Buena","Diurna","Lluvia","Lateral","S/D","Colisión","Ninguna","Faltante","Ninguna","Sin restricción"
2016,9275,12/1/2016,"Jueves",0,13:00:00,,"0.0",2,"Bicicleta,Automóvil","Bv C Pellegrini Y Gdor Cabal",2,1,0,0,1,0,0,,"Calle",,"SAN JUSTO","San Justo","Asfalto","No existe","XVI","Dentro","Urbana","Ninguna","No existe","Intersección","Bueno","Buena","Diurna","Buen Tiempo","S/D","Ciclista","Atropello","Ninguna","Vertical","Ninguna","Sin restricción"
2016,9276,12/2/2016,"Viernes",0,20:00:00,,"0.0",2,"Bicicleta,Automóvil","Bv C Pellegrini Y Gdor Cabal",2,1,0,0,1,0,0,,"Calle",,"SAN JUSTO","San Justo","Asfalto","No existe","XVI","Dentro","Urbana","Ninguna","No existe","Intersección","Bueno","Buena","Diurna","Buen Tiempo","S/D","Ciclista","Atropello","Ninguna","Vertical","Cordón divisorio,Vegetación","Sin restricción"
2016,9277,12/28/2016,"Miercoles",0,17:30:00,,"0.0",1,"Moto/Ciclomotor","ANTONIO BONINI Y LUIS OLIVA",1,0,0,0,0,1,0,"-31.451693, -61.706668","Calle",,"ESTACIÓN CLUCELLAS","Castellanos","Asfalto","S/D","V","Dentro","Urbana","Ninguna","No existe","Intersección","Bueno","Buena","Diurna","Buen Tiempo","S/D","S/D","Caída ocupante","Ninguna","Faltante","Ninguna","Sin restricción"
2016,9278,12/4/2016,"Domingo",0,1:40:00,"Ruta Nacional 11","568.0",2,"Moto/Ciclomotor,Automóvil"," ",2,0,1,0,1,0,0,,"Ruta",11,"SAN JUSTO","San Justo","Asfalto","Pavimento","XVI","Dentro","Urbana","Ninguna","No existe","Recta","Bueno","Reducida","Nocturna","Buen Tiempo","De alcance","S/D","Colisión","Ninguna","Horizontal","Línea divisoria pintada","Sin restricción"
2016,9279,12/4/2016,"Domingo",0,4:25:00,,"0.0",2,"Moto/Ciclomotor,Moto/Ciclomotor","9 de Julio Y Gral Urquiza",2,2,0,0,0,0,0,,"Calle",,"SAN JUSTO","San Justo","Asfalto","No existe","XVI","Dentro","Urbana","Ninguna","S/D","Intersección","Otro","S/D","Nocturna","Buen Tiempo","Lateral","S/D","Colisión","Ninguna","Vertical","Ninguna","Sin restricción"
2016,9280,12/14/2016,"Miercoles",0,19:55:00,,"0.0",2,"Moto/Ciclomotor,Automóvil","Saavedra Y Paraguay",3,1,0,0,1,1,0,"-32.976919, -60.651738","Calle",,"ROSARIO","Rosario","Asfalto","No existe","II","Dentro","Urbana","Ninguna","No existe","Intersección","Bueno","Buena","Diurna","Buen Tiempo","Lateral","S/D","Colisión","Ninguna","Faltante","Ninguna","Sin restricción"
2016,9281,12/10/2016,"Sabado",0,16:30:00,,"0.0",2,"Automóvil,Peatón","Av. Corrientes 5600",4,0,0,0,3,1,0,"-33.002083333333,-60.653305555556","Calle",,"ROSARIO","Rosario","Asfalto","No existe","II","Dentro","Urbana","Ninguna","No existe","Recta","Bueno","Buena","Diurna","Buen Tiempo","S/D","Peatón","Atropello","S/D","Faltante","Ninguna","Sin restricción"
2016,9282,12/23/2016,"Viernes",0,0:55:00,"Ruta Nacional 7","423.0",3,"Camión c / Acoplado,Camión c / Semirremolque,Camión c / Semirremolque"," ",3,0,1,0,1,1,0,"-34.284663600032,-62.692164776728","Ruta",7,"RUFINO","General López","Asfalto","Ripio","VIII","Dentro","Urbana","Ninguna","No existe","Recta","Bueno","Buena","Nocturna","Buen Tiempo","Múltiple","S/D","Colisión","Ninguna","Vertical","Línea divisoria pintada","Sin restricción"
2016,9283,12/25/2016,"Domingo",0,8:15:00,,"0.0",2,"Moto/Ciclomotor,Automóvil","Guemes Y Pje Calcena",3,1,0,0,1,1,0,"-31.625166666667,-60.685138888889","Calle",,"SANTA FE","La Capital","Asfalto","No existe","I","Dentro","Urbana","Ninguna","No existe","Intersección","Bueno","Buena","Diurna","Otro","Lateral","S/D","Colisión","Ninguna","S/D","Ninguna","Sin restricción"
2016,9284,12/24/2016,"Sabado",0,2:45:00,"Ruta Nacional 11","0.0",2,"Moto/Ciclomotor,Pickup/Utilitario","Ruta Nacional 11 Y Colon Cristobal",2,0,0,0,1,1,0,"-31.493344, -60.732924","Ruta",11,"RECREO","La Capital","Asfalto","Natural","I","Dentro","Urbana","S/D","S/D","Recta","Bueno","S/D","Nocturna","S/D","Frontal","S/D","Colisión","Ninguna","S/D","Línea divisoria pintada","S/D"
2016,9285,12/6/2016,"Martes",0,23:20:00,,"0.0",2,"Moto/Ciclomotor,Automóvil","L Cachero Y Chiarella",2,0,0,0,1,1,0,"-31.255055555556,-61.460805555556","Calle",,"RAFAELA","Castellanos","Asfalto","S/D","V","Dentro","Urbana","Ninguna","No existe","Recta","Bueno","Reducida","Nocturna","Buen Tiempo","Lateral","S/D","Colisión","Ninguna","Faltante","Cordón divisorio","Sin restricción"
2016,9286,12/15/2016,"Jueves",0,9:30:00,,"0.0",2,"Taxi/Remis,Moto/Ciclomotor","Ricchieri Y 3 De Febrero",4,1,0,0,3,0,0,,"Calle",,"ROSARIO","Rosario","Asfalto","S/D","II","S/D","Urbana","S/D","S/D","S/D","S/D","S/D","Diurna","S/D","S/D","S/D","Colisión","S/D","S/D","S/D","S/D"
2016,9287,12/11/2016,"Domingo",0,8:45:00,,"0.0",2,"Automóvil,Moto/Ciclomotor","Pueyrredon Y 3 De Febrero",2,0,1,0,1,0,0,,"Calle",,"ROSARIO","Rosario","Asfalto","S/D","II","S/D","Urbana","S/D","S/D","S/D","S/D","S/D","Diurna","S/D","S/D","S/D","Colisión","S/D","S/D","S/D","S/D"
2016,9288,12/7/2016,"Miercoles",0,21:30:00,,"0.0",2,"Automóvil,Automóvil","Pueyrredon Y E.Zeballos",2,2,0,0,0,0,0,,"Calle",,"ROSARIO","Rosario","Asfalto","S/D","II","S/D","Urbana","S/D","S/D","S/D","S/D","S/D","Nocturna","S/D","S/D","S/D","Colisión","S/D","S/D","S/D","S/D"
2016,9289,12/20/2016,"Martes",0,3:00:00,,"0.0",2,"Camión Chasis,Pickup/Utilitario","Constitucion 800",2,1,1,0,0,0,0,,"Calle",,"ROSARIO","Rosario","Asfalto","No existe","II","Dentro","Urbana","S/D","S/D","Intersección","S/D","S/D","Nocturna","S/D","S/D","S/D","Colisión","S/D","S/D","S/D","Sin restricción"
2016,9290,12/1/2016,"Jueves",0,17:00:00,,"0.0",1,"Pickup/Utilitario","Bv. Avellaneda Y Cordoba",1,1,0,0,0,0,0,,"Avenida",,"ROSARIO","Rosario","Asfalto","No existe","II","S/D","Urbana","S/D","S/D","Intersección","Bueno","S/D","Diurna","S/D","Contra objeto fijo","S/D","Colisión","S/D","S/D","Cordón divisorio","S/D"
2016,9291,12/1/2016,"Jueves",0,13:30:00,,"0.0",3,"Pickup/Utilitario,Automóvil,Camión","Rioja Y Lima",3,1,0,0,1,0,1,,"Calle",,"ROSARIO","Rosario","Asfalto","No existe","II","Dentro","Urbana","S/D","S/D","Intersección","S/D","S/D","Diurna","S/D","Múltiple","S/D","Colisión","S/D","S/D","S/D","S/D"
2016,9292,12/5/2016,"Lunes",0,9:00:00,,"0.0",2,"Bicicleta,Pickup/Utilitario","1ro de Mayo Y Mantovani J",2,1,0,0,1,0,0,,"Calle",,"SAN JUSTO","San Justo","Asfalto","No existe","XVI","Dentro","Urbana","Ninguna","No existe","Intersección","Bueno","Buena","Diurna","Buen Tiempo","S/D","Ciclista","Atropello","S/D","Vertical","Cordón divisorio","Sin restricción"
2016,9293,12/8/2016,"Jueves",0,20:00:00,,"0.0",2,"Moto/Ciclomotor,Automóvil","9 de Julio Y Fco Angeloni",2,1,0,0,1,0,0,,"Calle",,"SAN JUSTO","San Justo","Asfalto","Pavimento","XVI","Dentro","Urbana","Ninguna","No existe","Intersección","Bueno","Buena","Atardecer","Buen Tiempo","Lateral","S/D","Colisión","Ninguna","Faltante","Ninguna","Sin restricción"
2016,9294,12/19/2016,"Lunes",0,,,"0.0",2,"Peatón,Taxi/Remis","San Luis Y Pueyrredon",2,1,0,0,1,0,0,,"Calle",,"ROSARIO","Rosario","Asfalto","No existe","II","S/D","Urbana","S/D","S/D","Intersección","Bueno","S/D","S/D","S/D","S/D","Peatón","Atropello","S/D","S/D","S/D","S/D"
2016,9295,12/11/2016,"Domingo",0,19:15:00,,"0.0",2,"Bicicleta,Automóvil","Bv R S Pe±a Y Italia",2,1,0,0,1,0,0,,"Avenida",,"SAN JUSTO","San Justo","Asfalto","No existe","XVI","Dentro","Urbana","Ninguna","No existe","Intersección","Bueno","Buena","Diurna","Buen Tiempo","S/D","Ciclista","Atropello","Ninguna","Vertical","Cordón divisorio,Vegetación","S/D"
2016,9296,12/14/2016,"Miercoles",0,21:55:00,"Ruta Nacional 11","0.0",2,"Automóvil,Moto/Ciclomotor","Independencia ",3,0,1,0,2,0,0,,"Ruta",11,"SAN JUSTO","San Justo","Asfalto","Pavimento","XVI","Dentro","Urbana","Ninguna","No existe","Intersección","Bueno","Buena","Nocturna,Con luz artificial","Buen Tiempo","Lateral","S/D","Colisión","Ninguna","Horizontal","S/D","Sin restricción"
2016,9297,12/19/2016,"Lunes",0,12:40:00,,"0.0",2,"Automóvil,Moto/Ciclomotor","San Luis Y San Nicolas",3,2,0,0,1,0,0,,"Calle",,"ROSARIO","Rosario","Asfalto","No existe","II","Dentro","Urbana","S/D","S/D","Intersección","Bueno","S/D","Diurna","Buen Tiempo","S/D","S/D","Colisión","S/D","S/D","S/D","S/D"
2016,9298,12/19/2016,"Lunes",0,,,"0.0",2,"Bicicleta,Automóvil","San Juan 4579",2,1,0,0,1,0,0,,"Calle",,"ROSARIO","Rosario","Asfalto","S/D","II","Dentro","Urbana","S/D","S/D","Intersección","Bueno","S/D","S/D","S/D","S/D","Ciclista","Atropello","S/D","S/D","S/D","S/D"
2016,9299,12/16/2016,"Viernes",0,16:10:00,"Ruta Nacional 11","0.0",2,"Pickup/Utilitario,Moto/Ciclomotor","B de Tucuman Y Ruta Nacional 11",2,1,0,0,1,0,0,,"Ruta",11,"SAN JUSTO","San Justo","Asfalto","Ripio","XVI","Dentro","Urbana","Otra Señal","No existe","Intersección","Bueno","Buena","Diurna","Buen Tiempo","Lateral","S/D","Colisión","Ninguna","Horizontal","Ninguna","Sin restricción"
2016,9300,12/13/2016,"Martes",0,19:50:00,,"0.0",2,"Automóvil,Moto/Ciclomotor","Pascual Rosas Y E.Zeballos",2,1,0,0,1,0,0,,"Calle",,"ROSARIO","Rosario","Asfalto","No existe","II","Dentro","Urbana","S/D","S/D","Intersección","S/D","S/D","Atardecer","Buen Tiempo","S/D","S/D","Colisión","S/D","S/D","S/D","S/D"
2016,9301,12/16/2016,"Viernes",0,23:00:00,,"0.0",2,"Moto/Ciclomotor,Automóvil","J Neme Y Gral Urquiza",2,0,1,0,1,0,0,,"Calle",,"SAN JUSTO","San Justo","Hormigón","No existe","XVI","Dentro","Urbana","S/D","No existe","Intersección","Bueno","Buena","Nocturna","Buen Tiempo","Lateral","S/D","Colisión","Ninguna","S/D","S/D","Sin restricción"
2016,9302,12/28/2016,"Miercoles",0,8:10:00,,"0.0",2,"Automóvil,Moto/Ciclomotor","Rioja Y Crespo",2,1,0,0,1,0,0,,"Calle",,"ROSARIO","Rosario","Asfalto","S/D","II","S/D","Urbana","S/D","S/D","Intersección","S/D","S/D","Diurna","S/D","S/D","S/D","Colisión","S/D","S/D","S/D","S/D"
2016,9303,12/28/2016,"Miercoles",0,13:20:00,,"0.0",2,"Automóvil,Moto/Ciclomotor","Mendoza 2900",2,1,0,0,1,0,0,,"Calle",,"ROSARIO","Rosario","Asfalto","No existe","II","Dentro","Urbana","S/D","S/D","Recta","S/D","S/D","Diurna","S/D","S/D","S/D","Colisión","S/D","S/D","S/D","S/D"
2016,9304,12/25/2016,"Domingo",0,17:15:00,,"0.0",1,"Automóvil","Av. Pellegrini 3400",1,1,0,0,0,0,0,,"Avenida",,"ROSARIO","Rosario","Asfalto","No existe","II","S/D","Urbana","S/D","S/D","Recta","Bueno","S/D","Diurna","S/D","Contra objeto fijo","S/D","Colisión","S/D","S/D","Cordón divisorio","S/D"
2016,9305,12/5/2016,"Lunes",0,11:30:00,,"0.0",2,"Automóvil,Peatón","San Lorenzo Y Mitre",2,1,0,0,1,0,0,,"Calle",,"ROSARIO","Rosario","Asfalto","No existe","II","Dentro","Urbana","Semáforo","Funciona","Intersección","Bueno","Buena","Diurna","Buen Tiempo","S/D","Peatón","Atropello","Ninguna","Vertical","Ninguna","Sin restricción"
2016,9306,12/20/2016,"Martes",0,11:52:00,,"0.0",1,"Transporte de Pasajeros Urbano (> 8 asientos)","Bv. Avellaneda Y Mendoza",4,3,0,0,1,0,0,,"Avenida",,"ROSARIO","Rosario","Asfalto","No existe","II","S/D","Urbana","S/D","S/D","S/D","Bueno","S/D","Diurna","S/D","S/D","S/D","Caída ocupante","S/D","S/D","S/D","S/D"
2016,9307,12/6/2016,"Martes",0,,,"0.0",2,"Automóvil,Moto/Ciclomotor","San Lorenzo Y Entre Rios",2,2,0,0,0,0,0,,"Calle",,"ROSARIO","Rosario","Asfalto","No existe","II","Dentro","Urbana","Ninguna","Funciona","Intersección","Bueno","Buena","Diurna","Buen Tiempo","S/D","S/D","Colisión","Ninguna","Vertical","Ninguna","Sin restricción"
2016,9308,12/6/2016,"Martes",0,,,"0.0",2,"Pickup/Utilitario,Moto/Ciclomotor","San Martin Y Catamarca",2,1,0,0,1,0,0,,"Calle",,"ROSARIO","Rosario","Asfalto","Pavimento","II","Dentro","Urbana","Ninguna","No existe","Intersección","Bueno","Buena","S/D","Buen Tiempo","S/D","S/D","Colisión","Ninguna","Faltante","Ninguna","Sin restricción"