"anio_acci","nro_acci","fecha","desc_dia","fecha_aprox","hora_aprox","desc_ruta","km","cant_participantes","desc_participante","calle_avenida_km","total","heridos_leves","heridos_graves","heridos_gravisimos","ilesos","fallecidos","sin_datos","posicion_XY","desc_tipo_via","desc_ruta_ori","desc_loc","desc_dpto","desc_tipo_calzada","desc_tipo_banquina","desc_unidad_regional","desc_lugar_calzada","desc_zona","desc_prioridad","desc_estado_semaforo","desc_lugar_via","desc_estado_via","desc_estado_visibilidad","desc_luminosidad","desc_estado_clima","desc_tipo_colision","desc_tipo_atropello","desc_tipo_hecho","desc_pres_calzada","desc_senializacion","desc_separacion_via","desc_restriccion"
2016,9445,12/21/2016,"Miercoles",0,7:00:00,,"0.0",1,"Moto/Ciclomotor","Av. Sorrento Y Esquivel",1,1,0,0,0,0,0,,"Avenida",,"ROSARIO","Rosario","Asfalto","No existe","II","Dentro","Urbana","Ninguna","No existe","Intersección","Bueno","Buena","Diurna","Buen Tiempo","S/D","S/D","Caída ocupante","Ninguna","Horizontal","Línea divisoria pintada","Sin restricción"
2016,9446,12/31/2016,"Sabado",0,6:30:00,,"0.0",2,"Moto/Ciclomotor,Moto/Ciclomotor","Avenida Italia Y Rivadavia",2,2,0,0,0,0,0,,"Calle",,"CERES","San Cristóbal","Asfalto","No existe","XIII","Dentro","Urbana","Ninguna","No existe","Intersección","Bueno","Buena","Diurna","Buen Tiempo","Frontal","S/D","Colisión","Ninguna","Faltante","Barrera de hormigón","Sin restricción"
2016,9447,12/3/2016,"Sabado",0,3:00:00,,"0.0",2,"Automóvil,Moto/Ciclomotor","Av. Castro Barros Y Sanchez de Thompson",2,1,0,0,1,0,0,,"Avenida",,"ROSARIO","Rosario","Asfalto","Pavimento","II","Dentro","Urbana","Ninguna","No existe","Intersección","Bueno","Buena","Nocturna,Con luz artificial","Buen Tiempo","Lateral","S/D","Colisión","Ninguna","Faltante","Ninguna","Sin restricción"
2016,9448,12/25/2016,"Domingo",0,1:10:00,,"0.0",1,"Moto/Ciclomotor","Roque Saenz Peña 600",2,0,1,0,1,0,0,,"Calle",,"HERSILIA","San Cristóbal","Asfalto","No existe","XIII","Dentro","Urbana","Ninguna","No existe","Recta","Bueno","Buena","Con luz artificial","Buen Tiempo","S/D","S/D","Vuelco","Ninguna","S/D","Cordón divisorio","Sin restricción"
2016,9449,12/25/2016,"Domingo",0,1:15:00,,"0.0",2,"Moto/Ciclomotor,Pickup/Utilitario"," ",4,2,0,0,2,0,0,,"Avenida",,"CERES","San Cristóbal","Asfalto","Pavimento","XIII","S/D","Urbana","Ninguna","No existe","Recta","Bueno","Buena","Nocturna","Buen Tiempo","Frontal","S/D","Colisión","Ninguna","Vertical","Vegetación","Sin restricción"
2016,9450,12/18/2016,"Domingo",0,5:05:00,"Ruta Provincial 23","7.0",1,"Automóvil"," ",1,0,1,0,0,0,0,,"Ruta",23,"VILLA TRINIDAD","San Cristóbal","Asfalto","Natural","XIII","S/D","Rural","Ninguna","No existe","Recta","Bueno","Buena","Amanecer","Buen Tiempo","S/D","S/D","Vuelco","Ninguna","Faltante","Ninguna","Sin restricción"
2016,9451,12/17/2016,"Sabado",0,11:20:00,,"0.0",2,"Moto/Ciclomotor,Moto/Ciclomotor","Alberdi Y Salta",2,2,0,0,0,0,0,,"Calle",,"SAN CRISTÓBAL","San Cristóbal","Tierra,Ripio","Natural","XIII","Dentro","Urbana","Ninguna","No existe","Intersección","Bueno","Buena","Diurna","Buen Tiempo","Lateral","S/D","Colisión","S/D","Faltante","Ninguna","Sin restricción"
2016,9452,12/22/2016,"Jueves",0,10:40:00,,"0.0",2,"Pickup/Utilitario,Automóvil","Bv. Rondeau Y Luis Vila",2,1,0,0,1,0,0,,"Avenida",,"ROSARIO","Rosario","Asfalto","No existe","II","Dentro","Urbana","Semáforo","Funciona","Intersección","Bueno","Buena","Diurna","Buen Tiempo","Lateral","S/D","Colisión","Ninguna","Horizontal","Cordón divisorio","Sin restricción"
2016,9453,12/14/2016,"Miercoles",0,10:05:00,,"0.0",1,"Bicicleta","Rivadavia 580",1,0,1,0,0,0,0,,"Avenida",,"VILLA TRINIDAD","San Cristóbal","Asfalto","S/D","XIII","Dentro","Urbana","Ninguna","No existe","Recta","Bueno","Buena","Diurna","Buen Tiempo","S/D","S/D","Caída ocupante","Ninguna","Horizontal","Cordón divisorio","Sin restricción"
2016,9454,12/23/2016,"Viernes",0,19:25:00,,"0.0",2,"Taxi/Remis,Bicicleta","Bv. Rondeau Y Gurruchaga",2,0,1,0,1,0,0,,"Avenida",,"ROSARIO","Rosario","Asfalto","No existe","II","Dentro","Urbana","Semáforo","Funciona","Intersección","Bueno","Buena","Atardecer","Buen Tiempo","S/D","Ciclista","Atropello","Ninguna","Horizontal","Cordón divisorio","Sin restricción"
2016,9455,12/17/2016,"Sabado",0,19:30:00,,"0.0",2,"Automóvil,Peatón","Cerrito Y 9 de Julio",2,1,0,0,1,0,0,,"Calle",,"ÁLVAREZ","Rosario","Asfalto","No existe","II","Dentro","Urbana","Ninguna","No existe","Intersección","Deteriorada","Reducida","Atardecer","Buen Tiempo","Lateral","Peatón","Atropello","Ninguna","Faltante","Ninguna","Sin restricción"
2016,9456,12/26/2016,"Lunes",0,17:35:00,,"0.0",2,"Automóvil,Moto/Ciclomotor","Bv. Rondeau Y Luis Vila",4,1,0,0,3,0,0,,"Avenida",,"ROSARIO","Rosario","Asfalto","No existe","II","Dentro","Urbana","Semáforo","Funciona","Recta","Bueno","Buena","Atardecer","Buen Tiempo","Lateral","S/D","Colisión","Ninguna","Horizontal","Cordón divisorio","Sin restricción"
2016,9457,12/28/2016,"Miercoles",0,17:10:00,,"0.0",2,"Transporte de Pasajeros Urbano (> 8 asientos),Moto/Ciclomotor","Washington Y Zelaya",2,0,1,0,1,0,0,,"Calle",,"ROSARIO","Rosario","Asfalto","No existe","II","Dentro","Urbana","Señal Pare","No existe","Intersección","Bueno","Buena","Atardecer","Buen Tiempo","Lateral","S/D","Colisión","Ninguna","Horizontal","Línea divisoria pintada","Sin restricción"
2016,9458,12/3/2016,"Sabado",0,8:10:00,,"0.0",2,"Moto/Ciclomotor,Automóvil","J J de Urquiza bis Y Formosa",3,2,0,0,1,0,0,,"Calle",,"VILLA CONSTITUCIÓN","Constitución","Asfalto","No existe","VI","Dentro","Urbana","Ninguna","No existe","Intersección","Bueno","Buena","Diurna","Buen Tiempo","Lateral","S/D","Colisión","Ninguna","Faltante","Ninguna","Sin restricción"
2016,9459,12/16/2016,"Viernes",0,6:50:00,"Autopista Nacional Gral. Juan Jose Valle","0.0",2,"Automóvil,Transporte de Pasajeros Urbano (> 8 asientos)"," ",7,5,1,0,1,0,0,,"Autopista","Gral. Juan Jose Valle","VILLA CONSTITUCIÓN","Constitución","Asfalto","Pavimento","VI","Dentro","Rural","Ninguna","No existe","Recta","Bueno","Buena","Diurna","Buen Tiempo","De alcance","S/D","Colisión","Ninguna","Faltante","Ninguna","Sin restricción"
2016,9460,12/31/2016,"Sabado",0,,,"0.0",2,"Automóvil,Moto/Ciclomotor","Ameghino Y Laprida",2,1,0,0,1,0,0,,"Calle",,"ROSARIO","Rosario","Asfalto","Pavimento","II","Dentro","Urbana","Ninguna","S/D","Intersección","Bueno","Buena","Atardecer","Buen Tiempo","Lateral","S/D","Colisión","Ninguna","Faltante","Ninguna","S/D"
2016,9461,12/1/2016,"Jueves",0,10:30:00,,"0.0",2,"Automóvil,Moto/Ciclomotor","Rodriguez Y Urquiza",3,2,0,0,1,0,0,,"Calle",,"ROSARIO","Rosario","Asfalto","No existe","II","Dentro","Urbana","Ninguna","No existe","Intersección","Bueno","Buena","Nocturna","Buen Tiempo","S/D","S/D","Colisión","S/D","S/D","Ninguna","Sin restricción"
2016,9462,12/4/2016,"Domingo",0,12:45:00,"Ruta Nacional A012","0.0",2,"Automóvil,Automóvil","Ruta Provincial 14 ",3,2,0,0,1,0,0,,"Ruta","A012","PIÑERO","Rosario","Asfalto","Ripio","II","Dentro","Rural","Señal Pare","No existe","Intersección","Bueno","Buena","Diurna","Buen Tiempo","Lateral","S/D","Colisión","S/D","Horizontal,Vertical","Cordón divisorio,Línea divisoria pintada","Sin restricción"
2016,9463,12/12/2016,"Lunes",0,18:15:00,"Ruta Nacional A012","0.0",2,"Automóvil,Camión"," ",2,1,0,0,1,0,0,,"Ruta","A012","PIÑERO","Rosario","Asfalto","Ripio","II","Dentro","Rural","Señal Pare","Intermitente","Intersección","Bueno","Buena","Atardecer","Buen Tiempo","Lateral","S/D","Colisión","Ninguna","Horizontal,Vertical","Cordón divisorio","Sin restricción"
2016,9464,12/5/2016,"Lunes",0,8:50:00,,"0.0",2,"Pickup/Utilitario,Automóvil","Gaboto Y Necochea",2,1,0,0,1,0,0,,"Calle",,"ROSARIO","Rosario","Asfalto","No existe","II","Dentro","Urbana","Ninguna","No existe","Intersección","Bueno","Buena","Diurna","Buen Tiempo","Lateral","S/D","Colisión","Ninguna","Faltante","Ninguna","Sin restricción"
2016,9465,12/3/2016,"Sabado",0,10:00:00,,"0.0",2,"Moto/Ciclomotor,Transporte de Pasajeros Urbano (> 8 asientos)","J.M.de Rosas Y Bv. Segui",2,1,0,0,1,0,0,,"Avenida",,"ROSARIO","Rosario","Asfalto","No existe","II","Dentro","Urbana","Ninguna","No existe","Intersección","Bueno","Buena","Diurna","Buen Tiempo","Lateral","S/D","Colisión","Ninguna","Faltante","Cordón divisorio","Sin restricción"
2016,9466,12/12/2016,"Lunes",0,14:30:00,,"0.0",2,"Moto/Ciclomotor,Automóvil","Crespo Y San Lorenzo",3,2,0,0,1,0,0,,"Calle",,"ROSARIO","Rosario","Asfalto","No existe","II","Dentro","Urbana","Ninguna","No existe","Recta","Bueno","Buena","Diurna","Buen Tiempo","S/D","S/D","Colisión","Ninguna","Faltante","S/D","Sin restricción"
2016,9467,12/16/2016,"Viernes",0,9:50:00,,"0.0",2,"Bicicleta,Automóvil","Saavedra Y 1 de Mayo",2,1,0,0,1,0,0,,"Calle",,"ROSARIO","Rosario","Asfalto","No existe","II","Dentro","Urbana","Ninguna","No existe","Intersección","Bueno","Buena","Diurna","Buen Tiempo","S/D","Ciclista","Atropello","Ninguna","Faltante","Ninguna","Sin restricción"
2016,9468,12/12/2016,"Lunes",0,15:00:00,,"0.0",2,"Moto/Ciclomotor,Automóvil","Catamarca Y Rodriguez",2,1,0,0,1,0,0,,"Calle",,"ROSARIO","Rosario","Asfalto","Pavimento","II","Dentro","Urbana","Ninguna","No existe","Recta","Bueno","Buena","Diurna","Buen Tiempo","S/D","S/D","Colisión","Ninguna","Faltante","Ninguna","Sin restricción"
2016,9469,12/13/2016,"Martes",0,8:50:00,,"0.0",2,"Automóvil,Automóvil","Salta Y Iriondo",3,2,0,0,1,0,0,,"Calle",,"ROSARIO","Rosario","Asfalto","No existe","II","S/D","Urbana","Semáforo","Funciona","Recta","Bueno","Buena","Diurna","Buen Tiempo","S/D","S/D","Colisión","Ninguna","Horizontal","S/D","Sin restricción"
2016,9470,12/14/2016,"Miercoles",0,0:15:00,,"0.0",2,"Automóvil,Moto/Ciclomotor","Vera Mujica Y San Lorenzo",2,1,0,0,1,0,0,,"Calle",,"ROSARIO","Rosario","Asfalto","No existe","II","Dentro","Urbana","Ninguna","No existe","Recta","Bueno","Buena","Nocturna,Con luz artificial","Buen Tiempo","S/D","S/D","Colisión","S/D","Faltante","Ninguna","Sin restricción"
2016,9471,12/21/2016,"Miercoles",0,13:15:00,,"0.0",2,"Peatón,Moto/Ciclomotor","Av. Francia Y Santa Fe",2,1,0,0,1,0,0,,"Calle",,"ROSARIO","Rosario","Asfalto","No existe","II","Dentro","Urbana","Semáforo","Funciona","Recta","Bueno","Buena","Diurna","Buen Tiempo","S/D","S/D","Atropello","Ninguna","Vertical","Ninguna","Sin restricción"
2016,9472,12/22/2016,"Jueves",0,22:00:00,,"0.0",2,"Automóvil,Automóvil","Santiago Y Brown",2,1,0,0,1,0,0,,"Calle",,"ROSARIO","Rosario","Asfalto","No existe","II","Dentro","Urbana","Ninguna","No existe","Recta","Bueno","Buena","Nocturna","Buen Tiempo","S/D","S/D","Colisión","S/D","Vertical","Ninguna","Sin restricción"
2016,9473,12/28/2016,"Miercoles",0,9:40:00,,"0.0",2,"Moto/Ciclomotor,Automóvil","24 De Setiembre Y Colon",2,1,0,0,1,0,0,,"Calle",,"ROSARIO","Rosario","Asfalto","No existe","II","Dentro","Urbana","Ninguna","No existe","Intersección","Bueno","Buena","Diurna","Buen Tiempo","Lateral","S/D","Colisión","Ninguna","Faltante","Ninguna","Sin restricción"
2016,9474,12/22/2016,"Jueves",0,21:00:00,,"0.0",2,"Moto/Ciclomotor,Automóvil","Rivadavia 2800",3,1,1,0,1,0,0,,"Calle",,"ROSARIO","Rosario","Asfalto","No existe","II","Dentro","Urbana","Ninguna","No existe","Recta","Bueno","Buena","Nocturna,Con luz artificial","Buen Tiempo","S/D","S/D","Colisión","S/D","Vertical","Ninguna","Sin restricción"
2016,9475,12/31/2016,"Sabado",0,14:00:00,,"0.0",2,"Automóvil,Vehículo Oficial","Garibaldi Y L.N.Alem",3,2,0,0,1,0,0,,"Calle",,"ROSARIO","Rosario","Asfalto","No existe","II","Dentro","Urbana","Marca Vial","No existe","Intersección","Bueno","Buena","Diurna","Buen Tiempo","Lateral","S/D","Colisión","Ninguna","Vertical","Línea divisoria pintada","Sin restricción"
2016,9476,12/22/2016,"Jueves",0,8:30:00,,"0.0",2,"Peatón,Moto/Ciclomotor","Av. Francia Y Catamarca",2,1,0,0,1,0,0,,"Calle",,"ROSARIO","Rosario","Asfalto","No existe","II","Dentro","Urbana","Semáforo","Funciona","Recta","Bueno","Buena","Diurna","Buen Tiempo","S/D","S/D","Atropello","Ninguna","S/D","S/D","Sin restricción"
2016,9477,12/23/2016,"Viernes",0,18:20:00,,"0.0",2,"Moto/Ciclomotor,Automóvil","Rodriguez Y Guemes",2,1,0,0,1,0,0,,"Calle",,"ROSARIO","Rosario","Asfalto","No existe","II","Dentro","Urbana","S/D","No existe","Recta","Bueno","Buena","Atardecer","S/D","S/D","S/D","Colisión","S/D","S/D","Ninguna","Sin restricción"
2016,9478,12/28/2016,"Miercoles",0,8:40:00,,"0.0",1,"Transporte de Pasajeros Urbano (> 8 asientos)","Bv. Avellaneda Y San Lorenzo",2,1,0,0,1,0,0,,"Avenida",,"ROSARIO","Rosario","Asfalto","No existe","II","Dentro","Urbana","Ninguna","Funciona","Recta","Bueno","Buena","Diurna","Buen Tiempo","S/D","S/D","Caída ocupante","Ninguna","Vertical","Ninguna","Sin restricción"
2016,9479,12/25/2016,"Domingo",0,13:00:00,,"0.0",1,"Moto/Ciclomotor","B Manera Y A Destefani",3,3,0,0,0,0,0,,"Calle",,"RAFAELA","Castellanos","Ripio","No existe","V","Dentro","Urbana","Ninguna","No existe","Intersección","Bueno","Buena","Diurna","Buen Tiempo","S/D","S/D","Colisión","Ninguna","Faltante","Ninguna","Sin restricción"
2016,9480,11/9/2016,"Miercoles",0,20:00:00,,"0.0",2,"Bicicleta,Camión c / Acoplado"," ",2,1,0,0,1,0,0,,"Calle",,"VILA","Castellanos","Ripio","Natural","V","Dentro","Urbana","Ninguna","No existe","Recta","Bueno","Reducida","Nocturna","Buen Tiempo","S/D","Ciclista","Atropello","Ninguna","Faltante","Ninguna","Sin restricción"
2016,9481,12/16/2016,"Viernes",0,11:00:00,,"0.0",3,"Automóvil,Automóvil,Moto/Ciclomotor","Bv G L Lhemann 387",3,1,0,0,2,0,0,,"Avenida",,"RAFAELA","Castellanos","Asfalto","S/D","V","Dentro","Urbana","Ninguna","No existe","Recta","Bueno","Buena","Diurna","Buen Tiempo","Múltiple","S/D","Colisión","S/D","Horizontal","Ninguna","Sin restricción"
2016,9482,12/22/2016,"Jueves",0,22:00:00,,"0.0",2,"Automóvil,Moto/Ciclomotor","Av Gral Bartolome Mitre 550",2,1,0,0,1,0,0,,"Avenida",,"RAFAELA","Castellanos","S/D","No existe","V","Dentro","Urbana","Ninguna","No existe","Recta","Resbaladiza","Reducida","Nocturna","Lluvia","Frontal","S/D","Colisión","Agua","Faltante","Línea divisoria pintada","Sin restricción"
2016,9483,12/16/2016,"Viernes",0,21:20:00,"Ruta Provincial 70","114.0",1,"Moto/Ciclomotor"," ",2,1,1,0,0,0,0,,"Ruta",70,"VILA","Castellanos","Asfalto","Natural","V","Dentro","Rural","Ninguna","No existe","Recta","Con baches","Reducida","Nocturna","Buen Tiempo","S/D","S/D","Caída ocupante","Material Suelto","Vertical","Ninguna","Sin restricción"
2016,9484,12/16/2016,"Viernes",0,0:55:00,,"0.0",2,"Moto/Ciclomotor,Automóvil","1ro de Mayo Y Estanislao López",2,0,1,0,1,0,0,,"Calle",,"VILA","Castellanos","Asfalto","S/D","V","Dentro","Urbana","Ninguna","No existe","Intersección","Bueno","Buena","Nocturna","Buen Tiempo","Lateral","S/D","Colisión","Ninguna","Faltante","Ninguna","Sin restricción"
2016,9485,12/17/2016,"Sabado",0,16:15:00,"Ruta Nacional 19","0.0",1,"Automóvil"," ",1,0,1,0,0,0,0,,"Ruta",19,"COLONIA ITURRASPE","Castellanos","Asfalto","Pavimento","V","Dentro","Rural","Otra Señal","No existe","Recta","Resbaladiza","Buena","Diurna","Buen Tiempo","S/D","S/D","Vuelco","Material Suelto","Horizontal","Vegetación","Obra en Construcción"
2016,9486,12/15/2016,"Jueves",0,19:30:00,,"0.0",2,"Moto/Ciclomotor,Automóvil","25 de Mayo Y Italia",3,2,0,0,1,0,0,,"Calle",,"EMPALME VILLA CONSTITUCIÓN","Constitución","Asfalto","No existe","VI","Dentro","Urbana","Ninguna","No existe","Intersección","Bueno","Buena","Diurna","Buen Tiempo","Lateral","S/D","Colisión","Ninguna","S/D","Ninguna","S/D"
2016,9487,12/18/2016,"Domingo",0,12:00:00,,"0.0",2,"Automóvil,Peatón","Colon Y Santiago del Estero",2,1,0,0,1,0,0,,"Calle",,"SAN LORENZO","San Lorenzo","S/D","S/D","XVII","Dentro","Urbana","S/D","S/D","Intersección","S/D","Buena","Diurna","Buen Tiempo","Lateral","S/D","Colisión","S/D","S/D","S/D","S/D"
2016,9488,12/11/2016,"Domingo",0,21:20:00,"Ruta Nacional A012","0.0",2,"Automóvil,Automóvil","Blas Parera ",2,1,0,0,1,0,0,,"Ruta","A012","SAN LORENZO","San Lorenzo","S/D","S/D","XVII","Dentro","Urbana","S/D","S/D","Intersección","S/D","Buena","Diurna","Buen Tiempo","Lateral","S/D","Colisión","S/D","S/D","S/D","S/D"
2016,9489,12/18/2016,"Domingo",0,6:30:00,,"0.0",2,"Automóvil,Moto/Ciclomotor","General Lopez Y L N Alem",3,0,0,0,0,0,3,,"Calle",,"SAN LORENZO","San Lorenzo","S/D","S/D","XVII","Dentro","Urbana","Ninguna","S/D","S/D","Otro","Buena","Diurna","Otro","S/D","S/D","Colisión","Ninguna","S/D","Ninguna","S/D"
2016,9490,12/13/2016,"Martes",0,20:20:00,,"0.0",2,"Moto/Ciclomotor,Bicicleta","Dorrego Y San Luis",3,2,0,0,1,0,0,,"Calle",,"SAN LORENZO","San Lorenzo","S/D","S/D","XVII","Dentro","Urbana","S/D","S/D","Intersección","S/D","Buena","Nocturna","Buen Tiempo","Lateral","S/D","Colisión","S/D","S/D","S/D","S/D"
2016,9491,12/16/2016,"Viernes",0,18:00:00,,"0.0",2,"Automóvil,Moto/Ciclomotor","Falucho Y La Rioja",2,1,0,0,1,0,0,,"Calle",,"SAN LORENZO","San Lorenzo","S/D","S/D","XVII","Dentro","Urbana","S/D","S/D","Intersección","S/D","Buena","Diurna","Buen Tiempo","Lateral","S/D","Colisión","S/D","S/D","S/D","S/D"
2016,9492,12/10/2016,"Sabado",0,17:50:00,,"0.0",2,"Automóvil,Moto/Ciclomotor","Dorrego Y Moreno",2,1,0,0,1,0,0,,"Calle",,"SAN LORENZO","San Lorenzo","S/D","S/D","XVII","Dentro","Urbana","Ninguna","S/D","S/D","Otro","Buena","Diurna","Otro","S/D","S/D","Colisión","Ninguna","S/D","Ninguna","S/D"
2016,9493,12/16/2016,"Viernes",0,16:50:00,,"0.0",2,"Moto/Ciclomotor,Automóvil","Falucho Y Fray Peña",2,1,0,0,1,0,0,,"Calle",,"SAN LORENZO","San Lorenzo","S/D","S/D","XVII","Dentro","Urbana","S/D","S/D","Intersección","S/D","Buena","Diurna","S/D","Lateral","S/D","Colisión","S/D","S/D","S/D","S/D"
2016,9494,12/16/2016,"Viernes",0,21:00:00,,"0.0",2,"Automóvil,Moto/Ciclomotor","Dorrego Y Salta",2,1,0,0,1,0,0,,"Calle",,"SAN LORENZO","San Lorenzo","S/D","S/D","XVII","Dentro","Urbana","S/D","S/D","Intersección","S/D","Buena","Nocturna","Buen Tiempo","Lateral","S/D","Colisión","S/D","S/D","S/D","S/D"
2016,9495,12/6/2016,"Martes",0,19:45:00,,"0.0",2,"Automóvil,Automóvil","Sargento Cabral Y Belgrano",2,0,0,0,0,0,2,,"Calle",,"SAN LORENZO","San Lorenzo","S/D","S/D","XVII","Dentro","Urbana","Ninguna","S/D","S/D","Otro","S/D","Diurna","S/D","S/D","S/D","Colisión","Ninguna","S/D","Ninguna","S/D"
2016,9496,12/3/2016,"Sabado",0,23:10:00,,"0.0",2,"Moto/Ciclomotor,Automóvil","Dorrego Y Tucuman",2,0,0,0,0,0,2,,"Calle",,"SAN LORENZO","San Lorenzo","S/D","S/D","XVII","Dentro","Urbana","Ninguna","S/D","S/D","S/D","S/D","Nocturna","S/D","S/D","S/D","Colisión","S/D","S/D","S/D","S/D"
2016,9497,12/17/2016,"Sabado",0,21:50:00,,"0.0",2,"Automóvil,Moto/Ciclomotor","Sargento Cabral Y Belgrano",3,2,0,0,1,0,0,,"Avenida",,"SAN LORENZO","San Lorenzo","S/D","S/D","XVII","Dentro","Urbana","S/D","S/D","Intersección","S/D","Buena","Nocturna","Buen Tiempo","Lateral","S/D","Colisión","S/D","S/D","S/D","S/D"
2016,9498,12/4/2016,"Domingo",0,6:00:00,,"0.0",2,"Moto/Ciclomotor,Automóvil","Av San Martin Y San Juan",2,0,0,0,1,0,1,,"Calle",,"SAN LORENZO","San Lorenzo","S/D","S/D","XVII","Dentro","Urbana","S/D","S/D","S/D","S/D","S/D","Diurna","S/D","S/D","S/D","Colisión","S/D","S/D","S/D","S/D"
2016,9499,12/17/2016,"Sabado",0,1:05:00,,"0.0",1,"Moto/Ciclomotor","Bv Oroño ",1,1,0,0,0,0,0,,"Avenida",,"SAN LORENZO","San Lorenzo","S/D","S/D","XVII","Dentro","Urbana","S/D","S/D","Intersección","S/D","Buena","Nocturna","Buen Tiempo","Atropello animal","S/D","Colisión","S/D","S/D","S/D","S/D"
2016,9500,12/18/2016,"Domingo",0,2:30:00,,"0.0",2,"Moto/Ciclomotor,Automóvil","Av San Martin ",2,1,0,0,1,0,0,,"Avenida",,"SAN LORENZO","San Lorenzo","S/D","S/D","XVII","Dentro","Urbana","S/D","S/D","Rotonda","S/D","Buena","Nocturna","Buen Tiempo","Lateral","S/D","Colisión","S/D","S/D","S/D","S/D"
2016,9501,12/25/2016,"Domingo",0,1:00:00,"Ruta Nacional 11","422.0",2,"Moto/Ciclomotor,Moto/Ciclomotor"," ",4,3,1,0,0,0,0,,"Ruta",11,"CORONDA","San Jerónimo","Asfalto","Natural","XV","Dentro","Urbana","Ninguna","No existe","Curva","Bueno","Buena","Nocturna","Buen Tiempo","S/D","S/D","Colisión","Ninguna","Faltante","Ninguna","Sin restricción"
2016,9502,12/12/2016,"Lunes",0,19:10:00,,"0.0",2,"Automóvil,Moto/Ciclomotor","Dorrego Y Belgrano",2,1,0,0,1,0,0,,"Calle",,"SAN LORENZO","San Lorenzo","S/D","S/D","XVII","Dentro","Urbana","S/D","S/D","Intersección","S/D","Buena","Atardecer","Buen Tiempo","Lateral","S/D","Colisión","S/D","S/D","S/D","S/D"
2016,9503,12/14/2016,"Miercoles",0,14:25:00,,"0.0",2,"Moto/Ciclomotor,Pickup/Utilitario","Av San Martin Y Bv B Mitre",3,2,0,0,1,0,0,,"Avenida",,"SAN LORENZO","San Lorenzo","S/D","S/D","XVII","Dentro","Urbana","Semáforo","Funciona","Intersección","S/D","Buena","Diurna","Buen Tiempo","Lateral","S/D","Colisión","S/D","S/D","S/D","S/D"
2016,9504,12/29/2016,"Jueves",0,13:10:00,"Ruta Provincial Brigadier E.López","73.0",1,"Automóvil"," ",4,4,0,0,0,0,0,,"Ruta","Brigadier E.López","BARRANCAS","San Jerónimo","Asfalto","Natural","XV","Dentro","Urbana","Ninguna","No existe","Recta","Bueno","Buena","Diurna","S/D","S/D","S/D","Vuelco","S/D","S/D","S/D","S/D"
2016,9505,12/20/2016,"Martes",0,14:50:00,,"0.0",2,"Moto/Ciclomotor,Pickup/Utilitario","Dorrego Y Diag. Berardo",2,1,0,0,1,0,0,,"Calle",,"SAN LORENZO","San Lorenzo","Asfalto","No existe","XVII","Dentro","Urbana","S/D","No existe","Intersección","Bueno","Buena","Diurna","Buen Tiempo","Lateral","S/D","Colisión","Ninguna","S/D","S/D","Sin restricción"
2016,9506,12/23/2016,"Viernes",0,10:45:00,,"0.0",2,"Moto/Ciclomotor,Automóvil","Av San Martin Y Suiza",2,1,0,0,1,0,0,,"Avenida",,"SAN LORENZO","San Lorenzo","Asfalto","S/D","XVII","Dentro","Urbana","S/D","S/D","Intersección","Bueno","Buena","Diurna","Buen Tiempo","Lateral","S/D","Colisión","Ninguna","Vertical","S/D","Sin restricción"
2016,9507,12/11/2016,"Domingo",0,8:45:00,,"0.0",2,"Moto/Ciclomotor,Automóvil","Capitan Bermudez Y Bme Mitre",4,3,0,0,1,0,0,,"Calle",,"GÁLVEZ","San Jerónimo","Asfalto","No existe","XV","Dentro","Urbana","Ninguna","No existe","Intersección","Bueno","Buena","Diurna","Buen Tiempo","S/D","S/D","Colisión","S/D","S/D","Barrera de hormigón","Sin restricción"
2016,9508,12/18/2016,"Domingo",0,19:30:00,"Ruta Provincial 90","1.0",2,"Automóvil,Pickup/Utilitario"," ",9,8,0,0,1,0,0,,"Ruta",90,"VILLA CONSTITUCIÓN","Constitución","Asfalto","No existe","VI","Dentro","Urbana","Ninguna","No existe","Recta","Con baches","Buena","Atardecer","Buen Tiempo","Lateral","S/D","Colisión","S/D","Faltante","Ninguna","Desvío Provisorio"
2016,9509,12/31/2016,"Sabado",0,1:00:00,,"0.0",1,"Moto/Ciclomotor","Irigoyen Y Alemania",2,2,0,0,0,0,0,,"Calle",,"SAN LORENZO","San Lorenzo","Asfalto","No existe","XVII","Dentro","Urbana","S/D","No existe","Intersección","Bueno","Buena","Nocturna","Buen Tiempo","S/D","S/D","Caída ocupante","S/D","S/D","S/D","S/D"
2016,9510,12/31/2016,"Sabado",0,8:24:00,,"0.0",1,"Moto/Ciclomotor"," ",2,2,0,0,0,0,0,,"S/D",,"PAVÓN ARRIBA","Constitución","Asfalto","Natural","VI","Dentro","Rural","Ninguna","No existe","Curva","Bueno","Buena","Diurna","Buen Tiempo","S/D","S/D","Caída ocupante","Ninguna","Vertical","Línea divisoria pintada","Sin restricción"
2016,9511,12/5/2016,"Lunes",0,0:15:00,"Ruta Nacional 34","212.0",1,"Moto/Ciclomotor"," ",2,2,0,0,0,0,0,,"Ruta",34,"SUSANA","Castellanos","Asfalto","Natural","V","Dentro","Rural","Ninguna","No existe","Recta","Bueno","Buena","Nocturna","Buen Tiempo","Contra objeto fijo","S/D","Colisión","S/D","S/D","Línea divisoria pintada","S/D"
2016,9512,12/1/2016,"Jueves",0,9:15:00,,"0.0",2,"Automóvil,Otros","Pje Publico 9850",2,1,0,0,0,0,1,,"Calle",,"SANTA FE","La Capital","Asfalto","Natural","I","Dentro","Urbana","Ninguna","No existe","Recta","Bueno","Buena","Diurna","Buen Tiempo","Lateral","S/D","Colisión","S/D","Faltante","Cordón divisorio","Sin restricción"