"anio_acci","nro_acci","fecha","desc_dia","fecha_aprox","hora_aprox","desc_ruta","km","cant_participantes","desc_participante","calle_avenida_km","total","heridos_leves","heridos_graves","heridos_gravisimos","ilesos","fallecidos","sin_datos","posicion_XY","desc_tipo_via","desc_ruta_ori","desc_loc","desc_dpto","desc_tipo_calzada","desc_tipo_banquina","desc_unidad_regional","desc_lugar_calzada","desc_zona","desc_prioridad","desc_estado_semaforo","desc_lugar_via","desc_estado_via","desc_estado_visibilidad","desc_luminosidad","desc_estado_clima","desc_tipo_colision","desc_tipo_atropello","desc_tipo_hecho","desc_pres_calzada","desc_senializacion","desc_separacion_via","desc_restriccion"
2016,9513,12/13/2016,"Martes",0,22:00:00,,"0.0",2,"Automóvil,Moto/Ciclomotor","Reg 12 de Infanteria Y Santiago de Chile",2,2,0,0,0,0,0,,"Calle",,"SANTA FE","La Capital","Asfalto","Pavimento","I","Dentro","Urbana","Ninguna","No existe","Intersección","Bueno","Buena","Nocturna,Con luz artificial","Buen Tiempo","Lateral","S/D","Colisión","S/D","Faltante","Cordón divisorio","Sin restricción"
2016,9514,12/22/2016,"Jueves",0,19:30:00,"Ruta Nacional 34","0.0",2,"Moto/Ciclomotor,Pickup/Utilitario","Bv Pte Roca Y Ruta Nac 34 Gral Guemes",2,1,0,0,1,0,0,,"Ruta",34,"RAFAELA","Castellanos","Asfalto","Natural","V","Dentro","Urbana","Ninguna","Funciona","Intersección","Bueno","Buena","Atardecer","Buen Tiempo","Lateral","S/D","Colisión","S/D","S/D","S/D","S/D"
2016,9515,12/25/2016,"Domingo",0,22:00:00,,"0.0",2,"Automóvil,Automóvil","Pavon 7858",3,2,0,0,1,0,0,,"Calle",,"SANTA FE","La Capital","Asfalto","Pavimento","I","Dentro","Urbana","Ninguna","No existe","Recta","Bueno","Buena","Nocturna,Con luz artificial","Buen Tiempo","Lateral","S/D","Colisión","S/D","Faltante","Cordón divisorio","S/D"
2016,9516,12/21/2016,"Miercoles",0,13:45:00,,"0.0",2,"Moto/Ciclomotor,Pickup/Utilitario","500 Millas Argentinas Y Av Dr E Salva",2,0,1,0,1,0,0,,"Avenida",,"RAFAELA","Castellanos","Ripio","S/D","V","Dentro","Urbana","S/D","S/D","Intersección","S/D","Buena","Diurna","Buen Tiempo","Lateral","S/D","Colisión","S/D","S/D","S/D","S/D"
2016,9517,12/27/2016,"Martes",0,19:30:00,,"0.0",2,"Automóvil,Moto/Ciclomotor","Av Blas Parera Y Reg 12 de Infanteria",2,1,0,0,1,0,0,,"Avenida",,"SANTA FE","La Capital","Hormigón","Pavimento","I","Dentro","Urbana","Semáforo","Funciona","Intersección","Bueno","Buena","Nocturna,Con luz artificial","Buen Tiempo","Lateral","S/D","Colisión","S/D","S/D","Guardarrail","Obra en Construcción"
2016,9518,12/29/2016,"Jueves",0,16:50:00,,"0.0",2,"Automóvil,Moto/Ciclomotor","Millan Medina ",2,1,0,0,0,0,1,,"Calle",,"SANTA FE","La Capital","Asfalto","Pavimento","I","Dentro","Urbana","Ninguna","No existe","Recta","Bueno","Buena","Diurna","Buen Tiempo","Frontal","S/D","Colisión","Ninguna","Faltante","Cordón divisorio","Sin restricción"
2016,9519,12/15/2016,"Jueves",0,18:30:00,,"0.0",1,"Moto/Ciclomotor"," ",2,2,0,0,0,0,0,,"Avenida",,"SANTA FE","La Capital","Hormigón","Natural","I","S/D","Urbana","Ninguna","No existe","Recta","Bueno","Buena","Nocturna","Buen Tiempo","S/D","S/D","Vuelco","S/D","Faltante","Ninguna","Sin restricción"
2016,9520,12/29/2016,"Jueves",0,,,"0.0",1,"Otros","Av Blas Parera 9700",1,1,0,0,0,0,0,,"Avenida",,"SANTA FE","La Capital","Hormigón","No existe","I","S/D","Urbana","Ninguna","No existe","Recta","Bueno","Buena","S/D","Buen Tiempo","S/D","S/D","Vuelco","Ninguna","Faltante","Cordón divisorio","Obra en Construcción"
2016,9521,12/1/2016,"Jueves",1,,,"0.0",1,"Moto/Ciclomotor","12 de Octubre Y Misiones",2,2,0,0,0,0,0,,"Avenida",,"SANTA FE","La Capital","Hormigón","No existe","I","S/D","Urbana","Ninguna","S/D","Intersección","Bueno","Buena","S/D","Buen Tiempo","S/D","S/D","Vuelco","Ninguna","Faltante","Cordón divisorio","Sin restricción"
2016,9522,12/22/2016,"Jueves",0,,,"0.0",1,"Moto/Ciclomotor","Av Blas Parera Y Santa Cruz",1,0,1,0,0,0,0,,"Avenida",,"SANTA FE","La Capital","Asfalto","No existe","I","S/D","Urbana","Ninguna","No existe","Intersección","Bueno","Buena","Diurna","Buen Tiempo","S/D","S/D","Despiste","Ninguna","Faltante","Cordón divisorio","Obra en Construcción"
2016,9523,12/16/2016,"Viernes",0,,,"0.0",1,"Moto/Ciclomotor","Av Blas Parera 9800",1,1,0,0,0,0,0,,"Calle",,"SANTA FE","La Capital","Hormigón","No existe","I","S/D","Urbana","Ninguna","No existe","Recta","Bueno","Buena","S/D","Buen Tiempo","Lateral","S/D","Colisión","S/D","Faltante","Cordón divisorio","Sin restricción"
2016,9524,11/9/2016,"Miercoles",0,,,"0.0",2,"Automóvil,Peatón","Superi Y Medrano",2,0,1,0,1,0,0,,"Calle",,"ROSARIO","Rosario","Asfalto","No existe","II","Dentro","Urbana","Ninguna","No existe","Recta","Bueno","Buena","Diurna","Buen Tiempo","S/D","Peatón","Atropello","Ninguna","Faltante","Cordón divisorio","Sin restricción"
2016,9525,11/15/2016,"Martes",0,4:36:00,,"0.0",2,"Automóvil,Moto/Ciclomotor","Superi 2000",3,1,0,0,0,0,2,,"Calle",,"ROSARIO","Rosario","Asfalto","No existe","II","Dentro","Urbana","Ninguna","No existe","Recta","Bueno","Buena","Nocturna","Buen Tiempo","Lateral","S/D","Colisión","Ninguna","Faltante","Barrera de hormigón","Sin restricción"
2016,9526,12/23/2016,"Viernes",0,12:40:00,,"0.0",2,"Moto/Ciclomotor,Automóvil","Colon 640",2,1,0,0,1,0,0,,"Calle",,"RAFAELA","Castellanos","Asfalto","No existe","V","S/D","S/D","Ninguna","No existe","Recta","Bueno","Buena","Diurna","Buen Tiempo","Lateral","S/D","Colisión","Otro","S/D","Cordón divisorio","Sin restricción"
2016,9527,12/27/2016,"Martes",0,16:15:00,,"0.0",2,"Taxi/Remis,Moto/Ciclomotor","Bv. Rondeau 2800",2,1,0,0,0,0,1,,"Avenida",,"ROSARIO","Rosario","Asfalto","Pavimento","II","Dentro","Urbana","S/D","S/D","Recta","Bueno","Buena","Diurna","Buen Tiempo","S/D","S/D","Colisión","S/D","S/D","Ninguna","S/D"
2016,9528,12/20/2016,"Martes",0,11:50:00,,"0.0",2,"Automóvil,Automóvil","G.Carrasco 3700",3,1,0,0,2,0,0,,"S/D",,"ROSARIO","Rosario","Asfalto","S/D","II","S/D","Urbana","S/D","S/D","Recta","Bueno","Buena","Diurna","Buen Tiempo","S/D","S/D","Colisión","Ninguna","S/D","Ninguna","S/D"
2016,9529,12/25/2016,"Domingo",0,19:55:00,,"0.0",2,"Automóvil,Moto/Ciclomotor","Bv. Rondeau 4000",2,1,0,0,0,0,1,,"S/D",,"ROSARIO","Rosario","Asfalto","S/D","II","S/D","Urbana","S/D","S/D","Intersección","Bueno","S/D","Nocturna","S/D","S/D","S/D","Colisión","Ninguna","S/D","S/D","S/D"
2016,9530,12/16/2016,"Viernes",0,10:15:00,,"0.0",2,"Moto/Ciclomotor,Automóvil","Av Luis Fanti Y Ciudad de Sunchales",2,0,1,0,1,0,0,,"Avenida",,"RAFAELA","Castellanos","Asfalto","No existe","V","Dentro","Urbana","Ninguna","No existe","Intersección","Bueno","Buena","Atardecer","Buen Tiempo","Frontal","S/D","Colisión","Ninguna","Faltante","Cordón divisorio","Sin restricción"
2016,9531,12/5/2016,"Lunes",0,8:30:00,,"0.0",2,"Moto/Ciclomotor,Automóvil","Maipu Y Lamadrid",2,0,1,0,1,0,0,,"Calle",,"RAFAELA","Castellanos","Asfalto","S/D","V","S/D","S/D","S/D","No existe","Intersección","Bueno","Buena","Diurna","Buen Tiempo","Lateral","S/D","Colisión","S/D","Horizontal","S/D","Sin restricción"
2016,9532,12/1/2016,"Jueves",0,23:00:00,,"0.0",2,"Moto/Ciclomotor,Pickup/Utilitario","Av Peñaloza Y Gorriti",2,1,0,0,1,0,0,,"Avenida",,"SANTA FE","La Capital","Hormigón","Pavimento","I","Dentro","Urbana","Ninguna","Intermitente","Intersección","Bueno","Buena","Nocturna,Con luz artificial","Buen Tiempo","Lateral","S/D","Colisión","Ninguna","Vertical","Cordón divisorio","Sin restricción"
2016,9533,12/2/2016,"Viernes",0,2:00:00,,"0.0",2,"Moto/Ciclomotor,Automóvil","Sebastian Gaboto Y Risso",2,1,0,0,0,0,1,,"Calle",,"SANTA FE","La Capital","Asfalto","No existe","I","Dentro","Urbana","Ninguna","No existe","Intersección","Con baches","Reducida","Nocturna,Con luz artificial","Buen Tiempo","Lateral","S/D","Colisión","Material Suelto","Faltante","Ninguna","Sin restricción"
2016,9534,12/16/2016,"Viernes",0,16:35:00,,"0.0",1,"Moto/Ciclomotor","Bv San Martin 800",1,0,1,0,0,0,0,,"Calle",,"ROLDÁN","San Lorenzo","Hormigón","No existe","XVII","Dentro","Urbana","Ninguna","No existe","Recta","Bueno","Buena","Diurna","Buen Tiempo","Contra objeto fijo","S/D","Colisión","S/D","Faltante","Ninguna","Sin restricción"
2016,9535,12/12/2016,"Lunes",0,23:30:00,,"0.0",1,"Moto/Ciclomotor","Bv B Mitre 600",2,1,0,0,1,0,0,,"Calle",,"SAN LORENZO","San Lorenzo","Asfalto","S/D","XVII","S/D","Urbana","S/D","S/D","Recta","Bueno","S/D","Nocturna","Buen Tiempo","Contra objeto fijo","S/D","Colisión","S/D","S/D","Ninguna","S/D"
2016,9536,11/27/2016,"Domingo",0,5:45:00,,"0.0",2,"Moto/Ciclomotor,Automóvil","AV. LISANDRO DE LA TORRE Y 25 DE MAYO",2,0,0,0,1,1,0,"-32.668325, -60.880426","Calle",,"ANDINO","Iriondo","S/D","S/D","X","Dentro","Urbana","S/D","S/D","Intersección","S/D","S/D","Amanecer","S/D","S/D","S/D","Colisión","S/D","S/D","S/D","S/D"
2016,9537,11/14/2016,"Lunes",0,18:00:00,,"0.0",1,"Moto/Ciclomotor","CAMINO 16 A 3KM DE LA LOCALIDAD ",1,0,0,0,0,1,0,"-29.582277, -60.416999","Camino Rural",,"LA GALLARETA","Vera","S/D","S/D","XIX","Dentro","Urbana","S/D","S/D","S/D","S/D","S/D","Atardecer","S/D","S/D","S/D","Caída ocupante","S/D","S/D","S/D","S/D"
2016,9538,12/21/2016,"Miercoles",0,20:30:00,,"0.0",2,"Moto/Ciclomotor,Moto/Ciclomotor","Passo Y Neuquen",3,1,1,0,0,1,0,"-33.749029, -61.943796","Calle",,"VENADO TUERTO","General López","S/D","S/D","VIII","Dentro","Urbana","S/D","S/D","Intersección","S/D","S/D","Nocturna","S/D","S/D","S/D","Colisión","S/D","S/D","S/D","S/D"
2016,9539,12/1/2016,"Jueves",0,21:30:00,"Ruta Provincial 94","0.0",2,"Camión c / Acoplado,Automóvil","ACCESO A LA LOCALIDAD DE SANTA ISABEL ",4,0,1,0,1,2,0,"-33.908928, -61.675820","Ruta",94,"SANTA ISABEL","General López","S/D","S/D","VIII","Dentro","Urbana","S/D","S/D","Recta","S/D","S/D","Nocturna","S/D","De alcance","S/D","Colisión","S/D","S/D","S/D","S/D"
2016,9540,12/6/2016,"Martes",0,6:00:00,"Ruta Nacional 33","639.0",3,"Automóvil,Pickup/Utilitario,Camión","2000 METROS PASANDO EL PEAJE SENTIDO MURPHY ",5,2,0,0,2,1,0,"-33.693754, -61.944370","Ruta",33,"VENADO TUERTO","General López","S/D","S/D","VIII","Dentro","Rural","S/D","S/D","Recta","S/D","S/D","Amanecer","S/D","Múltiple","S/D","Colisión","S/D","S/D","S/D","S/D"
2016,9541,7/9/2016,"Sabado",0,9:00:00,,"0.0",3,"Moto/Ciclomotor,Automóvil,Vehículo Oficial","Avda 25 de Mayo Y San Martin",3,1,0,0,2,0,0,,"Avenida",,"GÁLVEZ","San Jerónimo","Asfalto","S/D","XV","Dentro","Urbana","Ninguna","S/D","Intersección","Bueno","Buena","Diurna","Buen Tiempo","Múltiple","S/D","Colisión","S/D","S/D","S/D","S/D"
2016,9542,7/16/2016,"Sabado",0,12:30:00,,"0.0",1,"Moto/Ciclomotor","Av Galicia Y Av Gral Lopez",2,1,0,0,1,0,0,,"Avenida",,"SANTA FE","La Capital","S/D","S/D","I","Dentro","Urbana","S/D","S/D","Intersección","Otro","Buena","Diurna","S/D","S/D","S/D","Caída ocupante","S/D","S/D","Ninguna","S/D"
2016,9543,7/8/2016,"Viernes",0,14:00:00,"Ruta Nacional 168","0.0",2,"Pickup/Utilitario,Automóvil"," ",3,2,0,0,1,0,0,,"Ruta",168,"SANTA FE","La Capital","S/D","S/D","II","Dentro","Urbana","S/D","S/D","Recta","S/D","Buena","Diurna","Buen Tiempo","S/D","S/D","Colisión","S/D","S/D","S/D","S/D"
2016,9544,7/14/2016,"Jueves",0,7:35:00,,"0.0",2,"Moto/Ciclomotor,Moto/Ciclomotor"," ",2,2,0,0,0,0,0,,"Calle",,"SANTA FE","La Capital","Asfalto","No existe","I","Dentro","Urbana","Policía de tránsito","S/D","Puente","Bueno","S/D","Diurna","Buen Tiempo","S/D","S/D","Caída ocupante","S/D","S/D","S/D","Accidente Previo"
2016,9545,7/28/2016,"Jueves",0,21:00:00,,"0.0",1,"Moto/Ciclomotor"," ",1,1,0,0,0,0,0,,"S/D",,"SANTA FE","La Capital","Asfalto","S/D","I","Dentro","Urbana","S/D","S/D","Puente","Bueno","Buena","Nocturna","Buen Tiempo","S/D","S/D","Caída ocupante","S/D","S/D","S/D","S/D"
2016,9546,12/2/2016,"Viernes",0,22:50:00,,"0.0",2,"Automóvil,Peatón","Jose Ingenieros Y Colombia",2,1,0,0,1,0,0,,"Calle",,"ROSARIO","Rosario","Asfalto","No existe","II","Dentro","Urbana","Ninguna","No existe","Curva","Bueno","Buena","Nocturna","Buen Tiempo","De alcance","Peatón","Atropello","S/D","Faltante","Cordón divisorio","Sin restricción"
2016,9547,12/13/2016,"Martes",0,11:25:00,,"0.0",2,"Automóvil,Moto/Ciclomotor","J.J.Paso Y Nicaragua",2,1,0,0,1,0,0,,"Calle",,"ROSARIO","Rosario","Asfalto","No existe","II","Dentro","Urbana","Ninguna","No existe","Intersección","Bueno","Buena","Diurna","Buen Tiempo","De alcance","S/D","Colisión","S/D","Faltante","Cordón divisorio","Sin restricción"
2016,9548,12/14/2016,"Miercoles",0,21:45:00,,"0.0",2,"Automóvil,Moto/Ciclomotor","Av. Sorrento Y Av. Provincias Unidas",2,0,1,0,1,0,0,,"Calle",,"ROSARIO","Rosario","Asfalto","Natural","II","Dentro","Urbana","Señal Ceda el Paso","No existe","Recta","Bueno","Buena","Nocturna","Buen Tiempo","De alcance","S/D","Colisión","S/D","Vertical","Cordón divisorio","Sin restricción"
2016,9549,12/14/2016,"Miercoles",0,22:10:00,,"0.0",2,"Moto/Ciclomotor,Moto/Ciclomotor","French Y Bolivia",2,1,0,0,1,0,0,,"Calle",,"ROSARIO","Rosario","Asfalto","No existe","II","Dentro","Urbana","Ninguna","No existe","Intersección","Bueno","Buena","Nocturna","Buen Tiempo","De alcance","S/D","Colisión","S/D","Faltante","Cordón divisorio","Sin restricción"
2016,9550,12/16/2016,"Viernes",0,8:30:00,,"0.0",2,"Automóvil,Camión c / Acoplado","Av. Circunvalacion Y Av. Sorrento",3,2,0,0,1,0,0,,"Calle",,"ROSARIO","Rosario","Asfalto","No existe","II","Dentro","Urbana","Semáforo","Funciona","Recta","Bueno","Buena","Diurna","Buen Tiempo","De alcance","S/D","Colisión","S/D","Vertical","Guardarrail,Línea divisoria pintada","Sin restricción"
2016,9551,12/22/2016,"Jueves",0,13:10:00,,"0.0",2,"Automóvil,Moto/Ciclomotor","J.J.Paso Y Av. Provincias Unidas",4,2,1,0,1,0,0,,"Calle",,"ROSARIO","Rosario","Asfalto","No existe","II","Dentro","Urbana","Ninguna","No existe","Intersección","Bueno","Buena","Diurna","Buen Tiempo","Lateral","S/D","Colisión","S/D","Faltante","Cordón divisorio","Sin restricción"
2016,9552,12/21/2016,"Miercoles",0,19:10:00,,"0.0",2,"Automóvil,Moto/Ciclomotor","Magallanes Y J.J.Paso",2,1,0,0,1,0,0,,"Calle",,"ROSARIO","Rosario","Asfalto","S/D","II","Dentro","Urbana","S/D","S/D","Intersección","S/D","S/D","Diurna","S/D","S/D","S/D","Colisión","S/D","S/D","S/D","S/D"
2016,9553,12/30/2016,"Viernes",0,20:10:00,,"0.0",2,"Moto/Ciclomotor,Automóvil"," ",5,0,4,0,1,0,0,,"Calle",,"CAÑADA ROSQUÍN","San Martín","Tierra","Natural","XVIII","Dentro","Urbana","Ninguna","No existe","Intersección","Bueno","Reducida","Atardecer","Buen Tiempo","Frontal","S/D","Colisión","S/D","Faltante","Ninguna","Sin restricción"
2016,9554,12/22/2016,"Jueves",0,17:30:00,,"0.0",2,"Automóvil,Moto/Ciclomotor","Richieri Y Maipu",2,0,1,0,1,0,0,,"Calle",,"SASTRE","San Martín","Ripio","Natural","XVIII","Dentro","Urbana","Ninguna","No existe","Intersección","Bueno","Buena","Diurna","S/D","S/D","S/D","Colisión","S/D","Faltante","S/D","Sin restricción"
2016,9555,12/21/2016,"Miercoles",0,22:00:00,,"0.0",2,"Automóvil,Moto/Ciclomotor","L N Alem Y Zeballos",2,0,1,0,1,0,0,,"Calle",,"SASTRE","San Martín","Ripio","Natural","XVIII","Dentro","Urbana","S/D","No existe","Intersección","Bueno","Buena","Nocturna","S/D","S/D","S/D","Colisión","S/D","Faltante","S/D","Sin restricción"
2016,9556,12/2/2016,"Viernes",0,13:30:00,,"0.0",2,"Automóvil,Bicicleta","Tucuman Y Ferrocarril Mitre",2,1,0,0,1,0,0,,"Calle",,"CASILDA","Caseros","Asfalto","Pavimento","IV","S/D","Urbana","Ninguna","No existe","Intersección","Bueno","Buena","Con luz artificial","Buen Tiempo","S/D","Ciclista","Atropello","Ninguna","Vertical","Ninguna","Sin restricción"
2016,9557,12/29/2016,"Jueves",0,14:20:00,,"0.0",2,"Moto/Ciclomotor,Automóvil","Bv Carlos Casado Y Gral Roca",2,1,0,0,1,0,0,,"Calle",,"CHABAS","Caseros","Asfalto","No existe","IV","Dentro","Urbana","Ninguna","No existe","Intersección","Bueno","Buena","Diurna","Buen Tiempo","Lateral","S/D","Colisión","S/D","Faltante","Ninguna","Sin restricción"
2016,9558,12/30/2016,"Viernes",0,14:20:00,,"0.0",2,"Moto/Ciclomotor,Pickup/Utilitario","Sarmiento Y Urquiza",2,1,0,0,1,0,0,,"Calle",,"CHABAS","Caseros","Asfalto","No existe","IV","Dentro","Urbana","Otra Señal","No existe","Intersección","Bueno","Buena","Diurna","Buen Tiempo","De alcance","S/D","Colisión","S/D","Vertical","Ninguna","Sin restricción"
2016,9559,12/5/2016,"Lunes",0,19:00:00,,"0.0",2,"Automóvil,Automóvil","Boulevard Lisandro de la Torre Y General Bartolome Mitre",4,0,1,0,3,0,0,,"S/D",,"CASILDA","Caseros","Asfalto","No existe","IV","S/D","Urbana","Ninguna","No existe","Recta","Bueno","Buena","Con luz artificial","Buen Tiempo","S/D","S/D","Colisión","Ninguna","Vertical","Ninguna","Sin restricción"
2016,9560,12/4/2016,"Domingo",0,7:00:00,"Ruta Provincial 15","0.0",1,"Automóvil"," ",2,2,0,0,0,0,0,,"Ruta",15,"CHAÑAR LADEADO","Caseros","Asfalto","Natural","IV","Dentro","Urbana","Ninguna","No existe","Recta","Bueno","Buena","Diurna","Buen Tiempo","S/D","S/D","Vuelco","S/D","Faltante","Ninguna","Sin restricción"
2016,9561,12/8/2016,"Jueves",0,22:45:00,,"0.0",2,"Automóvil,Peatón","Victoria 2540",3,3,0,0,0,0,0,,"S/D",,"CASILDA","Caseros","Ripio","No existe","IV","S/D","Urbana","Ninguna","No existe","Recta","Bueno","Reducida","Con luz artificial","Buen Tiempo","S/D","Peatón","Atropello","Ninguna","Faltante","Ninguna","Sin restricción"
2016,9562,12/26/2016,"Lunes",0,19:30:00,,"0.0",2,"Automóvil,Moto/Ciclomotor","Bv. Segui ",2,1,0,0,1,0,0,,"Calle",,"ROSARIO","Rosario","Asfalto","No existe","II","Dentro","Urbana","Ninguna","No existe","Recta","Bueno","Buena","Atardecer","Buen Tiempo","Frontal","S/D","Colisión","Ninguna","Faltante","Ninguna","Sin restricción"
2016,9563,12/10/2016,"Sabado",0,19:30:00,,"0.0",2,"Automóvil,Moto/Ciclomotor","Boulevard Lisandro de la Torre Y Alvear",2,1,0,0,1,0,0,,"S/D",,"CASILDA","Caseros","Asfalto","No existe","IV","S/D","S/D","Ninguna","No existe","Intersección","Bueno","Buena","Atardecer,Con luz artificial","Buen Tiempo","Lateral","S/D","Colisión","Ninguna","Faltante","Ninguna","Sin restricción"
2016,9564,1/22/2016,"Viernes",0,8:10:00,,"0.0",2,"Moto/Ciclomotor,Automóvil","J J Paso Y M Oliber",2,1,0,0,1,0,0,,"Calle",,"RAFAELA","Castellanos","Hormigón","Pavimento","V","Dentro","Urbana","S/D","No existe","Intersección","Bueno","Buena","Diurna","Buen Tiempo","Lateral","S/D","Colisión","Ninguna","Vertical","S/D","S/D"
2016,9566,12/9/2016,"Viernes",0,17:35:00,,"0.0",2,"Moto/Ciclomotor,Moto/Ciclomotor","Doctor Estanislao Zeballos Sev Y General Jose de San Martin",3,1,1,0,0,1,0,"-33.049263, -61.168075","Calle",,"CASILDA","Caseros","Asfalto","No existe","IV","S/D","Urbana","Ninguna","No existe","Intersección","Bueno","Buena","Con luz artificial","Buen Tiempo","Lateral","S/D","Colisión","Ninguna","Faltante","Ninguna","Sin restricción"
2016,9567,12/16/2016,"Viernes",0,,,"0.0",2,"Automóvil,Automóvil","Boulevard 9 de julio ",2,1,0,0,1,0,0,,"Avenida",,"CASILDA","Caseros","Asfalto","Natural","IV","S/D","Urbana","Ninguna","No existe","Recta","Bueno","Buena","Con luz artificial","Buen Tiempo","Lateral","S/D","Colisión","Ninguna","Vertical","Ninguna","Sin restricción"
2016,9568,11/2/2016,"Miercoles",0,21:30:00,,"0.0",2,"Automóvil,Moto/Ciclomotor","A Destefani 2500",3,1,0,0,2,0,0,,"Calle",,"RAFAELA","Castellanos","Ripio","No existe","V","Dentro","Urbana","Ninguna","No existe","Intersección","Bueno","Reducida polvo","Nocturna","Buen Tiempo","Lateral","S/D","Colisión","Ninguna","Faltante","Cordón divisorio","Sin restricción"
2016,9569,11/30/2016,"Miercoles",0,21:00:00,,"0.0",3,"Pickup/Utilitario,Bicicleta,Bicicleta","BV. 25 DE MAYO Y GALVEZ",3,2,0,0,1,0,0,,"Calle",,"SAN VICENTE.","Castellanos","Hormigón","No existe","V","Dentro","Urbana","Ninguna","No existe","Intersección","Bueno","Buena","Nocturna,Con luz artificial","Buen Tiempo","S/D","Ciclista","Atropello","S/D","S/D","Cordón divisorio","Sin restricción"
2016,9570,12/16/2016,"Viernes",0,,,"0.0",2,"Bicicleta,Automóvil","Boulevard Ovidio Lagos Y Dante Alighieri",2,1,0,0,1,0,0,,"Calle",,"CASILDA","Caseros","Asfalto","No existe","IV","S/D","Urbana","Ninguna","No existe","Intersección","Bueno","Buena","Con luz artificial","Buen Tiempo","S/D","S/D","Atropello","Ninguna","Vertical","Ninguna","Sin restricción"
2016,9571,12/23/2016,"Viernes",0,19:00:00,,"0.0",2,"Moto/Ciclomotor,Pickup/Utilitario","BELGRANO Y LOPEZ Y PLANES",2,1,0,0,1,0,0,,"Calle",,"SAN VICENTE.","Castellanos","Asfalto","No existe","V","Dentro","Urbana","Paso Peatonal","No existe","Intersección","Bueno","Buena","Atardecer","Buen Tiempo","Lateral","S/D","Colisión","S/D","Faltante","Ninguna","Sin restricción"
2016,9572,12/16/2016,"Viernes",0,,,"0.0",2,"Moto/Ciclomotor,Moto/Ciclomotor","Sargento Juan Bautista Cabral Y Fray Luis Beltran",2,2,0,0,0,0,0,,"Calle",,"CASILDA","Caseros","Asfalto","No existe","IV","S/D","Urbana","Ninguna","No existe","Intersección","Bueno","Buena","Con luz artificial","Buen Tiempo","Lateral","S/D","Colisión","Ninguna","Faltante","Ninguna","Sin restricción"
2016,9573,12/31/2016,"Sabado",0,0:20:00,"Ruta Nacional 8","0.0",2,"Moto/Ciclomotor,Pickup/Utilitario"," ",2,1,0,0,1,0,0,,"Ruta",8,"VENADO TUERTO","General López","Hormigón","Ripio","VIII","Dentro","Urbana","Ninguna","No existe","Intersección","Bueno","Reducida","Nocturna,Con luz artificial","Buen Tiempo","Lateral","S/D","Colisión","S/D","Faltante","Ninguna","Sin restricción"
2016,9574,12/15/2016,"Jueves",0,,,"0.0",2,"Moto/Ciclomotor,Moto/Ciclomotor","Boulevard Ovidio Lagos Y Boulevard Lisandro de la Torre",2,1,0,0,1,0,0,,"S/D",,"CASILDA","Caseros","Asfalto","No existe","IV","S/D","Urbana","Ninguna","No existe","Intersección","Bueno","Buena","Con luz artificial","Buen Tiempo","Lateral","S/D","Colisión","Ninguna","Faltante","Cordón divisorio","Sin restricción"
2016,9575,12/21/2016,"Miercoles",0,18:00:00,,"0.0",2,"Moto/Ciclomotor,Automóvil","Juan Jose Castelli Y Quintana",2,1,0,0,1,0,0,,"Calle",,"VENADO TUERTO","General López","Asfalto","No existe","VIII","Dentro","Urbana","Semáforo","Funciona","Intersección","Bueno","Buena","Diurna","S/D","Lateral","S/D","Colisión","S/D","Vertical","Ninguna","Sin restricción"
2016,9576,12/1/2016,"Jueves",1,,,"0.0",2,"Moto/Ciclomotor,Moto/Ciclomotor","Washington Y Esteban Echeverria",2,1,0,0,1,0,0,,"Calle",,"CASILDA","Caseros","Asfalto","Natural","IV","S/D","Urbana","Ninguna","No existe","Intersección","Bueno","Buena","Con luz artificial","Buen Tiempo","Lateral","S/D","Colisión","Ninguna","Faltante","Ninguna","Sin restricción"
2016,9577,11/21/2016,"Lunes",0,12:00:00,,"0.0",2,"Moto/Ciclomotor,Pickup/Utilitario","3 de Febrero Y Dante Alighieri",3,1,1,0,1,0,0,,"Calle",,"VENADO TUERTO","General López","Asfalto","No existe","VIII","Dentro","Urbana","Otra Señal","No existe","Intersección","Bueno","Buena","Diurna","S/D","Lateral","S/D","Colisión","S/D","Horizontal,Vertical","Ninguna","Sin restricción"
2016,9578,12/25/2016,"Domingo",0,,,"0.0",2,"Pickup/Utilitario,Otros","Buenos Aires Y Chile",3,2,0,0,1,0,0,,"Calle",,"CASILDA","Caseros","Asfalto","No existe","IV","Dentro","Urbana","Ninguna","No existe","Intersección","Bueno","Buena","Nocturna,Con luz artificial","Buen Tiempo","Lateral","S/D","Colisión","S/D","Faltante","Ninguna","Sin restricción"
2016,9579,12/12/2016,"Lunes",0,13:30:00,,"0.0",2,"Automóvil,Bicicleta","Fray Luis Beltran Y Presidente Bernardino Rivadavi",2,1,0,0,1,0,0,,"Calle",,"CASILDA","Caseros","Asfalto","No existe","IV","S/D","Urbana","Ninguna","No existe","Intersección","Bueno","Buena","Diurna,Con luz artificial","Buen Tiempo","Lateral","S/D","Colisión","Ninguna","Faltante","Ninguna","Sin restricción"