"anio_acci","nro_acci","fecha","desc_dia","fecha_aprox","hora_aprox","desc_ruta","km","cant_participantes","desc_participante","calle_avenida_km","total","heridos_leves","heridos_graves","heridos_gravisimos","ilesos","fallecidos","sin_datos","posicion_XY","desc_tipo_via","desc_ruta_ori","desc_loc","desc_dpto","desc_tipo_calzada","desc_tipo_banquina","desc_unidad_regional","desc_lugar_calzada","desc_zona","desc_prioridad","desc_estado_semaforo","desc_lugar_via","desc_estado_via","desc_estado_visibilidad","desc_luminosidad","desc_estado_clima","desc_tipo_colision","desc_tipo_atropello","desc_tipo_hecho","desc_pres_calzada","desc_senializacion","desc_separacion_via","desc_restriccion"
2016,9580,12/26/2016,"Lunes",0,,"Ruta Nacional 33","739.0",2,"Automóvil,Automóvil"," ",4,3,0,0,1,0,0,,"Ruta",33,"CASILDA","Caseros","Tierra","Natural","IV","Dentro","Urbana","Marca Vial","No existe","Recta","Bueno","Buena","Nocturna,Con luz artificial","Buen Tiempo","Lateral","S/D","Colisión","Ninguna","Faltante","Línea divisoria pintada","Sin restricción"
2016,9581,12/27/2016,"Martes",0,,,"0.0",2,"Automóvil,Automóvil","Boulevard Lisandro de la Torre Y Garibaldi",2,1,0,0,1,0,0,,"Calle",,"CASILDA","Caseros","Asfalto","No existe","IV","Dentro","Urbana","Ninguna","No existe","Intersección","Bueno","Buena","Nocturna,Con luz artificial","Buen Tiempo","Lateral","S/D","Colisión","S/D","Vertical","Ninguna","Sin restricción"
2016,9582,12/28/2016,"Miercoles",0,,,"0.0",1,"Moto/Ciclomotor"," General Juan Las Heras 3600",1,1,0,0,0,0,0,,"Calle",,"CASILDA","Caseros","Asfalto","No existe","IV","Dentro","Urbana","Ninguna","No existe","Recta","Bueno","Buena","Nocturna,Con luz artificial","Buen Tiempo","S/D","S/D","Caída ocupante","S/D","Faltante","Ninguna","Sin restricción"
2016,9583,12/30/2016,"Viernes",0,,,"0.0",2,"Bicicleta,Automóvil","Boulevard Lisandro de la Torre Y España",2,0,1,0,1,0,0,,"Calle",,"CASILDA","Caseros","Asfalto","No existe","IV","Dentro","Urbana","Marca Vial","No existe","Intersección","Bueno","Buena","Nocturna,Con luz artificial","Buen Tiempo","Lateral","Ciclista","Atropello","Ninguna","Vertical","Ninguna","Sin restricción"
2016,9584,12/31/2016,"Sabado",0,,,"0.0",2,"Automóvil,Automóvil","España Y Pasco",4,3,0,0,1,0,0,,"Calle",,"CASILDA","Caseros","Asfalto","Pavimento","IV","Dentro","Urbana","Ninguna","No existe","Intersección","Bueno","Buena","Nocturna,Con luz artificial","Buen Tiempo","Lateral","S/D","Colisión","S/D","Faltante","Ninguna","Sin restricción"
2016,9585,7/20/2016,"Miercoles",0,,"Ruta Nacional 11","538.0",1,"Automóvil"," ",2,0,1,0,1,0,0,,"Ruta",11,"VIDELA","San Justo","S/D","S/D","XVI","Dentro","Rural","S/D","S/D","S/D","S/D","S/D","S/D","S/D","S/D","S/D","Despiste","S/D","S/D","S/D","S/D"
2016,9586,7/21/2016,"Jueves",0,3:00:00,"Ruta Nacional 11","807.0",2,"Automóvil,Camión"," ",6,5,0,0,0,0,1,,"Ruta",11,"GUADALUPE NORTE","General Obligado","S/D","S/D","IX","Dentro","Rural","S/D","S/D","S/D","S/D","S/D","Nocturna","S/D","S/D","S/D","Colisión","S/D","S/D","S/D","S/D"
2016,9587,7/1/2016,"Viernes",0,8:00:00,"Ruta Provincial 21","0.0",2,"Taxi/Remis,Camión"," ",4,3,0,0,1,0,0,,"Ruta",21,"ALVEAR","Rosario","S/D","S/D","II","Dentro","Urbana","S/D","S/D","S/D","S/D","S/D","Diurna","S/D","S/D","S/D","Colisión","S/D","S/D","S/D","S/D"
2016,9588,7/2/2016,"Sabado",0,21:00:00,,"0.0",2,"Bicicleta,Automóvil","Cullen Y General Paz",2,1,0,0,1,0,0,,"Calle",,"ESPERANZA","Las Colonias","S/D","S/D","XI","Dentro","Urbana","S/D","S/D","S/D","S/D","S/D","Nocturna","S/D","S/D","Ciclista","Atropello","S/D","S/D","S/D","S/D"
2016,9589,7/2/2016,"Sabado",0,,,"0.0",3,"Vehículo Oficial,Automóvil,Peatón","Chacabuco Y Necochea",3,1,0,0,2,0,0,,"Calle",,"ROSARIO","Rosario","S/D","S/D","II","Dentro","Urbana","S/D","S/D","S/D","S/D","S/D","Diurna","S/D","Múltiple","Peatón","Atropello","S/D","S/D","S/D","S/D"
2016,9590,7/4/2016,"Lunes",0,,,"0.0",2,"Transporte de Pasajeros Urbano (> 8 asientos),Transporte de Pasajeros Urbano (> 8 asientos)","9 de Julio Y La Rioja",4,3,0,0,1,0,0,,"Calle",,"SANTA FE","La Capital","S/D","S/D","I","Dentro","Urbana","S/D","S/D","S/D","S/D","S/D","S/D","S/D","S/D","S/D","Colisión","S/D","S/D","S/D","S/D"
2016,9591,7/4/2016,"Lunes",0,11:50:00,,"0.0",2,"Tracción animal / Carro,Moto/Ciclomotor","CAMINO HEROES DE MALVINAS ",2,1,0,0,1,0,0,,"Calle",,"RECONQUISTA","General Obligado","S/D","S/D","IX","Dentro","Urbana","S/D","S/D","Puente","S/D","S/D","Diurna","S/D","S/D","S/D","Colisión","S/D","S/D","S/D","S/D"
2016,9592,7/4/2016,"Lunes",0,9:47:00,,"0.0",2,"Moto/Ciclomotor,Moto/Ciclomotor","Calle 15-Patricio Diez Y Calle 12 San Martin",2,1,0,0,1,0,0,,"Calle",,"RECONQUISTA","General Obligado","S/D","S/D","IX","Dentro","Urbana","S/D","S/D","Intersección","S/D","S/D","Diurna","S/D","S/D","S/D","Colisión","S/D","S/D","S/D","S/D"
2016,9593,7/4/2016,"Lunes",0,8:05:00,,"0.0",2,"Moto/Ciclomotor,Moto/Ciclomotor","Calle 40 - Formosa Y Calle 25 - Pietropaolo",2,1,0,0,1,0,0,,"Calle",,"RECONQUISTA","General Obligado","S/D","S/D","IX","Dentro","Urbana","S/D","S/D","Intersección","S/D","S/D","Diurna","S/D","S/D","S/D","Colisión","S/D","S/D","S/D","S/D"
2016,9594,7/6/2016,"Miercoles",0,18:30:00,,"0.0",2,"Bicicleta,Automóvil","Calle 23-Gral lopez Y Calle 29-Alte Brown",2,1,0,0,1,0,0,,"Calle",,"RECONQUISTA","General Obligado","S/D","S/D","IX","Dentro","Urbana","S/D","S/D","S/D","S/D","S/D","Diurna","S/D","S/D","Ciclista","Atropello","S/D","S/D","S/D","S/D"
2016,9595,7/8/2016,"Viernes",0,,,"0.0",2,"Automóvil,Taxi/Remis","Av Aristobulo del Valle Y Constitucion",2,2,0,0,0,0,0,,"Calle",,"RAFAELA","Castellanos","S/D","S/D","V","Dentro","Urbana","Señal Pare","S/D","S/D","S/D","S/D","Diurna","S/D","S/D","S/D","Colisión","S/D","S/D","S/D","S/D"
2016,9596,7/8/2016,"Viernes",0,,,"0.0",2,"Moto/Ciclomotor,Bicicleta","Bv Pte Roca Y Lisandro de la Torre",2,2,0,0,0,0,0,,"Calle",,"RAFAELA","Castellanos","S/D","S/D","V","Dentro","Urbana","S/D","S/D","S/D","S/D","S/D","S/D","S/D","S/D","Ciclista","Atropello","S/D","S/D","S/D","S/D"
2016,9597,7/8/2016,"Viernes",0,1:30:00,,"0.0",2,"Otros,Otros","Av Circunvalación ",2,2,0,0,0,0,0,,"Calle",,"SANTA FE","La Capital","S/D","S/D","I","Dentro","Urbana","S/D","S/D","S/D","S/D","S/D","Nocturna","S/D","S/D","S/D","Colisión","S/D","S/D","S/D","S/D"
2016,9598,7/8/2016,"Viernes",0,,,"0.0",1,"Moto/Ciclomotor","Fray C Rodriguez ",2,2,0,0,0,0,0,,"Calle",,"SANTA FE","La Capital","S/D","S/D","I","Dentro","Urbana","S/D","S/D","S/D","S/D","S/D","Diurna","S/D","S/D","S/D","Caída ocupante","S/D","S/D","S/D","S/D"
2016,9599,7/8/2016,"Viernes",0,18:30:00,"Ruta Secundaria 100-s","2.0",2,"Pickup/Utilitario,Automóvil"," ",7,5,0,0,2,0,0,,"Ruta","100-s","VILLA GUILLERMINA","General Obligado","S/D","S/D","IX","Dentro","Rural","S/D","S/D","Recta","S/D","S/D","Diurna","S/D","S/D","S/D","Colisión","S/D","S/D","S/D","S/D"
2016,9600,7/9/2016,"Sabado",0,0:10:00,,"0.0",2,"Moto/Ciclomotor,Automóvil","Almafuerte Y P Jose T Maxwell",4,1,0,0,3,0,0,,"Calle",,"VENADO TUERTO","General López","S/D","S/D","VIII","Dentro","Urbana","S/D","S/D","S/D","S/D","S/D","Nocturna","S/D","S/D","S/D","Colisión","S/D","S/D","S/D","S/D"
2016,9601,7/10/2016,"Domingo",0,5:00:00,,"0.0",2,"Moto/Ciclomotor,Automóvil","Calle 33-Pueyrredon Y Calle 10-Ludue±a",2,1,0,0,1,0,0,,"Calle",,"RECONQUISTA","General Obligado","S/D","S/D","IX","Dentro","Urbana","S/D","S/D","S/D","S/D","S/D","Nocturna","S/D","S/D","S/D","Colisión","S/D","S/D","S/D","S/D"
2016,9602,7/11/2016,"Lunes",0,15:35:00,,"0.0",1,"Moto/Ciclomotor","Italia Y Dean Funes",4,4,0,0,0,0,0,,"Calle",,"VENADO TUERTO","General López","S/D","S/D","VIII","Dentro","Urbana","S/D","S/D","S/D","S/D","S/D","Diurna","S/D","S/D","S/D","Caída ocupante","S/D","S/D","S/D","S/D"
2016,9603,7/9/2016,"Sabado",0,13:00:00,,"0.0",2,"Automóvil,Moto/Ciclomotor","7 de Mayo Y San Martin",3,2,0,0,1,0,0,,"Calle",,"CAÑADA DE GÓMEZ","Iriondo","S/D","S/D","X","Dentro","Urbana","S/D","S/D","S/D","S/D","S/D","Diurna","S/D","S/D","S/D","Colisión","S/D","S/D","S/D","S/D"
2016,9604,7/11/2016,"Lunes",0,14:15:00,,"0.0",2,"Automóvil,Moto/Ciclomotor","Tomas Alva Edison Y Quintana",2,1,0,0,1,0,0,,"Calle",,"VENADO TUERTO","General López","S/D","S/D","VIII","Dentro","Urbana","S/D","S/D","S/D","S/D","S/D","Diurna","S/D","S/D","S/D","Colisión","S/D","S/D","S/D","S/D"
2016,9605,7/11/2016,"Lunes",0,,,"0.0",1,"Moto/Ciclomotor","Alberdi Y Calchines",1,1,0,0,0,0,0,,"Calle",,"SANTA FE","La Capital","S/D","S/D","I","Dentro","Urbana","S/D","S/D","S/D","S/D","S/D","S/D","S/D","S/D","S/D","Despiste","S/D","Faltante","S/D","S/D"
2016,9606,7/13/2016,"Miercoles",0,7:30:00,"Ruta Nacional Rosario -Cordoba","353.0",2,"Automóvil,Camión"," ",2,1,0,0,1,0,0,,"Ruta","Rosario -Cordoba","CAÑADA DE GÓMEZ","Iriondo","S/D","S/D","X","Dentro","Rural","S/D","S/D","Recta","S/D","S/D","Diurna","S/D","De alcance","S/D","Colisión","S/D","S/D","S/D","S/D"
2016,9607,7/13/2016,"Miercoles",0,0:45:00,"Ruta Nacional Rosario -Cordoba","370.0",2,"Camión,Camión"," ",2,1,0,0,1,0,0,,"Ruta","Rosario -Cordoba","CAÑADA DE GÓMEZ","Iriondo","S/D","S/D","X","Dentro","Rural","S/D","S/D","Recta","S/D","S/D","Nocturna","S/D","S/D","S/D","Colisión","S/D","S/D","S/D","S/D"
2016,9608,7/14/2016,"Jueves",0,7:00:00,"Ruta Provincial Brigadier E.López","155.0",2,"Camión,Camión"," ",2,2,0,0,0,0,0,,"Ruta","Brigadier E.López","SANTA FE","La Capital","S/D","S/D","I","Dentro","Urbana","S/D","S/D","Recta","S/D","S/D","Diurna","S/D","S/D","S/D","Colisión","S/D","S/D","S/D","S/D"
2016,9609,7/14/2016,"Jueves",0,6:50:00,,"0.0",1,"Moto/Ciclomotor","Ferrocarril General M Belgrano ",2,1,1,0,0,0,0,,"Calle",,"SAN CRISTÓBAL","San Cristóbal","S/D","S/D","XIII","Dentro","Urbana","Otra Señal","S/D","S/D","S/D","S/D","Diurna","S/D","Contra objeto fijo","S/D","Colisión","S/D","Vertical","S/D","S/D"
2016,9610,7/15/2016,"Viernes",0,17:25:00,,"0.0",2,"Automóvil,Moto/Ciclomotor","Alberdi Juan Bautista Y Santa Fe",2,1,0,0,1,0,0,,"Calle",,"VENADO TUERTO","General López","S/D","S/D","VIII","Dentro","Urbana","S/D","No existe","S/D","S/D","S/D","Diurna","S/D","S/D","S/D","Colisión","S/D","S/D","S/D","S/D"
2016,9611,7/16/2016,"Sabado",0,19:30:00,,"0.0",2,"Automóvil,Moto/Ciclomotor","Bv Luis Sanguinetti ",2,1,0,0,1,0,0,,"Calle",,"ARMSTRONG","Belgrano","S/D","S/D","III","Dentro","Urbana","S/D","S/D","S/D","S/D","S/D","Diurna","S/D","S/D","S/D","Colisión","S/D","S/D","S/D","S/D"
2016,9612,7/17/2016,"Domingo",0,,"Ruta Nacional 11","0.0",2,"Automóvil,Moto/Ciclomotor","Juan de Garay ",2,1,0,0,1,0,0,,"Ruta",11,"CAPITÁN BERMÚDEZ","San Lorenzo","S/D","S/D","XVII","Dentro","Urbana","S/D","S/D","Intersección","S/D","S/D","Diurna","S/D","S/D","S/D","Colisión","S/D","S/D","S/D","S/D"
2016,9613,7/16/2016,"Sabado",0,17:53:00,,"0.0",2,"Moto/Ciclomotor,Pickup/Utilitario","Leandro N Alem Y Turner S",2,1,0,0,1,0,0,,"Calle",,"VENADO TUERTO","General López","S/D","S/D","VIII","Dentro","Urbana","S/D","S/D","S/D","S/D","S/D","Diurna","S/D","S/D","S/D","Colisión","S/D","S/D","S/D","S/D"
2016,9614,7/17/2016,"Domingo",0,12:30:00,"Ruta Nacional 11","0.0",2,"Moto/Ciclomotor,Automóvil","Calle 15-Patricio Diez ",2,1,0,0,1,0,0,,"Ruta",11,"RECONQUISTA","General Obligado","S/D","S/D","IX","Dentro","Urbana","S/D","S/D","S/D","S/D","S/D","Diurna","S/D","S/D","S/D","Colisión","S/D","S/D","S/D","S/D"
2016,9615,7/16/2016,"Sabado",0,,"Ruta Provincial 70","0.0",1,"Automóvil","Francisco Peretti ",4,1,0,0,3,0,0,,"Ruta",70,"RAFAELA","Castellanos","S/D","S/D","V","Dentro","Urbana","S/D","S/D","S/D","S/D","S/D","Diurna","S/D","S/D","S/D","Despiste","S/D","S/D","S/D","S/D"
2016,9616,7/18/2016,"Lunes",0,11:05:00,,"0.0",2,"Moto/Ciclomotor,Automóvil","Maipu Y Juan Jose Castelli",2,1,0,0,1,0,0,,"Calle",,"VENADO TUERTO","General López","S/D","S/D","VIII","Dentro","Urbana","S/D","S/D","S/D","S/D","S/D","Diurna","S/D","S/D","S/D","Colisión","S/D","S/D","S/D","S/D"
2016,9617,7/18/2016,"Lunes",0,12:00:00,,"0.0",2,"Automóvil,Moto/Ciclomotor","25 de Mayo Y Mariano Moreno",2,1,0,0,1,0,0,,"Calle",,"VENADO TUERTO","General López","S/D","S/D","VIII","Dentro","Urbana","S/D","S/D","S/D","S/D","S/D","Diurna","S/D","S/D","S/D","Colisión","S/D","S/D","S/D","S/D"
2016,9618,7/19/2016,"Martes",0,10:00:00,,"0.0",2,"Moto/Ciclomotor,Automóvil","Guillermo Brown Y Juan Jose Castelli",3,1,0,0,2,0,0,,"Calle",,"VENADO TUERTO","General López","S/D","S/D","VIII","Dentro","Urbana","S/D","S/D","S/D","S/D","S/D","Diurna","S/D","S/D","S/D","Colisión","S/D","S/D","S/D","S/D"
2016,9619,7/19/2016,"Martes",0,11:25:00,,"0.0",1,"Moto/Ciclomotor","Bernardino Rivadavia Y Gral Jose de San Martin",1,1,0,0,0,0,0,,"Calle",,"VENADO TUERTO","General López","S/D","S/D","VIII","Dentro","Urbana","S/D","S/D","S/D","S/D","S/D","Diurna","S/D","S/D","S/D","Caída ocupante","S/D","S/D","S/D","S/D"
2016,9620,7/18/2016,"Lunes",0,,,"0.0",2,"Pickup/Utilitario,Camión","Av Circunvalación ",2,1,0,0,1,0,0,,"Calle",,"SANTA FE","La Capital","S/D","S/D","I","Dentro","Urbana","S/D","S/D","S/D","S/D","S/D","Nocturna","S/D","S/D","S/D","Colisión","S/D","S/D","S/D","S/D"
2016,9621,7/12/2016,"Martes",0,21:47:00,"Ruta Provincial Brigadier E.López","20.0",2,"Automóvil,Automóvil"," ",2,0,0,0,0,0,2,,"Ruta","Brigadier E.López","PUERTO SAN MARTÍN","San Lorenzo","S/D","S/D","XVII","Dentro","Rural","S/D","S/D","S/D","S/D","S/D","Diurna","S/D","S/D","S/D","Colisión","S/D","S/D","S/D","S/D"
2016,9622,7/24/2016,"Domingo",0,6:27:00,"Ruta Provincial Brigadier E.López","34.0",1,"Automóvil"," ",1,0,0,0,0,0,1,,"Ruta","Brigadier E.López","OLIVEROS","Iriondo","S/D","S/D","X","Dentro","Rural","S/D","S/D","S/D","S/D","S/D","Diurna","S/D","S/D","S/D","Vuelco","S/D","S/D","S/D","S/D"
2016,9623,7/18/2016,"Lunes",0,19:15:00,"Ruta Nacional 98","9.0",2,"Pickup/Utilitario,Moto/Ciclomotor"," ",5,3,0,0,2,0,0,,"Ruta",98,"VERA","Vera","S/D","S/D","XIX","Dentro","Rural","S/D","S/D","S/D","S/D","S/D","Diurna","S/D","S/D","S/D","Colisión","S/D","S/D","S/D","S/D"
2016,9624,7/19/2016,"Martes",0,19:02:00,,"0.0",2,"Bicicleta,Automóvil","Falucho Y Turner S",2,1,0,0,1,0,0,,"Calle",,"VENADO TUERTO","General López","S/D","S/D","VIII","Dentro","Urbana","S/D","S/D","S/D","S/D","S/D","Atardecer","S/D","S/D","Ciclista","Atropello","S/D","S/D","S/D","S/D"
2016,9625,8/17/2016,"Miercoles",0,15:00:00,,"0.0",2,"Pickup/Utilitario,Vehículo Oficial","San Jeronimo Y Monseñor Zaspe",2,1,0,0,1,0,0,,"Calle",,"SANTA FE","La Capital","S/D","S/D","I","Dentro","Urbana","S/D","S/D","S/D","S/D","S/D","Diurna","S/D","S/D","S/D","Colisión","S/D","S/D","S/D","S/D"
2016,9626,8/28/2016,"Domingo",0,2:10:00,,"0.0",2,"Automóvil,Bicicleta","San Juan Y Mariano Moreno",2,1,0,0,1,0,0,,"Calle",,"ROSARIO","Rosario","S/D","S/D","II","Dentro","Urbana","S/D","S/D","S/D","S/D","S/D","Nocturna","S/D","S/D","Ciclista","Atropello","S/D","S/D","S/D","S/D"
2016,9627,12/16/2016,"Viernes",0,8:10:00,,"0.0",2,"Moto/Ciclomotor,Automóvil","Mendoza Y Italia",2,1,0,0,1,0,0,,"Calle",,"ROSARIO","Rosario","Asfalto","No existe","II","Dentro","Urbana","Ninguna","No existe","Intersección","Bueno","Buena","Diurna","Buen Tiempo","De alcance","S/D","Colisión","S/D","Faltante","Ninguna","Sin restricción"
2016,9628,12/2/2016,"Viernes",0,6:10:00,,"0.0",2,"Moto/Ciclomotor,Pickup/Utilitario","Santa Fe Y Brigadier Estanislao Lopez",2,1,0,0,1,0,0,,"Calle",,"VILLA OCAMPO","General Obligado","Tierra","Natural","IX","Dentro","Urbana","Ninguna","No existe","Intersección","Resbaladiza","Reducida","Amanecer","Buen Tiempo","Lateral","S/D","Colisión","Otro","Faltante","Ninguna","Sin restricción"
2016,9629,12/14/2016,"Miercoles",0,19:00:00,,"0.0",2,"Automóvil,Moto/Ciclomotor","Doctor Farran Y 25 de Mayo",3,2,0,0,1,0,0,,"Calle",,"VILLA OCAMPO","General Obligado","Asfalto","Natural","IX","Dentro","Urbana","Ninguna","No existe","Intersección","Bueno","Buena","Atardecer","Buen Tiempo","Lateral","S/D","Colisión","Ninguna","Horizontal","Ninguna","Sin restricción"
2016,9630,12/19/2016,"Lunes",0,13:10:00,"Ruta Nacional 11","407.0",2,"Moto/Ciclomotor,Moto/Ciclomotor"," ",2,2,0,0,0,0,0,,"Ruta",11,"VILLA OCAMPO","General Obligado","Asfalto","Natural","IX","Dentro","Rural","Ninguna","No existe","Intersección","Deteriorada","Buena","Diurna","Buen Tiempo","Frontal","S/D","Colisión","Ninguna","Faltante","Ninguna","Sin restricción"
2016,9631,12/19/2016,"Lunes",0,17:15:00,,"0.0",1,"Moto/Ciclomotor","Fray Luis Beltran Y 2 de Abril",3,3,0,0,0,0,0,,"Calle",,"VILLA OCAMPO","General Obligado","Tierra","Natural","IX","S/D","Urbana","Ninguna","No existe","Intersección","Con baches","Buena","Diurna","Buen Tiempo","S/D","S/D","Caída ocupante","Material Suelto","Faltante","Ninguna","Sin restricción"
2016,9632,12/20/2016,"Martes",0,0:40:00,"Ruta Nacional 11","0.0",2,"Moto/Ciclomotor,Moto/Ciclomotor"," ",3,3,0,0,0,0,0,,"Ruta",11,"VILLA OCAMPO","General Obligado","Asfalto","Pavimento","IX","Fuera","Urbana","Semáforo","Intermitente","Intersección","Bueno","Buena","Nocturna","Buen Tiempo","De alcance","S/D","Colisión","Ninguna","Vertical","Vegetación","Sin restricción"
2016,9633,12/24/2016,"Sabado",0,15:30:00,,"0.0",2,"Moto/Ciclomotor,Automóvil","Avenida San Martin Y Alberdi",2,0,1,0,1,0,0,,"Avenida",,"VILLA OCAMPO","General Obligado","Asfalto","Pavimento","IX","Fuera","Urbana","Semáforo","Funciona","Intersección","Bueno","Buena","Diurna","Buen Tiempo","Lateral","S/D","Colisión","Ninguna","Vertical","Vegetación","Sin restricción"
2016,9634,11/2/2016,"Miercoles",0,12:58:00,"Ruta Nacional 11","791.0",2,"Moto/Ciclomotor,Pickup/Utilitario"," ",2,1,0,0,1,0,0,,"Ruta",11,"AVELLANEDA","General Obligado","Asfalto","No existe","IX","Dentro","Urbana","Semáforo","Funciona","Recta","Bueno","Buena","Diurna","Buen Tiempo","De alcance","S/D","Colisión","Ninguna","Horizontal","Línea divisoria pintada","Sin restricción"
2016,9635,12/10/2016,"Sabado",0,10:40:00,,"0.0",2,"Moto/Ciclomotor,Automóvil","Cordoba ",2,1,0,0,1,0,0,,"Calle",,"GENERAL LAGOS","Rosario","Asfalto","No existe","II","Dentro","Urbana","Ninguna","No existe","Intersección","Bueno","Buena","Diurna","Buen Tiempo","De alcance","S/D","Colisión","S/D","Faltante","Ninguna","Sin restricción"
2016,9636,12/12/2016,"Lunes",0,11:20:00,,"0.0",2,"Moto/Ciclomotor,Automóvil","25 de Mayo Y Entre Rios",2,1,0,0,1,0,0,,"Calle",,"IBARLUCEA","Rosario","Asfalto","No existe","II","S/D","Urbana","Ninguna","No existe","Intersección","Bueno","Buena","Diurna","Buen Tiempo","Lateral","S/D","Colisión","S/D","Faltante","Ninguna","Sin restricción"
2016,9637,12/25/2016,"Domingo",0,,,"0.0",2,"Automóvil,Moto/Ciclomotor","Ciudadela Y Polledo",3,1,0,0,2,0,0,,"Calle",,"ROSARIO","Rosario","Asfalto","No existe","II","Dentro","Urbana","Ninguna","No existe","Intersección","Bueno","Buena","Con luz artificial","Buen Tiempo","Lateral","S/D","Colisión","Ninguna","S/D","Ninguna","Sin restricción"
2016,9638,12/12/2016,"Lunes",0,18:30:00,"Ruta Provincial 21","288.0",2,"Taxi/Remis,Bicicleta"," ",3,1,0,0,2,0,0,,"Ruta",21,"ROSARIO","Rosario","Asfalto","Natural","II","Dentro","Urbana","Ninguna","No existe","Recta","Bueno","Buena","Diurna","Buen Tiempo","S/D","Ciclista","Atropello","S/D","S/D","Línea divisoria pintada","Sin restricción"
2016,9639,7/21/2016,"Jueves",0,,,"0.0",2,"Taxi/Remis,Moto/Ciclomotor","3 De Febrero Y Dorrego",2,1,0,0,1,0,0,,"Calle",,"ROSARIO","Rosario","S/D","S/D","II","Dentro","Urbana","S/D","S/D","S/D","S/D","S/D","Diurna","S/D","S/D","S/D","Colisión","S/D","S/D","S/D","S/D"
2016,9640,7/24/2016,"Domingo",0,13:30:00,,"0.0",2,"Automóvil,Moto/Ciclomotor","Ituzaingo Y Alvear",2,1,0,0,1,0,0,,"Calle",,"CAÑADA DE GÓMEZ","Iriondo","S/D","S/D","X","Dentro","Urbana","S/D","S/D","S/D","S/D","S/D","Diurna","S/D","S/D","S/D","Colisión","S/D","S/D","S/D","S/D"
2016,9641,7/24/2016,"Domingo",0,11:40:00,"Autopista Nacional Rosario -Cordoba","374.0",1,"Automóvil"," ",4,4,0,0,0,0,0,,"Autopista","Rosario -Cordoba","ARMSTRONG","Belgrano","S/D","S/D","III","Dentro","Rural","S/D","S/D","S/D","S/D","S/D","Diurna","S/D","S/D","S/D","Vuelco","S/D","S/D","S/D","S/D"
2016,9642,7/24/2016,"Domingo",0,17:55:00,"Ruta Nacional 8","0.0",2,"Automóvil,Moto/Ciclomotor","Iturraspe ",2,1,0,0,1,0,0,,"Ruta",8,"VENADO TUERTO","General López","S/D","S/D","VIII","Dentro","Urbana","S/D","S/D","S/D","S/D","S/D","Diurna","S/D","S/D","S/D","Colisión","S/D","S/D","S/D","S/D"
2016,9643,7/26/2016,"Martes",0,8:50:00,,"0.0",2,"Automóvil,Moto/Ciclomotor","Roque Saenz Peña Y Gral Manuel Belgrano",2,1,0,0,1,0,0,,"Calle",,"VENADO TUERTO","General López","S/D","S/D","VIII","Dentro","Urbana","S/D","S/D","S/D","S/D","S/D","Diurna","S/D","S/D","S/D","Colisión","S/D","S/D","S/D","S/D"
2016,9644,7/26/2016,"Martes",0,10:40:00,,"0.0",2,"Pickup/Utilitario,Moto/Ciclomotor","Fernando Azcoaga Y Junin",2,1,0,0,1,0,0,,"Calle",,"VENADO TUERTO","General López","S/D","S/D","VIII","Dentro","Urbana","S/D","S/D","S/D","S/D","S/D","Diurna","S/D","S/D","S/D","Colisión","S/D","S/D","S/D","S/D"
2016,9645,7/26/2016,"Martes",0,11:00:00,,"0.0",2,"Automóvil,Moto/Ciclomotor","Chacabuco Y Juan Jose Castelli",2,1,0,0,1,0,0,,"Calle",,"VENADO TUERTO","General López","S/D","S/D","VIII","Dentro","Urbana","S/D","S/D","S/D","S/D","S/D","Diurna","S/D","S/D","S/D","Colisión","S/D","S/D","S/D","S/D"
2016,9646,7/25/2016,"Lunes",0,,,"0.0",1,"Pickup/Utilitario"," ",1,1,0,0,0,0,0,,"Calle",,"MARGARITA","Vera","S/D","S/D","XIX","Dentro","Urbana","S/D","S/D","S/D","S/D","S/D","Diurna","S/D","S/D","S/D","Vuelco","S/D","S/D","S/D","S/D"
2016,9647,7/27/2016,"Miercoles",0,16:40:00,,"0.0",2,"Moto/Ciclomotor,Pickup/Utilitario","Balcarce Y Dean Funes",2,1,0,0,1,0,0,,"Calle",,"VENADO TUERTO","General López","S/D","S/D","VIII","Dentro","Urbana","S/D","S/D","S/D","S/D","S/D","Diurna","S/D","S/D","S/D","Colisión","S/D","S/D","S/D","S/D"
2016,9648,7/27/2016,"Miercoles",0,16:00:00,,"0.0",2,"Automóvil,Moto/Ciclomotor","CAlle 37-Bvard. lovato Y Calle 20 9 de Julio",3,1,0,0,2,0,0,,"Calle",,"RECONQUISTA","General Obligado","S/D","S/D","IX","Dentro","Urbana","S/D","S/D","S/D","S/D","S/D","Diurna","S/D","Lateral","S/D","Colisión","S/D","S/D","S/D","S/D"
2016,9649,7/24/2016,"Domingo",0,20:00:00,"Ruta Nacional 11","0.0",2,"Automóvil,Ambulancia","Hipolito Yrigoyen ",5,1,1,0,2,0,1,,"Ruta",11,"SAN JUSTO","San Justo","Asfalto","S/D","XVI","Dentro","Urbana","S/D","S/D","S/D","S/D","S/D","S/D","S/D","Frontal","S/D","Colisión","S/D","S/D","S/D","S/D"
2016,9650,7/29/2016,"Viernes",0,16:05:00,,"0.0",2,"Automóvil,Moto/Ciclomotor","Juan B Justo Y Garibaldi",3,1,0,0,2,0,0,,"Calle",,"VENADO TUERTO","General López","S/D","S/D","VIII","Dentro","Urbana","S/D","S/D","S/D","S/D","S/D","Diurna","S/D","S/D","S/D","Colisión","S/D","S/D","S/D","S/D"
2016,9651,7/29/2016,"Viernes",0,17:40:00,,"0.0",2,"Automóvil,Moto/Ciclomotor","Los Andes Y Alberdi Juan Bautista",4,1,0,0,3,0,0,,"Calle",,"VENADO TUERTO","General López","S/D","S/D","VIII","Dentro","Urbana","S/D","S/D","S/D","S/D","S/D","Diurna","S/D","S/D","S/D","Colisión","S/D","S/D","S/D","S/D"
2016,9652,7/29/2016,"Viernes",0,,,"0.0",2,"Pickup/Utilitario,Automóvil","RICHIERI ",2,1,0,0,0,0,1,,"Calle",,"SANTA FE","La Capital","S/D","S/D","I","Dentro","Urbana","S/D","S/D","Curva","S/D","S/D","S/D","S/D","S/D","S/D","Colisión","S/D","S/D","S/D","S/D"
2016,9653,12/3/2016,"Sabado",0,15:10:00,,"0.0",2,"Pickup/Utilitario,Moto/Ciclomotor"," ",2,1,0,0,1,0,0,,"Calle",,"ROSARIO","Rosario","Asfalto","No existe","II","Dentro","Urbana","Otra Señal","No existe","Paso a Nivel FFCC","Bueno","Buena","Diurna","Buen Tiempo","Frontal","S/D","Colisión","Ninguna","Horizontal","Ninguna","Sin restricción"