"anio_acci","nro_acci","fecha","desc_dia","fecha_aprox","hora_aprox","desc_ruta","km","cant_participantes","desc_participante","calle_avenida_km","total","heridos_leves","heridos_graves","heridos_gravisimos","ilesos","fallecidos","sin_datos","posicion_XY","desc_tipo_via","desc_ruta_ori","desc_loc","desc_dpto","desc_tipo_calzada","desc_tipo_banquina","desc_unidad_regional","desc_lugar_calzada","desc_zona","desc_prioridad","desc_estado_semaforo","desc_lugar_via","desc_estado_via","desc_estado_visibilidad","desc_luminosidad","desc_estado_clima","desc_tipo_colision","desc_tipo_atropello","desc_tipo_hecho","desc_pres_calzada","desc_senializacion","desc_separacion_via","desc_restriccion"
2016,9654,7/30/2016,"Sabado",0,13:00:00,,"0.0",2,"Automóvil,Automóvil","Calle 20 9 de Julio Y Calle 41-43",3,1,0,0,2,0,0,,"Calle",,"RECONQUISTA","General Obligado","S/D","S/D","IX","Dentro","Urbana","S/D","S/D","S/D","S/D","S/D","Diurna","S/D","S/D","S/D","Colisión","S/D","S/D","S/D","S/D"
2016,9655,7/31/2016,"Domingo",0,4:20:00,"Autopista Nacional Rosario -Cordoba","352.0",2,"Automóvil,Camión"," ",5,1,0,0,4,0,0,,"Autopista","Rosario -Cordoba","CAÑADA DE GÓMEZ","Iriondo","S/D","S/D","X","Dentro","Rural","S/D","S/D","S/D","S/D","S/D","Nocturna","S/D","De alcance","S/D","Colisión","S/D","S/D","S/D","S/D"
2016,9656,12/21/2016,"Miercoles",0,23:20:00,,"0.0",1,"Moto/Ciclomotor","Lopez Buchardo 2318",2,2,0,0,0,0,0,,"Calle",,"ROSARIO","Rosario","Asfalto","No existe","II","Dentro","Urbana","Ninguna","No existe","Recta","Bueno","Buena","Nocturna","Buen Tiempo","Contra objeto fijo","S/D","Colisión","Ninguna","Faltante","Ninguna","Desvío Provisorio"
2016,9657,12/15/2016,"Jueves",0,18:15:00,,"0.0",2,"Moto/Ciclomotor,Automóvil","Palestina Y Camino de los Granaderos",2,1,0,0,1,0,0,,"Calle",,"ROSARIO","Rosario","Asfalto","No existe","II","Dentro","Urbana","Semáforo","No funciona","Intersección","Bueno","Buena","Diurna","Buen Tiempo","De alcance","S/D","Colisión","Ninguna","Faltante","Ninguna","Sin restricción"
2016,9658,12/2/2016,"Viernes",0,10:55:00,,"0.0",2,"Moto/Ciclomotor,Automóvil","Av Gral San Martin Y Santa Rosa",2,1,0,0,1,0,0,,"Calle",,"VILLA GOBERNADOR GÁLVEZ","Rosario","Asfalto","No existe","II","Dentro","Urbana","Ninguna","No existe","Intersección","Bueno","Buena","Diurna","Buen Tiempo","Lateral","S/D","Colisión","S/D","Faltante","Ninguna","Sin restricción"
2016,9659,12/20/2016,"Martes",0,12:30:00,,"0.0",2,"Moto/Ciclomotor,Automóvil","Av Gral San Martin ",2,1,0,0,1,0,0,,"Calle",,"VILLA GOBERNADOR GÁLVEZ","Rosario","Asfalto","No existe","II","Dentro","Urbana","Marca Vial","No existe","Intersección","Bueno","Buena","Diurna","Buen Tiempo","Lateral","S/D","Colisión","Ninguna","Faltante","Cordón divisorio","Sin restricción"
2016,9660,12/1/2016,"Jueves",0,8:05:00,,"0.0",2,"Automóvil,Moto/Ciclomotor","Av Gral San Martin Y Victor Hugo",3,1,1,0,0,0,1,,"Calle",,"VILLA GOBERNADOR GÁLVEZ","Rosario","Asfalto","No existe","II","Dentro","Urbana","Ninguna","No existe","Intersección","Bueno","Buena","Diurna","Buen Tiempo","Frontal","S/D","Colisión","Ninguna","Faltante","Ninguna","Sin restricción"
2016,9661,12/14/2016,"Miercoles",0,16:00:00,,"0.0",2,"Moto/Ciclomotor,Automóvil","Av Gral San Martin Y J F Kennedy",2,1,0,0,1,0,0,,"Calle",,"VILLA GOBERNADOR GÁLVEZ","Rosario","Asfalto","No existe","II","Dentro","Urbana","Ninguna","No existe","Intersección","Bueno","Buena","Diurna","Buen Tiempo","Lateral","S/D","Colisión","Ninguna","Faltante","Ninguna","Sin restricción"
2016,9662,8/1/2016,"Lunes",0,15:50:00,"Ruta Nacional 19","29.0",1,"Automóvil"," ",2,2,0,0,0,0,0,,"Ruta",19,"AROCENA","San Jerónimo","S/D","S/D","XV","Dentro","Rural","S/D","S/D","S/D","S/D","S/D","Diurna","S/D","S/D","S/D","Vuelco","S/D","S/D","S/D","S/D"
2016,9663,8/1/2016,"Lunes",0,,,"0.0",3,"Pickup/Utilitario,Camión,Camión","Av. Pellegrini Y Av. Circunvalacion",3,1,0,0,2,0,0,,"Calle",,"ROSARIO","Rosario","S/D","S/D","II","Dentro","Urbana","S/D","S/D","S/D","S/D","S/D","S/D","S/D","Múltiple","S/D","Colisión","S/D","S/D","S/D","S/D"
2016,9664,8/2/2016,"Martes",0,,"Ruta Provincial 2","0.0",2,"Automóvil,Transporte de Pasajeros Larga Distancia (> 8 asientos)"," ",19,2,0,0,17,0,0,,"Ruta",2,"ÑANDUCITA","San Cristóbal","S/D","S/D","XIII","Dentro","Rural","S/D","S/D","S/D","S/D","S/D","S/D","S/D","S/D","S/D","Colisión","S/D","S/D","S/D","S/D"
2016,9665,8/5/2016,"Viernes",0,18:20:00,"Ruta Nacional 11","0.0",1,"Automóvil","CASA BOMBA N7 ",3,1,0,0,2,0,0,,"Ruta",11,"SANTA FE","La Capital","S/D","S/D","I","Dentro","Urbana","S/D","S/D","S/D","S/D","S/D","Diurna","S/D","S/D","S/D","Vuelco","S/D","S/D","S/D","S/D"
2016,9666,12/14/2016,"Miercoles",0,15:10:00,,"0.0",2,"Moto/Ciclomotor,Automóvil","Av Gral San Martin 3200",2,0,1,0,1,0,0,,"Avenida",,"VILLA GOBERNADOR GÁLVEZ","Rosario","Asfalto","No existe","II","Dentro","Urbana","S/D","No existe","Recta","Bueno","Buena","Diurna","Buen Tiempo","Lateral","S/D","Colisión","Ninguna","S/D","Ninguna","S/D"
2016,9667,12/16/2016,"Viernes",0,18:30:00,,"0.0",2,"Automóvil,Pickup/Utilitario","J F Kennedy Y Fornieles",2,1,0,0,1,0,0,,"Calle",,"VILLA GOBERNADOR GÁLVEZ","Rosario","Asfalto","No existe","II","Dentro","Urbana","Ninguna","No existe","Intersección","Con baches","Buena","Diurna","Buen Tiempo","Lateral","S/D","Colisión","Ninguna","Faltante","Ninguna","Sin restricción"
2016,9668,12/29/2016,"Jueves",0,5:55:00,,"284.0",2,"Automóvil,Automóvil"," ",3,2,0,0,1,0,0,,"S/D",,"VILLA GOBERNADOR GÁLVEZ","Rosario","Asfalto","Natural","II","S/D","Urbana","Ninguna","No existe","Recta","Bueno","Buena","Amanecer","Buen Tiempo","S/D","S/D","Colisión","S/D","Horizontal,Vertical","Vegetación","Sin restricción"
2016,9669,12/17/2016,"Sabado",0,14:36:00,,"0.0",1,"Pickup/Utilitario","PARQUE INDUSTRIAL SUR ",2,1,1,0,0,0,0,,"Calle",,"VILLA GOBERNADOR GÁLVEZ","Rosario","Asfalto","No existe","II","Dentro","Urbana","Ninguna","No existe","Recta","Bueno","Buena","Diurna","Buen Tiempo","S/D","S/D","Vuelco","Ninguna","Faltante","Ninguna","Sin restricción"
2016,9670,12/28/2016,"Miercoles",0,18:45:00,,"0.0",2,"Moto/Ciclomotor,Moto/Ciclomotor","Soldado Aguirre Y Richieri",3,1,0,0,1,0,1,,"S/D",,"VILLA GOBERNADOR GÁLVEZ","Rosario","Asfalto","No existe","II","S/D","Urbana","Ninguna","No existe","Intersección","Deteriorada","Buena","Atardecer","Buen Tiempo","Lateral","S/D","Colisión","Material Suelto","Faltante","Ninguna","Sin restricción"
2016,9671,12/24/2016,"Sabado",0,5:15:00,,"0.0",2,"Automóvil,Moto/Ciclomotor","Soldado Aguirre Y Ruta Prov 22 S",3,1,0,0,1,0,1,,"Avenida",,"VILLA GOBERNADOR GÁLVEZ","Rosario","Asfalto","No existe","II","Dentro","Urbana","Ninguna","No existe","Intersección","Deteriorada","Buena","Amanecer","Buen Tiempo","Lateral","S/D","Colisión","Ninguna","Faltante","Ninguna","Sin restricción"
2016,9672,12/17/2016,"Sabado",0,10:15:00,,"0.0",2,"Automóvil,Automóvil","Av Gral San Martin 3100",2,1,0,0,1,0,0,,"Calle",,"VILLA GOBERNADOR GÁLVEZ","Rosario","Asfalto","No existe","II","Dentro","Urbana","Ninguna","No existe","Recta","Bueno","Buena","Diurna","Buen Tiempo","Lateral","S/D","Colisión","Ninguna","Faltante","Ninguna","Sin restricción"
2016,9673,12/17/2016,"Sabado",0,16:00:00,,"0.0",2,"Automóvil,Automóvil","Av Juan Domingo Peron Y Fornieles",2,1,0,0,1,0,0,,"Calle",,"VILLA GOBERNADOR GÁLVEZ","Rosario","Asfalto","No existe","II","Dentro","Urbana","Ninguna","No existe","Intersección","Bueno","Buena","Diurna","Buen Tiempo","Lateral","S/D","Colisión","Ninguna","Faltante","Ninguna","Sin restricción"
2016,9674,12/19/2016,"Lunes",0,15:00:00,,"0.0",2,"Moto/Ciclomotor,Moto/Ciclomotor","Av Juan Domingo Peron 1800",2,1,0,0,1,0,0,,"Calle",,"VILLA GOBERNADOR GÁLVEZ","Rosario","Asfalto","No existe","II","Dentro","Urbana","Ninguna","No existe","Recta","Bueno","Buena","Diurna","Buen Tiempo","Lateral","S/D","Colisión","S/D","Faltante","Ninguna","Sin restricción"
2016,9675,12/2/2016,"Viernes",0,22:05:00,,"0.0",2,"Automóvil,Moto/Ciclomotor","R fournier Y Av Juan Domingo Peron",2,1,0,0,1,0,0,,"Avenida",,"VILLA GOBERNADOR GÁLVEZ","Rosario","Asfalto","No existe","II","Dentro","Urbana","S/D","No existe","Intersección","Bueno","Buena","Nocturna","Buen Tiempo","S/D","S/D","Colisión","Ninguna","Faltante","Ninguna","Sin restricción"
2016,9676,12/5/2016,"Lunes",0,22:30:00,,"0.0",2,"Automóvil,Moto/Ciclomotor","Mitre Y Urquiza",2,1,0,0,1,0,0,,"Calle",,"VILLA GOBERNADOR GÁLVEZ","Rosario","Asfalto","No existe","II","Dentro","Urbana","Semáforo","Intermitente","Intersección","Bueno","Buena","Amanecer","Buen Tiempo","S/D","S/D","Colisión","Ninguna","Horizontal","Ninguna","Sin restricción"
2016,9677,12/5/2016,"Lunes",0,10:25:00,,"0.0",2,"Automóvil,Peatón","San Nicolas Y Ing Mosconi",2,1,0,0,1,0,0,,"Calle",,"VILLA GOBERNADOR GÁLVEZ","Rosario","Hormigón","No existe","II","S/D","Urbana","Ninguna","No existe","Intersección","Ahuellamiento","Buena","Diurna","Buen Tiempo","S/D","Peatón","Atropello","S/D","Faltante","Ninguna","Sin restricción"
2016,9678,12/19/2016,"Lunes",0,19:40:00,,"0.0",2,"Pickup/Utilitario,Tracción animal / Carro","V Hugo 1700",3,2,0,0,1,0,0,,"Calle",,"VILLA GOBERNADOR GÁLVEZ","Rosario","S/D","S/D","II","Dentro","Urbana","S/D","S/D","Recta","S/D","S/D","Atardecer","S/D","Otro","S/D","Colisión","S/D","S/D","S/D","S/D"
2016,9679,8/8/2016,"Lunes",0,3:30:00,"Ruta Nacional 34","238.0",2,"Camión c / Acoplado,Camión"," ",2,1,0,0,1,0,0,,"Ruta",34,"LEHMANN","Castellanos","S/D","S/D","V","S/D","S/D","S/D","S/D","S/D","S/D","S/D","Nocturna","S/D","S/D","S/D","Colisión","S/D","S/D","S/D","S/D"
2016,9680,8/16/2016,"Martes",0,10:00:00,"Ruta Nacional 11","700.5",1,"Automóvil"," ",2,1,0,0,1,0,0,,"Ruta",11,"MALABRIGO","General Obligado","S/D","S/D","IX","S/D","S/D","S/D","S/D","S/D","S/D","S/D","S/D","S/D","S/D","S/D","Despiste","S/D","S/D","S/D","S/D"
2016,9681,8/16/2016,"Martes",0,,"Ruta Provincial Brigadier E.López","138.0",1,"Camión Chasis"," ",1,1,0,0,0,0,0,,"Ruta","Brigadier E.López","SAUCE VIEJO","La Capital","S/D","S/D","I","S/D","S/D","S/D","S/D","S/D","S/D","S/D","S/D","S/D","S/D","S/D","Vuelco","S/D","S/D","S/D","S/D"
2016,9682,8/18/2016,"Jueves",0,,,"0.0",3,"Automóvil,Pickup/Utilitario,Camión","Av. Circunvalacion Y Mendoza",3,1,0,0,2,0,0,,"S/D",,"ROSARIO","Rosario","S/D","S/D","II","S/D","S/D","S/D","S/D","S/D","S/D","S/D","S/D","S/D","S/D","S/D","Colisión","S/D","S/D","S/D","S/D"
2016,9683,8/24/2016,"Miercoles",0,,,"0.0",2,"Automóvil,Moto/Ciclomotor"," ",2,1,0,0,1,0,0,,"S/D",,"CAPITÁN BERMÚDEZ","San Lorenzo","S/D","S/D","XVII","S/D","S/D","S/D","S/D","S/D","S/D","S/D","S/D","S/D","S/D","S/D","Colisión","S/D","S/D","S/D","S/D"
2016,9684,8/24/2016,"Miercoles",0,,,"0.0",2,"Automóvil,Automóvil"," ",4,3,0,0,1,0,0,,"S/D",,"ROSARIO","Rosario","S/D","S/D","II","S/D","S/D","S/D","S/D","S/D","S/D","S/D","S/D","S/D","S/D","S/D","Colisión","S/D","S/D","S/D","S/D"
2016,9685,8/29/2016,"Lunes",0,,"Ruta Nacional 11","0.0",2,"Automóvil,Automóvil"," ",2,1,0,0,1,0,0,,"Ruta",11,"SANTA FE","La Capital","S/D","S/D","I","S/D","S/D","S/D","S/D","S/D","S/D","S/D","S/D","S/D","S/D","S/D","S/D","S/D","S/D","S/D","S/D"
2016,9686,12/7/2016,"Miercoles",0,12:30:00,,"0.0",2,"Peatón,Automóvil","polonia 210",2,1,0,0,1,0,0,,"S/D",,"VILLA GOBERNADOR GÁLVEZ","Rosario","Asfalto","No existe","II","S/D","Rural","S/D","S/D","Recta","Bueno","Buena","Diurna","Buen Tiempo","S/D","S/D","Atropello","Ninguna","Faltante","Ninguna","S/D"
2016,9687,12/10/2016,"Sabado",0,23:00:00,,"0.0",2,"Moto/Ciclomotor,Automóvil"," ",2,1,0,0,1,0,0,,"Calle",,"VILLA GOBERNADOR GÁLVEZ","Rosario","S/D","S/D","II","Dentro","Urbana","S/D","S/D","S/D","S/D","S/D","Nocturna","S/D","S/D","S/D","Colisión","S/D","S/D","S/D","S/D"
2016,9688,12/14/2016,"Miercoles",0,15:30:00,,"0.0",2,"Moto/Ciclomotor,Automóvil","Av Juan Domingo Peron Y Cordoba",2,1,0,0,1,0,0,,"Calle",,"VILLA GOBERNADOR GÁLVEZ","Rosario","S/D","S/D","II","S/D","Urbana","Ninguna","S/D","S/D","Bueno","Buena","Diurna","Buen Tiempo","De alcance","S/D","Colisión","Ninguna","Faltante","Ninguna","Sin restricción"
2016,9689,12/20/2016,"Martes",0,14:00:00,,"0.0",2,"Moto/Ciclomotor,Automóvil","17 de Octubre Y G Lopez",2,1,0,0,1,0,0,,"Calle",,"VILLA GOBERNADOR GÁLVEZ","Rosario","Asfalto","No existe","II","Dentro","Urbana","Ninguna","No existe","Recta","Bueno","Buena","Diurna","Buen Tiempo","De alcance","S/D","Colisión","Ninguna","Faltante","Ninguna","Sin restricción"
2016,9690,12/21/2016,"Miercoles",0,19:20:00,"Ruta Provincial 21","0.0",2,"Moto/Ciclomotor,Automóvil","SAN MARTIN ",2,1,0,0,1,0,0,,"Ruta",21,"PUEBLO ESTHER","Rosario","Asfalto","S/D","II","Dentro","Urbana","S/D","No existe","Intersección","Bueno","Buena","Atardecer","Buen Tiempo","De alcance","S/D","Colisión","S/D","S/D","S/D","Sin restricción"
2016,9691,12/7/2016,"Miercoles",0,15:20:00,,"0.0",2,"Automóvil,Moto/Ciclomotor","Casiano Casas Y Larrechea",3,2,0,0,1,0,0,,"Calle",,"ROSARIO","Rosario","Asfalto","No existe","II","Dentro","Urbana","Ninguna","No existe","Recta","Bueno","Buena","Diurna","Buen Tiempo","Lateral","S/D","Colisión","Ninguna","Faltante","Cordón divisorio","Sin restricción"
2016,9692,12/7/2016,"Miercoles",0,8:30:00,,"0.0",2,"Automóvil,Bicicleta","Superi 1700",2,1,0,0,1,0,0,,"Calle",,"ROSARIO","Rosario","Asfalto","No existe","II","Dentro","Urbana","Ninguna","No existe","Recta","Bueno","Buena","Diurna","Buen Tiempo","S/D","Ciclista","Atropello","S/D","Faltante","Cordón divisorio","Sin restricción"
2016,9693,12/24/2016,"Sabado",0,23:40:00,,"0.0",2,"Automóvil,Moto/Ciclomotor","Lopez Buchardo Y Baigorria",3,2,0,0,1,0,0,,"Calle",,"ROSARIO","Rosario","Asfalto","No existe","II","Dentro","Urbana","Ninguna","No existe","Recta","Bueno","Buena","Nocturna","Buen Tiempo","S/D","S/D","Colisión","S/D","Faltante","Barrera de hormigón","Sin restricción"
2016,9694,12/12/2016,"Lunes",0,17:20:00,,"0.0",2,"Automóvil,Moto/Ciclomotor","Alvear ",3,2,0,0,1,0,0,,"Calle",,"ROSARIO","Rosario","Asfalto","S/D","II","Dentro","Urbana","Ninguna","No existe","Intersección","Bueno","Buena","Atardecer","Buen Tiempo","S/D","S/D","Colisión","Fluidos","Faltante","Cordón divisorio","Sin restricción"
2016,9695,12/20/2016,"Martes",0,19:20:00,,"0.0",2,"Bicicleta,Automóvil","Calle 21-Gdor. iriondo Y Calle 28 - San Lorenzo",2,1,0,0,1,0,0,,"Calle",,"RECONQUISTA","General Obligado","Asfalto","No existe","IX","Dentro","Urbana","Ninguna","No existe","Intersección","Bueno","Buena","Atardecer","Buen Tiempo","S/D","Ciclista","Atropello","S/D","Faltante","Cordón divisorio","Sin restricción"
2016,9696,12/16/2016,"Viernes",0,11:40:00,"Ruta Nacional 11","0.0",3,"Moto/Ciclomotor,Pickup/Utilitario,Pickup/Utilitario","Calle 33-Pueyrredon ",4,2,0,0,2,0,0,,"Ruta",11,"RECONQUISTA","General Obligado","Asfalto","No existe","IX","Dentro","Urbana","Semáforo","No funciona","Recta","Bueno","Buena","Diurna","Buen Tiempo","Múltiple","S/D","Colisión","S/D","Horizontal","Línea divisoria pintada","Sin restricción"
2016,9697,12/8/2016,"Jueves",0,,"Ruta Nacional 11","0.0",2,"Bicicleta,Moto/Ciclomotor","Calle 21-Gdor. iriondo ",2,2,0,0,0,0,0,,"Ruta",11,"RECONQUISTA","General Obligado","Asfalto","No existe","IX","Dentro","Urbana","Ninguna","No existe","Intersección","Bueno","Buena","Diurna","Buen Tiempo","Lateral","Ciclista","Atropello","S/D","Horizontal,Vertical","Cordón divisorio","Sin restricción"
2016,9698,12/6/2016,"Martes",0,19:00:00,"Ruta Nacional 11","0.0",2,"Bicicleta,Moto/Ciclomotor","CAlle 37-Bvard. lovato ",2,1,0,0,1,0,0,,"Ruta",11,"RECONQUISTA","General Obligado","Ripio","Natural","IX","Dentro","Urbana","Paso Peatonal","No existe","Intersección","Bueno","Buena","Diurna","Buen Tiempo","S/D","Ciclista","Atropello","S/D","Faltante","Ninguna","Sin restricción"
2016,9699,12/12/2016,"Lunes",0,15:30:00,,"0.0",2,"Bicicleta,Pickup/Utilitario","Calle 22- 25 de Mayo Y Calle 23-Gral lopez",2,1,0,0,1,0,0,,"Calle",,"RECONQUISTA","General Obligado","Asfalto","No existe","IX","Dentro","Urbana","Ninguna","No existe","Intersección","Otro","Buena","Diurna","Buen Tiempo","Frontal","S/D","Colisión","Ninguna","Vertical","Ninguna","Sin restricción"
2016,9700,12/12/2016,"Lunes",0,18:10:00,,"0.0",2,"Moto/Ciclomotor,Moto/Ciclomotor","Calle 4 - Ledesma Y Calle 31-Newbery",2,2,0,0,0,0,0,,"Calle",,"RECONQUISTA","General Obligado","Asfalto","No existe","IX","Dentro","Urbana","Ninguna","No existe","Intersección","Bueno","Buena","Diurna","Buen Tiempo","Frontal","S/D","Colisión","S/D","Vertical","Ninguna","Sin restricción"
2016,9701,12/9/2016,"Viernes",0,12:10:00,,"0.0",2,"Moto/Ciclomotor,Automóvil","Calle 21-Gdor. iriondo 758",2,1,0,0,1,0,0,,"Calle",,"RECONQUISTA","General Obligado","Asfalto","No existe","IX","Dentro","Urbana","Ninguna","No existe","Recta","Bueno","Buena","Diurna","Buen Tiempo","Lateral","S/D","Colisión","S/D","Horizontal","Cordón divisorio","Sin restricción"
2016,9702,12/14/2016,"Miercoles",0,10:30:00,,"0.0",2,"Bicicleta,Automóvil","Calle 22- 25 de Mayo ",2,1,0,0,1,0,0,,"Calle",,"RECONQUISTA","General Obligado","Asfalto","No existe","IX","Dentro","Urbana","Ninguna","No existe","Intersección","Bueno","Buena","Diurna","Buen Tiempo","Lateral","Ciclista","Atropello","S/D","Vertical","Cordón divisorio","Sin restricción"
2016,9703,12/6/2016,"Martes",0,10:30:00,,"0.0",2,"Moto/Ciclomotor,Automóvil","Calle 6-Ituzaingo Y Calle 23-Gral lopez",2,1,0,0,1,0,0,,"Calle",,"RECONQUISTA","General Obligado","Asfalto","No existe","IX","Dentro","Urbana","Ninguna","No existe","Intersección","Bueno","Buena","Diurna","Buen Tiempo","Lateral","S/D","Colisión","Ninguna","Vertical","Cordón divisorio","Sin restricción"
2016,9704,12/22/2016,"Jueves",0,17:45:00,,"0.0",2,"Automóvil,Moto/Ciclomotor","Calle 26 - Bolivar Y Calle 27-Gdor Freyre",2,1,0,0,1,0,0,,"Calle",,"RECONQUISTA","General Obligado","Hormigón","No existe","IX","Dentro","Urbana","S/D","No existe","Intersección","Bueno","Buena","Diurna","Buen Tiempo","S/D","S/D","Colisión","S/D","Vertical","Cordón divisorio","S/D"
2016,9705,12/21/2016,"Miercoles",0,15:30:00,"Ruta Nacional 11","0.0",2,"Bicicleta,Automóvil","Calle 21-Gdor. iriondo ",2,1,0,0,1,0,0,,"Ruta",11,"RECONQUISTA","General Obligado","Asfalto","No existe","IX","Dentro","Urbana","Ninguna","No existe","Intersección","Bueno","Buena","Diurna","Buen Tiempo","Lateral","S/D","Colisión","S/D","Vertical","Cordón divisorio","Sin restricción"
2016,9706,12/10/2016,"Sabado",0,4:45:00,"Ruta Nacional 11","0.0",2,"Moto/Ciclomotor,Automóvil"," ",2,1,0,0,1,0,0,,"Ruta",11,"AVELLANEDA","General Obligado","Asfalto","Natural","IX","Dentro","Urbana","Ninguna","Funciona","Intersección","Deteriorada","Buena","Nocturna","S/D","S/D","S/D","Colisión","Ninguna","Vertical","Ninguna","S/D"
2016,9707,12/7/2016,"Miercoles",0,12:20:00,,"0.0",2,"Moto/Ciclomotor,Automóvil","Calle 28 - San Lorenzo Y Calle 19-Habegger",4,3,0,0,1,0,0,,"Calle",,"RECONQUISTA","General Obligado","Asfalto","No existe","IX","Dentro","Urbana","Ninguna","No existe","Intersección","Bueno","Buena","Diurna","Buen Tiempo","Lateral","S/D","Colisión","S/D","Vertical","Cordón divisorio","Sin restricción"
2016,9708,12/20/2016,"Martes",0,11:50:00,,"0.0",2,"Moto/Ciclomotor,Automóvil"," ",3,2,0,0,1,0,0,,"Calle",,"AVELLANEDA","General Obligado","Asfalto","Pavimento","IX","Dentro","Urbana","S/D","No existe","Intersección","Bueno","S/D","Diurna","Buen Tiempo","De alcance","S/D","Colisión","Ninguna","S/D","S/D","S/D"
2016,9709,12/19/2016,"Lunes",0,20:15:00,,"0.0",2,"Moto/Ciclomotor,Automóvil","Calle 21 Y Calle 4",2,1,0,0,1,0,0,,"Calle",,"AVELLANEDA","General Obligado","Asfalto","S/D","IX","Dentro","Urbana","Ninguna","No existe","Intersección","Bueno","Buena","Nocturna,Con luz artificial","S/D","De alcance","S/D","Colisión","S/D","S/D","S/D","S/D"
2016,9710,12/1/2016,"Jueves",0,12:05:00,,"0.0",2,"Moto/Ciclomotor,Automóvil","Calle 10-Ludue±a Y Calle 33-Pueyrredon",2,1,0,0,1,0,0,,"Calle",,"RECONQUISTA","General Obligado","Asfalto","No existe","IX","Dentro","Urbana","Ninguna","No existe","Intersección","Bueno","Buena","Diurna","Buen Tiempo","Lateral","S/D","Colisión","S/D","Vertical","Cordón divisorio","Sin restricción"
2016,9711,12/30/2016,"Viernes",0,16:00:00,,"0.0",2,"Automóvil,Moto/Ciclomotor","Calle 31-Newbery Y Calle 18 - Gral Belgrano",3,2,0,0,1,0,0,,"Calle",,"RECONQUISTA","General Obligado","Asfalto","No existe","IX","Dentro","Urbana","Ninguna","No existe","Intersección","Bueno","Buena","Diurna","Buen Tiempo","Lateral","S/D","Colisión","S/D","Vertical","Cordón divisorio","Sin restricción"
2016,9712,12/12/2016,"Lunes",0,22:12:00,,"0.0",3,"Moto/Ciclomotor,Moto/Ciclomotor,Moto/Ciclomotor"," ",4,2,0,0,2,0,0,,"Calle",,"AVELLANEDA","General Obligado","Asfalto","Ripio","IX","Dentro","Urbana","Ninguna","No existe","Intersección","Bueno","Buena","Nocturna","Otro","De alcance","S/D","Colisión","Ninguna","S/D","S/D","Sin restricción"
2016,9713,12/28/2016,"Miercoles",0,19:10:00,"Ruta Nacional 11","0.0",2,"Pickup/Utilitario,Ambulancia","Calle 27-Gdor Freyre ",2,1,0,0,1,0,0,,"Ruta",11,"RECONQUISTA","General Obligado","Asfalto","No existe","IX","Dentro","Urbana","Ninguna","No existe","Intersección","Bueno","Buena","Atardecer","Buen Tiempo","Lateral","S/D","Colisión","S/D","Vertical","Cordón divisorio","Sin restricción"
2016,9714,12/26/2016,"Lunes",0,23:00:00,"Ruta Nacional 11","0.0",2,"Moto/Ciclomotor,Automóvil","Calle 11-Alvear ",2,1,0,0,1,0,0,,"Ruta",11,"RECONQUISTA","General Obligado","Asfalto","No existe","IX","Dentro","Urbana","Ninguna","No existe","Intersección","Bueno","Buena","Nocturna","Buen Tiempo","Lateral","S/D","Colisión","S/D","Vertical","Cordón divisorio","Sin restricción"
2016,9715,12/27/2016,"Martes",0,11:00:00,,"0.0",2,"Pickup/Utilitario,Moto/Ciclomotor","Calle 15-Patricio Diez 950",2,1,0,0,1,0,0,,"Calle",,"RECONQUISTA","General Obligado","Asfalto","No existe","IX","Dentro","Urbana","Ninguna","No existe","Recta","Bueno","Buena","Diurna","Buen Tiempo","Lateral","S/D","Colisión","S/D","S/D","Cordón divisorio","Sin restricción"
2016,9716,12/8/2016,"Jueves",0,17:30:00,,"0.0",1,"Moto/Ciclomotor","Calle 6 357",3,3,0,0,0,0,0,,"Calle",,"AVELLANEDA","General Obligado","Asfalto","No existe","IX","Dentro","Urbana","Ninguna","No existe","Intersección","Bueno","Buena","Diurna","Buen Tiempo","Contra objeto fijo","S/D","Colisión","Ninguna","S/D","Ninguna","S/D"
2016,9717,12/19/2016,"Lunes",0,9:20:00,,"0.0",1,"Moto/Ciclomotor","San Martin ",1,0,1,0,0,0,0,,"Calle",,"MALABRIGO","General Obligado","Asfalto","Natural","IX","Dentro","Urbana","Ninguna","No existe","Intersección","Bueno","Buena","Diurna","Buen Tiempo","S/D","S/D","Vuelco","Ninguna","Faltante","Ninguna","Sin restricción"
2016,9718,8/4/2016,"Jueves",0,,,"0.0",2,"Pickup/Utilitario,Moto/Ciclomotor","Calle 23-Gral lopez Y Calle 26 - Bolivar",2,1,0,0,1,0,0,,"Calle",,"RECONQUISTA","General Obligado","S/D","S/D","IX","Dentro","Urbana","S/D","S/D","S/D","S/D","S/D","S/D","S/D","S/D","S/D","Colisión","S/D","S/D","S/D","S/D"
2016,9719,8/8/2016,"Lunes",0,,"Ruta Provincial Brigadier E.López","143.0",2,"Automóvil,Automóvil"," ",2,1,0,0,1,0,0,,"Ruta","Brigadier E.López","SAUCE VIEJO","La Capital","S/D","S/D","I","S/D","S/D","S/D","S/D","S/D","S/D","S/D","S/D","S/D","S/D","S/D","Colisión","S/D","S/D","S/D","S/D"
2016,9720,8/4/2016,"Jueves",0,23:32:00,,"0.0",2,"Automóvil,Moto/Ciclomotor","Manuel Vicente Manzano Y Almafuerte",2,1,0,0,1,0,0,,"Calle",,"VENADO TUERTO","General López","S/D","S/D","VIII","Dentro","Urbana","S/D","S/D","S/D","S/D","S/D","Nocturna","S/D","S/D","S/D","Colisión","S/D","S/D","S/D","S/D"