"anio_acci","nro_acci","fecha","desc_dia","fecha_aprox","hora_aprox","desc_ruta","km","cant_participantes","desc_participante","calle_avenida_km","total","heridos_leves","heridos_graves","heridos_gravisimos","ilesos","fallecidos","sin_datos","posicion_XY","desc_tipo_via","desc_ruta_ori","desc_loc","desc_dpto","desc_tipo_calzada","desc_tipo_banquina","desc_unidad_regional","desc_lugar_calzada","desc_zona","desc_prioridad","desc_estado_semaforo","desc_lugar_via","desc_estado_via","desc_estado_visibilidad","desc_luminosidad","desc_estado_clima","desc_tipo_colision","desc_tipo_atropello","desc_tipo_hecho","desc_pres_calzada","desc_senializacion","desc_separacion_via","desc_restriccion"
2016,9721,8/5/2016,"Viernes",0,17:07:00,"Ruta Nacional 33","0.0",3,"Automóvil,Automóvil,Automóvil","Italia ",4,1,0,0,3,0,0,,"Ruta",33,"VENADO TUERTO","General López","S/D","S/D","VIII","Dentro","Urbana","S/D","S/D","S/D","S/D","S/D","Diurna","S/D","De alcance,Múltiple","S/D","Colisión","S/D","S/D","S/D","S/D"
2016,9722,8/8/2016,"Lunes",0,,"Ruta Secundaria 26-s","0.0",2,"Automóvil,Transporte de Pasajeros"," ",3,2,0,0,1,0,0,,"Ruta","26-s","ANDINO","Iriondo","S/D","S/D","X","S/D","S/D","S/D","S/D","S/D","S/D","S/D","S/D","S/D","S/D","S/D","Colisión","S/D","S/D","S/D","S/D"
2016,9723,8/15/2016,"Lunes",0,21:35:00,,"0.0",1,"Moto/Ciclomotor"," ",1,1,0,0,0,0,0,,"S/D",,"VENADO TUERTO","General López","S/D","S/D","VIII","S/D","S/D","S/D","S/D","S/D","S/D","S/D","Nocturna","S/D","S/D","S/D","Despiste","S/D","S/D","S/D","S/D"
2016,9724,8/6/2016,"Sabado",0,,,"0.0",2,"Automóvil,Moto/Ciclomotor","P Cullen Y Av Gral Paz",2,1,0,0,1,0,0,,"Calle",,"SANTA FE","La Capital","S/D","S/D","I","Dentro","Urbana","S/D","S/D","S/D","S/D","S/D","Diurna","S/D","S/D","S/D","Colisión","S/D","S/D","S/D","S/D"
2016,9725,8/14/2016,"Domingo",0,14:50:00,,"0.0",2,"Automóvil,Moto/Ciclomotor","Almte. Brown Y Pellegrini",2,1,0,0,1,0,0,,"S/D",,"CAÑADA DE GÓMEZ","Iriondo","S/D","S/D","X","S/D","S/D","S/D","S/D","S/D","S/D","S/D","Diurna","S/D","S/D","S/D","Colisión","S/D","S/D","S/D","S/D"
2016,9726,8/17/2016,"Miercoles",0,9:00:00,,"0.0",1,"Automóvil","Av Circunvalación ",1,1,0,0,0,0,0,,"S/D",,"SANTA FE","La Capital","S/D","S/D","I","S/D","S/D","S/D","S/D","S/D","S/D","S/D","Diurna","S/D","Atropello animal","S/D","Colisión","S/D","S/D","S/D","S/D"
2016,9727,8/8/2016,"Lunes",0,10:10:00,,"0.0",2,"Moto/Ciclomotor,Automóvil","Calle 10-Ludue±a Y Calle 25-Rivadavia",3,2,0,0,1,0,0,,"Calle",,"RECONQUISTA","General Obligado","S/D","S/D","IX","Dentro","Urbana","S/D","S/D","S/D","S/D","S/D","Diurna","S/D","S/D","S/D","Colisión","S/D","S/D","S/D","S/D"
2016,9728,8/17/2016,"Miercoles",0,10:38:00,,"0.0",1,"Automóvil","Santa Cruz 700",1,1,0,0,0,0,0,,"S/D",,"VENADO TUERTO","General López","S/D","S/D","VIII","S/D","S/D","S/D","S/D","S/D","S/D","S/D","Diurna","S/D","S/D","S/D","Vuelco","S/D","S/D","S/D","S/D"
2016,9729,8/5/2016,"Viernes",0,14:20:00,,"0.0",2,"Automóvil,Moto/Ciclomotor","Pagani Y Bv. Balcarce",3,2,0,0,1,0,0,,"Calle",,"CAÑADA DE GÓMEZ","Iriondo","S/D","S/D","X","Dentro","Urbana","S/D","S/D","Recta","S/D","S/D","Diurna","S/D","S/D","S/D","Colisión","S/D","S/D","S/D","S/D"
2016,9730,8/17/2016,"Miercoles",0,,,"0.0",1,,"Calle 118 Y Calle 101",1,1,0,0,0,0,0,,"S/D",,"AVELLANEDA","General Obligado","S/D","S/D","IX","S/D","S/D","S/D","S/D","S/D","S/D","S/D","S/D","S/D","S/D","S/D","Vuelco","S/D","S/D","S/D","S/D"
2016,9731,8/18/2016,"Jueves",0,12:00:00,,"0.0",2,"Automóvil,Pickup/Utilitario","Corrientes Y Zavalia",2,2,0,0,0,0,0,,"S/D",,"SANTA FE","La Capital","S/D","S/D","I","S/D","S/D","S/D","S/D","S/D","S/D","S/D","Diurna","S/D","S/D","S/D","Colisión","S/D","S/D","S/D","S/D"
2016,9732,8/7/2016,"Domingo",0,12:00:00,,"0.0",1,"Automóvil","Stephenson Y Albert Sabin",3,1,0,0,2,0,0,,"Calle",,"ROSARIO","Rosario","S/D","S/D","II","Dentro","Urbana","S/D","S/D","S/D","S/D","S/D","Diurna","S/D","S/D","S/D","Vuelco","S/D","S/D","S/D","S/D"
2016,9733,8/9/2016,"Martes",0,7:30:00,,"0.0",2,"Automóvil,Moto/Ciclomotor","Guemes Y Santa Cruz",3,2,0,0,1,0,0,,"Calle",,"VENADO TUERTO","General López","S/D","S/D","VIII","Dentro","Urbana","S/D","S/D","S/D","S/D","S/D","Diurna","S/D","S/D","S/D","Colisión","S/D","S/D","S/D","S/D"
2016,9734,8/18/2016,"Jueves",0,18:35:00,"Ruta Secundaria 100-s","9.2",2,"Automóvil,Moto/Ciclomotor"," ",2,1,0,0,1,0,0,,"Ruta","100-s","RECONQUISTA","General Obligado","S/D","S/D","IX","S/D","S/D","S/D","S/D","S/D","S/D","S/D","Diurna","S/D","S/D","S/D","Colisión","S/D","S/D","S/D","S/D"
2016,9735,12/17/2016,"Sabado",0,13:30:00,,"0.0",2,"Moto/Ciclomotor,Automóvil","Calle 9-Mariano Moreno Y Calle 10-Ludue±a",2,1,0,0,1,0,0,,"Calle",,"RECONQUISTA","General Obligado","Asfalto","No existe","IX","Dentro","Urbana","Ninguna","No existe","Recta","Bueno","Buena","Atardecer","Buen Tiempo","Lateral","S/D","Colisión","Ninguna","S/D","Ninguna","Sin restricción"
2016,9736,12/17/2016,"Sabado",0,20:05:00,,"0.0",2,"Moto/Ciclomotor,Automóvil","Calle 12 San Martin Y Calle 23-Gral lopez",4,3,0,0,1,0,0,,"Calle",,"RECONQUISTA","General Obligado","Asfalto","No existe","IX","Dentro","Urbana","Ninguna","No existe","Intersección","Bueno","Buena","Nocturna","Buen Tiempo","Lateral","S/D","Colisión","Ninguna","Vertical","Ninguna","Sin restricción"
2016,9737,8/18/2016,"Jueves",0,18:35:00,,"0.0",1,"Moto/Ciclomotor","Calle 17-Bartolome Mitre ",1,1,0,0,0,0,0,,"S/D",,"RECONQUISTA","General Obligado","S/D","S/D","IX","S/D","S/D","S/D","S/D","S/D","S/D","S/D","S/D","S/D","S/D","S/D","Vuelco","S/D","S/D","S/D","S/D"
2016,9738,7/29/2016,"Viernes",0,,,"0.0",2,"Camión,Peatón"," ",2,1,0,0,1,0,0,,"Calle",,"LAS PAREJAS","Belgrano","S/D","S/D","III","Dentro","Urbana","S/D","S/D","S/D","S/D","S/D","S/D","S/D","S/D","Peatón","Atropello","S/D","S/D","S/D","S/D"
2016,9739,8/9/2016,"Martes",0,17:45:00,,"0.0",1,"Bicicleta","Falucho ",1,1,0,0,0,0,0,,"Calle",,"VENADO TUERTO","General López","S/D","S/D","VIII","Dentro","Urbana","S/D","S/D","S/D","S/D","S/D","Diurna","S/D","S/D","S/D","Caída ocupante","S/D","S/D","S/D","S/D"
2016,9740,8/9/2016,"Martes",0,18:30:00,,"0.0",2,"Automóvil,Bicicleta","Gral Manuel Belgrano 1300",2,1,0,0,1,0,0,,"Calle",,"VENADO TUERTO","General López","S/D","S/D","VIII","Dentro","Urbana","S/D","S/D","S/D","S/D","S/D","Diurna","S/D","S/D","Ciclista","Atropello","S/D","S/D","S/D","S/D"
2016,9741,8/8/2016,"Lunes",0,16:00:00,,"0.0",2,"Automóvil,Moto/Ciclomotor","Bernardo de Irigoyen Y Ocampo",2,1,0,0,1,0,0,,"Calle",,"CAÑADA DE GÓMEZ","Iriondo","S/D","S/D","X","Dentro","Urbana","S/D","S/D","S/D","S/D","S/D","Diurna","S/D","S/D","S/D","Colisión","S/D","S/D","S/D","S/D"
2016,9742,8/9/2016,"Martes",0,1:30:00,,"0.0",2,"Automóvil,Moto/Ciclomotor","San Martin Y Almte. Brown",2,1,0,0,1,0,0,,"Calle",,"CAÑADA DE GÓMEZ","Iriondo","S/D","S/D","X","Dentro","Urbana","S/D","S/D","S/D","S/D","S/D","Nocturna","S/D","S/D","S/D","Colisión","S/D","S/D","S/D","S/D"
2016,9743,8/9/2016,"Martes",0,17:57:00,,"0.0",2,"Moto/Ciclomotor,Moto/Ciclomotor","Cerrito Y Chile",4,4,0,0,0,0,0,,"Calle",,"VENADO TUERTO","General López","S/D","S/D","VIII","Dentro","Urbana","S/D","S/D","S/D","S/D","S/D","Diurna","S/D","S/D","S/D","Colisión","S/D","S/D","S/D","S/D"
2016,9744,8/10/2016,"Miercoles",0,7:00:00,,"0.0",1,"Camión","Av Circunvalación ",1,1,0,0,0,0,0,,"Calle",,"SANTA FE","La Capital","S/D","S/D","I","Dentro","Urbana","S/D","S/D","S/D","S/D","S/D","Diurna","S/D","S/D","S/D","Vuelco","S/D","S/D","S/D","S/D"
2016,9745,8/10/2016,"Miercoles",0,,"Ruta Nacional 11","0.0",2,"Camión,Pickup/Utilitario","Calle 33-Pueyrredon ",2,0,0,0,0,0,2,,"Ruta",11,"RECONQUISTA","General Obligado","S/D","S/D","IX","Dentro","Urbana","S/D","S/D","S/D","S/D","S/D","Diurna","S/D","S/D","S/D","Colisión","S/D","S/D","S/D","S/D"
2016,9746,8/10/2016,"Miercoles",0,12:00:00,,"0.0",2,"Bicicleta,Automóvil","Necochea 900",2,1,0,0,1,0,0,,"Calle",,"CAÑADA DE GÓMEZ","Iriondo","S/D","S/D","X","Dentro","Urbana","S/D","S/D","S/D","S/D","S/D","Diurna","S/D","S/D","Ciclista","Atropello","S/D","S/D","S/D","S/D"
2016,9747,8/11/2016,"Jueves",0,2:00:00,,"0.0",1,"Automóvil","Av A del Valle Y La Pampa",3,3,0,0,0,0,0,,"Calle",,"SANTA FE","La Capital","S/D","S/D","I","Dentro","Urbana","S/D","S/D","S/D","S/D","S/D","Nocturna","S/D","S/D","S/D","Vuelco","S/D","S/D","S/D","S/D"
2016,9748,8/11/2016,"Jueves",0,7:30:00,,"0.0",2,"Automóvil,Camión","Hipolito Irigoyen Y Cristobal Colon",4,1,0,0,3,0,0,,"Calle",,"SANTO TOMÉ","La Capital","S/D","S/D","I","Dentro","Urbana","S/D","S/D","S/D","S/D","S/D","Diurna","S/D","S/D","S/D","Colisión","S/D","S/D","S/D","S/D"
2016,9749,8/11/2016,"Jueves",0,,"Ruta Nacional 11","354.0",2,"Automóvil,Camión"," ",2,1,0,0,1,0,0,,"Ruta",11,"OLIVEROS","Iriondo","S/D","S/D","X","Dentro","Urbana","S/D","S/D","S/D","S/D","S/D","S/D","S/D","S/D","S/D","Colisión","S/D","S/D","S/D","S/D"
2016,9750,8/11/2016,"Jueves",0,11:00:00,,"0.0",2,"Peatón,Automóvil","Calle 23-Gral lopez Y Roca Pte",2,1,0,0,1,0,0,,"Calle",,"RECONQUISTA","General Obligado","S/D","S/D","IX","Dentro","Urbana","S/D","S/D","S/D","S/D","S/D","Diurna","S/D","S/D","Peatón","Atropello","S/D","S/D","S/D","S/D"
2016,9751,8/11/2016,"Jueves",0,20:00:00,,"0.0",2,"Moto/Ciclomotor,Automóvil","Chaco Y Esperanto",3,2,0,0,1,0,0,,"Calle",,"VENADO TUERTO","General López","S/D","S/D","VIII","Dentro","Urbana","S/D","S/D","S/D","S/D","S/D","Diurna","S/D","S/D","S/D","Colisión","S/D","S/D","S/D","S/D"
2016,9752,12/23/2016,"Viernes",0,20:45:00,,"0.0",2,"Bicicleta,Automóvil","Calle 19-Habegger Y Calle 22- 25 de Mayo",2,1,0,0,1,0,0,,"Calle",,"RECONQUISTA","General Obligado","Asfalto","Pavimento","IX","S/D","Urbana","Ninguna","No existe","Recta","Bueno","Buena","Nocturna","Buen Tiempo","S/D","S/D","Atropello","Ninguna","Faltante","Ninguna","Sin restricción"
2016,9753,12/4/2016,"Domingo",0,18:20:00,"Ruta Nacional 11","0.0",2,"Moto/Ciclomotor,Moto/Ciclomotor","Ruta Nacional 11 ",2,2,0,0,0,0,0,,"Ruta",11,"RECONQUISTA","General Obligado","Asfalto","No existe","IX","S/D","S/D","Ninguna","No existe","Recta","Bueno","Buena","Diurna","Buen Tiempo","S/D","S/D","Colisión","Ninguna","Faltante","Línea divisoria pintada","Sin restricción"
2016,9754,12/2/2016,"Viernes",0,8:20:00,"Ruta Nacional 11","0.0",2,"Automóvil,Moto/Ciclomotor","Calle 33-Pueyrredon Y Ruta Nacional 11",3,2,0,0,1,0,0,,"Ruta",11,"RECONQUISTA","General Obligado","Asfalto","Pavimento","IX","Dentro","Urbana","Semáforo","Funciona","Intersección","Bueno","Buena","Diurna","Buen Tiempo","S/D","S/D","Colisión","Ninguna","Horizontal","Cordón divisorio","Sin restricción"
2016,9755,12/2/2016,"Viernes",0,8:50:00,,"0.0",2,"Pickup/Utilitario,Moto/Ciclomotor","Calle 16 Gral Obligado 840",2,1,0,0,1,0,0,,"Calle",,"RECONQUISTA","General Obligado","Asfalto","Pavimento","IX","Dentro","Urbana","Ninguna","No existe","Recta","Bueno","Buena","Diurna","Buen Tiempo","S/D","S/D","Colisión","Ninguna","Faltante","Ninguna","Sin restricción"
2016,9756,12/30/2016,"Viernes",0,11:00:00,,"0.0",2,"Automóvil,Moto/Ciclomotor","San Martin Y 25 de mayo",2,0,1,0,1,0,0,,"Calle",,"MALABRIGO","General Obligado","Asfalto","Natural","IX","Dentro","Urbana","Ninguna","No existe","Intersección","Bueno","Buena","Diurna","Buen Tiempo","S/D","S/D","Colisión","Ninguna","S/D","Ninguna","Sin restricción"
2016,9757,12/30/2016,"Viernes",0,18:30:00,,"0.0",2,"Moto/Ciclomotor,Bicicleta","Av 18 de Junio Y Juan Manuel De Rosas",2,1,0,0,1,0,0,,"Calle",,"MALABRIGO","General Obligado","Asfalto","Pavimento","IX","Dentro","Urbana","Ninguna","No existe","Intersección","Bueno","Buena","Diurna","Buen Tiempo","S/D","S/D","Atropello","Ninguna","S/D","Barrera de hormigón","Sin restricción"
2016,9758,7/27/2016,"Miercoles",0,,,"0.0",2,"Moto/Ciclomotor,Moto/Ciclomotor","Ramon y Cajal ",3,2,0,0,1,0,0,,"S/D",,"RAFAELA","Castellanos","Asfalto","No existe","V","S/D","Urbana","Ninguna","No existe","Intersección","Bueno","Buena","Diurna","Buen Tiempo","Lateral","S/D","Colisión","Ninguna","Faltante","Ninguna","Sin restricción"
2016,9759,7/21/2016,"Jueves",0,,,"0.0",2,"Bicicleta,Moto/Ciclomotor","Bv Jaime Ferre Y Ciudad de Esperanza",2,2,0,0,0,0,0,,"S/D",,"RAFAELA","Castellanos","Asfalto","No existe","V","S/D","Urbana","Ninguna","No existe","Intersección","Bueno","Buena","Diurna","Buen Tiempo","S/D","S/D","Atropello","Ninguna","Faltante","Ninguna","Sin restricción"
2016,9760,8/14/2016,"Domingo",0,20:00:00,,"0.0",2,"Moto/Ciclomotor,Automóvil","Ruta Nac 34 Gral Guemes Y Juan de Garay",6,1,0,0,5,0,0,,"Calle",,"RAFAELA","Castellanos","Hormigón","Natural","V","Dentro","Urbana","Semáforo","Funciona","Intersección","Bueno","Buena","Nocturna","Buen Tiempo","Lateral","S/D","Colisión","Ninguna","Horizontal","Ninguna","Sin restricción"
2016,9761,9/1/2016,"Jueves",0,11:30:00,,"0.0",2,"Moto/Ciclomotor,Pickup/Utilitario","Ruta Nac 34 Gral Guemes Y 27 de setiembre",2,1,0,0,1,0,0,,"S/D",,"RAFAELA","Castellanos","Hormigón","No existe","V","S/D","Urbana","Ninguna","No existe","Recta","Bueno","Buena","Diurna","Buen Tiempo","Lateral","S/D","Colisión","Ninguna","Horizontal","Ninguna","Sin restricción"
2016,9762,11/26/2016,"Sabado",0,,,"0.0",1,"Moto/Ciclomotor","Joaquin V Gonzalez ",1,1,0,0,0,0,0,,"Calle",,"RAFAELA","Castellanos","Asfalto","No existe","V","S/D","Urbana","Ninguna","No existe","Intersección","Bueno","Reducida","Nocturna","Buen Tiempo","S/D","S/D","Vuelco","Ninguna","Faltante","Ninguna","Sin restricción"
2016,9763,12/2/2016,"Viernes",0,13:50:00,,"0.0",2,"Moto/Ciclomotor,Moto/Ciclomotor","Av Brasil Y B Geuna",2,1,0,0,1,0,0,,"S/D",,"RAFAELA","Castellanos","Asfalto","S/D","V","S/D","S/D","Ninguna","No existe","Intersección","Bueno","Buena","Diurna","Buen Tiempo","Lateral","S/D","Colisión","Ninguna","Faltante","Ninguna","Sin restricción"
2016,9764,12/9/2016,"Viernes",0,,,"0.0",2,"Moto/Ciclomotor,Moto/Ciclomotor","S A Rodriguez Y J Abele",3,1,0,0,2,0,0,,"Calle",,"RAFAELA","Castellanos","Asfalto","No existe","V","S/D","Urbana","Ninguna","No existe","Intersección","Bueno","Buena","S/D","Buen Tiempo","Lateral","S/D","Colisión","Ninguna","Faltante","Ninguna","Sin restricción"
2016,9765,12/30/2016,"Viernes",0,14:05:00,,"0.0",2,"Moto/Ciclomotor,Moto/Ciclomotor","Domingo Silva Y Lavalle",3,3,0,0,0,0,0,,"Calle",,"RAFAELA","Castellanos","Asfalto","No existe","V","Dentro","Urbana","Ninguna","No existe","Intersección","Bueno","Buena","Diurna","Buen Tiempo","Lateral","S/D","Colisión","Ninguna","Faltante","Ninguna","Sin restricción"
2016,9766,11/22/2016,"Martes",0,20:45:00,,"0.0",2,"Moto/Ciclomotor,Automóvil","Remedios de Escalada Y Melvis Jones",3,1,1,0,1,0,0,,"Calle",,"RAFAELA","Castellanos","Hormigón","Pavimento","V","Dentro","Urbana","Ninguna","No existe","Intersección","Bueno","Reducida","Nocturna","Buen Tiempo","Frontal","S/D","Colisión","Ninguna","Faltante","Línea divisoria pintada","Sin restricción"
2016,9767,11/9/2016,"Miercoles",0,11:30:00,,"0.0",2,"Moto/Ciclomotor,Pickup/Utilitario","12 de septiembre Y Avenida Nuestra Señora del Luj",3,2,0,0,1,0,0,,"Avenida",,"SANTO TOMÉ","La Capital","Asfalto","No existe","I","Dentro","Urbana","S/D","Funciona","Intersección","Bueno","Buena","Diurna","Buen Tiempo","De alcance","S/D","Colisión","Ninguna","S/D","S/D","Sin restricción"
2016,9768,12/22/2016,"Jueves",0,11:40:00,,"0.0",2,"Moto/Ciclomotor,Peatón","13 de diciembre Y Maletti",2,1,0,0,0,0,1,,"Calle",,"SANTO TOMÉ","La Capital","Ripio","No existe","I","S/D","Urbana","Ninguna","No existe","Recta","Bueno","Buena","Diurna","Buen Tiempo","S/D","Peatón","Atropello","S/D","Vertical","Ninguna","Sin restricción"
2016,9769,12/28/2016,"Miercoles",0,14:35:00,,"0.0",2,"Moto/Ciclomotor,Automóvil"," ",2,1,0,0,0,0,1,,"S/D",,"SANTO TOMÉ","La Capital","Asfalto","No existe","I","S/D","S/D","Ninguna","No existe","Curva","Bueno","Buena","Diurna","Buen Tiempo","De alcance","S/D","Colisión","S/D","Vertical","Ninguna","Sin restricción"
2016,9770,11/6/2016,"Domingo",0,20:35:00,"Ruta Nacional 11","0.0",2,"Automóvil,Moto/Ciclomotor"," ",3,1,0,0,1,0,1,,"Ruta",11,"SANTO TOMÉ","La Capital","Asfalto,Tierra","Natural","I","S/D","Urbana","S/D","No existe","Intersección","Bueno","Buena","Nocturna","Buen Tiempo","Lateral","S/D","Colisión","Ninguna","S/D","Ninguna","Sin restricción"
2016,9771,12/18/2016,"Domingo",0,3:00:00,"Ruta Nacional 168","169.0",3,"Automóvil,Automóvil,Pickup/Utilitario"," ",8,2,0,0,6,0,0,,"Ruta",168,"ARMSTRONG","Belgrano","Asfalto","S/D","III","Dentro","Urbana","Ninguna","S/D","Recta","Bueno","S/D","Nocturna","Buen Tiempo","Múltiple","S/D","Colisión","S/D","Horizontal","Ninguna","Sin restricción"
2016,9772,12/31/2016,"Sabado",0,4:40:00,"Ruta Nacional 178","0.0",2,"Camión,Automóvil"," ",3,0,1,0,2,0,0,,"Ruta",178,"LAS PAREJAS","Belgrano","Asfalto","Ripio","III","Dentro","Urbana","Ninguna","No existe","Recta","Bueno","Buena","Nocturna,Con luz artificial","Buen Tiempo","Lateral","S/D","Colisión","S/D","S/D","Ninguna","Sin restricción"
2016,9773,12/22/2016,"Jueves",0,12:26:00,,"0.0",2,"Pickup/Utilitario,Moto/Ciclomotor","Avenida 18 Y Avenida 13",2,0,1,0,1,0,0,,"Calle",,"LAS PAREJAS","Belgrano","Asfalto","No existe","III","Dentro","Urbana","Ninguna","No existe","Rotonda","Bueno","Buena","Diurna","Buen Tiempo","Lateral","S/D","Colisión","S/D","Vertical","Ninguna","Sin restricción"
2016,9774,12/30/2016,"Viernes",0,12:00:00,,"0.0",2,"Automóvil,Moto/Ciclomotor","Avenida 18 Y Calle 5",3,2,0,0,1,0,0,,"Calle",,"LAS PAREJAS","Belgrano","Ripio","Pavimento","III","Dentro","Urbana","Ninguna","No existe","Intersección","Bueno","Buena","Diurna","Buen Tiempo","S/D","S/D","Colisión","Ninguna","Faltante","Barrera de hormigón","Sin restricción"
2016,9775,12/14/2016,"Miercoles",0,17:00:00,,"0.0",2,"Pickup/Utilitario,Moto/Ciclomotor","Avenida 13 682",2,1,0,0,1,0,0,,"Calle",,"LAS PAREJAS","Belgrano","Asfalto","S/D","III","Dentro","Urbana","Ninguna","No existe","Recta","Bueno","Buena","Diurna","Buen Tiempo","Lateral","S/D","Colisión","S/D","Faltante","Ninguna","Sin restricción"
2016,9776,12/14/2016,"Miercoles",0,21:40:00,"Ruta Provincial 1","0.0",2,"Moto/Ciclomotor,Moto/Ciclomotor","Pedro de Vega ",3,3,0,0,0,0,0,,"Ruta",1,"CAYASTA","Garay","Asfalto","Natural","VII","Dentro","Urbana","Semáforo","Intermitente","Intersección","Bueno","Buena","Nocturna,Con luz artificial","Buen Tiempo","Lateral","S/D","Colisión","Ninguna","Vertical","Cordón divisorio","Sin restricción"
2016,9777,12/22/2016,"Jueves",0,15:00:00,,"0.0",2,"Automóvil,Moto/Ciclomotor","Isabel La Catolica Y Felipe II",4,2,0,0,2,0,0,,"Calle",,"CAYASTA","Garay","Arena","Natural","VII","Dentro","Urbana","Ninguna","No existe","Intersección","S/D","Buena","Diurna,Con luz artificial","Buen Tiempo","Lateral","S/D","Colisión","Ninguna","Faltante","Ninguna","Sin restricción"
2016,9778,12/24/2016,"Sabado",0,10:40:00,"Ruta Provincial 1","57.0",1,"Automóvil"," ",5,5,0,0,0,0,0,,"Ruta",1,"SANTA ROSA DE CALCHINES","Garay","Asfalto","Natural","VII","Dentro","Urbana","Ninguna","No existe","Recta","Bueno","Buena","Diurna","Buen Tiempo","S/D","S/D","Vuelco","S/D","Faltante","Ninguna","Sin restricción"
2016,9779,12/16/2016,"Viernes",0,18:40:00,,"0.0",2,"Moto/Ciclomotor,Peatón","Av A del Valle Y Gorriti",2,1,0,0,1,0,0,,"Calle",,"SANTA FE","La Capital","Asfalto","Pavimento","I","Dentro","Urbana","S/D","Funciona","Intersección","Bueno","Buena","Atardecer,Con luz artificial","Buen Tiempo","S/D","Ciclista","Atropello","S/D","Vertical","S/D","S/D"
2016,9780,12/17/2016,"Sabado",0,8:45:00,,"0.0",1,"Moto/Ciclomotor","Av A del Valle Y Gorriti",1,1,0,0,0,0,0,,"Calle",,"SANTA FE","La Capital","Asfalto","Pavimento","I","Dentro","Urbana","S/D","Intermitente","Intersección","Bueno","Buena","Nocturna,Con luz artificial","Buen Tiempo","S/D","S/D","Caída ocupante","S/D","Vertical","S/D","Sin restricción"
2016,9781,12/21/2016,"Miercoles",0,15:50:00,,"0.0",2,"Automóvil,Moto/Ciclomotor","Av Facundo Zuviria Y French",2,1,0,0,1,0,0,,"Calle",,"SANTA FE","La Capital","Asfalto","Natural","I","Dentro","Urbana","S/D","No existe","Intersección","Bueno","Buena","Diurna","Buen Tiempo","Lateral","S/D","Colisión","S/D","Faltante","S/D","Sin restricción"
2016,9782,12/22/2016,"Jueves",0,12:00:00,,"0.0",2,"Automóvil,Moto/Ciclomotor","Padre Genesio Y 9 de Julio",2,1,0,0,1,0,0,,"Calle",,"SANTA FE","La Capital","Asfalto","Natural","I","Dentro","Urbana","S/D","No existe","Intersección","Con baches,Deteriorada","Buena","Diurna","Buen Tiempo","Lateral","S/D","Colisión","S/D","Faltante","S/D","S/D"
2016,9783,12/6/2016,"Martes",0,9:30:00,,"0.0",2,"Moto/Ciclomotor,Automóvil","PRESIDENTE PERON Y IDA BORELLO",2,1,0,0,1,0,0,,"Calle",,"ARMSTRONG","Belgrano","Asfalto","No existe","III","Dentro","Urbana","Ninguna","No existe","Intersección","Bueno","Buena","Diurna","Buen Tiempo","Lateral","S/D","Colisión","S/D","Vertical","Ninguna","Sin restricción"
2016,9784,8/24/2016,"Miercoles",0,,,"0.0",1,"Automóvil","Av. Ovidio Lagos Y Rueda",1,1,0,0,0,0,0,,"S/D",,"ROSARIO","Rosario","S/D","S/D","II","S/D","S/D","S/D","S/D","S/D","S/D","S/D","S/D","S/D","S/D","S/D","Vuelco","S/D","S/D","S/D","S/D"
2016,9785,8/24/2016,"Miercoles",0,10:00:00,,"0.0",2,"Moto/Ciclomotor,Moto/Ciclomotor","Guillermo Brown Y Cristobal Colon",2,2,0,0,0,0,0,,"S/D",,"VENADO TUERTO","General López","S/D","S/D","VIII","S/D","S/D","S/D","S/D","S/D","S/D","S/D","S/D","S/D","S/D","S/D","Colisión","S/D","S/D","S/D","S/D"
2016,9786,12/26/2016,"Lunes",0,19:00:00,,"0.0",2,"Moto/Ciclomotor,Automóvil","Calle 20 9 de Julio Y Calle 19-Habegger",2,0,0,0,0,0,2,,"Calle",,"RECONQUISTA","General Obligado","Asfalto","Pavimento","IX","Dentro","Urbana","Semáforo","Funciona","Intersección","Bueno","Buena","Diurna","Buen Tiempo","S/D","S/D","Colisión","S/D","Faltante","Ninguna","Sin restricción"
2016,9787,12/17/2016,"Sabado",0,15:00:00,,"0.0",2,"Moto/Ciclomotor,Automóvil","Calle 32 - Amenabar Y Calle 19-Habegger",3,2,0,0,1,0,0,,"Calle",,"RECONQUISTA","General Obligado","Asfalto","Pavimento","IX","Dentro","Urbana","Ninguna","No existe","Intersección","Bueno","Buena","Diurna","Buen Tiempo","S/D","S/D","Colisión","S/D","Faltante","Ninguna","Sin restricción"
2016,9788,5/25/2016,"Miercoles",0,17:30:00,,"0.0",2,"Moto/Ciclomotor,Automóvil","CAlle 37-Bvard. lovato 1400",2,1,0,0,1,0,0,,"S/D",,"RECONQUISTA","General Obligado","S/D","S/D","IX","S/D","S/D","S/D","S/D","S/D","S/D","S/D","Diurna","S/D","S/D","S/D","Colisión","S/D","S/D","S/D","S/D"
2016,9789,8/26/2016,"Viernes",0,7:50:00,,"0.0",2,"Automóvil,Automóvil","Roque Saenz Peña Y Bernardo de Monteagudo",2,2,0,0,0,0,0,,"S/D",,"VENADO TUERTO","General López","S/D","S/D","VIII","S/D","S/D","S/D","S/D","S/D","S/D","S/D","Diurna","S/D","S/D","S/D","Colisión","S/D","S/D","S/D","S/D"
2016,9790,12/21/2016,"Miercoles",0,20:00:00,"Ruta Provincial 21","0.0",2,"Moto/Ciclomotor,Automóvil","SAN MARTIN  ",2,1,0,0,1,0,0,,"Ruta",21,"PUEBLO ESTHER","Rosario","S/D","S/D","I","Dentro","Urbana","S/D","S/D","S/D","S/D","S/D","Atardecer","S/D","S/D","S/D","Colisión","S/D","S/D","S/D","S/D"
2016,9791,8/26/2016,"Viernes",0,4:15:00,,"0.0",2,"Tren,Automóvil"," ",2,1,0,0,1,0,0,,"S/D",,"OLIVEROS","Iriondo","S/D","S/D","X","S/D","S/D","S/D","S/D","S/D","S/D","S/D","Nocturna","S/D","S/D","S/D","Colisión","S/D","S/D","S/D","S/D"
2016,9792,12/7/2016,"Miercoles",0,21:20:00,,"0.0",9,"Automóvil,Moto/Ciclomotor,Automóvil,Automóvil,Automóvil,Automóvil,Automóvil,Pickup/Utilitario,Pickup/Utilitario","PUENTE DEL REY  ",10,3,0,0,7,0,0,,"Calle",,"RECONQUISTA","General Obligado","Hormigón","No existe","IX","Dentro","Urbana","Ninguna","No existe","Recta","Bueno","Buena","Nocturna","Buen Tiempo","De alcance,Múltiple","S/D","Colisión","S/D","Vertical","Guardarrail","Sin restricción"