"anio_acci","nro_acci","fecha","desc_dia","fecha_aprox","hora_aprox","desc_ruta","km","cant_participantes","desc_participante","calle_avenida_km","total","heridos_leves","heridos_graves","heridos_gravisimos","ilesos","fallecidos","sin_datos","posicion_XY","desc_tipo_via","desc_ruta_ori","desc_loc","desc_dpto","desc_tipo_calzada","desc_tipo_banquina","desc_unidad_regional","desc_lugar_calzada","desc_zona","desc_prioridad","desc_estado_semaforo","desc_lugar_via","desc_estado_via","desc_estado_visibilidad","desc_luminosidad","desc_estado_clima","desc_tipo_colision","desc_tipo_atropello","desc_tipo_hecho","desc_pres_calzada","desc_senializacion","desc_separacion_via","desc_restriccion"
2016,9793,8/26/2016,"Viernes",0,,,"0.0",2,"Pickup/Utilitario,Moto/Ciclomotor","E Zeballos Y J V Gonzalez",3,2,0,0,1,0,0,,"S/D",,"SUNCHALES","Castellanos","S/D","S/D","V","S/D","S/D","S/D","S/D","S/D","S/D","S/D","S/D","S/D","S/D","S/D","Colisión","S/D","S/D","S/D","S/D"
2016,9794,8/26/2016,"Viernes",0,,"S/D Nacional 34","0.0",1,"Moto/Ciclomotor"," ",2,1,0,0,1,0,0,,"S/D",34,"ATALIVA","Castellanos","S/D","S/D","V","S/D","S/D","S/D","S/D","S/D","S/D","S/D","S/D","S/D","S/D","S/D","Colisión","S/D","S/D","S/D","S/D"
2016,9795,8/26/2016,"Viernes",0,21:15:00,,"0.0",2,"Moto/Ciclomotor,Automóvil","Rawson Y Iriondo",4,2,0,0,1,0,1,,"S/D",,"CAÑADA DE GÓMEZ","Iriondo","S/D","S/D","X","S/D","S/D","S/D","S/D","S/D","S/D","S/D","Nocturna","S/D","S/D","S/D","Colisión","S/D","S/D","S/D","S/D"
2016,9796,8/29/2016,"Lunes",0,,,"0.0",2,"Moto/Ciclomotor,Pickup/Utilitario","Morris W Y Entre Rios",3,2,0,0,1,0,0,,"S/D",,"SAN LORENZO","San Lorenzo","S/D","S/D","XVII","S/D","S/D","S/D","S/D","S/D","S/D","S/D","S/D","S/D","S/D","S/D","Colisión","S/D","S/D","S/D","S/D"
2016,9797,12/31/2016,"Sabado",0,4:20:00,,"0.0",2,"Automóvil,Automóvil","Calle 13-Iturraspe ",6,3,0,0,3,0,0,,"Calle",,"RECONQUISTA","General Obligado","Asfalto","Pavimento","IX","Dentro","Urbana","Ninguna","No existe","Intersección","Bueno","Buena","Nocturna","Buen Tiempo","Múltiple","S/D","Colisión","Ninguna","Faltante","Ninguna","Sin restricción"
2016,9798,8/29/2016,"Lunes",0,22:30:00,"Ruta Nacional 33","0.0",1,," ",2,2,0,0,0,0,0,,"Ruta",33,"VENADO TUERTO","General López","S/D","S/D","VIII","S/D","S/D","S/D","S/D","S/D","S/D","S/D","Nocturna","S/D","S/D","S/D","Vuelco","S/D","S/D","S/D","S/D"
2016,9799,8/30/2016,"Martes",0,,"Autopista Nacional Rosario -Cordoba","368.0",2,"Automóvil,Camión"," ",2,1,0,0,1,0,0,,"Autopista","Rosario -Cordoba","CAÑADA DE GÓMEZ","Iriondo","S/D","S/D","X","S/D","S/D","S/D","S/D","S/D","S/D","S/D","Nocturna","S/D","De alcance","S/D","Colisión","S/D","S/D","S/D","S/D"
2016,9801,8/31/2016,"Miercoles",0,7:45:00,,"0.0",2,"Camión,Moto/Ciclomotor","Sarmiento Y Ballesteros",2,1,0,0,1,0,0,,"Calle",,"CAÑADA DE GÓMEZ","Iriondo","S/D","S/D","X","S/D","S/D","S/D","S/D","S/D","S/D","S/D","Diurna","S/D","S/D","S/D","Colisión","S/D","S/D","S/D","S/D"
2016,9802,8/19/2016,"Viernes",0,21:20:00,,"0.0",2,"Moto/Ciclomotor,Moto/Ciclomotor","Calle 33-Pueyrredon Y Calle 20 9 de Julio",2,1,0,0,1,0,0,,"Calle",,"RECONQUISTA","General Obligado","S/D","S/D","IX","S/D","S/D","S/D","S/D","S/D","S/D","S/D","Nocturna","S/D","S/D","S/D","Colisión","S/D","S/D","S/D","S/D"
2016,9803,8/19/2016,"Viernes",0,17:00:00,,"0.0",2,"Pickup/Utilitario,Automóvil","Calle 15-Patricio Diez Y Calle 22- 25 de Mayo",5,2,0,0,3,0,0,,"S/D",,"RECONQUISTA","General Obligado","S/D","S/D","IX","S/D","S/D","S/D","S/D","S/D","S/D","S/D","Diurna","S/D","S/D","S/D","Colisión","S/D","S/D","S/D","S/D"
2016,9804,8/21/2016,"Domingo",0,6:20:00,,"0.0",1,"Moto/Ciclomotor","Paz Y Jose Aufranc",2,1,0,0,1,0,0,,"Calle",,"VENADO TUERTO","General López","S/D","S/D","VIII","S/D","S/D","S/D","S/D","S/D","S/D","S/D","Amanecer","S/D","Contra objeto fijo","S/D","Colisión","S/D","S/D","S/D","S/D"
2016,9805,8/21/2016,"Domingo",0,7:15:00,"Ruta Nacional 8","0.0",2,"Automóvil,Automóvil","Carlos Pellegrini Y Ruta Nac 8",4,1,0,0,3,0,0,,"Ruta",8,"VENADO TUERTO","General López","S/D","S/D","VIII","S/D","S/D","S/D","S/D","S/D","S/D","S/D","Amanecer","S/D","De alcance","S/D","Colisión","S/D","S/D","S/D","S/D"
2016,9806,8/21/2016,"Domingo",0,15:40:00,"Ruta Nacional 11","773.0",1,"Automóvil"," ",3,1,0,0,2,0,0,,"Ruta",11,"RECONQUISTA","General Obligado","S/D","S/D","IX","S/D","S/D","S/D","S/D","S/D","S/D","S/D","S/D","S/D","S/D","S/D","Vuelco","S/D","S/D","S/D","S/D"
2016,9807,8/20/2016,"Sabado",0,8:00:00,,"0.0",1,"Moto/Ciclomotor"," ",1,1,0,0,0,0,0,,"S/D",,"RECONQUISTA","General Obligado","S/D","S/D","VIII","S/D","S/D","S/D","S/D","S/D","S/D","S/D","S/D","S/D","S/D","S/D","Vuelco","S/D","S/D","S/D","S/D"
2016,9808,8/20/2016,"Sabado",0,6:55:00,,"0.0",1,"Moto/Ciclomotor","Calle 10-Ludue±a Y Calle 12 San Martin",1,1,0,0,0,0,0,,"S/D",,"RECONQUISTA","General Obligado","S/D","S/D","VIII","S/D","S/D","S/D","S/D","S/D","S/D","S/D","Diurna","S/D","S/D","S/D","Vuelco","S/D","S/D","S/D","S/D"
2016,9809,8/19/2016,"Viernes",0,17:40:00,,"0.0",2,"Automóvil,Moto/Ciclomotor","Calle 127 Y Calle 20 9 de Julio",3,2,0,0,1,0,0,,"Calle",,"RECONQUISTA","General Obligado","S/D","S/D","VIII","S/D","S/D","S/D","S/D","S/D","S/D","S/D","Diurna","S/D","S/D","S/D","Colisión","S/D","S/D","S/D","S/D"
2016,9811,8/21/2016,"Domingo",0,18:15:00,,"0.0",1,"Automóvil","Calle 25 - Pietropaolo ",1,1,0,0,0,0,0,,"S/D",,"RECONQUISTA","General Obligado","S/D","S/D","VIII","S/D","S/D","S/D","S/D","S/D","S/D","S/D","Diurna","S/D","S/D","S/D","Despiste","S/D","S/D","S/D","S/D"
2016,9812,8/20/2016,"Sabado",0,18:00:00,,"0.0",2,"Automóvil,Moto/Ciclomotor","Mitre Y Ocampo",2,1,0,0,1,0,0,,"Calle",,"CAÑADA DE GÓMEZ","Iriondo","S/D","S/D","X","S/D","S/D","S/D","S/D","S/D","S/D","S/D","Diurna","S/D","S/D","S/D","Colisión","S/D","S/D","S/D","S/D"
2016,9813,8/22/2016,"Lunes",0,16:30:00,,"0.0",2,"Taxi/Remis,Moto/Ciclomotor","Lamadrid Y Tucuman",3,1,0,0,2,0,0,,"Calle",,"SANTA FE","La Capital","S/D","S/D","I","S/D","S/D","S/D","S/D","S/D","S/D","S/D","Diurna","S/D","S/D","S/D","Colisión","S/D","S/D","S/D","S/D"
2016,9814,8/23/2016,"Martes",0,11:40:00,,"0.0",2,"Pickup/Utilitario,Moto/Ciclomotor","Leandro N Alem ",2,1,0,0,1,0,0,,"S/D",,"VENADO TUERTO","General López","S/D","S/D","VIII","S/D","S/D","S/D","S/D","S/D","S/D","S/D","Diurna","S/D","S/D","S/D","Colisión","S/D","S/D","S/D","S/D"
2016,9815,8/24/2016,"Miercoles",0,14:40:00,,"0.0",2,"Moto/Ciclomotor,Automóvil","Ruta Nac 8 Y Bernardino Rivadavia",3,1,0,0,2,0,0,,"S/D",,"VENADO TUERTO","General López","S/D","S/D","VIII","S/D","S/D","S/D","S/D","S/D","S/D","S/D","Diurna","S/D","S/D","S/D","Colisión","S/D","S/D","S/D","S/D"
2016,9816,8/23/2016,"Martes",0,,,"0.0",2,"Moto/Ciclomotor,Moto/Ciclomotor","Belgrano Y Ocampo",5,3,0,0,0,0,2,,"Calle",,"CAÑADA DE GÓMEZ","Iriondo","S/D","S/D","X","Dentro","Urbana","S/D","S/D","S/D","S/D","Buena","Nocturna","S/D","S/D","S/D","Colisión","S/D","S/D","S/D","S/D"
2016,9817,11/14/2016,"Lunes",0,10:20:00,,"0.0",2,"Automóvil,Moto/Ciclomotor"," ",2,1,0,0,1,0,0,,"Avenida",,"SANTO TOMÉ","La Capital","Asfalto","No existe","I","S/D","S/D","Ninguna","Funciona","Recta","Bueno","Buena","Diurna","Buen Tiempo","De alcance","S/D","Colisión","Otro","S/D","Ninguna","Sin restricción"
2016,9818,11/12/2016,"Sabado",0,15:10:00,,"0.0",2,"Automóvil,Moto/Ciclomotor","Ruta 11 Avenida Richieri Y 13 de diciembre",2,1,0,0,1,0,0,,"Avenida",,"SANTO TOMÉ","La Capital","Asfalto","Natural","I","S/D","Urbana","Semáforo","S/D","Intersección","Bueno","Buena","Diurna","Buen Tiempo","De alcance","S/D","Colisión","Ninguna","S/D","S/D","Sin restricción"
2016,9819,12/16/2016,"Viernes",0,15:05:00,,"0.0",2,"Moto/Ciclomotor,Automóvil","San Juan Y 3 de Febrero",2,1,0,0,1,0,0,,"Avenida",,"SANTA FE","La Capital","Asfalto","No existe","I","Dentro","Urbana","Ninguna","No existe","Intersección","Con baches","Buena","Diurna","Buen Tiempo","Lateral","S/D","Colisión","Ninguna","Faltante","Ninguna","Sin restricción"
2016,9820,7/1/2016,"Viernes",0,12:00:00,,"0.0",2,"Moto/Ciclomotor,Automóvil","Bv G L Lhemann Y A Alvarez",2,0,0,0,1,1,0,"-31.246940, -61.490185","Avenida",,"RAFAELA","Castellanos","Asfalto","No existe","V","Dentro","Urbana","Ninguna","S/D","Intersección","Bueno","Buena","Diurna","Buen Tiempo","Lateral","S/D","Colisión","Ninguna","Horizontal","Cordón divisorio","Sin restricción"
2016,9821,7/6/2016,"Miercoles",0,,,"0.0",2,"Pickup/Utilitario,Camión"," ",2,0,0,0,1,1,0,"-31.628374, -60.705140","S/D",,"SANTA FE","La Capital","S/D","S/D","I","S/D","S/D","S/D","S/D","S/D","S/D","S/D","S/D","S/D","S/D","S/D","Colisión","S/D","S/D","S/D","S/D"
2016,9822,7/19/2016,"Martes",0,,,"0.0",1,"Otros"," ",1,0,0,0,0,1,0,"-32.971706, -60.687323","S/D",,"ROSARIO","Rosario","S/D","S/D","II","S/D","S/D","S/D","S/D","S/D","S/D","S/D","S/D","S/D","S/D","S/D","S/D","S/D","S/D","S/D","S/D"
2016,9823,7/19/2016,"Martes",0,,,"0.0",1,"Otros"," ",1,0,0,0,0,1,0,"-32.963501, -60.695089","S/D",,"ROSARIO","Rosario","S/D","S/D","II","S/D","S/D","S/D","S/D","S/D","S/D","S/D","S/D","S/D","S/D","S/D","S/D","S/D","S/D","S/D","S/D"
2016,9824,8/6/2016,"Sabado",0,,,"0.0",2,"Peatón,Automóvil","AV SAN MARTIN ALTURA PUENTE INTERCAMBIADOR ",2,0,0,0,0,1,1,"-32.768435, -60.730819","Avenida",,"SAN LORENZO","San Lorenzo","Hormigón","Natural","XVII","Dentro","Urbana","S/D","No existe","Recta","Bueno","S/D","S/D","Buen Tiempo","S/D","Peatón","Atropello","Ninguna","Horizontal,Vertical","Barrera de hormigón","Sin restricción"
2016,9825,7/31/2016,"Domingo",0,,,"0.0",2,"Moto/Ciclomotor,Pickup/Utilitario","26 de Enero ",2,0,0,0,0,1,1,"-31.258954, -61.487468","Calle",,"RAFAELA","Castellanos","Hormigón","No existe","V","Dentro","Urbana","Ninguna","No existe","S/D","Bueno","S/D","Nocturna","S/D","S/D","S/D","Colisión","S/D","Faltante","Ninguna","S/D"
2016,9826,12/30/2016,"Viernes",0,20:15:00,,"0.0",2,"Moto/Ciclomotor,Peatón","Simon de Iriondo Y Colon",3,3,0,0,0,0,0,,"Calle",,"ESPERANZA","Las Colonias","Asfalto","No existe","XI","Dentro","Urbana","Ninguna","No existe","Intersección","Bueno","Buena","Nocturna","Buen Tiempo","S/D","Peatón","Atropello","Ninguna","S/D","Ninguna","Sin restricción"
2016,9827,2/13/2016,"Sabado",0,19:40:00,,"0.0",2,"Pickup/Utilitario,Taxi/Remis","Pte.Roca Y Cerrito",2,1,0,0,1,0,0,,"Calle",,"ROSARIO","Rosario","Asfalto","No existe","II","Dentro","Urbana","Ninguna","No existe","Intersección","Bueno","Buena","Atardecer","Buen Tiempo","Lateral","S/D","Colisión","Ninguna","Faltante","Ninguna","Sin restricción"
2016,9828,8/9/2016,"Martes",0,,,"0.0",1,"Otros"," ",1,0,0,0,0,1,0,"-32.970611, -60.693131","S/D",,"ROSARIO","Rosario","S/D","S/D","II","S/D","S/D","S/D","S/D","S/D","S/D","S/D","S/D","S/D","S/D","S/D","S/D","S/D","S/D","S/D","S/D"
2016,9829,8/17/2016,"Miercoles",0,,,"0.0",1,"Otros"," ",1,0,0,0,0,1,0,"-32.961682, -60.684870","S/D",,"ROSARIO","Rosario","S/D","S/D","II","S/D","S/D","S/D","S/D","S/D","S/D","S/D","S/D","S/D","S/D","S/D","S/D","S/D","S/D","S/D","S/D"
2016,9830,7/22/2016,"Viernes",0,,,"0.0",1,"Otros"," ",1,0,0,0,0,1,0,"-32.854963, -60.716825","S/D",,"GRANADERO BAIGORRIA","Rosario","S/D","S/D","II","S/D","S/D","S/D","S/D","S/D","S/D","S/D","S/D","S/D","S/D","S/D","S/D","S/D","S/D","S/D","S/D"
2016,9831,8/3/2016,"Miercoles",0,,,"0.0",1,"Otros"," ",1,0,0,0,0,1,0,"-33.315744, -60.607657","Camino Rural",,"CORONEL BOGADO","Rosario","S/D","Natural","II","Dentro","Rural","S/D","No existe","S/D","S/D","S/D","S/D","S/D","S/D","S/D","S/D","S/D","Faltante","S/D","S/D"
2016,9832,8/10/2016,"Miercoles",0,,,"0.0",1,"Otros"," ",1,0,0,0,0,1,0,"-33.753747, -61.962258","S/D",,"VENADO TUERTO","General López","S/D","S/D","VIII","S/D","S/D","S/D","S/D","S/D","S/D","S/D","S/D","S/D","S/D","S/D","S/D","S/D","S/D","S/D","S/D"
2016,9834,9/20/2016,"Martes",0,,,"0.0",1,"Otros"," ",1,0,0,0,0,1,0,"-33.486354, -60.960833","S/D",,"MÁXIMO PAZ","Constitución","S/D","S/D","VI","S/D","S/D","S/D","S/D","S/D","S/D","S/D","S/D","S/D","S/D","S/D","S/D","S/D","S/D","S/D","S/D"
2016,9837,9/18/2016,"Domingo",0,,,"0.0",1,"Otros"," ",1,0,0,0,0,1,0,"-31.637744, -60.709552","S/D",,"SANTA FE","La Capital","S/D","S/D","I","S/D","S/D","S/D","S/D","S/D","S/D","S/D","S/D","S/D","S/D","S/D","S/D","S/D","S/D","S/D","S/D"
2016,9838,9/21/2016,"Miercoles",0,,,"0.0",2,"Peatón,Automóvil"," ",2,0,0,0,0,1,1,"-34.013417, -62.247569","S/D",,"SANCTI SPÍRITU","General López","S/D","S/D","VIII","S/D","S/D","S/D","S/D","S/D","S/D","S/D","S/D","S/D","S/D","Peatón","Atropello","S/D","S/D","S/D","S/D"
2016,9839,10/2/2016,"Domingo",0,,,"0.0",1,"Bicicleta"," ",1,0,0,0,0,1,0,"-31.459304, -60.940358","S/D",,"ESPERANZA","Las Colonias","S/D","S/D","XI","S/D","Rural","S/D","S/D","S/D","S/D","S/D","S/D","S/D","S/D","S/D","S/D","S/D","S/D","S/D","S/D"
2016,9840,11/11/2016,"Viernes",0,,,"0.0",1,"Otros"," ",1,0,0,0,0,1,0,"-32.927317, -60.703932","S/D",,"ROSARIO","Rosario","S/D","S/D","II","S/D","S/D","S/D","S/D","S/D","S/D","S/D","S/D","S/D","S/D","S/D","S/D","S/D","S/D","S/D","S/D"
2016,9841,10/30/2016,"Domingo",0,,,"0.0",1,"Otros","Paraguay 1123",1,0,0,0,0,1,0,"-32.9495,-60.644722222222","Calle",,"ROSARIO","Rosario","S/D","S/D","II","Dentro","Urbana","S/D","S/D","S/D","S/D","S/D","S/D","S/D","S/D","S/D","S/D","S/D","S/D","S/D","S/D"
2016,9842,11/13/2016,"Domingo",0,,"Ruta Nacional 11","368.0",1,"Otros"," ",1,0,0,0,0,1,0,"-32.42528, -60.90755","Ruta",11,"MACIEL","San Jerónimo","Asfalto","S/D","XV","Dentro","Rural","S/D","S/D","Recta","S/D","S/D","S/D","S/D","S/D","S/D","S/D","S/D","S/D","Ninguna","S/D"
2016,9843,10/18/2016,"Martes",0,,,"0.0",2,"Peatón,Tren","Av Silvestre Begnis Y Callao",2,0,0,0,1,1,0,"-32.851005, -60.720551","Calle",,"GRANADERO BAIGORRIA","Rosario","S/D","S/D","II","Dentro","Urbana","S/D","S/D","Paso a Nivel FFCC","S/D","S/D","Diurna","S/D","S/D","Peatón","Atropello","S/D","S/D","S/D","S/D"
2016,9844,11/29/2016,"Martes",0,,"Ruta Provincial 90","0.0",1,"Automóvil"," ",1,0,0,0,0,1,0,"-33.495376, -60.952817","Ruta",90,"MÁXIMO PAZ","Constitución","S/D","S/D","VI","S/D","Urbana","S/D","S/D","S/D","S/D","S/D","S/D","S/D","S/D","S/D","Vuelco","S/D","S/D","S/D","S/D"
2016,9845,12/21/2016,"Miercoles",0,,,"0.0",2,"Peatón,Tren","A F Temporelli Y San Nicolas",2,0,0,0,1,1,0,"-33.034466, -60.639530","Calle",,"VILLA GOBERNADOR GÁLVEZ","Rosario","S/D","S/D","II","Dentro","Urbana","S/D","S/D","Paso a Nivel FFCC","S/D","S/D","S/D","S/D","S/D","Peatón","Atropello","S/D","S/D","S/D","S/D"
2016,9846,11/29/2016,"Martes",0,,,"0.0",1,"Otros"," ",1,0,0,0,0,1,0,"-32.908627, -60.735411","Calle",,"ROSARIO","Rosario","S/D","S/D","II","S/D","Urbana","S/D","S/D","S/D","S/D","S/D","S/D","S/D","S/D","S/D","S/D","S/D","S/D","S/D","S/D"
2016,9847,11/27/2016,"Domingo",0,15:00:00,,"0.0",1,"Moto/Ciclomotor","Av. Provincias Unidas ",1,0,0,0,0,1,0,"-32.95308, -60.71213","Avenida",,"ROSARIO","Rosario","Asfalto","No existe","II","Dentro","Urbana","S/D","S/D","Recta","S/D","S/D","Diurna","S/D","S/D","S/D","Colisión","S/D","S/D","S/D","S/D"
2016,9848,12/29/2016,"Jueves",0,,,"0.0",1,"Otros"," ",1,0,0,0,0,1,0,"-32.906258, -60.733201","S/D",,"ROSARIO","Rosario","S/D","S/D","II","S/D","S/D","S/D","S/D","S/D","S/D","S/D","S/D","S/D","S/D","S/D","S/D","S/D","S/D","S/D","S/D"
2016,9849,9/9/2016,"Viernes",0,10:00:00,,"0.0",2,"Tren,Peatón","VIA DEL FERROCARRIL ",2,0,0,1,1,0,0,,"Calle",,"CAPITÁN BERMÚDEZ","San Lorenzo","S/D","S/D","XVII","Dentro","Urbana","S/D","S/D","Paso a Nivel FFCC","S/D","Buena","Diurna","S/D","S/D","Peatón","Atropello","S/D","S/D","S/D","S/D"
2016,9850,9/13/2016,"Martes",0,1:50:00,"Ruta Nacional 9","332.0",1,"Camión"," ",1,1,0,0,0,0,0,,"Ruta",9,"SAN JERÓNIMO SUR","San Lorenzo","S/D","S/D","XVII","Dentro","Urbana","S/D","S/D","Recta","S/D","S/D","Nocturna","S/D","S/D","S/D","Vuelco","S/D","S/D","S/D","S/D"
2016,9851,9/13/2016,"Martes",0,21:30:00,,"0.0",1,"Vehículo Oficial","Silverio Cordoba Y Irigoyen",5,5,0,0,0,0,0,,"Calle",,"SAN LORENZO","San Lorenzo","S/D","S/D","XVII","Dentro","Urbana","S/D","S/D","Recta","S/D","S/D","Nocturna","S/D","Contra objeto fijo","S/D","Colisión","S/D","S/D","S/D","S/D"
2016,9852,9/21/2016,"Miercoles",0,23:35:00,,"0.0",2,"Moto/Ciclomotor,Otros","Belgrano Y Pje Buenos Aires",3,0,1,0,2,0,0,,"Calle",,"SANTA FE","La Capital","S/D","S/D","I","Dentro","Urbana","S/D","S/D","S/D","S/D","S/D","Nocturna","S/D","S/D","S/D","Colisión","S/D","S/D","S/D","S/D"
2016,9853,9/21/2016,"Miercoles",0,19:30:00,,"0.0",2,"Peatón,Transporte de Pasajeros Urbano (> 8 asientos)","J.J.Paso Y Alberdi",2,1,0,0,1,0,0,,"Calle",,"ROSARIO","Rosario","S/D","S/D","II","Dentro","Urbana","S/D","S/D","Intersección","S/D","S/D","Atardecer","S/D","S/D","S/D","Colisión","S/D","S/D","S/D","S/D"
2016,9854,9/1/2016,"Jueves",1,,,"0.0",2,"Automóvil,Moto/Ciclomotor","Boulevard General B Mitre Y P P Sellares",3,2,0,0,1,0,0,,"Calle",,"HELVECIA","Garay","S/D","S/D","VII","Dentro","Urbana","S/D","S/D","Intersección","S/D","S/D","S/D","S/D","S/D","S/D","Colisión","S/D","S/D","S/D","S/D"
2016,9855,9/1/2016,"Jueves",1,,,"0.0",2,"Peatón,Moto/Ciclomotor"," ",2,1,0,0,1,0,0,,"Calle",,"NUEVO TORINO","Las Colonias","S/D","S/D","XI","Dentro","Urbana","S/D","S/D","S/D","S/D","S/D","S/D","S/D","S/D","Peatón","Atropello","S/D","S/D","S/D","S/D"
2016,9856,9/1/2016,"Jueves",1,,,"0.0",1,"Moto/Ciclomotor"," ",1,1,0,0,0,0,0,,"Calle",,"ESPERANZA","Las Colonias","S/D","S/D","XI","Dentro","Urbana","S/D","S/D","S/D","S/D","S/D","S/D","S/D","Atropello animal","S/D","Colisión","S/D","S/D","S/D","S/D"
2016,9857,9/1/2016,"Jueves",1,,,"0.0",2,"Automóvil,Moto/Ciclomotor"," ",5,2,0,0,3,0,0,,"Calle",,"SAN CARLOS CENTRO","Las Colonias","S/D","S/D","XI","Dentro","Urbana","S/D","S/D","S/D","S/D","S/D","S/D","S/D","S/D","S/D","Colisión","S/D","S/D","S/D","S/D"
2016,9858,9/1/2016,"Jueves",1,7:45:00,,"0.0",1,"Moto/Ciclomotor","Bvard España Y Belgrano",1,0,1,0,0,0,0,,"Calle",,"CERES","San Cristóbal","S/D","S/D","XIII","Dentro","Urbana","S/D","S/D","S/D","S/D","S/D","Diurna","S/D","S/D","S/D","Caída ocupante","S/D","S/D","S/D","S/D"
2016,9859,9/1/2016,"Jueves",1,6:30:00,"Ruta Provincial 40","0.0",1,"Moto/Ciclomotor"," ",1,1,0,0,0,0,0,,"Ruta",40,"FORTÍN OLMOS","Vera","S/D","S/D","XIX","Dentro","Urbana","S/D","S/D","S/D","S/D","S/D","Diurna","S/D","S/D","S/D","Caída ocupante","S/D","S/D","S/D","S/D"
2016,9860,9/1/2016,"Jueves",1,,,"0.0",1,"Bicicleta","Tucuman Y Estanislao Lopez",2,2,0,0,0,0,0,,"Calle",,"CALCHAQUÍ","Vera","S/D","S/D","XIX","Dentro","Urbana","S/D","S/D","S/D","S/D","S/D","S/D","S/D","S/D","S/D","Caída ocupante","S/D","S/D","S/D","S/D"
2016,9861,9/1/2016,"Jueves",0,16:20:00,,"0.0",2,"Moto/Ciclomotor,Automóvil","Calle 20 9 de Julio Y Calle 29-Alte Brown",2,1,0,0,1,0,0,,"Calle",,"RECONQUISTA","General Obligado","S/D","S/D","IX","Dentro","Urbana","S/D","S/D","Intersección","S/D","S/D","Diurna","S/D","S/D","S/D","Colisión","S/D","S/D","S/D","S/D"
2016,9862,9/17/2016,"Sabado",0,18:25:00,"Ruta Provincial Brigadier E.López","118.0",2,"Automóvil,Automóvil"," ",5,1,0,0,4,0,0,,"Ruta","Brigadier E.López","DESVÍO ARIJÓN","San Jerónimo","S/D","S/D","XV","Dentro","S/D","S/D","S/D","Recta","S/D","S/D","Diurna","S/D","S/D","S/D","Colisión","S/D","S/D","S/D","S/D"
2016,9863,10/1/2016,"Sabado",0,,,"0.0",1,"Moto/Ciclomotor","Av. Circunvalacion ",1,1,0,0,0,0,0,,"Avenida",,"ROSARIO","Rosario","S/D","S/D","II","S/D","S/D","S/D","S/D","S/D","S/D","S/D","Diurna","S/D","S/D","S/D","Vuelco","S/D","S/D","S/D","S/D"
2016,9864,9/2/2016,"Viernes",0,9:50:00,,"0.0",2,"Camión,Moto/Ciclomotor","Paraguay Y Saavedra",2,1,0,0,1,0,0,,"Calle",,"CAÑADA DE GÓMEZ","Iriondo","S/D","S/D","X","Dentro","Urbana","S/D","S/D","Intersección","S/D","S/D","Diurna","S/D","S/D","S/D","Colisión","S/D","S/D","S/D","S/D"
2016,9865,10/4/2016,"Martes",0,,"Ruta Nacional A012","0.0",2,"Camión c / Acoplado,Camión c / Acoplado"," ",2,1,0,0,1,0,0,,"Ruta","A012","ROSARIO","Rosario","S/D","S/D","II","S/D","S/D","S/D","S/D","S/D","S/D","S/D","S/D","S/D","S/D","S/D","Colisión","S/D","S/D","S/D","S/D"
2016,9866,9/5/2016,"Lunes",0,15:30:00,,"0.0",2,"Automóvil,Moto/Ciclomotor","San Jeronimo Y Iturraspe",3,2,0,0,1,0,0,,"Calle",,"SANTA FE","La Capital","S/D","S/D","I","Dentro","Urbana","S/D","S/D","S/D","S/D","S/D","Diurna","S/D","S/D","S/D","Colisión","S/D","S/D","S/D","S/D"
2016,9867,9/5/2016,"Lunes",0,20:30:00,,"0.0",1,"Moto/Ciclomotor","Av Brig Lopez ",1,1,0,0,0,0,0,,"Calle",,"TIMBÚES","San Lorenzo","S/D","S/D","XVII","Dentro","Urbana","S/D","S/D","S/D","S/D","S/D","Nocturna","S/D","S/D","S/D","Caída ocupante","S/D","S/D","S/D","S/D"
2016,9868,9/3/2016,"Sabado",0,11:00:00,,"0.0",2,"Pickup/Utilitario,Moto/Ciclomotor","San Martin Y Tortugas",2,0,1,0,1,0,0,,"Calle",,"CAÑADA DE GÓMEZ","Iriondo","S/D","S/D","X","Dentro","Urbana","S/D","S/D","S/D","S/D","S/D","Diurna","S/D","S/D","S/D","Colisión","S/D","S/D","S/D","S/D"
2016,9869,10/4/2016,"Martes",0,1:00:00,"Autopista Nacional A012","47.5",2,"Pickup/Utilitario,Camión c / Acoplado"," ",9,8,0,0,1,0,0,,"Autopista","A012","ROSARIO","Rosario","S/D","S/D","II","S/D","S/D","S/D","S/D","S/D","S/D","S/D","Diurna","S/D","S/D","S/D","Colisión","S/D","S/D","S/D","Accidente Previo"
2016,9870,9/5/2016,"Lunes",0,14:20:00,,"0.0",2,"Automóvil,Moto/Ciclomotor","Ocampo Y Moreno",2,1,0,0,1,0,0,,"Calle",,"CAÑADA DE GÓMEZ","Iriondo","S/D","S/D","X","Dentro","Urbana","S/D","S/D","S/D","S/D","S/D","Diurna","S/D","S/D","S/D","Colisión","S/D","S/D","S/D","S/D"
2016,9871,9/4/2016,"Domingo",0,6:00:00,,"0.0",1,"Automóvil","Av. Pellegrini Y Rodriguez",2,2,0,0,0,0,0,,"Calle",,"ROSARIO","Rosario","S/D","S/D","II","Dentro","Urbana","S/D","S/D","S/D","S/D","S/D","Amanecer","S/D","Contra objeto fijo","S/D","Colisión","S/D","S/D","S/D","S/D"
2016,9872,9/7/2016,"Miercoles",0,10:30:00,"Ruta Nacional 11","0.0",2,"Pickup/Utilitario,Moto/Ciclomotor","Calle 13-Iturraspe ",2,1,0,0,1,0,0,,"Ruta",11,"RECONQUISTA","General Obligado","S/D","S/D","IX","Dentro","Urbana","S/D","S/D","S/D","S/D","S/D","Diurna","S/D","S/D","S/D","Colisión","S/D","S/D","S/D","S/D"
2016,9873,9/7/2016,"Miercoles",0,10:45:00,"Ruta Provincial 91","0.0",2,"Camión,Automóvil"," ",3,2,0,0,1,0,0,,"Ruta",91,"CAÑADA DE GÓMEZ","Iriondo","S/D","S/D","X","Dentro","Urbana","S/D","S/D","S/D","S/D","S/D","Diurna","S/D","S/D","S/D","Colisión","S/D","S/D","S/D","S/D"
2016,9874,9/7/2016,"Miercoles",0,11:30:00,,"0.0",2,"Moto/Ciclomotor,Automóvil","Fco Angeloni Y E Lopez",2,1,0,0,1,0,0,,"Calle",,"SAN JUSTO","San Justo","S/D","S/D","XVI","Dentro","Urbana","S/D","S/D","S/D","S/D","S/D","Diurna","S/D","S/D","S/D","Colisión","S/D","S/D","S/D","S/D"
2016,9875,9/7/2016,"Miercoles",0,12:20:00,,"0.0",2,"Pickup/Utilitario,Moto/Ciclomotor","1ro de Mayo Y Fco Angeloni",2,1,0,0,1,0,0,,"Calle",,"SAN JUSTO","San Justo","S/D","S/D","XVI","Dentro","Urbana","S/D","S/D","S/D","S/D","S/D","Diurna","S/D","S/D","S/D","Colisión","S/D","S/D","S/D","S/D"
2016,9876,9/7/2016,"Miercoles",0,,,"0.0",2,"Peatón,Moto/Ciclomotor","Gdor Freyre Y Suipacha",3,2,0,0,1,0,0,,"Calle",,"SANTA FE","La Capital","S/D","S/D","I","Dentro","Urbana","S/D","S/D","S/D","S/D","S/D","Diurna","S/D","S/D","Peatón","Atropello","S/D","S/D","S/D","S/D"
2016,9877,9/8/2016,"Jueves",0,9:30:00,,"0.0",2,"Automóvil,Automóvil","Lisandro de la Torre Y Cristobal Colon",2,0,0,0,0,0,2,,"Calle",,"VENADO TUERTO","General López","S/D","S/D","VIII","Dentro","Urbana","S/D","S/D","S/D","S/D","S/D","Diurna","S/D","S/D","S/D","Colisión","S/D","S/D","S/D","S/D"