"anio_acci","nro_acci","fecha","desc_dia","fecha_aprox","hora_aprox","desc_ruta","km","cant_participantes","desc_participante","calle_avenida_km","total","heridos_leves","heridos_graves","heridos_gravisimos","ilesos","fallecidos","sin_datos","posicion_XY","desc_tipo_via","desc_ruta_ori","desc_loc","desc_dpto","desc_tipo_calzada","desc_tipo_banquina","desc_unidad_regional","desc_lugar_calzada","desc_zona","desc_prioridad","desc_estado_semaforo","desc_lugar_via","desc_estado_via","desc_estado_visibilidad","desc_luminosidad","desc_estado_clima","desc_tipo_colision","desc_tipo_atropello","desc_tipo_hecho","desc_pres_calzada","desc_senializacion","desc_separacion_via","desc_restriccion"
2016,9878,9/7/2016,"Miercoles",0,14:00:00,"Ruta Nacional 9","368.0",1,"Camión"," ",1,1,0,0,0,0,0,,"Ruta",9,"CAÑADA DE GÓMEZ","Iriondo","S/D","S/D","X","Dentro","Urbana","S/D","S/D","S/D","S/D","S/D","Diurna","S/D","Contra objeto fijo","S/D","Colisión","S/D","S/D","S/D","S/D"
2016,9879,9/9/2016,"Viernes",0,10:20:00,"Ruta Nacional 11","0.0",2,"Pickup/Utilitario,Camión c / Acoplado"," ",2,0,1,0,1,0,0,,"Ruta",11,"RECONQUISTA","General Obligado","S/D","S/D","IX","Dentro","Urbana","Semáforo","Funciona","Intersección","S/D","Buena","Diurna","S/D","S/D","S/D","Colisión","S/D","Vertical","S/D","S/D"
2016,9880,9/10/2016,"Sabado",0,18:30:00,,"0.0",2,"Automóvil,Moto/Ciclomotor","Belgrano Y A. Capdevila",2,1,0,0,1,0,0,,"Calle",,"CAÑADA DE GÓMEZ","Iriondo","S/D","S/D","X","Dentro","Urbana","S/D","S/D","S/D","S/D","S/D","Diurna","S/D","S/D","S/D","Colisión","S/D","S/D","S/D","S/D"
2016,9881,9/9/2016,"Viernes",0,21:45:00,,"0.0",2,"Moto/Ciclomotor,Pickup/Utilitario","Moreno Y Bv. Balcarce",2,0,1,0,1,0,0,,"Calle",,"CAÑADA DE GÓMEZ","Iriondo","S/D","S/D","X","Dentro","Urbana","S/D","S/D","S/D","S/D","S/D","Nocturna","S/D","S/D","S/D","Colisión","S/D","S/D","S/D","S/D"
2016,9882,9/10/2016,"Sabado",0,13:05:00,,"0.0",1,"Moto/Ciclomotor","Lisandro de la Torre 3500",1,1,0,0,0,0,0,,"Calle",,"VENADO TUERTO","General López","S/D","S/D","VIII","Dentro","Urbana","S/D","S/D","S/D","S/D","S/D","Diurna","S/D","Atropello animal","S/D","Colisión","S/D","S/D","S/D","S/D"
2016,9883,9/10/2016,"Sabado",0,,,"0.0",1,"Automóvil","Calle 43-45 Austria Y Calle 24-Alessio",2,1,0,0,1,0,0,,"Calle",,"RECONQUISTA","General Obligado","S/D","S/D","IX","Dentro","Urbana","S/D","S/D","S/D","S/D","S/D","Diurna","S/D","S/D","S/D","Vuelco","S/D","S/D","S/D","S/D"
2016,9884,9/11/2016,"Domingo",0,11:45:00,,"0.0",2,"Automóvil,Bicicleta","Almte. Brown Y Nicasio Oroño",2,1,0,0,1,0,0,,"Calle",,"CAÑADA DE GÓMEZ","Iriondo","S/D","S/D","X","Dentro","Urbana","S/D","S/D","S/D","S/D","S/D","Diurna","S/D","S/D","Ciclista","Atropello","S/D","S/D","S/D","S/D"
2016,9885,9/13/2016,"Martes",0,,"Ruta Nacional 168","0.0",1,"Automóvil"," ",1,1,0,0,0,0,0,,"Ruta",168,"SANTA FE","La Capital","S/D","S/D","I","Dentro","Urbana","S/D","S/D","S/D","S/D","S/D","S/D","S/D","S/D","S/D","Vuelco","S/D","S/D","S/D","S/D"
2016,9886,11/14/2016,"Lunes",0,14:50:00,"Autopista Nacional Gral. Juan Jose Valle","0.0",2,"Automóvil,Pickup/Utilitario"," ",5,4,0,0,1,0,0,,"Autopista","Gral. Juan Jose Valle","ROSARIO","Rosario","Asfalto","S/D","II","Dentro","Rural","Ninguna","S/D","Recta","Bueno","Buena","Diurna","Buen Tiempo","De alcance","S/D","Colisión","Ninguna","S/D","Ninguna","S/D"
2016,9887,9/14/2016,"Miercoles",0,13:00:00,,"0.0",1,"Transporte Escolar","Calle 63-Gral Urquiza 600",2,1,0,0,1,0,0,,"Calle",,"RECONQUISTA","General Obligado","S/D","S/D","IX","Dentro","Urbana","S/D","S/D","S/D","S/D","S/D","Diurna","S/D","S/D","S/D","Despiste","S/D","S/D","S/D","S/D"
2016,9888,11/17/2016,"Jueves",0,20:00:00,,"0.0",1,"Moto/Ciclomotor","Monseñor Rodriguez Y Tobas",1,1,0,0,0,0,0,,"Calle",,"SANTA FE","La Capital","S/D","S/D","I","Dentro","Urbana","Ninguna","S/D","Intersección","Otro","Buena","Nocturna","Buen Tiempo","S/D","S/D","Caída ocupante","Ninguna","S/D","Ninguna","S/D"
2016,9889,9/13/2016,"Martes",0,17:00:00,"Ruta Nacional 11","0.0",2,"Automóvil,Moto/Ciclomotor","Calle 27-Gdor Freyre ",2,1,0,0,1,0,0,,"Ruta",11,"RECONQUISTA","General Obligado","S/D","S/D","IX","Dentro","Urbana","S/D","S/D","S/D","S/D","S/D","Diurna","S/D","S/D","S/D","Colisión","S/D","S/D","S/D","S/D"
2016,9890,9/13/2016,"Martes",0,14:20:00,,"0.0",2,"Moto/Ciclomotor,Pickup/Utilitario","Independencia Y Rivadavia",2,1,0,0,1,0,0,,"Calle",,"CAÑADA DE GÓMEZ","Iriondo","S/D","S/D","X","Dentro","Urbana","S/D","S/D","S/D","S/D","S/D","Diurna","S/D","S/D","S/D","Colisión","S/D","S/D","S/D","S/D"
2016,9891,11/26/2016,"Sabado",0,12:40:00,"Autopista Provincial 1","56.0",3,"Automóvil,Automóvil,Automóvil"," ",6,3,0,0,3,0,0,,"Autopista",1,"SANTA FE","La Capital","Asfalto","S/D","I","Dentro","Rural","Ninguna","No existe","Recta","Resbaladiza","Reducida","Diurna","Lluvia","De alcance","S/D","Colisión","Agua","S/D","Ninguna","Sin restricción"
2016,9892,9/15/2016,"Jueves",0,10:45:00,,"0.0",2,"Moto/Ciclomotor,Automóvil","Independencia Y Boulevard Centenario",2,1,0,0,1,0,0,,"Calle",,"CAÑADA DE GÓMEZ","Iriondo","S/D","S/D","X","Dentro","Urbana","S/D","S/D","S/D","S/D","S/D","Diurna","S/D","S/D","S/D","Colisión","S/D","S/D","S/D","S/D"
2016,9893,11/26/2016,"Sabado",0,14:40:00,"Ruta Provincial 18","5.0",2,"Automóvil,Pickup/Utilitario"," ",2,1,0,0,1,0,0,,"Ruta",18,"ROSARIO","Rosario","Asfalto","S/D","II","Dentro","Rural","Ninguna","S/D","Recta","Bueno","Buena","Diurna","Buen Tiempo","S/D","S/D","Colisión","Ninguna","S/D","Ninguna","S/D"
2016,9894,9/17/2016,"Sabado",0,7:30:00,"Ruta Nacional 11","347.0",2,"Pickup/Utilitario,Automóvil"," ",2,1,0,0,1,0,0,,"Ruta",11,"TIMBÚES","San Lorenzo","S/D","S/D","XVII","Dentro","Urbana","S/D","S/D","S/D","S/D","S/D","Diurna","S/D","De alcance","S/D","Colisión","S/D","S/D","S/D","S/D"
2016,9895,10/15/2016,"Sabado",0,,"Ruta Nacional 33","680.0",1,"Automóvil"," ",4,4,0,0,0,0,0,,"Ruta",33,"FIRMAT","General López","S/D","S/D","VII","S/D","S/D","S/D","S/D","S/D","S/D","S/D","S/D","S/D","S/D","S/D","Vuelco","S/D","S/D","S/D","S/D"
2016,9896,9/26/2016,"Lunes",0,12:40:00,"Ruta Provincial 40","0.0",2,"Moto/Ciclomotor,Automóvil","Calle 88 ",3,2,0,0,1,0,0,,"Ruta",40,"RECONQUISTA","General Obligado","Asfalto","S/D","IX","Dentro","Urbana","Ninguna","S/D","Intersección","Bueno","Buena","Diurna","Buen Tiempo","Lateral","S/D","Colisión","Ninguna","S/D","Ninguna","S/D"
2016,9897,9/26/2016,"Lunes",0,11:58:00,,"0.0",1,"Moto/Ciclomotor","Mariano Moreno Y 25 de Mayo",1,1,0,0,0,0,0,,"Calle",,"VENADO TUERTO","General López","Asfalto","S/D","VIII","Dentro","Urbana","Ninguna","S/D","Intersección","Bueno","Buena","Diurna","Buen Tiempo","S/D","S/D","Caída ocupante","Ninguna","S/D","Ninguna","S/D"
2016,9898,9/27/2016,"Martes",0,10:10:00,,"0.0",2,"Automóvil,Moto/Ciclomotor","Calle 10 Y Calle 25",2,1,0,0,1,0,0,,"Calle",,"LAS TOSCAS","General Obligado","S/D","S/D","IX","Dentro","Urbana","Ninguna","S/D","Intersección","S/D","Buena","Diurna","Buen Tiempo","Lateral","S/D","Colisión","S/D","S/D","Ninguna","S/D"
2016,9899,9/26/2016,"Lunes",0,12:00:00,,"0.0",2,"Moto/Ciclomotor,Automóvil","España Y Ocampo",2,1,0,0,1,0,0,,"Calle",,"CAÑADA DE GÓMEZ","Iriondo","Asfalto","S/D","X","Dentro","Urbana","Ninguna","S/D","Intersección","Bueno","Buena","Diurna","Buen Tiempo","Lateral","S/D","Colisión","Ninguna","S/D","Ninguna","S/D"
2016,9900,9/28/2016,"Miercoles",0,11:45:00,,"0.0",2,"Moto/Ciclomotor,Pickup/Utilitario","Lisandro de la Torre Y Maipu",4,3,0,0,1,0,0,,"Calle",,"VENADO TUERTO","General López","Asfalto","S/D","VIII","Dentro","Urbana","Ninguna","S/D","Intersección","Bueno","Buena","Diurna","Buen Tiempo","Lateral","S/D","Colisión","Ninguna","S/D","Ninguna","S/D"
2016,9901,9/28/2016,"Miercoles",0,4:20:00,"Ruta Nacional 34","0.0",1,"Camión"," ",1,1,0,0,0,0,0,,"Ruta",34,"RAFAELA","Castellanos","S/D","S/D","V","Dentro","Rural","Otra Señal","S/D","Recta","S/D","Buena","Nocturna","Buen Tiempo","S/D","S/D","Vuelco","S/D","S/D","Ninguna","Obra en Construcción"
2016,9902,9/29/2016,"Jueves",0,12:35:00,,"0.0",2,"Automóvil,Automóvil","Lisandro de la Torre Y Guillermo Brown",4,1,0,0,3,0,0,,"Calle",,"VENADO TUERTO","General López","Asfalto","S/D","VIII","Dentro","Urbana","Ninguna","S/D","Intersección","Bueno","S/D","Diurna","Buen Tiempo","Lateral","S/D","Colisión","Ninguna","S/D","Ninguna","S/D"
2016,9903,9/24/2016,"Sabado",0,13:00:00,,"0.0",2,"Moto/Ciclomotor,Automóvil","San Martin Y Bv Centenario B",3,0,2,0,1,0,0,,"Avenida",,"CAÑADA DE GÓMEZ","Iriondo","Asfalto","S/D","X","Dentro","Urbana","Ninguna","S/D","Intersección","Bueno","Buena","Diurna","Buen Tiempo","Lateral","S/D","Colisión","Ninguna","S/D","Ninguna","S/D"
2016,9904,9/19/2016,"Lunes",0,13:30:00,,"0.0",1,"Moto/Ciclomotor","España Y Lopez",1,1,0,0,0,0,0,,"Calle",,"VENADO TUERTO","General López","S/D","No existe","VIII","Dentro","Urbana","Ninguna","No existe","Intersección","Otro","Buena","Diurna","Buen Tiempo","S/D","S/D","Caída ocupante","Ninguna","S/D","Ninguna","S/D"
2016,9905,9/19/2016,"Lunes",0,14:55:00,,"0.0",1,"Moto/Ciclomotor","Domingo Faustino Sarmiento Y Juan B Justo",1,1,0,0,0,0,0,,"Calle",,"VENADO TUERTO","General López","S/D","S/D","VIII","Dentro","Urbana","Ninguna","S/D","Intersección","S/D","Buena","Diurna","Buen Tiempo","S/D","S/D","Caída ocupante","S/D","S/D","Ninguna","S/D"
2016,9906,9/19/2016,"Lunes",0,4:20:00,"Ruta Secundaria 280-s","0.0",1,"Automóvil","Camino Comunal ",2,2,0,0,0,0,0,,"Ruta","280-s","SUNCHALES","Castellanos","Ripio","S/D","V","Dentro","Rural","Ninguna","S/D","Intersección","Deteriorada","S/D","Nocturna","Buen Tiempo","S/D","S/D","Vuelco","Ninguna","S/D","Ninguna","S/D"
2016,9907,9/20/2016,"Martes",0,,"Ruta Nacional 11","427.0",1,"Pickup/Utilitario"," ",1,1,0,0,0,0,0,,"Ruta",11,"CORONDA","San Jerónimo","Asfalto","S/D","I","Dentro","Rural","Ninguna","S/D","Recta","Bueno","Buena","Diurna","Buen Tiempo","S/D","S/D","Vuelco","Ninguna","S/D","Ninguna","S/D"
2016,9908,9/18/2016,"Domingo",0,4:10:00,"Ruta Provincial 13","0.0",1,"Automóvil"," ",2,1,0,0,1,0,0,,"Ruta",13,"SAN JORGE","San Martín","S/D","S/D","XVIII","Dentro","Rural","Ninguna","No existe","Recta","S/D","Buena","Nocturna","Buen Tiempo","S/D","S/D","Vuelco","S/D","S/D","Ninguna","S/D"
2016,9909,9/21/2016,"Miercoles",0,,,"0.0",2,"Automóvil,Moto/Ciclomotor","España Y Garibaldi",2,1,0,0,1,0,0,,"Calle",,"CAÑADA DE GÓMEZ","Iriondo","Asfalto","S/D","X","Dentro","Urbana","Ninguna","S/D","Intersección","Bueno","S/D","S/D","Buen Tiempo","Lateral","S/D","Colisión","Ninguna","S/D","Ninguna","S/D"
2016,9910,9/21/2016,"Miercoles",0,13:00:00,,"0.0",1,"Moto/Ciclomotor","Bv Centenario B 900",2,2,0,0,0,0,0,,"Avenida",,"CAÑADA DE GÓMEZ","Iriondo","S/D","S/D","X","Dentro","Urbana","Ninguna","S/D","Recta","S/D","Buena","Diurna","Buen Tiempo","Contra objeto fijo","S/D","Colisión","S/D","S/D","Ninguna","S/D"
2016,9911,9/22/2016,"Jueves",0,18:00:00,,"0.0",2,"Automóvil,Moto/Ciclomotor","Calle 32 - Amenabar Y Calle 29-Alte Brown",4,2,0,0,2,0,0,,"Calle",,"RECONQUISTA","General Obligado","Asfalto","No existe","IX","Dentro","Urbana","Ninguna","No existe","Intersección","Bueno","Buena","Diurna","Buen Tiempo","Lateral","S/D","Colisión","Ninguna","S/D","Ninguna","S/D"
2016,9912,9/21/2016,"Miercoles",0,17:00:00,,"0.0",2,"Moto/Ciclomotor,Peatón","Av. Belgrano Y Buenos Aires",2,1,0,0,1,0,0,,"Avenida",,"ROSARIO","Rosario","Asfalto","S/D","II","Dentro","Urbana","Ninguna","Funciona","Intersección","Bueno","Buena","Diurna","Buen Tiempo","S/D","Peatón","Atropello","Ninguna","Vertical","Ninguna","S/D"
2016,9913,9/22/2016,"Jueves",0,12:10:00,,"0.0",2,"Automóvil,Bicicleta","Necochea Y Alberdi",2,1,0,0,1,0,0,,"Calle",,"CAÑADA DE GÓMEZ","Iriondo","S/D","S/D","X","Dentro","Urbana","Ninguna","S/D","Intersección","S/D","Buena","Diurna","Buen Tiempo","S/D","Ciclista","Atropello","S/D","S/D","Ninguna","S/D"
2016,9914,9/23/2016,"Viernes",0,3:30:00,,"0.0",1,"Moto/Ciclomotor","Beruti 2900",1,0,1,0,0,0,0,,"Calle",,"ROSARIO","Rosario","Asfalto","S/D","II","Dentro","Urbana","Ninguna","S/D","Recta","Deteriorada","Reducida","Nocturna","Buen Tiempo","S/D","S/D","Caída ocupante","Ninguna","S/D","Ninguna","Reparación de Vía"
2016,9915,10/30/2016,"Domingo",0,,"Ruta Provincial Brigadier E.López","4.0",2,"Automóvil,Camión c / Semirremolque"," ",2,1,0,0,1,0,0,,"Ruta","Brigadier E.López","ROSARIO","Rosario","S/D","S/D","II","S/D","S/D","S/D","S/D","S/D","S/D","S/D","S/D","S/D","S/D","S/D","S/D","S/D","S/D","S/D","S/D"
2016,9916,10/30/2016,"Domingo",0,,"Autopista Provincial Brigadier E.López","4.0",1,"Automóvil"," ",3,3,0,0,0,0,0,,"Autopista","Brigadier E.López","ALDAO","San Lorenzo","S/D","S/D","XVII","S/D","S/D","S/D","S/D","S/D","S/D","S/D","S/D","S/D","S/D","S/D","Vuelco","S/D","S/D","S/D","S/D"
2016,9917,10/3/2016,"Lunes",0,,,"0.0",1,"Bicicleta","Belgrano 3800",1,1,0,0,0,0,0,,"Calle",,"SANTA FE","La Capital","S/D","S/D","I","Dentro","Urbana","S/D","S/D","S/D","Con baches","S/D","S/D","S/D","S/D","S/D","Caída ocupante","S/D","S/D","S/D","S/D"
2016,9918,10/3/2016,"Lunes",0,17:30:00,,"0.0",2,"Moto/Ciclomotor,Moto/Ciclomotor","Bv. Balcarce Y España",4,3,0,0,1,0,0,,"Calle",,"CAÑADA DE GÓMEZ","Iriondo","S/D","S/D","X","Dentro","Urbana","S/D","S/D","S/D","S/D","S/D","Diurna","S/D","S/D","S/D","Colisión","S/D","S/D","S/D","S/D"
2016,9919,10/4/2016,"Martes",0,,,"0.0",2,"Moto/Ciclomotor,Automóvil","Domingo F. Sarmiento Y Buenos Aires",2,1,0,0,1,0,0,,"Calle",,"FIRMAT","General López","S/D","S/D","VIII","Dentro","Urbana","S/D","S/D","S/D","S/D","S/D","Diurna","S/D","S/D","S/D","Colisión","S/D","S/D","S/D","S/D"
2016,9920,10/4/2016,"Martes",0,21:30:00,,"0.0",2,"Automóvil,Moto/Ciclomotor","Hilarion de la Quintana Y San Martin",4,1,0,0,3,0,0,,"Calle",,"ROSARIO","Rosario","S/D","S/D","II","Dentro","Urbana","S/D","S/D","S/D","S/D","S/D","Nocturna","S/D","S/D","S/D","Colisión","S/D","S/D","S/D","S/D"
2016,9921,10/4/2016,"Martes",0,20:30:00,"Ruta Nacional 11","0.0",2,"Pickup/Utilitario,Moto/Ciclomotor","Av Dr Caminos ",2,1,0,0,1,0,0,,"Ruta",11,"MONJE","San Jerónimo","S/D","S/D","XV","Dentro","Urbana","S/D","S/D","Intersección","S/D","S/D","Nocturna","S/D","S/D","S/D","Colisión","S/D","S/D","S/D","S/D"
2016,9922,10/7/2016,"Viernes",0,17:00:00,"Ruta Provincial Brigadier E.López","16.0",1,"Pickup/Utilitario"," ",2,2,0,0,0,0,0,,"Ruta","Brigadier E.López","SAN LORENZO","San Lorenzo","S/D","S/D","XVII","Dentro","Urbana","S/D","S/D","Recta","S/D","Reducida","Diurna","S/D","S/D","S/D","Vuelco","S/D","S/D","S/D","S/D"
2016,9923,10/7/2016,"Viernes",0,6:50:00,"Ruta Nacional 11","484.0",2,"Moto/Ciclomotor,Moto/Ciclomotor"," ",2,2,0,0,0,0,0,,"Ruta",11,"SANTA FE","La Capital","S/D","S/D","I","Dentro","Urbana","S/D","S/D","S/D","S/D","S/D","Diurna","S/D","S/D","S/D","Caída ocupante","S/D","S/D","S/D","S/D"
2016,9924,10/8/2016,"Sabado",0,22:55:00,"Ruta Nacional 11","0.0",1,"Moto/Ciclomotor","13 de diciembre ",1,1,0,0,0,0,0,,"Ruta",11,"SANTO TOMÉ","La Capital","S/D","S/D","I","Dentro","Urbana","S/D","S/D","S/D","S/D","S/D","Nocturna","S/D","Contra objeto fijo","S/D","Colisión","S/D","S/D","S/D","S/D"
2016,9925,10/8/2016,"Sabado",0,22:30:00,"Ruta Nacional 8","0.0",1,"Automóvil"," ",2,2,0,0,0,0,0,,"Ruta",8,"VENADO TUERTO","General López","S/D","S/D","VIII","Dentro","Urbana","S/D","S/D","S/D","S/D","S/D","Nocturna","S/D","S/D","S/D","Vuelco","S/D","S/D","S/D","S/D"
2016,9926,10/9/2016,"Domingo",0,17:45:00,,"0.0",2,"Automóvil,Moto/Ciclomotor","Constitucion Y Dr.Rivas",2,1,0,0,1,0,0,,"Calle",,"ROSARIO","Rosario","S/D","S/D","II","Dentro","Urbana","S/D","S/D","Intersección","S/D","S/D","Diurna","S/D","S/D","S/D","Colisión","S/D","S/D","S/D","S/D"
2016,9927,10/9/2016,"Domingo",0,7:30:00,,"0.0",2,"Vehículo Oficial,Automóvil"," ",2,1,0,0,1,0,0,,"S/D",,"SANTA FE","La Capital","S/D","S/D","I","S/D","S/D","S/D","S/D","S/D","S/D","S/D","Diurna","S/D","S/D","S/D","Colisión","S/D","S/D","S/D","S/D"
2016,9928,10/9/2016,"Domingo",0,,,"0.0",2,"Automóvil,Moto/Ciclomotor","Bv. Segui Y Crespo",2,1,0,0,1,0,0,,"Calle",,"ROSARIO","Rosario","S/D","S/D","II","Dentro","Urbana","S/D","S/D","S/D","S/D","S/D","S/D","S/D","S/D","S/D","Colisión","S/D","S/D","S/D","S/D"
2016,9929,10/25/2016,"Martes",0,,,"0.0",2,"Bicicleta,Automóvil","Lisandro de la Torre Y Guillermo Brown",2,1,0,0,1,0,0,,"Calle",,"VENADO TUERTO","General López","S/D","S/D","VIII","Dentro","Urbana","S/D","S/D","Intersección","S/D","S/D","S/D","S/D","S/D","Ciclista","Atropello","S/D","S/D","S/D","S/D"
2016,9930,10/9/2016,"Domingo",0,0:25:00,,"0.0",2,"Automóvil,Automóvil","Av. Centenario Bis Y J.B.Cordiviola",2,1,0,0,1,0,0,,"Avenida",,"ROSARIO","Rosario","Asfalto","S/D","II","Dentro","Urbana","Ninguna","S/D","Intersección","Bueno","Buena","Nocturna","Buen Tiempo","Lateral","S/D","Colisión","Ninguna","S/D","Ninguna","S/D"
2016,9931,10/17/2016,"Lunes",0,10:05:00,,"0.0",2,"Peatón,Automóvil"," ",2,1,0,0,1,0,0,,"Calle",,"SAN GENARO","San Jerónimo","S/D","S/D","XV","Dentro","Urbana","S/D","S/D","S/D","S/D","S/D","Diurna","S/D","S/D","Peatón","Atropello","S/D","S/D","S/D","S/D"
2016,9932,10/26/2016,"Miercoles",0,7:25:00,"Ruta Nacional 8","0.0",2,"Moto/Ciclomotor,Moto/Ciclomotor","Chacabuco ",2,1,0,0,1,0,0,,"Ruta",8,"VENADO TUERTO","General López","S/D","S/D","VIII","Dentro","Urbana","S/D","S/D","S/D","S/D","S/D","Diurna","S/D","S/D","S/D","Colisión","S/D","S/D","S/D","S/D"
2016,9933,10/9/2016,"Domingo",0,14:25:00,,"0.0",2,"Moto/Ciclomotor,Pickup/Utilitario","España Y Av. Uriburu",2,0,1,0,1,0,0,,"Avenida",,"ROSARIO","Rosario","Asfalto","S/D","II","Dentro","Urbana","Ninguna","S/D","Intersección","Bueno","Buena","Diurna","Buen Tiempo","S/D","S/D","Atropello","Ninguna","S/D","Ninguna","S/D"
2016,9934,10/27/2016,"Jueves",0,17:45:00,,"0.0",2,"Moto/Ciclomotor,Automóvil","Primera Junta Y Balcarce",2,1,0,0,1,0,0,,"Calle",,"GÁLVEZ","San Jerónimo","S/D","S/D","XV","Dentro","Urbana","S/D","S/D","Intersección","S/D","S/D","Diurna","S/D","S/D","S/D","Colisión","S/D","S/D","S/D","S/D"
2016,9935,10/14/2016,"Viernes",0,0:30:00,,"0.0",2,"Moto/Ciclomotor,Moto/Ciclomotor","Calle 47-Islas Malvinas Y Calle 68-Armada Argentina",2,1,0,0,1,0,0,,"Calle",,"RECONQUISTA","General Obligado","Asfalto","S/D","IX","Fuera","Urbana","Ninguna","S/D","Intersección","Bueno","Buena","Nocturna","Buen Tiempo","Lateral","S/D","Colisión","Ninguna","S/D","Ninguna","S/D"
2016,9936,10/28/2016,"Viernes",0,,,"0.0",3,"Automóvil,Automóvil,Moto/Ciclomotor","Falucho Y Domingo Faustino Sarmiento",3,1,0,0,2,0,0,,"Calle",,"VENADO TUERTO","General López","S/D","S/D","VIII","Dentro","Urbana","S/D","S/D","S/D","S/D","S/D","S/D","S/D","Múltiple","S/D","Colisión","S/D","S/D","S/D","S/D"
2016,9937,10/14/2016,"Viernes",0,,,"0.0",2,"Moto/Ciclomotor,Moto/Ciclomotor","9 de julio Y Estanislao Lopez",2,1,0,0,1,0,0,,"Avenida",,"AREQUITO","Caseros","Asfalto","S/D","VI","Dentro","Urbana","Ninguna","S/D","Intersección","Bueno","S/D","S/D","Buen Tiempo","Lateral","S/D","Colisión","S/D","S/D","Ninguna","S/D"
2016,9938,10/28/2016,"Viernes",0,,,"0.0",2,"Automóvil,Moto/Ciclomotor","Guillermo Brown Y Juan Jose Castelli",2,1,0,0,1,0,0,,"Calle",,"VENADO TUERTO","General López","S/D","S/D","VIII","Dentro","Urbana","S/D","S/D","S/D","S/D","S/D","S/D","S/D","S/D","S/D","Colisión","S/D","S/D","S/D","S/D"
2016,9939,10/31/2016,"Lunes",0,21:01:00,,"0.0",2,"Moto/Ciclomotor,Bicicleta","Chacabuco Y Santa Fe",2,1,0,0,1,0,0,,"Calle",,"VENADO TUERTO","General López","S/D","S/D","VIII","Dentro","Urbana","S/D","S/D","S/D","S/D","S/D","S/D","S/D","S/D","Ciclista","Atropello","S/D","S/D","S/D","S/D"
2016,9940,10/15/2016,"Sabado",0,,,"0.0",2,"Automóvil,Moto/Ciclomotor"," ",2,1,0,0,1,0,0,,"Calle",,"SASTRE","San Martín","S/D","S/D","XVIII","Dentro","Urbana","Ninguna","S/D","S/D","Otro","S/D","S/D","Buen Tiempo","Lateral","S/D","Colisión","Ninguna","S/D","Ninguna","S/D"
2016,9941,10/31/2016,"Lunes",0,10:45:00,"Ruta Nacional 11","0.0",2,"Moto/Ciclomotor,Automóvil"," ",3,1,0,0,2,0,0,,"Ruta",11,"VILLA OCAMPO","General Obligado","S/D","S/D","IX","Dentro","Urbana","S/D","S/D","S/D","S/D","S/D","Diurna","S/D","S/D","S/D","Colisión","S/D","S/D","S/D","S/D"
2016,9942,10/31/2016,"Lunes",0,9:30:00,"Ruta Provincial Brigadier E.López","77.0",1,"Pickup/Utilitario"," ",1,1,0,0,0,0,0,,"Ruta","Brigadier E.López","BARRANCAS","San Jerónimo","S/D","S/D","XV","Dentro","Urbana","S/D","S/D","S/D","S/D","S/D","Diurna","S/D","S/D","S/D","Vuelco","S/D","S/D","S/D","S/D"
2016,9943,10/16/2016,"Domingo",0,18:00:00,,"0.0",2,"Automóvil,Automóvil"," ",2,1,0,0,1,0,0,,"Camino Rural",,"IRIGOYEN","San Jerónimo","Tierra","S/D","XV","Dentro","Urbana","Ninguna","S/D","Recta","S/D","Buena","Diurna","Buen Tiempo","Lateral","S/D","Colisión","Ninguna","S/D","Ninguna","S/D"
2016,9944,10/1/2016,"Sabado",1,,"Ruta Provincial 91","0.0",2,"Camión c / Acoplado,Camión"," ",2,1,0,0,1,0,0,,"Ruta",91,"ANDINO","Iriondo","S/D","S/D","X","Dentro","Urbana","S/D","S/D","Recta","S/D","Reducida","S/D","S/D","Lateral","S/D","Colisión","S/D","S/D","S/D","S/D"
2016,9945,10/1/2016,"Sabado",1,,,"0.0",3,"Automóvil,Automóvil,Automóvil","Av. Santa Fe Y Alvear",6,4,0,0,2,0,0,,"Calle",,"CAÑADA DE GÓMEZ","Iriondo","S/D","S/D","X","Dentro","Urbana","S/D","S/D","S/D","S/D","Reducida","S/D","S/D","Múltiple","S/D","Colisión","S/D","S/D","S/D","S/D"
2016,9946,10/17/2016,"Lunes",0,1:50:00,,"0.0",1,"Moto/Ciclomotor","Sarmiento Y Gro Baigorria",1,1,0,0,0,0,0,,"Calle",,"GÁLVEZ","San Jerónimo","S/D","S/D","XV","Dentro","Urbana","Ninguna","S/D","Intersección","Otro","Buena","Nocturna","Buen Tiempo","S/D","S/D","Caída ocupante","Ninguna","S/D","Ninguna","S/D"
2016,9947,10/1/2016,"Sabado",1,22:20:00,,"0.0",2,"Automóvil,Moto/Ciclomotor","Lisandro de la Torre Y Jose Cuffia",2,1,0,0,1,0,0,,"Calle",,"ARMSTRONG","Belgrano","S/D","S/D","III","Dentro","Urbana","S/D","S/D","S/D","S/D","S/D","Nocturna","S/D","S/D","S/D","Colisión","S/D","S/D","S/D","S/D"
2016,9948,10/21/2016,"Viernes",0,17:15:00,"Ruta Nacional 11","0.0",2,"Moto/Ciclomotor,Automóvil","Ruta Nacional 11 Y Calle 3",2,1,0,0,1,0,0,,"Ruta",11,"LAS TOSCAS","General Obligado","Asfalto","S/D","XI","Dentro","Urbana","Ninguna","S/D","Intersección","Bueno","Buena","Diurna","Buen Tiempo","Lateral","S/D","Colisión","Ninguna","S/D","Ninguna","S/D"
2016,9949,10/21/2016,"Viernes",0,19:00:00,"Ruta Nacional A009","4.0",1,"Moto/Ciclomotor"," ",4,4,0,0,0,0,0,,"Ruta","A009","RECONQUISTA","General Obligado","S/D","S/D","XI","Dentro","Rural","Ninguna","S/D","Recta","S/D","Buena","Atardecer","Buen Tiempo","S/D","S/D","Caída ocupante","S/D","S/D","Ninguna","S/D"
2016,9950,10/4/2016,"Martes",0,16:10:00,,"0.0",2,"Automóvil,Moto/Ciclomotor","Avda. Bernardino Rivadavia Y Buenos Aires",2,1,0,0,1,0,0,,"Calle",,"FIRMAT","General López","S/D","S/D","VIII","Dentro","Urbana","S/D","S/D","S/D","S/D","Reducida","Diurna","S/D","S/D","S/D","Colisión","S/D","S/D","S/D","S/D"
2016,9951,10/22/2016,"Sabado",0,21:45:00,,"0.0",2,"Moto/Ciclomotor,Automóvil","Mendoza 770",2,1,0,0,1,0,0,,"Calle",,"GÁLVEZ","San Jerónimo","S/D","S/D","XV","Dentro","Urbana","Ninguna","S/D","Recta","Otro","Buena","Nocturna","Buen Tiempo","Lateral","S/D","Colisión","Ninguna","S/D","Ninguna","S/D"
2016,9952,10/7/2016,"Viernes",0,12:40:00,,"0.0",1,"Moto/Ciclomotor","Calle 12 San Martin 3500",1,1,0,0,0,0,0,,"Calle",,"RECONQUISTA","General Obligado","S/D","S/D","IX","Dentro","Urbana","S/D","S/D","Recta","S/D","S/D","Diurna","S/D","S/D","S/D","Caída ocupante","S/D","S/D","S/D","S/D"
2016,9953,10/7/2016,"Viernes",0,,,"0.0",2,"Moto/Ciclomotor,Automóvil"," ",2,1,0,0,1,0,0,,"Calle",,"RECONQUISTA","General Obligado","S/D","S/D","IX","Dentro","Urbana","S/D","S/D","S/D","S/D","S/D","Diurna","S/D","S/D","S/D","Colisión","S/D","S/D","S/D","S/D"