"anio_acci","nro_acci","fecha","desc_dia","fecha_aprox","hora_aprox","desc_ruta","km","cant_participantes","desc_participante","calle_avenida_km","total","heridos_leves","heridos_graves","heridos_gravisimos","ilesos","fallecidos","sin_datos","posicion_XY","desc_tipo_via","desc_ruta_ori","desc_loc","desc_dpto","desc_tipo_calzada","desc_tipo_banquina","desc_unidad_regional","desc_lugar_calzada","desc_zona","desc_prioridad","desc_estado_semaforo","desc_lugar_via","desc_estado_via","desc_estado_visibilidad","desc_luminosidad","desc_estado_clima","desc_tipo_colision","desc_tipo_atropello","desc_tipo_hecho","desc_pres_calzada","desc_senializacion","desc_separacion_via","desc_restriccion"
2016,9954,10/23/2016,"Domingo",0,7:50:00,,"0.0",2,"Automóvil,Moto/Ciclomotor","Lavalle Y Avda 9 de Julio",2,1,0,0,1,0,0,,"Avenida",,"GÁLVEZ","San Jerónimo","S/D","S/D","XV","Dentro","Urbana","Ninguna","S/D","Intersección","Otro","Buena","Diurna","Buen Tiempo","Lateral","S/D","Colisión","Ninguna","S/D","Ninguna","S/D"
2016,9955,10/8/2016,"Sabado",0,,"Ruta Nacional 11","342.0",2,"Camión c / Acoplado,Automóvil"," ",2,1,0,0,1,0,0,,"Ruta",11,"LA RIBERA","San Lorenzo","S/D","S/D","XVII","Dentro","Urbana","S/D","S/D","Recta","S/D","S/D","Diurna","S/D","De alcance","S/D","Colisión","S/D","S/D","S/D","S/D"
2016,9956,10/10/2016,"Lunes",0,5:00:00,,"0.0",1,"Automóvil","Av Galicia Y Rivadavia",1,1,0,0,0,0,0,,"Calle",,"SANTA FE","La Capital","S/D","S/D","I","Dentro","Urbana","S/D","S/D","Distribuidor","S/D","S/D","Nocturna","S/D","S/D","S/D","Vuelco","S/D","S/D","Vegetación","S/D"
2016,9957,10/10/2016,"Lunes",0,,"Ruta Provincial 1","7.0",1,"Automóvil"," ",3,2,0,0,1,0,0,,"Ruta",1,"ALEJANDRA","San Javier","S/D","S/D","XIV","Dentro","Urbana","S/D","S/D","S/D","S/D","S/D","Diurna","S/D","S/D","S/D","Vuelco","S/D","S/D","S/D","S/D"
2016,9958,10/8/2016,"Sabado",0,12:00:00,"Autopista Nacional Rosario -Cordoba","371.0",2,"Moto/Ciclomotor,Automóvil"," ",2,2,0,0,0,0,0,,"Autopista","Rosario -Cordoba","CAÑADA DE GÓMEZ","Iriondo","Asfalto","S/D","X","Dentro","Rural","S/D","S/D","Recta","S/D","S/D","Diurna","S/D","S/D","S/D","Colisión","S/D","S/D","S/D","S/D"
2016,9959,10/12/2016,"Miercoles",0,11:30:00,,"0.0",2,"Bicicleta,Automóvil","Calle 21-Gdor. iriondo Y Calle 16 Gral Obligado",2,1,0,0,1,0,0,,"Calle",,"RECONQUISTA","General Obligado","S/D","S/D","IX","Dentro","Urbana","S/D","S/D","S/D","S/D","S/D","Diurna","S/D","S/D","Ciclista","Atropello","S/D","S/D","S/D","S/D"
2016,9960,10/13/2016,"Jueves",0,11:15:00,,"0.0",4,"Automóvil,Automóvil,Automóvil,Automóvil","Av Urquiza Y Av Gral Lopez",5,1,0,0,4,0,0,,"Calle",,"SANTA FE","La Capital","S/D","S/D","I","Dentro","Urbana","S/D","S/D","S/D","S/D","S/D","Diurna","S/D","Múltiple","S/D","Colisión","S/D","S/D","S/D","S/D"
2016,9961,10/14/2016,"Viernes",0,,,"0.0",2,"Pickup/Utilitario,Moto/Ciclomotor","Calle 44-27 de Abril Y Calle 31-Newbery",2,1,0,0,1,0,0,,"Calle",,"RECONQUISTA","General Obligado","S/D","S/D","IX","Dentro","Urbana","S/D","S/D","S/D","S/D","S/D","Diurna","S/D","S/D","S/D","Colisión","S/D","S/D","S/D","S/D"
2016,9962,10/14/2016,"Viernes",0,,,"0.0",1,"Moto/Ciclomotor","Rotania Y Illia Pte",1,1,0,0,0,0,0,,"Calle",,"SUNCHALES","Castellanos","S/D","S/D","V","Dentro","Urbana","S/D","S/D","Recta","S/D","S/D","S/D","S/D","S/D","S/D","Caída ocupante","S/D","S/D","S/D","S/D"
2016,9963,10/15/2016,"Sabado",0,12:00:00,,"0.0",2,"Automóvil,Automóvil","Domingo Faustino Sarmiento Y Marcos Avellaneda",2,1,0,0,1,0,0,,"Calle",,"ESPERANZA","Las Colonias","S/D","S/D","XI","Dentro","Urbana","S/D","S/D","Intersección","S/D","S/D","Diurna","S/D","De alcance","S/D","Colisión","S/D","S/D","S/D","S/D"
2016,9964,10/17/2016,"Lunes",0,,,"0.0",1,"Moto/Ciclomotor","Intendente Gimenez Y A Aguado",1,1,0,0,0,0,0,,"Calle",,"RAFAELA","Castellanos","S/D","S/D","V","Dentro","Urbana","S/D","S/D","Recta","S/D","Reducida","S/D","S/D","S/D","S/D","Caída ocupante","S/D","S/D","S/D","S/D"
2016,9965,10/17/2016,"Lunes",0,,,"0.0",2,"Automóvil,Automóvil","Ripamonti Y Francia",2,2,0,0,0,0,0,,"Calle",,"RAFAELA","Castellanos","S/D","S/D","V","Dentro","Urbana","S/D","S/D","Intersección","S/D","S/D","S/D","S/D","S/D","S/D","Colisión","S/D","S/D","S/D","S/D"
2016,9966,10/17/2016,"Lunes",0,,,"0.0",2,"Moto/Ciclomotor,Automóvil","Las Heras Y Constitucion",2,0,1,0,1,0,0,,"Calle",,"RAFAELA","Castellanos","S/D","S/D","V","Dentro","Urbana","S/D","S/D","S/D","S/D","S/D","S/D","S/D","S/D","S/D","Colisión","S/D","S/D","S/D","S/D"
2016,9967,11/1/2016,"Martes",0,2:22:00,,"0.0",2,"Moto/Ciclomotor,Moto/Ciclomotor","Gral Jose de San Martin Y Carlos Pellegrini",2,0,1,0,1,0,0,,"Calle",,"VENADO TUERTO","General López","S/D","S/D","VIII","Dentro","Urbana","S/D","S/D","Intersección","S/D","S/D","Nocturna","S/D","S/D","S/D","Colisión","S/D","S/D","S/D","S/D"
2016,9968,10/17/2016,"Lunes",0,,,"0.0",2,"Pickup/Utilitario,Otros","Bv Jaime Ferre Y Tucuman",2,1,0,0,1,0,0,,"Calle",,"RAFAELA","Castellanos","S/D","S/D","V","Dentro","Urbana","S/D","S/D","S/D","S/D","S/D","S/D","S/D","S/D","S/D","Colisión","S/D","S/D","S/D","S/D"
2016,9969,10/16/2016,"Domingo",0,16:00:00,,"0.0",2,"Automóvil,Peatón","Calle 102 Y Calle 121",2,1,0,0,1,0,0,,"Calle",,"LAS TOSCAS","General Obligado","S/D","S/D","IX","Dentro","Urbana","S/D","S/D","Intersección","S/D","S/D","Atardecer","S/D","S/D","Peatón","Atropello","S/D","S/D","S/D","S/D"
2016,9970,10/18/2016,"Martes",0,18:00:00,,"0.0",2,"Automóvil,Automóvil","Independencia ",2,1,0,0,1,0,0,,"Calle",,"SAN JUSTO","San Justo","S/D","S/D","XIV","Dentro","Urbana","S/D","S/D","S/D","S/D","Reducida","Diurna","S/D","S/D","S/D","Colisión","S/D","S/D","S/D","S/D"
2016,9971,10/20/2016,"Jueves",0,19:55:00,,"0.0",2,"Bicicleta,Automóvil","Roca 1800",2,1,0,0,1,0,0,,"Calle",,"VENADO TUERTO","General López","S/D","S/D","VIII","Dentro","Urbana","S/D","S/D","Intersección","S/D","S/D","Atardecer","S/D","S/D","Ciclista","Atropello","S/D","S/D","S/D","S/D"
2016,9972,10/21/2016,"Viernes",0,,"Autopista Nacional Rosario -Cordoba","326.0",2,"Transporte de Pasajeros Larga Distancia (> 8 asientos),Camión"," ",3,2,0,0,1,0,0,,"Autopista","Rosario -Cordoba","ROLDÁN","San Lorenzo","S/D","S/D","XVII","Dentro","Urbana","S/D","S/D","Recta","S/D","S/D","S/D","S/D","Lateral","S/D","Colisión","S/D","S/D","S/D","S/D"
2016,9973,10/23/2016,"Domingo",0,16:15:00,,"0.0",1,"Moto/Ciclomotor"," ",2,2,0,0,0,0,0,,"Calle",,"LOS LAURELES","General Obligado","S/D","S/D","IX","Dentro","Urbana","S/D","S/D","Curva","S/D","S/D","Diurna","S/D","S/D","S/D","Caída ocupante","S/D","S/D","S/D","S/D"
2016,9974,10/23/2016,"Domingo",0,,,"0.0",1,"Moto/Ciclomotor","Sarmiento ",1,0,1,0,0,0,0,,"Calle",,"SAN JUSTO","San Justo","S/D","S/D","XIV","Dentro","Urbana","S/D","S/D","Recta","S/D","S/D","S/D","S/D","Contra objeto fijo","S/D","Colisión","S/D","S/D","S/D","Obra en Construcción"
2016,9975,10/25/2016,"Martes",0,,"Ruta Nacional 9","0.0",2,"Pickup/Utilitario,Pickup/Utilitario"," ",2,2,0,0,0,0,0,,"Ruta",9,"CAÑADA DE GÓMEZ","Iriondo","S/D","S/D","X","Dentro","Rural","S/D","S/D","Cruce","Resbaladiza","S/D","Diurna","S/D","S/D","S/D","Colisión","S/D","S/D","S/D","S/D"
2016,9976,10/26/2016,"Miercoles",0,,,"0.0",2,"Automóvil,Moto/Ciclomotor","Bv. Balcarce Y España",2,1,0,0,1,0,0,,"Calle",,"CAÑADA DE GÓMEZ","Iriondo","S/D","S/D","X","Dentro","Urbana","S/D","S/D","S/D","S/D","S/D","Diurna","S/D","S/D","S/D","Colisión","S/D","S/D","S/D","S/D"
2016,9977,10/30/2016,"Domingo",0,12:00:00,"Ruta Nacional 11","344.0",3,"Automóvil,Pickup/Utilitario,Automóvil"," ",4,1,0,0,3,0,0,,"Ruta",11,"LA RIBERA","San Lorenzo","S/D","S/D","XVII","Dentro","Urbana","S/D","S/D","Recta","S/D","S/D","Diurna","S/D","Múltiple","S/D","Colisión","S/D","S/D","S/D","S/D"
2016,9978,10/30/2016,"Domingo",0,,"Ruta Provincial 1","0.0",2,"Automóvil,Tractor"," ",4,3,1,0,0,0,0,,"Ruta",1,"ALEJANDRA","San Javier","S/D","S/D","XIV","Dentro","Urbana","S/D","S/D","Intersección","S/D","S/D","Nocturna","S/D","S/D","S/D","Colisión","S/D","S/D","S/D","S/D"
2016,9979,10/30/2016,"Domingo",0,,,"0.0",1,"Moto/Ciclomotor","San Martin 1650",1,1,0,0,0,0,0,,"Calle",,"VERA","Vera","S/D","S/D","XIX","Dentro","Urbana","S/D","S/D","S/D","S/D","S/D","S/D","S/D","S/D","S/D","Caída ocupante","S/D","S/D","S/D","S/D"
2016,9980,12/2/2016,"Viernes",0,13:15:00,"Ruta Provincial 17","0.0",1,"Moto/Ciclomotor"," ",1,1,0,0,0,0,0,,"Ruta",17,"TOSTADO","9 de Julio","S/D","S/D","XII","Dentro","Urbana","S/D","S/D","Recta","S/D","S/D","Diurna","S/D","S/D","S/D","Caída ocupante","S/D","S/D","S/D","S/D"
2016,9981,12/2/2016,"Viernes",0,,,"0.0",2,"Moto/Ciclomotor,Automóvil"," ",2,0,1,0,1,0,0,,"S/D",,"ROSARIO","Rosario","S/D","S/D","II","S/D","S/D","S/D","S/D","S/D","S/D","S/D","S/D","S/D","S/D","S/D","Colisión","S/D","S/D","S/D","S/D"
2016,9982,12/2/2016,"Viernes",0,,"Ruta Nacional 33","733.0",1,"Automóvil"," ",1,1,0,0,0,0,0,,"Ruta",33,"CASILDA","Caseros","S/D","S/D","IV","Dentro","Urbana","S/D","S/D","Recta","S/D","S/D","Diurna","S/D","S/D","S/D","Vuelco","S/D","S/D","S/D","S/D"
2016,9983,12/2/2016,"Viernes",0,,"Ruta Secundaria 26-s","0.0",2,"Automóvil,Otros"," ",3,0,1,0,2,0,0,,"Ruta","26-s","CASILDA","Caseros","S/D","S/D","IV","Dentro","Urbana","S/D","S/D","Curva","S/D","S/D","S/D","S/D","S/D","S/D","Colisión","S/D","S/D","S/D","S/D"
2016,9984,12/4/2016,"Domingo",0,,,"0.0",2,"Automóvil,Bicicleta","Victor Manuel Y Av Gral Bartolome Mitre",2,1,0,0,1,0,0,,"Calle",,"RAFAELA","Castellanos","S/D","S/D","V","Dentro","Urbana","S/D","S/D","S/D","S/D","S/D","S/D","S/D","S/D","Ciclista","Atropello","S/D","S/D","S/D","S/D"
2016,9985,12/4/2016,"Domingo",0,,,"0.0",2,"Moto/Ciclomotor,Pickup/Utilitario","Av Luis Fanti Y Padre Francisco Palmieri",2,1,0,0,1,0,0,,"Calle",,"RAFAELA","Castellanos","S/D","S/D","V","Dentro","Urbana","S/D","S/D","S/D","S/D","S/D","S/D","S/D","S/D","S/D","Colisión","S/D","S/D","S/D","S/D"
2016,9986,12/4/2016,"Domingo",0,,"Ruta Nacional 11","68.0",1,"Automóvil"," ",3,2,0,0,1,0,0,,"Ruta",11,"MONJE","San Jerónimo","S/D","S/D","XV","Dentro","Urbana","S/D","S/D","S/D","S/D","S/D","S/D","S/D","S/D","S/D","Vuelco","S/D","S/D","S/D","S/D"
2016,9987,12/6/2016,"Martes",0,,,"0.0",1,"Vehículo Oficial","Av Circunvalación Y Fray C Rodriguez",1,1,0,0,0,0,0,,"Calle",,"SANTA FE","La Capital","S/D","S/D","I","Dentro","Urbana","S/D","S/D","S/D","S/D","S/D","S/D","S/D","Contra objeto fijo","S/D","Colisión","S/D","S/D","S/D","S/D"
2016,9988,12/7/2016,"Miercoles",0,,,"0.0",2,"Taxi/Remis,Moto/Ciclomotor","Las Flores Y Av. Francia",2,1,0,0,1,0,0,,"Calle",,"ROSARIO","Rosario","S/D","S/D","II","Dentro","Urbana","S/D","S/D","S/D","S/D","S/D","S/D","S/D","S/D","S/D","Colisión","S/D","S/D","S/D","S/D"
2016,9989,12/8/2016,"Jueves",0,,,"0.0",1,"Moto/Ciclomotor","Chaco ",2,2,0,0,0,0,0,,"Calle",,"MACIEL","San Jerónimo","S/D","S/D","XV","Dentro","Urbana","S/D","S/D","S/D","S/D","S/D","S/D","S/D","Atropello animal","S/D","Colisión","S/D","S/D","S/D","S/D"
2016,9990,11/18/2016,"Viernes",0,12:20:00,"Autopista Nacional Gral. Juan Jose Valle","269.0",1,"Automóvil","AUTOPISTA JUAN JOSE VALLE 269",1,1,0,0,0,0,0,,"Autopista","Gral. Juan Jose Valle","GENERAL LAGOS","Rosario","Hormigón","S/D","II","Fuera","Rural","S/D","S/D","S/D","S/D","S/D","S/D","S/D","S/D","S/D","Despiste","S/D","Horizontal,Vertical","S/D","S/D"
2016,9991,11/20/2016,"Domingo",0,12:55:00,"Autopista Provincial Brigadier E.López","0.0",2,"Automóvil,Camión c / Acoplado","AUT PROV BRIGADIER LOPEZ ACCESO AEROPUERTO ",2,2,0,0,0,0,0,,"Autopista","Brigadier E.López","SAUCE VIEJO","La Capital","Hormigón","Natural","I","Dentro","Rural","S/D","S/D","S/D","S/D","S/D","S/D","S/D","S/D","S/D","Colisión","S/D","Horizontal,Vertical","S/D","S/D"
2016,9992,12/8/2016,"Jueves",0,,"Ruta Provincial Brigadier E.López","104.0",1,"Camión"," ",1,1,0,0,0,0,0,,"Ruta","Brigadier E.López","CORONDA","San Jerónimo","S/D","S/D","XV","Dentro","Rural","S/D","S/D","Recta","S/D","S/D","S/D","S/D","S/D","S/D","Vuelco","S/D","S/D","S/D","S/D"
2016,9993,12/9/2016,"Viernes",0,,"Ruta Nacional 11","0.0",2,"Moto/Ciclomotor,Bicicleta","Pte. Roca ",2,1,0,0,1,0,0,,"Ruta",11,"CORONDA","San Jerónimo","S/D","S/D","XV","Dentro","Urbana","S/D","S/D","Intersección","S/D","S/D","S/D","S/D","S/D","Ciclista","Atropello","S/D","S/D","S/D","S/D"
2016,9994,12/10/2016,"Sabado",0,,,"0.0",2,"Automóvil,Moto/Ciclomotor"," ",2,1,0,0,1,0,0,,"Calle",,"VENADO TUERTO","General López","S/D","S/D","VIII","Dentro","Urbana","S/D","S/D","Intersección","S/D","S/D","S/D","S/D","S/D","S/D","Colisión","S/D","S/D","S/D","S/D"
2016,9995,12/11/2016,"Domingo",0,,,"0.0",2,"Automóvil,Peatón"," ",2,1,0,0,1,0,0,,"Calle",,"SAN GENARO","San Jerónimo","S/D","S/D","XV","Dentro","Urbana","S/D","S/D","Intersección","S/D","S/D","S/D","S/D","S/D","Ciclista","Atropello","S/D","S/D","S/D","S/D"
2016,9996,12/11/2016,"Domingo",0,,"Ruta Nacional 11","42.0",1,"Camión"," ",1,1,0,0,0,0,0,,"Ruta",11,"CORONDA","San Jerónimo","S/D","S/D","XV","Dentro","Urbana","S/D","S/D","Recta","S/D","S/D","S/D","S/D","S/D","S/D","Vuelco","S/D","S/D","S/D","S/D"
2016,9997,12/12/2016,"Lunes",0,,"Ruta Provincial 39","0.0",1,"Automóvil"," ",3,2,0,0,1,0,0,,"Ruta",39,"SAN JAVIER","San Javier","S/D","S/D","XV","Dentro","Rural","S/D","S/D","Recta","S/D","S/D","S/D","S/D","S/D","S/D","Vuelco","S/D","S/D","S/D","S/D"
2016,9998,12/13/2016,"Martes",0,,,"0.0",2,"Automóvil,Moto/Ciclomotor"," ",2,1,0,0,1,0,0,,"S/D",,"GÁLVEZ","San Jerónimo","S/D","S/D","XV","S/D","S/D","S/D","S/D","S/D","S/D","S/D","S/D","S/D","S/D","S/D","Colisión","S/D","S/D","S/D","S/D"
2016,9999,12/12/2016,"Lunes",0,,,"0.0",1,"Moto/Ciclomotor"," ",2,1,0,0,1,0,0,,"Calle",,"ROMANG","San Javier","S/D","S/D","XV","Dentro","Urbana","S/D","S/D","S/D","S/D","S/D","S/D","S/D","S/D","S/D","Caída ocupante","S/D","S/D","S/D","S/D"
2016,10000,12/4/2016,"Domingo",0,18:20:00,"Ruta Provincial Brigadier E.López","68.0",1,"Automóvil"," ",4,3,0,0,1,0,0,,"Ruta","Brigadier E.López","MONJE","San Jerónimo","S/D","S/D","XV","Dentro","Urbana","S/D","S/D","Recta","S/D","S/D","Diurna","S/D","S/D","S/D","Vuelco","S/D","S/D","S/D","S/D"
2016,10001,12/14/2016,"Miercoles",0,,,"0.0",2,"Automóvil,Moto/Ciclomotor","Libertad Y Corrientes",2,1,0,0,1,0,0,,"Calle",,"VENADO TUERTO","General López","S/D","S/D","VIII","S/D","S/D","S/D","S/D","S/D","S/D","S/D","S/D","S/D","S/D","S/D","Colisión","S/D","S/D","S/D","S/D"
2016,10002,12/5/2016,"Lunes",0,23:00:00,"Ruta Provincial Brigadier E.López","139.0",2,"Peatón,Camión"," ",2,1,0,0,1,0,0,,"Ruta","Brigadier E.López","SAUCE VIEJO","La Capital","S/D","S/D","I","Dentro","Rural","S/D","S/D","Recta","S/D","S/D","Nocturna","S/D","S/D","Peatón","Atropello","S/D","S/D","S/D","S/D"
2016,10003,12/11/2016,"Domingo",0,7:30:00,"Ruta Nacional 11","0.0",1,"Automóvil","Av Circunvalación ",3,1,0,0,2,0,0,,"Ruta",11,"SANTA FE","La Capital","S/D","S/D","I","Dentro","Urbana","S/D","S/D","S/D","S/D","S/D","Diurna","S/D","Contra objeto fijo","S/D","Colisión","S/D","S/D","Guardarrail,S/D","S/D"
2016,10004,12/14/2016,"Miercoles",0,,,"0.0",2,"Automóvil,Moto/Ciclomotor","Calle 11-Alvear Y Calle 30-Lucas Funes",2,1,0,0,1,0,0,,"Calle",,"RECONQUISTA","General Obligado","S/D","S/D","IX","S/D","S/D","S/D","S/D","S/D","S/D","S/D","S/D","S/D","S/D","S/D","Colisión","S/D","S/D","S/D","S/D"
2016,10005,12/11/2016,"Domingo",0,,"Autopista Nacional Rosario -Cordoba","303.0",3,"Automóvil,Automóvil,Automóvil"," ",13,5,0,0,8,0,0,,"Autopista","Rosario -Cordoba","ROSARIO","Rosario","S/D","S/D","II","Dentro","Urbana","S/D","S/D","S/D","S/D","S/D","S/D","S/D","Múltiple","S/D","Colisión","S/D","S/D","S/D","S/D"
2016,10006,12/15/2016,"Jueves",0,,,"0.0",2,"Automóvil,Camión Chasis"," ",6,1,0,0,5,0,0,,"Calle",,"BARRANCAS","San Jerónimo","S/D","S/D","XV","S/D","S/D","S/D","S/D","S/D","S/D","S/D","S/D","S/D","S/D","S/D","Colisión","S/D","S/D","S/D","S/D"
2016,10007,12/17/2016,"Sabado",0,19:20:00,,"0.0",1,"Moto/Ciclomotor","Av Circunvalación ",1,1,0,0,0,0,0,,"Calle",,"SANTA FE","La Capital","S/D","S/D","I","Dentro","Urbana","S/D","S/D","S/D","S/D","S/D","Diurna","S/D","S/D","S/D","Caída ocupante","S/D","S/D","S/D","S/D"
2016,10008,12/22/2016,"Jueves",0,3:55:00,,"0.0",1,"Moto/Ciclomotor","Av Blas Parera 7000",1,1,0,0,0,0,0,,"Calle",,"SANTA FE","La Capital","S/D","S/D","I","Dentro","Urbana","S/D","S/D","S/D","S/D","S/D","Nocturna","S/D","S/D","S/D","Caída ocupante","S/D","S/D","S/D","S/D"
2016,10009,12/27/2016,"Martes",0,1:55:00,"Autopista Nacional Gral. Juan Jose Valle","256.0",2,"Camión c / Acoplado,Camión c / Acoplado"," ",2,1,0,0,1,0,0,,"Autopista","Gral. Juan Jose Valle","FIGHIERA","Rosario","S/D","S/D","II","Dentro","Rural","S/D","S/D","Recta","S/D","S/D","Nocturna","S/D","S/D","S/D","Colisión","S/D","S/D","S/D","S/D"
2016,10010,12/31/2016,"Sabado",0,20:00:00,,"0.0",1,"Moto/Ciclomotor","Av Circunvalación ",1,1,0,0,0,0,0,,"Calle",,"SANTA FE","La Capital","S/D","S/D","I","Dentro","Urbana","S/D","S/D","Intersección","S/D","S/D","Nocturna","S/D","S/D","S/D","Caída ocupante","S/D","S/D","S/D","S/D"
2016,10011,12/31/2016,"Sabado",0,19:50:00,"Ruta Nacional A008","0.0",4,"Automóvil,Peatón,Automóvil,Automóvil"," ",6,3,0,0,3,0,0,,"Ruta","A008","ROSARIO","Rosario","S/D","S/D","II","Dentro","Urbana","S/D","S/D","S/D","S/D","S/D","Diurna","S/D","Múltiple","S/D","Colisión","S/D","S/D","S/D","S/D"
2016,10012,12/17/2016,"Sabado",0,,"Ruta Nacional 11","447.0",1,"Automóvil"," ",1,1,0,0,0,0,0,,"Ruta",11,"SAUCE VIEJO","La Capital","S/D","S/D","I","S/D","S/D","S/D","S/D","S/D","S/D","S/D","S/D","S/D","S/D","S/D","Vuelco","S/D","S/D","S/D","S/D"
2016,10013,12/18/2016,"Domingo",0,,,"0.0",1,"Automóvil","Nicasio Oroño Y Gdor Mariano Cabal",1,1,0,0,0,0,0,,"Calle",,"SANTA FE","La Capital","S/D","S/D","I","S/D","S/D","S/D","S/D","S/D","S/D","S/D","S/D","S/D","Contra objeto fijo","S/D","Colisión","S/D","S/D","S/D","S/D"
2016,10014,12/18/2016,"Domingo",0,,,"0.0",2,"Moto/Ciclomotor,Peatón","Dr.Maradona 5700",3,2,0,0,1,0,0,,"Calle",,"ROSARIO","Rosario","S/D","S/D","II","S/D","S/D","S/D","S/D","S/D","S/D","S/D","S/D","S/D","S/D","Peatón","Atropello","S/D","S/D","S/D","S/D"
2016,10015,12/18/2016,"Domingo",0,,,"0.0",2,"Tren,Peatón","Av. Lugones Y Dr.D.Peña",2,0,1,0,0,0,1,,"Calle",,"ROSARIO","Rosario","S/D","S/D","II","S/D","S/D","S/D","S/D","S/D","S/D","S/D","S/D","S/D","S/D","Peatón","Atropello","S/D","S/D","S/D","S/D"
2016,10016,12/18/2016,"Domingo",0,,,"0.0",2,"Moto/Ciclomotor,Automóvil","Rivadavia Y San Martin",3,2,0,0,1,0,0,,"Calle",,"ROSARIO","Rosario","S/D","S/D","II","S/D","S/D","S/D","S/D","S/D","S/D","S/D","S/D","S/D","S/D","S/D","Colisión","S/D","S/D","S/D","S/D"
2016,10017,12/19/2016,"Lunes",0,,,"0.0",1,"Pickup/Utilitario","Candido Pujato Y San Jeronimo",2,2,0,0,0,0,0,,"Calle",,"SANTA FE","La Capital","S/D","S/D","I","S/D","S/D","S/D","S/D","S/D","S/D","S/D","S/D","S/D","Contra objeto fijo","S/D","Colisión","S/D","S/D","S/D","S/D"
2016,10018,12/1/2016,"Jueves",0,,,"0.0",2,"Automóvil,Moto/Ciclomotor","Bv. Balcarce 745",2,1,0,0,1,0,0,,"Calle",,"CAÑADA DE GÓMEZ","Iriondo","S/D","S/D","X","Dentro","Urbana","S/D","S/D","S/D","S/D","S/D","Diurna","S/D","S/D","S/D","Colisión","S/D","S/D","S/D","S/D"
2016,10019,12/2/2016,"Viernes",0,20:22:00,,"0.0",2,"Moto/Ciclomotor,Peatón","Santa Fe Y Martin de Pueyrredon",2,2,0,0,0,0,0,,"Calle",,"VENADO TUERTO","General López","S/D","S/D","VIII","Dentro","Urbana","S/D","S/D","Intersección","S/D","S/D","Nocturna","S/D","S/D","Peatón","Atropello","S/D","S/D","S/D","S/D"
2016,10020,12/3/2016,"Sabado",0,19:00:00,,"0.0",1,"Moto/Ciclomotor","Nora Wade de Basualde Y Leoncio de la Barrera",1,1,0,0,0,0,0,,"Calle",,"VENADO TUERTO","General López","S/D","S/D","VIII","Dentro","Urbana","S/D","S/D","S/D","S/D","S/D","Diurna","S/D","S/D","S/D","Caída ocupante","S/D","S/D","S/D","S/D"
2016,10021,12/3/2016,"Sabado",0,20:00:00,"Ruta Nacional A009","0.0",3,"Automóvil,Automóvil,Moto/Ciclomotor","Calle 57-Prof Roberto Roveda ",5,3,0,0,2,0,0,,"Ruta","A009","RECONQUISTA","General Obligado","S/D","S/D","IX","Dentro","Urbana","S/D","S/D","Rotonda","S/D","S/D","Diurna","S/D","S/D","S/D","Colisión","S/D","S/D","S/D","S/D"
2016,10022,12/5/2016,"Lunes",0,,,"0.0",2,"Automóvil,Automóvil","Av Circunvalación ",3,2,0,0,1,0,0,,"Calle",,"SANTA FE","La Capital","S/D","S/D","I","Dentro","Urbana","S/D","S/D","Curva","S/D","S/D","S/D","S/D","Contra objeto fijo","S/D","Colisión","S/D","S/D","S/D","S/D"
2016,10023,12/5/2016,"Lunes",0,9:15:00,,"0.0",2,"Automóvil,Moto/Ciclomotor","Lavalle Y Pagani",2,1,0,0,1,0,0,,"Calle",,"CAÑADA DE GÓMEZ","Iriondo","S/D","S/D","X","Dentro","Urbana","S/D","S/D","S/D","S/D","S/D","Diurna","S/D","S/D","S/D","Colisión","S/D","S/D","S/D","S/D"
2016,10024,12/5/2016,"Lunes",0,10:15:00,,"0.0",2,"Automóvil,Moto/Ciclomotor","Bv Centenario B Y Sarmiento",2,1,0,0,1,0,0,,"Calle",,"CAÑADA DE GÓMEZ","Iriondo","S/D","S/D","X","Dentro","Urbana","S/D","S/D","S/D","S/D","Reducida","Diurna","S/D","S/D","S/D","Colisión","S/D","S/D","S/D","S/D"
2016,10025,12/5/2016,"Lunes",0,12:00:00,,"0.0",2,"Moto/Ciclomotor,Moto/Ciclomotor","España Y Av. Santa Fe",3,3,0,0,0,0,0,,"Calle",,"CAÑADA DE GÓMEZ","Iriondo","S/D","S/D","X","Dentro","Urbana","S/D","S/D","S/D","S/D","S/D","Diurna","S/D","S/D","S/D","Colisión","S/D","S/D","S/D","S/D"
2016,10026,12/6/2016,"Martes",0,,,"0.0",1,"Moto/Ciclomotor","ACCESO A CAÑADA DE GOMEZ ",1,1,0,0,0,0,0,,"Calle",,"CAÑADA DE GÓMEZ","Iriondo","S/D","S/D","X","Dentro","Urbana","S/D","S/D","Curva","S/D","S/D","S/D","S/D","Contra objeto fijo","S/D","Colisión","S/D","S/D","Guardarrail","S/D"
2016,10027,12/7/2016,"Miercoles",0,22:00:00,,"0.0",2,"Moto/Ciclomotor,Automóvil","Bartolome Mitre Y Gral Manuel Belgrano",2,1,0,0,1,0,0,,"Calle",,"VENADO TUERTO","General López","S/D","S/D","VIII","Dentro","Urbana","S/D","S/D","S/D","S/D","S/D","Nocturna","S/D","S/D","S/D","Colisión","S/D","S/D","S/D","S/D"
2016,10028,11/3/2016,"Jueves",0,,,"0.0",2,"Moto/Ciclomotor,Camión","Bv Jaime Ferre Y España",3,1,0,0,2,0,0,,"Avenida",,"RAFAELA","Castellanos","S/D","S/D","V","Dentro","Urbana","S/D","S/D","Intersección","S/D","S/D","S/D","S/D","S/D","S/D","Colisión","S/D","S/D","S/D","S/D"
2016,10029,11/3/2016,"Jueves",0,9:30:00,,"0.0",2,"Moto/Ciclomotor,Automóvil","Santa Fe Y Lopez",2,1,0,0,1,0,0,,"Calle",,"VENADO TUERTO","General López","S/D","S/D","VIII","Dentro","Urbana","S/D","S/D","Intersección","S/D","S/D","Diurna","S/D","S/D","S/D","Colisión","S/D","S/D","S/D","S/D"
2016,10030,11/14/2016,"Lunes",0,5:50:00,,"0.0",2,"Bicicleta,Automóvil","Belgrano Y 25 de Mayo",2,0,1,0,1,0,0,,"Calle",,"VERA","Vera","S/D","S/D","XIX","Dentro","Urbana","S/D","S/D","Intersección","S/D","S/D","S/D","S/D","S/D","Ciclista","Atropello","S/D","S/D","S/D","S/D"
2016,10031,11/1/2016,"Martes",0,,"Ruta Provincial 39","0.0",1,"Automóvil"," ",1,1,0,0,0,0,0,,"Ruta",39,"ARRUFÓ","San Cristóbal","S/D","S/D","XIII","Fuera","Rural","S/D","S/D","Recta","S/D","S/D","S/D","S/D","S/D","S/D","Vuelco","S/D","S/D","S/D","S/D"
2016,10032,11/15/2016,"Martes",0,,,"0.0",2,"Vehículo Oficial,Automóvil","Mendoza Y San Juan",2,1,0,0,1,0,0,,"Calle",,"SANTA FE","La Capital","Asfalto","No existe","I","Dentro","Urbana","S/D","S/D","Recta","S/D","S/D","S/D","S/D","De alcance","S/D","Colisión","S/D","S/D","S/D","S/D"
2016,10033,11/1/2016,"Martes",0,14:00:00,,"0.0",2,"Moto/Ciclomotor,Automóvil","Primera Junta Y Suipacha",3,2,0,0,1,0,0,,"Calle",,"CAÑADA DE GÓMEZ","Iriondo","S/D","S/D","X","Dentro","Urbana","S/D","S/D","Intersección","S/D","S/D","Diurna","S/D","S/D","S/D","Colisión","S/D","S/D","S/D","S/D"