"anio_acci","nro_acci","fecha","desc_dia","fecha_aprox","hora_aprox","desc_ruta","km","cant_participantes","desc_participante","calle_avenida_km","total","heridos_leves","heridos_graves","heridos_gravisimos","ilesos","fallecidos","sin_datos","posicion_XY","desc_tipo_via","desc_ruta_ori","desc_loc","desc_dpto","desc_tipo_calzada","desc_tipo_banquina","desc_unidad_regional","desc_lugar_calzada","desc_zona","desc_prioridad","desc_estado_semaforo","desc_lugar_via","desc_estado_via","desc_estado_visibilidad","desc_luminosidad","desc_estado_clima","desc_tipo_colision","desc_tipo_atropello","desc_tipo_hecho","desc_pres_calzada","desc_senializacion","desc_separacion_via","desc_restriccion"
2016,10034,11/2/2016,"Miercoles",0,12:30:00,,"0.0",2,"Bicicleta,Pickup/Utilitario","España Y Ocampo",2,1,0,0,1,0,0,,"Calle",,"CAÑADA DE GÓMEZ","Iriondo","S/D","S/D","X","Dentro","Urbana","S/D","S/D","Intersección","S/D","S/D","Diurna","S/D","S/D","Ciclista","Atropello","S/D","S/D","S/D","S/D"
2016,10035,11/15/2016,"Martes",0,,"Ruta Nacional 8","0.0",1,"Moto/Ciclomotor","Ruta Nac 8 Y Chile",2,1,0,1,0,0,0,,"Ruta",8,"VENADO TUERTO","General López","S/D","S/D","VIII","Dentro","Urbana","S/D","S/D","Cruce","S/D","S/D","S/D","S/D","S/D","S/D","Caída ocupante","S/D","S/D","S/D","S/D"
2016,10036,11/16/2016,"Miercoles",0,23:10:00,"Ruta Nacional 11","0.0",2,"Moto/Ciclomotor,Moto/Ciclomotor","RN 11 Y RP 40 ",3,1,1,0,1,0,0,,"Ruta",11,"RECONQUISTA","General Obligado","S/D","S/D","IX","Dentro","Urbana","S/D","S/D","Intersección","S/D","S/D","S/D","S/D","Lateral","S/D","Colisión","S/D","S/D","S/D","S/D"
2016,10037,11/16/2016,"Miercoles",0,11:00:00,,"0.0",2,"Moto/Ciclomotor,Automóvil","Mariano Moreno Y Jose De San Martin",3,1,0,0,2,0,0,,"Calle",,"SANTO TOMÉ","La Capital","Asfalto","S/D","I","Dentro","Urbana","S/D","S/D","Intersección","S/D","S/D","S/D","S/D","Lateral","S/D","Colisión","S/D","S/D","S/D","S/D"
2016,10038,11/18/2016,"Viernes",0,0:10:00,"Autopista Provincial Brigadier E.López","64.0",1,"Camión Chasis"," ",1,1,0,0,0,0,0,,"Autopista","Brigadier E.López","MONJE","San Jerónimo","Hormigón","Natural","I","Dentro","Rural","S/D","S/D","S/D","S/D","S/D","Nocturna","S/D","S/D","S/D","Vuelco","S/D","S/D","Vegetación","S/D"
2016,10039,11/17/2016,"Jueves",0,,,"0.0",2,"Automóvil,Automóvil","Washington Y Pasco",3,1,0,0,2,0,0,,"Calle",,"CASILDA","Caseros","S/D","S/D","IV","Dentro","Urbana","S/D","S/D","Intersección","S/D","S/D","S/D","S/D","Lateral","S/D","Colisión","S/D","S/D","S/D","S/D"
2016,10040,11/17/2016,"Jueves",0,,"Ruta Nacional 178","91.0",2,"Automóvil,Camión"," ",2,1,0,0,1,0,0,,"Ruta",178,"CASILDA","Caseros","S/D","S/D","IV","Dentro","Urbana","S/D","S/D","S/D","S/D","S/D","S/D","S/D","Frontal","S/D","Colisión","S/D","S/D","S/D","S/D"
2016,10041,11/17/2016,"Jueves",0,19:00:00,,"0.0",1,"Moto/Ciclomotor","Pellegrini 1000",2,1,0,0,1,0,0,,"Calle",,"CAÑADA DE GÓMEZ","Iriondo","S/D","S/D","X","Dentro","Urbana","S/D","S/D","Recta","S/D","S/D","Atardecer","S/D","S/D","S/D","Caída ocupante","S/D","S/D","S/D","S/D"
2016,10042,11/18/2016,"Viernes",0,,"Ruta Provincial 93","0.0",1,"Automóvil"," ",2,2,0,0,0,0,0,,"Ruta",93,"FIRMAT","General López","Asfalto","S/D","VIII","Fuera","Rural","S/D","S/D","S/D","S/D","S/D","S/D","S/D","S/D","S/D","Vuelco","S/D","S/D","S/D","S/D"
2016,10043,11/19/2016,"Sabado",0,10:30:00,,"0.0",2,"Moto/Ciclomotor,Pickup/Utilitario","Chacabuco Y 7 de Octubre",2,1,0,0,1,0,0,,"Calle",,"CAÑADA DE GÓMEZ","Iriondo","S/D","S/D","X","Dentro","Urbana","S/D","S/D","Intersección","S/D","S/D","Diurna","S/D","Lateral","S/D","Colisión","S/D","S/D","S/D","S/D"
2016,10044,11/21/2016,"Lunes",0,,,"0.0",2,"Automóvil,Automóvil","Av. Eva Peron Y Av. Provincias Unidas",2,1,0,0,1,0,0,,"Calle",,"ROSARIO","Rosario","Hormigón","S/D","II","Dentro","Urbana","S/D","S/D","Intersección","S/D","S/D","S/D","S/D","Lateral","S/D","Colisión","S/D","S/D","S/D","S/D"
2016,10045,12/13/2016,"Martes",0,,,"0.0",2,"Peatón,Moto/Ciclomotor","ESTADOS UNIDOS 2700",4,4,0,0,0,0,0,,"Calle",,"ROSARIO","Rosario","S/D","S/D","II","Dentro","Urbana","S/D","S/D","S/D","S/D","S/D","S/D","S/D","S/D","S/D","Colisión","S/D","S/D","S/D","S/D"
2016,10046,12/19/2016,"Lunes",0,,,"0.0",1,"Camión","Av Circunvalación ",1,1,0,0,0,0,0,,"Calle",,"SANTA FE","La Capital","S/D","S/D","I","Dentro","Urbana","S/D","S/D","Curva","S/D","S/D","S/D","S/D","S/D","S/D","Vuelco","S/D","S/D","S/D","S/D"
2016,10047,12/19/2016,"Lunes",0,,"Ruta Nacional 19","82.0",1,"Automóvil"," ",1,0,1,0,0,0,0,,"Ruta",19,"ESTACIÓN CLUCELLAS","Castellanos","S/D","S/D","V","Dentro","Urbana","S/D","S/D","S/D","S/D","S/D","Diurna","S/D","S/D","S/D","Despiste","S/D","S/D","S/D","S/D"
2016,10048,12/24/2016,"Sabado",0,,,"0.0",2,"Bicicleta,Pickup/Utilitario"," ",2,1,0,0,1,0,0,,"Calle",,"RUFINO","General López","S/D","S/D","VIII","Dentro","Urbana","S/D","S/D","S/D","S/D","S/D","S/D","S/D","S/D","Ciclista","Atropello","S/D","S/D","S/D","S/D"
2016,10049,12/7/2016,"Miercoles",0,13:50:00,,"0.0",2,"Moto/Ciclomotor,Pickup/Utilitario","Libertad Y Guemes",3,2,0,0,1,0,0,,"Calle",,"VENADO TUERTO","General López","S/D","S/D","VIII","Dentro","Urbana","S/D","S/D","S/D","S/D","S/D","S/D","S/D","S/D","S/D","Colisión","S/D","S/D","S/D","S/D"
2016,10050,12/7/2016,"Miercoles",0,13:35:00,,"0.0",2,"Automóvil,Automóvil","Bartolome Mitre Y Mariano Moreno",2,1,0,0,1,0,0,,"Calle",,"VENADO TUERTO","General López","S/D","S/D","VIII","Dentro","Urbana","S/D","S/D","S/D","S/D","S/D","Diurna","S/D","S/D","S/D","Colisión","S/D","S/D","S/D","S/D"
2016,10051,12/24/2016,"Sabado",0,,,"0.0",2,"Tractor,Moto/Ciclomotor","Calle 35-Espa±a Y Calle 4-Fray Antonio Rossi",3,2,0,0,1,0,0,,"Calle",,"RECONQUISTA","General Obligado","S/D","S/D","IX","S/D","S/D","S/D","S/D","S/D","S/D","S/D","S/D","S/D","S/D","S/D","Colisión","S/D","S/D","S/D","S/D"
2016,10052,12/9/2016,"Viernes",0,,"Ruta Secundaria 40-s","0.0",2,"Moto/Ciclomotor,Automóvil","Calle 68-Armada Argentina ",3,2,0,0,1,0,0,,"Ruta","40-s","RECONQUISTA","General Obligado","S/D","S/D","IX","Dentro","Urbana","Semáforo","Funciona","S/D","S/D","S/D","Diurna","S/D","S/D","S/D","Colisión","S/D","Vertical","S/D","S/D"
2016,10053,12/26/2016,"Lunes",0,,,"0.0",1,"Automóvil","Av. Ovidio Lagos 7400",3,3,0,0,0,0,0,,"Avenida",,"ROSARIO","Rosario","S/D","S/D","II","S/D","S/D","S/D","S/D","S/D","S/D","S/D","S/D","S/D","Contra objeto fijo","S/D","Colisión","S/D","S/D","S/D","S/D"
2016,10054,12/27/2016,"Martes",0,,,"0.0",2,"Moto/Ciclomotor,Moto/Ciclomotor"," ",2,2,0,0,0,0,0,,"S/D",,"VILLA ANA","General Obligado","S/D","S/D","IX","S/D","S/D","S/D","S/D","S/D","S/D","S/D","S/D","S/D","S/D","S/D","Colisión","S/D","S/D","S/D","S/D"
2016,10055,12/10/2016,"Sabado",0,3:30:00,,"0.0",1,"Pickup/Utilitario","Marconi Y Chacabuco",4,1,0,0,3,0,0,,"Calle",,"CAÑADA DE GÓMEZ","Iriondo","S/D","S/D","X","Dentro","Urbana","S/D","S/D","S/D","S/D","S/D","Nocturna","S/D","Contra objeto fijo","S/D","Colisión","S/D","S/D","S/D","S/D"
2016,10056,12/28/2016,"Miercoles",0,,,"0.0",2,"Moto/Ciclomotor,Pickup/Utilitario"," ",2,1,0,0,1,0,0,,"S/D",,"SAN JORGE","San Martín","S/D","S/D","V","S/D","S/D","S/D","S/D","S/D","S/D","S/D","S/D","S/D","S/D","S/D","Colisión","S/D","S/D","S/D","S/D"
2016,10057,12/29/2016,"Jueves",0,,,"0.0",2,"Pickup/Utilitario,Moto/Ciclomotor"," ",3,2,0,0,1,0,0,,"S/D",,"VILLA CAÑAS","General López","S/D","S/D","VII","S/D","S/D","S/D","S/D","S/D","S/D","S/D","S/D","S/D","S/D","S/D","Colisión","S/D","S/D","S/D","S/D"
2016,10058,12/12/2016,"Lunes",0,,,"0.0",2,"Moto/Ciclomotor,Moto/Ciclomotor","Calle 86 Y Calle 11",3,1,1,0,1,0,0,,"Calle",,"FRONTERA","Castellanos","S/D","S/D","V","Dentro","Urbana","S/D","S/D","S/D","S/D","S/D","S/D","S/D","S/D","S/D","Colisión","S/D","S/D","S/D","S/D"
2016,10059,12/30/2016,"Viernes",0,,,"0.0",1,,"J M Zuviria Y Las Heras",2,1,0,0,1,0,0,,"Calle",,"SANTA FE","La Capital","S/D","S/D","I","S/D","S/D","S/D","S/D","S/D","S/D","S/D","S/D","S/D","S/D","S/D","Colisión","S/D","S/D","S/D","S/D"
2016,10060,12/30/2016,"Viernes",0,,,"0.0",2,"Automóvil,Moto/Ciclomotor"," ",3,2,0,0,1,0,0,,"Calle",,"SAN GENARO","San Jerónimo","S/D","S/D","XV","S/D","S/D","S/D","S/D","S/D","S/D","S/D","S/D","S/D","S/D","S/D","Colisión","S/D","S/D","S/D","S/D"
2016,10061,12/12/2016,"Lunes",0,,,"0.0",2,"Moto/Ciclomotor,Automóvil","Pedroni Y Dorrego",2,1,0,0,1,0,0,,"Calle",,"SUNCHALES","Castellanos","S/D","S/D","V","Dentro","Urbana","S/D","S/D","S/D","S/D","S/D","S/D","S/D","S/D","S/D","Colisión","S/D","S/D","S/D","S/D"
2016,10062,12/12/2016,"Lunes",0,,,"0.0",2,"Automóvil,Automóvil","Lainez Y Santa Fe",7,1,0,0,6,0,0,,"Calle",,"SUNCHALES","Castellanos","S/D","S/D","V","Dentro","Urbana","S/D","S/D","S/D","S/D","S/D","S/D","S/D","S/D","S/D","Colisión","S/D","S/D","S/D","S/D"
2016,10063,12/9/2016,"Viernes",0,6:20:00,,"0.0",1,"Automóvil","Dorrego Y San Martin",1,1,0,0,0,0,0,,"Calle",,"CALCHAQUÍ","Vera","Asfalto","Pavimento","XIX","Dentro","Urbana","Ninguna","No existe","Recta","Bueno","Buena","Amanecer","Buen Tiempo","Contra objeto fijo","S/D","Colisión","Ninguna","S/D","Vegetación,S/D","S/D"
2016,10064,12/9/2016,"Viernes",0,,,"0.0",2,"Automóvil,Moto/Ciclomotor","Maipu Y Nicolas Avellaneda",3,0,1,0,2,0,0,,"Calle",,"CAÑADA DE GÓMEZ","Iriondo","S/D","S/D","X","Dentro","Urbana","S/D","S/D","S/D","S/D","S/D","S/D","S/D","S/D","S/D","Colisión","S/D","S/D","S/D","S/D"
2016,10065,12/13/2016,"Martes",0,17:40:00,,"0.0",2,"Moto/Ciclomotor,Pickup/Utilitario","Nicasio Oroño Y San Salvador de Jujuy",2,1,0,0,1,0,0,,"Calle",,"CAÑADA DE GÓMEZ","Iriondo","S/D","S/D","X","Dentro","Urbana","S/D","S/D","S/D","S/D","S/D","Diurna","S/D","S/D","S/D","Colisión","S/D","S/D","S/D","S/D"
2016,10066,12/17/2016,"Sabado",0,,,"0.0",1,"Moto/Ciclomotor","Calle 7-Sarmiento ",1,1,0,0,0,0,0,,"Calle",,"RECONQUISTA","General Obligado","S/D","S/D","IX","Dentro","Urbana","S/D","S/D","Recta","S/D","Reducida","S/D","S/D","Contra objeto fijo","S/D","Colisión","S/D","S/D","S/D","S/D"
2016,10067,12/17/2016,"Sabado",0,20:10:00,,"0.0",2,"Automóvil,Moto/Ciclomotor","Mitre Y Ocampo",2,1,0,0,1,0,0,,"Calle",,"CAÑADA DE GÓMEZ","Iriondo","S/D","S/D","X","Dentro","Urbana","S/D","S/D","S/D","S/D","S/D","Nocturna","S/D","S/D","S/D","Colisión","S/D","S/D","S/D","S/D"
2016,10068,12/17/2016,"Sabado",0,3:00:00,"Autopista Nacional Rosario -Cordoba","0.0",2,"Transporte de Pasajeros Urbano (> 8 asientos),Camión c / Acoplado"," ",5,3,0,0,2,0,0,,"Autopista","Rosario -Cordoba","ARMSTRONG","Belgrano","S/D","S/D","III","Dentro","Rural","S/D","S/D","Recta","S/D","S/D","Nocturna","S/D","S/D","S/D","Colisión","S/D","S/D","S/D","S/D"
2016,10069,12/18/2016,"Domingo",0,12:00:00,"Ruta Nacional A009","0.0",2,"Automóvil,Moto/Ciclomotor","Calle 85 ",2,1,0,0,1,0,0,,"Ruta","A009","RECONQUISTA","General Obligado","S/D","S/D","IX","Dentro","Urbana","S/D","S/D","S/D","S/D","S/D","Diurna","S/D","S/D","S/D","Colisión","S/D","S/D","S/D","S/D"
2016,10070,12/19/2016,"Lunes",0,,,"0.0",2,"Moto/Ciclomotor,Automóvil","E Zeballos Y J V Gonzalez",2,0,1,0,1,0,0,,"Calle",,"SUNCHALES","Castellanos","S/D","S/D","V","Dentro","Urbana","S/D","S/D","S/D","S/D","S/D","S/D","S/D","S/D","S/D","Colisión","S/D","S/D","S/D","S/D"
2016,10071,12/19/2016,"Lunes",0,,,"0.0",2,"Moto/Ciclomotor,Automóvil","Av Irigoyen Y J V Gonzalez",2,1,0,0,1,0,0,,"Calle",,"SUNCHALES","Castellanos","S/D","S/D","V","Dentro","Urbana","S/D","S/D","S/D","S/D","S/D","S/D","S/D","S/D","S/D","Colisión","S/D","S/D","S/D","S/D"
2016,10072,12/19/2016,"Lunes",0,22:00:00,,"0.0",2,"Bicicleta,Moto/Ciclomotor","Calle 25-Rivadavia Y Roca Pte",2,1,0,0,1,0,0,,"Calle",,"RECONQUISTA","General Obligado","S/D","S/D","IX","Dentro","Urbana","S/D","S/D","S/D","S/D","S/D","Nocturna","S/D","S/D","Ciclista","Atropello","S/D","S/D","S/D","S/D"
2016,10073,12/20/2016,"Martes",0,12:00:00,,"0.0",2,"Moto/Ciclomotor,Pickup/Utilitario","Lisandro de la Torre Y Maipu",3,2,0,0,1,0,0,,"Calle",,"VENADO TUERTO","General López","S/D","S/D","VIII","Dentro","Urbana","S/D","S/D","S/D","S/D","S/D","Diurna","S/D","S/D","S/D","Colisión","S/D","S/D","S/D","S/D"
2016,10074,12/20/2016,"Martes",0,15:34:00,,"0.0",2,"Moto/Ciclomotor,Automóvil","Av Dr Luis Chapuis Y Nora Wade de Basualde",2,1,0,0,1,0,0,,"Calle",,"VENADO TUERTO","General López","S/D","S/D","VIII","Dentro","Urbana","S/D","S/D","Recta","S/D","S/D","Diurna","S/D","Contra objeto fijo","S/D","Colisión","S/D","S/D","S/D","S/D"
2016,10075,12/20/2016,"Martes",0,16:25:00,,"0.0",2,"Peatón,Moto/Ciclomotor","España Y Cristobal Colon",2,1,0,0,1,0,0,,"Calle",,"VENADO TUERTO","General López","S/D","S/D","VIII","Dentro","Urbana","S/D","S/D","S/D","S/D","S/D","Diurna","S/D","S/D","Peatón","Atropello","S/D","S/D","S/D","S/D"
2016,10076,12/20/2016,"Martes",0,18:28:00,,"0.0",2,"Moto/Ciclomotor,Automóvil","Bernardino Rivadavia Y Gral Manuel Belgrano",2,1,0,0,1,0,0,,"Calle",,"VENADO TUERTO","General López","S/D","S/D","VIII","Dentro","Urbana","S/D","S/D","S/D","S/D","S/D","Diurna","S/D","S/D","S/D","Colisión","S/D","S/D","S/D","S/D"
2016,10077,12/19/2016,"Lunes",0,9:50:00,,"0.0",2,"Bicicleta,Automóvil","San Martin Y Rivadavia",2,1,0,0,1,0,0,,"Calle",,"CAÑADA DE GÓMEZ","Iriondo","S/D","S/D","X","Dentro","Urbana","S/D","S/D","S/D","S/D","S/D","Diurna","S/D","S/D","Ciclista","Atropello","S/D","S/D","S/D","S/D"
2016,10078,12/22/2016,"Jueves",0,1:00:00,"Ruta Nacional 11","0.0",2,"Camión,Bicicleta"," ",2,0,1,0,1,0,0,,"Ruta",11,"BERNA","General Obligado","Asfalto","S/D","IX","Dentro","Urbana","S/D","S/D","Curva","Bueno","S/D","Nocturna","Buen Tiempo","S/D","Ciclista","Atropello","Ninguna","Horizontal","S/D","Sin restricción"
2016,10079,12/22/2016,"Jueves",0,18:00:00,,"0.0",2,"Moto/Ciclomotor,Pickup/Utilitario","Necochea Y Marconi",2,1,0,0,1,0,0,,"Calle",,"CAÑADA DE GÓMEZ","Iriondo","S/D","S/D","X","Dentro","Urbana","S/D","S/D","S/D","S/D","S/D","Diurna","S/D","S/D","S/D","Colisión","S/D","S/D","S/D","S/D"
2016,10080,11/20/2016,"Domingo",0,21:50:00,,"0.0",1,"Automóvil","Santa Fe 1800",1,1,0,0,0,0,0,,"Calle",,"VENADO TUERTO","General López","S/D","No existe","VIII","Dentro","Urbana","S/D","S/D","Recta","S/D","S/D","Nocturna","S/D","Contra objeto fijo","S/D","Colisión","S/D","S/D","S/D","S/D"
2016,10081,11/21/2016,"Lunes",0,,,"0.0",1,"Moto/Ciclomotor","Bv Pte Roca ",1,1,0,0,0,0,0,,"Avenida",,"RAFAELA","Castellanos","Hormigón","No existe","V","Dentro","Urbana","S/D","S/D","S/D","Bueno","S/D","Atardecer","S/D","S/D","S/D","Caída ocupante","S/D","Vertical","Cordón divisorio,Vegetación","S/D"
2016,10082,11/21/2016,"Lunes",0,,,"0.0",2,"Moto/Ciclomotor,Automóvil"," ",2,1,0,0,1,0,0,,"S/D",,"VENADO TUERTO","General López","S/D","S/D","VIII","S/D","S/D","S/D","S/D","S/D","S/D","S/D","S/D","S/D","S/D","S/D","Colisión","S/D","S/D","S/D","S/D"
2016,10083,11/24/2016,"Jueves",0,,,"0.0",2,"Bicicleta,Pickup/Utilitario","CAMNO AL CEMENTERIO Y CAMINO RURAL ",2,0,1,0,1,0,0,,"Camino Rural",,"AREQUITO","Caseros","Ripio","Natural","IV","Dentro","Rural","S/D","No existe","Intersección","S/D","S/D","S/D","S/D","S/D","Ciclista","Atropello","S/D","S/D","Ninguna","S/D"
2016,10084,11/24/2016,"Jueves",0,,,"0.0",2,"Bicicleta,Pickup/Utilitario","Dante Alighieri Y 3 de Febrero",2,0,1,0,1,0,0,,"Calle",,"VENADO TUERTO","General López","S/D","S/D","VIII","Dentro","Urbana","S/D","S/D","Intersección","S/D","S/D","S/D","S/D","S/D","Ciclista","Atropello","S/D","S/D","S/D","S/D"
2016,10085,11/24/2016,"Jueves",0,,,"0.0",2,"Moto/Ciclomotor,Moto/Ciclomotor"," ",2,0,2,0,0,0,0,,"S/D",,"VENADO TUERTO","General López","S/D","S/D","VIII","Dentro","Urbana","S/D","S/D","S/D","S/D","S/D","S/D","S/D","S/D","S/D","Colisión","S/D","S/D","S/D","S/D"
2016,10086,11/24/2016,"Jueves",0,,,"0.0",2,"Moto/Ciclomotor,Moto/Ciclomotor","Av Gral Lopez Y 25 de Mayo",2,1,0,0,1,0,0,,"Calle",,"SAN JAVIER","San Javier","S/D","S/D","XIV","Dentro","Urbana","S/D","S/D","Intersección","S/D","S/D","S/D","S/D","S/D","S/D","Colisión","S/D","S/D","S/D","S/D"
2016,10087,11/4/2016,"Viernes",0,,,"0.0",2,"Moto/Ciclomotor,Camión","Chaco Y Laprida",2,1,0,0,1,0,0,,"Calle",,"VENADO TUERTO","General López","S/D","S/D","VIII","Dentro","Urbana","S/D","S/D","Intersección","S/D","S/D","S/D","S/D","S/D","S/D","Colisión","S/D","S/D","S/D","S/D"
2016,10088,11/21/2016,"Lunes",0,14:40:00,"Ruta Nacional 9","0.0",2,"Moto/Ciclomotor,Automóvil","Av. Santa Fe (RN9) y San Martín ",2,1,0,0,1,0,0,,"Ruta",9,"CAÑADA DE GÓMEZ","Iriondo","S/D","S/D","X","Dentro","Urbana","S/D","S/D","Intersección","S/D","S/D","Diurna","S/D","S/D","S/D","Colisión","S/D","S/D","S/D","S/D"
2016,10089,11/4/2016,"Viernes",0,,,"0.0",2,"Automóvil,Moto/Ciclomotor","Miguel de Azcuenaga Y Roque Saenz Peña",2,1,0,0,1,0,0,,"Calle",,"VENADO TUERTO","General López","S/D","S/D","VIII","Dentro","Urbana","S/D","S/D","Intersección","S/D","S/D","S/D","S/D","S/D","S/D","Colisión","S/D","S/D","S/D","S/D"
2016,10090,11/19/2016,"Sabado",0,,,"0.0",2,"Moto/Ciclomotor,Moto/Ciclomotor","7 de Octubre Y Chacabuco",2,1,0,0,1,0,0,,"Calle",,"CAÑADA DE GÓMEZ","Iriondo","S/D","S/D","X","Dentro","Urbana","S/D","S/D","Intersección","S/D","S/D","S/D","S/D","S/D","S/D","Colisión","S/D","S/D","S/D","S/D"
2016,10091,11/4/2016,"Viernes",0,,,"0.0",2,"Automóvil,Moto/Ciclomotor","Av Dr Luis Chapuis Y Dr Jose Andres Valdez",2,1,0,0,1,0,0,,"Calle",,"VENADO TUERTO","General López","S/D","S/D","VIII","Dentro","Urbana","S/D","S/D","Intersección","S/D","S/D","S/D","S/D","S/D","S/D","Colisión","S/D","S/D","S/D","S/D"
2016,10092,11/4/2016,"Viernes",0,11:00:00,,"0.0",2,"Moto/Ciclomotor,Automóvil","Primera Junta Y Gral Guemes",2,1,0,0,1,0,0,,"Calle",,"GÁLVEZ","San Jerónimo","S/D","S/D","XV","Dentro","Urbana","S/D","S/D","Intersección","S/D","S/D","Diurna","S/D","S/D","S/D","Colisión","S/D","S/D","S/D","S/D"
2016,10093,11/25/2016,"Viernes",0,,,"0.0",2,"Automóvil,Automóvil","Boulevard Lisandro de la Torre Y San Lorenzo",3,1,0,0,2,0,0,,"Calle",,"CASILDA","Caseros","S/D","S/D","IV","Dentro","Urbana","S/D","S/D","Intersección","S/D","S/D","S/D","S/D","De alcance","S/D","Colisión","S/D","S/D","S/D","S/D"
2016,10094,11/25/2016,"Viernes",0,,"Ruta Nacional 11","0.0",2,"Moto/Ciclomotor,Automóvil","RN 11 ALTURA EN EL ACCESO A LA AUTOPISTA ",2,1,0,0,1,0,0,,"Ruta",11,"CORONDA","San Jerónimo","Hormigón","Natural","XV","Dentro","Rural","S/D","S/D","Intersección","S/D","S/D","S/D","S/D","S/D","S/D","Colisión","S/D","S/D","S/D","S/D"
2016,10095,11/25/2016,"Viernes",0,,,"0.0",1,"Moto/Ciclomotor","Callao Y J.M.Gutierrez",1,1,0,0,0,0,0,,"Calle",,"ROSARIO","Rosario","Asfalto","No existe","II","Dentro","Urbana","S/D","No existe","Intersección","Deteriorada","S/D","S/D","S/D","S/D","S/D","Caída ocupante","S/D","Faltante","Ninguna","S/D"
2016,10096,11/26/2016,"Sabado",0,,,"0.0",2,"Bicicleta,Automóvil"," ",2,1,0,0,1,0,0,,"S/D",,"CASILDA","Caseros","S/D","S/D","IV","S/D","S/D","S/D","S/D","Recta","S/D","S/D","S/D","S/D","De alcance","S/D","Colisión","S/D","S/D","S/D","S/D"
2016,10097,11/26/2016,"Sabado",0,19:20:00,,"0.0",2,"Moto/Ciclomotor,Moto/Ciclomotor","Progreso Y Carlos Gardel",3,0,1,0,2,0,0,,"Calle",,"RAFAELA","Castellanos","S/D","S/D","V","Dentro","Urbana","S/D","S/D","Intersección","S/D","S/D","S/D","S/D","S/D","S/D","Colisión","S/D","S/D","S/D","S/D"
2016,10098,11/26/2016,"Sabado",0,,,"0.0",2,"Bicicleta,Automóvil","Calle 10-Ludue±a Y Calle 21-Gdor. iriondo",2,1,0,0,1,0,0,,"Calle",,"RECONQUISTA","General Obligado","S/D","S/D","XI","Dentro","Urbana","S/D","S/D","Intersección","S/D","S/D","S/D","S/D","S/D","Ciclista","Atropello","S/D","S/D","S/D","S/D"
2016,10099,11/30/2016,"Miercoles",0,,,"0.0",1,"Moto/Ciclomotor","Mendoza Y F.More",1,1,0,0,0,0,0,,"Calle",,"ROSARIO","Rosario","S/D","S/D","II","Dentro","Urbana","S/D","S/D","Intersección","S/D","S/D","S/D","S/D","Contra objeto fijo","S/D","Colisión","S/D","S/D","S/D","S/D"
2016,10100,12/23/2016,"Viernes",0,12:40:00,,"0.0",2,"Automóvil,Moto/Ciclomotor","Necochea Y Alberdi",2,1,0,0,1,0,0,,"Calle",,"CAÑADA DE GÓMEZ","Iriondo","S/D","S/D","X","Dentro","Urbana","S/D","S/D","Intersección","S/D","S/D","Diurna","S/D","S/D","S/D","Colisión","S/D","S/D","S/D","S/D"
2016,10102,12/23/2016,"Viernes",0,10:45:00,"Ruta Nacional Rosario -Cordoba","370.0",2,"Pickup/Utilitario,Camión"," ",2,2,0,0,0,0,0,,"Ruta","Rosario -Cordoba","CAÑADA DE GÓMEZ","Iriondo","S/D","S/D","X","Dentro","Urbana","S/D","S/D","Recta","S/D","S/D","Diurna","S/D","De alcance","S/D","Colisión","S/D","S/D","S/D","S/D"
2016,10103,12/24/2016,"Sabado",0,8:20:00,,"0.0",1,"Moto/Ciclomotor","Falucho ",1,1,0,0,0,0,0,,"Calle",,"VENADO TUERTO","General López","S/D","S/D","VIII","Dentro","Urbana","S/D","S/D","Recta","S/D","S/D","Diurna","S/D","S/D","S/D","Caída ocupante","S/D","S/D","S/D","S/D"
2016,10104,12/24/2016,"Sabado",0,12:45:00,,"0.0",2,"Automóvil,Bicicleta","España Y Roque Saenz Peña",2,1,0,0,1,0,0,,"Calle",,"VENADO TUERTO","General López","S/D","S/D","VIII","Dentro","Urbana","S/D","S/D","Intersección","S/D","S/D","Diurna","S/D","S/D","Ciclista","Atropello","S/D","S/D","S/D","S/D"
2016,10105,11/30/2016,"Miercoles",0,,,"0.0",2,"Moto/Ciclomotor,Automóvil","General Bartolome Mitre Y Hipolito Yrigoyen",2,1,0,0,1,0,0,,"Calle",,"CASILDA","Caseros","S/D","S/D","IV","Dentro","Urbana","S/D","S/D","Intersección","S/D","S/D","S/D","S/D","S/D","S/D","Colisión","S/D","S/D","S/D","S/D"
2016,10106,12/24/2016,"Sabado",0,17:31:00,,"0.0",2,"Moto/Ciclomotor,Camión","Santa Fe Y Mariano Lopez",2,1,0,0,1,0,0,,"Calle",,"VENADO TUERTO","General López","S/D","S/D","VIII","Dentro","Urbana","S/D","S/D","S/D","S/D","S/D","Diurna","S/D","S/D","S/D","Colisión","S/D","S/D","S/D","S/D"
2016,10107,12/23/2016,"Viernes",0,19:20:00,,"0.0",2,"Automóvil,Moto/Ciclomotor","España Y Bv. Balcarce",2,1,0,0,1,0,0,,"Calle",,"CAÑADA DE GÓMEZ","Iriondo","S/D","S/D","X","Dentro","Urbana","S/D","S/D","S/D","S/D","S/D","Diurna","S/D","S/D","S/D","Colisión","S/D","S/D","S/D","S/D"
2016,10108,12/27/2016,"Martes",0,19:00:00,,"0.0",2,"Automóvil,Moto/Ciclomotor","Mitre Y Necochea",3,2,0,0,1,0,0,,"Calle",,"CAÑADA DE GÓMEZ","Iriondo","S/D","S/D","X","Dentro","Urbana","S/D","S/D","S/D","S/D","S/D","Diurna","S/D","S/D","S/D","Colisión","S/D","S/D","S/D","S/D"
2016,10109,12/29/2016,"Jueves",0,14:30:00,,"0.0",2,"Automóvil,Automóvil","Las Heras Y J M Zuviria",2,1,0,0,1,0,0,,"Calle",,"SANTA FE","La Capital","S/D","S/D","I","Dentro","Urbana","S/D","S/D","S/D","S/D","S/D","Diurna","S/D","S/D","S/D","Colisión","S/D","S/D","S/D","S/D"
2016,10110,12/30/2016,"Viernes",0,,"Ruta Nacional 11","0.0",2,"Moto/Ciclomotor,Automóvil","Calle 31-Newbery ",2,2,0,0,0,0,0,,"Ruta",11,"RECONQUISTA","General Obligado","S/D","S/D","IX","Dentro","Urbana","S/D","S/D","S/D","S/D","S/D","Diurna","S/D","S/D","S/D","Colisión","S/D","S/D","S/D","S/D"
2016,10111,11/4/2016,"Viernes",0,18:00:00,,"0.0",2,"Bicicleta,Automóvil","Avda. Jorge Newbery ",2,1,0,0,1,0,0,,"Avenida",,"GÁLVEZ","San Jerónimo","S/D","S/D","XV","Dentro","Urbana","S/D","S/D","Intersección","S/D","S/D","Diurna","S/D","S/D","Ciclista","Atropello","S/D","S/D","S/D","S/D"
2016,10112,11/5/2016,"Sabado",0,,"Ruta Nacional 33","634.0",1,"Automóvil"," ",1,1,0,0,0,0,0,,"Ruta",33,"VENADO TUERTO","General López","Asfalto","S/D","VIII","Dentro","Urbana","S/D","S/D","Recta","S/D","S/D","S/D","S/D","S/D","S/D","Vuelco","S/D","S/D","S/D","S/D"
2016,10113,11/5/2016,"Sabado",0,,"Ruta Provincial 64","0.0",1,"Automóvil","8 KM AL OESTE DEL CRUCE RP 10 ",1,1,0,0,0,0,0,,"Ruta",64,"LÓPEZ","San Jerónimo","S/D","S/D","XV","Dentro","Rural","S/D","S/D","Recta","S/D","S/D","S/D","S/D","S/D","S/D","Vuelco,Despiste","S/D","S/D","S/D","S/D"