"anio_acci","nro_acci","fecha","desc_dia","fecha_aprox","hora_aprox","desc_ruta","km","cant_participantes","desc_participante","calle_avenida_km","total","heridos_leves","heridos_graves","heridos_gravisimos","ilesos","fallecidos","sin_datos","posicion_XY","desc_tipo_via","desc_ruta_ori","desc_loc","desc_dpto","desc_tipo_calzada","desc_tipo_banquina","desc_unidad_regional","desc_lugar_calzada","desc_zona","desc_prioridad","desc_estado_semaforo","desc_lugar_via","desc_estado_via","desc_estado_visibilidad","desc_luminosidad","desc_estado_clima","desc_tipo_colision","desc_tipo_atropello","desc_tipo_hecho","desc_pres_calzada","desc_senializacion","desc_separacion_via","desc_restriccion"
2016,10114,11/22/2016,"Martes",0,12:00:00,,"0.0",2,"Moto/Ciclomotor,Pickup/Utilitario","Nicasio Oroño Y Necochea",2,1,0,0,1,0,0,,"Calle",,"CAÑADA DE GÓMEZ","Iriondo","S/D","S/D","X","Dentro","Urbana","S/D","S/D","Intersección","S/D","S/D","Diurna","S/D","S/D","S/D","Colisión","S/D","S/D","S/D","S/D"
2016,10115,11/22/2016,"Martes",0,8:00:00,"Ruta Nacional 9","0.0",2,"Pickup/Utilitario,Bicicleta","RN9 Y LAPRIDA ",2,1,0,0,1,0,0,,"Ruta",9,"CAÑADA DE GÓMEZ","Iriondo","S/D","S/D","X","Dentro","Urbana","S/D","S/D","Cruce","S/D","S/D","S/D","S/D","S/D","Ciclista","Atropello","S/D","S/D","S/D","S/D"
2016,10116,11/22/2016,"Martes",0,17:00:00,"Ruta Nacional 9","0.0",2,"Pickup/Utilitario,Transporte de Pasajeros Larga Distancia (> 8 asientos)","RN9 Y Y RP91 ",3,1,0,0,2,0,0,,"Ruta",9,"CAÑADA DE GÓMEZ","Iriondo","S/D","S/D","X","Dentro","Urbana","S/D","S/D","Intersección","S/D","S/D","S/D","S/D","S/D","S/D","Colisión","S/D","S/D","S/D","S/D"
2016,10117,11/23/2016,"Miercoles",0,10:45:00,,"0.0",2,"Pickup/Utilitario,Pickup/Utilitario","Cerrito Y Uruguay",2,1,0,0,1,0,0,,"Calle",,"VENADO TUERTO","General López","Hormigón","No existe","VIII","Dentro","Urbana","S/D","S/D","Intersección","Bueno","S/D","Diurna","S/D","S/D","S/D","Colisión","S/D","S/D","S/D","S/D"
2016,10118,11/24/2016,"Jueves",0,21:00:00,,"0.0",1,"Automóvil","Santiago Derqui Y Cayetano Silva",2,2,0,0,0,0,0,,"Calle",,"VENADO TUERTO","General López","S/D","S/D","VIII","Dentro","Urbana","S/D","S/D","Recta","S/D","S/D","Nocturna","S/D","Contra objeto fijo","S/D","Colisión","S/D","S/D","S/D","S/D"
2016,10119,11/24/2016,"Jueves",0,3:30:00,,"0.0",2,"Automóvil,Automóvil","Bv Galvez Y Rivadavia",3,3,0,0,0,0,0,,"Avenida",,"SANTA FE","La Capital","Hormigón","No existe","I","Dentro","Urbana","Semáforo","Funciona","Intersección","Bueno","S/D","Diurna","S/D","S/D","S/D","Colisión","S/D","Horizontal,Vertical","Cordón divisorio,Vegetación,S/D","S/D"
2016,10120,11/1/2016,"Martes",0,17:18:00,,"0.0",2,"Automóvil,Moto/Ciclomotor","Bartolome Mitre Y España",2,1,0,0,1,0,0,,"Calle",,"VENADO TUERTO","General López","S/D","S/D","VIII","Dentro","Urbana","S/D","S/D","Intersección","S/D","S/D","Diurna","S/D","S/D","S/D","Colisión","S/D","S/D","S/D","S/D"
2016,10121,11/5/2016,"Sabado",0,,,"0.0",1,"Moto/Ciclomotor","Cabral 1600",1,1,0,0,0,0,0,,"Calle",,"VENADO TUERTO","General López","S/D","S/D","VIII","Dentro","Urbana","S/D","S/D","Intersección","S/D","S/D","S/D","S/D","S/D","S/D","Caída ocupante","S/D","S/D","S/D","S/D"
2016,10122,11/6/2016,"Domingo",0,3:25:00,,"0.0",2,"Moto/Ciclomotor,Moto/Ciclomotor","Santa Fe Y Bartolome Mitre",2,2,0,0,0,0,0,,"Calle",,"VENADO TUERTO","General López","S/D","S/D","VIII","Dentro","Urbana","S/D","S/D","Intersección","S/D","S/D","Nocturna","S/D","S/D","S/D","Colisión","S/D","S/D","S/D","S/D"
2016,10123,11/7/2016,"Lunes",0,0:05:00,,"0.0",1,"Moto/Ciclomotor","Balcarce Y Lopez",1,1,0,0,0,0,0,,"Calle",,"VENADO TUERTO","General López","S/D","S/D","VIII","Dentro","Urbana","S/D","S/D","Recta","S/D","S/D","Nocturna","S/D","Contra objeto fijo","S/D","Colisión","S/D","S/D","S/D","S/D"
2016,10124,11/4/2016,"Viernes",0,15:00:00,,"0.0",2,"Automóvil,Moto/Ciclomotor","Pellegrini Y Ballesteros",2,1,0,0,1,0,0,,"Calle",,"CAÑADA DE GÓMEZ","Iriondo","S/D","S/D","X","Dentro","Urbana","S/D","S/D","Intersección","S/D","S/D","Diurna","S/D","S/D","S/D","Colisión","S/D","S/D","S/D","S/D"
2016,10125,11/8/2016,"Martes",0,17:30:00,,"0.0",2,"Moto/Ciclomotor,Pickup/Utilitario"," ",2,0,1,0,1,0,0,,"Calle",,"VENADO TUERTO","General López","S/D","S/D","VIII","Dentro","Urbana","S/D","S/D","S/D","S/D","S/D","Diurna","S/D","S/D","S/D","Colisión","S/D","S/D","S/D","S/D"
2016,10126,11/8/2016,"Martes",0,18:50:00,,"0.0",1,"Bicicleta","España Y Maipu",1,1,0,0,0,0,0,,"Calle",,"VENADO TUERTO","General López","S/D","S/D","VIII","Dentro","Urbana","S/D","S/D","S/D","S/D","S/D","Diurna","S/D","S/D","S/D","Caída ocupante","S/D","S/D","S/D","S/D"
2016,10127,11/9/2016,"Miercoles",0,13:25:00,,"0.0",2,"Automóvil,Pickup/Utilitario","Boulevard Centenario Y Sarmiento",2,1,0,0,1,0,0,,"Calle",,"CAÑADA DE GÓMEZ","Iriondo","S/D","S/D","X","Dentro","Urbana","S/D","S/D","Intersección","S/D","S/D","Diurna","S/D","S/D","S/D","Colisión","S/D","S/D","S/D","S/D"
2016,10128,11/13/2016,"Domingo",0,13:30:00,"Ruta Nacional 11","344.0",2,"Automóvil,Automóvil"," ",6,1,0,0,5,0,0,,"Ruta",11,"TIMBÚES","San Lorenzo","S/D","S/D","XVII","Dentro","Urbana","S/D","S/D","Recta","S/D","S/D","Diurna","S/D","Frontal","S/D","Colisión","S/D","S/D","S/D","S/D"
2016,10129,12/14/2016,"Miercoles",0,,"Ruta Provincial 3","0.0",2,"Moto/Ciclomotor,Camión"," ",2,1,0,0,1,0,0,,"Ruta",3,"GARABATO","Vera","S/D","S/D","XIX","Dentro","Urbana","S/D","S/D","Recta","S/D","S/D","S/D","S/D","S/D","S/D","Colisión","S/D","S/D","S/D","S/D"
2016,10130,12/14/2016,"Miercoles",0,19:30:00,,"0.0",2,"Moto/Ciclomotor,Cuatriciclo","25 de Mayo Y Moreno",4,4,0,0,0,0,0,,"Calle",,"VERA","Vera","S/D","S/D","XIX","Dentro","Urbana","S/D","S/D","Intersección","S/D","S/D","Diurna","S/D","S/D","S/D","Colisión","S/D","S/D","S/D","S/D"
2016,10131,11/25/2016,"Viernes",0,23:30:00,,"0.0",2,"Moto/Ciclomotor,Moto/Ciclomotor","Garibaldi Y Santa Fe",2,1,0,0,1,0,0,,"Avenida",,"VENADO TUERTO","General López","Asfalto","S/D","VIII","Dentro","Urbana","Ninguna","No existe","Intersección","Bueno","Buena","S/D","Buen Tiempo","Lateral","S/D","Colisión","Ninguna","S/D","Ninguna","S/D"
2016,10132,11/28/2016,"Lunes",0,,,"0.0",2,"Automóvil,Moto/Ciclomotor","Chacabuco Y 1ro de Mayo",3,0,2,0,1,0,0,,"Calle",,"SANTA FE","La Capital","S/D","S/D","I","Dentro","Urbana","S/D","S/D","Intersección","S/D","S/D","S/D","S/D","S/D","S/D","Colisión","S/D","S/D","S/D","S/D"
2016,10133,11/25/2016,"Viernes",0,12:00:00,"Ruta Nacional 9","0.0",2,"Moto/Ciclomotor,Pickup/Utilitario","San Martin ",2,1,0,0,1,0,0,,"Ruta",9,"CAÑADA DE GÓMEZ","Iriondo","Asfalto","No existe","X","Dentro","Urbana","Ninguna","No existe","Intersección","Bueno","Buena","Diurna","Buen Tiempo","Lateral","S/D","Colisión","Ninguna","S/D","Ninguna","S/D"
2016,10134,11/22/2016,"Martes",0,,,"0.0",2,"Moto/Ciclomotor,Automóvil","Hipolito Irigoyen Y 7 de Octubre",2,0,1,0,1,0,0,,"Calle",,"CAÑADA DE GÓMEZ","Iriondo","Asfalto","S/D","X","Dentro","Urbana","Ninguna","No existe","Intersección","Bueno","Buena","S/D","Buen Tiempo","Lateral","S/D","Colisión","Ninguna","S/D","Ninguna","S/D"
2016,10135,11/28/2016,"Lunes",0,13:15:00,,"0.0",1,"Moto/Ciclomotor","Boulevard Centenario 300",1,1,0,0,0,0,0,,"Calle",,"CAÑADA DE GÓMEZ","Iriondo","S/D","S/D","X","Dentro","Urbana","S/D","S/D","Intersección","S/D","S/D","Diurna","S/D","S/D","S/D","Caída ocupante","S/D","S/D","S/D","S/D"
2016,10136,11/29/2016,"Martes",0,21:15:00,,"0.0",2,"Moto/Ciclomotor,Pickup/Utilitario","2 de Abril Y Tucuman",2,1,0,0,1,0,0,,"Calle",,"VENADO TUERTO","General López","S/D","S/D","VIII","Dentro","Urbana","S/D","S/D","Intersección","S/D","S/D","Nocturna","S/D","S/D","S/D","Colisión","S/D","S/D","S/D","S/D"
2016,10137,11/26/2016,"Sabado",0,19:35:00,"Ruta Nacional 8","0.0",1,"Bicicleta","Maipu ",1,1,0,0,0,0,0,,"Ruta",8,"CAÑADA DE GÓMEZ","Iriondo","Asfalto","No existe","X","Dentro","Urbana","Ninguna","No existe","Intersección","Bueno","Buena","Atardecer","Buen Tiempo","S/D","S/D","Caída ocupante","Ninguna","S/D","Ninguna","S/D"
2016,10138,11/29/2016,"Martes",0,,,"0.0",1,"Moto/Ciclomotor","Francia Y I Arias",1,1,0,0,0,0,0,,"Calle",,"RAFAELA","Castellanos","S/D","S/D","V","Dentro","Urbana","S/D","S/D","Intersección","S/D","S/D","S/D","S/D","Contra objeto fijo","S/D","Colisión","S/D","S/D","S/D","S/D"
2016,10139,11/26/2016,"Sabado",0,8:00:00,,"0.0",2,"Automóvil,Automóvil","Av. Circunvalacion ",3,3,0,0,0,0,0,,"Avenida",,"ROSARIO","Rosario","Asfalto","No existe","II","Dentro","Urbana","Ninguna","No existe","Recta","Bueno","Buena","Diurna","Buen Tiempo","De alcance","S/D","Colisión","Ninguna","S/D","Ninguna","S/D"
2016,10140,11/25/2016,"Viernes",0,,,"0.0",2,"Moto/Ciclomotor,Otros","Independencia Y Necochea",2,1,0,0,1,0,0,,"Calle",,"CAÑADA DE GÓMEZ","Iriondo","S/D","S/D","X","Dentro","Urbana","S/D","S/D","Intersección","S/D","S/D","Diurna","S/D","S/D","S/D","Colisión","S/D","S/D","S/D","S/D"
2016,10141,11/25/2016,"Viernes",0,15:00:00,,"0.0",2,"Automóvil,Moto/Ciclomotor","Sarmiento Y 7 de Octubre",2,1,0,0,1,0,0,,"Calle",,"CAÑADA DE GÓMEZ","Iriondo","S/D","S/D","X","Dentro","Urbana","S/D","S/D","Intersección","S/D","S/D","Diurna","S/D","S/D","S/D","Colisión","S/D","S/D","S/D","Sin restricción"
2016,10142,11/25/2016,"Viernes",0,18:00:00,,"0.0",2,"Automóvil,Moto/Ciclomotor","Quintana 1400",2,1,0,0,1,0,0,,"Calle",,"CAÑADA DE GÓMEZ","Iriondo","S/D","S/D","X","Dentro","Urbana","S/D","S/D","Intersección","S/D","S/D","Diurna","S/D","S/D","S/D","Colisión","S/D","S/D","S/D","S/D"
2016,10143,11/28/2016,"Lunes",0,18:40:00,,"0.0",1,"Transporte de Pasajeros (H/ 8 asientos)"," ",5,5,0,0,0,0,0,,"Calle",,"TIMBÚES","San Lorenzo","S/D","S/D","XVII","Dentro","Urbana","S/D","S/D","S/D","S/D","S/D","Diurna","S/D","Contra objeto fijo","S/D","Colisión","S/D","S/D","S/D","S/D"
2016,10144,11/29/2016,"Martes",0,13:00:00,,"0.0",2,"Moto/Ciclomotor,Automóvil","Ocampo 700",2,1,0,0,1,0,0,,"Calle",,"CAÑADA DE GÓMEZ","Iriondo","S/D","S/D","X","Dentro","Urbana","S/D","S/D","Intersección","S/D","S/D","Diurna","S/D","S/D","S/D","Colisión","S/D","S/D","S/D","S/D"
2016,10145,11/29/2016,"Martes",0,15:20:00,"Ruta Nacional 9","0.0",2,"Automóvil,Moto/Ciclomotor","Alvear ",2,1,0,0,1,0,0,,"Ruta",9,"CAÑADA DE GÓMEZ","Iriondo","S/D","S/D","X","Dentro","Urbana","S/D","S/D","S/D","S/D","S/D","Diurna","S/D","S/D","S/D","Colisión","S/D","S/D","S/D","S/D"
2016,10146,11/29/2016,"Martes",0,20:00:00,,"0.0",2,"Automóvil,Moto/Ciclomotor","Alvear Y Ituzaingo",2,1,0,0,1,0,0,,"Calle",,"CAÑADA DE GÓMEZ","Iriondo","S/D","S/D","X","Dentro","Urbana","S/D","S/D","Intersección","S/D","S/D","Atardecer","S/D","S/D","S/D","Colisión","S/D","S/D","S/D","S/D"
2016,10147,11/8/2016,"Martes",0,23:15:00,"Ruta Nacional 11","0.0",2,"Automóvil,Transporte de Pasajeros Urbano (> 8 asientos)","Calle 131 Raul Carussi Y Ruta Nacional 11",2,1,0,0,1,0,0,,"Ruta",11,"RECONQUISTA","General Obligado","S/D","S/D","IX","Dentro","Urbana","S/D","S/D","Intersección","S/D","S/D","Nocturna","S/D","S/D","S/D","Colisión","S/D","S/D","S/D","S/D"
2016,10148,11/15/2016,"Martes",0,,,"0.0",2,"Moto/Ciclomotor,Pickup/Utilitario"," ",2,1,0,0,1,0,0,,"Calle",,"TORTUGAS","Belgrano","S/D","S/D","III","Dentro","Urbana","S/D","S/D","Intersección","S/D","S/D","S/D","S/D","S/D","S/D","Colisión","S/D","S/D","S/D","S/D"
2016,10149,11/14/2016,"Lunes",0,,,"0.0",2,"Moto/Ciclomotor,Ambulancia","Dr Alvarez Y Jorge Sacco",2,1,0,0,1,0,0,,"Calle",,"CHAÑAR LADEADO","Caseros","S/D","S/D","IV","Dentro","Urbana","S/D","S/D","Intersección","S/D","S/D","S/D","S/D","Lateral","S/D","Colisión","S/D","S/D","S/D","S/D"
2016,10150,11/1/2016,"Martes",1,22:30:00,,"0.0",2,"Moto/Ciclomotor,Automóvil","Bv. 27 De Febrero Y P.L.Funes",2,1,0,0,1,0,0,,"Calle",,"ROSARIO","Rosario","Asfalto","No existe","II","Dentro","Urbana","S/D","No existe","Intersección","Con baches","S/D","Nocturna","S/D","S/D","S/D","Colisión","Material Suelto","Faltante","Cordón divisorio","S/D"
2016,10151,11/1/2016,"Martes",1,22:45:00,,"0.0",2,"Automóvil,Moto/Ciclomotor","Matienzo Y Cochabamba",2,1,0,0,1,0,0,,"Calle",,"ROSARIO","Rosario","Asfalto","No existe","II","Dentro","Urbana","Ninguna","No existe","Intersección","Con baches","Reducida","Nocturna","S/D","S/D","S/D","Colisión","Material Suelto","Faltante","Ninguna","S/D"
2016,10152,11/1/2016,"Martes",1,23:45:00,,"0.0",2,"Moto/Ciclomotor,Automóvil","Mariano Moreno Y Hipolito Yrigoyen",2,1,0,0,1,0,0,,"Calle",,"CASILDA","Caseros","S/D","S/D","IV","Dentro","Urbana","S/D","S/D","Recta","S/D","S/D","Nocturna","S/D","S/D","S/D","Colisión","S/D","S/D","S/D","S/D"
2016,10153,11/1/2016,"Martes",1,,,"0.0",2,"Pickup/Utilitario,Moto/Ciclomotor","Corrientes Y Rivadavia",3,1,0,0,2,0,0,,"Calle",,"VERA","Vera","S/D","S/D","XIX","Dentro","Urbana","S/D","S/D","Intersección","S/D","S/D","S/D","S/D","S/D","S/D","Colisión","S/D","S/D","S/D","S/D"
2016,10154,11/1/2016,"Martes",1,,,"0.0",2,"Bicicleta,Moto/Ciclomotor","DORREGO Y PUEYRREDON",4,2,0,0,2,0,0,,"Calle",,"IRIGOYEN","San Jerónimo","S/D","S/D","XV","Dentro","Urbana","S/D","S/D","Intersección","S/D","S/D","S/D","S/D","S/D","Ciclista","Atropello","S/D","S/D","S/D","S/D"
2016,10155,11/1/2016,"Martes",1,,"Ruta Nacional 178","0.0",2,"Moto/Ciclomotor,Automóvil"," ",2,2,0,0,0,0,0,,"Ruta",178,"BIGAND","Caseros","S/D","S/D","IV","Dentro","Urbana","S/D","S/D","Cruce","S/D","S/D","S/D","S/D","S/D","S/D","Colisión","S/D","S/D","S/D","S/D"
2016,10156,11/1/2016,"Martes",1,,,"0.0",2,"Automóvil,Bicicleta","España ",2,1,0,0,1,0,0,,"Calle",,"CASILDA","Caseros","S/D","S/D","IV","Dentro","Urbana","S/D","S/D","Intersección","S/D","S/D","S/D","S/D","S/D","Ciclista","Atropello","S/D","S/D","S/D","S/D"
2016,10157,11/1/2016,"Martes",1,,,"0.0",2,"Moto/Ciclomotor,Automóvil","Calle 30-Lucas Funes Y Calle 61-La Rioja",3,2,0,0,1,0,0,,"Calle",,"RECONQUISTA","General Obligado","S/D","S/D","IX","Dentro","Urbana","S/D","S/D","Intersección","S/D","S/D","S/D","S/D","S/D","S/D","Colisión","S/D","S/D","S/D","S/D"
2016,10158,11/1/2016,"Martes",1,,,"0.0",2,"Moto/Ciclomotor,Pickup/Utilitario","Avda. Jorge Newbery Y Gdor Vera",2,1,0,0,1,0,0,,"Calle",,"GÁLVEZ","San Jerónimo","S/D","S/D","XV","Dentro","Urbana","S/D","S/D","Intersección","S/D","S/D","S/D","S/D","S/D","S/D","Colisión","S/D","S/D","S/D","S/D"
2016,10159,11/1/2016,"Martes",0,,,"0.0",2,"Automóvil,Moto/Ciclomotor"," ",2,1,0,0,1,0,0,,"Calle",,"GÁLVEZ","San Jerónimo","S/D","S/D","XV","Dentro","Urbana","S/D","S/D","Intersección","S/D","S/D","S/D","S/D","S/D","S/D","Colisión","S/D","S/D","S/D","S/D"
2016,10160,11/1/2016,"Martes",0,,,"0.0",2,"Automóvil,Moto/Ciclomotor","Boulevard Ovidio Lagos Y San Luis",3,1,0,0,2,0,0,,"Calle",,"CASILDA","Caseros","S/D","S/D","IV","Dentro","Urbana","S/D","S/D","Intersección","S/D","S/D","S/D","S/D","S/D","S/D","Colisión","S/D","S/D","S/D","S/D"
2016,10161,11/1/2016,"Martes",0,,"Ruta Nacional 11","0.0",3,"Vehículo Oficial,Moto/Ciclomotor,Pickup/Utilitario","Dr Ghio ",4,2,0,0,2,0,0,,"Ruta",11,"SAN LORENZO","San Lorenzo","Asfalto","S/D","XVII","Dentro","Urbana","Ninguna","S/D","Recta","Bueno","Buena","S/D","Buen Tiempo","De alcance,Múltiple","S/D","Colisión","Ninguna","S/D","Ninguna","S/D"
2016,10162,11/1/2016,"Martes",1,7:30:00,"Ruta Nacional 11","0.0",1,"Moto/Ciclomotor","Republica del Pareguay ",1,1,0,0,0,0,0,,"Ruta",11,"SAN LORENZO","San Lorenzo","S/D","S/D","XVII","Dentro","Urbana","S/D","S/D","Intersección","S/D","S/D","Diurna","S/D","S/D","S/D","Caída ocupante","S/D","S/D","S/D","S/D"
2016,10163,11/1/2016,"Martes",1,,,"0.0",1,"Automóvil","Chubut Y Alberdi",1,0,0,0,0,0,1,,"Calle",,"VILLA GOBERNADOR GÁLVEZ","Rosario","S/D","S/D","II","Fuera","Urbana","S/D","S/D","Recta","S/D","S/D","S/D","S/D","Contra objeto fijo","S/D","Colisión","S/D","S/D","S/D","S/D"
2016,10164,11/1/2016,"Martes",1,,,"0.0",2,"Cuatriciclo,Automóvil","Boulevard Villada Y Washington",2,1,0,0,1,0,0,,"Calle",,"CASILDA","Caseros","S/D","S/D","IV","Dentro","Urbana","S/D","S/D","Intersección","S/D","S/D","S/D","S/D","S/D","S/D","Colisión","S/D","S/D","S/D","S/D"
2016,10165,11/1/2016,"Martes",1,,,"0.0",2,"Moto/Ciclomotor,Automóvil"," ",2,1,0,0,1,0,0,,"S/D",,"GÁLVEZ","San Jerónimo","S/D","S/D","XV","S/D","S/D","S/D","S/D","Intersección","S/D","S/D","S/D","S/D","Lateral","S/D","Colisión","S/D","S/D","S/D","S/D"
2016,10166,11/1/2016,"Martes",1,,,"0.0",2,"Moto/Ciclomotor,Automóvil","Blas Parera Y Union",3,2,0,0,1,0,0,,"Calle",,"ROSARIO","Rosario","S/D","S/D","II","Dentro","Urbana","S/D","S/D","Intersección","S/D","S/D","S/D","S/D","S/D","S/D","Colisión","S/D","S/D","S/D","S/D"
2016,10167,11/1/2016,"Martes",1,,,"0.0",2,"Moto/Ciclomotor,Automóvil","Sarmiento Y Nuñez y Burges",2,1,0,0,1,0,0,,"Calle",,"SAN JAVIER","San Javier","S/D","S/D","XIV","Dentro","Urbana","S/D","S/D","Intersección","S/D","S/D","S/D","S/D","S/D","S/D","Colisión","S/D","S/D","S/D","S/D"
2016,10168,11/13/2016,"Domingo",0,16:20:00,"Autopista Provincial Brigadier E.López","1.0",1,"Automóvil"," ",1,1,0,0,0,0,0,,"Autopista","Brigadier E.López","ROSARIO","Rosario","Hormigón","Natural","II","Dentro","Rural","S/D","No existe","Recta","Bueno","S/D","Diurna","S/D","S/D","S/D","Vuelco","S/D","Horizontal,Vertical","Guardarrail","S/D"
2016,10169,11/20/2016,"Domingo",0,19:10:00,"Autopista Provincial Brigadier E.López","39.0",1,"Automóvil"," ",1,1,0,0,0,0,0,,"Autopista","Brigadier E.López","OLIVEROS","Iriondo","Hormigón","Natural","X","Fuera","Urbana","S/D","No existe","Recta","Bueno","S/D","Amanecer","S/D","S/D","S/D","Vuelco","S/D","Horizontal","Vegetación","S/D"
2016,10170,11/30/2016,"Miercoles",0,17:10:00,"Ruta Nacional A012","0.0",2,"Automóvil,Automóvil","Ayohuma Y Gdor Saavedra - Ruta 12",4,3,0,0,0,0,1,,"Ruta","A012","SAN LORENZO","San Lorenzo","Asfalto","Natural","XVII","S/D","S/D","S/D","No existe","Intersección","Bueno","S/D","Diurna","S/D","S/D","S/D","S/D","S/D","Vertical","Ninguna","S/D"
2016,10171,12/16/2016,"Viernes",0,21:30:00,,"0.0",2,"Moto/Ciclomotor,Automóvil","Hernandarias Y Col¾n",2,1,0,0,1,0,0,,"Calle",,"MARGARITA","Vera","Ripio","No existe","XIX","Dentro","Urbana","S/D","No existe","Intersección","Bueno","Buena","Nocturna,Con luz artificial","Buen Tiempo","S/D","S/D","Colisión","Ninguna","Faltante","S/D","S/D"
2016,10172,12/16/2016,"Viernes",0,15:50:00,"Ruta Nacional 11","0.0",1,"Automóvil","Mitre ",1,1,0,0,0,0,0,,"Ruta",11,"CALCHAQUÍ","Vera","Tierra","Natural","XIX","Fuera","Urbana","S/D","No existe","Recta","Bueno","Buena","Diurna","Buen Tiempo","Otro","S/D","Vuelco","S/D","S/D","S/D","S/D"
2016,10173,12/26/2016,"Lunes",0,4:45:00,"Ruta Nacional 11","0.0",2,"Moto/Ciclomotor,Moto/Ciclomotor"," ",4,1,0,1,2,0,0,,"Ruta",11,"CALCHAQUÍ","Vera","Asfalto","Natural","XIX","S/D","S/D","S/D","No existe","Recta","Bueno","Buena","Nocturna","Buen Tiempo","Otro","S/D","Caída ocupante,Atropello","S/D","S/D","Vegetación","S/D"
2016,10174,12/31/2016,"Sabado",0,17:00:00,,"0.0",2,"Moto/Ciclomotor,Automóvil","L de la Torre Y Moreno",2,1,1,0,0,0,0,,"Calle",,"VERA","Vera","Asfalto","No existe","XIX","Dentro","Urbana","Ninguna","No existe","Intersección","Bueno","Buena","Diurna","Buen Tiempo","Frontal","S/D","Colisión","Ninguna","Faltante","Ninguna","Sin restricción"
2016,10175,12/18/2016,"Domingo",0,10:10:00,,"0.0",1,"Moto/Ciclomotor","Rivadavia 2700",2,1,0,0,1,0,0,,"Calle",,"VERA","Vera","Tierra","No existe","XIX","Dentro","Urbana","S/D","No existe","Intersección","Bueno","Buena","Diurna","Buen Tiempo","Otro","S/D","Caída ocupante","Ninguna","Faltante","Ninguna","Sin restricción"
2016,10176,12/21/2016,"Miercoles",0,17:30:00,,"0.0",2,"Moto/Ciclomotor,Moto/Ciclomotor","Corrientes Y Estanislao Lopez",3,2,1,0,0,0,0,,"Calle",,"VERA","Vera","Tierra","No existe","XIX","Dentro","Urbana","Ninguna","No existe","Intersección","Bueno","Buena","Diurna","Buen Tiempo","Frontal","S/D","Colisión","Ninguna","Faltante","Ninguna","Sin restricción"
2016,10177,12/19/2016,"Lunes",0,2:10:00,,"0.0",2,"Moto/Ciclomotor,Camión Chasis","MITRE Y ESPONE",3,1,0,0,2,0,0,,"S/D",,"VERA","Vera","Asfalto","No existe","XIX","S/D","Urbana","Ninguna","No existe","Intersección","Bueno","Buena","Diurna","Buen Tiempo","Frontal","S/D","Colisión","Ninguna","Faltante","Ninguna","Sin restricción"
2016,10178,12/7/2016,"Miercoles",0,15:00:00,,"0.0",2,"Moto/Ciclomotor,Moto/Ciclomotor","Colon Y Belgrano",2,2,0,0,0,0,0,,"S/D",,"VERA","Vera","Asfalto","No existe","XIX","Dentro","Urbana","Ninguna","No existe","Intersección","Bueno","Buena","Diurna","Buen Tiempo","Frontal","S/D","Colisión","Ninguna","Faltante","Ninguna","Sin restricción"
2016,10179,12/11/2016,"Domingo",0,19:10:00,,"0.0",2,"Moto/Ciclomotor,Moto/Ciclomotor","25 de Mayo Y Moreno",4,2,0,0,2,0,0,,"Calle",,"VERA","Vera","Asfalto","No existe","XIX","Dentro","Urbana","S/D","No existe","Intersección","Bueno","Buena","Diurna","Buen Tiempo","Otro","S/D","Colisión","Ninguna","Faltante","Ninguna","Sin restricción"
2016,10180,12/30/2016,"Viernes",0,,,"0.0",2,"Automóvil,Moto/Ciclomotor","25 DE MAYO Y ITUZAINGO",2,1,0,0,1,0,0,,"Calle",,"CALCHAQUÍ","Vera","Asfalto","Pavimento","XIX","Dentro","Urbana","S/D","No existe","Recta","Bueno","Buena","Diurna","Buen Tiempo","Frontal","S/D","Colisión","Ninguna","S/D","S/D","S/D"
2016,10181,12/31/2016,"Sabado",0,15:20:00,,"0.0",2,"Moto/Ciclomotor,Moto/Ciclomotor"," ",3,3,0,0,0,0,0,,"S/D",,"CALCHAQUÍ","Vera","Asfalto","Natural","XIX","S/D","Urbana","S/D","No existe","Recta","Bueno","Buena","Diurna","Buen Tiempo","S/D","S/D","Colisión","Ninguna","S/D","S/D","S/D"
2016,10183,12/30/2016,"Viernes",0,11:40:00,,"0.0",2,"Moto/Ciclomotor,Automóvil","Avellaneda Y Pavon",3,3,0,0,0,0,0,"-31.599638888889,-60.676527777778","Calle",,"SANTA FE","La Capital","S/D","No existe","I","S/D","Urbana","Ninguna","No existe","Intersección","Otro","Reducida","Diurna","Otro","Otro","S/D","Colisión","Otro","Faltante","Ninguna","Sin restricción"
2016,10184,12/31/2016,"Sabado",0,21:30:00,,"0.0",1,"Automóvil","Pedro Rios Y Jorge Newbery",1,1,0,0,0,0,0,,"Avenida",,"FUNES","Rosario","Hormigón","Natural","II","Fuera","Urbana","Ninguna","No existe","Curva","Resbaladiza","Buena","Con luz artificial","Lluvia","Contra objeto fijo","S/D","Colisión","Agua","S/D","Ninguna","Sin restricción"
2016,10185,12/30/2016,"Viernes",0,13:05:00,,"0.0",1,"Transporte de Pasajeros Urbano (> 8 asientos)","Schweitzer Y Venezuela",3,1,0,0,2,0,0,,"Calle",,"ROSARIO","Rosario","Asfalto","S/D","II","S/D","Urbana","S/D","S/D","Intersección","S/D","S/D","S/D","S/D","S/D","S/D","S/D","S/D","S/D","S/D","S/D"
2016,10186,12/31/2016,"Sabado",0,18:00:00,,"0.0",2,"Bicicleta,Taxi/Remis","Brown Y Alvear",2,1,0,0,1,0,0,"-32.934138888889,-60.652305555556","Calle",,"ROSARIO","Rosario","Asfalto","No existe","II","Dentro","Urbana","Ninguna","No existe","Intersección","Bueno","Buena","Diurna","Buen Tiempo","Contra objeto fijo","Ciclista","Atropello","Ninguna","Faltante","Ninguna","Sin restricción"
2016,10187,12/31/2016,"Sabado",0,8:20:00,,"0.0",2,"Automóvil,Moto/Ciclomotor","Avenida Mitre Y Avenida Irigoyen",4,1,1,0,2,0,0,,"Avenida",,"CERES","San Cristóbal","Asfalto","No existe","XIII","Dentro","Urbana","Señal Ceda el Paso","No existe","Intersección","Bueno","Buena","Diurna","Buen Tiempo","Múltiple","S/D","Colisión","Ninguna","Vertical","Cordón divisorio","Sin restricción"
2016,10188,12/19/2016,"Lunes",0,16:30:00,,"0.0",1,"Moto/Ciclomotor","Dean Funes Y Alsina",1,0,0,0,0,1,0,"-32.96876,-60.68378","Calle",,"ROSARIO","Rosario","S/D","S/D","II","Dentro","Urbana","S/D","S/D","Intersección","S/D","S/D","S/D","S/D","S/D","S/D","S/D","S/D","S/D","S/D","S/D"